words,count
mexico_[north_america],50
metabolism,38
mouse,31
chemistry,27
genetics,25
antioxidant,23
rat,20
molecular_dynamic,19
scanning_electron_microscopy,19
risk_factor,19
oxidative_stress,18
protein_expression,18
plant_extract,17
molecule,17
me_xico,17
molecular_docking,17
morphology,16
glucose,16
titanium_dioxide,16
synthesised,15
]+_catalyst,15
concentration,15
performance,14
mexico_city,14
protein,14
carbon_dioxide,14
antioxidant_activity,14
enzyme_activity,13
computer_model,13
physiology,13
hypertension,13
polymerase_chain_reaction,13
gene_expression,12
inflammation,12
methanol,12
physicochemical_property,12
body_mass,12
catalyst,12
ph,12
enzyme_linked_immunosorbent_assay,12
kinetics,12
drug_synthesis,11
real_time_polymerase_chain_reaction,11
fourier_transform_infrared_spectroscopy,11
water,11
diabetes_mellitus,11
escherichia_coli,11
pregnancy,11
particle_size,11
amino_acid,11
adsorption,11
nanoparticles,11
photocatalytic_activity,11
epidemiology,10
density_functional_theory,10
genetic_variability,10
oxidation,10
ii_vi_semiconductor,10
binary_alloy,10
mammal,10
oxygen,10
sol,10
quantitative_analysis,10
questionnaire,10
obesity,10
complication,10
starch,10
pathology,10
biomass,10
high_performance_liquid_chromatography,10
lipid,9
diffusion,9
condition,9
synthesis,9
chemical_stability,9
in_vivo_study,9
ammonia,9
cell_proliferation,9
single_nucleotide_polymorphism,9
carbon,9
molecular_weight,9
physical_chemistry,9
glass,9
crystal_structure,9
mass_spectrometry,9
histology,9
chlorine_compound,9
phenotype,9
property,9
wistar_rat,9
prevalence,9
efficiency,8
federal_district_[mexico],8
disease,8
bacterial_strain,8
drug_structure,8
reactive_oxygen_metabolite,8
genotype,8
dispersion,8
crystallinity,8
dna_extraction,8
calcium,8
cell_culture,8
methane,8
temperature,8
monte_carlo_method,8
catalysis,8
photoluminescence,8
numerical_method,8
veterinary_medicine,8
newborn,8
biological_marker,8
nonlinear_equation,8
nuclear_magnetic_resonance_spectroscopy,7
precipitation,7
climate_change,7
optical_soliton,7
soliton,7
metal_nanoparticles,7
energy_transfer,7
liver,7
x_ray_diffraction,7
non_insulin_dependent_diabetes_mellitus,7
computer_simulation,7
oil_and_fat,7
disease_severity,7
body_weight_gain,7
mathematical_model,7
catalyst_activity,7
polymer,7
cohort_analysis,7
apoptosis,7
chemical_oxygen_demand,7
gene,7
ecosystem,7
signal_transduction,7
antiinflammatory_activity,7
bacterium_culture,7
fatty_acid,7
aluminum_compound,7
glucose_blood_level,7
energy_gap,7
ethylene,7
x_ray_photoelectron_spectroscopy,7
"rats,_wistar",7
body_weight,7
numerical_model,7
demography,7
intelligent_system,7
wastewater_treatment,6
infrared_spectroscopy,6
gas_chromatography,6
genetic_variation,6
photodegradation,6
energy_dispersive_spectroscopy,6
survival,6
cell_viability,6
antiinflammatory_agent,6
confocal_microscopy,6
molecular_dynamic_simulation,6
risk_assessment,6
tumor_necrosis_factor,6
cognition,6
calculation,6
copper_compound,6
brain,6
biodiesel,6
microorganism,6
ester,6
prediction,6
optical_property,6
metal,6
hydrogen_peroxide,6
phylogeny,6
crystallite_size,6
pacific_ocean,6
diagnostic_imaging,6
photo_degradation,6
seasonal_variation,6
silica,6
bovine,6
activation_energy,6
bacteria,6
nuclear_magnetic_resonance,6
immunohistochemistry,6
histopathology,6
chemical_analysis,6
perturbation_technique,6
reverse_transcription_polymerase_chain_reaction,6
degradation,6
flavonoid,6
cell,6
algorithm,6
molecular_docking_simulation,6
specie_richness,6
cognitive_defect,6
hydrodynamics,6
earthquake,6
genetic_association,6
age,6
eutectic,6
deep_eutectic_solvent,6
gulf_of_mexico,6
atlantic_ocean,6
copper,6
phenol,6
aging,6
water_supply,6
liquid,6
mixture,6
geographic_distribution,6
antiinfective_agent,6
in_vitro,6
color,6
pig,6
sulfur_compound,6
swine,6
ion,6
zinc_oxide,6
human_experiment,6
iron,6
biomarkers,6
receiver_operating_characteristic,6
lithium_compound,6
reduction,6
insulin,6
adverse_event,5
molar_ratio,5
triacylglycerol,5
simple++,5
entropy,5
qualitative_analysis,5
disease_model,5
nuclear_magnetic_resonance_imaging,5
sodium_chloride,5
organic_solvent,5
plant,5
fermentation,5
protein_function,5
adomian_decomposition,5
decomposition_scheme,5
laplace_transforms,5
gelation,5
comorbidity,5
pandemic,5
phenol_derivative,5
cholesterol,5
soil,5
chemical_industry,5
hydrophobicity,5
western_blotting,5
glutathione,5
amide,5
cooking,5
anti_bacterial_agent,5
principal_component_analysis,5
clinical_evaluation,5
superoxide_dismutase,5
photon,5
surface_area,5
iron_compound,5
transmission_electron_microscopy,5
gas_adsorption,5
enzyme_inhibition,5
gene_sequence,5
protein_synthesis,5
psychology,5
student,5
sol_gels,5
nucleation,5
solvent,5
mitochondrion,5
binding_affinity,5
machine_learning,5
photoluminescence_spectroscopy,5
commerce,5
ethylene_glycol,5
hydrogen_bond,5
porous_material,5
water_pollution,5
immunofluorescence,5
hydrolysis,5
immune_response,5
high_resolution_transmission_electron_microscopy,5
allele,5
potential_energy,5
bioreactors,5
zeolite,5
aluminum_alloy,5
stochastic_system,5
messenger_rna,5
c_reactive_protein,5
mortality,5
blood_sampling,5
experimental_study,5
deterioration,5
diet,5
sex_difference,5
anaerobic_digestion,5
microbial_community,5
bioinformatics,5
food_intake,5
time_domain_analysis,5
titanium,5
protein_protein_interaction,5
zinc_compound,5
rare_earth,5
depression,5
viscosity,5
biopolymers,5
follow_up,5
nitrogen,5
saccharomyces_cerevisiae,5
biochemistry,5
anxiety,5
latin_america,5
multicenter_study,5
monte_carlos_simulation,5
gene_frequency,5
carbohydrate,5
simulation,5
clinical_trial,5
finite_element_method,5
exercise,5
pentobarbital,5
x__ray_diffraction,5
alkalinity,5
pathophysiology,5
metformin,5
reactive_oxygen_specie,5
biodiversity,5
dna,5
fluoride,5
polyacrylamide_gel_electrophoresis,5
survey_and_questionnaire,5
differential_scanning_calorimetry,5
additive,5
quantum_theory,5
small_intestine,4
extraction,4
charge_transfer,4
observational_study,4
dissolution,4
fungi,4
fruit,4
behavior,4
outpatient,4
nanoparticle,4
sperm_viability,4
metabolite,4
glass_membrane_electrode,4
nickel_oxide,4
alumina,4
sediment,4
aluminum_oxide,4
data_analysis,4
antidiabetic_agent,4
magnetic_resonance_imaging,4
polynomial,4
united_state,4
sphere,4
square_well,4
anthropometry,4
smoking,4
glucocorticoid,4
dexamethasone,4
oxygen_saturation,4
antibiotic,4
limit_of_detection,4
spatiotemporal_analysis,4
productivity,4
longitudinal_study,4
single_crystal,4
antineoplastic_agent,4
emulsification,4
multivariant_analysis,4
drop,4
acetone,4
dynamic,4
digestion,4
nutrition,4
hippocampus,4
community_structure,4
mass_transfer,4
angiogenesis,4
microbial_diversity,4
human_immunodeficiency_virus_infection,4
hiv_infection,4
social_status,4
reproduction,4
sexual_behavior,4
kinetic_parameter,4
cattle,4
chicken,4
germination,4
zinc_phosphate_glass,4
glass_transition,4
ultrasonics,4
colorimetry,4
bifurcation,4
fluorescence,4
plant_seed,4
seed,4
silver_nanoparticles,4
structure_activity_relation,4
specie_diversity,4
sewage,4
texture,4
quantum_chemistry,4
correlation,4
infrared_device,4
graphene,4
global_health,4
global_disease_burden,4
global_burden_of_disease,4
bacterium,4
solid_state,4
neural_network,4
two_phase_flow,4
cytotoxicity,4
vulnerability,4
water_quality,4
porous_medium,4
public_health,4
heavy_metal,4
livestock,4
biodiesel_production,4
electron,4
acetylcholinesterase,4
bacterial_gene,4
uncertainty,4
drug_metabolism,4
spermatozoon,4
toxicity,4
drug_activity,4
spermatozoon_motility,4
polymerization,4
leaching,4
electrochemical_growth,4
urea,4
electrochemical_nucleation,4
drinking_water,4
%_reduction,4
bagg_albino_mouse,4
protein_conformation,4
testis,4
nonlinear_optic,4
dna_damage,4
rna_extraction,4
mrna_expression_level,4
light,4
mineralogy,4
bacterium_isolation,4
surface_property,4
chemical_structure,4
down_regulation,4
biomass_production,4
breathing_rate,4
brazil,4
ground_state,4
refractive_index,4
crystalline_material,4
composite_material,4
irradiation,4
microbiology,4
protein_purification,4
amino_acid_sequence,4
nonlinear_schrödinge_equation,4
north_america,4
glucose_transport,4
manganese,4
maize,4
aromatic_compound,4
lipid_peroxidation,4
sodium,4
heart,4
biological_activity,4
acetic_acid,4
isotherm,4
bacterial_growth,4
upregulation,4
building,4
effluent,4
"polymorphism,_single_nucleotide",4
hydrodeoxygenation,4
liquid_chromatography_mass_spectrometry,4
hospitalization,4
artificial_ventilation,4
vaccination,4
sol_gel_process,4
white_light_emission,4
chitosan,4
gene_expression_profiling,4
sludge,4
education,4
protein_analysis,4
dyspnea,4
leukocyte,4
analgesic_agent,4
analgesic,4
toxicity_testing,4
drug_isolation,4
antidiabetic_activity,4
enzyme,4
raman_spectroscopy,4
mexico_[mexico_],4
chromatography,4
anti_inflammatory_agent,4
macrophage,4
mass_fragmentography,4
lipopolysaccharide,4
cactus,4
cytokine,4
cryopreservation,3
zno_nanoparticles,3
virus,3
genetic_transcription,3
testosterone,3
transesterifications,3
microstructure,3
chronic_disease,3
pneumonia,3
cobalt,3
clinical_outcome,3
emission_spectroscopy,3
tomato,3
hydroxyapatite,3
tandem_mass_spectrometry,3
elasticity,3
proteinase,3
age_distribution,3
microbial_sensitivity_test,3
biocompatibility,3
hypothesis_testing,3
optimal_stopping,3
optimal_sequential_test,3
sequential_test,3
sequential_analysis,3
optimal_sequential,3
semi_structured_interview,3
correlation_analysis,3
silicon,3
tunables,3
developing_world,3
titanium_dioxide_nanoparticle,3
bionanocatalyst,3
educational_status,3
nitric_oxide,3
nucleation_and_growth,3
sensitivity_and_specificity,3
protein_fingerprinting,3
poly,3
energy,3
homeostasis,3
linear_regression_analysis,3
mining,3
chemical_interaction,3
ftir,3
metalorganic_framework,3
working_memory,3
gulf_of_california,3
memory,3
oxidation_reduction_reaction,3
oxidation_reduction,3
redox_reaction,3
cell_damage,3
sex_hormone,3
membrane_stabilization,3
dichloromethane,3
edema,3
bat,3
graphene_oxide,3
estradiol,3
differential_equation,3
conservation_management,3
rural_area,3
liquid_vapour,3
disorder_of_mitochondrial_function,3
equation_of_state,3
paracetamol,3
genetic_polymorphism,3
genomic_dna,3
substrate,3
household,3
transesterification,3
yeast,3
"child,_preschool",3
preschool_child,3
"infant,_newborn",3
transcriptome,3
sugar,3
river,3
dam,3
energy_resource,3
food_product,3
protected_area,3
lipid_blood_level,3
electrolyte,3
spatial_analysis,3
case_report,3
phylogenetic_tree,3
hydrogel,3
bioreactor,3
textural_property,3
ftir_analysis,3
nutritional_status,3
heart_rate,3
outcome_assessment,3
body_temperature,3
area_under_the_curve,3
food_supply,3
magnesium,3
volume_averaging_method,3
perturbation_theory,3
islet_of_langerhans,3
pancreas_islet,3
sucrose,3
electroencephalography,3
cerebrovascular_accident,3
open_field_test,3
"disease_models,_animal",3
geographical_distribution,3
nuclear_fuel,3
nitrate,3
waste_water_management,3
mineralization,3
electrochemicals,3
stability,3
gel,3
drug_efficacy,3
longevity,3
lifespan,3
gelatinisation,3
hydrophilicity,3
degenerative_disease,3
water_retention,3
icosapentaenoic_acid,3
dog,3
nickel_compound,3
vascular_endothelial_growth_factor_a,3
docosahexaenoic_acid,3
diet_supplementation,3
feed_conversion_ratio,3
methanogenesis,3
vasculotropin_a,3
thermostability,3
zinc,3
hydrogenation,3
sars,3
population_growth,3
high_throughput_sequencing,3
kinetics_parameter,3
magnesium_compound,3
functionalized,3
heating,3
antimicrobial_activity,3
metagenomics,3
ytterbium,3
bandwidth,3
gold_nanoparticles,3
sedentary_lifestyle,3
transport_property,3
developing_country,3
poverty,3
child_health,3
thrombosis,3
feeding_behavior,3
pregnant_woman,3
peptide,3
separation,3
morphometry,3
protein_kinase_b,3
body_weight_change,3
zinc_alloy,3
structure_analysis,3
life_history,3
ferritin,3
neutrophil,3
electrochemical_study,3
electrochemical_impedance_spectroscopy,3
packed_bed,3
vanillin,3
natural_product,3
oaxaca,3
transcription_factor,3
ampk_signaling,3
synchronous_generator,3
current,3
population_distribution,3
seismic_design,3
copper_alloy,3
catalytic_oxidation,3
stochastic_model,3
mineralisation,3
prefrontal_cortex,3
brain_mapping,3
recycling,3
azo_dye,3
chemical_reaction,3
drug_protein_binding,3
drug_determination,3
pharmacophore,3
coronavirus_spike_glycoprotein,3
microwave_radiation,3
benzene,3
flow_cytometry,3
lamina_propria,3
centrifugation,3
memory_disorder,3
heat_transfer,3
spectrophotometry,3
genome_analysis,3
physical_parameter,3
polymorphism,3
anisotropy,3
water_pollutant,3
molecular_model,3
drug_therapy,3
montreal_cognitive_assessment,3
functional_magnetic_resonance_imaging,3
antihypertensive_activity,3
enzyme_inhibitor,3
dipeptidyl_carboxypeptidase,3
binding_site,3
antihypertensive_agent,3
van_der_waals_force,3
seismic_response,3
structural_analysis,3
drug_mechanism,3
finite_element_analyse,3
it_application,3
prematurity,3
glucose_homeostasis,3
clinical_competence,3
learning,3
image_analysis,3
endothelium_cell,3
progeny,3
state_estimation,3
computational_fluid_dynamic,3
gold_nanoparticle,3
habitat,3
cardiovascular_disease,3
kinematics,3
photo_catalytic,3
state_of_mexico,3
chlorine,3
electrode,3
chloride,3
reaction_mechanism,3
colombia,3
erythrocyte,3
immunoglobulin_enhancer_binding_protein,3
arsenic,3
batch_reactor,3
population_dynamic,3
mixed_oxide,3
major_depression,3
organometallics,3
calcium_ion,3
ultraviolet_radiation,3
selective_catalytic_reduction,3
selective_catalytic_reduction_of_no,3
cell_membrane,3
sperm_capacitation,3
south_and_central_america,3
long_term_care,3
randomized_controlled_trial,3
ischemia,3
phase_separation,3
genetic_predisposition,3
genetic_predisposition_to_disease,3
caloric_intake,3
nutrient_content,3
azithromycin,3
chronic_kidney_failure,3
solid_state_fermentation,3
anaerobic_growth,3
catalase,3
oxalic_acid,3
photocatalysis,3
ultraviolet_irradiation,3
pollutant_removal,3
magnesium_alloy,3
geometry,3
ammonium,3
canola_oil,3
fever,3
layered_double_hydroxide,3
mesenchymal_stem_cell,3
epoxy_resin,3
physisorption,3
desorption,3
electron_transition,3
two_dimensional,3
palladium_compound,3
rhodamine_b,3
probiotic,3
thin_film,3
molecular_orbitals,3
isomer,3
thin_films,3
emulsion,3
sensory_analysis,3
sarcopenia,3
glassy_carbon_electrode,3
blood,3
chemical_bond,3
dft,3
skeletal_muscle,3
electrodeposition,3
interview,3
disease_association,3
self_report,3
atomic_force_microscopy,3
rain,3
cluster_analysis,3
citric_acid,3
hydroxyl_group,3
medicinal_plant,3
elastic_modulus,3
hematite,3
molecular_structure,3
spinal_cord_injury,3
respiratory_chain,3
one_dimensional,3
microflora,3
phosphorylation,3
performance_assessment,3
seroprevalence,3
economics,3
microbiota,3
optimal_system,3
sustainability,3
protein_localization,3
community_composition,3
socioeconomics,3
rhizosphere,3
promoter_region,3
university_student,3
incidence,3
mental_health,3
sitosterol,3
land_use,3
gastrointestinal_disease,3
zirconia,3
pioglitazone,3
hypoglycemic_agent,3
peroxisome_proliferator_activated_receptor_gamma,3
nervous_system_development,3
conservation,3
glibenclamide,3
polyols,3
mortality_rate,3
drug_excretion,3
diagnostic_test_accuracy_study,3
attention_deficit_hyperactivity_disorder,3
prognosis,3
spectrum_analysis,3
schizophrenia,3
organic_carbon,3
bacillus,3
ozone,3
positive_ion,3
pseudomonas_aeruginosa,3
protein_interaction,3
cattle_disease,3
bacterium_isolate,3
spatial_distribution,3
metal_ion,3
decision_making,3
survey,3
life_cycle,3
gender,3
melatonin,3
ascorbic_acid,3
cholinesterase_inhibitor,3
nucleotide_sequence,3
cell_differentiation,3
biodegradability,3
x_ray_powder_diffraction,3
cyclic_voltammetry,3
carnivore,3
fitness,3
viscoelasticity,3
conidium,3
particle_size_analysis,3
momentum,3
lower_respiratory_tract_infection,3
neuroprotection,3
drug_distribution,3
alpha_tocopherol,3
chemical_removal,3
fern,3
mechanism_and_kinetics,3
cyclodextrins,3
cytology,3
perception,3
case_study,3
algae,3
oxidoreductase,3
binding_energy,3
rate_constant,3
catechol_o_methyltransferase,3
catechol_methyltransferase,3
clinical_feature,3
bright_soliton,3
aqueous_solution,3
adomian_decomposition_method,3
iterative_method,3
metal_organic_framework,2
eating_disorder,2
nociception,2
ultrasound_treatment,2
k_ra_protein,2
human_immunodeficiency_virus_infected_patient,2
binary_mixture,2
kief_weiss_problem,2
father,2
school_child,2
two_dimensions,2
sperm_quality,2
testosterone_blood_level,2
immunization,2
birefringence,2
bacterial_protein,2
crop,2
jatropha_curca_l_oil,2
aspergillus,2
anoxic_condition,2
silver_nanoparticle,2
raman_spectrometry,2
dibenzothiophenes,2
hydrodesulfurization,2
nanocomposite,2
incident_light,2
circular_polarimetry,2
spin_dependent_recombination,2
grounded_theory,2
carboxylic_acid,2
electric_field,2
feasibility_study,2
directed_graph,2
microalga,2
drug_identification,2
oral_glucose_tolerance_test,2
electronic_structure,2
worker,2
dft_calculation,2
molecular_modeling,2
tap_water,2
alzheimer_disease,2
hydrogen,2
growth,2
circadian_rhythm,2
magnetite_nanoparticles,2
magnetite,2
enterobacteriaceae,2
permeation,2
"models,_molecular",2
communication,2
teacher,2
interpersonal_communication,2
greenhouse_gas,2
purification,2
zinc_sulfide,2
inclusion_complex,2
blood_brain_barrier,2
roc_curve,2
mini_mental_state_examination,2
ketone,2
fatigue,2
visco_elastic_fluid,2
tensile_testing,2
immunolocalization,2
glial_fibrillary_acidic_protein,2
astrocyte,2
drug_formulation,2
metarhizium,2
conidium_production,2
momentum_transfer,2
direct_numerical_simulation,2
animal_welfare,2
occupation,2
platinum,2
free_radical,2
fluorine_compound,2
dna_isolation,2
gene_amplification,2
chaga_disease,2
diffusion_in_liquid,2
adsorbent_material,2
feeding,2
relative_crystallinity,2
biomolecules,2
aluminum_hydroxide,2
granulation,2
agglomeration,2
processing_parameter,2
ternary_alloy,2
bond_strength,2
feces_analysis,2
aquifer,2
panicum_maximum,2
physiological_stress,2
africa_south_of_the_sahara,2
alkaloid,2
"mice,_inbred_icr",2
puebla_[puebla_],2
puebla_[mexico],2
nonradiative_energy_transfer,2
larva,2
multivariate_analysis,2
statistical_model,2
prospective_study,2
uncertainty_analysis,2
institute_for_cancer_research_mouse,2
complex_network,2
kalman_filter,2
microrna,2
genetic_transfection,2
uterine_cervix_cancer,2
uterine_cervical_neoplasm,2
microarray_analysis,2
swelling,2
low_costs,2
big_data,2
bacterial_infection,2
staphylococcus_aureus,2
uterine_cervix_tumor,2
cell_growth,2
calibration,2
biology,2
cell_cycle,2
mammalian_target_of_rapamycin,2
serotype,2
fullerene,2
carbon_monoxide,2
agglutination_test,2
moisture,2
sheep,2
bacteriology,2
sepsis,2
social_behavior,2
deep_learning,2
support_vector_machine,2
rankine_cycle,2
first_principle_calculation,2
absorption,2
time_series,2
incubation_time,2
"suicide,_attempted",2
online_system,2
peroxisome_proliferator_activated_receptor_alpha,2
single_drug_dose,2
pparg_gene,2
malignant_neoplasm,2
differential_expression_analysis,2
ecoregion,2
light_absorption,2
carbon_footprint,2
exergy,2
novel_object_recognition_test,2
nerve_cell_differentiation,2
dopamine,2
neurotransmitter,2
photoelectron,2
triacylglycerol_blood_level,2
phosphate_buffered_saline,2
zea_may,2
synergistic_effect,2
drug_development,2
crystallography,2
transcriptomics,2
acid_dissolution,2
laser_excitation,2
experimental_and_numerical_study,2
oxidative_acid,2
sexual_and_gender_minority,2
psychosis,2
diarrhea,2
antibiotic_sensitivity,2
drug_absorption,2
spinal_cord,2
peroxisome_proliferator_activated_receptor_gamma_agonist,2
saturated_fatty_acid,2
fluid_intake,2
lifestyle,2
endangered_specie,2
biogeography,2
environmental_protection,2
angular_momentum,2
gastrointestinal_tract,2
literature_review,2
prenatal_exposure,2
immunoglobulin_g,2
virus_transmission,2
ppar_gamma,2
catalyst_support,2
heart_rate_variability,2
parameter_estimation,2
harmonic_analysis,2
frequency_estimation,2
virus_detection,2
social_exclusion,2
electrochemical_electrode,2
reynolds_number,2
flow_rate,2
diagnosis,2
argentina,2
ultraviolet_visible_spectrophotometry,2
seedling,2
plant_growth,2
cerium_oxide,2
penicillium_chrysogenum,2
genetic_algorithm,2
dissolved_oxygen,2
tropic,2
growth_kinetics,2
negative_ion,2
theoretical_study,2
social_vulnerability,2
periurban_area,2
human_animal_interaction,2
chromaffin_cell,2
work_study,2
liquid_crystal,2
sodium_hydroxide,2
hypoxia,2
echocardiography,2
aortic_valve,2
cre_recombinase,2
gene_silencing,2
adsorption_capacity,2
lactobacillus,2
vaginal,2
premature_birth,2
vagina_flora,2
premature_labor,2
protein_phosphorylation,2
parasitology,2
abattoir,2
boundary_value_problem,2
fracture,2
design_of_experiment,2
computational_modelling,2
optimisation,2
optimization,2
harvesting,2
molecular_recognition,2
socioeconomic_condition,2
neuropathic_pain,2
cannabidiol,2
zirconium_compound,2
enzymatic_degradation,2
bioproducts,2
excited_state,2
excitons,2
atom,2
sociodemographics,2
suicide_attempt,2
secondary_metabolism,2
pcbab_gene,2
cat,2
health_risk,2
fungicide,2
cephalosporin,2
amylose,2
chemical_modification,2
amylopectin,2
pyrolysis,2
creatinine,2
carcass,2
growth_promotor,2
chemical_composition,2
dry_matter_intake,2
porosity,2
structure_activity_relationship,2
slaughterhouse,2
osteoclast_differentiation_factor,2
energy_metabolism,2
redox_mechanism,2
reliability_analysis,2
oxidative_dehydrogenation_of_ethane,2
enzyme_kinetics,2
ethane,2
dehydrogenation,2
chemoluminescence,2
thermodynamics,2
potentiostatics,2
diagnostic_procedure,2
endemic_specie,2
dry_forest,2
urban_growth,2
kidney,2
oxygen_consumption,2
"muscle,_skeletal",2
milk_fat,2
finite_difference_method,2
treatment_duration,2
kidney_disease,2
bile_acid,2
ligand_to_metal_charge_transfer,2
reflection,2
tocilizumab,2
insulin_resistance,2
reduced_nicotinamide_adenine_dinucleotide_phosphate_oxidase,2
rheumatoid_arthritis,2
osteoporosis,2
ossification,2
osteoprotegerin,2
pollutant,2
reduced_nicotinamide_adenine_dinucleotide_dehydrogenase,2
trace_element,2
volcano,2
baja_california_[_mexico],2
heat_transfer_coefficient,2
heat_transfer_model,2
pd_complex,2
aldehyde,2
terpene,2
methotrexate,2
numerical_result,2
bismuth_compound,2
heterojunctions,2
ultraviolet_visible_spectroscopy,2
quality_of_life,2
gelatinase_b,2
stromelysin,2
heparin,2
interstitial_collagenase,2
proof_of_concept,2
wastewater_reclamation,2
surface_reaction,2
potential_energy_curve,2
deuterium,2
thermogravimetric_analysis,2
random_process,2
entropy_approach,2
singular_value_decomposition,2
blood_glucose,2
ethnicity,2
polyurethan_foam,2
dark_optical_soliton,2
human_consumption,2
photocatalytic_degradation,2
reservoir,2
symmetrics,2
ruxolitinib,2
blood_donor,2
third_trimester_pregnancy,2
primary_education,2
legume,2
mean_squared_error,2
hydraulic_retention_time,2
municipal_wastewater,2
water_conservation,2
chromium_compound,2
meal,2
patient_triage,2
neutrophil_lymphocyte_ratio,2
world_health_organization,2
fungal_strain,2
insulin_infusion,2
enzymatic_hydrolysis,2
glucose_insulin_interaction,2
optical_,2
glucose_intake,2
pore_size_distribution,2
starch_digestion,2
alpha_glucosidase,2
amylase,2
ammonium_removal,2
waste_component_removal,2
optical_fiber,2
perfluorooctanoic_acid,2
caprylates,2
acrosome_reaction,2
octanoic_acid,2
low_molecular_weight_heparin,2
tachypnea,2
coughing,2
internet,2
generalized_anxiety_disorder,2
evaluation_study,2
therapy_effect,2
fluorocarbon,2
reperfusion,2
impedance_spectroscopy,2
candelilla_wax,2
charlson_comorbidity_index,2
ordinary_differential_equation,2
treatment_outcome,2
"depressive_disorder,_major",2
buffer,2
limit_of_quantitation,2
caffeine,2
mean_dissolution_time,2
spectroscopy,2
structural_pounding,2
microbial_biomass,2
peroxidase,2
carbon_flux,2
adenosine_triphosphate,2
chemical_process,2
electrochemistry,2
effect_of_h,2
rovibrational_spectrum,2
potential_curve,2
cubic_law,2
differential_group_delay,2
group_delay,2
"comt_protein,_human",2
diatomic_molecule,2
sulfonamide,2
pelletizing,2
cellulose,2
comparative_analyzes,2
thermodynamic_stability,2
shrub,2
ear_edema,2
fabaceae,2
cyclohexane,2
anterior_cingulate,2
brain_region,2
gravity,2
enthalpy,2
electrocatalysts,2
electrocatalysis,2
methanol_oxidation_reaction,2
alkaline_condition,2
eigenvalue_and_eigenfunctions,2
metamaterials,2
electromagnetics,2
oropharyngeal_swab,2
lignin,2
matchings,2
multipole_expansion,2
rovibrational_state,2
luminance,2
soil_structure_interaction,2
chemical_reactor,2
hybrid_material,2
visible_light,2
material_based,2
composite,2
energy_utilization,2
biological_material,2
chlorine_concentration,2
water_distribution_system,2
polyvinylchloride,2
vascularization,2
polyethylene,2
steel,2
sulfamethoxazole,2
adipose_tissue,2
birth_weight,2
evolution,2
cell_infiltration,2
physical_phenomenon,2
metabolic_disorder,2
cholesterol_blood_level,2
azadirachta_indica,2
drug,2
lactate_dehydrogenase,2
colocynth,2
trachyspermum_ammi,2
nitrogen_removal,2
water_treatment,2
phosphate,2
energy_dispersive_x_ray_spectroscopy,2
abundance,2
forest_cover,2
coffee,2
land_use_change,2
bird,2
tree,2
prenatal_care,2
food_frequency_questionnaire,2
adolescent_pregnancy,2
feedback_control,2
androgen_receptor,2
drug_penetration,2
drug_receptor_binding,2
pharmacological_parameter,2
scaffold,2
charge_carrier,2
spain,2
labor_market,2
metronidazole,2
drug_screening,2
protein_degradation,2
ion_channel,2
glycogen_liver_level,2
gas_exchange,2
gestational_age,2
body_mass_index,2
antenna_array,2
monopole_antenna,2
pregnancy_outcome,2
cost,2
orchiectomy,2
bleeding,2
long_term_exposure,2
lipid_storage,2
"diet,_high_fat",2
physical_activity,2
drug_stability,2
quantitative_structure_activity_relation,2
pharmaceutical_preparation,2
hydrogen_storage,2
recovery,2
ammonium_compound,2
reaction_time,2
immobilization,2
nutrient,2
porcine_orthorubulavirus,2
shell,2
reinforced_concrete,2
fluorescence_microscopy,2
"water_pollutants,_chemical",2
hybridisation,2
phonons,2
antibody_titer,2
intestine,2
molecular_biology,2
glucocorticoid_receptor,2
functional_connectivity,2
drug_targeting,2
vasculotropin,2
prostatic_neoplasm,2
cancer_growth,2
oxidoreductase_inhibitor,2
prostate_tumor,2
complex_formation,2
genotoxicity,2
leptospirosis,2
reproductive_success,2
echography,2
paramyxoviridae,2
intermolecular_interaction,2
crystal_polymorphism,2
lead_compound,2
sulphonamides,2
infrared:_spectroscopy,2
fabrication,2
luminescence,2
medical_application,2
antiviral_activity,2
photolysis,2
soft_soil,2
alkaline_phosphatase,2
penicillin_derivative,2
oh_radical,2
four_body_problem,2
mutation,2
toluene,2
penicillin,2
benzene_molecule,2
non_covalent_interaction,2
pilot_study,2
fish,2
immunoglobulin_a,2
transforming_growth_factor_beta,2
comet_assay,2
lipid_diet,2
phosphatase,2
nanocrystals,2
manganese_alloy,2
olefin,2
genetic_differentiation,2
fluidized_bed,2
pressure_drop,2
emission_control,2
pacific_coast_[mexico],2
cyclohexenes,2
bimetallics,2
cobalt_alloy,2
room_temperature_synthesis,2
light_scattering,2
minimal_model,2
deformation,2
motivation,2
variable_temperature,2
pseudo_continuous_model,2
whole_genome_sequencing,2
fluorination,2
nonribosomal_peptide_synthetase,2
biosynthesis,2
antineoplastic_activity,2
dna_microarray,2
hypercholesterolemia,2
neuroleptic_agent,2
pacific_coast_[north_america],2
echinoderm,2
growth_rate,2
coral,2
laccase,2
aerobic_oxidation,2
macroscopic_modelling,2
newtonian_liquid,2
regression_analysis,2
chemical_parameter,2
gene_ontology,2
curriculum,2
potable_water,2
hand_strength,2
hospital_admission,2
d_dimer,2
isostructural,2
nasopharyngeal_swab,2
acute_heart_infarction,2
ambient_air,2
inhibition_efficiency,2
electrochemical_corrosion,2
high_purity,2
laser_ablation,2
ytterbium_compound,2
coral_reef,2
extreme_event,2
fast_food,2
labor_relation,2
mouth_lesion,2
hyperemia,2
developmental_stage,2
immunology,2
df,2
catering_service,2
socioeconomic_factor,2
crystallite,2
catalytic_performance,2
cardiovascular_risk,2
clinical_assessment,2
theoretical_approach,2
c_optical_band_amplifier,2
distributed_system,2
reduced_order_model,2
reduced_order_modelling,2
"mice,_inbred_balb_c",2
malonaldehyde,2
bone_fragility,2
aerobic_exercise,2
coinfection,2
mouth_disease,2
dental_health,2
liquid_medium,2
nanostructures,2
bacteroidetes,2
epidemic,2
seroepidemiologic_study,2
group_by_age,2
seroepidemiology,2
geostatistical_analysis,2
ultrasound,2
extracellular_matrix,2
osteopontin,2
proton_nuclear_magnetic_resonance,2
biocatalysis,2
continuous_model,2
essential_oil,2
tagetes,2
computation_theory,2
fuel,2
continuous_wave_laser,2
phase_space_method,2
drug_adsorption,2
deconvolutions,2
thermoluminescence,2
frequency_factor,2
cell_component,2
microbiome,2
sodium_compound,2
optical_band,2
pumping,2
gold_compound,2
gold_deposit,2
dietary_intake,2
gestational_weight_gain,2
nutritional_assessment,2
perinatology,2
puppy,2
lipid_composition,2
selenium,2
antibody,2
ion_exchange,2
quantum_optic,2
experimental_condition,2
myeloperoxidase,2
learning_algorithm,2
machine_learning_algorithm,2
classification,2
stomach_protection,2
acute_toxicity,2
gene_mutation,2
heart_arrhythmia,2
confocal_laser_scanning_microscopy,2
corn_starch,2
phase_diagram,2
guerrero,2
acapulco,2
broiler,2
bitch,2
thermoregulation,2
pelvic_girdle,2
lithium_ion_battery,2
crystalline_structure,2
actinobacteria,2
prevotella,2
cumulus_cell,2
thoracic_limb,2
thermography,2
genome_wide_association_study,2
population_genetics,2
drug_potency,2
medical_history,2
nitrogen_oxide,2
caloric_restriction,2
protein_denaturation,2
deconvolution,2
triosephosphate_isomerase,2
secondary_structure,2
caenorhabditis_elegans,2
ovary_follicle,2
endothelial_cell,2
water_absorption,2
insulin_signaling,2
lipophilicity,2
vapor_liquid,2
recruitment,2
sodium_cooled_fast_reactor,2
microgel,2
bromine_compound,2
carbon_mineralization,2
viral_load,2
angiotensin_ii,2
functional_property,2
blood_pressure,2
agave,2
submerged_fermentation,2
topology,2
carbon_balance,2
neuromodulation,2
ancestry_group,2
electrospray,2
membrane,2
new_record,2
biochemical_composition,2
liquid_metal,2
statistical_analysis,2
glucagon,2
exosome,2
central_nervous_system,2
functional_group,2
needle,2
sequence_analysis,2
electroencephalogram,2
pain,2
principle_of_corresponding_state,2
corresponding_state,2
pollution,2
hexane,2
disease_exacerbation,2
antibiotic_resistance,2
alcohol_consumption,2
potassium,2
wing,2
cloud_forest,2
headache,2
rubiaceae,2
"waste_disposal,_fluid",2
waste_water,2
anosmia,2
dysgeusia,2
abdominal_pain,2
environmental_temperature,2
oleogel,2
cell_signaling,2
recent_progress,2
ionization,2
polysaccharide,2
photon_correlation_spectroscopy,2
dispersity,2
phononic_crystal,2
high_density_lipoprotein_cholesterol,2
open_reading_frame,2
dyslipidemia,2
metabolic_syndrome_x,2
virus_genome,2
inclusion_compound,2
bacterium_identification,2
oxide_mineral,2
salinity,2
regression,2
anaerobiosis,2
polarization_microscopy,2
zeta_potential,2
polyelectrolyte,2
alginates,2
alginic_acid,2
ionic_strength,2
hydrogen_ion_concentration,2
river_basin,2
recombinant_protein,2
ciprofloxacin,2
ofloxacin,2
pseudomonas_infection,2
soybean_oil,2
lipopolysaccharides,2
probability,2
air_pollution,2
vegetable_oil,2
bi_functional,2
life_expectancy,2
prostate_hypertrophy,2
quality_adjusted_life_year,2
oppositional_defiant_disorder,2
turbidimetry,2
time_series_analysis,2
extrusion,2
disruptive_behavior,2
scoring_system,2
mental_performance,2
lagoon,2
biomechanics,2
reproductive_toxicity,2
drug_clearance,2
ca_doped,2
biocatalyst,2
nevado_de_toluca,2
operational_condition,2
calcination,2
nematocyst,2
habitat_loss,2
connectivity,2
reusability,2
sars_coronavirus,2
virus_load,2
characterization,2
dpph_radical_scavenging_assay,2
reproductive_biology,2
scaling,2
free_energy,2
vibrating_molecule,2
square_well_potential,2
hard_sphere,2
drug_half_life,2
critically_ill_patient,2
genotyping,2
economic_development,2
energy_market,2
tensile_strength,2
drug_delivery_system,2
protein_secondary_structure,2
addition_reaction,2
epididymis,2
"rna,_long_noncoding",2
corpus_callosum,2
semen_analysis,2
dentate_gyrus,2
optical_density,2
fluorescence_intensity,2
dynamic_simulation,2
predator,2
felid,2
traditional_knowledge,2
kinetic_energy,2
economic_activity,2
oh_groups,2
spinodal_decomposition,2
sperm,2
tubulars,2
imidazol,2
ecotoxicology,2
neuroprotective_agent,2
fetus,2
mechanical_behavior,2
food_quality,2
methodology,2
soybean_meal,2
leporidae,2
rabbit_meat,2
design_construction,2
domestication,2
anemia,2
malnutrition,2
mixteca_baja,2
silver_compound,2
protein_blood_level,2
systemic_lupus_erythematosus,2
season,2
long_untranslated_rna,2
cobalt_compound,2
gamma_ray,2
very_elderly,2
glutathione_disulfide,2
light_polarization,2
dye,2
ectoparasite,2
glutathione_peroxidase,2
brain_cortex,2
cognitive_dysfunction,2
oxidation_reduction_state,2
graphite,2
socioeconomic_status,2
virus_infection,2
hemoglobin,2
growth_process,2
electron_transport,2
methylene_blue,2
spectroscopic_analysis,2
mimosa,2
arid_region,2
mate_choice,2
chemical_activation,2
plasma_polymerization,2
albumin,2
taxonomy,2
extraction_method,2
soil_pollutant,2
population_group,2
age_structure,2
streptomyces_lividans,2
statistical_significance,2
liquid_chromatography,2
polypeptide_antibiotic_agent,2
phosphorus,2
bioaccumulation,2
bioremediation,2
ecological_indicator,2
judd_ofelt_theory,2
gene_expression_regulation,2
citrus_fruit,2
barium_compound,2
white_light,2
grafting,2
coating,2
gallus_gallus,2
synthesis_and_characterization,2
thermal,2
light_generation,2
sodium_alginate,2
phenanthrolines,2
statistical_mechanic,2
spectral_density,2
lead_blood_level,2
agar,2
bacillus_cereus,2
lycopersicon_esculentum,2
complementary_dna,2
glycerol,2
bacillus_subtilis,2
hybrid_system,2
yucatan_peninsula,2
artificial_insemination,2
lockdown,2
coping_behavior,2
hispanic,2
peer_group,2
zooplankton,2
zinc_oxide_nanoparticles,2
jatropha_curcas,2
disease_control,2
pollution_exposure,2
trust,2
probability_distribution,2
asymptotics,2
matrix,2
interaction_range,2
crustacean,2
embryo,2
fundulidae,2
cyprinodontiformes,2
cell_density,2
bacterium_mutant,2
cell_engineering,2
ecology,2
drought,2
birefringent_fibre,2
adomian_polynomial,2
cell_death,2
poisson_distribution,2
anaerobics,2
combustion,2
accelerator_mass_spectrometry,1
remazol_black_b,1
coloring_agent,1
karst,1
radiocarbon_dating,1
randia_aculeata,1
serpentes,1
jalisco,1
aculeata,1
hexapoda,1
blue_led,1
dye_degradation,1
thermal_stimulation,1
denervation,1
sciatic_denervation,1
pain_intensity,1
dipeptidyl_carboxypeptidase_inhibitor,1
reproducibility_of_result,1
convergent_validity,1
feeding_and_eating_disorder,1
drive,1
emotional_eating,1
item_total_correlation,1
reproducibility,1
psychometrics,1
eating_disorder_assessment,1
nerve_injury,1
stimulus_response,1
invasive_specie,1
academic_underachievement,1
sexual_characteristic,1
sex_characteristic,1
mental_stress,1
pediatric_patient,1
exploratory_research,1
child_psychiatry,1
economic_aspect,1
juvenile,1
sperm_preservation,1
"insemination,_artificial",1
fertility,1
photoluminescence_intensity,1
curved_bridge,1
seismic_behavior,1
yeast_extract,1
green_fluorescent_protein,1
bacterial_metabolism,1
high_throughput_screening,1
fed_batch_culture,1
cross_correlation_matrix,1
economic_engineering,1
covariance_matrix,1
cavity_method,1
spin_glass,1
maternal_age,1
cue,1
nonmammalian_embryo,1
diapause,1
"embryo,_nonmammalian",1
seawater,1
antiproliferative_effect,1
sulphated_zinc_oxide,1
cancer_cell_line,1
silicon_compound,1
cervix_cancer,1
surface_modification,1
antiproliferative_agent,1
polydextrose,1
pulse_polarization,1
sasa_satsumum_model,1
communicable_disease_control,1
killifish,1
association,1
semen,1
semen_preservation,1
buserelin,1
head,1
temporal_lobe,1
psychophysiology,1
cognitive_development,1
maternal_health,1
maternal_blood,1
mercury,1
immunization_program,1
transmission_dynamic,1
optimal_control,1
vaccination_strategy,1
optimal_control_problem,1
optimal_control_system,1
human_papilloma_virus,1
vaccine,1
microcapsules,1
carbon_source,1
ribosome_protein,1
lipase_enzyme,1
lipase_immobilization,1
immobilization_method,1
calcium_chloride,1
microencapsulation,1
microencapsulated_lipase,1
chymotrypsin,1
bacterial_plant_disease,1
dynamic_strategy,1
epidemic_modeling,1
wishart_ensemble,1
random_covariance_matrix,1
spectral_property,1
wishart,1
child_development,1
neurology,1
developmental_toxicity,1
bayley_scale_of_infant_development,1
manganese_blood_level,1
strain_resistant,1
antibacterial_treatment,1
biocides,1
drug_molecule,1
drug_dosage,1
therapy,1
intensive_care_unit,1
primary_health_care,1
sihum_cell,1
xylose,1
trypsin,1
gender_relation,1
rank_sum_test,1
population_estimation,1
future_prospect,1
"chromatography,_liquid",1
phytopathogen,1
fructose,1
clavibacter_michiganensis,1
kokuria_rhizophila,1
ammonium_sulfate,1
clostridium_sporogenes,1
bacterial_canker,1
gram_negative_bacterium,1
ion_exchange_chromatography,1
trace_metal_blood_level,1
motor_development,1
gram_positive_bacterium,1
anti_microbial_activity,1
host/guest_system,1
synthetic_molecule,1
gram_positive_pathogen,1
microwave_integrated_circuit,1
language_development,1
health_impact,1
prenatal_exposure_delayed_effect,1
dietary_fiber,1
wheat,1
semolina,1
proteinase_k,1
xanthomonas_campestris,1
anti_infective_agent,1
normal_distribution,1
neighborhood,1
gi,1
megacity,1
chin,1
madin_darby_ca_nine_kidney,1
structural_characterization,1
methacrylic_acid,1
agmn+cluster,1
rare_earth_free,1
tunable_white_light,1
melt_quenching_method,1
virus_inhibition,1
sol_gel,1
nanocatalyst,1
rna,1
micrococcaceae,1
metallic_cobalt,1
cobalt_cluster,1
value_added_product,1
recycling_process,1
logistic_regression_analysis,1
motor_performance,1
environmental_exposure,1
cq,1
antiviral,1
antiviral_property,1
influenza_a,1
electron_microscopy,1
silica_nanoparticle,1
platinum_nanoparticle,1
grain_size_and_shape,1
water_use,1
sex_determination_process,1
disorder_of_sex_development,1
nucleation_process,1
cohesiveness,1
food_texture,1
content_analysis,1
pea,1
protein_quality,1
pasta,1
host_guest_interaction,1
minimum_inhibitory_concentration,1
linezolid,1
bacterial_resistance,1
cannabinoid_receptor_antagonist,1
nitro_compound,1
autophagosome,1
neurotoxin,1
hemoglobin_blood_level,1
odds_ratio,1
harmonic_oscillator,1
γ_radiation,1
grafting_degree,1
methacrylates,1
effect_of_solvent,1
graft_copolymerization,1
degree_of_grafting,1
environmental_management,1
movement,1
program_implementation,1
environmental_management_program,1
reduced_exposure,1
neurocognitive_function,1
reference_group,1
mining_district,1
organic_polymer,1
adsorption_performance,1
solid_state_nmr,1
methylene_blue_adsorption,1
adsorption_process,1
wheat_durum,1
cannabinoid_receptor,1
alcohol,1
mtt_assay,1
brain_edema,1
follow_up_study,1
cumulative_exposure_index,1
cognitive_function_test,1
fine_motor,1
elbow,1
welfare,1
biceps_brachii_muscle,1
eyelid,1
polycrystalline_material,1
oxide_material,1
n_doping,1
sulfoxides,1
sulfoxide,1
isothiocyanic_acid,1
sulforaphane,1
isothiocyanate,1
sonoran_desert,1
plasma,1
population_research,1
environmental_parameter,1
body_condition,1
colostrum,1
oleamide,1
propidium_iodide,1
oleylamide,1
succinate_dehydrogenase,1
endoplasmic_reticulum_stress,1
brain_cortex_slice,1
cell_membrane_permeability,1
nitro_derivative,1
"receptors,_cannabinoid",1
steroidogenesis,1
kidney_injury,1
industrial_activity,1
reproductive_system,1
mother,1
neural_stem_cell,1
evoked_brain_stem_auditory_response,1
embryo_development,1
diaminomaleonitrile,1
nitrogen_doping,1
specific_pseudocapacitance,1
structural_behavior,1
graphite_oxide,1
morphological_behavior,1
pseudocapacitance,1
hydrocephalus,1
oligodendrocyte_precursor_cell,1
brain_size,1
oligodendroglia,1
hypoalgesia,1
brain_abnormality,1
substantia_nigra,1
y_shaped,1
silicide,1
building_blockes,1
density_functional_computation,1
potential_energy_surface,1
oscillator,1
dorsal_striatum,1
neurologic_disease,1
immobility_time,1
elevated_plus_maze_test,1
rotarod_test,1
notch_signaling,1
myelin_basic_protein,1
autofluorescence,1
haploinsufficiency,1
hv,1
jv,1
surface_screening,1
low_energy_structure,1
lower_energy_structure,1
pentagonal_ring,1
lowest_energy_structure,1
zintl_phase,1
tail_suspension_test,1
myelination,1
substantia_nigra_par_compacta,1
neuromuscular_function,1
tau_protein,1
subventricular_zone,1
microcephaly,1
brain_development,1
ermakov_invariant,1
damped_linear_system,1
linear_system,1
hunting,1
livestock_farming,1
nature_society_relation,1
wildlife_management,1
environmental_education,1
thiobarbituric_acid_reactive_substance,1
protein_digestibility,1
bulk_water,1
polymer_volume_fraction,1
fluorouracil,1
dm,1
time_dependent_harmonic_oscillator,1
damping,1
acceptance_ratio_method,1
oxidative_stress_marker,1
lead_poisoning,1
enteric_feeding,1
male_genital_system,1
motion,1
molecular_physic,1
protective_agent,1
molecular_simulation,1
molecular_distance,1
liquid–vapor_coexistence,1
orthobaric_curve,1
degree_of_confinement,1
industry,1
price_dynamic,1
time_dependent,1
foam,1
foam_dispersivity,1
dispersivity,1
vertical_pipe,1
economic_growth,1
public_policy,1
continuous_infusion,1
drug_blood_level,1
dominant_inheritance,1
fentanyl,1
midazolam,1
dna_determination,1
recessive_inheritance,1
polyhedral_molecule,1
bennett_acceptance_ratio,1
dynamical_density_functional_theory,1
desquamation,1
mitochondrial_impairment,1
toxic_heavy_metal,1
va_deferens,1
glycine,1
biomechanical_phenomenon,1
coacervation,1
tensile_flow,1
nanostructured_composite,1
aqueous_foam,1
ductile_fracture,1
in_pipe,1
diameter_ratio,1
pneumatic_foam,1
phase_interface,1
gas/liquid_interface,1
sensitivity_analysis,1
thyroid_disease,1
health_care_access,1
capillarity,1
dry_foam,1
enhanced_recovery,1
bubble,1
coconut_oil,1
candida_rugosa_lipase,1
nonstoichiometric,1
structural_defect,1
candida,1
immobilisation,1
volume_of_distribution,1
buprenorphine,1
flow_velocity,1
tetanus,1
health_disparity,1
quality_of_health_care,1
population_health,1
health_care_cost,1
health_service_accessibility,1
conduct_disorder,1
externalizing_disorder,1
binocular_convergence,1
arithmetic,1
cause_of_death,1
population_structure,1
tuberculosis,1
health_care_delivery,1
healthcare_access_and_quality_index,1
health_care_quality,1
systematic_review,1
ametantrone,1
carbon_coated,1
flow_curve,1
curve_fitting,1
aluminum_coating,1
flow_behaviour,1
voce_equation,1
powder,1
hollomon_equation,1
process_control_agent,1
solid,1
flow_kinetics,1
refraction_index,1
attenuated_total_reflectance_fourier_transform_infrared_spectroscopy,1
medical_informatics,1
dsm_iv,1
psychologic_assessment,1
pectin,1
biotechnology,1
drug_analysis,1
phase_transition,1
relative_abundance,1
mini_international_neuropsychiatric_interview,1
executive_function,1
rna_sequencing,1
glycolysis,1
escherichia_coli_protein,1
microbial_fuel_cell,1
social_insurance,1
upper_respiratory_tract_infection,1
diphtheria,1
molecular_typing,1
reinfection,1
phosphoenolpyruvate_sugar_phosphotransferase,1
gluconeogenesis,1
glucose_metabolism,1
emerging_country,1
river_alteration,1
dam_construction,1
nayarit,1
electric_power_generation,1
marismas_nacionales,1
water_and_energy,1
discharge,1
tower_of_london_test,1
motor_dysfunction,1
behavior_rating_inventory_of_executive_function,1
cross_infection,1
random_amplified_polymorphic_dna,1
netilmicin,1
arizona,1
catchment,1
san_pedro_river_[arizona],1
sand_gravel,1
gravel_river,1
prior_dam,1
biosphere,1
riverine_system,1
sediment_transport,1
fieldwork,1
runoff,1
recurrent_infection,1
ceftriaxone,1
synthetic_fuel,1
fatty_acid_methyl_ester,1
regulatory_compliance,1
catalytic_process,1
potassium_ferrate,1
norfloxacin,1
polymyxin_b,1
piperacillin,1
aztreonam,1
carbenicillin,1
cefepime,1
amikacin,1
meropenem,1
cystic_fibrosis,1
random_amplified_polymorphic_dna_technique,1
random_amplified_polymorphic_dna_polymerase_chain_reaction,1
boundary_theorem,1
eradication_therapy,1
levofloxacin,1
imipenem,1
environmental_effect,1
food_availability,1
finfish,1
tropical_environment,1
diel_variation,1
turbidity,1
homogeneous_morphology,1
colistin,1
ceftazidime,1
transesterification_reaction,1
methoxy,1
methoxy_radical,1
offshore_oil_well_production,1
mexico_earthquake,1
displacement_vector,1
health_hazard,1
all_cause_mortality,1
evidence_based_practice,1
alcohol_drinking,1
geography,1
drinking_behavior,1
fractional_order,1
robust_stability,1
initialized_system,1
exclusion_principle,1
guardian_map,1
zero_exclusion_principle,1
stability_interval,1
near_source,1
earthquake_magnitude,1
dominance_behavior,1
triple_quadrupole_mass_spectrometry,1
metabolomics,1
fractional_order_system,1
stable_pseudo_polynomial,1
stabilization,1
control_system_stability,1
territoriality,1
agonistic_behavior,1
predictor_variable,1
flower,1
consanguinity,1
foraging,1
subduction_thrust,1
source_directivity,1
earthquake_event,1
apparent_viscosity,1
shear_rate,1
rheological_property,1
wax,1
beeswax,1
critical_strain,1
microgels,1
australia,1
red_alga,1
atlantic_coast_[north_america],1
subduction,1
offshores,1
teleseismic_wave,1
fault_slip,1
scenedesmus_obtusiusculus,1
photobioreactors,1
scenedesmi_obtusiusculus,1
semi_continuous_cultivation,1
succinylacetone,1
phenylalanine,1
hydroxyproline,1
thorax_pain,1
hierarchical_clustering,1
nuclear_reprogramming,1
rhinorrhea,1
odynophagia,1
myalgia,1
thrust,1
displacement,1
seismic_wave,1
edetate_disodium,1
lipid_productivity,1
greenhouse,1
nitrogen_concentration,1
scenedesmus,1
continuous_culture,1
carbohydrate_analysis,1
alanine,1
acylcarnitine,1
lung_infiltrate,1
partial_least_square_regression,1
proline,1
citrulline,1
discriminant_analysis,1
greenhouse_condition,1
nitrogen_limitation,1
new_specie,1
japan,1
cereal,1
fat_intake,1
chemical_sensing,1
flatter_surface,1
statistical_theory,1
diffusing_particle,1
circular_disc,1
chemical_sensor,1
membrane_distillation,1
desorbers,1
distillation,1
absorption_system,1
specie_cultivation,1
continuous_cultivation,1
anaerobic_sludge,1
nitrous_oxide,1
liquid_phase,1
second_virial_coefficient,1
vapor_liquid_phase_transition,1
liquid_phasis,1
reflected_core,1
nuclear_power_plant,1
upscaling,1
neutronics,1
liquid_metal_cooled_fast_reactor,1
metal_analysis,1
feast_famine,1
ferric_ammonium_citrate,1
greenhouse_effect,1
semi_continuous,1
denitrifyer,1
oxidation_kinetics,1
ampicillin,1
electron_donor,1
denitrification_rate,1
dichroism,1
down_scaling,1
transfer_phenomenon,1
heat_transfer_process,1
feedback_effect,1
fuel_pin,1
latitude,1
bahia_de_los_angeles,1
larval_development,1
colony,1
c:n_ratio,1
recalcitrant_compound,1
kinetic_evaluation,1
denitrification,1
desorption_rate,1
solution_temperature,1
correlation_coefficient,1
biophysics,1
initial_distance,1
angular_dependence,1
disc_radius,1
solvation_free_energy,1
cathode,1
electrochemical_cycling,1
high_potential,1
physiological_model,1
denitrifying_activity,1
degree_of_substitution,1
octenyl_succinic_anhydride_esterification,1
esterification,1
octenyl_succinic_anhydride,1
succinic_anhydride,1
functional_characteristic,1
protein_unfolding,1
thermal_unfolding,1
circular_dichroism_spectrum,1
spectras,1
high_resolution,1
secondary_structural_change,1
circular_dichroism,1
high_ph,1
mutant,1
cellular_stress_response,1
carotenoid,1
in_situ_xrd,1
atmospheric_pressure,1
absorption_chiller,1
licl_mixture,1
atmospheric_temperature,1
condensation_temperature,1
cooling_system,1
absorption_cooling,1
operation_mode,1
ovarian_follicle,1
cell_count,1
ovulation,1
temperature_stress,1
stem,1
manure,1
length_scale,1
continuous_potential,1
emulsification_index,1
succinic_acid,1
normal_corn_starch,1
gelatinization,1
emulsification_capacity,1
destruction,1
octenylsuccinic_acid,1
pregelatinization,1
energy_scale,1
anxiolytic_agent,1
antidepressive_agent,1
anti_anxiety_agent,1
kinematic_inversion,1
tocopherol,1
preferred_reporting_item_for_systematic_review_and_meta_analyses,1
excision,1
medline,1
basal_cell,1
calcinosis,1
slip,1
earthquake_rupture,1
co_seismic_displacement,1
band_pas,1
seismic_source,1
p_wave,1
seismic_gap,1
seismogram,1
modelling_system,1
shoulder,1
diffusivity,1
differential_diagnosis,1
basal_cell_nevus_syndrome,1
chicken_meat,1
monounsaturated_fatty_acid,1
riboflavin,1
step_potential,1
simulation_algorithm,1
sigmoid,1
energy_representation,1
potential_modeling,1
lennard_jones_potential,1
liquid_structure,1
scopus,1
eosin,1
keratocyst,1
basque_country,1
peripheral_odontogenic_keratocyst,1
hematoxylin,1
squamous_epithelium,1
mandible,1
chorionic_gonadotropin,1
cathode_material,1
protective_coating,1
copper_doping,1
structural_stability,1
irreversible_phase,1
xrd_study,1
thermal_balance,1
web_of_science,1
maxilla,1
radiodiagnosis,1
gingiva_tumor,1
colecalciferol,1
analysis_of_variance,1
leptin_receptor,1
granulosa_cell,1
growth_factor,1
volatile_fatty_acid,1
lachnospiraceae,1
iodine,1
xanthophyll,1
retinol,1
mastication,1
menadione,1
biotin,1
nicotinic_acid,1
dosidicus_gigas,1
basement_membrane,1
thiamine,1
pyridoxine,1
cyanocobalamin,1
folic_acid,1
polyunsaturated_fatty_acid,1
pantothenic_acid,1
laser_mode_locking,1
continuous_wave_operation,1
different_time_scale,1
partial_mode_locking,1
data_acquisition,1
real_time_characterization,1
lock,1
continuous_wave_mode,1
fiber_laser,1
sensory_evaluation,1
infectivity,1
laser_dynamic,1
cathode_ray_oscilloscope,1
ytterbium_doped_fiber,1
all_normal_dispersion,1
modelocking,1
fiber_ring_laser,1
coronavirus,1
pectolinarin,1
secondary_metabolite,1
"spike_glycoprotein,_coronavirus",1
baicalin,1
antiviral_agent,1
antivirus_agent,1
delphinidin,1
coronaviruses,1
glow_curve,1
on_off_gain,1
host_cell,1
herbacetin,1
catechin_gallate,1
ivermectin,1
myricetin,1
nanobiotechnology,1
cyanidin,1
rutinosides,1
inorganic_compound,1
nanoparticulate_compound,1
virucidal_activity,1
hesperetin,1
nano_particulate,1
epigallocatechin_gallate,1
low_glass_transition_temperature,1
fiber_based_system,1
integrated_device,1
antidepressant_agent,1
heating_rate,1
solid_state_detector,1
heating_rate_effect,1
cyanide,1
free_cyanide,1
glycoprotein,1
quercetin,1
sequential_quadratic_programming,1
solid_state_reaction,1
kinetics_order,1
activation_energy_e,1
glow_curve_deconvolution,1
erbium_compound,1
glass_matrix,1
firmicutes,1
bifidobacterium,1
peptostreptococcaceae,1
gibberellic_acid,1
phytohormone,1
cattle_manure,1
ruminococcaceae,1
clostridium,1
sentinel_surveillance,1
acquired_immune_deficiency_syndrome,1
human_immunodeficiency_virus,1
disease_burden,1
human_immunodeficiency_virus_prevalence,1
erbium_ytterbium,1
thermal_interaction,1
electronic_plasma,1
robustness,1
imbert_gasifier,1
gasification,1
reduced_graphene_oxide,1
au–cyanide_complex,1
raman,1
cyanide_complex,1
photocatalytic_oxidation,1
fluorescence_characteristic,1
mixed_alkali,1
cie_color_coordinate,1
color_coordinate,1
judd_ofelt_analysis,1
ytterbium_doped,1
hydrocortisone,1
radiation_effect,1
memory_kernel,1
time_derivative,1
acquired_immunodeficiency_syndrome,1
hiv,1
indoleacetic_acid,1
spirochete,1
paeniclostridium,1
macronutrient,1
correlation_time,1
ornstein_uhlenbeck,1
radiation_reaction,1
reaction_force,1
generalized_langevin_equation,1
brownian_movement,1
oxide_reduction_system,1
quality_bone,1
hydrocortisone_blood_level,1
chemiluminescence_immunoassay,1
heterogeneous_reactor,1
operability,1
tubular_heterogeneous_reactor,1
throated_gasifier,1
multiplicity,1
gasifiers,1
computer_architecture,1
bone_quality,1
balb/c_mouse,1
femur,1
reduction_system,1
bone_microarchitecture,1
spectrofluorometry,1
chronic_inflammation,1
cortisol,1
practice_guideline,1
birth_length,1
maternal_obesity,1
geographic_tongue,1
publication,1
information_technology_project,1
technology_in_society,1
fourth_industrial_revolution,1
biological_system,1
curriculum_development,1
oxide_reduction,1
micro_computed_tomography,1
moderate_exercise,1
photo_luminescent_property,1
desensitization,1
immune_tolerance,1
microglia,1
exercise_intensity,1
bone_densitometry,1
leg_muscle,1
deionized_water,1
laser_ablation_in_liquid_medium,1
laser_ablation_in_liquid,1
carbon_target,1
yttrium_aluminum_garnet,1
carbon_nano_structures,1
ultrasonic_field,1
neodymium_laser,1
advanced_glycation_end_product,1
spatial_memory,1
immunological_memory,1
immunological_tolerance,1
short_term_memory,1
food,1
family_characteristic,1
family_size,1
whole_food,1
y_junction_pipe,1
herbivore,1
hispaniola,1
dominican_republic,1
gain_coefficient,1
erbium,1
erbium_ytterbium_co_doping,1
liquid_laser_ablation,1
"memory,_short_term",1
"animals,_newborn",1
industrial_revolution,1
mouth_ulcer,1
thrush,1
tongue_ulcer,1
vasculitis,1
first_trimester_pregnancy,1
milk,1
small_for_date_infant,1
vegetable_consumption,1
social_discrimination,1
employment_generation,1
legislation,1
perinatal_exposure,1
homa_index,1
parameter_correlation,1
green_formula,1
volume_averaging,1
commercial_phenomenon,1
processed_food,1
food_access,1
convenience_store,1
supermarket,1
ptzn—pdzn_phase,1
temperature_programed_reduction,1
steam_reforming,1
hydrogen_production,1
catalytic_reforming,1
methanol_steam_reforming_reaction,1
tem,1
mass_spectroscopy,1
epistemic_uncertainty,1
predictive_distribution,1
logic_tree,1
frequency_magnitude_distribution,1
forestry,1
seismicity,1
platinum_alloy,1
zno_rod,1
methanol_steam_reforming,1
kamlet_taft_parameter_correlation,1
solvent_net_basicity,1
choline_chloride,1
cellulose_pretreatment,1
kamlet_taft_parameter,1
thermodynamic_property,1
cellulose_crystallite,1
performance_issue,1
multidimensional_poverty,1
decomposition_analysis,1
potosi_[bolivia],1
community,1
gross_domestic_product,1
economic_expansion,1
irrigation_system,1
seepage,1
non_newtonian_flow,1
laplace_domain,1
momentum_equation,1
homogeneous_porous_medium,1
convolution,1
adjoint_method,1
analysis_model,1
castor_oil,1
shapley_owen_method,1
river_pollution,1
poverty_reduction,1
senolytic,1
number_of_rotatable_bond,1
cell_aging,1
network_pharmacology,1
senomorphic,1
current_practice,1
seismicity_model,1
bayesian,1
computer_circuit,1
bayesian_analysis,1
probabilistic_seismic_hazard_analysis,1
seismic_hazard,1
water_access,1
bolivia,1
shapley,1
asexual_reproduction,1
allelopathy,1
survivorship,1
macrophyte,1
biological_system_modeling,1
information_technology_professional,1
engineering_education,1
informatics,1
technological_innovation,1
castor_bean,1
bio_diesel_blend,1
emission,1
yield_improvement,1
y_junctions,1
senotherapeutics,1
roxithromycin,1
topological_polar_surface_area,1
cheminformatics,1
senescence_associated_secretory_phenotype,1
cellular_senescence,1
senotherapeutic_activity,1
partition_coefficient,1
scaffold_analysis,1
system_pharmacology,1
ribosomally_synthesized_and_post_translationally_modified_peptide_system,1
data_base,1
bacteroides_uniformis,1
adenosine_deaminase,1
tupiza_river,1
streptosporangium,1
gene_mining,1
polyketide_synthase,1
nocardia_farcinica,1
nocardia,1
nomicin,1
nocobactin,1
genomic_mining_technique,1
nocardia_asteroides,1
streptomyces,1
kinamycin,1
chloropentostatin,1
biphenyl,1
radiolabeling,1
imaging,1
horizontal_pipeline,1
glycosaminoglycan,1
dna_methylation,1
epigenetics,1
hyperlipidemia,1
pathway_enrichment_analysis,1
high_viscosity_fluid,1
flow_pattern,1
supply_system,1
pipe,1
flow_evolution,1
confluence,1
pipeline,1
numerical_study,1
water_oil_flow,1
oil_flow,1
amamistatin_a,1
clozapine,1
methylome,1
psychopharmacology,1
superconducting_rotor,1
lumped_parameter_network,1
magnetic_flux,1
lumped_parameter_modelling,1
high_temperature_superconductor,1
nocardicin_a,1
brasilicardin,1
gene_editing,1
rhodococcus,1
terpene_derivative,1
actinomadura,1
genetic_analysis,1
obsessive_compulsive_disorder,1
glioma,1
agranulocytosis,1
vegf_signaling,1
hypothyroidism,1
polyp,1
skeleton,1
tomography,1
ovary_tumor,1
proto_oncogene_protein_c_akt,1
"ctcfl_protein,_human",1
dna_binding_protein,1
ovarian_neoplasm,1
parietal_lobe,1
incentive,1
epilepsy,1
granulocytopenia,1
beagle_channel,1
chile,1
metal_distribution,1
superconducting_coil,1
rotating_machine,1
equivalent_circuit,1
high_temperature_superconductors,1
magnetic_flux_distribution,1
magnetostatics,1
magnetic_circuit,1
superconducting_magnet,1
timing_circuit,1
superconducting_transmission_line,1
magnetic_equivalent_circuit,1
winding,1
synchronous_machine,1
pleurotus,1
protease_inhibitor,1
central_america,1
huatulco,1
salicylic_acid,1
elicitor,1
oil_content,1
increased_productivity,1
ricinus_communis,1
oilseed,1
high_heat_transfer,1
sphericity,1
enhanced_heat_transfer,1
edetic_acid,1
crab_fishery,1
homology,1
stochastics,1
external_stress,1
magnetic_semiconductor,1
precursor_concentration,1
nanocrystallines,1
aerobic_cyclohexene_oxidation,1
design_philosophy,1
structural_safety,1
performance_based_seismic_design,1
steel_special_moment_frame,1
post_northridge_connection,1
seismic_reliability,1
special_moment_frame,1
proteinase_inhibitor,1
peptide_hydrolase,1
peptide_hydrolases,1
synthesized_material,1
nanorods,1
photocatalytic_property,1
dust,1
agricultural_soil,1
cloud_condensation_nucleus,1
aerosol_composition,1
aerosol_formation,1
structural_solution,1
reliability,1
northridge,1
reliability_index,1
mechanical_response,1
passive_system,1
deformation_force,1
linear_spring,1
oxide_semiconductor,1
kinetic_model,1
channel_flow,1
helical_baffle,1
attention_network,1
parietal_cortex,1
"sexual_behavior,_animal",1
electroencephalography_phase_synchronization,1
nose,1
posterior_parietal_cortex,1
right_hemisphere,1
neuropsychological_test,1
ventral_striatum,1
nerve_tract,1
defect,1
wide_band_gap_semiconductor,1
genotoxicities,1
zebra_fish,1
liver_function,1
low_concentration,1
cholecystokinin_receptor_blocking_agent,1
intestinal_secretion,1
devazepide,1
cholecystokinin_octapeptide,1
b_lymphocyte,1
antibody_response,1
plasma_cell,1
secretory_component,1
nontarget_organism,1
anesthesia,1
semiconducting_zinc_compound,1
nanowires,1
fluidized_bed_process,1
fluidization,1
liquid_solid_circulating_fluidized_bed,1
heat_transfer_and_pressure_drop,1
nonspherical_particle,1
helical_flow,1
liquid_solid_fluidized_bed,1
heat_exchanger,1
weaning,1
glucose_tolerance,1
neural_pathway,1
alkaline_phosphatase_blood_level,1
danio_rerio,1
acetaminophen,1
zebrafish,1
oxidative_damage,1
optical_nonlinearity,1
dark_state_polaritons,1
histopathological_alteration,1
alanine_aminotransferase,1
alanine_aminotransferase_blood_level,1
hepatotoxic_effect,1
biochemical_change,1
liver_toxicity,1
bacterin,1
reference_value,1
streptomycin,1
liver_histology,1
up_regulation,1
apoptotic,1
cognition_disorder,1
heat_transfer_rate,1
lymecycline,1
microwave_assisted_extraction,1
asparaginylasparaginylvalylphenylalaninyltyrosylprolylphenylalanine,1
salvia,1
mineralocorticoid_receptor,1
diagnostic_error,1
leptos,1
spirovac,1
penicillin_g,1
enrofloxacin,1
photon_interaction,1
strong_interaction,1
polariton,1
interacting_particle,1
quantum_regime,1
resonant_process,1
phenylalanylarginylserylphenylalanine,1
serylarginylphenylalanyltryptophylprolylisoleucylaspartyltyrosine,1
huntington_disease,1
cognitive_flexibility,1
kernel_method,1
huntington_chorea,1
unified_huntington_disease_rating_scale,1
molecular_diagnosis,1
corpus_striatum,1
head_movement,1
finite_element_analysis,1
soft_tissue_tumor,1
slot_antenna,1
thermal_ablation,1
angiogenesis_inhibitor,1
conformational_transition,1
glutaminylphenylalanylarginylphenylalanine,1
phenylalanyllysylalanylphenylalanine,1
chia,1
intestine_absorption,1
protein_structure,1
drug_uptake,1
tumor_xenograft,1
positron_emission_tomography,1
tissue_distribution,1
prostate_cancer,1
tumor_cell,1
peptidomics,1
glutaminylleucylglutaminylarginyltryptophylphenylalanylarginine,1
salvia_hispanica,1
polaritons,1
three_level_system,1
microwave_ablation,1
ablation,1
multi_antenna_system,1
weight_gain,1
amnesia,1
diet_induced_obesity,1
impaired_glucose_tolerance,1
cercopithecidae,1
arboreal_specie,1
primate,1
thermal_evaluation,1
bone_and_bone,1
salvia_hispanica_seed_extract,1
lisinopril,1
antiangiogenic_activity,1
aspartylphenylalanyllysylphenylalanine,1
analytical_expression,1
diffusion_resistance,1
aspartylleucylarginylphenylalanine,1
phenylalanylasparaginylisoleucylvalylphenylalanylprolylglycine,1
everolimus,1
vaginal_delivery,1
threonine,1
autopsy,1
blood_analysis,1
hypoglycemia,1
umbilical_cord,1
calcium_blood_level,1
anorexia,1
birth_order,1
apgar_score,1
glycylserylarginylphenylalanylaspartyltryptophylthreonylarginine,1
fem_modelling,1
bone,1
microwave,1
bone_neoplasm,1
bone_thickness,1
tumor,1
bone_tumor,1
macronutrient_intake,1
large_for_gestational_age,1
grain,1
diffusion_flow,1
analytes,1
solute_concentration,1
nanopore,1
membrane_channel,1
solute_flux,1
neotropical_region,1
land_cover,1
landscape_ecology,1
nanopores,1
cylindrical_nanopores,1
ligation,1
operation_duration,1
surgical_training,1
vascular_surgery,1
undergraduate_student,1
skill,1
lakshmanan_porsezian_daniel_model,1
soliton_perturbation,1
daniel,1
urea_nitrogen_blood_level,1
mean_corpuscular_volume,1
resistant_starch,1
bakery,1
wheat_dough,1
starch_granule,1
fruit_consumption,1
predation_risk,1
biological_evolution,1
western_hemisphere,1
haplorhini,1
canopy,1
necrosis,1
fasciitis,1
maxillofacial_myofibroblastic_lesion,1
hydrolysis_rate_constant,1
starch_content,1
agroforestry,1
prostate_size,1
carcinoma,1
epithelial_cell_adhesion_molecule,1
odontogenic_tumor,1
tooth_germ,1
ameloblastoma,1
constructive_control,1
chemical_tubular_reactor_control,1
nonlinear_control_system,1
tubular_reactor,1
non_linear_observer,1
passive_control,1
saturated_output,1
robust_control,1
state_feedback,1
soliton_dynamic,1
agitated_tank,1
electric_power_utilization,1
control_rod,1
rod_configuration,1
impeller,1
saturated_output_feedback_control,1
output_feedback_control,1
reactor_control,1
seminal_vesicle_weight,1
organ_size,1
finasteride,1
experimental_hamster,1
androstane_derivative,1
cytosol,1
competitive_binding_assay,1
scent_gland,1
hydrodynamics_performance,1
axially_symmetric,1
energy_efficiency,1
thermoluminescence_dosimetry,1
radioisotope_decay,1
glow_peak,1
energy_factor,1
thermoluminescent_dosimetry,1
natural_biopolymers,1
material_preparation,1
therapeutic_application,1
cardiac_tissue_engineering,1
chitosan_scaffold,1
scaffold_fabrication,1
nutrient_delivery,1
rate_reduction,1
gamma_radiation,1
storage_temperature,1
beryllium_oxide,1
radiofrequency,1
ionizing_radiation,1
oxide,1
kinetics_activation_energy,1
radiation_energy,1
beryllia,1
flow_measurement,1
pitched_blade_turbine,1
velocity_measurement,1
energy_dissipation,1
pitched_blade_impeller,1
energy_dissipation_rate,1
turbine_impeller,1
mathematical_computing,1
beryllium,1
dosimetry,1
population_density,1
frugivory,1
america,1
madagascar,1
eating,1
primigravida,1
school_dropout,1
ageusia,1
connective_tissue,1
mitosis,1
fibroma,1
half_life,1
order_of_kinetics,1
biocomposite,1
san_pedro_[paraguay],1
prosopis,1
isoflavones,1
phytoestrogen,1
isoflavone_derivative,1
phytoestrogens,1
daidzein,1
zeolite_y,1
thiophene_based_oligomers,1
protonated,1
sensitiser,1
protonation,1
oligomers,1
titania,1
half_life_time,1
galvanizing,1
wall_reaction,1
plastic_pipe,1
high_density_polyethylene,1
water_distribution_network,1
pipe_material,1
polypropylene,1
energy_consumption,1
thermal_stability,1
low_cost_energy,1
specific_area,1
production,1
capacity,1
biocomposite_material,1
low_energy_consumption,1
storage_capacity,1
endoglin,1
myofibroblasts,1
myofibroblast,1
oral_myofibroblastic_lesion,1
endothelium,1
tumor_marker,1
"granuloma,_plasma_cell",1
leiomyoma,1
"biomarkers,_tumor",1
plasma_cell_granuloma,1
bio_energy,1
biomass_residue,1
high_throughput,1
solid_bio_fuels,1
chemical_characterization,1
chlorine_decay,1
exergetic_efficiency,1
global_warming,1
slow_reaction,1
minimum_concentration,1
rapid_reaction,1
epanet,1
empathy,1
psychotherapist,1
fantasy,1
nerve_cell_network,1
anterior_insula,1
emotion_regulation,1
dorsomedial_prefrontal_cortex,1
electrochemical_method,1
polyvinyl_chloride,1
chlorine_demand,1
"vision,_ocular",1
aberration,1
purkinje_image,1
purkinje,1
cornea,1
fluid,1
working_fluid,1
refrigerant,1
waste_heat_utilization,1
condensing_temperature,1
power,1
ozone_layer,1
working_fluid_selection,1
thermal_source,1
thermo_dynamic_analysis,1
viability_index,1
electrode_kinetics,1
electrooxidations,1
competitive_adsorption,1
pd_based_electrocatalysts,1
fuel_cell,1
exergetic,1
thermoanalysis,1
waste_heat,1
vision,1
lens,1
image_detection,1
hartmann_test,1
refraction_error,1
wavefront,1
zernike_polynomial,1
longitudinal_chromatic_aberration,1
chemical_potential,1
linear_equation,1
irreversible_process,1
non_homogeneous,1
lyapunov_function,1
reaction_diffusion,1
nonequilibrium_boundary,1
lyapunovs_function,1
energy_and_entropy,1
refractive_error,1
purkinje_image_detection,1
"lens,_crystalline",1
chromatic_aberration,1
reaction_under,1
integral_equation,1
electrooxidation,1
organotins,1
dithiocarbamates,1
optical_resonator,1
reduced_size,1
split_rig_resonator,1
cutoff_frequency,1
radiator,1
multiple_input_multiple_output,1
multiple_input,1
total_active_reflection_coefficient,1
splitring_resonator,1
electrochemical_response,1
methanol_water,1
irreversible_reaction,1
homogeneous_system,1
asymptotic_stability,1
ring_gage,1
disk_monopole,1
mimo_system,1
multiple_output,1
waste_incineration,1
people_by_smoking_status,1
smelling_disorder,1
disease_predisposition,1
taste,1
taste_disorder,1
olfaction_disorder,1
causality,1
hypogeusia,1
titration,1
salt,1
mono_crystals,1
dinoflagellate,1
adriatic_sea,1
molecular_analysis,1
iodination,1
marker_gene,1
endophenotype,1
prodh_gene,1
metamaterial_antenna,1
microwave_antenna,1
propagation_dynamic,1
soliton_propagation,1
laplace_adomian_decomposition,1
quadratic_cubic_law,1
born_oppenheimer_potential,1
internuclear_distance,1
reaction_diffusion_system,1
mediterranean_sea,1
phylogenetics,1
sao_paulo_[brazil],1
todos_santos_bay,1
general_formula,1
oil_palm_waste,1
energy_content,1
biofuels,1
pellet_quality,1
palm_oil,1
instrumental_technique,1
parallel_design,1
treatment_planning,1
clinical_decision_rule,1
personalized_medicine,1
santos_bay,1
inoculation,1
nitrification,1
acclimatization,1
proline_oxidase,1
mestizo,1
proline_dehydrogenase,1
nerve_tissue_protein,1
social_cognition,1
"prodh_protein,_human",1
verbal_learning,1
comt_gene,1
nerve_protein,1
piqueria_trinervia,1
drug_inhibition,1
piquerol,1
first_principle,1
oxidizing_process,1
chlorophenols,1
nitrifying_sludge,1
nitrosospira,1
differential_equation_system,1
microalgae,1
chlorophyta,1
green_alga,1
endophytes,1
endophyte,1
acacia,1
prevention_and_control,1
infection_control,1
dentist,1
specie_composition,1
ammonium_oxidizing_bacteria,1
reaction_kinetics,1
nialox_mixed_oxide,1
temperature_distribution,1
compost_biofilters,1
metabolic_heat,1
outdoor_condition,1
different_operating_condition,1
bacterial_community,1
nitrosomonas_europaea,1
nitrifying_bacterium,1
sequencing_batch_reactor,1
nitrite_oxidizing_bacteria,1
nitrification_process,1
nitrite,1
nitrosomonas,1
nitrobacter,1
takovite,1
reaction_network,1
runge_kutta_method,1
anxiety_disorder,1
randomized_controlled_trial_a_topic,1
intervention_study,1
five_coordinate,1
nmr_titration,1
sodium_salt,1
stability_in_deuterochloric_acid,1
chlorodiorganotin_dithiocarbamate,1
pragmatic_trial,1
telepsychotherapy,1
cognitive_behavioral_therapy,1
internet_delivered_unguided_cognitive_behavioral_therapy,1
demethoxylation,1
texas,1
water_structure,1
mercury_compound,1
ghg,1
effective_porous_medium,1
compost_medium,1
mean_inhibitory_concentration_of_capacitation,1
membrane_conductance,1
calcimycin,1
cell_membrane_potential,1
lipid_membrane_conductance,1
perfluorooctanesulfonic_acid,1
plasma_membrane_dysfunction,1
membrane_microdomain,1
reaction_rate,1
decarbonylations,1
alkanesulfonic_acid,1
progesterone,1
sperm_function,1
valinomycin,1
program_feasibility,1
clinical_trial_protocol,1
single_blind_procedure,1
school_mental_health_service,1
hospital_management,1
hydroxychloroquine,1
boar,1
calcium_cell_level,1
genetic_marker,1
san_antonio,1
nueva_esparta,1
caribbean_sea,1
card_signaling_adaptor_protein,1
tumor_protein,1
neoplasm_protein,1
caspase_recruitment_domain_signaling_protein,1
spectral_display,1
hybrid_gel,1
morphology_structure,1
starch_gelatinization,1
aqueous_phasis,1
weight_ratio,1
impedance,1
inducible_nitric_oxide_synthase,1
electric_impedance,1
stomach_disease,1
critical_illness,1
cycline,1
reperfusion_injury,1
stomach_mucosa_injury,1
gastric_mucosa,1
cryopyrin,1
severity_of_illness_index,1
tachycardia,1
jak_stat_signaling,1
in_hospital_mortality,1
internet_delivered_guided_cognitive_behavioral_therapy,1
meal_skipping,1
maternal_nutrition,1
portion_size,1
gout,1
inflammasome,1
inflammasomes,1
rna_binding_protein,1
dichlorophenols,1
persistent_organic_compound,1
hydrotalcites,1
magnesia,1
kerr_law_nonlinearity,1
laplace–adomian_decomposition,1
kerr_law,1
pollutant_removal_efficiency,1
hydraulic_behaviour,1
mean_square_error,1
radioactive_tracer,1
tracer,1
decentralization,1
waste_water_recycling,1
axial_dispersion,1
stomach_mucosa,1
tannery_wastewater,1
organic_impurity,1
cr,1
treatment_efficiency,1
eating_habit,1
nutrient_intake,1
sugar_sweetened_beverage,1
remdesivir,1
gelatinase_a,1
lopinavir_plus_ritonavir,1
molecular_study,1
anti_bacterial_activity,1
matrix_metalloproteinase,1
comprehensive_analysis,1
septic_tank,1
tracer_test,1
industrial_water_reuse,1
electroprecipitation,1
hyperinflammation,1
baricitinib,1
television_viewing,1
yoghurt,1
oil_emulsion,1
fat_milk,1
reduced_fat,1
canola_oil_emulsion,1
electric_discharge,1
x_ray_diffraction_analysis,1
applied_current,1
chromium_removal,1
current_density,1
ph_value,1
weathering,1
sea_area,1
los_tuxtlas,1
chemical_weathering,1
provenance,1
sediment_core,1
exploratory_geochemistry,1
volcanic_complex,1
marine_sediment,1
drilling,1
deep_sea,1
sediment_chemistry,1
feldspar,1
core_sediment,1
radiocarbon_age,1
degradation_capacity,1
annona,1
phytol,1
meta_position,1
pocop_pincer_complex,1
pincer_complex,1
non_symmetric_pincer_compound,1
steam,1
c++,1
heat_convection,1
biomineralization,1
gypsum,1
secondary_mineral,1
iron_hydroxide,1
deep_sea_sediment,1
continental_shelf,1
submarine_geology,1
bacteriocins,1
bacteriocin,1
lactobacillaceae,1
lactobacillales,1
antimicrobial_peptide,1
probiotic_agent,1
fermented_beverage,1
lactobacillus_brevis,1
lactobacillus_acidophilus,1
n_doped_tio,1
image_enhancement,1
semiconductor_doping,1
gravitational_field,1
crossing_time,1
analytical_result,1
organic_matter,1
cytochrome_c_oxidase,1
proton_transporting_adenosine_triphosphatase,1
treadmill_exercise,1
grip_strength,1
animal_euthanasia,1
semiconductor_behaviour,1
molecular_material,1
optoelectronics_device,1
stereochemistry,1
indanone_complex,1
benzylidene,1
thermal_evaporation,1
copper_complex,1
optoelectronic_device,1
density_functional_calculation,1
fluxional_isomerism,1
physical_disability,1
dynamic_heat_transfer,1
collector_efficiency,1
convective_heat_transfer,1
thermal_conductivity,1
oil_in_water,1
reduced_fat_milk,1
yogurt,1
outdoor_concentration,1
metropolitan_area,1
carbonyl_compound,1
indoor_outdoor_concentration,1
pollutant_source,1
quadriceps_muscle,1
mitochondrial_respiration,1
adenosine_triphosphatase,1
palladium_nanoparticles,1
guanine_nucleotide,1
shwachman_syndrome,1
landscape,1
guanosine_triphosphatase,1
elongation_factor,1
muscle_mitochondrion,1
quadriceps_femoris_muscle,1
dynamic_performance,1
dynamic_operation,1
catalytic_surface,1
oxidative_dehydrogenations,1
electrolytic_bath,1
cost_effectiveness,1
mitochondrial_energy_transfer,1
dual_energy_x_ray_absorptiometry,1
gibbs_free_energy,1
instrumentation,1
maximum_entropy_analysis,1
tropical_forest,1
warming,1
b_scan,1
kidney_medulla,1
error,1
measurement,1
embedding,1
mass_activity,1
palladium,1
core_shell_palladium_nanoparticle,1
core_shell,1
electrode_surface,1
formic_acid,1
"ribosome_subunits,_large,_eukaryotic",1
gtp_phosphohydrolases,1
magnesium_ion,1
average_concentration,1
emission_source,1
herbicide,1
absorber_tube,1
heat_transfer_co_efficients,1
mathematical_heat_transfer_model,1
parabolic_trough_collector,1
heat_transfer_fluid,1
specific_heat,1
thermal_efficiency,1
acetaldehyde,1
outdoor_sample,1
temperature_effect,1
length,1
veterinary_education,1
ultrasonography,1
"students,_medical",1
kidney_cortex,1
kidney_pelvis,1
cost_minimization_analysis,1
kidney_structure,1
thickness,1
"education,_veterinary",1
medical_student,1
bateman_equation,1
mass_balance_equation,1
repeated_decay_constant,1
conformational_landscape,1
isothermal_titration_calorimetry,1
algorithmic_approach,1
general_solution,1
fractional_derivative,1
linear_chain,1
decay_constant,1
fractional_calculus,1
specification,1
communication_with_nontechnical_stakeholder,1
transition_diagram,1
developer_communication,1
requirement_specification,1
user_interface,1
customer–developer_communication,1
simplified_modelling,1
user_interface_flow_specification,1
interface_transition,1
quantum_mechanic,1
electrochemical_analysis,1
root_mean_squared_error,1
mercaptopurine,1
interface_flow,1
programming_skill,1
disease_transmission,1
demographic,1
epidemiological_data,1
symptomatology,1
disease_spread,1
periodontal_disease,1
tobacco,1
structured_questionnaire,1
patterned_substrate,1
modulation,1
macrolide,1
carbonyl_derivative,1
lidocaine,1
amphotericin_b,1
anticoagulant_agent,1
contact_line_dynamic,1
fluid_interface,1
contact_line,1
pulsatiles,1
pulsatile_pressure,1
wetting,1
hydrophilics,1
interface_position,1
phase_field_model,1
in_channels,1
minocycline,1
deserpidine,1
cross_validation,1
daunorubicin,1
outdoor_air,1
propionaldehyde,1
measurement_method,1
formaldehyde,1
[carbonyl,1
cancer,1
rainwater_harvesting_system,1
storage_tank,1
water_consumption,1
antibiotic_agent,1
theoretical_model,1
rauvolfia,1
corrosion,1
first_fit_number,1
doxorubicin,1
quantitative_structure_activity_relationship,1
rifamycin,1
dielectric_spectroscopy,1
predictive_value,1
acepromazine,1
additive_effect,1
hematocrit,1
hematology,1
leukocyte_count,1
average_daily_gain,1
urea_blood_level,1
blood_biochemistry,1
dipyridamole,1
cefaloridine,1
mouth_tumor,1
patient_referral,1
specie_conservation,1
llano,1
porosity_effect,1
large_intestine,1
body_weight_loss,1
uric_acid,1
tannin,1
serum_albumin,1
flavanoid,1
liver_weight,1
tannin_derivative,1
graph_coloring,1
first_fit,1
complete_coloring,1
elasticity_modulus,1
tumor_cell_line,1
experimental_ear_edema,1
cell_nucleus,1
pharmacokinetic_parameter,1
nordhaus–gaddum_inequality,1
fit_number,1
interpolation_property,1
acyclic_coloring,1
referral_and_consultation,1
squamous_cell_carcinoma,1
"carcinoma,_squamous_cell",1
head_and_neck_tumor,1
squamous_cell_carcinoma_of_head_and_neck,1
head_and_neck_neoplasm,1
mouth_neoplasm,1
semisynthesis,1
pyrazine_derivative,1
palmitic_acid_derivative,1
triterpenes,1
triterpene,1
"cell_line,_tumor",1
etoposide,1
sintered_and_porous_material,1
elasticity_coefficient,1
upscaled_analyse,1
sintering,1
uranium_dioxide,1
interfacial_elasticity,1
interfacial_elasticity_coefficient,1
sintered_material,1
young_modulus,1
pentacyclic_triterpene,1
lupeol,1
tank_sizing,1
performance_annual_indicator,1
cluster_configuration,1
rainwater_harvesting_cluster,1
water_budget,1
optimal_rainwater_tank_sizing,1
tank,1
indoor_air,1
indoor/outdoor,1
social_capital,1
tropism,1
host_microbial_interaction,1
fascioliasis,1
indometacin,1
bacterial_flora,1
surface_chemistry,1
polycondensations,1
solvothermal_synthesis,1
gravitational_force,1
gravitation,1
mean_first_passage_time,1
first_passage_time,1
point_particles,1
social_determinant_of_health,1
femtosecond_laser_ablation_in_liquid,1
pulse_repetition_rate,1
pulsed_laser_ablation_in_liquid,1
femtosecond_laser,1
pentacyclic_triterpenes,1
pyrazines,1
resource_management,1
hydrocarbon_generation,1
g_protein_coupled_receptor,1
protein_stability,1
doxycycline,1
protein_domain,1
internalization,1
pulsed_laser,1
surface_plasmons,1
laser_oscillator,1
repetition_rate,1
selenium_nanoparticles,1
solvent_effect,1
femtosecond_pulsed_laser_ablation,1
atopobiaceae,1
"pregnancy_trimester,_third",1
childbirth,1
gardnerella,1
exploitation,1
economic_loss,1
fasciola_hepatica,1
parasitosis,1
rainwater_harvesting,1
water_balance_model,1
rainwater,1
agricultural_worker,1
toxorhynchites_theobaldi,1
psorophora_ferox,1
yucatan,1
vulnerable_population,1
hydrocarbon_exploration,1
energy_policy,1
embedded_discontinuity_model,1
torsional_stress,1
twist_angle,1
concrete,1
constitutive_model,1
brittleness,1
mutagenesis,1
"receptors,_g_protein_coupled",1
"fatty_acids,_nonesterified",1
optimal_design,1
permanent_magnet_synchronous_generator,1
kriging,1
permanent_magnet,1
convergence,1
sorting_genetic_algorithm,1
lactococcus,1
atmospheric_chemistry,1
carbon_budget,1
aquatic_ecosystem,1
tributary,1
methane_emission,1
methanotroph,1
discontinuity_model,1
strain_localization,1
continuum_damage_mechanic,1
torsion_bar,1
closed_form_solution,1
close_form_solution,1
fracture_energy,1
embedded_discontinuity,1
continuum_damage_model,1
strain_localization_problem,1
spatial_variation,1
metallic_precursor,1
palladium_alloy,1
particle_number_density,1
applied_potential,1
electrochemical_formation,1
biological_transport,1
"receptors,_nicotinic",1
la_mancha_[veracruz],1
atmospheric_diffusion,1
biogeochemical_cycle,1
homogeneity_model,1
methane_cycle,1
river_section,1
lake,1
coastal_lagoon,1
exocytosis,1
transport_at_the_cellular_level,1
nicotinic_antagonist,1
nicotinic_receptor_blocking_agent,1
secretory_pathway,1
cytoskeleton,1
f_actin,1
immunocytochemistry,1
local_softness,1
homogeneity,1
budget_control,1
la_mancha,1
carbon_dioxide_emission,1
atmospheric_methane,1
spatial_dynamic,1
seasonal_dynamic,1
chondrocyte,1
acetylcholine,1
enhanced_green_fluorescent_protein,1
nicotinic_receptor,1
aedes_taeniorhynchus,1
strategic_approach,1
agroecology,1
marketing,1
typology,1
project_management,1
food_production,1
cultural_capital,1
aedes_aegypti,1
meleagris_gallopavo,1
domestic_pig,1
pig_farming,1
box_behnken_design,1
colonization,1
experimental_design,1
local_reactivity_index,1
higher_yield,1
surface_specie,1
mg_al_layered_double_hydroxide,1
low_ionic_strength,1
charged_colloid,1
colloidal_crystallization,1
kinetics_of_crystallization,1
poly_microgels,1
microgel_suspension,1
crystallization_kinetics,1
temporal_evolution,1
articular_cartilage,1
autonomic_nervous_system,1
confounding_variable,1
independent_variable,1
cardiovascular_parameter,1
harmonic_estimation,1
"cartilage,_articular",1
chondrocytes,1
chondrogenesis,1
lizard,1
anatomy_and_histology,1
homogeneous_process,1
sodium_zirconate,1
composite_catalyst,1
"transesterification_of_triglyceride,_biodiesel",1
heterogeneous_catalyst,1
solid_state_method,1
harmonic_distortion,1
online_parameter_estimation,1
algebra,1
algebraic_identification,1
time_domain_parameter,1
electric_line,1
beetle,1
insectivore,1
montane_forest,1
syphilis_serodiagnosis,1
syphilis,1
syphilis_serology,1
aortic_valve_calcification,1
electrocardiography,1
pressure_gradient,1
valve_deterioration,1
culex_nigripalpus,1
trilaurin,1
chiapas,1
cow_milk,1
desmosterol,1
detergent,1
yak,1
organic_milk,1
brachiaria_brizantha,1
tricaprilin,1
fatty_acid_analysis,1
sterol_analysis,1
estimation_approach,1
power_system_signal,1
power_converter,1
estimation_method,1
feeding_ecology,1
predator_prey_interaction,1
food_industry,1
lysiloma_divaricatum,1
zika_virus,1
aedes_trivitattus,1
animal_husbandry,1
mosquito_vector,1
limatus_durhamii,1
aedes_cozumelensis,1
culex_quinquefasciatus,1
culex,1
sewage_disposal,1
virus_rna,1
crowding,1
rainy_season,1
symptom,1
public_health_problem,1
ceramide,1
stearic_acid,1
tripalmitin,1
trisdecanoin,1
trimyristin,1
sodium_sulfate,1
flame_ionization_detection,1
cow,1
bracharia_hybrid,1
campesterol,1
sterol,1
stigmasterol,1
panicum_virgatum,1
brassicasterol,1
microspheres,1
carbon_material,1
carbon_microspheres,1
maxwell_equation,1
momentum_balance_equation,1
electromagnetic_wave,1
poyntings_vector,1
radiation_field,1
vertebrate,1
specie_complex,1
conservation_of_natural_resource,1
constipation,1
abdominal_distension,1
enteropathy,1
flatulence,1
alcoholic_beverage,1
mental_disease,1
feynman_disk_paradox,1
public_sector,1
workplace,1
chaotic_energy,1
spin_boson,1
general_expression,1
dicke_model,1
hilbert_space,1
vector_space,1
effective_dimension,1
visceral_hyperalgesia,1
irritable_colon,1
digestive_system_disorder,1
carbon_carbon,1
carbon_microfibers,1
electromagnetic_force_density,1
quasistatic_field,1
hidden_momentum,1
linear_and_angular_momentum,1
breeding,1
anopheles_albimanus,1
culex_declarator,1
aedes,1
entomology,1
culex_coronator,1
domestic_animal,1
dry_season,1
waste_management,1
zika_fever,1
placental_transfer,1
glutamic_acid,1
thiazolidine_derivative,1
fenofibrate,1
phase_space,1
dimensional_phase_space,1
quasiprobability_distribution,1
infinite_dimensional,1
ruthenium_alloy,1
carrier_effect,1
ruthenium,1
ni_catalyst,1
oxygen_interaction,1
surface_acid_site,1
hydrogen_adsorption,1
anisole,1
nickel,1
static_condition,1
depolymerization,1
urinary_tract_infection,1
peritonitis,1
intrauterine_infection,1
acclimation,1
extinction,1
charcoal,1
rearing,1
toxoplasma,1
electrochemical_detection,1
toxoplasma_gondii,1
mouse_model,1
ppar_alpha,1
drug_toxicity,1
hypolipidemic_activity,1
thiazolidines,1
biogeographic_region,1
tropical_rain_forest,1
ixodes_affinis,1
ppara_gene,1
adjuvant_therapy,1
enzyme_active_site,1
ligand_binding,1
survival_analysis,1
network_analysis,1
differential_gene_expression,1
histone_demethylase,1
gene_expression_level,1
gene_set_enrichment_analysis,1
antilipemic_agent,1
pharmacokinetics,1
thiazole_derivative,1
translational_motion,1
angular_displacement,1
translational_displacement,1
measurement_of,1
obese_patient,1
protein_data_bank,1
amblyomma_parvum,1
amblyomma_ovale,1
tick,1
amblyomma_inornatum,1
puma_concolor,1
jaguar,1
rainforest,1
geographical_region,1
rhipicephalus_microplus,1
host,1
southern_europe,1
cbconduction_band,1
ozonization,1
ciprofloxacin_ciprofloxacin,1
nitrogen_codoped,1
x_ray_diffraction_x_ray_diffraction,1
amblyomma_tenellum,1
tropical_dry_forest,1
habitat_use,1
ixodes,1
ixodes_spinipalpis,1
rotational_microrheology,1
dumbbell,1
videomicroscopy,1
anisotropic_particle,1
microrheology,1
cod_chemical_oxygen_demand,1
hydrogen_electrode,1
nanoroughness,1
photocatalytic_ozonation,1
po_photolytic_ozonation,1
scanning_electron_microscopy_scanning_electron_microscopy,1
total_organic_carbon,1
osteoarthritis,1
life_style,1
knee_osteoarthritis,1
canary_island,1
axial_osteoarthritis,1
smoking_habit,1
geographic_origin,1
cervical_spondylosis,1
"osteoarthritis,_knee",1
photo_electrocatalysis,1
drs_diffuse_reflectance_spectroscopy,1
toc_total_organic_carbon,1
abbreviation_roc_recalcitrant_organic_compound,1
pregestational_exposure,1
locomotion,1
immunoglobulin_g_antibody,1
maternal_antibody,1
cerebral_cortical_tissue,1
murine_toxoplasmosis,1
learning_approach,1
waste_energy,1
probabilistics,1
photoelectrocatalytic,1
recalcitrant_organic,1
x_ray_photoelectron_spectroscopy_x_ray_photoelectron_spectroscopy,1
leptospira,1
ozone_water_treatment,1
vbvalence_band,1
co_doped,1
rhe_reference_hydrogen_electrode,1
photoelectrocatalyse_photoelectrocatalyse,1
standard_hydrogen_electrode,1
hplc_high_performance_liquid_chromatography,1
photoelectrocatalysis,1
photocatalytic_ozonation_photocatalytic_ozonation,1
she_standard_hydrogen_electrode,1
ph_photolysis,1
uv_vis_ultraviolet_visible_spectroscopy,1
photocatalyse_photocatalyse,1
synthetic_municipal_wastewater_synthetic_municipal_wastewater,1
diffuse_reflectance_spectroscopy,1
ab_initio_calculation,1
hybridization,1
lithium_ion,1
toxigenic,1
photoelectrocatalytic_ozonation_photoelectrocatalytic_ozonation,1
exopolysaccharides,1
strain,1
adhesive,1
acid_whey,1
probiotic_lactobacillus,1
optimum_temperature,1
texture_property,1
production_yield,1
lactobacillus_delbrueckii,1
whey_waste,1
leptospira_interrogans_serovar_canicola,1
enterotoxin,1
colony_forming_unit,1
coriander,1
oligonucleotide,1
genetics_diversity,1
denaturation,1
biofilms,1
vegetable,1
oligonucleotides,1
herd,1
ecological_niche,1
"antibodies,_bacterial",1
bacterium_antibody,1
sheep_disease,1
leptospira_interrogans_serovar_icterohaemorrhagiae,1
lithium,1
coriande,1
enterotoxigenic,1
biofilm,1
biofilm_production,1
epistemological_approach,1
thermal_engineering,1
bacterium_lysate,1
exposure,1
fetus_brain,1
behavior_disorder,1
hypoactivity,1
syndrome,1
bloodstream_infection,1
pyelonephritis,1
meningitis,1
polluted_water,1
economic_and_social_effect,1
load_profile,1
world,1
turkey,1
social_organization,1
xochimilco,1
agri,1
hydroxide,1
quantum_espresso,1
absorption_property,1
castep,1
cation_ordering,1
zn_al_layered_double_hydroxide,1
vibrational_property,1
aluminum,1
sporogenesis,1
nerve_cell_adhesion_molecule,1
"oncogene_proteins,_viral",1
cell_migration,1
cation,1
time_and_frequency_domain,1
temporal_data,1
household_consumption,1
temporal_data_granularity,1
wavelet_transforms,1
frequency_domain_analysis,1
signal_processing,1
data_granularity,1
electric_load_profile,1
importance_sampling,1
smart_meter,1
oscillation_mode,1
genotype_phenotype_correlation,1
luciferase_assay,1
carcinogenesis,1
small_interfering_rna,1
cell_movement,1
resveratrol,1
chromium,1
fourier_series,1
empirical_mode_decomposition,1
micrornas,1
gene_overexpression,1
endometrium_cancer,1
epithelial_mesenchymal_transition,1
cell_motion,1
gene_knockdown,1
mincr_protein,1
data_mining,1
tumor_invasion,1
rap_protein,1
rap_gtp_binding_protein,1
abdominal_infection,1
infectious_agent,1
energy_source,1
process_system_engineering,1
feed_forward,1
energy_recovery,1
surrogate_modeling,1
chitosan_composite,1
fourier_transforms,1
metal_ion_removal,1
cell_microarray,1
oncoprotein,1
chromium_hexavalent_ion,1
dephosphorylation,1
random_forest,1
nurse_plant,1
facilitation,1
klebsiella_pneumoniae,1
chlamydia,1
standard,1
gonorrhea,1
bull,1
agroecosystem,1
tgf_beta_signaling,1
training,1
autophagy,1
cell_function,1
cell_division,1
submersible,1
matlab,1
design_variable,1
akt_signaling,1
validation_process,1
predictive_model,1
nf_kb_signaling,1
cell_activity,1
cancer_therapy,1
artificial_neural_network,1
contact_based_modeling,1
ensemble_kalman_filter,1
data_state,1
epidemic_spreading,1
filter_application,1
contagious_disease,1
europium_compound,1
processability,1
high_quantum_efficiency,1
quantum_efficiency,1
k_bridge,1
photophysical_property,1
data_assimilation,1
parametrizations,1
model_identification,1
triatominae,1
owl,1
breast,1
trypanosoma_cruzi,1
raccoon,1
oil_production,1
hydrocarbon_resource,1
feedlot,1
isotherm_data,1
kinetic_data,1
reinforcement,1
thermoplastic_composite,1
mechanical_erosion,1
removal_of_heavy_metal_ion,1
intermediate_scattering_function,1
non_equilibrium,1
density_fluctuation,1
dilute_suspension,1
hydrodynamic_response,1
semisubmersibles,1
maximum_response,1
semisubmersible_platform,1
succinimide,1
as_cast,1
polymeric_complex,1
europium_complex,1
polymeric_compound,1
eu_complex,1
electrochemical_device,1
double_helix_structure,1
electrochemical_behaviour,1
electrical_conductivity,1
fourier_transform_infrared_spectrum,1
solution_casting_method,1
optimization_methodology,1
environmental_condition,1
configuration_system,1
the_weight_of_the_hull,1
algorithm_method,1
bacterial_virulence,1
virulence_factor,1
commensal_escherichia_coli,1
zoonosis,1
specific_capacitance,1
biopolymer_electrolyte,1
aluminum_metallography,1
grain_refinement,1
research_laboratory,1
high_mechanical_strength,1
corrosion_resistant_alloy,1
corrosion_resistance,1
aluminum_corrosion,1
optimal_processing,1
low_melting_point,1
friction,1
number_density,1
suspension,1
active_particle,1
dynamical_structure_factor,1
respiratory_tract_disease,1
cenchrus_purpureus,1
health_behavior,1
wastewater_treatment_with_microalga,1
one_step_sol_gel_method,1
molar_percentage,1
batch_type_reactor,1
tool_geometry,1
cell_invasion,1
cell_adhesion_assay,1
multilocus_sequence_typing,1
salmonella,1
bacterial_spore,1
spore,1
palynology,1
selaginellaceae,1
nanomagnetics,1
co_precipitation,1
iron_salt,1
xerogels,1
arsenic_removal,1
brusatol,1
hormesis,1
water_reduction,1
friction_stir_welding,1
vickers_hardness,1
grooved_surface,1
grain_growth,1
drug_delivery,1
therapeutic_effect,1
dendritic_derivative,1
nanocarriers,1
medicinal_chemistry,1
parasite_,1
fiber_optic_sensor,1
electrochemical_deposition,1
overpotential,1
amine,1
neurophysiology,1
analytical_performance,1
moss,1
bryophyta,1
dispersal,1
ornamentation,1
hydrogeology,1
process_and_procedure,1
teaching,1
learning_process,1
teaching_process,1
chatbots,1
learning_system,1
teaching_and_learning,1
extra_school_tool,1
molecular_crowding,1
beta_sheet,1
chemical_phenomenon,1
degree_of_freedom,1
hydrophobic_and_hydrophilic_interaction,1
protein_folding,1
integrated_circuit,1
diffusion_component,1
albendazole,1
drug_resistance,1
administrative_task,1
ultraviolet_region,1
hole_electron_pair,1
photoactive_material,1
laboratory_method,1
sensory_system,1
flatfish,1
physiological_response,1
nervous_system,1
active_suspension,1
vis_coelastic_fluid,1
cultivation,1
biodiesel_from_microalga,1
cloud,1
coulomb_potential,1
statistical_error,1
middle_school,1
virtual_assistant,1
dementia,1
central_nervous_system_disease,1
alzheimer_disease_assessment_scale,1
diphenyliodonium_salt,1
porcine_oocyte,1
ro,1
ovary_follicle_fluid,1
carbonylation,1
stress_generation,1
synthetic_compound,1
in_vitro_oocyte_maturation_technique,1
perturbation_correction,1
intermethod_comparison,1
many_body_perturbation,1
risk_management,1
risk_reduction,1
local_participation,1
"cells,_cultured",1
oocyte,1
maturation,1
potassium_cyanide,1
adverse_effect,1
oocyte_maturation,1
consumer_product,1
oocyte_viability,1
in_vitro_oocyte_maturation,1
protein_carbonylation,1
forensic_engineering,1
building_tilting,1
building_collapse,1
building_code,1
collapsed_building,1
ground_motion,1
"rna,_messenger",1
phytochemistry,1
second_order,1
four_component_spinors,1
hartree_fock_energy,1
inverse_problem,1
stochastic_evaluation,1
distribution_function,1
perturbation_energy,1
relativistics,1
cucurbita_ficifolia_extract,1
fractionation,1
gamma_sitosterol,1
insulin_release,1
experimental_diabetes_mellitus,1
receptor_upregulation,1
"diabetes_mellitus,_experimental",1
liver_glycogen,1
secretagogues,1
glycogen,1
local_planning,1
geographic_information_system,1
community_participation,1
consultation,1
architectural_design,1
soil_structure_interaction_effect,1
squash,1
sitosterols,1
wastewater_pollution,1
phycoremediation,1
methyl_ester,1
bioethanol,1
verrucodesmus_verrucosus,1
sedimentation,1
biofuel,1
total_lipid,1
neochloris_oleoabundans,1
acyclic_disconnection,1
circulant_tournament,1
digraph,1
vertex_coloring,1
streptozotocin_induced_diabetes_mellitus,1
predator___prey_system,1
predator_prey_modeling,1
adiponectin,1
sitosterol_derivative,1
secretagogue,1
cucurbita,1
acetic_acid_ethyl_ester,1
bioassay,1
cucurbita_ficifolia,1
imidazole,1
nitroimidazoles,1
nadh_fumarate_reductase,1
density_functional_theory_study,1
imidazole_derivative,1
fumarates,1
parabens,1
insect_pest,1
respirometric_analyse,1
controlled_process,1
plastic_container,1
aeration,1
oxidoreductase_acting_on_ch_ch_group_donor,1
reductase_inhibitor,1
fumarate_reductase,1
homology_modeling,1
nad,1
nicotinamide_adenine_dinucleotide,1
design_for_testability,1
nitroimidazole_derivative,1
narrative,1
protest,1
concrete_thinking,1
fick–jacob–zwanzig_operator,1
turing_pattern,1
two_dimensional_domain,1
regular_bipartite_tournament,1
procambarus_clarkii,1
oscillation,1
motor_activity,1
cheliped,1
ultradian_rhythm,1
coelastrellum_sp,1
fertilizer,1
pattern_formation,1
confined_diffusion,1
predator_prey_system,1
heat_removal,1
polychlorinated_biphenyl,1
boundary_integral_method,1
two_dimensional_flow,1
newtonian,1
scale_up,1
insect,1
packed_density,1
process_control,1
packed_column_bioreactors,1
column_bioreactors,1
bioconversion,1
oxygen_supply,1
forced_aeration,1
heat,1
entomopathogenic_fungus,1
pest_control,1
external_flow,1
metal_particle,1
electromagnetic_induction,1
dichlorophenoxyacetic_acid,1
inductively_coupled_plasma,1
dark_field,1
gold,1
optical_emission_spectroscopy,1
human_animal_relation,1
problem_behavior,1
animal_behavior,1
cat/dog_owner_relationship_scale,1
aggression,1
two_phase,1
immiscible_two_phase_flow,1
viscous_coupling,1
multiphase_flow,1
flow_in_porous_medium,1
pore_scale,1
periodic_structure,1
flow_modeling,1
membrane_permeability,1
ferrous_gluconate,1
amine_oxidase_isoenzyme_b,1
superoxide,1
deprotonation,1
trolox_c,1
bipartite_tournament,1
high_income_country,1
streptococcus_pneumoniae,1
bone_infection,1
bet_specific_surface_area,1
uv_vis_absorption_spectrum,1
conservation_status,1
extreme_hydro_meteorological_event,1
ultraviolet_spectroscopy,1
band_gap_and_urbach_energy,1
energy_transfer_process,1
spectroscopic_evaluation,1
phosphate_glass,1
emission_decay,1
terrain,1
pteridophyte,1
jurassic,1
twentieth_century,1
fossil,1
mesozoic,1
morelos,1
green_function,1
coastal_community,1
snake,1
environmental_factor,1
crotalus,1
ductility,1
steel_structure,1
steel_building,1
steel_beam_column,1
column_moment,1
existing_building,1
seismology,1
damage_concentration,1
experimental_test,1
connection,1
earthquake_damage,1
structural_frame,1
life_cycle_stage,1
digenea,1
trematode,1
larval_stage,1
human_community,1
adaptation,1
biosphere_reserve,1
coastal_zone,1
biospherics,1
household_survey,1
adaptive_capacity,1
tabasco,1
coastal_marine_ecosystem,1
adaptive_management,1
protected_natural_area,1
pantanos_de_centla_biosphere_reserve,1
marine_invertebrate,1
genetic_distance,1
dna_sequence,1
heisenberg_principle,1
direct_visualization,1
joint_measurement,1
wave_mechanic,1
experimental_evaluation,1
melatonin_derivative,1
population,1
catholic,1
chaetognatha,1
trematoda,1
intermediate_host,1
specie_identification,1
cercaria,1
pipe_junction,1
gonad_development,1
metacercaria,1
metacercariae,1
near_infrared_laser,1
visible_and_near_infrared,1
trivalent_rare_earth_ion,1
o_optical_band_amplifier,1
s_optical_band_amplifier,1
erbium_doped_fiber_amplifier,1
compensation,1
leopardus,1
specie_distribution,1
tiger,1
dissolution_rate,1
climate_change_vulnerability,1
rotating_disk,1
dissolution_kinetics,1
moderate_temperature,1
chalcopyrite_dissolution_rate,1
suicidal_ideation,1
chelation,1
sexual_orientation,1
suicidal_behavior,1
college_student,1
surfactant_and_commercial_detergent,1
selenium_compound,1
acidic_ethylene_glycol_hydrogen_peroxide_solution,1
shear_stress,1
inflow,1
quantitative_study,1
cross_junction,1
sleep_research,1
turbulence_model,1
coliform_bacterium,1
analytical_equation,1
mixing,1
incoming_flow,1
discretization,1
mass_balance,1
water_flow,1
hypochlorite_sodium,1
forecasting,1
incomplete_mixing,1
reynold_number,1
turbulence,1
residual_chlorine,1
inflow_rate,1
information_and_communication_technology,1
information_technology,1
solute,1
goat,1
pastoralism,1
livelihood,1
smallholder,1
patient_preference,1
medical_information,1
self_management_education,1
frequency_of_use,1
web_browser,1
social_inclusion,1
peru,1
polysomnography,1
sleep_disordered_breathing,1
normal_faulting,1
spectrophotometric_study,1
β_cd,1
quantification,1
"sleep_apnea,_obstructive",1
apnea_hypopnea_index,1
self_management,1
sleep_apnea,1
continuous_positive_airway_pressure,1
obstructive_sleep_apnea,1
employment_status,1
communication_technology,1
cross_sectional_survey,1
management_education,1
bilevel_positive_airway_pressure,1
secondary_education,1
fertilization,1
plant_parameter,1
amplicon,1
microbial_viability,1
tertiary_education,1
cell_phone_use,1
information_use,1
strong_earthquake,1
faulting,1
structural_irregularity,1
retrofitting,1
strengthening,1
seismic_retrofit,1
resonant_response,1
seismic_resilience,1
seismic_strengthening,1
iron_oxide,1
semiamorphous_fe_bdc,1
carboxylation,1
solvent_free_aerobic_oxidation_of_cyclohexene,1
chemisorption,1
toluene_oxidation,1
oxygen_buffering_capacity,1
interaction_effect,1
aqueous_medium,1
uv_vis_spectrophotometry,1
anodic_peak,1
β_cyclodextrin,1
curcumin,1
azotobacter_vinelandii,1
root_length,1
plant_stem_diameter,1
seedling_height,1
seed_inoculation,1
soil_inoculation,1
diagnostic_accuracy,1
emotional_abuse,1
personal_experience,1
health_survey,1
sleep_deprivation,1
disease_course,1
suicide,1
parental_death,1
fungal_gene,1
pende_gene,1
basic_leucine_zipper_transcription_factor,1
dimethylformamide,1
solvent_free,1
concentration_dependent,1
observer,1
oxygen_storage_capacity,1
strong_metal_support_interaction,1
buffering_capacity,1
hyperalgesia,1
mechanical_hypersensitivity,1
neuralgia,1
treatment_indication,1
gabapentin,1
benzathine_penicillin,1
drug_dose_increase,1
concentration_process,1
thoracic_vertebra,1
rhizosphere_bacterium,1
encapsulation,1
simulated_gastrointestinal_condition,1
plastic_coating,1
effect_of_ph,1
pain_threshold,1
lipid_peroxidation_assay,1
paw_withdrawal_threshold,1
antinociception,1
oh$+_$,1
fluorescence_spectroscopy,1
phenol_photodegradation,1
zrsn_composite,1
uv/_vi_spectroscopy,1
photo_activities,1
catalytic_evaluation,1
zirconia_oxide,1
oxygen_deficient,1
polydispersity_index,1
nanoparticle_preparation,1
titanate,1
titanium_compound,1
photon_downshifting,1
non_linear_estimator,1
pea_drying,1
shrinkage,1
non_linear,1
fruit_and_vegetable,1
moisture_diffusion_coefficient,1
drying_shrinking,1
linear_estimator,1
agricultural_product,1
drying,1
surface_charge,1
coating_efficiency,1
polylysine,1
desolvation,1
coated_nanoparticles,1
regulatory_sequence,1
rna_interference,1
protein_pcrsma,1
brla_gene,1
christian,1
bioavailability,1
cell_energy,1
film_persistence,1
phase_locked_loop,1
ph_effect,1
poly_l_lysine,1
alpha_lactalbumin,1
leukemia,1
juvenile_rheumatoid_arthritis,1
fibula,1
lanthanum_compound,1
near_infrared_photon,1
powder_metal,1
sensitisation,1
diffuse_reflectance_spectrum,1
ligand_to_metal_charge_transfer_charge_energy_transfer,1
solid_solution,1
hepatocyte_growth_factor,1
kidney_function,1
bile_duct,1
bile_cast_nephropathy,1
scatter_factor,1
α_lactalbumin,1
duchenne_muscular_dystrophy,1
fibrosis,1
"muscular_dystrophy,_duchenne",1
x_chromosome_linked_disorder,1
osteolysis,1
neuromuscular_disease,1
rank_ligand,1
cholestasis,1
micturition,1
creatinine_clearance,1
fibrosing_alveolitis,1
albuminuria,1
bile_acid_and_salt,1
glaucoma,1
gait,1
osteoclastogenesis,1
growth_retardation,1
receptor_activator_of_nuclear_factor_kappa_b,1
muscle_hypertrophy,1
utrophin,1
dystrophin,1
colony_stimulating_factor,1
prednisolone,1
bone_density,1
kyphoscoliosis,1
osteoblast,1
cushing_syndrome,1
cataract,1
muscle_atrophy,1
scoliosis,1
bone_metabolism,1
backache,1
iron_availability,1
mechanic,1
bone_mineralization,1
muscle_metabolism,1
heat_exhaustion,1
hyperparathyroidism,1
lung_function,1
spine_malformation,1
breathing_muscle,1
weakness,1
bone_remodeling,1
abdominal_obesity,1
myopathy,1
bone_necrosis,1
bone_morphogenetic_protein,1
creatine_kinase_blood_level,1
muscle_weakness,1
mobilization,1
osteopenia,1
tibia,1
reactivity_index,1
metal_surface,1
bronze,1
corrosion_resistant_coating,1
corrosion_inhibition,1
paraloid,1
fukui_reactivity_index,1
sem_eds,1
corrosion_inhibitor,1
e._coli,1
pyruvic_acid,1
cellulars,1
trading_volume,1
canonical_wnt_signaling,1
heart_disease,1
distal_femur,1
hyperinsulinemia,1
"burnout,_professional",1
"hospitals,_public",1
burnout,1
nursing_staff,1
public_hospital,1
"nursing_staff,_hospital",1
electric_network_analysis,1
poisoning_effect,1
methanol_oxidation,1
ptmo/c_catalyst,1
electric_network_parameter,1
toughening_effect,1
visco_elastic_behavior,1
ether,1
co_poisoning,1
methanol_fuel,1
direct_methanol_fuel_cell,1
catalyst_poisoning,1
co_poisoning_effect,1
pt/c_catalyst,1
vibrational_state,1
hf,1
equation_of_motion,1
tf,1
approximation_theory,1
analytic_representation,1
crude_oil,1
fusarium_oxysporum,1
dipotassium_hydrogen_phosphate,1
mixed_cell_culture,1
depsipeptides,1
cordyceps,1
epicoccum_nigrum,1
coculture_technique,1
random_pattern,1
crude_oil_market,1
singular_value_decomposition_entropy,1
crude_oil_market_efficiency,1
market_efficiency,1
surrogate_data,1
silicone,1
fracture_surface,1
extraction_condition,1
peptone,1
depsipeptide,1
beauvericin,1
beauveria_bassiana,1
phytochemical,1
cactaceae,1
"chromatography,_high_pressure_liquid",1
stomach_muscle,1
fracture_mechanic,1
tensile_strain,1
scanning_electronic_microscopy,1
bisphenol_a_diglycidyl_ether,1
polydimethylsiloxane,1
microchannels,1
dgeba_epoxy_resin,1
fusarium,1
accuracy,1
ferrous_sulfate,1
magnesium_sulfate,1
coculture,1
respiratory_quotient,1
microscopic_object,1
heisenberg_uncertainty,1
uncertainty_measurement,1
quantum_foundation,1
magnetic_iron_oxide_nanoparticle,1
excretion,1
oxygen_concentration,1
flux_distribution,1
citric_acid_cycle,1
specific_surface_area,1
zinc_derivative,1
stomach_juice,1
tartaric_acid,1
used_product,1
steady_state,1
iron_limitation,1
x_ray_scattering,1
x_rays:_ism,1
ism:_kinematics_and_dynamic,1
electromagnetic_wave_emission,1
amylolytic_enzyme,1
glucose_absorption,1
regulatory_mechanism,1
insulin_response,1
stomach_emptying,1
gastrointestinal,1
blood_glucose_homeostasis,1
spherical_droplet,1
unbounded_system,1
cooling,1
ring_defect,1
defect_formation,1
tablet,1
ultraviolet_spectrophotometry,1
drug_release,1
measurement_accuracy,1
drug_solubility,1
analytic_method,1
parameter,1
measurement_precision,1
acetylsalicylic_acid,1
metal_content,1
plug_flow_reactor,1
deactivation_model,1
flocculation,1
coagulation,1
hypoxanthine,1
over_oxygenation,1
carbon_flux_distribution,1
strong_motion,1
building_separation,1
absolute_difference,1
earthquake_engineering,1
hydrothermal_stability,1
cu_cha,1
water_vapour,1
anchorings,1
spherical_nanodroplet,1
confinement,1
physician,1
health_care_personnel,1
workforce,1
discotic_liquid_crystal,1
nano_droplets,1
keratinocyte_growth_factor,1
blood_cell_count,1
nutrigenomics,1
choline,1
andrographis_paniculata,1
energy_expenditure,1
time_to_maximum_plasma_concentration,1
phosphatidylcholine,1
isoflavone,1
anticoagulation,1
natural_chabazite,1
fluidised_bed_reactor,1
downflow_fluidised_bed_reactor,1
yellow_water,1
waste_water_treatment_plant,1
downflow,1
ureolysis,1
biological_treatment,1
lactation,1
bilirubin,1
aspartate_aminotransferase,1
serine_proteinase_inhibitor,1
nurse,1
dentistry,1
health_workforce,1
health_insurance,1
health_care,1
universal_health_insurance,1
midwife,1
nutrient_recovery,1
seismic_code,1
supernova_remnant,1
fabry_perot_interferometer,1
radio_continuum:_ism,1
x_rays:_individual,1
ism:_individual_object,1
ism:_supernova_remnant,1
supernova,1
spinel_ferrite,1
hydrothermal_method,1
complexing_agent,1
latino_people,1
biological_water_treatment,1
optimal_parameter,1
holding_time,1
alloy_steel,1
zinc_coated_high_strength_steel,1
steel_sheet,1
sulfuric_acid,1
immobilized_biomass,1
struvites,1
struvite,1
biological_oxygen_demand_analysis,1
biochemical_oxygen_demand,1
single_walled_carbon,1
metal_organic_frameworks,1
solvothermal_method,1
swcnt,1
in_situ_raman_spectroscopy,1
recombinant_antigen,1
nucleoprotein,1
sialidase,1
virus_antibody,1
virus_antigen,1
expression_vector,1
yarn,1
single_walled_carbon_nanotube,1
zinc_coating,1
molten_material,1
welding_time,1
high_strength_alloy,1
weld,1
cycle_time,1
spot_welding,1
high_strength_steel,1
dismutation,1
ethylene_glycol_oxidation,1
fenton_like_reaction,1
labor_migration,1
skilled_labor,1
international_migration,1
immigrant_population,1
adjacent_building,1
parametric_study,1
core_shell_nanoparticles,1
dimer,1
interaction_force,1
dissolved_copper,1
fenton_and_fenton_like_reaction,1
"antigens,_viral",1
neuraminidase,1
therapeutic_agent,1
cloning,1
kanamycin,1
paramyxovirus_infection,1
rubulavirus,1
eye_disease,1
matrix_protein,1
hemagglutinin,1
immunoreactivity,1
"antibodies,_viral",1
hemagglutinins,1
horseradish_peroxidase,1
laminar_flow,1
acetate_buffer,1
leach_liquor,1
oxidative_dissolution,1
dynamic_light_scattering,1
dielectric_material,1
organic_cation,1
metal_halide,1
quality_control_procedure,1
peppas_sahlin_model,1
mean_residence_time,1
hydrochloric_acid,1
uniformity_of_dosage,1
pharmaceutical_equivalence,1
flow_through_cell_technique,1
dissolution_efficiency,1
laboratory_technique,1
phosphate_buffer,1
investigative_procedure,1
pharmacopeial_test,1
triose_phosphate_isomerase,1
combination_index,1
trichomonas_infection,1
antitrichomonal_agent,1
sexually_transmitted_disease,1
honey,1
alpha_glucosidases,1
alpha_amylases,1
sulfachlorpyridazine,1
drug_conformation,1
crystal_form,1
sulfacetamide,1
hydrogen_bonding,1
sulfadimidine,1
perovskite_solar_cell,1
ruddlesden_popper,1
kinetic_scheme,1
log_of_slope,1
biphasic_digestion_pattern,1
color_emission,1
ca_doped_zno,1
blue_emission,1
emission_color,1
doped_zno,1
emission_enhancement,1
film_preparation,1
perovskite_thin_film,1
precursor_solution,1
perovskite,1
drug_potentiation,1
trichomoniasis,1
trichomonas_vaginalis,1
conversion_kinetics,1
monte_carlo_dynamic,1
granular_starch,1
starch_molecule,1
silica_nanoparticles,1
self_assembled_structure,1
steric_repulsion,1
self_assemble,1
composite_property,1
polybutadienes,1
three_body_interaction,1
seismic_pounding,1
rotation_rate,1
coronavirus_protein,1
drug_design,1
ugi_zhu_reaction,1
muscle_strength,1
nir_emission,1
phosphor,1
isopropanol,1
short_chain_organic_additive,1
shorter_chain,1
surface_active_agent,1
chalcopyrite_leaching,1
complete_oxidation,1
ho*_radical,1
and_hydrogen_peroxide,1
organic_additive,1
cephalosporin_derivative,1
transcription_regulation,1
"gene_expression_regulation,_fungal",1
enzyme_molecule,1
self_assembly,1
chainlike_structure,1
polymer_composite,1
"cardiomyopathy,_dilated",1
invagination,1
"lmna_protein,_human",1
tricuspid_annular_plane_systolic_excursion,1
transcription_factor_msna,1
analytical_approach,1
invariant_set,1
periodic_orbit,1
reversing_symmetry,1
three_body_problem,1
mass_parameter,1
spatial_periodic_orbit,1
hill_approximation,1
hemodialysis,1
renal_dialysis,1
dietary_supplement,1
task_performance,1
pilot_project,1
postural_balance,1
time_and_motion_study,1
body_equilibrium,1
adsorption_behaviour,1
isostructural_material,1
benzene_adsorption,1
transcription_factor_hap,1
transcription_factor_srra,1
acremonium_chrysogenum,1
cephalosporin_c,1
viral_protease,1
single_crystal_x_ray_diffraction_study,1
structural_flexibility,1
manganese_compound,1
organic_linkers,1
interaction_index,1
quantum_theory_of_atom_in_molecule,1
invasive_ventilation,1
vascular_endothelial_growth_factor,1
superficial_thrombophlebitis,1
venous_blood,1
medical_record,1
pulmonary_embolism,1
autoimmunity,1
clinical_study,1
fibrinogen,1
neutrophil_count,1
metal_ion_contaminated_water,1
contaminated_water,1
pb_ion,1
postoperative_period,1
transthoracic_echocardiography,1
prosthetic_valve_dysfunction,1
pericardium,1
lung_embolism,1
blood_level,1
thrombocyte,1
lymphocyte,1
death,1
thrombus,1
troponin_i,1
deep_vein_thrombosis,1
artery_thrombosis,1
inorganics,1
lamin_type_a,1
family_history,1
phenotypic_variation,1
electrocardiogram,1
"tmpo_protein,_human",1
hydrodynamic_condition,1
steel_corrosion,1
morality,1
middle_income_country,1
indoor_air_pollution,1
respiratory_tract_infection,1
dicarboxylates,1
fe_btc,1
heavy_metal_ion_adsorption,1
nanoparticle_fe,1
beta_pinene,1
carbon_nuclear_magnetic_resonance,1
aortic_valve_replacement,1
aortic_regurgitation,1
aortic_valve_disease,1
sandwich_elisa,1
transcatheter_aortic_valve_implantation,1
aortic_valve_stenosis,1
heart_valve_replacement,1
two_dimensional_echocardiography,1
lipase,1
engineering_challenge,1
synthesis_reaction,1
environmentally_benign,1
temperature_induced,1
stepwise_adsorption,1
electron_transfer,1
oxygen_defect,1
nearest_neighbor_search,1
academic_environment,1
academic_stress,1
remote_photoplethysmography,1
transport_phenomenon,1
solid/gas_biocatalyse,1
surface_response_analysis,1
model_response,1
petiveria_alliacea_extract,1
phytolaccaceae,1
petiveria_alliacea,1
terpenoid_derivative,1
indan,1
isocaryophyllene,1
stress_recognition,1
exchange_energy_functional,1
energy_functionals,1
ionization_potential,1
lowest_unoccupied_molecular_orbital,1
number_of_electron,1
generalized_gradient_approximation,1
exchange_correlation,1
verbenone,1
asteraceae,1
bicyclic_monoterpenes,1
"oils,_volatile",1
ag_+,1
rietveld_refinement,1
congo_red,1
electron_transferring,1
contact_method,1
university_course,1
guatemala,1
nonsense_mutation,1
heterozygote,1
pedigree,1
congestive_cardiomyopathy,1
wild_type,1
pericardial_effusion,1
missense_mutation,1
thymopoietins,1
medical_assessment,1
homodimer,1
"mutation,_missense",1
noncontact_method,1
stress_level,1
electron_affinity,1
eigen_value,1
valence_band_maximum,1
rheumatoid_factor,1
coronary_artery_atherosclerosis,1
cyclic_citrullinated_peptide_antibody,1
joint_destruction,1
salazosulfapyridine,1
synovitis,1
erosion,1
mesoporous_material,1
ether_group,1
acid,1
photoelectric_plethysmography,1
decision_tree,1
photoplethysmography,1
charge_storage,1
alkali,1
acid_site,1
zeolite_catalyst,1
hydrogenation_catalyst,1
mesoporous,1
methoxy_group,1
y_zeolite,1
habitat_quality,1
united_kingdom,1
socioeconomic_indicator,1
bristol_[england],1
freshwater_ecosystem,1
environmental_quality,1
england,1
ecosystem_service,1
saline_effluent,1
reuse,1
polyethylene_terephthalates,1
graphene_based_supercapacitor,1
supercapacitor_electrode,1
capacitance_retention,1
charge_discharge,1
average_size,1
energy_density,1
plastic_bottle,1
electrochemical_performance,1
electric_resistance,1
capacitance_density,1
supercapacitor,1
capacitance,1
wrinkled_electrode,1
monomode_laser,1
photon_beam,1
cu_content,1
cu_zeolite,1
heavy_ion,1
cu_specie,1
temperature_range,1
space_velocity,1
re_claimed_water,1
water_recovery,1
activated_carbon_treatment,1
activated_carbon,1
effluent_treatment,1
industrial_effluent,1
integrated_membrane_process,1
carbon_ion,1
"intestine,_small",1
goblet_cell,1
enteritis,1
muscarine,1
dye_removal,1
water_filtration,1
membrane_treatment,1
food_effluent,1
light_interference,1
quantum_interference,1
quantum_electrodynamics,1
electrodynamics,1
particle_beam,1
quantum_measurement,1
interference_fringe,1
photon_path,1
muscarinic_receptor,1
selection_technique,1
signaling,1
cellular_signaling_data,1
first_order,1
kinetics_performance,1
long_term_stability,1
high_selectivity,1
ethane_oxidative_dehydrogenation,1
nio_catalyst,1
redox_kinetics,1
active_site,1
partial_pressure,1
catalyst_selectivity,1
muscarinic_agonist,1
intestinal_mucosa,1
chemical_detection,1
feature_selection,1
oxidative_activity,1
decontamination,1
ozone_gas,1
cholinergic_system,1
"receptors,_muscarinic",1
muscarinic_agent,1
cytofluorometry,1
cell_size,1
atropine,1
intestine_mucosa,1
gamma_interferon,1
peyer_patch,1
cell_suspension,1
peyers_patch,1
cooked_meat,1
food_preference,1
red_meat,1
face_to_face,1
sheep_meat,1
market_segment,1
preference,1
meat_product,1
consumer_behavior,1
dimensionality_reduction,1
exploratory_data_analysis,1
multi_class_classification,1
feature_extraction,1
domain_knowledge,1
correlation_method,1
cellular_signalling,1
protective_equipment,1
gas_concentration,1
artificial_contamination,1
bio_security,1
congestive_heart_failure,1
complete_heart_block,1
systolic_dysfunction,1
nuclear_protein,1
sustainable_development_goal,1
mongolia,1
"air_pollution,_indoor",1
tramadol,1
analgesic_activity,1
dihydrosanguinarine,1
biological_macromolecule,1
meat,1
density_functional_theory+u+j,1
haematite,1
solar_fuel,1
essential_element,1
mexican_consumer,1
consumption_profile,1
consumer_attitude,1
norbixin,1
digestibility,1
alkaline_treatment,1
purification_treatment,1
bixa_orellana,1
micro_structural,1
annatto_starch,1
novel_starch,1
lipid_oxidation,1
lipopeptide,1
fengycins,1
primary_metabolite,1
metabolite_production,1
homologous_compound,1
albino_mouse,1
intraperitoneal_drug_administration,1
blood_vessel_injury,1
linoleic_acid,1
antihypertensive_therapy,1
murine_model,1
diastolic_blood_pressure,1
hentriacontane,1
agave_tequilana,1
endothelial_dysfunction,1
massachusetts,1
chiroptera,1
metabolic_rate,1
artibeus_jamaicensis,1
mitochondrial_membrane_potential,1
bone_marrow_cell,1
cell_metabolism,1
somatostatin_cell,1
density_functional_theory_calculation,1
hydroxyl_radical_addition,1
surfactins,1
quadrupole_mass_spectrometry,1
iturins,1
polyurethane_foam,1
lipopeptides,1
rigid_foamed_plastic,1
culture_medium,1
drug_metabolite,1
licking,1
genotyping_technique,1
functional_electrical_stimulation,1
hand_movement,1
technology_readiness_level,1
upper_limb,1
arm_movement,1
measurement_repeatability,1
culture,1
biosurfactant,1
submerged_vegetation,1
polyurethane,1
lymphoid_cell,1
flying,1
wild,1
stroke,1
middle_cerebral_artery_occlusion,1
intracerebroventricular_drug_administration,1
somatostatin_secreting_cell,1
isoquinolines,1
leukocyte_structure,1
hypokinesia,1
lamin_ac,1
new_york_heart_association_class,1
thymopoietin,1
heart_left_ventricle_ejection_fraction,1
pacemaker_implantation,1
lamin,1
lamin_a,1
benzophenanthridines,1
crystallization,1
hierarchical_system,1
techno_economics,1
peroxide,1
calcium_oxide,1
polymer_nanoparticle,1
polyglactin,1
niche,1
last_interglacial,1
coexistence,1
assembly_rule,1
recovery_of_function,1
axon,1
nerve_fiber_regeneration,1
multiphoton_microscopy,1
convalescence,1
preclinical_study,1
hyaluronic_acid,1
infection_rate,1
cosmetic_dermatology,1
povidone,1
polyvinyl_alcohol,1
zolmitriptan,1
extracellular_vesicle,1
methane_potential,1
biogeochemistry,1
alkaline_pretreatment,1
methane_production,1
organic_matter_content,1
energy_conservation,1
biogas_production,1
microalgal_biomass,1
biogas,1
health_equity,1
statistical_bias,1
geometric_estimator,1
observability,1
centralized_model,1
multi_machine_power_system,1
nonlinear_estimation_theory,1
engineering_estimation,1
polyglycolic_acid,1
diploid_cell_vaccine,1
transdermal_drug_administration,1
influenza,1
poliomyelitis,1
cosmetic,1
migraine,1
cutaneous_drug_administration,1
"ace_protein,_human",1
oxygen_therapy,1
high_resolution_melting_analysis,1
virology,1
pathogenicity,1
peptidyl_dipeptidase_a,1
lipid_level,1
samoan,1
carboxymethylcellulose,1
pore_uniformity,1
skin_penetration,1
mechanical_uniformity,1
"administration,_cutaneous",1
influenza_vaccine,1
bias,1
semantic_web,1
east_asian,1
genetic_code,1
exome,1
alb_gene,1
low_density_lipoprotein_cholesterol_level,1
molecular_genetics,1
genetic_database,1
computational_biology,1
var_gene,1
extended_kalman_filter,1
nonlinear_interconnected_system,1
robust_state_estimation,1
decentralised,1
decentralized_dynamic_state_estimation,1
nonlinear_analysis,1
tuning,1
high_density_lipoprotein_cholesterol_level,1
"genetics,_population",1
multifactorial_inheritance,1
"databases,_genetic",1
bocconia_arborea,1
gastrointestinal_mucosa_protective_agent,1
picrotoxin,1
sedative_agent,1
papaveraceae,1
traditional_medicine,1
benzophenanthridine_derivative,1
ageratina,1
hemiparesis,1
modified_ashworth_scale,1
gene_identification,1
molecular_sequence_annotation,1
waist_circumference,1
tetrahydrocannabinol,1
respiratory_function,1
low_density_lipoprotein_cholesterol,1
european,1
genetic_trait,1
south_asian,1
africa,1
whole_exome_sequencing,1
laser_optic,1
coupled_resonator,1
tight_binding_modeling,1
compressional_wave,1
bragg_reflection,1
mechanical_resonator,1
lipid_metabolism,1
nabilone,1
ethylene_glycol_solution,1
chronoamperometry,1
growing_surface,1
crystal,1
tight_binding_theoretical_modeling,1
vibration_property,1
high_quality,1
coupled_resonator_phononic_metamaterial,1
crystal_resonator,1
hypertriglyceridemia,1
cannabigerol,1
cannabis,1
vertigo,1
adrenergic_system,1
endocannabinoid,1
haplotype,1
gene_deletion,1
real_time_reverse_transcription_polymerase_chain_reaction,1
giraffe,1
zoo_animal,1
mycobacterium_avium_subsp._paratuberculosis,1
microalbuminuria,1
levonantradol,1
mydriasis,1
cannabinoid,1
cardiovascular_function,1
dronabinol,1
renin_angiotensin_aldosterone_system,1
hyperglycemia,1
aldosterone,1
dexanabinol,1
sertraline,1
x_ray_structure,1
classical_molecular_dynamic,1
qtaim,1
intrinsic_deformation,1
program_processor,1
two_way,1
electrolyte_reduction,1
ni_electrodeposition,1
supporting_electrolyte,1
non_aqueous_solvent,1
solvent_based,1
hospital_patient,1
"genome,_viral",1
coronavirus_nucleocapsid_protein,1
bioethics,1
forest_management_plan,1
state_control,1
silvicultural_regime,1
forest_management,1
vector_borne_disease_modeling,1
bandpass_filter,1
forecast_of_dengue_case,1
population_size,1
system_identification,1
ruminant,1
calf,1
pyruvate_sodium,1
wildebeest,1
ziehl_neelsen_staining,1
egg_yolk,1
abacavir,1
local_closure_problem,1
momentum_transport,1
domain_approach,1
free_flow,1
transport_equation,1
position_dependent,1
s_method,1
power_system_oscillation,1
signal_parameter,1
forest,1
timber,1
community_forestry,1
nature_conservation,1
silviculture,1
kruskal_wallis_test,1
reforestation,1
combined_effect,1
combined_operation,1
phosphorus_compound,1
individual_component,1
oxidation_process,1
hydroxyl_radical,1
color_degradation,1
advanced_oxidation_process,1
synergetic_degradation,1
identification,1
data_reduction,1
vector_borne_disease,1
population_statistic,1
free_flow/porous_medium_inter_region,1
one_domain_approach,1
free_fluid,1
high_voltage_transmission_tower,1
transmission,1
transmission_tower,1
aerodynamic_load,1
non_linear_pushover_analysis,1
structural_reliability,1
logging,1
satellite_imagery,1
toluca,1
buffer_zone,1
adaptive_scheme,1
power_oscillation,1
fast_fourier_transforms,1
signal_analysis,1
prony’s_method,1
adaptive_order,1
alternating_direction_implicit_method,1
caputo_derivative,1
delayed_neutron,1
reactivity,1
two_dimensional_fractional_neutron_diffusion_equation,1
diffusion_model,1
neutron_diffusion_equation,1
acidogenic_product,1
organic_loading_rate,1
ethanol,1
wind_stress,1
research_opportunity,1
structural_element,1
detailed_model,1
collapse_mechanism,1
tower,1
deforestation,1
computational_efficiency,1
neutron_diffusion,1
step_size,1
fugl_meyer_assessment_for_lower_extremity,1
diazepam,1
bocconia_arborea_extract,1
stomach_injury,1
naltrexone,1
antinociceptive_agent,1
isoquinoline_derivative,1
formalin_test,1
south_africa,1
low_income_country,1
solid_fuel,1
neutron_flux,1
mechanical,1
resonator,1
acidogenesis,1
butyric_acid,1
acidogenic,1
propionic_acid,1
anaerobic_hydrolysis,1
two_stage_anaerobic_digestion,1
inlet_condition,1
pilot_plant,1
pilot_plant_two_stage_anerobic_digestion,1
food_waste,1
yttrium_compound,1
yttrium_based_nanophosphor,1
downconversion,1
li_+,1
rasagiline,1
selegiline,1
mirtazapine,1
up_conversion,1
calcination_temperature,1
nanophosphors,1
li+_enhanced_luminescence,1
calcination_assisted_li+_doping,1
yttrium,1
enhanced_luminescence,1
orbitals,1
elastic_wave,1
carbon_atom,1
evanescent_wave,1
molecular_plane,1
tight_binding,1
levodopa,1
parkinson_disease,1
sadness,1
electronic_property,1
p_system,1
silver_oxide,1
no_conversion,1
no_x,1
reversible_effect,1
c,1
carbidopa,1
pramipexole,1
serotonin_uptake_inhibitor,1
amantadine,1
benserazide,1
geriatric_depression_scale,1
metalloproteinase,1
chrysaora,1
nanosecond_laser,1
leflunomide,1
rotigotine,1
bromocriptine,1
trazodone,1
donepezil,1
trihexyphenidyl,1
biperiden,1
naturalistic_inquiry,1
bradykinesia,1
propranolol,1
galantamine,1
montgomery_asberg_depression_rating_scale,1
tremor,1
liquid_metal_nanostructure,1
optical_switching,1
modularizations,1
cartago,1
modular_construction,1
agent_programming,1
unified_parkinson_disease_rating_scale,1
functional_change,1
amphibian,1
jellyfish_venom,1
chrysaora_chesapeakei,1
estuary,1
proteomics,1
astacin,1
disintegrin,1
tentacle,1
computer_software_reusability,1
intelligent_agent,1
agent_and_artifact,1
capillary,1
tongue,1
ulcer,1
virus_spike_protein,1
metal_nanostructure,1
phase_change,1
metasurface,1
laser_switching,1
nanophotonics,1
switching,1
melting,1
nanostructure_phase_change,1
ultra_fast_spectroscopy,1
target_organ,1
vascular_lesion,1
epithelium,1
salivary_gland,1
artery,1
corticosteroid,1
quasicrystalline,1
iron_alloy,1
namespaces,1
multi_agent_system,1
meta_model,1
code,1
metamodeling,1
jason,1
agent_oriented_programming,1
beliefs_desires_intentions_agent,1
metal_structure,1
differential_thermal_analysis,1
manufacturing_method,1
icosahedral_phase,1
mechanical_characterization,1
trichoderma,1
instrument_sterilization,1
production_process,1
sterilization,1
inflammatory_cell,1
early_diagnosis,1
palate,1
inflammatory_infiltrate,1
sars_virus,1
mouth_mucosa,1
lip,1
metal_foam,1
x_ray_diffraction_technique,1
heat_treatment,1
conventional_material,1
air_quality,1
china,1
health,1
uzbekistan,1
ageratina_pazcuarensis,1
hemolysis,1
pollination,1
pollinator,1
seed_dispersal,1
queretaro,1
predation,1
microstructural_characterization,1
organ_weight,1
nutraceutical,1
trichoderma_asperellum,1
dry_substrate,1
fungus_spore,1
oryza,1
reproductive_potential,1
first_cycle,1
pest,1
rice,1
"spores,_fungal",1
solid_state_culture,1
production_efficiency,1
experimental_diet,1
alfalfa,1
choline_derivative,1
sorghum,1
denim_bleaching,1
up_flow_anaerobic_sludge_blanket_reactor,1
daphnia_magna,1
denim_laundry_wastewater,1
product_quality,1
achyranthes_aspera,1
meat_quality,1
economic_evaluation,1
economic_parameter,1
ph_measurement,1
oat,1
herbaceous_agent,1
longissimus_muscle,1
cost_utility_analysis,1
wheat_bran,1
bleaching_agent,1
phytotoxicity,1
cleaning,1
ecotoxicological,1
design_functionality,1
hemagglutination,1
reading,1
swine_disease,1
incubation_temperature,1
hemagglutination_inhibition_test,1
dilution,1
hemagglutination_test,1
blue_eye_disease,1
guinea_pig,1
rabbit,1
horse,1
regioselective_acylation,1
surface_tension,1
trisaccharide,1
fatty_acid_ester,1
fructo_oligosaccharides,1
anaerobic_metabolism,1
toxicity_assessment,1
laccase_based_product,1
laundry_wastewater,1
biolite_bsn,1
bleaching,1
laccases,1
removal_experiment,1
fungal_viability,1
upflow_anaerobic_sludge_blanket_reactor,1
anerobic_treatment,1
lipase_b,1
renewable_resource,1
enzyme_mechanism,1
patient_compliance,1
fick_type_diffusion,1
sustained_drug_release,1
gaspard_monge_representation_method,1
exoskeleton,1
three_dimensional_modelling,1
representation_method,1
micelle,1
candida_antarctica,1
hydrophilic_lipophilic_balance,1
enzyme_immobilization,1
critical_micelle_concentration,1
fructose_oligosaccharide,1
american,1
dietitian,1
delphi_technique,1
"education,_medical,_undergraduate",1
consensus,1
medical_school,1
medical_education,1
candida_antarctica_lipase_b,1
regioselective_synthesis,1
lauric_acid_derivative,1
tall_fescue,1
regioselective_method,1
regioselectivity,1
acylation,1
surface_active_property,1
food_additive,1
nanobiosciences,1
metal_nanoparticle,1
photomicrography,1
silver,1
biodegradation,1
compound,1
forming,1
seasonality,1
fertility_island,1
glomeromycota,1
evolutionary_biology,1
edible_specie,1
pharmacist,1
health_promotion,1
alcoholism,1
cachexia,1
delphi_study,1
nutrition_education,1
dna_degradation,1
silicon_dioxide,1
tpa_induced_ear_edema,1
aerial_plant_part,1
tumor_necrosis_factor_alpha,1
erythrocyte_membrane,1
ageratina_pazcuarensis_extract,1
kenya,1
ecuador,1
country_economic_status,1
cytokine_production,1
peripheral_blood_mononuclear_cell,1
primary_sjoegren_syndrome,1
sjoegren_syndrome,1
uterine_cervix_cytology,1
polymerase_chain_reaction_restriction_fragment_length_polymorphism,1
arbuscular_mycorrhizal_fungi,1
semi_arid_ecosystem,1
tehuacan–cuicatlan_valley,1
island,1
mimosoideae,1
soil_fertility,1
soil_conservation,1
landforms,1
arbuscular_mycorrhizas,1
dark_soliton,1
error_measure,1
variational_iteration_method,1
model_equation,1
staphylococcus_epidermidis,1
atmospheric_pollution,1
aerosol_particle,1
corynebacterium_jeikeium,1
aerobic_bacterium,1
streptococcus_agalactiae,1
corynebacterium_amycolatum,1
corynebacterium_striatum,1
bacillus_safensis,1
advanced_cancer,1
streptococcus_urinalis,1
cervicovaginal_microbiome,1
streptococcus,1
enterococcus_faecalis,1
genetic_identification,1
staphylococcus_pasteuri,1
staphylococcus_capitis,1
aerosol,1
diffusion_tensor_imaging,1
tensor_imaging,1
nervous_tissue,1
research_area,1
wavelet,1
keras_tensorflow,1
bounded_function,1
hyperbolic_function,1
hyperbolic_tangent,1
new_activation_function,1
activation_function,1
body_size,1
fecundity,1
hatching,1
egg_production,1
antinuclear_antibody,1
troponin,1
power_reactor,1
lagunum_verde_npp,1
ringhal_npp,1
source_apportionment,1
photoacoustic_extinctometer,1
carbon_concentration,1
juriquillum,1
urban_site,1
carbon_a,1
atmospheric_movement,1
annual_variation,1
altzomoni,1
national_park,1
black_carbon,1
lichen,1
bare_soil,1
tropical_region,1
cyanobacteria,1
semiarid_region,1
rain_fed_agriculture,1
tensor,1
diffusion_tensor,1
diffusion_tensor_tractography,1
initial_damage,1
non_human_primate,1
rhesus_monkey,1
patient_rehabilitation,1
interferon,1
"antibodies,_antinuclear",1
antibody_detection,1
subsistence_activity,1
rainfed_agriculture,1
cyanobacterium,1
tehuacan_cuicatlan_valley,1
soil_crust,1
bryophyte,1
plant_root,1
ascomycete,1
complex_dynamic,1
core_dynamic,1
forsmark_npp,1
large_amplitude,1
instability_analysis,1
boiling_water_reactor,1
bwr_instability,1
cyanolichen,1
natural_establishment,1
plant_specie,1
fungal_community,1
asphodelus_fistulosus,1
potentially_toxic_element,1
mycobiome,1
autecology,1
resedaceae,1
sand,1
taxonomic_structure,1
agricultural_robot,1
functional_structure,1
livestock_grazing,1
cyanobacterium_with_heterocyst,1
irrigation,1
heterocysts,1
abandoned_mine,1
electric_conductivity,1
tissue,1
cadmium,1
mononuclear_cell,1
oasl_gene,1
"leukocytes,_mononuclear",1
chemokine,1
sjogrens_syndrome,1
interferon_alpha,1
alpha_interferon,1
nectar,1
flowering,1
bee,1
dehydrogenase_activity,1
mining_waste,1
roots_finder,1
real_coefficient,1
third_order,1
"metals,_heavy",1
tailing,1
open_pit_mining,1
microbial_activity,1
mine_tailing,1
reseda_luteola,1
soil_pollution,1
mine_waste,1
ascomycota,1
asphodeli_fistulosus,1
phytoremediation,1
attenuation,1
beta_glucosidase,1
convulsion,1
dihydrobenzofuran_derivative,1
error_analysis,1
plant_tissue,1
toxic_substance,1
indirect_monitoring,1
multiple_operating_condition,1
operating_condition,1
crystallization_process,1
sugar_cane,1
seed_size,1
cooling_profile,1
multi_scale_analysis,1
fractal_dimension,1
cane_sugar_crystallization,1
iterative_root,1
continuum_mechanic,1
development_and_testing,1
fuel_failure,1
thermal_expansion,1
mechanical_modeling,1
power_series_expansion,1
order_polynomial,1
order_of_magnitude,1
binomial_theorem,1
cubic_polynomial,1
polynomial_equation,1
pentylenetetrazole_induced_seizure,1
pentetrazole,1
valproic_acid,1
neuropharmacology,1
n_[methyl]acetamide,1
product_information,1
beverage,1
sensory_property,1
traditional_food,1
opuntia,1
food_choice_questionnaire,1
non_traditional,1
low_income,1
emotion,1
testing,1
thermal_and_mechanical_load,1
heat_transfer_in_nuclear_fuel,1
radial_thermal_expansion,1
lead_cooled_fast_reactor,1
space_between,1
thermo_mechanical_analysis,1
periodic_boundary_condition,1
spinodals,1
finite_size_effect,1
plant_insect_interaction,1
herbivory,1
host_plant,1
guanajuato,1
natural_resource,1
manufacturing,1
ligand_to_metal_charge_transfer_state,1
luminescent_property,1
praseodymium_compound,1
powder_sample,1
optical_absorption_property,1
charge_transfer_state,1
absorption_spectroscopy,1
opuntia_ficus_indica,1
cubic_cell,1
spinodal_curve,1
thermodynamic_equilibrium,1
arthritis,1
blood_protein,1
"lupus_erythematosus,_systemic",1
plasma_protein,1
melt_quenching,1
glass_system,1
recombinant_alpha_interferon,1
eating_disorder_examination_questionnaire,1
confirmatory_factor_analysis,1
psychometry,1
lennard_jones,1
coexisting_phasis,1
water_economics,1
valley_of_mexico,1
lake_texcoco,1
soil_microorganism,1
extremophile,1
nitrogen_cycle,1
marine_environment,1
wastewater_treatment_plant,1
flow_imaging,1
parametric_mapping,1
reverse_flow,1
blood_vessel,1
healthy_control,1
flow_stasi,1
hemodynamics,1
unfamiliar_food,1
surgery,1
bicuspid_aortic_valve,1
haemodynamics,1
valve_disease,1
bicuspid_aortc_valve,1
breast_cancer,1
cancer_cell,1
antiproliferative_activity,1
stat_protein,1
janus_kinase,1
opuntia_joconostle_extract,1
photo_reduction,1
visible_irradiation,1
complexation,1
uv_and_visible_light,1
thermal_condensation,1
pyrite,1
metal_doped,1
lamellar_structure,1
photocatalytic_behavior,1
vi_spectroscopy,1
chromium_metallography,1
composite_photocatalysts,1
ultrastructure,1
sers,1
thymine,1
surface_enhanced_raman_spectroscopy,1
adenine,1
cell/be,1
fungal_dna,1
peroxisome,1
"spectrum_analysis,_raman",1
nickel_oxide_nanoparticle,1
hysteresis,1
emerging_contaminant,1
mycelium,1
thin_sections,1
penicillium,1
fungal_rna,1
cell/b.e,1
cell_vacuole,1
macromolecule,1
cell_be,1
ultrastructural_analysis,1
cytosine,1
penicillium_rubens,1
single_cell,1
hydrodesulfurization_catalyst,1
quantum_mechanical_calculation,1
spacecraft_instrument,1
tautomerism,1
sigma_delta_modulator,1
refractory_metal,1
xrd,1
ruthenium_compound,1
tungsten_compound,1
high_dispersion,1
dibenzothiophene_hydrodesulfurization,1
precious_metal,1
metal_deposition,1
copper_oxide,1
copper_oxide_nanoparticle,1
detection_method,1
induced_response,1
effective_number_of_bit,1
battery_operated_system,1
digital_filtering,1
single_bit_modulators,1
coelenterate_venom,1
uv_irradiation,1
p_n_heterojunctions,1
cupric_oxide,1
ultraviolet_ray,1
photo_assisted,1
young_population,1
pregnancy_diabetes_mellitus,1
pregnancy_complication,1
low_birth_weight,1
conformational_analysis,1
molecular_level,1
calcium_channel_blocking_agent,1
bradford_assay,1
hemolysin,1
semiconductor_quantum_well,1
helicities,1
delta_sigma_modulation,1
modulators,1
cmos_integrated_circuit,1
delta_modulation,1
binary_sequence,1
system_on_chip,1
over_sampling_ratio,1
single_voltage_supply,1
signal_to_noise_and_distortion_ratio,1
signal_to_noise_ratio,1
biomedical_signal_processing,1
dilute_nitride,1
calcium_channel,1
renovascular_hypertension,1
venom,1
toxin,1
hydrozoa,1
size_exclusion_chromatography,1
bovine_serum_albumin,1
voltage_gated_calcium_channel,1
cnidarian_venom,1
amphotericin_b_deoxycholate,1
sea_anemone,1
nifedipine,1
atherosclerosis,1
matrix_assisted_laser_desorption_ionization_time_of_flight_mass_spectrometry,1
neglecta,1
least_action,1
computationally_efficient,1
simulator,1
walker_model,1
discrete_event_simulation,1
human_mobility,1
mobility_trace,1
ad_hoc_network,1
semiconductor_alloy,1
experimental_aspect,1
theoretical_aspect,1
iii_v_semiconductor,1
interstitial_defect,1
circularly_polarized_light,1
gallium_alloy,1
linearly_polarized_light,1
quantum_transition,1
sulfhydryl_compound,1
leucine,1
antioxidant_capacity,1
thiophenol,1
quantum_mechanical_state,1
thiophenols,1
thiol_derivative,1
identifiable_information,1
psychological_well_being_scale,1
zapotec,1
healthy_lifestyle,1
human_motion,1
networking_technology,1
statistical_property,1
computer_network_performance_evaluation,1
literature,1
urban_area,1
social_aspect,1
socioeconomic_vulnerability,1
cultural_anthropology,1
sexual_assault,1
stakeholder,1
environmental_economics,1
cell_contact,1
pancreas_islet_cell,1
chemical_specie,1
biological_property,1
diffusion_controlled_rate,1
transition_state,1
tryptophan,1
free_radical_reaction,1
metal_support_interaction,1
coprocessing,1
sulfur_concentration,1
layered_semiconductor,1
sulfur_content,1
aldo_keto_reductase,1
thin_layer_chromatography,1
androstanediol,1
high_performance_thin_layer_chromatography,1
"anthropology,_cultural",1
empowerment,1
cooperation,1
ethnography,1
violence,1
illicit_drug,1
drug_dealing,1
neurosteroid,1
androstanolone,1
steroid,1
finasteride_plus_tadalafil,1
nonsteroid_molecule,1
iodamide,1
flufenamic_acid,1
data_processing,1
heart_function,1
participatory_approach,1
pancreas_cell,1
pancreas,1
competition_effect,1
sulfur,1
octahedrally_coordinated,1
molybdenum_oxide,1
pulse_width_modulation,1
deposition_equipment,1
glass_substrate,1
open_source_software,1
film_deposition,1
sol_gel_dip_coating,1
dip_coating,1
solgel,1
thin_film_deposition,1
open_source_programming,1
sesame_seed_oil,1
radioactivity,1
nonsteroid_antiinflammatory_agent,1
androgen,1
column_chromatography,1
enzyme_binding,1
incident_light_beam,1
multinomial_logistic_regression,1
electrical_signal,1
logistics_regression,1
polarimeter,1
aspiration,1
hen,1
sperm_morphology,1
thawing,1
liquid_nitrogen,1
relative_density,1
recurrence_quantitative_analysis,1
end_stage_renal_disease,1
nonlinear_system,1
wavelet_analysis,1
information_processing,1
protein_secretion,1
"n,n_dimethylacetamide",1
non_capacitated_spermatozoon,1
eosine_blue,1
spermatozoon_density,1
chlortetracycline,1
rooster,1
oviductal_fluid,1
oviductin,1
hazard_curve,1
monte_carlo,1
design_implementation,1
degree_of_circular_polarization,1
multilayer_neural_network,1
multi_modal,1
circular_polarization,1
semen_cryopreservation,1
seminal_plasma,1
spermatozoon_maturation,1
cloaca,1
samarium_compound,1
dielectric_property,1
color_purity,1
reddish_orange,1
solid_state_laser,1
judd_ofelt_parameter,1
geographic_mapping,1
climate,1
antithrombotic_activity,1
protein_hydrolysis,1
prolamin,1
protein_isolation,1
scour,1
stochastic_assessment,1
exposed_to,1
pacific_coast,1
stochastic_analysis,1
bridge_collapse,1
extreme_rainfall,1
tropical_storm,1
stochasticity,1
hazard,1
forecasting_method,1
monaco,1
monte,1
gas_turbine,1
exergoeconomic_cost,1
ficoll,1
packed_bed_with_low_dt/dp,1
void_fraction,1
thermoeconomic_diagnosis,1
sequential_combustion,1
thermoeconomic_theory,1
cost_benefit_analysis,1
thermoeconomic,1
exergoeconomics,1
gas,1
operating_cost,1
residue,1
cost_of_electricity,1
footprint,1
hydraulic_retention,1
ecological_footprint,1
cod_removal,1
new_mathematical_model,1
entire_system,1
analysis_and_characterization,1
constructed_wetland,1
removal_efficiency,1
retention_time,1
wetland,1
cod,1
small_footprint,1
anaerobic_filter,1
restoration_ecology,1
reintroduction,1
habitat_restoration,1
particle_resolved_simulation,1
velocity_field,1
apparent_permeability,1
microbial_population_dynamic,1
methanosarcina_barkeri,1
acetate,1
velocity,1
local_information,1
industrial_scale,1
navier_stokes_equation,1
fluid_dynamics,1
industrial_research,1
work_analysis,1
giant_component,1
image_denoising,1
optimization_approach,1
newton_law_of_motion,1
vertex_separator,1
influential_node,1
glutathione_transferase,1
"animals,_genetically_modified",1
neurotoxicity,1
metabolic_pathway,1
sodium_azide,1
denaturing_gradient_gel_electrophoresis,1
methanogenic_bacterium,1
aerobic_reactor,1
vinyl_derivative,1
vinyl_acetate,1
brevibacillus,1
microbial_respiration,1
coupled_process,1
microbial_community_structure,1
batch_assay,1
biological_degradation,1
hormone_dependence,1
xylazine,1
episodic_memory,1
gonadectomy,1
long_term_memory,1
influence_of_oxygen,1
vinyl_compound,1
scrotum,1
male_infertility,1
protein_content,1
disulfide,1
semen_abnormality,1
caenorhabditis_elegans_protein,1
mangostin,1
xanthones,1
dopaminergic_system,1
theoretical_modeling,1
angular_speed_of_working_electrode,1
controlled_nucleation,1
angular_speed,1
deposit,1
brain_slice,1
xanthone_derivative,1
nerve_degeneration,1
transgenic_animal,1
toxicity_and_intoxication,1
oxidopamine,1
neurotoxicity_syndrome,1
alpha_mangostin,1
ex_vivo_study,1
sprague_dawley_rat,1
passive_avoidance_test,1
benomyl,1
aquatic_organism,1
carbamic_acid_derivative,1
temporal_analysis,1
quality_control,1
experimental_behavioral_test,1
blood_pressure_monitoring,1
morris_water_maze_test,1
ovariectomy,1
ketamine,1
high_fat/high_fructose_diet,1
swimming,1
chow_diet,1
high_calorie_diet,1
ovariohysterectomy,1
spatial_learning,1
food_handling,1
behavioral_response,1
emotional_disorder,1
dental_care,1
emotionality,1
diffusion_controlled,1
working_electrode,1
benzimidazoles,1
agriculture,1
nile_tilapia,1
benomyl/carbendazim,1
interpolation,1
tenango_dam,1
benzimidazole_derivative,1
acetylcholinesterase_activity,1
muscle,1
singular_support,1
compact_support,1
distribution_with_compact_support,1
shearlet_transforms,1
bioreactor_stability,1
oreochromis_niloticus,1
carbamate,1
cichlid,1
environmental_monitoring,1
carbendazim,1
temporal_and_spatial,1
commercialization,1
nutritive_value,1
energy_intake,1
nutritional_value,1
nutrition_survey,1
komagataella,1
cladosporium_herbarum,1
automation,1
pichia,1
residence_time,1
amaranth_flour,1
cake,1
child_behavior,1
temperament,1
dental_procedure,1
affective_symptom,1
shyness,1
local_convergence,1
admissible_function,1
inverse_shearlet_transform,1
continuous_shearlet_transform,1
prolactin_blood_level,1
seminiferous_tubule,1
endocrine_function,1
leptin,1
metabolic_parameter,1
biochemical_analysis,1
insulin_blood_level,1
hanseniaspora_uvarum,1
aspergillus_niger,1
sucrose_hydrolysis,1
cryptococcus_laurentii,1
aspergillus_terreus,1
β_fructofuranosidasis,1
continuous_hydrolysis,1
invertase,1
hydrolysis_kinetics,1
metagenome,1
methanobacterium,1
compartment_model,1
glycogen_muscle_level,1
michaelis_constant,1
two_compartment_model,1
control_strategy,1
pregelatinizsed_amaranth_flour,1
low_fat,1
oil_substitute,1
gluten_free,1
gluten_free_cake,1
starch_hydrolysis,1
prolactin,1
estradiol_blood_level,1
metabolic_fingerprinting,1
cascade_control_system,1
insulin_degradation,1
blood_vessel_wall,1
decarboxylation,1
cadaverine,1
bacterium_contamination,1
oryctolagus_cuniculus,1
glucagon_blood_level,1
sperm_count,1
seminiferous_tubule_epithelium,1
saponin,1
nf_kappa_b,1
agave_marmorata,1
clinical_effectiveness,1
drug_response,1
immunomodulation,1
bacterial_count,1
food_packaging,1
life_history_trait,1
parental_investment,1
sexual_selection,1
reproductive_effort,1
myocardial_reperfusion_injury,1
michaelis_menten_kinetics,1
feedback_control_strategy,1
interstitial_fluid,1
feedback_system,1
pancreas_islet_beta_cell,1
plasma_fluid,1
two_compartment,1
glucose_regulation,1
glycogen_synthesis,1
hepatitis_c_virus,1
polyprotein,1
hepacivirus,1
hepatitis_b,1
orthohepadnavirus,1
hepatitis_b_virus,1
amino_acid_substitution,1
mesophile,1
storage_time,1
nitrogen_derivative,1
myoglobin,1
histamine,1
pseudomonas,1
putrescine,1
vacuum_packing,1
metmyoglobin,1
metal_cutting,1
bio_degradable_oil,1
cutting_fluid,1
pickering_emulsion,1
green_cutting_fluid,1
acetylation,1
metalworking_fluid,1
vanilloid_receptor,1
myocardial_ischemia_reperfusion_injury,1
trpv_cation_channel,1
endemism,1
north_carolina,1
honduras,1
puebla,1
defense_mechanism,1
otto,1
modulated_wave_train,1
acoustic_transient,1
frequency_response,1
absorption_coefficient,1
impulse_response,1
impedance_tube,1
transmission_coefficient,1
genome,1
dna_homolog,1
nucleic_acid,1
minimum_quantity_lubrication,1
gasoline,1
shrimp_waste,1
green_manufacturing,1
cutting_process,1
green_fluid,1
photoelectron_spectroscopy,1
sol__gel_method,1
antineoplastic,1
scanning_and_transmission_electron_microscopy,1
oxide_matrix,1
nitrogen_compound,1
titanosilicates,1
xylitol,1
jatropha_oil,1
chitin,1
lubrication,1
ostwald_ripening,1
working_time,1
alienation,1
son,1
transient_analysis,1
polyol,1
growth_inhibition,1
aspergillus_carbonarius,1
solid_phase_extraction,1
lactobacillus_plantarum,1
food_poisoning,1
antifungal_activity,1
mycotoxin,1
acoustic_impedance,1
acoustic_impulse_response,1
loudspeaker,1
amplitude_modulation,1
acoustic_response,1
acoustic_field,1
test_material,1
amplitude_modulated_wave,1
multiple_myeloma,1
kinase_assay,1
bioluminescence_resonance_energy_transfer,1
calmodulin,1
polyvinylidene_fluoride,1
two_dimensional_gel_electrophoresis,1
autophosphorylation,1
equilateral_four_body_problem,1
leuconostoc_citreum,1
mannitol,1
leuconostoc,1
lactic_acid_bacterium,1
antifungal_agent,1
dipeptide,1
sorbitol,1
ochratoxin,1
pareto_optimal_front,1
pareto_front,1
multiobjective_optimization,1
m_components,1
pareto_principle,1
uniform_mixture_design,1
optimization_problem,1
objective_optimization,1
indoleamine,1
electrophoretic_mobility,1
intracellular_space,1
microenvironment,1
isoelectric_point,1
site_directed_mutagenesis,1
brain_function,1
calcium_calmodulin_dependent_protein_kinase_ii,1
colloidal_nanoparticles,1
potential_range,1
agglomeration_model,1
composite_scaffold,1
cytotoxic_effect,1
degradation_temperature,1
uranium_metallography,1
fabrication_and_characterization,1
non_linear_stability,1
elliptic_equilibrium,1
lyapunov_stability,1
horizontal_axis,1
equilibrium_point,1
specific_value,1
stability_of_equilibrium,1
evolutionary_multiobjective_optimization,1
multichannel_signal,1
dow_jones_financial_market,1
computation_step,1
seismic_activity,1
hurst_exponent,1
dow_jones,1
italy,1
virus_isolation,1
design_method,1
uniform_mixture,1
mixture_design,1
stabilizing_additive,1
agglomeration_mechanism,1
particle_agglomeration,1
simulation_study,1
a_particles,1
sequence_mapping,1
long_range_correlation,1
virus_replication,1
virus_strain,1
fractal,1
detrended_fluctuation_analysis,1
genome_sequence,1
gene_mapping,1
functional_fiber,1
vanadium_metallography,1
human_keratinocyte,1
rescaled_range_analysis,1
financial_market,1
econophysicss,1
multivariate,1
univariate,1
peritoneal_dialysis,1
mouth_hygiene,1
exponential_family,1
function_evaluation,1
electrograms,1
fibrillation,1
deterministic_mechanism,1
electric_behavior,1
detrended_fluctuation_analyse,1
india,1
sliding_window_scheme,1
fractal_scaling,1
fractal_analysis,1
scaling_analysis,1
sequence_mapping_assignation_rule,1
mapping,1
chinchorro_bank_biosphere_reserve,1
fishery,1
fishing,1
type_locality,1
certification,1
microscopy,1
immunochemistry,1
amoeba,1
cricetinae,1
dental_caries,1
"fluorosis,_dental",1
enamel_hypoplasia,1
dental_fluorosis,1
dental_enamel_hypoplasia,1
nutrition_assessment,1
oral_hygiene,1
entamoeba_histolytica,1
reactive_nitrogen_specie,1
relative_fluorescence_unit,1
liver_tissue,1
syrian_hamster,1
hamster,1
amoeba_count,1
hamster_model,1
chlorination,1
pseudo_electrogram,1
human_heart,1
fluttering,1
computational_simulation,1
mathematical_modeling,1
quintana_roo,1
demersal_fishery,1
pendulum_system,1
decomposition_method,1
adomian,1
pendulum,1
non_linear_oscillator,1
numerical_solution,1
modified_adomian_decomposition_method,1
approximate_analytical_method,1
pendulum_equation,1
liver_abscess,1
"liver_abscess,_amebic",1
hypochlorous_acid,1
rna_quantification,1
liver_injury,1
liver_amebiasis,1
trophozoite,1
sodium_ion,1
color_change,1
nanocomposites,1
chemical_procedure,1
etching,1
colorimetric_detection,1
interparticle_plasmonic_coupling,1
epoxy,1
oxidative_etching,1
epoxy_silver_nanocomposite,1
aspect_ratio,1
attractive_square_well_ellipsoid,1
variable_range,1
law_of_corresponding_state,1
pair_potential,1
liquid_vapor_coexistence,1
nanofabrication,1
detection_of_chloride,1
nanosensors,1
proton,1
water_analysis,1
anatomy,1
morpho,1
seed_propagation,1
mimosa_aculeaticarpa,1
short_text,1
rotational_pendulum_system,1
naked_eye,1
silver_nanocomposites,1
sea_water,1
dihydrogen_phosphate,1
potassium_ion,1
digital_communication_system,1
polarity_classification,1
sentiment_analysis,1
computational_tool,1
dynamic_program,1
self_assembling,1
kagome_lattice,1
auto_assembly,1
open_network,1
simple_modeling,1
chloride_anion,1
concentration_response,1
sulfate,1
zinc_ion,1
high_specificity,1
colorimetric_sensor,1
r_function_method,1
kudryashov_r_function,1
generalisation,1
boron,1
aromatic_guest,1
stoichiometric_ratio,1
bipyridines,1
tetrameric,1
naphthalene,1
dynamic_study,1
positive/negative,1
digital_text,1
classification_algorithm,1
source_of_information,1
spanish_emotion,1
spanish_language,1
"isthmin_protein,_mouse",1
cell_protein,1
intercellular_signaling_peptide_and_protein,1
endothelial_progenitor_cell,1
lung,1
hematopoietic_stem_cell,1
spleen,1
signal_peptide,1
hematopoiesis,1
meta_analysis,1
discontinuous_potential,1
optical_fiber_system,1
triki–biswas_equation,1
soliton_solution,1
r_functions,1
short_pulse,1
quintic,1
image_processing,1
natural_image,1
real_case,1
residual_noise,1
photo_response_non_uniformity,1
statistical_comparison,1
digital_camera,1
probability_density_function,1
reference_image,1
echinodermata,1
tunable_white_light_emission,1
ultraviolet_light_excitation,1
molecular_oxygen,1
wled,1
near_ultraviolet,1
child_parent_relation,1
adoption,1
intention,1
in_vitro_fertilization,1
homosexual_male,1
taiwan,1
dicotyledon,1
pteris,1
contaminated_land,1
rhizome,1
indicator_dilution_curve,1
indicator_dilution_technique,1
bright_optical_soliton,1
polynomial_law,1
nonlinear_refractive_index,1
surface_plot,1
symplectic,1
transmission_measurement,1
chaotics,1
terminal_voltage,1
three_terminal_device,1
voltage_drop,1
atomic_physic,1
weak_localization,1
weak_antilocalization,1
phorbol_ester,1
tagetes_lucida,1
jensen_shannon_divergence,1
digital_camera_identification,1
video_camera,1
image_based,1
parenting,1
anti_retroviral_agent,1
marriage,1
happiness,1
married_person,1
prescription,1
antiretrovirus_agent,1
petroleum_reservoir,1
empirical_correlation,1
petroleum_reservoir_engineering,1
equilibrium_constant,1
saturation_pressure,1
"biodegradation,_environmental",1
soil_vegetation_interaction,1
translocation,1
subgraphs,1
imperfect_coupling,1
binary_interaction,1
pressure_composition,1
native_tomato_genotype,1
enzyme_assisted_extraction,1
extraction_process,1
solvent_extraction,1
digestive_enzyme,1
tomato_genotype,1
pigment,1
sonication,1
greener_solvent,1
coumarins,1
coumarin_derivative,1
dose_response,1
coumarin,1
field_work,1
deoxycholate_sodium,1
radioimmunoprecipitation,1
immunoblotting,1
mithramycin,1
immunoprecipitation,1
thoracotomy,1
short_hairpin_rna,1
nephrectomy,1
uvomorulin,1
gel_electrophoresis,1
hypertrophy,1
soave_redlich_kwong_equation_of_state,1
interaction_coefficient,1
vapor_+_liquid_equilibrium,1
k_values,1
system_variable,1
affinity_chromatography,1
"rats,_zucker",1
mdck_cell_line,1
stress_activated_protein_kinase,1
fatty_liver,1
liver_cell,1
butane,1
hydroxymethylglutaryl_coenzyme_a_reductase_kinase,1
hippo_signaling_pathway,1
propylene_oxide,1
sevoflurane,1
functional_compound,1
lipophilic_antioxidant,1
tight_junction_protein,1
amp_activated_protein_kinase,1
immunofluorescence_assay,1
wave_function,1
linear_polarized_light,1
electromagnetic_field,1
light_quantum,1
hill_equation,1
dirac_material,1
borophene,1
driven_system,1
berry_phase,1
time_driven_system,1
quantum_wave_function,1
photorhabdus,1
tight_junction,1
zucker_rat,1
hippo_signaling,1
glucose_tolerance_test,1
nematoda,1
house_fly,1
collagen,1
infrared_spectrophotometry,1
mechanical_stress,1
polylactic_acid,1
cell_adhesion,1
bone_cell,1
new_zealand_rabbit,1
osteocalcin,1
electrospinning,1
bone_tissue,1
flux_assay,1
cyclic_amp_dependent_protein_kinase,1
charged_particle,1
topological_phase,1
newcastle_disease_vaccine,1
enradin,1
newcastle_plus,1
bacteriophage,1
poultry,1
humoral_immunity,1
la_sota,1
beta_mannosidase,1
immunoglobulin_a_antibody,1
newcastle_disease,1
cecum,1
annealing,1
housefly,1
xenorhabdus,1
nematode,1
symbiosis,1
needle_like_crystal,1
dispersion_analysis,1
platelet,1
chia_seed_oil,1
microscopy_image,1
bernoulli_trial,1
computational_method,1
software_testing,1
child_nutrition,1
urine_level,1
magnesium_intake,1
dietary_reference_intake,1
polypyrrole,1
proteobacteria,1
thymus,1
dna_sequencing,1
bottled_water,1
calcium_intake,1
san_luis_potosi,1
micronutrient_intake,1
hexagonal_lattice,1
different_size,1
hexagonal_network,1
network_formation,1
crystal_lattice,1
cutoff_radius,1
hiv_network,1
well_depth,1
structural_feature,1
annealing_process,1
sax,1
paraffin,1
stacking_energy,1
computational_study,1
π_π__stacking,1
tectons,1
two_point_pade_approximant,1
expansion,1
diatomics,1
one_instanton_contribution,1
rational_function,1
helium,1
matching_small_and_large_distance,1
instantons,1
phosphorus_intake,1
micronutrient,1
mineral_intake,1
urinary,1
leisure_activity,1
oncogene_k_ra,1
equipment_design,1
dna_hybridization,1
ultraviolet_b_radiation,1
melanin,1
tolerance,1
fruit_peel,1
lychee,1
fruit_pulp,1
litchi,1
low_drug_dose,1
potential_well,1
solvatomorphism,1
crystalline_solvate,1
hirshfeld_surface,1
ecosystem_process,1
ecosystem_function,1
weed_specie,1
leaf_trait,1
wood_density,1
seed_mass,1
amyloid_beta_protein,1
fibril,1
thioflavine,1
peptide_fragment,1
amyloid_beta_peptides,1
amyloid,1
analytic_expression,1
leisure,1
sedentary_behavior,1
logistic_model,1
cytotoxic_concentration,1
non_thermal_processing,1
thermal_characteristic,1
ultrasound_assisted_extraction,1
high_power_ultrasound,1
ultra_sonication,1
foaming_ability,1
solubility,1
ph_shifting,1
structuration,1
covalent_bond,1
nutritional_ingredient,1
functional_diversity,1
hardwood,1
anthropogenic_effect,1
fruit_and_flower_trait,1
environmental_protection_agency,1
carcinogenics,1
emission_factor,1
hydrocarbon_potential,1
polycyclic_aromatic_hydrocarbon,1
crop_residue,1
crop_residue_burning,1
mineral_oil,1
combustion_efficiency,1
cotton,1
fine_particles,1
rule_of_origin,1
new_model,1
cholinesterase_inhibition,1
fullerene_derivative,1
malonic_acid,1
nafta,1
automobile,1
binding_mechanism,1
north_american,1
future_scenery,1
protein_expression_level,1
clofibrate,1
clofibric_acid,1
isobutyric_acid_derivative,1
acetamide_derivative,1
insulin_sensitivity,1
acid_electrolyte,1
hydrogen_permeation,1
hydrodynamic_diameter,1
amaranth_protein,1
oxidative_potential,1
boronizing,1
experimental_technique,1
microhardness,1
normal_human,1
eicosapentaenoic_acid,1
biomarker,1
healthy_volunteer,1
inhibitor,1
resistin,1
current_system,1
hydrogen_energy_storage,1
multi_criteria_decision_analysis,1
solar_energy,1
labor_provision,1
usmca,1
automotive_industry,1
battery–hydrogen_energy_storage_system,1
marine_current_system,1
solar_pv_system,1
renewable_energy_hybrid_system,1
multi_criteria_decision_analyse,1
storage_system,1
solar_power_generation,1
digital_storage,1
renewable_energy,1
photovoltaic_cell,1
energy_storage_technology,1
anti_inflammatory_activity,1
antinociceptive,1
cathodic_charging,1
borides,1
exposure_time,1
myristic_acid,1
anti_inflammatories,1
inhibitory_effect,1
seed_bank,1
dysprosium_compound,1
radiative_property,1
sodium_magnesium_borotellurite_glass,1
application_property,1
photometric_property,1
yellow_laser,1
yellow_light,1
spectroscopic_investigation,1
energy_migration,1
interdisciplinary_approach,1
battery_storage,1
electric_battery,1
knowledge_based_system,1
bulimia,1
serotonin_transporter,1
single_nucleotide_polymorphism_array,1
social_phobia,1
serotonin_plasma_membrane_transport_protein,1
amine_oxidase_isoenzyme_a,1
alcohol_abuse,1
"polymorphism,_genetic",1
methionine,1
valine,1
antisocial_personality_disorder,1
drug_abuse,1
dysthymia,1
in_vivo,1
anti_inflammatory_effect,1
thermonociception,1
high_yield_route,1
light_emitting_diode,1
insula,1
thermal_hyperalgesia,1
somatosensory_system,1
neuroanatomy,1
temporal_footprint_effect,1
bold_signal,1
ventral_tegmentum,1
sciatic_nerve,1
thalamus,1
neuropathology,1
disease_duration,1
knowledge,1
uruguay,1
green_synthesis,1
thrombin,1
groundwater,1
stable_isotope,1
carbon_isotope,1
spontaneous_emulsification,1
antimicrobial_susceptibility,1
total_phenolic_content,1
physico_chemical_characterization,1
antioxidant_assay,1
pepsin_a,1
thrombin_inhibitor,1
pancreatin,1
electrospray_mass_spectrometry,1
plant_protein,1
adolescent_depression,1
bridge,1
inspection_procedure,1
cumulative_probability_distribution,1
quartile_distribution,1
pier,1
amaranthus,1
globulin,1
amaranthus_hypochondriacus,1
leaf,1
salmonella_typhimurium,1
anti_oxidant_activity,1
physico_chemical_stability,1
pseudoternary_phase_diagram,1
bismuth_vanadate,1
rhodium_compound,1
led_illumination,1
