words,count
metabolism,76
chemistry,62
physiology,42
mexico_[north_america],39
genetics,33
scanning_electron_microscopy,31
rat,29
pathology,25
mouse,25
blood,24
isolation_and_purification,22
kinetics,22
plant_extract,18
concentration,17
protein_expression,16
synthesis,16
chemical_structure,16
pathophysiology,16
density_functional_theory,16
fourier_transform_infrared_spectroscopy,15
"rats,_wistar",15
oxidation,15
morphology,15
wistar_rat,15
enzyme_activity,15
molecule,15
high_performance_liquid_chromatography,15
chemical_analysis,15
ph,14
oxidative_stress,14
phenol,14
antioxidant,14
"growth,_development_and_aging",14
microbiology,14
immunohistochemistry,13
biosynthesis,13
molecular_dynamic,13
molecular_structure,13
cell_proliferation,13
temperature,12
particle_size,12
biomass,12
sol_gel_process,12
x_ray_diffraction,12
carbon,12
mexico_city,12
titanium_dioxide,12
silica,12
starch,12
alumina,12
aluminum_oxide,12
ion,12
physical_chemistry,12
chlorine_compound,12
chemical_composition,12
nanoparticles,12
prevalence,11
bioreactors,11
adverse_event,11
fruit,11
quantum_chemistry,11
dispersion,11
sol_gels,11
adsorption,11
atom,11
cell_survival,11
ii_vi_semiconductor,11
gene_expression,11
binary_alloy,11
water,11
carbon_dioxide,10
fermentation,10
"models,_molecular",10
molecular_model,10
x_ray_photoelectron_spectroscopy,10
molecular_dynamic_simulation,10
follow_up,10
upregulation,10
dna,10
histopathology,10
classification,10
phenotype,9
cell_viability,9
veterinary_medicine,9
tumor_necrosis_factor,9
very_elderly,9
hydrogen_bond,9
sulfur_compound,9
ethanol,9
energy_transfer,9
glass,9
hydrogen_production,9
hydrophobicity,9
protein,9
hydrogen,9
newborn,9
oxygen,9
molecular_docking,9
cyclic_voltammetry,9
cell_culture,9
gene,9
numerical_method,9
electron,9
enzymology,8
nerve_cell,8
substrate,8
bioreactor,8
hydrodynamics,8
clinical_evaluation,8
messenger_rna,8
gene_expression_regulation,8
"cell_line,_tumor",8
energy_gap,8
chemical_compound,8
glucose,8
genotype,8
dose_response,8
evolutionary_algorithm,8
citrus_fruit,8
mathematical_model,8
preschool_child,8
molecular_docking_simulation,8
extraction,8
irradiation,8
oxidation_reduction_reaction,8
zinc_oxide,8
catalyst,8
wastewater_treatment,8
"child,_preschool",8
tumor_cell_line,8
down_regulation,8
case_report,8
infrared_spectroscopy,8
organic_compound,8
metal_nanoparticles,7
porous_material,7
oxidation_reduction,7
hydrolysis,7
cytology,7
enzyme_linked_immunosorbent_assay,7
neuron,7
fungi,7
solvent,7
enzyme_inhibition,7
"cells,_cultured",7
age,7
urban_area,7
biodegradation,7
electrochemical_impedance_spectroscopy,7
quantum_theory,7
brain,7
"dose_response_relationship,_drug",7
nuclear_magnetic_resonance_spectroscopy,7
sodium_hydroxide,7
mixture,7
catalyst_activity,7
algorithm,7
surface_property,7
microrna,7
nitrate,7
federal_district_[mexico],7
drug_mechanism,7
polymerase_chain_reaction,7
solubility,7
methanol,7
lipid_peroxidation,7
flavonoid,7
cohort_analysis,7
signal_transduction,7
metabolite,7
thermodynamics,7
questionnaire,7
body_mass,7
bovine,7
transmission_electron_microscopy,7
cattle,7
high_resolution_transmission_electron_microscopy,7
neuroprotection,7
in_vivo_study,6
bacteria,6
antioxidant_activity,6
rate_constant,6
chemical_phenomenon,6
phylogeny,6
cell,6
antineoplastic_agent,6
light,6
moisture,6
computation_theory,6
epigenetics,6
escherichia_coli,6
bacterial_strain,6
photocatalysis,6
obesity,6
acetic_acid,6
plant_seed,6
theoretical_study,6
iron,6
mortality,6
psychology,6
hypertension,6
electroencephalography,6
ammonia,6
phenol_derivative,6
nitric_oxide,6
feeding_behavior,6
urea,6
sex_difference,6
cytokine,6
microstructure,6
mechanical_property,6
calcium,6
triacylglycerol,6
protein_binding,6
biochemistry,6
sustainable_development,6
gas,6
ultrastructure,6
graphene,6
sol,6
chemical_stability,6
normal_human,6
pregnancy,6
gas_chromatography,6
methane,6
drug_solubility,6
drug_formulation,6
viscosity,6
immunology,6
microscopy,6
metal,6
lactic_acid,6
disease_association,6
gas_adsorption,6
biological_marker,6
brain_cortex,6
biomolecules,6
human_experiment,6
risk_factor,6
fatty_acid,6
hemoglobin,6
probability,5
body_composition,5
toxicity,5
decision_making,5
pollutant_removal,5
anaerobic_digestion,5
pacific_ocean,5
hydrogen_ion_concentration,5
inflammation,5
photocatalytic_activity,5
photoluminescence,5
dynamic,5
ultraviolet_radiation,5
sex_factor,5
nuclear_magnetic_resonance_imaging,5
emission_spectroscopy,5
sodium_chloride,5
charge_transfer,5
time_series_analysis,5
catalytic_oxidation,5
immunoreactivity,5
estradiol,5
carbon_source,5
hippocampus,5
graph_theory,5
copper,5
powder,5
geometry,5
differential_scanning_calorimetry,5
plant,5
catalysis,5
flow_cytometry,5
western_blotting,5
alcohol,5
uncertainty_analysis,5
bacterial_protein,5
polysaccharide,5
liquid_crystal,5
cerebral_cortex,5
single_nucleotide_polymorphism,5
controller,5
enzyme,5
multiobjective_optimization,5
nitrogen,5
sludge,5
bioassay,5
depression,5
sewage,5
precipitation,5
efficiency,5
tensile_strength,5
thermogravimetric_analysis,5
environmental_condition,5
genetic_variability,5
biological_model,5
"chromatography,_high_pressure_liquid",5
solid_state_fermentation,5
survey_and_questionnaire,5
food_storage,5
school_child,5
ethnology,5
sodium_compound,5
composite_material,5
micrornas,5
lithium_compound,5
reverse_transcription_polymerase_chain_reaction,5
dissolution,5
mass_spectrometry,5
drug_efficacy,5
activation_energy,5
experimental_study,5
incidence,5
aluminum_alloy,5
topology,5
diffusion,5
malonaldehyde,5
blood_pressure,5
aging,5
amide,5
texture,5
physicochemical_property,5
reduction,5
chemical_bond,5
fluorescence,5
statistical_analysis,5
milk,5
plasmid_dna,5
aromatic_compound,5
dna_sequence,5
protein_function,5
complication,5
surface_area,5
seed,5
student,5
hydrogen_peroxide,5
scoring_system,5
energy_dispersive_spectroscopy,5
risk_assessment,5
reaction_kinetics,5
leaching,5
energy_dispersive_x_ray_spectroscopy,4
magnetic_field,4
epidemiology,4
anthropometry,4
indium_compound,4
locomotion,4
luminescence,4
pilot_study,4
hydrodesulfurization,4
energy_efficiency,4
climate_change,4
heat_transfer,4
fractionation,4
radiation_response,4
hematite,4
acrylic_monomer,4
bacterial_count,4
colony_forming_unit,4
staphylococcus_aureus,4
dna_methylation,4
insulin_resistance,4
cell_differentiation,4
conceptual_framework,4
biogas,4
mammal,4
health,4
neural_network,4
nanoparticle,4
atomic_force_microscopy,4
digestion,4
body_weight,4
genetic_association,4
social_behavior,4
blood_sampling,4
latin_america,4
breast_neoplasm,4
nutrition,4
molecular_weight,4
raman_spectroscopy,4
mouth_neoplasm,4
n_methyl_dextro_aspartic_acid_receptor,4
ecology,4
growth_kinetics,4
oxide,4
pig,4
culture_medium,4
aqueous_solution,4
absorption_spectroscopy,4
mouth_tumor,4
cell_membrane,4
electron_density_measurement,4
carrier_concentration,4
breast_tumor,4
biofilm,4
smoking,4
environmental_exposure,4
nucleotide_sequence,4
growth_rate,4
bacterium_culture,4
simulation,4
animal_welfare,4
zirconia,4
"dna,_bacterial",4
plasmid,4
public_health,4
catalyst_selectivity,4
temperature_programmed_reduction,4
"disease_models,_animal",4
disease_model,4
structure_activity_relation,4
structure_activity_relationship,4
hydrophobic_and_hydrophilic_interaction,4
bacterial_dna,4
raman_spectrometry,4
graphite,4
gel,4
parasitology,4
season,4
immunofluorescence,4
anticonvulsive_agent,4
biomarkers,4
glass_membrane_electrode,4
estrogen_receptor_alpha,4
odontogenic_tumor,4
rna_extraction,4
neuroprotective_agent,4
confocal_microscopy,4
copper_compound,4
benchmarking,4
body_weight_gain,4
color,4
antiinfective_agent,4
diet,4
palmitic_acid,4
antiinflammatory_agent,4
leptin,4
reproducibility,4
medical_application,4
environmental_impact,4
analog_and_derivative,4
glucose_blood_level,4
fish,4
protein_conformation,4
"polymorphism,_single_nucleotide",4
graphene_oxide,4
medicinal_plant,4
pharmacology,4
eutectic,4
"mice,_inbred_balb_c",4
bagg_albino_mouse,4
deep_eutectic_solvent,4
nucleation,4
protein_structure,4
denitrification,4
electric_field,4
ultrasonics,4
antiinflammatory_activity,4
reactive_oxygen_metabolite,4
numerical_result,4
gene_frequency,4
measurement_accuracy,4
laminar_flow,4
genomic_dna,4
crystalline_structure,4
tellurium_compound,4
software,4
optimization,4
cell_growth,4
corn_starch,4
clinical_feature,4
biological_activity,4
nanocatalysts,4
light_absorption,4
steady_state,4
seasonal_variation,4
conformation,4
waste_water_management,4
cathode,4
metal_nanoparticle,4
peptide,4
nonradiative_energy_transfer,4
sexual_behavior,4
steel_corrosion,4
anti_oxidant_activity,4
fertility,4
image_processing,4
diagnostic_imaging,4
clinical_assessment,4
cold_temperature,4
genetic_algorithm,4
nonlinear_equation,4
cold,4
animal_behavior,4
liquid,4
bioethanol,4
purification,4
cell_count,4
elastic_modulus,4
elasticity,4
spectroscopy,4
drug_structure,4
sampling,4
specie_richness,4
inoculation,4
calculation,4
enzyme_kinetics,4
zea_may,4
real_time_polymerase_chain_reaction,4
energy_dissipation,4
functional_property,4
ester,4
sphere,4
electrical_conductivity,4
analytical_expression,4
chemical_model,4
"models,_chemical",4
binding_affinity,4
kinetic_parameter,4
cognition,4
dopamine,4
chemical_industry,4
yeast,4
ovary,4
chemical_reaction,4
inhibition,4
electronic_structure,4
crystal_structure,4
nutritional_status,4
numerical_model,4
fungus_growth,4
seizure,4
chemical_oxygen_demand,4
treatment_outcome,4
age_factor,4
brain_ischemia,4
porous_medium,4
zinc,4
cerebrovascular_accident,3
phase_transition,3
body_temperature,3
physical_activity,3
waste_management,3
anisotropy,3
survival,3
diagnosis,3
time_domain_analysis,3
testosterone,3
device,3
plant_stem,3
tank,3
wavelet_transforms,3
radiation_dose,3
ascorbic_acid,3
oscillator,3
adiposity,3
waist_circumference,3
conidium,3
"spores,_fungal",3
progeny,3
genetic_epigenesis,3
stress,3
substrate_concentration,3
bacterial_growth,3
thermostability,3
entropy,3
enthalpy,3
multivariate_analysis,3
smartphones,3
human_activity_recognition,3
time_series,3
shear_flow,3
trace_element,3
polarization,3
fabaceae,3
many_objective_optimization,3
me_xico,3
synergistic_effect,3
cobalt_compound,3
conditioned_reflex,3
"conditioning,_classical",3
volume_averaging_method,3
iterative_method,3
synthesis_and_characterization,3
atmospheric_pressure,3
food_product,3
opuntia_ficus_indica,3
heat_flux,3
closed_loop_system,3
electric_conductivity,3
vickers_microhardness,3
socioeconomics,3
nematic_liquid_crystal,3
intermethod_comparison,3
heart_rate,3
histamine,3
disease_severity,3
bacterium_detection,3
randomized_controlled_trial,3
principal_component_analysis,3
iron_compound,3
chain,3
saccharomyces_cerevisiae,3
schizophrenia,3
spatiotemporal_analysis,3
mortality_rate,3
socioeconomic_factor,3
analytic_method,3
heterojunctions,3
recovery,3
laplace_transforms,3
manganese,3
polycyclic_aromatic_hydrocarbon,3
scavenger,3
excitation_and_emission_spectrum,3
ferrite,3
low_carbon_steel,3
corrosion_inhibitor,3
encapsulation,3
free_radical,3
free_radical_scavenger,3
radical_scavenging,3
"behavior,_animal",3
amygdala,3
"animals,_newborn",3
institute_for_cancer_research_mouse,3
cancer_prognosis,3
it_application,3
"models,_biological",3
iii_v_semiconductor,3
molecular_conformation,3
microorganism,3
hormone_blood_level,3
haplotype,3
robust_control,3
nonlinear_system,3
microbial_activity,3
impeller,3
mixing,3
europium,3
thermoanalysis,3
isomer,3
biomaterial,3
four_body_problem,3
crystallinity,3
differential_equation,3
x_ray_powder_diffraction,3
computational_chemistry,3
essential_oil,3
bandwidth,3
sheep,3
antihypertensive_agent,3
phosphor,3
electric_dipole_dipole_interaction,3
metabolome,3
amino_acid,3
"mice,_inbred_icr",3
protein_kinase_b,3
optical_property,3
catalyst_support,3
fractal_dimension,3
drug_dose_comparison,3
navier_stokes_equation,3
molecular_interaction,3
esterification,3
maize,3
cell_death,3
functionalizations,3
fractal,3
electrochemical_corrosion,3
inokuti_hirayama_model,3
thin_layer_chromatography,3
tiliroside,3
thermal_conductivity,3
quinolinic_acid,3
heterozygote,3
corpus_striatum,3
quality_of_life,3
open_field_test,3
adomian_decomposition_method,3
magnesium_compound,3
soliton,3
room_temperature,3
mean_dissolution_time,3
viscoelasticity,3
lithium,3
leukocyte_count,3
vasculotropin_a,3
endothelial_nitric_oxide_synthase,3
plant_medicinal_product,3
asteraceae,3
phytochemistry,3
ethylene,3
gallic_acid,3
friction,3
cytotoxicity,3
fern,3
diffusion_controlled_growth,3
electrodeposition,3
particle_size_analysis,3
nanocomposites,3
binding_site,3
nitrite,3
dpph_radical_scavenging_assay,3
static_electricity,3
zeta_potential,3
bio_ethanol_production,3
lithium_ion_battery,3
reproducibility_of_result,3
polyelectrolyte,3
anti_inflammatory_agent,3
thermal_processing,3
flow_kinetics,3
rheology,3
computer_assisted_tomography,3
agglomeration,3
alanine_aminotransferase,3
artificial_life,3
aspartate_aminotransferase,3
genetic_transcription,3
healthy_volunteer,3
bacterium,3
design,3
homeostasis,3
food_intake,3
hydrochloric_acid,3
plant_leaf,3
lignin,3
quality_control,3
edema,3
mass_fragmentography,3
toxicity_testing,3
cytokine_production,3
food_handling,3
evaluation_study,3
sprague_dawley_rat,3
iron_oxide,3
suspension,3
antiproliferative_activity,3
histology,3
anode,3
molybdenum_compound,3
"antineoplastic_agents,_phytogenic",3
secondary_metabolite,3
tertiary_care_center,3
gene_sequence,3
proto_oncogene_protein_c_akt,3
vibrio,3
antibiotic_resistance,3
bacterial_gene,3
linear_model,3
statistical_model,3
evolution,3
organic_solvent,3
zeolite,3
specific_capacity,3
calcination,3
androgen_receptor,3
peroxide,3
university_student,3
arousal,3
electromagnetic_field,3
electroencephalogram,3
kainic_acid,3
anti_bacterial_agent,3
cobalt_alloy,3
palladium_alloy,3
palladium,3
formic_acid,3
reaction_analysis,3
anticonvulsant,3
potential_energy,3
photocatalytic_hydrogen_production,3
star,3
titanium,3
anti_inflammatories,3
rodent,3
water_splitting_reaction,3
bioavailability,3
estrogen,3
methodology,3
silicon,3
hydrophobic_interaction,3
photocatalysts,3
rheumatoid_arthritis,3
cholesterol,3
food,3
glutathione,3
liver,3
apoptosis,3
"gene_expression_regulation,_neoplastic",3
economics,3
electrochemical_technique,3
drug_synthesis,3
biofilms,3
confocal_laser_scanning_microscopy,3
mass_transfer,3
aromatization,3
"rats,_sprague_dawley",3
sulfur,3
electron_transport,3
x_ray_photoemission_spectroscopy,3
kinetic_energy,3
linoleic_acid,3
diffuse_reflectance_spectroscopy,3
geographic_distribution,3
sequence_analysis,3
gene_amplification,3
photoluminescence_analysis,3
scale_up,3
barley,3
cost_benefit_analysis,3
microinjection,3
vitreoscilla_hemoglobin,3
body_weight_loss,3
fiber_laser,3
pumping,3
chitosan,3
calorimeter,3
gold,3
isotherm,3
imidazole,3
imidazole_derivative,3
"receptors,_n_methyl_d_aspartate",3
bioconversion,3
velocity,3
swine,3
solid_state_culture,3
growth,3
tumor_recurrence,3
squamous_cell_carcinoma,3
chemically_induced,3
electric_machine_control,3
promoter_region,3
"infant,_newborn",3
cohort_study,3
cigarette_smoking,3
pyrrole_derivative,3
cause_of_death,3
b_raf_kinase,3
prediction,3
ketone,3
flame_ionization_detection,3
pyrroles,3
gene_expression_profiling,3
polynomial,3
code,3
cell_line,3
photo_catalytic_degradation,3
adipocyte,3
adipocytokine,3
adipokines,3
adipocytes,3
"epigenesis,_genetic",3
plant_protein,3
photodegradation,3
developing_world,3
sustainability,3
positive_ion,3
silicon_oxide,3
social_structure,3
south_and_central_america,3
demography,3
cost,3
ex_vivo_study,3
follow_up_study,3
comorbidity,3
aluminum,3
redox_reaction,3
observational_study,3
effluent,3
corticosterone,3
microbial_viability,3
fungus_spore,3
antifungal_agent,3
enzyme_stability,3
epithelium_cell,3
spinal_cord_injury,3
hamiltonians,3
harmonic_oscillator,3
pilot_project,3
neuroleptic_agent,3
ovary_follicle,3
ovarian_follicle,3
reproduction,3
pore_size,3
feces,3
food_preservation,3
antineoplastic_activity,3
molasses,3
parameterization,3
crystal_atomic_structure,3
drug_delivery_system,3
computational_fluid_dynamic,3
two_phase_flow,3
body_mass_index,3
hospitalization,3
anaerobic_growth,2
void_fraction,2
arachidonic_acid_derivative,2
germanium_oxide,2
light_emission,2
cellulase,2
coral_reef,2
survival_analysis,2
recurrent_disease,2
lactococcus_lactis,2
cell_communication,2
anthozoa,2
circulating_microrna,2
sea_food,2
submerged_arc_welding,2
pocillopora,2
biodegradability,2
needle,2
seafood,2
"endothelium,_vascular",2
density,2
bacterium_isolate,2
coral,2
weld,2
bacteriocins,2
low_drug_dose,2
medial_preoptic_area,2
specie_identification,2
specie_diversity,2
molecular_diagnosis,2
accuracy_assessment,2
inhibitor,2
tablet_formulation,2
motivation,2
error,2
pacific_coast_[mexico],2
risk,2
new_specie,2
particle_method,2
pacific_coast_[north_america],2
limestone,2
lime,2
adiponectin,2
protein_purification,2
cellulose,2
electrical_energy,2
acicular_ferrite,2
clomipramine,2
hypothalamus,2
medial_amygdala,2
estrogen_receptor_beta,2
gap_junction,2
distillation,2
cadmium_compound,2
dinger_equation,2
laser_pulse,2
oleanolic_acid,2
excitotoxicity,2
cichlid,2
bioactive_compound,2
release_kinetics,2
white_matter,2
"sexual_behavior,_animal",2
heavy_metal_removal,2
estrogen_receptor,2
bacterium_identification,2
oreochromis_niloticus,2
heavy_metal,2
cerebellum,2
monolayers,2
excitons,2
electrocardiogram,2
heart,2
oocyte,2
constrained_optimization,2
kinetic_theory,2
artificial_neural_network,2
cumulus_cell,2
"receptors,_estrogen",2
starch_digestion,2
solute_transport,2
plasma_confinement,2
biosensors,2
induced_magnetic_field,2
simulated_signal,2
probiotic,2
degradation,2
persistent_current,2
calcium_carbonate,2
stoichiometry,2
permeation,2
machine_learning,2
multi_band_spectrum,2
time_independent,2
wideband_spectrum,2
nanocrystals,2
dmf_index,2
hematocrit,2
"microscopy,_atomic_force",2
anthocyanins,2
molar_tooth,2
mechanic,2
piecewise_linear_technique,2
embedded_system,2
vanadium,2
polyunsaturated_alkamides,2
biological_evolution,2
trend,2
ecosystem,2
hydroxyapatite,2
reaction_rate,2
insulin,2
sodium_ion_battery,2
health_risk,2
production_of_hydrogen,2
mouth_examination,2
petroleum_industry,2
cyclodextrins,2
electrochemistry,2
dental_health,2
next_generation_sequencing,2
anatomy_and_histology,2
drug_resistance,2
monte_carlo_method,2
mycelium,2
molar,2
walking_aid,2
dental_caries,2
fusarium,2
pathogenesis,2
horseradish_peroxidase,2
triaxial_accelerometer,2
protein_processing,2
nanotube,2
isomerization_of_n_butane,2
amaranthus,2
neovascularization,2
computational_complexity,2
fluorescence_microscopy,2
driving_force,2
chitin,2
membrane,2
anandamide,2
innovation,2
economic_and_social_effect,2
hydrothermal_method,2
pathogenicity,2
self_concept,2
energy,2
gene_silencing,2
quantitative_analysis,2
physico_chemical_characterization,2
linear_behavior,2
genetic_analysis,2
pyridine_derivative,2
fungus_isolation,2
additive,2
rickettsia,2
gasoline_additive,2
cpg_island,2
dna_determination,2
hydrolysis_kinetics,2
prenatal_exposure_delayed_effect,2
fractal_analysis,2
macrophage,2
quantum_theory_of_atom_in_molecule,2
qtaim,2
hydrothermal_synthesis,2
gibbs_free_energy,2
cucumber,2
economic_analysis,2
olanzapine,2
ear_edema,2
magic_angle_spinning,2
information_processing,2
polypodium,2
physical_phenomenon,2
wild_population,2
shock_wave,2
ovary_cancer,2
magic_angle_spinning_nuclear_magnetic_resonance,2
prenatal_exposure,2
food_control,2
meta_analysis,2
sulpiride,2
nonsteroid_antiinflammatory_agent,2
lipopolysaccharide,2
temperature_sensitivity,2
"anti_inflammatory_agents,_non_steroidal",2
small_interfering_rna,2
cold_stress,2
protein_blood_level,2
biochemical_composition,2
endocannabinoid,2
health_hazard,2
food_microbiology,2
haloperidol,2
streptococcus_thermophilus,2
crystalline_material,2
development,2
complementary_dna,2
microinjections,2
protein_localization,2
lordosis,2
microarray_analysis,2
estrous_cycle,2
estrus_cycle,2
electrode,2
multi_objective_optimization_problem,2
dopamine_receptor_stimulating_agent,2
antipsychotic_agent,2
clozapine,2
parkinson_disease,2
electrodeposition_mechanism,2
dna_synthesis,2
lipopolysaccharides,2
fluorocarbon,2
organic_pollutant,2
cell_movement,2
microhardness,2
cell_motion,2
oxygen_vacancy,2
motion_estimation,2
smoke,2
enargite,2
transport_coefficient,2
guerrero,2
chalcopyrite,2
grain,2
membrane_protein,2
solar_energy,2
neoplasm_protein,2
tumor_protein,2
quenching,2
high_temperature,2
dopamine_agonist,2
chlorophenols,2
magnesium_alloy,2
progesterone,2
chlormethine,2
regeneration,2
"spectrum_analysis,_raman",2
electrochemical_electrode,2
plate,2
x_ray_crystallography,2
"pulmonary_disease,_chronic_obstructive",2
severity_of_illness_index,2
chronic_obstructive_lung_disease,2
calcite,2
persistent_organic_pollutant,2
production,2
mineralization,2
experimental_test,2
uterus,2
lead_oxide,2
"sequence_analysis,_dna",2
vaginal,2
antiestrogen,2
wave_function,2
chemical_removal,2
ompa_gene,2
cooling,2
optical_switch,2
olfactory_bulb,2
thulium_compound,2
neurotransmission,2
damage,2
fed_batch_culture,2
antimony_compound,2
oxygen_limitation,2
vitreoscilla,2
reinforced_concrete,2
quartz,2
micro_aerobics,2
gene_overexpression,2
replicon,2
fossil_fuel,2
morelos,2
progesterone_blood_level,2
spring,2
corpus_luteum,2
certification,2
acidity,2
ateles_geoffroyi,2
condensation_reaction,2
healthy_aging,2
lifespan,2
statistical_mechanic,2
modeling,2
volume,2
upscaling,2
mitogen_activated_protein_kinase,2
nervous_system_inflammation,2
elemental_sulfur,2
biomass_production,2
antibiotic,2
electronic_property,2
food_processing,2
large_scale_production,2
electromagnetic_wave,2
serine,2
chelation,2
education,2
sensory_analysis,2
byproduct,2
qualitative_research,2
finite_element_method,2
dietary_supplement,2
glyceride,2
layered_semiconductor,2
constitutive_equation,2
electron_transition,2
hydrogen_transfer,2
glow_discharge,2
learning_algorithm,2
cognitive_radio,2
chemical_vapor_deposition,2
amylase,2
dyslipidemia,2
enzyme_inhibitor,2
stirred_tank_bioreactors,2
fundamental_concept,2
time_complexity,2
photocatalytic_behavior,2
electrophilicity,2
entomopathogenic_fungus,2
"microscopy,_electron,_scanning",2
perhydroxyl_radical,2
analytical_method,2
qualitative_analysis,2
treatment_duration,2
temperature_effect,2
somnolence,2
tensor,2
accelerometry,2
biocontrol_agent,2
brazil,2
codon,2
algae,2
antidiabetic_activity,2
oxidoreductase,2
drug_potency,2
fungus_culture,2
"microorganisms,_genetically_modified",2
single_drug_dose,2
opuntia,2
non_newtonian_flow,2
biofuel,2
fruit_production,2
dry_season,2
spore,2
parameter_estimation,2
"chromosomes,_bacterial",2
polyurethane,2
gel_permeation_chromatography,2
truncated_hemoglobin,2
transgenic_microorganism,2
central_nervous_system_stimulant,2
"hemoglobin_protein,_vitreoscilla",2
bacterial_spore,2
vegetative_growth,2
bacterial_chromosome,2
methyl_methacrylates,2
electrostatics,2
speed,2
bacteriology,2
turbine_component,2
ultrasonic_field,2
histone_deacetylase,2
rigid_foamed_plastic,2
fruiting,2
polyurethane_foam,2
animal_feed,2
colombia,2
conservation_equation,2
continuity_equation,2
animal_food,2
central_stimulant_agent,2
weight_gain,2
phenology,2
helicities,2
flowering,2
angular_momentum,2
methane_production,2
correlation_coefficient,2
spirometry,2
correlation_analysis,2
activated_carbon,2
longevity,2
aspergillus,2
electrochemical_behaviour,2
bioengineering,2
thermal_analysis,2
tick_infestation,2
antirheumatic_agent,2
geography,2
electronic_equipment,2
aerobic_bacterium,2
nanocoating,2
gelatinization,2
drug_design,2
"crystallography,_x_ray",2
drug_blood_level,2
chemical_modification,2
organization,2
cell_damage,2
allele,2
partial_differential_equation,2
finite_element_simulation,2
asynchronous_generator,2
thiobarbituric_acid_reactive_substance,2
enzymatic_hydrolysis,2
biocatalyst,2
acute_toxicity,2
numerical_solution,2
thermal_pre_treatment,2
body_size,2
laser_ablation,2
oleic_acid,2
"rna,_messenger",2
tick,2
passive_mode_locking,2
ablation,2
emulsification,2
erbium,2
erbium_doped_fiber_laser,2
error_analysis,2
corn_stover,2
tropic,2
lignocellulolytic_enzyme,2
zinc_compound,2
passively_mode_locked,2
temperature_profile,2
melatonin,2
light_transmission,2
liquid_chromatography_mass_spectrometry,2
electrochemical_evaluation,2
laser_fluences,2
plant_oil,2
energy_transfer_efficiency,2
estimation_method,2
genetic_transformation,2
sugar,2
crosslinking,2
temperature_distribution,2
indometacin,2
pareto_principle,2
electron_withdrawing_group,2
minimum_inhibitory_concentration,2
conductivity_measurement,2
activation_analysis,2
placebo,2
light_emitting_diode,2
ionic_conductivity,2
x_ray_diffraction_analysis,2
doubly_fed_induction_generator,2
apomorphine,2
amylose_content,2
computer_graphic,2
cultural_factor,2
granulation,2
diagnostic_accuracy,2
dynamical_system,2
vegetable_oil,2
feeding_and_eating_disorder,2
chemical_environment,2
aluminum_hydroxide,2
brain_size,2
non_insulin_dependent_diabetes_mellitus,2
histamine_agonist,2
lupeol,2
gray_matter,2
triterpene,2
forestry,2
image_analysis,2
eating_disorder,2
inhibitory_effect,2
co_oxidation,2
enzyme_activation,2
field_emission_microscope,2
mental_disease,2
atmospheric_chemistry,2
electroporation,2
learning_system,2
bioequivalence,2
dna_extraction,2
filamentous_fungus,2
extremum_seeking_control,2
wave_equation,2
ordinary_differential_equation,2
dizocilpine,2
nanomagnetics,2
light_scattering,2
milling,2
nanostructures,2
coprecipitation,2
phenolic_compound,2
iron_alloy,2
field_emission_scanning_electron_microscopy,2
magnetite_nanoparticle,2
magnetite_nanoparticles,2
stability,2
velocity_measurement,2
shear_thinning,2
validation_process,2
reliability,2
cross_cultural_comparison,2
abdominal_pain,2
hydrodynamic_behavior,2
computer_simulation,2
epileptic_state,2
boiling_water_reactor,2
turbomachine_blade,2
metronidazole,2
amino_acid_receptor_blocking_agent,2
leukocytosis,2
generalized_langevin_equation,2
nucleus_accumbens,2
turbulent_flow,2
heart_protection,2
sulforafan,2
isothiocyanate,2
arachidonic_acid,2
isothiocyanic_acid_derivative,2
sulforaphane,2
smartphone,2
piperacillin_plus_tazobactam,2
heart_function,2
status_epilepticus,2
x_ray_computed_tomography,2
granular_material,2
endocannabinoids,2
host_parasite_interaction,2
reduced_order_model,2
initial_condition,2
drug_response,2
diazepam,2
life_cycle,2
life_cycle_assessment,2
thermo_dynamic_analysis,2
waste,2
enzyme_phosphorylation,2
edetic_acid,2
activated_sludge,2
mechanical_response,2
concentrated_solution,2
phosphate,2
"tomography,_x_ray_computed",2
bilirubin,2
electrochromism,2
excitatory_amino_acid_antagonist,2
viscosity_of_liquid,2
citric_acid,2
spray_drying,2
antihypertensive_activity,2
neutron,2
greenhouse_gas,2
building,2
flow_pattern,2
network_architecture,2
stearic_acid,2
fiber,2
industrial_water_treatment,2
adsorption_process,2
crystallite,2
zinc_sulfide,2
organic_matter,2
avoidance_behavior,2
oxygen_consumption,2
powder_metal,2
retention_time,2
insula,2
imipramine,2
forced_swim_test,2
citrate_sodium,2
biogeochemistry,2
decision_tree,2
network_analysis,2
emulsion,2
optical_soliton,2
adomian_decomposition,2
silicon_dioxide,2
computational_resource,2
magnetite,2
dark_optical_soliton,2
dimerization,2
gene_interaction,2
ultraviolet_spectroscopy,2
anaerobiosis,2
protein_multimerization,2
"epistasis,_genetic",2
protein_folding,2
graphic_processing_unit,2
natural_language_processing_system,2
supramolecular_chemistry,2
protein_protein_interaction,2
magnetic_resonance_spectroscopy,2
program_processor,2
memory,2
mechanosynthesis,2
molecular_pathology,2
glutamic_acid,2
nitric_acid_derivative,2
electric_potential,2
para_cresol,2
performance_assessment,2
oligomers,2
signal_to_noise_ratio,2
performance,2
insecticide,2
volatile_organic_compound,2
digital_storage,2
tablet,2
lower_critical_solution_temperature,2
indigenous_population,2
mineralogy,2
multiple_sclerosis,2
lactobacillus_casei,2
prognosis,2
oxidation_reaction,2
low_temperature,2
titanium_alloy,2
possible_mechanism,2
multiple_regression,2
quercetin,2
upland_region,2
maximum_drug_effect,2
disease_exacerbation,2
immobility_time,2
microstructural_change,2
protein_degradation,2
glutamate_decarboxylase,2
spectrophotometry,2
productivity,2
biocompatible_material,2
ternary_alloy,2
spinocerebellar_degeneration,2
pentetrazole,2
pyrrole,2
cell_viability_assay,2
plasma_polymerization,2
measurement_precision,2
gamma_radiation,2
food_availability,2
spectrum_analysis,2
]+_catalyst,2
antidepressant_agent,2
heart_muscle_conduction_system,2
clinical_practice,2
acylglycerol,2
domination_number,2
nitrogen_compound,2
metformin,2
cardiovascular_disease,2
neutrophil,2
scaffold,2
leukocyte,2
polyester,2
food_security,2
polymerization,2
tin,2
plasma,2
reduced_nicotinamide_adenine_dinucleotide_phosphate,2
x_ray_scattering,2
oxide_film,2
validation_study,2
acinetobacter,2
heart_conduction_system,2
central_configuration,2
high_substrate_concentration,2
electrospinning,2
rough_surface,2
biophysics,2
psychopharmacology,2
morphology_and_composition,2
copulation,2
glycoprotein,2
lipid,2
particulate_matter,2
toluene,2
perovskite,2
missense_mutation,2
perturbation_technique,2
genetic_association_study,2
lipid_metabolism,2
salvia,2
value_engineering,2
response_surface_methodology,2
epistasis,2
disease_duration,2
anxiolytic,2
mrna_expression_level,2
earthquake,2
drug_potentiation,2
antenna,2
copper_oxide,2
oral_health,2
hydrodynamic_parameter,2
packed_bed,2
spinocerebellar_ataxia,2
neurologic_disease,2
metabolic_regulation,2
regression_analysis,2
shell,2
relaxation_time,2
physic,2
degree_of_freedom,2
electrochemical_study,2
angiogenesis,2
municipal_solid_waste,2
kinetics_and_mechanism,2
dissolved_oxygen,2
latent_period,2
"drug_screening_assays,_antitumor",2
lipid_storage,2
computer_model,2
organic_chemical,2
kidney,2
cyclic_gmp,2
n_nitroarginine_methyl_ester,2
nickel,2
glycerol,2
bone_density,2
cancer_resistance,2
power_generation,2
feasibility_study,2
natural_product,2
drug_megadose,2
propranolol,2
phthalic_acid_derivative,2
drug_screening,2
drug_isolation,2
isothermal_titration_calorimetry,2
longitudinal_study,2
metabolic_disorder,2
dna_damage,2
doxorubicin,2
phylogenetics,2
concentration_response,2
limit_of_detection,2
emotion,2
up_regulation,2
drought,2
oral_glucose_tolerance_test,2
boltzmann_equation,2
stratum_corneum,2
leaf,2
skin,2
fukui_function,2
air_pollutant,2
internet,2
"chemistry_techniques,_synthetic",2
vascular_endothelium,2
musculoskeletal_disease,2
energy_transfer_process,2
drying,2
antioxidant_capacity,2
cobalt,2
reflection,2
cactaceae,2
puebla_[mexico],2
acetone,2
practice_guideline,2
research_design,2
temperature_condition,2
ameloblastoma,2
phosphotransferase,2
beam_column_element,2
ductility,2
antral_follicle,2
vasculotropin,2
silicon_compound,2
water_splitting,2
psychopharmacotherapy,2
systemic_lupus_erythematosus,2
rheumatic_disease,2
antiphospholipid_syndrome,2
one_pot_synthesis,2
adsorption_isotherm,2
legume,2
cyanobacteria,2
cyanobacterium,2
alpha_levo_fucosidase,2
enzyme_specificity,2
prebiotic_agent,2
prebiotics,2
oligosaccharide,2
substrate_specificity,2
hydrodeoxygenation,2
chemical_reactor,2
triacylglycerol_level,2
adenosine_triphosphate,2
lipid_diet,2
protein_content,2
spleen,2
food_analysis,2
food_quality,2
structural_frame,2
sonora,2
hepatomegaly,2
liver_cell,2
poverty,2
vulnerability,2
pneumonia,2
attitude,2
meat,2
cancer_inhibition,2
citric_acid_cycle,2
rna,2
dietary_intake,2
multicenter_study,2
prospective_study,2
genome_wide_association_study,2
gene_identification,2
clinical_trial,2
piperidines,2
piperidine_derivative,2
polyphenol,2
cross_linking,2
rabbit,2
leporidae,2
overstrength,2
collapse_mechanism,2
cadherins,2
tumor_volume,2
calorimetry,2
sodium,2
titration,2
cancer_recurrence,2
"carcinoma,_squamous_cell",2
mouth_squamous_cell_carcinoma,2
cadherin,2
cancer_staging,2
uvomorulin,2
tooth_disease,2
stress_tensor,2
defect,2
mangrove,2
satellite_imagery,2
parametric_identification,2
trajectory_tracking,2
carbohydrate,2
wave_propagation,2
scopoletin,2
logic_gate,2
protein_calorie_malnutrition,2
protein_phosphorylation,2
phosphorylation,2
data_handling,2
dual_energy_x_ray_absorptiometry,2
genetic_predisposition_to_disease,2
high_density_lipoprotein_cholesterol,2
low_density_lipoprotein_cholesterol,2
genetic_predisposition,2
womens_status,2
size_reduction,2
bifurcation,2
migraine,2
quality_adjusted_life_year,2
global_disease_burden,2
global_burden_of_disease,2
molecular_biology,2
medical_history,2
disability,2
diffusing_particle,2
aggression,2
nanofibers,2
fat_intake,2
heat_treatment,2
molar_ratio,2
dietary_fat,2
nutritional_value,2
water_quality,2
proton_nuclear_magnetic_resonance,2
carbon_nuclear_magnetic_resonance,2
cross_linking_reagent,2
developmental_stage,2
biotechnology,2
fungal_protein,2
magnetism,2
thermodynamic_stability,2
styrene,2
hybrid_material,2
starch_dispersion,2
energy_utilization,2
energy_conservation,2
epithelial_cell,2
coordination_complex,2
coordination_compound,2
data_analysis,2
genetic_marker,2
odor,2
curcumin,2
particle_concentration,2
chemical_interaction,2
gene_mutation,2
fever,2
rhinorrhea,2
household_survey,2
hypothyroidism,2
reactive_oxygen_specie,2
antagonist_and_inhibitor,2
sinaloa,2
bioaccumulation,2
molecular_adsorption,2
cell_nucleus,2
convalescence,2
recovery_of_function,2
ethanol_concentration,2
glioblastoma,2
hydraulic_retention_time,2
fluorescence_spectroscopy,2
lie_group,2
humidity,2
occludin,2
cell_invasion,2
mapk_signaling,2
clinical_outcome,2
dam,2
map_kinase_signaling_system,2
mental_health,2
penicillium,2
glycosidase,2
numerical_estimation,2
boundary_value_problem,2
size_exclusion_chromatography,2
brain_computer_interface,2
reaction_temperature,2
nuclear_magnetic_resonance,2
"stress,_physiological",2
corticosterone_blood_level,2
physiological_stress,2
testosterone_blood_level,2
weaning,2
piglet,2
lactate_blood_level,2
mycobacterium_tuberculosis,2
ankylosing_spondylitis,2
cell_proliferation_assay,2
effective_potential,2
mouth_lesion,2
encapsulation_efficiency,2
microencapsulation,2
oxidative_stability,2
gingiva,2
ultraviolet_visible_spectroscopy,2
hexane,2
electrolyte,2
detection_method,2
biochemical_oxygen_demand,2
anoxic_condition,2
advanced_oxidation_process,2
salinity,2
feeding,2
chlorella_vulgaris,2
embryo,2
laparotomy,2
multi_objective_problem,2
hen,2
electric_battery,2
electrochemical_nucleation,2
chronoamperometry,2
glassy_carbon_electrode,2
mucosal_melanoma,2
hydrogen_sulfide,2
hybrid_system,2
gulf_of_tehuantepec,2
multi_objective_evolutionary_algorithm,2
electronic_structure_calculation,2
grooming,2
metabolic_syndrome_x,2
reynolds_number,2
chronic_drug_administration,2
dopaminergic_system,2
trajectory,2
reinforcement,2
drug_release,2
naproxen,2
data_acquisition,2
nerve_tract,2
magnetic_resonance_imaging,2
neural_pathway,2
catalytic_particle,2
culture,2
data_mining,2
systematic_review,2
agitated_tank,2
mimo_system,2
stiffness,2
vanadium_pentoxide,2
crystalline_phase,2
self_assembly,2
metalorganic_framework,2
bottleneck_effect,2
oxidation_reduction_state,2
evoked_response,2
diastolic_blood_pressure,2
telmisartan,2
angiotensin_ii,2
dc_motor,2
benzofuran_derivative,2
benzofuran,2
monoclinic_structure,2
nanocrystalline_material,2
adsorption_property,2
tuberculosis,2
ulcer,2
skin_defect,2
task_performance,2
internalization,2
tablet_disintegration,2
tablet_hardness,2
tablet_friability,2
tapped_density,2
hydroxypropylmethylcellulose,2
nanorods,2
n_methyl_dextro_aspartic_acid,2
biological_rhythm,2
antimicrobial_activity,2
photon,2
thin_film,2
stroke_patient,2
stroke_rehabilitation,2
stroke,2
hospital_discharge,2
fasting,1
effective_interaction,1
linear_response_approximation,1
finite_particle,1
microions,1
six_minute_walk_test,1
repressor_protein,1
tobacco,1
histone_deacetylases,1
tobacco_smoke,1
lung_diffusion_capacity,1
forced_expiratory_volume,1
lung_function,1
passive_smoking,1
tobacco_smoke_pollution,1
digital_volume_pulse,1
cardiovascular_parameter,1
pulse_transit_time,1
free_field,1
field_function,1
wave_solution,1
chirality,1
time_derivative,1
real_time_reverse_transcription_polymerase_chain_reaction,1
forced_vital_capacity,1
paw_edema,1
wild_plant,1
experimental_arthritis,1
"arthritis,_experimental",1
thiobarbituric_acid,1
alkaline_phosphatase_blood_level,1
phytotherapy,1
repeated_drug_dose,1
nanofabrication,1
superparamagnetic_property,1
prostate_tumor,1
androstane_derivative,1
oxidoreductase_inhibitor,1
androgen_synthesis,1
receptor_affinity,1
lncap_cell_line,1
buddleja_cordata_extract,1
arthritis,1
adjuvant_arthritis,1
trichloroacetic_acid,1
lipid_blood_level,1
buddleja,1
buddleja_cordata_kunth,1
phenylbutazone,1
lymphocyte,1
error_bound,1
convergence_of_numerical_method,1
numerical_integration,1
interval_analysis,1
white_rot_fungi,1
positive_correlation,1
sodium_derivative,1
tetraethoxysilane,1
superparamagnetic_iron_oxide_nanoparticles,1
estrane_derivative,1
superparamagnetism,1
tetra_ethyl_ortho_silicate,1
bioconversion_process,1
pre_treatments,1
fungal_pre_treatment,1
ionic_conduction_property,1
polymer_matrix,1
polymer_interaction,1
ionic_conduction,1
short_range_interaction,1
charge_delocalization,1
stability_and_convergence_of_numerical_method,1
interpolation,1
fourier_transforms,1
poisson_distribution,1
food_aversion,1
measurement,1
food_neophobia,1
avoidant_restrictive_food_intake_disorder,1
disgust,1
electronwithdrawing,1
conducting_polymer,1
france,1
united_state,1
psychiatric_status_rating_scale,1
emotion_assessment,1
criterion_related_validity,1
south_africa,1
australia,1
psychometry,1
confirmatory_factor_analysis,1
england,1
psychometrics,1
"factor_analysis,_statistical",1
echography,1
blood_examination,1
infection_risk,1
psychological_rating_scale,1
food_disgust_scale,1
spain,1
gastrointestinal_symptom,1
sweden,1
china,1
construct_validity,1
photon_correlation_spectroscopy,1
zeta_potential_measurement,1
vibrating_sample_magnetometer,1
agglomerate,1
sodium_metasilicate,1
factor_analysis,1
food_poisoning,1
daptomycin,1
"embolization,_therapeutic",1
abscess_drainage,1
liver_abscess,1
cholangiography,1
artificial_embolization,1
hepatic_artery,1
hemorrhagic_ascites,1
alkaline_phosphatase,1
cholecystitis,1
percutaneous_transhepatic_cholangiography,1
ceftriaxone,1
cholangitis,1
roux_en_y_gastric_bypass,1
gallbladder,1
"aneurysm,_false",1
septic_shock,1
body_temperature_measurement,1
bile_duct_dilatation,1
blood_transfusion,1
false_aneurysm,1
common_bile_duct_stone,1
ascites,1
heart_rate_measurement,1
arterial_embolization,1
embodied_energy,1
vancomycin,1
vancomycin_resistant_enterococcus,1
liver_hematoma,1
cerebrospinal_fluid_culture,1
common_bile_duct,1
hemorrhagic_shock,1
arteriovenous_shunt,1
flexible_electrochromic_device,1
polyedot,1
potentiodynamic_technique,1
electrochromic_device,1
polyaniline,1
polyanilline,1
construction_industry,1
residential_sector,1
the_caribbean,1
social_housing,1
housing,1
protein_domain,1
virion,1
protein_motif,1
"protein_conformation,_alpha_helical",1
major_homology_region,1
amino_acid_motif,1
phytic_acid,1
alpha_helix,1
tilia_americana,1
magnetometry,1
isoelectric_point,1
biocompatibility,1
superparamagnetic_nanoparticles,1
molecular_stability,1
magnetic,1
superparamagnetic_iron_oxide_nanoparticle,1
"rna,_viral",1
water_dispersible,1
capsid,1
"gag_gene_products,_human_immunodeficiency_virus",1
gag_protein,1
matrix_domain,1
virus_rna,1
virus_capsid,1
protein_interaction,1
protein_interaction_domain_and_motif,1
carboxy_terminal_sequence,1
virus_assembly,1
p_cresol,1
transformation,1
p_cresol_oxidation,1
biochemical_level,1
sludge_treatment,1
biochemical_level_effect,1
soil_pollution,1
paecilomyces_variotii,1
endosulfans,1
contaminated_soil,1
alpha_endosulfan,1
obsolete_pesticide,1
paecilomyces_lilacinus,1
pesticide,1
wet_air_oxidation_reaction,1
solgel,1
tail_suspension_test,1
luteolin,1
sedation,1
caffeic_acid,1
antidepressant_activity,1
column_chromatography,1
electron_donor,1
reductive_process,1
organic_electron_donor,1
iodine,1
protein_scaffold,1
electricity,1
small_and_wide_angle_x_ray_scattering,1
tissue_engineering,1
quercitrin,1
x_ray_diffraction_study,1
fibroblast,1
collagen,1
remediation,1
initial_concentration,1
fibroblast_proliferation,1
plasma_gas,1
thermogravimetry,1
coating,1
elastin,1
polycaprolactone,1
tissue_scaffold,1
cell_adhesion,1
fibroblast_adhesion,1
singular_perturbation_method,1
equilic_quadrilateral,1
convex_central_configuration,1
positive_mass,1
x_ray_scattering_measurement,1
fibroblast_culture,1
polymeric_scaffold,1
plasma_application,1
adhesion,1
fourier_transform_spectroscopy,1
microbial_growth,1
microbial_kinetics,1
autocatalysts,1
monod_equation,1
microbial_growth_dynamic,1
pseudomonas_putida,1
benzene,1
global_emission,1
carica,1
papaya,1
fish_protein,1
scanning_electronic_microscopy,1
synthesised,1
wet_air_oxidation,1
electronic_microscopy,1
cell_reproduction,1
law_of_mass_action,1
mass_action,1
theoretical_derivation,1
metabolic_network_and_pathway,1
congenital_heart_malformation,1
"receptors,_calcitriol",1
glucuronidase,1
vdr_protein,1
vitamin_d_metabolism,1
calcitriol_receptor,1
cathodic_reduction,1
intermediate_specie,1
cathodic,1
ammoniacal_solution,1
ultra_performance_liquid_chromatography,1
urogenital_abnormality,1
turner_syndrome,1
vitamin_d,1
kidney_malformation,1
thyroiditis,1
beta_glucuronidase,1
kl_protein,1
karyotype,1
"bone_diseases,_metabolic",1
urogenital_tract_malformation,1
metabolic_bone_disease,1
klotho_protein,1
benzhydryl_derivative,1
mono_benzyl_phthalate,1
phthalic_acid_dibutyl_ester,1
phthalic_acid_benzyl_butyl_ester,1
pregnancy_diabetes_mellitus,1
diisobutyl_phthalate,1
second_trimester_pregnancy,1
"diabetes,_gestational",1
pregnant_woman,1
mono_n_butyl_phthalate,1
microemulsion,1
conformational_transition,1
tetraphenylporphyrin,1
photodynamic_therapy,1
urinary,1
mono_phthalate,1
thunnus_albacares,1
tuna,1
glass_manufacture,1
optical_spectroscopic_property,1
germanate_tellurite_glass,1
phthalic_acid,1
mono_isobutyl_phthalate,1
"pregnancy_trimester,_second",1
benzhydryl_compound,1
saw_process,1
carbon_dioxide_arc_welding,1
weld_metal,1
superficial_density,1
toughness,1
ti_content,1
different_size,1
drug_penetration,1
basolateral_amygdala,1
dissolution_rate,1
ferritic,1
mixed_type,1
pipeline_corrosion,1
bougainvillea_spectabilis,1
alginate_bead,1
vitamin,1
"sequence_analysis,_protein",1
dpph,1
lactobacillus_plantarum,1
high_strength_steel,1
charpy_v_notch,1
octane_index,1
low_cost,1
bioactive_peptide,1
peptidomics,1
biorefineries,1
hydrolysate,1
alginate,1
color_parameter,1
sulfuric_acid_solution,1
borides,1
mixed_langmuir_monolayers,1
effective_medium_model,1
compression_and_shear,1
brewster_angle_microscopy,1
vis_coelastic_fluid,1
thermodynamic_equilibrium,1
isothermal_compression,1
compression_elastic_modulus,1
raphe_nucleus,1
pipeline_processing_system,1
static_load,1
micro_structural_characterization,1
energy_dispersive_spectrometry,1
hard_coating,1
hydrogen_interaction,1
diffusion_coating,1
three_point_bending,1
boron,1
bending_test,1
nanoindentation,1
cathodic_charging,1
boride_coating,1
hydrogen_permeation,1
context_sensitive_grammar,1
problem_oriented_language,1
cloud_computing,1
java_programming_language,1
formal_language,1
visual_programming_language,1
visual_language,1
context_free_graph_grammar,1
parallel_programming,1
context_free_grammar,1
graph_grammar,1
hyperedge_replacement,1
single_program_multiple_data,1
parallel_pattern,1
workflow,1
photothermal_therapy,1
hydrothermal_reaction,1
biomedical_application,1
yttrium_compound,1
chalcopyrite_concentrate,1
cylindrical_particle,1
shrinking_core_model,1
leaching_of_chalcopyrite,1
shrinking_cylinder_model,1
chalcopyrite_leaching,1
polar_organic_solvent,1
application_program,1
multiple_program_multiple_datum,1
parallel_architecture,1
anisotropic_stress,1
membrane_curvature,1
cylindrical_surface,1
nematic_molecule,1
naoh,1
reaction_pressure,1
fluorine_compound,1
agricultural_waste,1
sorghum_juice,1
food_industry,1
growing_demand,1
dehydration,1
biofuel_production,1
molecular_sieve,1
hydrothermal,1
up_conversion,1
solid_state_laser,1
rietveld_analysis,1
benperidol,1
raclopride,1
quetiapine,1
quinpirole,1
torque,1
internal_ordering,1
elastic_membrane,1
differential_geometry,1
anisotropic_fluid,1
risperidone,1
droperidol,1
aripiprazole,1
cariprazine,1
pipamperone,1
clopenthixol,1
trifluperidol,1
spiperone,1
dopamine_receptor_blocking_agent,1
rotigotine,1
proestrus,1
organ_size,1
vagina_smear,1
non_dominated_sorting,1
mathematical_technique,1
divide_and_conquer,1
fractional_distillation,1
commercial_gasoline,1
octane,1
fescue,1
biotechnological_production,1
gasoline_mixture,1
grain_sorghum,1
dopamine_antagonist,1
ropinirole,1
ziprasidone,1
isoflavones,1
uterine_epithelium,1
estrogen_activity,1
organ_weight,1
phytoestrogen,1
vagina_epithelium,1
leucaena_leucocephala_extract,1
diestrus,1
vagina_cytology,1
spectroscopic_constant,1
kinetic_rate_constant,1
second_order_perturbation_theory,1
spectroscopic_parameter,1
phase_interface,1
rotational_constant,1
centrifugal_distortion_constant,1
gas_phase_reaction,1
large_amplitude_motion,1
daidzein,1
leucaena_leucocephala,1
phytoestrogens,1
isoflavone_derivative,1
analytical_calculation,1
maxwell_equation,1
thermodynamically_constrained_averaging_theory,1
renormalization_group_theory,1
homogenization_method,1
group_theory,1
computational_efficiency,1
homogenization_theory,1
mixture_theory,1
cactus,1
social_and_cultural_context,1
analytical_result,1
electrical_machine,1
green_function,1
inductance,1
electric_machinery,1
eddy_current,1
characteristic_peak,1
gasoline,1
research_community,1
state_of_the_art_algorithm,1
synthetic_datasets,1
bench_mark_problem,1
computer_science,1
end_winding_leakage_inductance,1
electric_winding,1
leakage_inductance,1
asymptotic_method,1
relativistic_kinetic_theory,1
transport_phenomenon,1
acceptance_test,1
consumer_perception,1
sensory_perception,1
food_preference,1
check_all_that_apply,1
arid_and_semi_arid_region,1
cross_cultural_study,1
bakery,1
abies_religiosa,1
soil_moisture,1
root_colonization,1
arbuscular_mycorrhiza,1
sexual_reproduction,1
special_relativity,1
linearizing_control_law,1
uncertain_nonlinear_system,1
l._casei,1
electrical_and_mechanical_property,1
order_of_magnitude,1
pmma,1
dissipative_property,1
two_dimensional_gas,1
orthogonal_polynomial,1
dissipative_energy,1
relativity,1
investment,1
understory,1
acaena_elongata,1
mutualism,1
dicotyledon,1
magdalena_basin,1
anthropogenic_effect,1
abundance,1
rolling_sphere,1
pulsed_laser,1
united_nation,1
infant_mortality,1
organizational_objective,1
childhood_mortality,1
live_birth,1
child_death,1
mapping_method,1
middle_income_country,1
global_health,1
child_mortality,1
wireless_internet_access,1
traffic_density,1
ieee_standard,1
mesh_networking,1
network_coding,1
moving_average,1
attachment_rate,1
negative_polarity,1
laser_ablation_plasma,1
deleterious_effect,1
lightning,1
lightning_rod,1
impulse_discharge,1
emission_protection,1
lavandula,1
aromatherapy,1
pretest_posttest_design,1
quantitative_study,1
lavandula_angustifolia,1
lavender_oil,1
infrastructure_wireless_mesh_network,1
coding_delay,1
mesh_generation,1
network_capacity,1
wireless_mesh_network,1
medium_access_control,1
transmission_control_protocol,1
nitrification_process,1
sequencing_batch_reactor,1
nitrifying_bacterium,1
acclimated_sludge,1
partial_nitrification,1
nitrification,1
chlorophenol,1
sleep,1
lavender,1
"oils,_volatile",1
mango_bark,1
mango_leaf,1
assisted_extraction,1
preparative_scale,1
mangiferin,1
activated_sludge_process,1
batch_reactor,1
metabolic_inhibition,1
ager_protein,1
insulin_like_growth_factor_i,1
intron,1
error_compensation,1
gradient_based,1
perturbation_signal,1
online_system,1
model_uncertainty,1
feedback_control_scheme,1
optimal_neighborhood,1
ammonium_compound,1
nitrification_performance,1
protective_agent,1
turbulence_dissipation_rate,1
large_eddy_simulation,1
angular_displacement,1
dissipation_rate,1
v_groove,1
aerodynamics,1
particle_image_velocimetry_technique,1
mixing_characteristic,1
axial_impeller,1
heart_tissue,1
aromatic_hydrocarbon_receptor,1
"receptors,_aryl_hydrocarbon",1
anticarcinogenic_agent,1
myocardial_ischemia_reperfusion_injury,1
immunoblotting,1
heart_infarction_size,1
nitrosative_stress,1
myocardial_reperfusion_injury,1
rare_earth_element,1
"metals,_rare_earth",1
elevated_temperature,1
environmental_temperature,1
cathode_ray_tube,1
ischemic_postconditioning,1
reduced_nicotinamide_adenine_dinucleotide_dehydrogenase,1
comparative_effectiveness,1
rare_earth_compound,1
samarium,1
cathode_ray,1
rare_earth,1
cerium,1
phosphorus,1
leaching_solution,1
phosphor_powder,1
lanthanide,1
inorganic_ligand,1
pyrophosphate,1
inorganic_compound,1
pharmaceutical_application,1
viscoelastic_property,1
numerical_tool,1
fokas_lenells_equation,1
perturbation,1
low_risk_patient,1
simulated_gastric_condition,1
gastric_condition,1
calcium_alginate_bead,1
magnesium_hydroxide,1
external_environment,1
gastric_protection,1
sodium_alginate,1
epidermal_growth_factor,1
complexing_agent,1
yttrium,1
time_to_maximum_plasma_concentration,1
mean_residence_time,1
meloxicam,1
flow,1
insoluble_complex,1
non_freezing_water,1
polyelectrolyte_solution,1
freezing_water,1
freezing,1
polyelectrolyte_complex,1
neutrophil_count,1
mirtazapine,1
venlafaxine,1
clonazepam,1
duloxetine,1
losartan,1
flow_rate,1
maximum_concentration,1
area_under_the_curve,1
adjustment,1
generic_drug,1
valproate_magnesium,1
paroxetine,1
drug_monitoring,1
omeprazole,1
hematologic_disease,1
fluoxetine,1
pregabalin,1
norclozapine,1
escitalopram,1
laboratory_condition,1
ion_rejection,1
contact_angle,1
fourier_transform_infra_red,1
long_term_stability,1
coating_method,1
oxide_membrane,1
interstitial_collagenase,1
inducible_nitric_oxide_synthase,1
von_hippel_lindau_protein,1
somatomedin_c,1
"osteoarthritis,_knee",1
protein_kinase_b_beta,1
polyvinyl_chloride,1
mechanical_permeability,1
pvc_membrane,1
mitoxantrone,1
biological_product,1
heat_and_mass_transport,1
boundary_layer,1
agro_industrial_waste,1
two_zone_model,1
darcy_forchheimer_equation,1
moisture_control,1
statistical_significance,1
viscous_resistance,1
cadinane_derivative,1
abc_transporter,1
verapamil,1
"drug_resistance,_neoplasm",1
uterus_sarcoma,1
multidrug_resistance,1
"drug_resistance,_multiple",1
abc_transporter_subfamily_b,1
chemosensitization,1
polycyclic_sesquiterpenes,1
mes_sa_cell_line,1
heterotheca_inuloides,1
antimitotic_agent,1
breast_cancer_resistance_protein,1
atp_binding_cassette_transporter,1
cadinane,1
drug_protein_binding,1
resveratrol,1
cnidoscolus_chayamansa,1
growth_regulator,1
listeria_monocytogenes,1
shrub,1
liquid_chromatography,1
biological_production,1
staphylococcus,1
occupational_disease,1
employment,1
organization_and_management,1
nurse,1
antibacterial_activity,1
enterococcus_faecalis,1
tetm_protein,1
cyla_protein,1
vana_protein,1
lynx_rufus,1
genetic_risk,1
epo_protein,1
"models,_genetic",1
stromelysin,1
knee_osteoarthritis,1
collagen_type_ii,1
multifactor_dimensionality_reduction,1
shelf_life,1
food_preservative,1
lactococcus_lactis_subsp._lactis,1
hydrogen_atom,1
magnetization,1
nisin,1
fresh_water,1
pseudomonas_aeruginosa,1
tyrosine_decarboxylase,1
histidine_decarboxylase,1
ornithine_decarboxylase,1
bacteriocin,1
state_of_the_art_method,1
multi_layer_perceptron,1
factual_database,1
standard,1
"databases,_factual",1
prognostic,1
computational_framework,1
piecewise_linear_modeling,1
electromagnetic_pulse,1
external_magnetic_field,1
atom_laser,1
transition_probability,1
induced_magnetization,1
"dentition,_permanent",1
"decayed_missing,_and_filled_deciduous_surface_and_decayed_missing_and_filled_permanent_surface_score",1
perceptron,1
rul_estimation,1
optimization_framework,1
time_window,1
generalized_estimating_equation_model,1
dental_parameter,1
tooth,1
fissure_depth,1
dentition,1
child_health,1
health_care,1
secondary_dentition,1
first_molar,1
vibrio_vulnificus,1
oyster,1
distillation_column,1
reactive_distillation_column,1
reactive_distillation,1
separation_efficiency,1
entropy_condition,1
diffuser,1
phenylethanoid_glycoside,1
verbascoside,1
sustainable_strategy,1
phenolic_secondary_metabolite,1
capillary,1
sequence_alignment,1
lynx,1
dermacentor,1
thermodynamic_efficiency,1
benzene_refining,1
benzene__toluene,1
atlantic_ocean,1
toxicity_test,1
mollusc,1
bacterial_toxin,1
molecular_analysis,1
vibrio_parahaemolyticus,1
"colony_count,_microbial",1
gulf_of_mexico,1
ostreidae,1
vibrio_cholerae,1
synaptic_transmission,1
gabaergic_transmission,1
rna_isolation,1
synaptic_vesicle,1
subduction,1
ground_motion,1
wave_attenuation,1
earthquake_rupture,1
earthquake_event,1
seismic_wave,1
gallium_compound,1
nerve_protein,1
antibody_labeling,1
membrane_glycoprotein,1
gabaergic_system,1
densitometry,1
synapse_vesicle,1
stirring_speed,1
dermacentor_variabilis,1
rickettsia_rickettsii,1
ompb_gene,1
epilepsy,1
nerve_tissue_protein,1
interfacial_charge_transfer,1
semiconductor_doping,1
platinum_compound,1
xerogel,1
water/methanol_mixture,1
oxide_semiconductor,1
pore_size_distribution,1
ultraviolet_irradiation,1
sol_gel_method,1
magnetic_semiconductor,1
desorption,1
conidiation,1
oxygen_enriched_pulse,1
gadolinium,1
entomopathogenic_organism,1
conidium_production,1
hypocreales,1
oxygen_enriched,1
periodic_pulse,1
vitamin_c,1
hydroxycinnamic_acid,1
bottle,1
buddleja_cordata,1
natural_resource_management,1
isaria_fumosorosea,1
gallium_oxide,1
charge_recombination,1
headspace_volume,1
solid_state,1
isaria,1
oxygen_enriched_atmosphere,1
oxygen_pulse,1
design_method,1
agar,1
bioreactor_design,1
dry_weight,1
amylose,1
physical_parameter,1
crystal,1
filamentous_granule,1
musa,1
amylopectin,1
breeding,1
"pregnancy,_animal",1
radiation,1
radiation_power,1
mercury_vapor_lamp,1
stirring,1
drug_degradation,1
photolysis,1
ultraviolet_ray,1
acid_degradation,1
caffeine,1
housing_project,1
multicriteria_analysis,1
housing_condition,1
residential_location,1
cultivar,1
banana,1
fruit_development,1
molecular_evolution,1
"evolution,_molecular",1
heat_equation,1
closed_form_formula,1
physical_pre_treatment,1
first_order_rate,1
ammonium,1
biochemical_methane_potential,1
slaughterhouse_wastewater,1
inflection_point,1
physical_property,1
mechanical_pre_treatment,1
mesoporous_solid,1
sediment_pollution,1
atomic_absorption_measurement,1
boundary_condition,1
power_transformer,1
bushing,1
analytical_formula,1
different_boundary_condition,1
sequential_extraction_technique,1
organometallics,1
measurement_of,1
tropical_environment,1
sediment,1
lake_chapala,1
chemical_speciation,1
nitrogen_adsorption_measurement,1
aluminosilicates,1
specific_surface_area,1
biological_uptake,1
sequential_extraction,1
manganese_removal,1
lake,1
magnetization_current,1
inter_turn_fault,1
winding,1
power_spectral_density,1
circuit_theory,1
fault_detection,1
spectral_density,1
distribution_transformer,1
electric_transformer_insulation,1
in_rush_current,1
machine_learning_technique,1
maximum_principle,1
approximation_coefficient,1
patulin,1
mercury,1
irradiated_solution,1
incident_radiation,1
multi_wavelengths,1
radiation_balance,1
aerobic_oxidation,1
lake_water,1
nitrogen_adsorption,1
metal_adsorption,1
speciation,1
phase_space_method,1
brownian_movement,1
time_and_motion_study,1
fokker_planck_equation,1
generalized_diffusion,1
cross_correlation_function,1
generalized_phase,1
characteristic_function_method,1
harmonic_analysis,1
transformer_energization,1
transformer_winding,1
diagnostic,1
software_testing,1
transformer_diagnosis,1
oil_and_gas_production_system,1
inclined_pipe,1
experimental_evidence,1
frictional_pressure_drop,1
experimental_condition,1
pressure_gradient,1
proven_reserve,1
high_viscosity_liquid,1
liquid_hold_ups,1
flow_of_gas,1
crude_oil,1
buoyancy,1
constant_magnetic_field,1
natural_coupling,1
cardiorespiratory_fitness,1
discretizations,1
categorical_attribute,1
logical_decision_tree,1
evolutionary_operator,1
numerical_attribute,1
inductive_logic_programming,1
natural_language_processing,1
grouping,1
relational_learning_system,1
heavy_crude_oil,1
hypnotic_and_sedative,1
pinitol,1
upper_critical_solution_temperature,1
poly,1
alcohol_concentration,1
coil_to_globule_transition,1
phase_separation,1
phase_diagram,1
coil_globule_transition,1
polymer_phase_separation,1
exercise_test,1
statistic_and_numerical_data,1
anxiolytic_like,1
hypnotic_sedative_agent,1
pentylenetetrazole,1
leguminosae,1
inositol,1
neuropharmacological_effect,1
pre_treatment,1
neuropharmacology,1
yohimbine,1
gabaergic,1
anti_anxiety_agent,1
antidepressive_agent,1
treatment_need_index,1
health_service_need_and_demand,1
g_bundles,1
dynamical_problem,1
schur_polynomial,1
geometric_change,1
vector_space,1
population_model,1
lie_group_action,1
vector_field,1
complex_variable,1
antidepressant_like,1
anxiolytic_agent,1
flumazenil,1
heat_of_vaporization,1
thermodynamic_property,1
element_concept,1
dental_disease_assessment,1
social_determinant_of_health,1
dmft_index,1
medical_research,1
health_service,1
social_class,1
care_index,1
empirical_research,1
medical_error,1
health_service_research,1
polyepoxides,1
lignin_polymerization,1
cartilage,1
chemical_characterization,1
tissue_regeneration,1
aggrecan,1
extracellular_matrix,1
electrospun_scaffold,1
tensile_testing,1
polypyrroles,1
articular_cartilage,1
cellular_interaction,1
reaction_enthalpy,1
reactive_separation,1
reactive_system,1
laurencia,1
type_locality,1
taxonomy,1
red_alga,1
rhodomelaceae,1
rhodophyta,1
formation,1
phenoxy_radical,1
spin_polarization,1
set,1
phenoxy_resin,1
oligolignols,1
spin_polarized,1
porites_panamensis,1
pavona,1
substrate_preference,1
recruitment,1
el_nino_southern_oscillation,1
artificial_substrate,1
new_record,1
rod_shaped,1
cellulase_complex,1
alkaline_peroxide_treatment,1
quality,1
hydrodynamic_diameter,1
high_quality,1
cellulose_nano_crystals,1
nanomedicine,1
eichhornia,1
chemical_specie,1
multi_class_model,1
relative_concentration,1
real_signal,1
primary_user,1
expectation,1
classifier,1
expectation___maximization,1
water_hyacinth,1
technical_assistance,1
economic_efficiency,1
sustainable_agricultural_system,1
weed_control,1
agriculture,1
organic_conversion,1
ecological_agriculture,1
livestock_production,1
enzymolysis,1
cellulose_derivative,1
medical_nanotechnology,1
cellulose_nanoparticles,1
self_esteem,1
satisfaction,1
parent_child_relation,1
body_image,1
emotional_abuse,1
child_parent_relation,1
personal_satisfaction,1
social_status,1
tropical_engineering,1
indicator,1
inverse_relationship,1
pyrimidine,1
"infusions,_intraventricular",1
carbazole_derivative,1
nucleotide,1
reduced_nicotinamide_adenine_dinucleotide,1
oxygen_transfer_rate,1
fluorescence_analysis,1
micro_bioreactor,1
parental_criticism,1
parental_behavior,1
body_dissatisfaction,1
bearing_capacity,1
dislocation,1
carbazoles,1
thionucleotides,1
protein_kinase_inhibitor,1
intracerebroventricular_drug_administration,1
estrogen_antagonist,1
pyrimidine_derivative,1
zona_incerta,1
rp_cyclic_amp,1
hypothalamus_ventromedial_nucleus,1
cyclic_amp_dependent_protein_kinase_inhibitor,1
ventromedial_hypothalamic_nucleus,1
cyclic_amp,1
society_and_environment,1
named_group_by_occupation,1
load_displacement_curve,1
load_limit,1
variational_formulation,1
discontinuity,1
tunnel,1
embedded_discontinuity,1
loading,1
tunneling,1
hinge,1
axial_flow,1
damage_mechanic,1
spatial_distribution,1
reproductive_biology,1
cyprinodontiformes,1
annual_variation,1
cyprinid,1
cyprinodontoidei,1
transporter,1
traffic_accident,1
preslaughter_logistic_chain,1
occupational_hazard,1
wellbeing,1
peyers_patch,1
cell_suspension,1
lamina_propria,1
intestine_lavage,1
peyer_patch,1
radio,1
interacting_specie,1
electronegativity,1
chemical_potential,1
number_of_electron,1
coffee_consumption,1
knowledge,1
rec_a_recombinases,1
escherichia_coli_protein,1
optical_density,1
recombinase_a,1
physiological_effect,1
"reca_protein,_e_coli",1
enzyme_inactivation,1
redox_sensor,1
reproductive_cycle,1
quasi_periodic,1
mode_locked_fiber_laser,1
gain_behavior,1
respiratory_chain,1
gene_deletion,1
reca_protein,1
oxidative_activity,1
recombinase,1
reca_gene,1
aerobiosis,1
microaerobic_condition,1
dna_binding_protein,1
aerobic_metabolism,1
asymptotic_stability,1
electric_power_transmission_network,1
nonlinear_structure,1
active_and_reactive_power,1
passivity_based_control,1
wind,1
four_level_system,1
passively_mode_locked_fiber_laser,1
temporal_noise,1
pulse_dynamic,1
germination,1
disk_diffusion,1
dithiothreitol,1
passivity_property,1
reactive_power,1
regulation_control,1
nonlinear_dynamical_system,1
electric_power_system_control,1
global_asymptotic_stability,1
power_control,1
wind_turbine,1
active_power,1
dopamine_transporter,1
synaptosome,1
acoustic_reflex,1
tritium,1
dopaminergic_transmission,1
hygromycin,1
fungal_colonization,1
antibiotic_sensitivity,1
macrogol,1
lithium_acetate,1
adenylate_cyclase,1
prepulse_inhibition,1
auditory_stimulation,1
dizocilpine_maleate,1
calcium_calmodulin_dependent_protein_kinase_ii,1
dopamine_uptake,1
dopamine_release,1
amino_acid_sequence,1
calcium_transport,1
dopamine_plasma_membrane_transport_protein,1
benzazepines,1
one_dimensional_problem,1
fluid_dynamic,1
angular_dependence,1
massive_black_hole,1
line:_formation,1
gravitation,1
radiation_effect,1
"reflex,_startle",1
prefrontal_cortex,1
startle_reflex,1
benzazepine_derivative,1
ciproxifan,1
hierarchical_tree,1
simultaneous_transmission,1
hierarchical_level,1
hierarchical_system,1
scalability,1
clustering,1
peer_to_peer_network,1
constrained_algorithm,1
x_ray,1
supermassive_black_hole,1
black_hole_physic,1
electromagnetic_wave_emission,1
"accretion_,_accretion_disk",1
electron_scattering,1
water_dissociation,1
passivation,1
complexation,1
physical_state,1
viscosity_reduction,1
low_viscosity_liquid,1
cation_interaction,1
stoichiometric_ratio,1
supramolecular_complex,1
cluster_computing,1
video_multicast,1
content_distribution,1
citrate,1
tin_oxide,1
atomic_absorption_spectrometry,1
biomaterials,1
vanadium_alloy,1
impedance_diagram,1
calcium_phosphate,1
electrochemical_measurement,1
implant_material,1
point_defect_model,1
oxygen_adsorption,1
metal_implant,1
drift_velocity,1
monotonic_function,1
recycling,1
process_optimization,1
indium,1
thermodynamic_condition,1
pretreatment_process,1
electronic_waste,1
leaching_agent,1
lcd_panel,1
e_waste,1
indium_tin_oxide,1
hydrazine,1
central_composite_design,1
tilia,1
nitrate_concentration,1
cell_suspension_culture,1
periodic_potential,1
diffusive_transport,1
diffusivity,1
jackson_formula,1
non_monotonic_function,1
effective_diffusivities,1
trpv_cation_channel,1
"drug_evaluation,_preclinical",1
capsaicin,1
capsazepine,1
phosphodiesterase_iii,1
nitric_oxide_synthase_type_iii,1
tetrahydrobiopterin,1
small_intestine,1
"intestine,_small",1
innervation,1
anterior_subdiaphragmatic_vagotomy,1
flow_density_relation,1
kinetic_theory_of_gas,1
critical_density,1
fundamental_diagram,1
traffic_flow,1
threshold_value,1
multi_class_traffic,1
antibody_response,1
immunoglobulin_a_antibody,1
ranitidine,1
distilled_water,1
cardiac_muscle,1
guanosine_triphosphate_cyclohydrolase_i,1
vanilloid_receptor,1
biomarker,1
rattus,1
biopterin,1
myocardium,1
ng_nitroarginine_methyl_ester,1
sapropterin,1
vascular_resistance,1
preclinical_study,1
endothelium,1
analytical_performance,1
glucose_sensor,1
oxygen_content,1
calcium_compound,1
calcium_deficient_hydroxyapatite,1
uv_irradiation,1
photo_catalytic,1
production_rate,1
danaea_nodosa,1
cuticle,1
humid_tropic,1
database,1
yarn,1
multiwalled_carbon_nanotube,1
supramolecular_recognition,1
electrochemical_biosensor,1
glucose_oxidase,1
non_covalent_functionalization,1
site_specific,1
concanavalin_a,1
transient,1
diplazium,1
epiphyte,1
pteridophyta,1
alkane,1
pteridophyte,1
goniopteris,1
filicophyta,1
bolbitis_portoricensis,1
lomariopsis,1
micromorphology,1
wax,1
selenocysteine,1
selenoproteins,1
electrode_surface,1
surface_reaction,1
applied_potential,1
precise_control,1
crystal_orientation,1
liquid_crystalline,1
lattice_orientation,1
cytokine_response,1
antibody_production,1
nerve_function,1
cytofluorometry,1
dissection,1
immunoglobulin_m_antibody,1
diaphragm,1
power_quality,1
homogeneous_model,1
dimensionally_stable_anode,1
fluid_mechanic,1
current_efficiency,1
chloride_specie,1
electrogenerated_active_chlorine,1
heterogeneous_modeling,1
dye,1
surface_electrochemistry,1
electrochemical_reactor,1
selenoprotein,1
selenium,1
composite_photocatalysts,1
carbon_nitride,1
graphite_like_carbon_nitride,1
environmental_pollution,1
molybdenum,1
ultraviolet_diffuse_reflectance,1
energy_policy,1
manganese_derivative,1
haemaphysalis,1
population_abundance,1
tamandua_mexicana,1
second_generation_bioethanol,1
energy_use,1
lignocellulosic_residue,1
bos,1
plant_residue,1
ultimate_methane_yield,1
manure,1
fertilizer,1
washing,1
coupling_energy,1
molecular_orbitals,1
epidemiological_data,1
xenarthra,1
amblyomma_calcaratum,1
tick_vector,1
ixodidae,1
rhipicephalus_sanguineus,1
amblyomma_cajennense,1
anteater,1
amblyomma_nodosum,1
parasite_virulence,1
amblyomma_auricularium,1
fitness,1
nymph,1
intermetallic_phasis,1
accurate_modeling,1
practical_importance,1
diffusion_model,1
time_resolution,1
membrane_channel,1
single_channel,1
comparative_analysis,1
survival_probability,1
atomic_site,1
variational_principle,1
bond_distance,1
reactivity_index,1
reactivity_pattern,1
molecular_cluster,1
connectivity_matrix,1
stomach_muscle,1
glutamatergic_synapse,1
rod,1
intermetallics,1
tubing,1
powder_particle,1
decomposition,1
sintered_sample,1
mechanical_alloying,1
elemental_powder,1
invariant_reaction,1
sintering,1
argon_atmosphere,1
n_methylaspartic_acid,1
behavior_assessment,1
n_methylaspartate,1
pharmacological_parameter,1
brain_function,1
"receptors,_adrenergic,_beta",1
isoprenaline,1
homocysteic_acid,1
avoidance_learning,1
taste,1
beta_adrenergic_receptor,1
dairy,1
blackberry_juice,1
immunoglobulin_a,1
antibody_formation,1
vagotomy,1
liquid_liquid_interface,1
grain_boundary,1
structured_liquid,1
soft_crystal,1
malaise,1
conditioned_taste_aversion_test,1
outerplanar,1
outerplanar_graph,1
dominating_set,1
norepinephrine,1
dopamine_brain_level,1
noradrenalin_brain_level,1
aspartic_acid,1
alpha_adrenergic_receptor,1
saccharin,1
experimental_locomotor_activity_test,1
memory_test,1
noradrenalin,1
heparan_sulfate,1
genetic_code,1
central_nervous_system_function,1
gene_product,1
cerebellar_ataxia,1
gene_targeting,1
convex_guard_set,1
linear_time_algorithm,1
flipping_edge,1
convex_domination,1
graphic_method,1
clustering_algorithm,1
storage_lipid,1
lipid_accumulation,1
specific_growth_rate,1
xylose,1
accumulation_ratio,1
retina_degeneration,1
diagnostic_value,1
trinucleotide_repeat,1
quantitative_structure_activity_relation,1
lysine,1
minimal_inhibitory_concentration,1
pyruvic_acid,1
acinetobacter_baylyi,1
different_carbon_source,1
lipid_analysis,1
acinetobacters,1
"mutagenesis,_site_directed",1
cystatin_c,1
enzyme_binding,1
site_directed_mutagenesis,1
cysteine_proteinase,1
point_mutation,1
oligomerization,1
protein_stability,1
pyrrolysine,1
quantitative_structure_activity_relationship,1
seismology,1
x_bracing,1
mapping,1
seismic_design,1
stationary_source,1
greenhouse_gas_inventory,1
carbon_footprint,1
emission_control,1
carbon_accounting,1
economic_benefit,1
subcortex,1
streptococcal_infection,1
epitaxial_growth,1
lactobacillus_acidophilus,1
bacillus,1
whey_protein_isolate,1
maltodextrins,1
arabic_gum,1
public_university,1
gas_emission,1
disulfide,1
cysteine_protease,1
chymopapain,1
mutual_dependency,1
acceleration_signal,1
mobile_computing,1
gyroscope,1
cartography,1
informal_settlement,1
digital_map,1
story_drift,1
residual_drift,1
braced_frame,1
loss_of_coolants,1
metal_analysis,1
liquid_metal,1
transient_behavior,1
lead_cooled_fast_reactor,1
liquid_metal_cooled_fast_reactor,1
subchannel_analysis,1
behavior_comparison,1
coolant_temperature,1
granger_causality,1
statistical_test,1
casual_relationship,1
accelerometer_sensor,1
graphical_representation,1
accelerometer,1
trans_mexican_volcanic_belt,1
groundwater,1
dolomite,1
hydrochemistry,1
silica_gel,1
geothermometry,1
minor_and_trace_element,1
volcanic_rock,1
sodium_cooled_fast_reactor,1
coolant,1
unprotected_loss_of_flow,1
bacterial_cell,1
bacillus_thuringiensis,1
samarium_compound,1
submerged_fermentation,1
stable_isotope,1
silicate_mineral,1
isotope,1
hydrogeochemistry,1
travertine,1
isotopic_analysis,1
saturation,1
hot_spring,1
hydro_geochemistry,1
multicomponent_equilibrium,1
sibling,1
risk_taking,1
health_status,1
polyurethan_foam,1
glucose_concentration,1
"spores,_bacterial",1
sporogenesis,1
outcome_assessment,1
industrial_production,1
minimal_plasmid,1
element,1
chromosome,1
high_risk_behavior,1
consanguinity,1
inbreeding_depression,1
first_cousin,1
homozygote,1
homozygosity,1
genetic_differentiation,1
levocetirizine,1
urticaria,1
conditioning,1
iontophoresis,1
pruritus,1
cetirizine,1
self_report,1
dna_ligase,1
autoimmune_disease,1
pediatric_autoimmune_neuropsychiatric_disorder_associated_with_streptococci,1
mean_diffusivity,1
mini_international_neuropsychiatric_interview,1
"data_interpretation,_statistical",1
onset_age,1
yale_brown_obsessive_compulsive_scale,1
axial_diffusivity,1
kanamycin_resistance,1
synthetic_plasmid,1
kanamycin,1
recombinant_protein,1
two_dimensional_modeling,1
amphibian,1
phylogenetic_tree,1
glta_gene,1
outer_membrane_protein_a,1
reptile,1
amphibia,1
citrate_synthase,1
skin_conductance,1
volunteer,1
placebo_effect,1
skin_temperature,1
fragaria_x_ananassa,1
strawberry_fruit,1
colletotrichum,1
hybrid,1
fragaria,1
gompertz_model,1
extraction_method,1
bioinformatics,1
"neural_networks,_computer",1
molecular_crowding,1
model,1
high_energy_physic,1
nonlinear_relaxation_time,1
unstable_state,1
soft_rot,1
anthracnose,1
rhizopus,1
spoilage,1
colletotrichum_fragariae,1
solid_phase_microextraction,1
rhizopus_stolonifer,1
plant_disease,1
broxuridine,1
reticulocyte,1
micronucleus_test,1
"micronuclei,_chromosome_defective",1
comet_assay,1
radiosensitization,1
gamma_ray,1
bromodeoxyuridine,1
low_energy_radiation,1
radiation_sensitizing_agent,1
genotoxicity,1
weak_signal,1
signal_detection,1
mean_first_passage_time,1
transit_assignment,1
origin_destination_matrix,1
method_of_multiplier,1
lagrange_multiplier,1
quadratic_programming,1
conjugate_gradient_method,1
augmented_lagrangians,1
"dose_response_relationship,_radiation",1
dna_strand_breakage,1
bone_marrow_cell,1
micronucleated_reticulocyte,1
micronucleus,1
radiosensitizing_agent,1
cell_protection,1
ovarian_neoplasm,1
probability_distribution,1
measuring_distance,1
quantum_mechanical_system,1
kullback_leibler_entropy,1
kullback_leibler,1
relative_entropy,1
quantum_distribution,1
kullback_leibler_distance,1
high_quality_solution,1
o_d_matrix,1
penalization,1
metropolitan_area_network,1
computational_cost,1
first_order_kinetics,1
fertility_preservation,1
ovary_development,1
ovary_cycle,1
transactivation,1
ovary_hyperstimulation,1
lysophospholipids,1
ovary_disease,1
ovulation,1
ovary_tumor,1
ovary_function,1
lysophospholipid,1
sphingosine,1
ovarian_disease,1
beryllia,1
beryllium_oxide,1
order_of_kinetics,1
deconvolution,1
gamma_irradiation,1
thermoluminescent_glow_curve,1
glow_curve,1
radiation_and_radiation_related_phenomenon,1
absorbed_dose,1
thermoluminescence,1
quadratic_dependence,1
deconvolution_method,1
thermoluminescence_dosimetry,1
collector_efficiency,1
nanofluidics,1
parabolic_trough_collector,1
parabolic_solar_trough_collector,1
computer_software,1
protein_secondary_structure,1
quasi_steady_state_approximation,1
alpha_amylases,1
michaelis_menten_kinetics,1
citrus_aurantium,1
citrus_tristeza_virus,1
citrus,1
citrus_limon,1
voxel_based_morphometry,1
streptococcus_infection,1
cortical_thickness,1
neuroanatomy,1
diffusion_weighted_imaging,1
fractional_anisotropy,1
disease_classification,1
mathematical_analysis,1
"protein_structure,_secondary",1
mathematical_parameter,1
screening_length,1
screening_constant,1
oscillator_strength_sum_rule,1
atomic_physic,1
mean_excitation_energy,1
excitation_state,1
plasma_interaction,1
ground_state,1
static_dipole_polarizabilities,1
volume_fraction,1
nanofluids,1
maximum_relative_error,1
application_programming_interface,1
iterative_calculation,1
model_and_simulation,1
triki_biswas_equation,1
analytical_approach,1
energy_transfer_probability,1
electric_dipole_moment,1
white_emission,1
gallium_alloy,1
indium_alloy,1
semiconductor_alloy,1
lighting,1
energy_transfer_parameter,1
solid_state_lighting_application,1
dipole_moment,1
continuum_spectrum,1
industrial_wastewater,1
small_crystalline,1
mineral_oil,1
hydrocarbon_pyrolysis,1
fourier_transform_infrared_spectrum,1
temperature_increment,1
carbon_sphere,1
atmospheric_temperature,1
naphthalene,1
carbon_nanostructures,1
atmospheric_pressure_chemical_vapor_deposition,1
discretization_process,1
iterative_scheme,1
triangular_fibrocartilage,1
knee_joint,1
radiography,1
wrist_radiography,1
organic_matter_removal,1
hybrid_carrousel,1
wastewater_treatment_system,1
biotransformation,1
wastewater_treatment_plant,1
biodegradable_organic_matter,1
biological_material,1
carbonaceous_compound,1
energy_based_approach,1
complex_problem,1
soft_soil_site,1
structural_system,1
strong_earthquake,1
design_objective,1
subchondral_bone,1
chondrocalcinosis,1
wrist,1
hyaline_cartilage,1
knee_radiography,1
tertiary_health_care,1
digital_imaging_and_communication_in_medicine,1
wrist_joint,1
knee,1
calcification,1
chromium,1
indoor_air_pollution,1
ambient_air,1
air_conditioning,1
"air_pollution,_indoor",1
toxic_concentration,1
statistical_difference,1
railway,1
metal_extraction,1
strong_ground_motion,1
single_degree_of_freedom_system,1
pah,1
organic_specie,1
public_risk,1
ventilation,1
zinc_ion,1
depth,1
room_ventilation,1
weather,1
subway,1
ventilation_system,1
photoluminescence_quenching,1
semiconductor_quantum_dot,1
exponential_component,1
time_measurement,1
hybrid_photovoltaic_device,1
physisorption,1
emission_quenching,1
charge_transfer_process,1
exciton_quenching,1
excitonic_relaxation,1
railroad,1
subway_station,1
environmental_monitoring,1
structural_parameter,1
solubilisation,1
hpsec_mals_ri,1
reaction_pathway,1
relative_efficiency,1
nonpolar_medium,1
manufacturability,1
pyridine,1
reaction_mechanism,1
cell_permeability,1
acid_base_equilibrium,1
selenium_compound,1
cdse_quantum_dot,1
foam,1
diffusion_of_oxygen,1
bacterial_cellulose,1
cutting,1
honeycomb_structure,1
fourier_transform_infra_red_spectroscopy,1
gluconacetobacter_xylinus,1
solid,1
structure_characterization,1
normal_corn_starch,1
molecular_characterization,1
average_molar_mass,1
radius_of_gyration,1
quasiparticle_spectrum,1
dynamical_diffraction,1
resonance_condition,1
time_dependent_wave_function,1
quasi_energy_spectrum,1
polarized_electromagnetic_wave,1
light_polarization,1
elliptically_polarized_light,1
circular_waveguide,1
stability_condition,1
frequency_estimation,1
shear_thinning_fluid,1
impeller_blade,1
numerical_calculation,1
stirred_tank,1
impeller_speed,1
shear_deformation,1
average_shear_rate,1
integrin,1
catalytic_domain,1
"spectrophotometry,_infrared",1
integrins,1
infrared_spectrophotometry,1
enzyme_active_site,1
dipole_interaction,1
photoluminescence_spectrum,1
dominant_mechanism,1
stimulated_emission_cross_section,1
terbium,1
laser_parameter,1
electric_dipole,1
effective_bandwidth,1
spectroscopic_analysis,1
recurrence_relation,1
c_programming,1
obsessive_compulsive_disorder,1
radial_diffusivity,1
diffusion_tensor_imaging,1
dsm_iv,1
rootstock,1
citrus_latifolia,1
rushton_turbine,1
pitched_blade_turbine,1
dipeptidyl_carboxypeptidase_inhibitor,1
protein_secretion,1
antithrombins,1
lactic_acid_bacterium,1
antithrombin,1
antithrombotic_activity,1
monoculture,1
angiotensin_converting_enzyme_inhibitor,1
animal_nutritional_physiological_phenomenon,1
triticum,1
floor_and_floorcoverings,1
hordeum,1
wheat,1
heart_rate_variability,1
blood_analysis,1
metabolomics,1
blood_chemical_analysis,1
macromolecular_substance,1
macromolecule,1
trolox_c,1
lactobacillales,1
cardiovascular_agent,1
dipeptidyl_carboxypeptidase,1
rr_interval,1
parasympathetic_tone,1
cardiovascular_function,1
autonomic_nervous_system,1
inbred_rat_strain,1
lipopolysaccharide_induced_endotoxemia,1
heart_rate_fuctuation,1
endotoxemia,1
vagus_nerve,1
nonlinear_dynamic,1
dark_agouti_rat,1
"rats,_inbred_strain",1
fir_filter,1
echo_return_loss_enhancement,1
least_square_approximation,1
least_mean_square_method,1
public_switched_telephone_network,1
variable_step_size_nlms,1
impulse_response,1
digital_filter,1
mean_square_error,1
block_code,1
adaptive_filter,1
finite_impulse_response,1
adaptive_filtering,1
normalized_least_mean_square_algorithm,1
associating_fluid,1
intrinsic_property,1
cluster_morphology,1
caprolactone,1
polymerization_process,1
variable_range,1
ring_opening_polymerization,1
equilibrium_property,1
law_of_corresponding_state,1
equilibrium_density,1
interaction_range,1
steady_state_value,1
steady_state_performance,1
echo_suppression,1
clinical_effectiveness,1
drug_absorption,1
oxidizing_condition,1
bulk_catalyst,1
niobium_compound,1
partial_oxidation_reaction,1
alumina_supported,1
operando,1
xanes,1
reaction_condition,1
polycaprolactone_diol,1
interaction_parameter,1
intelligent_system,1
dodecyl_sulfate,1
carbamazepine,1
drug_distribution,1
protein_homeostasis,1
nerve_degeneration,1
drug_elimination,1
proteostasis,1
viscosity_index,1
navier_stokes,1
citrus_aurantiifolia,1
citroncirus_webberi,1
quantum_chemistry_method,1
molecular_electrostatic_potential,1
chemistry_community,1
nf_kappa_b,1
immunoglobulin_enhancer_binding_protein,1
proteasome,1
drug_metabolism,1
osa_starch,1
morphological_property,1
starch_ester,1
oil_in_water,1
hylon_vii,1
ftir,1
stabilization,1
degree_of_substitution,1
drug_quality,1
gastrointestinal_tract,1
lyapunov_function,1
lyapunov_method,1
bwr,1
dynamic_evolution,1
finite_propagation,1
precursor_concentration,1
fuel,1
largest_lyapunov_exponent,1
bifurcation_parameter,1
water_emulsion,1
biomethane,1
sliding,1
volatile_fatty_acid,1
farming_system,1
coffee,1
guatemala_[central_america],1
crop_production,1
nonlinear_analysis,1
nonlinear_stability_analysis,1
stable_operation,1
carbonization,1
surface_functionalization,1
energy_storage_application,1
carbonization_temperature,1
profitability,1
"fatty_acids,_volatile",1
compensation,1
feedback_system,1
decanoic_acid,1
perfluorodecanoic_acid,1
calcium_ion,1
oocyte_maturation,1
calcium_homeostasis,1
metal_ion,1
low_temperature_carbonization,1
energy_storage,1
hard_carbon,1
high_intensity_ultrasound,1
beef,1
specialized_equipment,1
pollock,1
visual_art,1
painting,1
fractal_characteristic,1
multifractality,1
riopelle,1
fractality,1
decanoic_acid_derivative,1
calcium_cell_level,1
calmodulin,1
average_length,1
microcrystalline_structure,1
hydroxyl_group,1
high_surface_area,1
morphological_study,1
distribution_of_cation,1
lattice_oxygen,1
ultra_sonication,1
cellular_modification,1
microbial_contamination,1
quality_characteristic,1
microbial_reduction,1
solar_assisted_heat_pump,1
flat_plate_solar_collector,1
water_heating,1
refrigerant,1
performance_metrices,1
specific_heat,1
heat_pump_system,1
hot_working,1
statistical_method,1
solar_collector,1
langmuir_type_adsorption,1
inhibitor_molecule,1
corrosion_inhibition_efficiency,1
steel_surface,1
inhibition_mechanism,1
circling_behavior,1
silicon_surface_modification,1
surface_modulation,1
laser_energy_density,1
nano_meter_regime,1
modulation_amplitude,1
surface_patterning,1
phase_mask,1
modulation,1
silicon_wafer,1
progressive_destruction,1
trehalose,1
aucubin,1
gaussian_function,1
angular_moment,1
c,1
domestic_water_heating,1
feasibility_analysis,1
heat_transfer_property,1
pump,1
consistent_performance,1
dura_mater,1
bregma,1
"mice,_knockout",1
n_methyl_dextro_aspartic_acid_receptor_stimulating_agent,1
nitric_oxide_synthase,1
isoprotein,1
neuronal_nitric_oxide_synthase,1
nitric_oxide_synthase_type_i,1
decapitation,1
exon,1
knockout_mouse,1
interconnection_network,1
cayley_graph,1
complex_network,1
shortest_path,1
path_computation,1
word_processing,1
k_shortest_path,1
environmental_degradation,1
rural_population,1
environmental_justice,1
water_management,1
neoliberalism,1
governance_approach,1
natural_resource,1
regularity_property,1
constrained_multi_objective_optimization,1
nondominated_solution,1
lebesgue_measure,1
hypervolume_indicator,1
triacylglycerol_lipase,1
tomato,1
lycopersicon_esculentum,1
palmitic_acid_derivative,1
lipase,1
graph_database,1
disjoint_path,1
routing_scheme,1
topological_structure,1
continuous_wavelet_transforms,1
continuous_wavelet_transform,1
higuchi_fractal_dimension,1
mass_transport_process,1
optimization_algorithm,1
continuum_mechanic,1
continuum_modeling,1
adsorption_diffusion_model,1
adsorption_diffusion_process,1
numerical_prediction,1
diffusion_experiment,1
mean_square_displacement,1
evolutionary_multi_objective_algorithm,1
indicator_based_emoas,1
dream,1
face_muscle,1
artificial_intelligence,1
mathematical_formula,1
phraseological_unit,1
automatic_validation,1
co_occurrence,1
engineering,1
unsupervised_technique,1
term_co_occurrence,1
unsupervised_method,1
primary_user_activity,1
novel_methodology,1
multiresolution_analysis,1
rna_induced_silencing_complex,1
sencr,1
gene_ontology,1
capillary_hemangioma,1
hypoxia,1
untranslated_rna,1
electromyography,1
facial_expression,1
rem_sleep,1
muscle_contraction,1
"sleep,_rem",1
thinking,1
ppar_gamma,1
circular_rna,1
long_untranslated_rna,1
methyltransferase,1
heart_failure,1
umbilical_vein_endothelial_cell,1
prandtl_number,1
natural_number,1
implicit_solution,1
maxwell_model,1
exact_solution,1
soft_sphere,1
anril,1
endothelial_progenitor_cell,1
epidermal_growth_factor_derivative,1
single_cell_analysis,1
atherosclerosis,1
peroxisome_proliferator_activated_receptor_gamma,1
hibiscus,1
antiobesity_activity,1
hibiscus_sabdariffa_extract,1
pentacyclic_triterpenes,1
amyrin,1
dichloromethane,1
ppar_delta,1
fatty_acid_transporter,1
triterpenoid,1
blood_glucose,1
septum_nucleus,1
serotonin_uptake_inhibitor,1
triterpenes,1
peroxisome_proliferator_activated_receptor_gamma_agonist,1
"plants,_medicinal",1
agonist,1
peroxisome_proliferator_activated_receptor_delta,1
alpha_amyrin,1
antidiabetic_agent,1
diuretic_activity,1
hypoglycemic_agent,1
pentacyclic_triterpene,1
electromagnetic_potential,1
monochromatic_field,1
paraxial_approximation,1
sexual_motivation,1
septum_pellucidum,1
post_hoc_analysis,1
reward,1
sexual_behavior_test,1
ejaculation,1
number_of_intromission,1
septum_of_brain,1
bone_development,1
plasma_enhanced_chemical_vapor_deposition,1
hexamethyldisiloxane,1
ateles_sp.,1
conservation_status,1
yucatan,1
population_size,1
primate,1
population_estimation,1
home_range,1
population_density,1
otoch_maax_yetel_kooh_reserve,1
spin,1
magnetic_contribution,1
cell_derived_microparticles,1
contact_angle_goniometry,1
micro_particles,1
carboxylic_acid,1
plasma_cvd,1
blood_coagulation,1
blood_clotting,1
artificial_membrane,1
fibrin_clot,1
thromboelastography,1
blood_clotting_factor,1
goniometry,1
coagulation,1
membrane_microparticle,1
blood_platelet,1
thrombocyte_activation,1
phospholipid,1
siloxane,1
fxia,1
"membranes,_artificial",1
anion,1
anticoagulation,1
blood_clotting_time,1
chemical_activation,1
durapatite,1
fracture_healing,1
thrombocyte,1
fxii,1
packed_bed_bioreactors,1
antioxidant_analysis,1
steady_state_solution,1
reference_trajectory,1
wind_energy_conversion_system,1
maximum_power_tracking,1
power_tracking_control,1
wind_power,1
transcendental_equation,1
energy_conversion,1
thrombin,1
factor_xii,1
thrombelastography,1
platelet,1
ultracentrifugation,1
osteogenesis,1
identification_method,1
pieris_rapae,1
pigment,1
behavioral_response,1
mugilidae,1
pisces,1
rearing,1
mugil_curema,1
potentiostatic_measurement,1
mixed_potential_theory,1
jefea_gnaphalioides,1
jefea_gnaphalioides_extract,1
moisture_determination,1
secondary_recovery,1
solid_fermentation,1
aspergillus_niger,1
antioxidant_compound,1
formation_mechanism,1
hexose,1
glyceryl_monostearate,1
oil_and_fat,1
chia_seed,1
cooling_rate,1
gelators,1
crypsis,1
observational_method,1
dna_adduct,1
deoxyguanosine,1
drug_metabolite,1
dna_replication,1
melatonin_derivative,1
dna_repair,1
sorbitan_stearate,1
low_molecular_weight,1
textural_property,1
polysorbate,1
polysorbates,1
glycerol_stearate,1
oleogels,1
lifestyle_modification,1
hypertriglyceridemia,1
double_blind_method,1
risk_reduction,1
cardiometabolic_risk,1
obese_patient,1
streptococcus_mutans,1
bacterium_isolation,1
tooth_plaque,1
sequence_homology,1
restriction_fragment_length_polymorphism,1
genetic_stability,1
deprotonation,1
n_acetylserotonin,1
adolescent_obesity,1
nicotinamide_phosphoribosyltransferase,1
parallel_design,1
homeostasis_model_assessment,1
diet_supplementation,1
healthy_lifestyle,1
texture_analysis,1
alpha_dextro_glucopyranose,1
quininic_acid,1
"n,n_dimethylarginine",1
drug_safety,1
triglyceride,1
negative_resistance,1
fluence_dependence,1
specie_difference,1
food_technology,1
cyanidin,1
anthocyanin,1
peru,1
plant_structure,1
specie_specificity,1
intervention_study,1
endothelial_dysfunction,1
double_blind_procedure,1
amidohydrolases,1
stereotaxic_surgery,1
injury,1
bi_layer_structure,1
swift_heavy_ion,1
negative_differential_resistance,1
heavy_ion,1
electronic_activity,1
track,1
fluences,1
heat_radiation,1
theory,1
t_coloring,1
vertex_disjoint,1
graph_g,1
fatty_acid_amide_hydrolase,1
protein_carbonylation,1
neostriatum,1
brain_damage,1
apomorphine_test,1
amidase,1
drug_infusion,1
laser_beam_effect,1
monotonic_behavior,1
hydrogen_production_rate,1
molecular_hydrogen,1
high_purity,1
produced_gas,1
rainbow_connectivity,1
edge_colouring,1
np_hard,1
connected_graph,1
coloring,1
rainbow_coloring,1
upper_bound,1
"immunity,_innate",1
"mastitis,_bovine",1
staphylococcus_infection,1
tilmicosin,1
lung_alveolus_epithelium_cell,1
bovine_mastitis,1
"mammary_glands,_animal",1
alveolar_epithelial_cell,1
staphylococcal_infection,1
tylosin,1
innate_immunity,1
casein,1
pattern_recognition,1
human_activity,1
dapsone,1
pyramidal_cell,1
pyramidal_nerve_cell,1
flour,1
"diet,_gluten_free",1
coulometric_measurement,1
anodic_oxidation,1
anodic,1
ammonia_concentration,1
solution_mining,1
plantago,1
disease_control,1
udder,1
solid_state_reaction,1
fracture_toughness,1
sitting_position,1
convolution,1
walking,1
sitting,1
human_action_recognition,1
learning_technique,1
local_feature_extraction,1
benchmark_datasets,1
deep_learning,1
convolutional_neural_network,1
photography,1
classification_task,1
freshwater_fish,1
bacteriocin_production,1
sugar_cane,1
economical_medium,1
optimized_condition,1
calcium_aluminate,1
ceramic_material,1
in_situ_chemical_reaction,1
in_situ_processing,1
powder_processing,1
sodium_aluminate,1
microstructure_and_mechanical_property,1
calcium_titanate,1
electrolysis,1
nanostructured_electrocatalysts,1
electrochemical_performance,1
formic_acid_oxidation,1
physicochemical_feature,1
steady_state_current,1
carbon_black,1
electrocatalysts,1
gram_negative_bacteria,1
anti_microbial_activity,1
sugar_industry,1
conceptual_foundation,1
pareto_optimization,1
search_problem,1
linear_programming,1
shape,1
storage_and_transportation,1
fluorescein,1
lactoferrin,1
solar_dryer,1
moderately_high_temperature,1
flavonoid_content,1
phenolic_content,1
metal_oxide_formation,1
pdco_electrocatalysts,1
colon,1
phase_method,1
polytetrafluroethylene,1
stratified_medium,1
optical_system,1
etalons,1
wave_property,1
multiple_beam_interference,1
transmittivity,1
secondary_metabolism,1
tandem_mass_spectrometry,1
waste_plastic,1
phytochemical,1
testing,1
specific_component,1
objective_approach,1
multi_objective_test,1
sulfur_dioxide,1
imaging_method,1
camera,1
interference_filter,1
field_of_view,1
volcano,1
continuous_monitoring,1
calibration,1
measurement_method,1
filter,1
brain_hemorrhage,1
popocatepetl,1
electromagnetic_wave_propagation,1
photonic_crystal,1
matrix_theory,1
optical_coating,1
aqueous_polymer_solution,1
static_friction_coefficient,1
datasets_a_topic,1
friction_force,1
"pathology,_clinical",1
practice_guideline_a_topic,1
mammalia,1
light_intensity,1
remote_sensing,1
spectrometer,1
bandpass_filter,1
field_condition,1
fixed_site,1
nanosecond_laser_pulse,1
irradiation_parameter,1
pulse_duration,1
one_dimensional_heat_flow,1
surface_topography,1
peak_energy_density,1
fluid_flow_equation,1
melt_flow,1
preferential_interaction,1
hydrodynamic_radius,1
poly_n_isopropylacrylamide,1
dynamic_light_scattering,1
critical_temperature,1
pfoa,1
dl_measurement,1
ovary_follicle_atresia,1
ovary_follicle_development,1
pruning,1
discriminative_information,1
phoneme_classification,1
emotion_classification,1
restricted_boltzmann_machine,1
fatty_acid_synthase,1
germinal_vesicle,1
odontoma,1
"fatty_acid_synthase,_type_i",1
"fasn_protein,_human",1
fatty_acid_synthases,1
flow_of_fluid,1
crystalline_silicon,1
surface_morphology,1
plastic_bottle,1
ion_track_etching,1
bulk_etching_rate,1
transparency,1
ion_microbeams,1
tandetron_accelerator,1
polyethylene_terephthalates,1
vascular_endothelial_growth_factor_a,1
serine_arginine_rich_splicing_factor,1
autocrine_communication,1
calcein,1
modification_factor,1
eccentrically_braced_frame,1
octanoic_acid_derivative,1
structural_design,1
nitrogen_removal,1
plantain_flour,1
micro_structural,1
food_texture,1
gluten_free_diet,1
dietary_fiber,1
gluten_free,1
autocrine_effect,1
galvano_fenton,1
dairy_cattle,1
granulosa_cell,1
conjugated_double_bond,1
hole_scavenger,1
photocatalytic_decomposition,1
levenberg_marquardt_method,1
technological_application,1
lactalbumin,1
antioxidant_property,1
lipophilization,1
incorporation_ratio,1
structural_analysis,1
foil_transparency,1
etching,1
rhenium_compound,1
ion_track,1
transmission_method,1
ion_transmission,1
osteoarthritis,1
osteoporosis,1
organic_nitrogen,1
lowest_energy_structure,1
quantum_chemical_computation,1
cluster_assembled_material,1
bonding_analysis,1
extensive_exploration,1
aromaticities,1
lithium_cluster,1
nanoscale_level,1
photocatalytic_water_splitting,1
non_linear_method,1
competitive_adsorption,1
complex_composition,1
anxiety_assessment,1
psychiatric_diagnosis,1
generalized_anxiety_disorder,1
immobilization_stress,1
mixed_connective_tissue_disease,1
spanish,1
myositis,1
anxiety,1
anca_associated_vasculitis,1
mass_screening,1
immobilization,1
sjoegren_syndrome,1
intestine_epithelium,1
marfan_syndrome,1
systemic_sclerosis,1
lizard,1
anolis,1
macroecology,1
aggressive_medium,1
self_healing,1
smart_coating,1
porous_matrix,1
fourier_transform_infrared_spectrometry,1
corrosion_resistant_coating,1
protection_of_metal,1
physical_adsorption,1
corrosion_protection,1
fibromyalgia,1
language,1
hyperbolic_function,1
porphyrin_macrocycle,1
porphyrin,1
band_gap_energy,1
tungsten_compound,1
degradation_reaction,1
photo_degradation,1
one_pot,1
p_nitrophenol,1
sol__gel_method,1
computational_code,1
sympatry,1
adaptive_radiation,1
evolutionary_biology,1
ecological_approach,1
competition,1
squamata,1
magic_number,1
dangling_bond,1
multivacancy,1
binding_energy,1
hydrogen_storage,1
electrolytic_solution,1
electrochemical_supercapacitor,1
measurement_technique,1
nylon,1
specific_capacitance,1
supercapacitor,1
polyamide,1
composite_electrode,1
rayon,1
cogeneration_plant,1
post_combustion_carbon_capture,1
gas_turbine,1
global_warming,1
process_simulation,1
heat_recovery_steam_generator,1
global_warming_potential,1
steam_generator,1
energy_efficiency_improvement,1
lithium_alloy,1
zeolite_templated_carbon,1
hydrogen_adsorption,1
isotherm_adsorption,1
zeolite_template_carbon,1
dog,1
hydrogen_molecule,1
alpha_l_fucosidase,1
pest_control,1
caesalpinioideae,1
moth,1
lepidoptera,1
noctuidae,1
carnivora,1
biopesticide,1
bioactivity,1
spodoptera_frugiperda,1
botany,1
senna,1
environmental_assessment,1
combustion,1
waste_heat,1
steam_turbine,1
zn_al_layered_double_hydroxide,1
annealing_temperature,1
mixed_oxide,1
calcined_ldh,1
photogenerated_charge_carrier,1
anisotropic_dispersion,1
second_order_accuracy,1
advection___diffusion,1
glycoside,1
anisotropic_medium,1
distributed_particle,1
lactobacillus_rhamnosus,1
plume,1
cell_wall,1
transport,1
advection_diffusion_equation,1
hartree_fock,1
gpus,1
flow_visualization,1
function_analysis,1
semi_empirical_method,1
computer_graphic_equipment,1
important_feature,1
mirror_symmetry,1
chain_code,1
symmetry_detection,1
mirror,1
object_recognition,1
chain_coding,1
degree_of_symmetry,1
man_made_object,1
inductively_coupled_plasma_optical_emission_spectrometry,1
spectrometry,1
cyclohexane,1
optical_emission_spectroscopy,1
temperature_programmed_oxidation,1
bi_functional_catalyst,1
guaiacol,1
inductively_coupled_plasma,1
randomly_distributed_particle,1
hydrous_ferric_oxide,1
supported_rhodium,1
temperature_programmed_desorption,1
large_system,1
kohn_sham,1
mitochondrial_dynamic,1
mitochondrial_biogenesis,1
"diet,_high_fat",1
liver_mitochondrion,1
adar_protein,1
transcriptomics,1
"cholesterol,_dietary",1
cholesterol_intake,1
liver_histology,1
liver_cell_culture,1
transcriptome,1
canine_parvovirus,1
cholesterol_liver_level,1
parvovirus_infection,1
hydrogenation,1
liver_tissue,1
parvovirus,1
wild_animal,1
primary_cell_culture,1
cholesterol_diet,1
nonalcoholic_fatty_liver,1
phospholipid_hydroperoxide_glutathione_peroxidase,1
mitochondrial_membrane_potential,1
liver_injury,1
blood_biochemistry,1
liver_function,1
"antibodies,_viral",1
spleen_weight,1
phosphoprotein,1
plantain,1
"parvovirus,_canine",1
cooking,1
digestibility,1
spaghetti,1
parvoviridae_infection,1
alternative_source,1
virology,1
gnmt_protein,1
app_protein,1
hepatocytes,1
scd_protein,1
adaptive_management,1
extreme_event,1
aguascalientes,1
traditional_knowledge,1
parvoviridae,1
"mitochondria,_liver",1
non_alcoholic_fatty_liver_disease,1
liver_weight,1
mitochondrial_protein,1
pet,1
pet_animal,1
fatty_liver,1
engina,1
coralliophila,1
oceanography,1
bryozoa,1
upwelling,1
monodonta,1
functional_group,1
gastropoda,1
gastropod,1
abundance_estimation,1
climate_effect,1
hermosillo,1
environmental_change,1
virus_antibody,1
periurban_area,1
"animals,_wild",1
hypertrophy,1
artibeus,1
artibeus_aztecus,1
sulfate,1
ecchymosis,1
litomosoides,1
parasite_load,1
liver_blood_vessel,1
microfilaria,1
sturnira_lilum,1
litomosoides_infection,1
spatial_variation,1
muricopsis,1
vermicularia,1
hydrozoa,1
potos,1
interview,1
egg,1
oxidation_reduction_potential,1
marketing,1
animal_product,1
chemical_association,1
artibeus_lituratus,1
spirurid_infection,1
bat,1
parasite_prevalence,1
lung_blood_vessel,1
artibeus_jamaicensis,1
tachypnea,1
parasite_identification,1
weakness,1
triple_negative_breast_cancer,1
oncogene_h_ra,1
gene_knockdown,1
radiosensitivity,1
breast_cancer_cell_line,1
radiation_tolerance,1
"rna,_neoplasm",1
clonogenesis,1
breast_cancer,1
removal_efficiency,1
ethic,1
consumer_attitude,1
consumer_behavior,1
gender,1
pollutant,1
hexanal,1
butanediol,1
concentration_profile,1
polyacrylamide_gel_electrophoresis,1
endocrine_disruptors,1
plasticizer,1
diethylhexyl_phthalate,1
esterases,1
"genes,_tumor_suppressor",1
tumor_suppressor_gene,1
cancer_radiotherapy,1
rna_sequence,1
recurrence_free_survival,1
breast_carcinogenesis,1
limestone_dissolution,1
arsenic,1
alcohol_consumption,1
diphthalic_acid_derivative,1
"biodegradation,_environmental",1
butanol,1
phthalate,1
endocrine_disruptor,1
pathogen,1
bioremediation,1
environmental_pollutant,1
fusarium_culmorum,1
catechol,1
phthalic_acid_bi_ester,1
esterase,1
glucose_utilization,1
wistar_furth_rat,1
peroxisome_proliferator_activated_receptor,1
glutaric_acid,1
pyrazoles,1
cannabinoid_receptor,1
drug_synergism,1
cadmium,1
nutrition_survey,1
alcohol_drinking,1
folic_acid,1
drinking_behavior,1
chemical_reaction_kinetics,1
heterogeneous_kinetics,1
cell_dna,1
wavelength_dispersive_x_ray_spectroscopy,1
mine_waste,1
cannabinoid_receptor_agonist,1
porosity,1
carbamate,1
benzamide_derivative,1
glutarates,1
"rats,_inbred_wf",1
"receptors,_cannabinoid",1
analysis_of_variance,1
carbamic_acid_derivative,1
centrifugation,1
brain_cell,1
brain_slice,1
pyrazole_derivative,1
glutaric_acid_derivative,1
drainage,1
neuromodulation,1
water_vapor_permeability,1
mine_tailing,1
mechanical_phenomenon,1
young_modulus,1
deacetylation,1
tailing,1
evaporation,1
abts_radical_scavenging_assay,1
ternary_edible_film,1
ultraviolet_visible_spectrophotometry,1
water_permeability,1
oscillation,1
benzamides,1
functional_assessment,1
dna_origami,1
surface_enhanced_raman_spectroscopy,1
tip_enhanced_raman_spectroscopy,1
fiber_optic_sensor,1
nanometals,1
eimeria_intestinalis,1
empirical_correlation,1
winter,1
agricultural_land,1
eimeria,1
bacterial_skin_disease,1
coccidiosis,1
autumn,1
diarrhea,1
oocyst,1
biopolymers,1
ε_polylysine,1
human_health,1
salt,1
measurement_position,1
device_fabrication,1
nanowire,1
diffraction_limit_of_light,1
silicon_nanowires,1
ataxia_telangiectasia_mutated_protein,1
optical_material,1
quantum_optic,1
optical_signal_processing,1
time_dependent_frequency,1
actinomadura,1
keratinocytes,1
soft_soil,1
eccentrically_braced_steel_frame,1
push_over_analysis,1
dna_damage_response,1
atm_protein,1
b_lymphocyte,1
t_lymphocyte,1
gold_nanoparticles,1
diffraction,1
nanowires,1
high_electric_field,1
methylene_blue,1
"neoplasm_recurrence,_local",1
keratinocyte,1
protein_expression_level,1
smoothed_particle_hydrodynamics,1
bile_salt,1
application_of_laser,1
ring_current,1
taurocholate,1
itc,1
cationics,1
pectin,1
electrostatic_complex,1
hydrogenic_atom,1
polylysine,1
a_rings,1
wavelength_dispersive_spectroscopy,1
electric_impedance,1
maxillofacial_surgery,1
disease_free_interval,1
"biomarkers,_tumor",1
antianemic_agent,1
lymph_node_metastasis,1
protein_energy_malnutrition,1
tumor_marker,1
immunolocalization,1
creatinine,1
"statistics,_nonparametric",1
tooth_erosion,1
erythropoietin,1
discotic_liquid_crystal,1
normal_component,1
isotropic_nematic_transition,1
slab_geometry,1
anchoring_strength,1
temperature_region,1
malnutrition_inflammation_score,1
sol_gel_chemistry,1
ceramic,1
cerium_oxide,1
free_radical_scavenging_capacity,1
agglomerated_particle,1
motion_tracking_control,1
disturbance_estimation,1
dynamic_feedback,1
synchronous_motor,1
feedback_tracking_control,1
satellite_data,1
rhizophoraceae,1
forest_canopy,1
vegetation_index,1
modis,1
marismas_nacionales,1
laguncularia_racemosa,1
hemoglobin_a,1
bioimpedance_analysis,1
beverage,1
ethylene_glycol,1
formic_acid_electrochemical_oxidation,1
muellerian_inhibiting_factor,1
"lupus_erythematosus,_systemic",1
premenopause,1
anti_mullerian_hormone,1
ovarian_reserve,1
two_term_control_system,1
dynamic_load,1
acid_mine_drainage,1
proportional_integral,1
navigation,1
protein_energy_wasting,1
permanent_magnet,1
permanent_magnet_synchronous_motor,1
feedback,1
murashige_and_skoog_medium,1
"kidney_failure,_chronic",1
bud,1
anti_inflammatory_effect,1
naphthaleneacetic_acid,1
nonparametric_test,1
hematinic,1
butyric_acid,1
callus,1
extractives,1
anti_inflammatory_activity,1
palladium_nanoparticles,1
electrochemical_synthesis,1
electrochemical_oxidation,1
electrochemical_method,1
palladium_compound,1
strain,1
leavening_time,1
random_access_storage,1
new_mathematical_model,1
fractional_order,1
programmable_gate_array,1
memory_architecture,1
field_programmables,1
grunwald–letnikov_method,1
field_programmable_gate_array,1
recombinant_erythropoietin,1
silage,1
hemodialysis,1
histone,1
renal_dialysis,1
malnutrition,1
glomerular_filtration_rate,1
double_stranded_dna_break,1
fractional_order_chaotic_oscillator,1
fixed_point_arithmetic,1
chaotic_oscillator,1
toll_like_receptor,1
hot_topic,1
cell_size,1
fat_free_mass,1
cucumis_sativus,1
monocarboxylate_transporter,1
thyrotropin,1
gamma_glutamyltransferase,1
larger_deformation,1
nonlinear_mechanical_response,1
large_amplitude_oscillatory_shear,1
processing_condition,1
nonlinear_rheological_property,1
wheat_dough,1
strain_stiffening,1
rheological_property,1
wheat_flour_dough,1
fluorescent_molecule,1
functionalized_material,1
textural_characterization,1
glucose_clamp_technique,1
alanine_transaminase,1
monocarboxylic_acid_transporter,1
subcutaneous_fat,1
petroleum_transportation,1
cfd_numerical_modeling,1
intravenous_glucose_tolerance_test,1
solute_carrier_protein,1
pipeline,1
insulin_sensitivity,1
glucose_tolerance_test,1
abdominal_subcutaneous_fat,1
pipe_line_transportation,1
sphalerite_structure,1
psychological_trauma,1
corticotropin_releasing_factor_receptor,1
psychotrauma,1
"receptors,_corticotropin_releasing_hormone",1
"suicide,_attempted",1
suicide_attempt,1
household_structure,1
domestic_violence,1
gender_relation,1
liquid_viscosity,1
amino_functionalization,1
flexible_structure,1
separation_process,1
fluorescence_property,1
pyrene,1
edge_removing,1
tree,1
edge_subdividing,1
distributed_database_system,1
multiplicity,1
distributed_system,1
structural_stability,1
heterogeneous_reactor,1
gasification,1
computational_software,1
molecular_simulation,1
core_shell,1
wurtzite_structure,1
scanning_and_transmission_electron_microscopy,1
ethanol_aqueous_solution,1
zn_nanoparticles,1
disability_evaluation,1
encephalitis,1
meningitis,1
alzheimer_disease,1
nervous_system_disease,1
chronic_kidney_failure,1
disability_adjusted_life_year,1
anemia,1
dementia,1
binding_kinetics,1
fusarium_falciforme,1
generalized_epilepsy,1
critical_graph,1
efficient_graph,1
vizings_conjecture,1
ketamine,1
nude_mouse,1
tumor_xenograft,1
heterograft,1
tumor_growth,1
head_and_neck_carcinoma,1
organismal_interaction,1
xylazine,1
"transplantation,_heterologous",1
"mice,_nude",1
hematopoiesis,1
xenotransplantation,1
tetanus,1
glomerulus_filtration_rate,1
tension_headache,1
synthesis_method,1
ni_nanoparticles,1
hydrogen_evolution,1
cadmium_sulfide,1
spherical_cavity,1
treatment_response,1
absorbing_wall,1
time_dependent,1
cavity_wall,1
particle_trapping,1
dimensionless_parameter,1
carcinogenesis,1
asymptomatic_disease,1
ameloblastic_fibrodentinoma,1
ameloblastic_carcinoma,1
xenograft,1
performic_acid,1
transition_state,1
reaction_under,1
hemoglobin_blood_level,1
affiliative_behavior,1
ewe,1
pragmatic_behavior,1
social_personality,1
semiconducting_cadmium_compound,1
nickel_nanoparticles,1
impedance,1
ethanol_water_solution,1
photo_deposition,1
ethanol_solution,1
electron_tunneling,1
ph_effect,1
user_friendly_interface,1
thermochemistry,1
thermochemical_property,1
pre_reactive_complex,1
theoretical_rate,1
electron_transfer,1
bimolecular_reaction,1
transition_state_theory,1
electron_transfer_process,1
transition_structure,1
baeyer_villiger_reaction,1
six_membered_ring,1
acetophenones,1
micronutrient,1
fast_food,1
sodium_intake,1
energy_intake,1
nutritive_value,1
flavourzyme,1
family_size,1
family_characteristic,1
vegetable,1
scheffersomyces_stipitis,1
schwanniomyces_occidentalis,1
municipal_waste,1
proteinase,1
organic_fraction_of_municipal_solid_waste,1
alcohol_production,1
helical_ribbon,1
carboxylation,1
thermodynamic_formation,1
bacterial_viability,1
thermodynamic_study,1
zn_indomethacin,1
thermodynamic_formation_constant,1
zn_nsaid,1
indomethacin,1
zn_diclofenac,1
sugar_sweetened_beverage,1
caloric_intake,1
eye,1
economic_growth,1
nutrient,1
administration_and_dosage,1
"sodium,_dietary",1
electrical_power,1
model_test,1
kerr_law,1
maximum_error,1
mathematica,1
computational_result,1
mimosa_calcicola,1
pollen,1
central_america,1
neotropical_region,1
endemic_specie,1
mimosa,1
south_america,1
piptadenia,1
diclofenac,1
formation_constant,1
edible_plant,1
cabbage,1
broccoli,1
floret,1
cauliflower,1
plant_reductase,1
biocatalysis,1
reductase_activity,1
celery,1
phalaris,1
bean,1
acetophenone_derivative,1
turbine,1
electricity_generation,1
chemical_pollutant,1
life_cycle_analysis,1
substituted_benzaldehydes,1
radish,1
technological_development,1
actinomycetoma,1
nopal,1
benzaldehyde_derivative,1
lentil,1
mild_reaction_condition,1
coriander,1
benzyl_alcohol,1
zucchini,1
bayo_bean,1
turnip,1
reductase_enzyme,1
phaseolus_vulgaris,1
radioactive_waste_vitrification,1
xylanases,1
hacat_cell_line,1
reusability,1
immobilization_protocol,1
chitosan_nanoparticles,1
ascomycete,1
nervous_system,1
vigor,1
birth_rate,1
biological_development,1
suidae,1
chemokine,1
gas_exchange,1
lettuce,1
carrot,1
immobilization_technique,1
genipin_cross_linking,1
magnetic_nano_particles,1
chitosan_nanoparticle,1
mycetoma,1
enzyme_structure,1
genipin,1
iridoids,1
cell_division,1
"skin_diseases,_bacterial",1
iron_salt,1
actinomadura_madurae,1
immobilized_enzyme,1
enzyme_immobilization,1
covalent_bond,1
grafting,1
free_radical_polymerization,1
living_polymerization,1
blue_agave_bagass,1
reinforced_composite_material,1
coupling_agent,1
polystyrene,1
new_approach,1
actinobacteria,1
reversible_addition_fragmentation_chain_transfer_polymerization,1
enzyme_mechanism,1
"enzymes,_immobilized",1
magnetic_nanoparticle,1
ascomycota,1
effect_of_temperature,1
iridoid,1
gonadorelin,1
ruminant,1
neuropeptides,1
pyroglutamylated_arginine_phenylalanineamide_peptide,1
eating,1
neuropeptide,1
hormone_structure,1
kisspeptin,1
gonadotropin_releasing_hormone,1
gonadorelin_release,1
polystyrene_composite,1
reversible_addition_fragmentation_chain_transfer,1
raft_polymerization,1
bagasse,1
ph_measurement,1
glycidyl_methacrylate,1
particle,1
keratitis,1
microbial_interaction,1
physico_chemical_change,1
mean_particle_size,1
crystallinity_change,1
potato_starch_granule,1
apparent_viscosity,1
current_smoker,1
gelation,1
energy_metabolism,1
neuropeptide_y,1
pro_opiomelanocortin,1
proopiomelanocortin,1
kisspeptins,1
agouti_related_protein,1
daily_living_activity,1
academic_achievement,1
"monitoring,_physiologic",1
activity_recognition,1
academic_performance,1
pattern_recognition_system,1
supervised_machine_learning,1
wearable_computer,1
supervised_classification,1
supervised_learning,1
accelerometer_signal,1
lifestyle,1
territory,1
metropolitan_area,1
starch_gelatinization,1
magnesium,1
alpha_tocopherol,1
"toxicity_tests,_acute",1
"cations,_divalent",1
butylcresol,1
maternal_exposure,1
tobacco_smoking,1
epigenomics,1
cisplatin,1
divalent_cation,1
butylated_hydroxytoluene,1
physiologic_monitoring,1
emerging_economy,1
classification_accuracy,1
discrete_wavelet_transforms,1
support_vector_machine,1
quantitative_trait,1
plant_gene,1
quantum_computer,1
genetic_trait,1
arachidic_acid,1
simple_sequence_repeat,1
cacao,1
behenic_acid,1
molecular_marker,1
adipose_tissue,1
cocoa_bean,1
fat_content,1
"quantitative_trait,_heritable",1
neoclassical_theory,1
diacetylcurcumin,1
subtilisin,1
spike,1
regularization_approach,1
heterogeneous_boundary,1
zinc_sulfate,1
thermochemical_cycle,1
silicon_carbide,1
synchrotron_x_ray_diffraction,1
silicon_alloy,1
silver_alloy,1
green_catalyst,1
microwave_assisted_method,1
thermochemical_water_splitting_cycle,1
decomposition_temperature,1
microsatellite_marker,1
myristic_acid,1
endopeptidases,1
sensory_characteristic,1
malondialdehyde,1
microbiological_safety,1
high_throughput_nucleotide_sequencing,1
meat_product,1
pediococcus_acidilactici,1
lactic_acid_bacteria,1
spanish_type_chorizo,1
population_statistic,1
high_throughput_sequencing,1
population_dynamic,1
throughput,1
steady_state_flux,1
two_dimensional_diffusion,1
brownian_dynamic_simulation,1
first_trimester_pregnancy,1
recurrent_infection,1
multivitamin,1
developmental_delay,1
remission,1
cesarean_section,1
synthesis_of_particle,1
polymeric_particle,1
polyfuran,1
bimetallic_particle,1
electric_conductivity_measurement,1
electromagnetic_wave_absorption,1
glow_discharge_plasma,1
polymer_film,1
physical_and_electrical_property,1
o_ring,1
kidney_cancer,1
scoliosis,1
heterozygote_detection,1
visceromegaly,1
oligohydramnios,1
subtilisins,1
protruding_tongue,1
spontaneous_abortion,1
gene_control,1
limb_hypotrophy,1
splenomegaly,1
hepatosplenomegaly,1
abdominal_circumference,1
growth_disorder,1
abdominal_distension,1
cytomegalovirus,1
sphingomyelin_phosphodiesterase,1
niemann_pick_disease,1
"niemann_pick_disease,_type_b",1
tongue_disease,1
"niemann_pick_disease,_type_a",1
genetic_transfection,1
dermatitis,1
feeding_difficulty,1
abdominal_disease,1
melena,1
eye_movement_disorder,1
upper_respiratory_tract_infection,1
limb_disease,1
gastroenteritis,1
failure_to_thrive,1
apgar_score,1
united_kingdom,1
kenya,1
supermarket,1
ctcfl_gene,1
low_fat_diet,1
liver_biopsy,1
uninephrectomy,1
epstein_barr_virus_infection,1
epistaxis,1
nose_malformation,1
broad_nasal_bridge,1
metastasis,1
tongue_protrusion,1
jaundice,1
nystagmus,1
genetic_carrier_screening,1
glia_cell,1
xenobiotic_metabolism,1
cell_by_body_anatomy,1
methylprednisolone_sodium_succinate,1
maternal_smoking,1
motoneuron,1
riluzole,1
experimental_spinal_cord_injury,1
ischemia,1
off_label_drug_use,1
methylprednisolone,1
nairobi_[kenya],1
southern_hemisphere,1
empirical_analysis,1
pcb,1
pharmacophore,1
hch,1
ketorolac,1
serum,1
ddt,1
biomonitoring,1
liquid_phase_reaction,1
reactivation_process,1
water_treatment,1
biomass_valorizations,1
catalyst_deactivation,1
resin,1
hot_water_treatment,1
coke_formation,1
oxidative_condition,1
molecule_adsorption,1
confined_system,1
graphene_layer,1
adsorption_site,1
electronic_charge,1
adsorption_energy,1
twisted_bilayers,1
negative_value,1
centers_of_mass,1
symmetrics,1
binary_collision,1
ejection/collision_orbit,1
collinear_four_body_problem,1
collision_orbit,1
invariant_manifold,1
escape_criterion,1
"active_transport,_cell_nucleus",1
developing_country,1
"receptors,_lysophosphatidic_acid",1
spinal_cord,1
hydroxyl_radical,1
long_evans_rat,1
tissue_injury,1
"rats,_long_evans",1
catalase,1
nitrate_reductase,1
motor_performance,1
electroacupuncture,1
equus_asinus,1
technology_policy,1
vacuum_region,1
tuning,1
innovation_policy,1
cooperative_unit,1
conformational_change,1
phosphodiesterase,1
ovary_cell_line,1
glioblastoma_cell_line,1
cell_fractionation,1
progesterone_receptor,1
technological_capability,1
cytoplasm,1
lysophosphatidic_acid_receptor,1
innovation_system,1
biological_treatment,1
technological_change,1
computational_algorithm,1
paul_trap,1
effective_hamiltonian,1
evolution_operator,1
time_evolution_operator,1
crystal_lattice,1
optical_lattice,1
lie_algebra,1
technology_transfer,1
protein_kinase_c_alpha,1
alkylglycerophosphoethanolamine_phosphodiesterase,1
phosphoric_diester_hydrolases,1
cell_nucleus_receptor,1
nucleocytoplasmic_transport,1
animal_husbandry,1
technological_forecasting,1
temperature_increase,1
corrosion_inhibition,1
acid_medium,1
inhibition_efficiency,1
surface_analysis_technique,1
ionic_liquid,1
surface_analysis,1
bacteriophage,1
thermal_denaturations,1
intermolecular_packing,1
denaturation_process,1
cooperativity,1
denaturation,1
tellurite_based_glass,1
ftir_spectroscopy,1
optical_absorption_and_emission,1
melt_quenching_technique,1
dysprosium_compound,1
phleomycins,1
cephalosporin_c,1
"drug_resistance,_bacterial",1
cephalosporin,1
"transformation,_genetic",1
acremonium,1
protoplast,1
cephalosporin_derivative,1
phleomycin,1
mercaptoundecanoic_acid,1
screen_printed_gold_electrode,1
disease,1
earthquake_magnitude,1
time_reversal,1
detrended_fluctuation_analysis,1
natural_time,1
temporal_correlation,1
non_stationary_time_series,1
long_range_correlation,1
precursory_phenomenon,1
cie_chromaticity,1
white_light_emission,1
luminescence_spectrum,1
hela_cell_line,1
vascularization,1
growth_differentiation_factor,1
nerve_cell_adhesion_molecule,1
liver_cell_carcinoma,1
multicellular_spheroid,1
cell_self_renewal,1
"antigens,_cd",1
cyclin_a,1
chorioallantois,1
bone_morphogenetic_protein,1
hybridization_reaction,1
adenomatous_polyposis_coli,1
electrochemical_genosensors,1
gene_detection,1
genosensors,1
technology_enhanced_learning,1
self_regulated_learning,1
metacognitive_skill,1
metacognition,1
cognitive_load,1
ubiquitous_learning,1
chorioallantoic_membrane,1
leukocyte_antigen,1
snail_family_transcription_factor,1
cell_expansion,1
"ocln_protein,_human",1
"spheroids,_cellular",1
chick_embryo,1
boris_gene,1
transcription_factor_snail,1
"neovascularization,_pathologic",1
erk_protein,1
phospholipase_d,1
"braf_protein,_human",1
odds_ratio,1
serum_albumin,1
hospital_mortality,1
c_reactive_protein,1
coronary_risk,1
mortality_risk,1
projective_space,1
albumin_blood_level,1
acute_coronary_syndrome,1
experimental_subject,1
engineering_education,1
emotional_reaction,1
control_equipment,1
sediment_yield,1
samaria,1
linear_subspace,1
grijalva_basin,1
proto_oncogene_protein_b_raf,1
minimum_distance,1
erbb_receptor,1
k_ra_protein,1
mek_protein,1
"kras_protein,_human",1
epidermal_growth_factor_receptor,1
"egfr_protein,_human",1
extracellular_signal_regulated_map_kinase,1
raf_protein,1
amplicon,1
proto_oncogene_protein_c_raf,1
bacillus_licheniformis,1
alpha_glucosidase,1
disaccharide,1
glycosylation,1
glycosylhydrolases,1
homogeneous_polynomial,1
violence,1
suicidal_ideation,1
school,1
sex_characteristic,1
homosexuality,1
sexual_characteristic,1
mental_disorder,1
river_channel,1
israel,1
mezcalapa_river,1
lactose,1
aspergillus_oryzae,1
fucose_containing_disaccharide,1
alpha_glucosidases,1
bacillus_circulans,1
donor_substrate,1
beta_galactosidase,1
evaluation_code,1
galactose,1
glycoside_hydrolases,1
glucosidase,1
higher_dimensional,1
fucose,1
galactosidases,1
glycosidases,1
n_acetylglucosamine,1
orthogonal_decomposition,1
interface,1
neutron_diffusion_equation,1
governing_differential_equation,1
interfacial_coefficient,1
direct_numerical_simulation,1
scaling_method,1
projective_variety_code,1
neutron_diffusion,1
pebble_bed_reactor,1
licofelone,1
thermotoga_maritima,1
anti_infective_agent,1
maltose,1
pyrrolizine_derivative,1
transglycosylation,1
spent_catalyst,1
surface_concentration,1
straight_run_gas_oil,1
discriminant_analysis,1
feature_extraction,1
electroencephalographic_signal,1
feature_generation,1
wavelet_transformation,1
feature_extraction_and_selection,1
eventrelated_potential,1
feature_selection_method,1
biomedical_signal_processing,1
binary_classification_problem,1
signal_processing,1
tetradecanoylphorbol_acetate,1
signal_noise_ratio,1
automatic_identification,1
computer_circuit,1
boolean_algebra,1
electrical_engineering,1
android,1
automation,1
e_learning,1
integrated_circuit,1
augmented_reality_system,1
polyaromatic_hydrocarbon,1
nickel_molybdenum,1
tumor_invasion,1
aromatic_hydrocarbon,1
protein_analysis,1
coke,1
male_infertility,1
rna_analysis,1
female_infertility,1
electron_density_analysis,1
extreme_confinement,1
prenatal_stress,1
electron_energy_level,1
ovary_follicle_maturation,1
female_fertility,1
testis_cell,1
estradiol_blood_level,1
sperm_quality,1
augmented_reality,1
technical_efficiency,1
digital_electronics,1
carbon_dioxide_tension,1
atomic_interaction,1
electron_kinetic_energy,1
social_hierarchy,1
calcium_blood_level,1
alkalosis,1
environmental_enrichment,1
environmental_factor,1
bicarbonate_blood_level,1
bottle_feeding,1
potassium_blood_level,1
extreme_condition,1
spermatozoon,1
male_fertility,1
water_immersion,1
neoplasm_invasiveness,1
lung_alveolus_macrophage,1
gamma_interferon,1
bacterial_immunity,1
enzyme_linked_immunospot_assay,1
lung,1
lung_alveolus_cell,1
tuberculin,1
mt_assay,1
airborne_particle,1
autacoid,1
lung_tuberculosis,1
peripheral_blood_mononuclear_cell,1
urban_health,1
phagocytosis,1
sodium_blood_level,1
periodic_calculation,1
situ_drift,1
polar_molecule,1
roc_curve,1
"spondylitis,_ankylosing",1
near_infrared_luminescence,1
tumor_necrosis_factor_alpha,1
receiver_operating_characteristic,1
host_microbial_interaction,1
digital_imaging,1
bronchoalveolar_lavage_fluid,1
cytotoxicity_assay,1
air_pollution,1
inflammation_mediator,1
judd_ofelt_theory,1
potentiostatic_intermittent_titration_technique,1
electric_discharge,1
ab_initio_method,1
solid_state_diffusion,1
composite_cathode_material,1
caucasian,1
european,1
population_group,1
mestizo,1
population_genetics,1
ancestry_informative_marker,1
population_structure,1
"genetics,_population",1
european_continental_ancestry_group,1
american_indian,1
vibrational_analysis,1
cancer_diagnosis,1
spatial_correlation,1
distribution_function,1
temperature_decrease,1
glass_transition,1
association_reaction,1
radial_distribution_function,1
glass_forming_liquid,1
inter_particle_interaction,1
granular_modeling,1
chemical_co_precipitation,1
ab_initio_quantum_chemistry,1
apparent_diffusion_coefficient,1
electrochemical_methodology,1
diffusion_in_solid,1
surface_diffusion,1
human_immunodeficiency_virus_infection,1
efavirenz_plus_lamivudine_plus_zidovudine,1
hairy_leukoplakia,1
mouth_cavity,1
dysplasia,1
thrush,1
antiretroviral_therapy,1
anti_hiv_agent,1
anti_human_immunodeficiency_virus_agent,1
efavirenz_plus_emtricitabine_plus_tenofovir_disoproxil,1
human_immunodeficiency_virus_infected_patient,1
virus_load,1
early_diagnosis,1
hiv_infection,1
neoplasm,1
biopsy,1
papillomavirus_infection,1
verruca_vulgaris,1
papillomaviridae,1
tongue_carcinoma,1
epithelium_hyperplasia,1
oral_mucosal_disease,1
condyloma_acuminatum,1
papilloma,1
basement_membrane,1
hydrozincite,1
episome,1
condylomata_acuminata,1
hjelmslev_quadrilateral,1
mutual_distance,1
hyperkeratosis,1
miconazole,1
"models,_anatomic",1
orthodontic_anchorage,1
mechanical_stress,1
epiphysis,1
cortical_bone,1
internal_cavity,1
fourier_transform_infrared,1
hydrophobic_compound,1
spherical_aggregate,1
porous_structure,1
cyclic_potentiometry,1
physical_stability,1
screening_test,1
in_situ_hybridization,1
biomass_smoke,1
uterine_cervix_carcinoma,1
praseodymium,1
zirconium_oxide,1
inclusion_complex,1
complex_formation,1
orthodontic_anchorage_procedure,1
orthodontics,1
tibia,1
multidetector_computed_tomography,1
anatomic_model,1
device_stability,1
insertion_angle,1
finite_element_analysis,1
stainless_steel,1
biomechanical_phenomenon,1
biomechanics,1
"stress,_mechanical",1
blue_laser,1
paclitaxel,1
proton_magnetic_resonance_spectroscopy,1
adenosinetriphosphate,1
modified_atmosphere,1
minimal_processing,1
food_packaging,1
international_trade,1
international_market,1
minimally_processed,1
modified_atmosphere_packaging,1
electrolyte_leakage,1
magnesia,1
antioxidant_system,1
cobalt_therapy,1
paleacenin_a,1
elaphoglossum_paleaceum,1
chloroform,1
electrospray_mass_spectrometry,1
paleacenin_b,1
podophyllotoxin,1
siha_cell_line,1
selectivity_index,1
phloroglucinol,1
fast_atom_bombardment_mass_spectrometry,1
oxic_condition,1
leachate,1
borosilicate_glass,1
leachates,1
brassica_napu,1
rapeseed,1
fluorescence_feature,1
concentration_quenching,1
landfill,1
full_width_at_half_maximum,1
leachate_treatment,1
cytotoxic_agent,1
electronic_circular_dichroism,1
"spectrometry,_mass,_electrospray_ionization",1
heteronuclear_multiple_bond_correlation,1
monoamine_oxidase_inhibitor,1
drop,1
pressure_drop,1
akaike_information_criterion,1
ecological_modeling,1
geographical_region,1
model_validation,1
niche,1
questionnaire_survey,1
social_network,1
competitiveness,1
michoacan,1
agroindustry,1
reciprocity,1
phloroglucinol_derivative,1
reversed_phase_high_performance_liquid_chromatography,1
amphipod,1
microcystis_sp.,1
daphnia_magna,1
temperate_environment,1
microcystis,1
simocephalus,1
ingestion_rate,1
hyalella_azteca,1
crustacean,1
geometrical_information,1
forecasting,1
multi_physics,1
hydrodesulphurization,1
cfd_simulation,1
textural_characteristic,1
geometrical_characteristic,1
rhizophora_mangle,1
storm,1
synchrony,1
infrared_device,1
phyllanthus,1
luminescence_intensity,1
cladocera,1
generalist,1
top_down_control,1
predation,1
crustacea,1
s_band_optical_amplifier,1
aquatic_ecosystem,1
simocephalus_mixtus,1
amphipoda,1
biomanipulation,1
dna_demethylation,1
ultrasound_guided_injection,1
multicomponents,1
bisulfite,1
cloning,1
nerve_cell_differentiation,1
forebrain,1
mesencephalon,1
chromatin_immunoprecipitation,1
medical_procedure,1
limbic_system,1
lim_kinase,1
nervous_system_development,1
dopaminergic_nerve_cell,1
histone_modification,1
coastal_zone,1
nontronite,1
cumulative_production,1
carbon_assimilation,1
earth_atmosphere,1
high_resolution_scanning,1
lows_temperatures,1
model_catalyst,1
deactivation,1
anatase_phasis,1
light_off,1
rhodium_compound,1
redox_equilibria,1
nanostructured_surface,1
valence_band,1
intrauterine_drug_administration,1
nigroneostriatal_system,1
optimization_modeling,1
natural_consequence,1
injection_molding,1
objective_optimization,1
manufacturing_process,1
research_laboratory,1
puc_replicon,1
conflicting_objective,1
plastic_injection_molding,1
carbonate,1
budget_control,1
microscopic_observation,1
average_concentration,1
nano_fe,1
corrosion,1
seminal_plasma,1
decay,1
analytic_expression,1
linear_time_invariant_system,1
time_varying_control_system,1
exponential_decay,1
invariance,1
pi_r_controller,1
inverted_pendulum,1
time_delay,1
linear_control_system,1
controller_gain,1
under_actuated_mechanical_system,1
time_delayed_controller,1
linear_system,1
system_stability,1
monolithics,1
star_lindelof_space,1
function_space,1
continuum_hypothesis,1
star_countable_space,1
extent,1
cadaverine,1
slaughterhouse,1
putrescine,1
broiler,1
chicken_meat,1
pectoralis_major_muscle,1
rooster,1
cryopreservation,1
sperm_capacitation,1
cell_density,1
molecular_cloning,1
manganese_alloy,1
clone_cell,1
copy_number_variation,1
bimetallic_phasis,1
program_impact,1
alizarin,1
micro_structuring,1
differential_analysis,1
anthraquinone_dye,1
ab_initio_prediction,1
preparation_condition,1
interaction_matrix,1
be_star,1
compact_space,1
ω_domination_of_discrete_subset,1
stem_cell_factor,1
"kit_protein,_human",1
bimetallic_nanoparticles,1
bimetallic_catalyst,1
surface_defect,1
atomic_resolution_image,1
adsorption/desorption,1
hexagonal_arrangement,1
bimetallic,1
impregnation,1
alkaline_battery,1
urea_electrode,1
electrochemical_formation,1
zinc_alloy,1
chronoamperometry_technique,1
primary_tumor,1
nose_obstruction,1
cancer_survival,1
mutation,1
nose_neoplasm,1
overall_survival,1
nose_tumor,1
responsibility,1
somatic_mutation,1
proto_oncogene_protein_c_kit,1
stem_cell_factor_receptor,1
nasal_mucosa,1
oncogene_n_ra,1
dna_mutational_analysis,1
nose_mucosa,1
dysphagia,1
ecosystem_restoration,1
parallel_reaction,1
hydrogen_sulfide_removal,1
regeneration_reaction,1
oxygen_mass_transfer,1
inverse_function,1
inverse_problem,1
ethanol/water_mixture,1
%_reduction,1
digestion_kinetics,1
α_amylase,1
paranasal_sinus_tumor,1
mouth_mucosa,1
melanoma,1
microphthalmia_associated_transcription_factor,1
ferric_ion,1
inlet_concentration,1
social_support,1
social_capital,1
biofiltration,1
composting,1
chelate,1
ferric_compound,1
air_pollution_control,1
loading_rate,1
fe_edta,1
edta,1
iron_chelating_agent,1
oxygen_transport,1
biofiltration_process,1
environmental_restoration_and_remediation,1
reversed_phase_liquid_chromatography,1
poecilotheria_regalis,1
matrix_assisted_laser_desorption_ionization_time_of_flight_mass_spectrometry,1
drug_dosage_form_comparison,1
suramin,1
spider,1
aortic_ring,1
vasodilation,1
oocyte_development,1
killifish,1
oogenesis,1
quinone_derivative,1
quinone,1
ethylenediaminetetraacetic_acid,1
elemental_sulfur_recovery,1
organic_sulfur_compound,1
intertropical_convergence_zone,1
costa_rica,1
training,1
seawater,1
air_sea_interaction,1
cloud_cover,1
vasodilatation,1
drug_activity,1
high_temperature_procedure,1
in_vitro_technique,1
poecilotheria_regalis_venom,1
boiling_bath_incubation,1
guanosine_phosphate,1
aorta,1
spider_venom,1
vasodilator_agent,1
neuron_specific_nuclear_protein,1
nerve_cell_lesion,1
excitatory_amino_acid_agonist,1
"receptors,_prolactin",1
cell_loss,1
brain_region,1
prolactin,1
health_auxiliary,1
grey_wolf_optimizer,1
optimal_system,1
optimization_problem,1
optimization_technique,1
bio_inspired_technique,1
problem_solving,1
neighborhood_relation,1
meta_heuristic_approach,1
force_field,1
oxidation_kinetics,1
prosopis_gum,1
chia_mucilage,1
mesquite_gum,1
plant_mucilage,1
volatile_oil_retention,1
plant_gum,1
prosopis,1
orbit,1
mucilage,1
lemon_oil,1
oil_oxidation,1
prolactin_receptor,1
dentate_hilus,1
amino_acid_receptor_stimulating_agent,1
micro_porous_carbon,1
interconnected_porosity,1
irreversible_capacity,1
electrolyte_decomposition,1
microporosity,1
mesoporous_material,1
binary_mixture,1
polar_liquid,1
empowerment,1
multi_component_system,1
lennard_jones_parameter,1
density_of_liquid,1
liquid_liquid_equilibrium,1
charge_distribution,1
liquid_vapor_phase_diagram,1
exopolymer,1
denitrifying_sludge,1
methanogenic_bacterium,1
octylphenol_ethoxylates,1
octoxynol,1
low_temperature_production,1
liquid_laser,1
maximum_production_rate,1
aluminum_content,1
al_mg_alloy,1
cavitation,1
temperature_and_pressure,1
standard_condition,1
first_discharge_capacity,1
synthesis_temperature,1
conductive_additive,1
meriones_unguiculatus,1
cohabitation,1
health_promotion,1
paternal_behavior,1
preoptic_area,1
"receptors,_androgen",1
rumen,1
drug_compounding,1
methanogenic_sludge,1
octylphenol,1
sorption_effect,1
granular_sludge,1
octoxinol,1
langmuir_isotherm,1
sorption,1
oxygenated_compound,1
methyl_ether,1
sustained_drug_release,1
drug_carrier,1
nanomaterial,1
"administration,_topical",1
glycerol_oleate,1
propylene_glycol,1
poloxamer,1
ketoconazole,1
hexosome,1
topical_drug_administration,1
gerbillinae,1
social_aspect,1
gerbil,1
amorphous_film,1
relative_crystallinity,1
mechanical_performance,1
solid_electrolyte,1
film_microstructures,1
cancer_hormone_therapy,1
"muscle,_skeletal",1
skeletal_muscle,1
abdominal_obesity,1
resistin,1
metabolic_syndrome,1
"obesity,_abdominal",1
ether,1
abstracting,1
ethyl_ether,1
atmospheric_oxidation,1
flow_in_porous_medium,1
flow_velocity,1
formal_derivation,1
hopf_bifurcation,1
mathematical_foundation,1
periodic_porous_medium,1
electrochemical_process,1
filtration_velocity,1
apparent_permeability,1
electrical_capacitance,1
polymer_electrolyte,1
conductive_film,1
calcium_chloride,1
elongation_at_break,1
mechanical_stability,1
film_elasticity,1
desludging,1
sludge_digestion,1
decentralization,1
decentralized_wastewater,1
decentralized_treatment,1
"waste_disposal,_fluid",1
methanogenesis,1
municipal_wastewater_treatment,1
specific_methanogenic_activity,1
effluent_concentration,1
waste_water,1
suspended_particulate_matter,1
flow_modeling,1
permeability,1
unsteady_flow,1
incompressible_flow,1
polyphenol_oxidase,1
microwave_radiation,1
nutritional_characteristic,1
chromatographic_analysis,1
microwave,1
hydrophobic_chromatography,1
annona,1
biochemical_characterization,1
ion_exchange_chromatography,1
ion_exchange,1
operation_technology,1
septic_tank,1
biological_oxygen_demand_analysis,1
biological_oxygen_demand,1
anaerobic_baffled_reactor,1
municipal_wastewater,1
wire,1
disorder_strength,1
finite_width,1
phenomenological_approach,1
continuous_parameter,1
diagonal_disorder,1
anderson_model,1
disordered_phase,1
disordered_waveguide,1
ultrasonic_wave,1
catechol_oxidase,1
ultrasound,1
ultrasound_treatment,1
enzymatic_browning,1
soursop,1
ion_chromatography,1
oxidopamine,1
energy_resource,1
dyskinesia,1
"dyskinesia,_drug_induced",1
levodopa_induced_dyskinesia,1
dorsal_striatum,1
basal_ganglion,1
electrochemical_monitoring,1
immepip,1
carbidopa,1
layered_double_hydroxide,1
catalytic_performance,1
aluminum_compound,1
molecular_basis,1
meixnerite,1
lone_pair,1
trade_off,1
california,1
integrative_modeling,1
grasp,1
meta_heuristic_algorithm,1
meta_heuristic,1
real_world,1
complete_graph,1
classic_colouring_problem,1
graph_colouring,1
graph_algorithm,1
rat_model,1
substantia_nigra,1
striate_cortex,1
levodopa,1
substantia_nigra_par_compacta,1
arbitrary_height,1
general_relation,1
first_passage_time_distribution,1
first_passage_time,1
solution_and_solubility,1
touching_point,1
particle_trajectory,1
solution,1
mitochondrial_membrane,1
exopolysaccharide,1
non_trivial_dependence,1
mean_deviation,1
multi_objective_metaheuristics,1
basic_unit,1
multi_objective_genetic_algorithm,1
multiobjective_approach,1
urinary_tract_infection,1
carbon_fiber_reinforced_carbon_composite,1
thermal_conductivity_of_solid,1
anisotropic_structure,1
extinction_coefficient,1
carbon_fiber_reinforced_carbon,1
c/c_composite,1
carbon_carbon_composite,1
solar_thermal_technology,1
bioelectrochemical_system,1
laminated_composite,1
reinforced_plastic,1
thermal_characterization,1
thermal_diffusivity,1
effective_thermal_conductivity,1
potential_barrier,1
operational_condition,1
operational_region,1
sensitivity_analysis,1
grinding_mill,1
semiautogenous_grinding,1
experimental_approach,1
grinding,1
geological_factor,1
operating_condition,1
global_sensitivity_analysis,1
stochastic_system,1
batch_cell_culture,1
salbutamol,1
suppository,1
paracetamol,1
rnaii,1
timing_circuit,1
single_phase_transformer,1
data_acquisition_system,1
power_electronic_device,1
rectifying_circuit,1
coupling,1
electric_rectifier,1
atomic_geometry,1
transformer,1
piecewise_linear_approximation,1
modified_nodal_analysis,1
thermoelectric_equipment,1
half_wave_rectifier,1
system_of_differential_equation,1
mineral_processing,1
comminution,1
polymer_blend,1
polyethylene,1
melt_spinning,1
melt_extrusion,1
l_lysine,1
ternary_blend,1
mechanical_extraction,1
pharmaceutical_industry,1
spectrum_characterization,1
solvent_extraction,1
rheological_parameter,1
solvent_free_extraction_method,1
good_manufacturing_practice,1
coupled_circuit,1
electric_power_system,1
emergency_room,1
nerve_net,1
"memory,_short_term",1
connectome,1
neuropsychological_test,1
electronic_charge_compensation,1
nerve_cell_network,1
brain_mapping,1
charge_compensation,1
charge_balance,1
functionalized,1
modified_bentonite,1
low_density_polyethylene,1
bentonite,1
linear_low_density_polyethylene,1
high_density_polyethylene,1
rheometry,1
"structural_homology,_protein",1
structural_characterization,1
shikimic_acid,1
homology_modeling,1
acid_protein,1
structural_information,1
mrsa,1
helicobacter_pylorus,1
structural_homology,1
michaelis_constant,1
methicillin_resistant_staphylococcus_aureus,1
shikimate_kinase,1
global_reaction_rate,1
physico_chemical_data,1
executive_function,1
short_term_memory,1
linearization,1
hydraulic_residence_time,1
residence_time,1
residence_time_distribution,1
hydraulics,1
hydraulic_property,1
shortcut_flow,1
magnitude,1
dead_zone,1
uasb_reactor,1
hydraulic_structure,1
tracer,1
traditional_equation,1
axial_dispersion_model,1
up_flow_anaerobic_sludge_blanket_reactor,1
phosphotransferases,1
main_process,1
batch_crystallization,1
indirect_monitoring,1
fine_chemical,1
temperature_time_series_analyse,1
temperature_measurement,1
sugarcane_crystallization,1
crystallization_system,1
mathematical_transformation,1
reaction_diffusion,1
rural_area,1
frequency_analysis,1
anomalous_diffusion,1
frequency_domain_analysis,1
nonlinear_kinetics,1
diffusion_in_liquid,1
phenomenological_modeling,1
shock_wave_structure,1
linear_irreversible_thermodynamics,1
direct_simulation_monte_carlo_method,1
monatomic_gas,1
mutant_mouse_strain,1
refeeding,1
rotarod_test,1
acarbose,1
ursolic_acid,1
hormone_receptor_stimulating_agent,1
"mice,_mutant_strain",1
fat_mass,1
benzothiazole_derivative,1
lung_tumor,1
glomerulosclerosis,1
shellfish,1
lithium_chloride,1
pubchem,1
rhizopus_oligosporus,1
lactobacillus_brevis,1
nanofiber,1
shrimp,1
batch_assay,1
capillary_electrophoresis,1
glucose_intake,1
recovery_assay,1
lipid_composition,1
bicarbonate,1
enzyme_kinetic_assay,1
flow_anisotropy,1
irreversible_thermodynamics,1
tremor,1
barthel_and_lawton_scale,1
scale_for_assessment_and_rating_of_ataxia_score,1
single_blind_procedure,1
daily_life_activity,1
dysarthria,1
gait,1
physical_therapy_modality,1
high_pressure_water_jet_system,1
propionic_acid,1
polymer_reinforcement,1
waste_product,1
animal_shell,1
mechanical_treatment,1
acetylation,1
health_care_policy,1
health_care_delivery,1
information_dissemination,1
two_equation_model,1
darcy_law,1
heterogeneous_reservoir,1
numerical_computation,1
mathematical_problem,1
two_facies,1
mass_dispersion,1
heterogeneous_medium,1
reservoir,1
dysmetria,1
neurorehabilitation,1
physical_neurorehabilitation,1
physiotherapy,1
cultural_anthropology,1
individuality,1
community_health_worker,1
morality,1
empathy,1
moral,1
social_science,1
social_control,1
research,1
health_care_cost,1
bioethics,1
literature,1
primary_health_care,1
sociology,1
health_policy,1
delivery_of_health_care,1
wave_synthesis,1
square_wave,1
oreochromis_mossambicus,1
tilapia,1
turbulent_kinetic_energy,1
region_of_influence,1
energy_dissipation_rate,1
particle_image_velocimetries,1
stirred_tank_reactor,1
blade_impeller,1
electric_power_utilization,1
hydroperoxyl_radical,1
detached_eddy_simulation,1
vortex_flow,1
social_facilitation,1
social_norm,1
colostrum,1
piracy,1
entrepreneur,1
world_city,1
international_tourism,1
ethnography,1
informal_sector,1
fourier_series,1
limited_bandwidth,1
delta_function,1
dirac_comb,1
ringing,1
rational_function,1
pixel,1
pixel_shape,1
bacterial_phenomenon_and_function,1
fuma_gene,1
rpia_gene,1
phosphate_acetyltransferase,1
glyoxylic_acid,1
ocular_temperature,1
meconium,1
skin_color,1
sow,1
primipara,1
vitality,1
birth_weight,1
biological_phenomenon_and_function_concerning_the_entire_organism,1
heart_beat,1
parity,1
multipara,1
pta_gene,1
ppc_gene,1
specie_comparison,1
acka_gene,1
tkta_gene,1
carbon_metabolism,1
acetyl_coenzyme_a,1
acetate_coenzyme_a_ligase,1
sfca_gene,1
acinetobacter_schindleri,1
acsa_gene,1
tala_gene,1
bacterial_genetics,1
acetate_kinase,1
microbial_biomass,1
strain_difference,1
hydrocarbon_production,1
hexagonal_mesoporous_silica,1
water_gas_shift,1
wetting,1
chemical_shift,1
fischer_tropsch_reaction,1
incipient_impregnation,1
catabolism,1
isocitrate_dehydrogenase,1
triose,1
acetate,1
bacterial_metabolism,1
"gene_expression_regulation,_bacterial",1
gluconeogenesis,1
glcb_gene,1
acea_gene,1
algebra,1
sulfhydryl_compound,1
real_time_estimation,1
adaptive_control_system,1
effectiveness_and_efficiency,1
diffusion_limit,1
emission_spectrum,1
co_doping,1
optical_band_gap,1
peroxyl_radical,1
spectroscopic_evaluation,1
single_electron_transistor,1
water_gas_shift_reaction,1
average_particle_size,1
fischer_tropsch_synthesis,1
fischer_tropsch,1
magnolia_officinalis,1
seizure_susceptibility,1
dorsal_hippocampus,1
magnolia,1
mechanical_equilibrium,1
photoelectronics,1
closed_shell,1
phase_transition_in_cluster,1
equilibrium_structure,1
solid_cluster,1
multiple_degree_of_freedom,1
vibrating_system,1
non_linear_stiffness,1
identification,1
active_vibration_control,1
neonicotinoids,1
nitro_compound,1
neonicotinoid,1
nitro_derivative,1
imidacloprid,1
gliosis,1
myoclonus,1
seizure_threshold,1
nerve_excitability,1
epileptogenesis,1
afterdischarge,1
brain_nerve_cell,1
magnolia_officinalis_extract,1
celecoxib,1
ventral_hippocampus,1
wet_dog_shake,1
chemical_procedure,1
carbohydrate_metabolism,1
hydrothermal_treatment,1
cell_separation,1
astrocyte,1
digestive_system_physiological_phenomenon,1
digestive_function,1
physician,1
dairy_product,1
consensus,1
milk_hypersensitivity,1
milk_intolerance,1
milk_allergy,1
digestive_system,1
food_composition,1
cow_milk,1
highest_temperature,1
assessment_method,1
surface_temperature,1
effective_tool,1
lower_temperature,1
temperature_difference,1
heliantheae,1
geographical_distribution,1
orobanchaceae,1
orobanche,1
desert,1
forest_ecosystem,1
simsia,1
native_specie,1
carbohydrate_analysis,1
starch_amylolysis,1
bifidobacterium_longum_subsp._infantis,1
bifidobacterium_animalis,1
bifidobacterium,1
molybdenum_alloy,1
metal_support_interaction,1
hydrogen_chemisorption,1
petroleum_refining,1
hydrogenation_of_benzene,1
high_resolution_electron_microscopy,1
calcination_procedure,1
biofuels,1
support_interaction,1
petroleum_distillate,1
hydrodesulfurization_catalyst,1
thermography,1
skin_surface,1
side_chains,1
molecular_mechanism,1
assembly_path,1
traveling_wave_tube,1
self_assemble,1
self_assembly_process,1
hydrophilicity,1
helical_tube,1
free_radical_reaction,1
alouatta,1
feces_analysis,1
bifidobacterium_longum,1
bifidobacterium_bifidum,1
alouatta_pigra,1
bifidobacterium_adolescentis,1
capture_of_pollutant,1
toxic_gas_detection,1
sorption_property,1
environmental_remediation,1
computational_kinetics,1
air_pollution_remediation,1
industrial_condition,1
nonpolar_molecule,1
computational_calculation,1
prostatic_neoplasm,1
toluene_molecule,1
toluene_adsorption,1
in_situ_experiment,1
anhydrous_condition,1
assembling_process,1
hydrophilic_channel,1
boundary_integral_equation,1
control_nonlinearities,1
nonlinear_boundary_integral_equation,1
boundary_element_method,1
shear_deformable_plate_theory,1
von_mises_yield_criterion,1
structural_response,1
river_pollution,1
water_pollution,1
river_management,1
willingness_to_pay,1
environmental_restoration,1
contingent_valuation,1
household_income,1
mof_material,1
host_guest_interaction,1
beta_catenin,1
myofibroblast,1
tissue_microarray,1
myofibroblasts,1
dense_body,1
desmin,1
tissue_array_analysis,1
fibroma,1
h_caldesmon,1
nodular_fasciitis,1
cell_ultrastructure,1
elastic_perfectly_plastic_material,1
high_probability,1
incremental_method,1
geometric_and_material_nonlinearities,1
sailing_vessel,1
transcranial_doppler_ultrasonography,1
hydrocephalus,1
brain_artery,1
caldesmon,1
mouth,1
fasciitis,1
microfilament,1
vimentin,1
sarcoma,1
rough_endoplasmic_reticulum,1
alpha_smooth_muscle_actin,1
anaplastic_lymphoma_kinase,1
leiomyoma,1
myofibroblastic_sarcoma,1
tumor_diagnosis,1
oral_myofibroblastic_lesion,1
patient_treatment,1
nimodipine,1
visual_acuity,1
subarachnoid_hemorrhage,1
computed_tomographic_angiography,1
clinical_examination,1
internal_carotid_artery,1
digital_subtraction,1
brain_artery_aneurysm,1
confusion,1
digital_subtraction_angiography,1
anterior_communicating_artery_aneurysm,1
facial_nerve,1
brain_blood_flow,1
magnetic_stimulation,1
vasospasm,1
mars_van_krevelen,1
dehydrogenation,1
facial_nerve_stimulation,1
middle_cerebral_artery,1
cerebral_artery,1
posterior_communicating_artery,1
neuronavigation,1
artificial_ventilation,1
anterior_cerebral_artery,1
tissue_perfusion,1
coil_embolization,1
ventriculostomy,1
electric_current,1
babinski_reflex,1
cerebral_blood_flow,1
transcranial_magnetic_stimulation,1
deterioration,1
charpy_energy,1
grain_refinement,1
high_strength_low_alloy_steel,1
ductile_fracture,1
chemical_reaction_scheme,1
combustion_by_products,1
catalytic_cracking,1
metallic_oxide,1
petrochemical,1
catalytic_surface,1
selective_partial_oxidation,1
mars_van_krevelen_mechanism,1
catalytic_dehydrogenation,1
metallic_compound,1
ethane,1
transition_metal,1
cohesive_energy,1
density_functionals,1
van_der_waals_force,1
interfacial_energy,1
allotriomorphic_ferrite,1
fractographic_analysis,1
welding,1
volumetric_fraction,1
welded_steel_structure,1
gmaw_process,1
fracture_mechanic,1
heat_affected_zone,1
fracture_behavior,1
heterogeneous_microstructure,1
reheated_haz,1
tibial_nerve,1
mass,1
hormesis,1
gene_expression_pattern,1
quartz_crystal_microbalance_with_dissipation_monitoring,1
quantitative_polymerase_chain_reaction,1
gene_transcript,1
quartz_crystal_microbalance,1
similar_pattern,1
protein_expression_pattern,1
van_der_waals_interaction,1
energy_surface,1
bulk_and_surface_property,1
lattice_constant,1
functional_form,1
exchange_correlation_functionals,1
muscle_mass,1
gastrocnemius_muscle,1
muscle_strength,1
muscle,1
somatosensory_evoked_potential,1
long_term_care,1
processing,1
exercise,1
sarcopenia,1
beneficial_effect,1
androstanolone,1
dual_energy_x_ray,1
life,1
female_wistar_rat,1
management,1
glutathione_disulfide,1
lagoon,1
river_discharge,1
barotropic_motion,1
photogenerated_electron,1
recombination_process,1
photocatalytic_reduction,1
doping,1
photo_reduction,1
visible_light_photocatalytic_activity,1
androsterone,1
electrophysiology,1
x_ray_absorption,1
grip_strength,1
"physical_conditioning,_animal",1
physical_performance,1
exercise_training,1
anatase_nanoparticles,1
kidney_injury,1
nephritis,1
malva,1
impedance_spectroscopy,1
malva_parviflora_extract,1
extracellular_polymeric_substance,1
malva_parviflora,1
systolic_blood_pressure,1
tissue_level,1
electrochemical_analysis,1
jamapa_river,1
coastal_circulation,1
three_dimensional_modeling,1
estuary,1
baroclinic_motion,1
low_carbon_steel_plate,1
dimple_diameter,1
charpy_v_notch_impact_test,1
charpy_impact_testing,1
chemical_equilibrium,1
condensation,1
ammonium_lactate,1
phosphate_buffer,1
deionized_water,1
commercial_reagent,1
biomineralization,1
principal_structure,1
biomimetic_process,1
intermolecular_interaction,1
boron_compound,1
biomimetic_synthesis,1
real_time_pi,1
uncertainty,1
optimal_trajectory,1
optimal_control_system,1
optimal_control_problem,1
scale,1
nonlinear_model_predictive_control,1
model_predictive_control,1
first_principle_model,1
predictive_control,1
optimization_approach,1
scenario,1
predictive_control_system,1
surface_density,1
microstructural_feature,1
manganese_oxide,1
gadolinium_compound,1
luminescent_property,1
dip_coating_technique,1
europium_compound,1
pi_control,1
design_and_implementation,1
acidithiobacillus_thiooxidans,1
voltage_supply,1
pi_controller,1
anti_windup,1
real_time_implementation,1
linear_approximation,1
speed_regulator,1
real_time_control,1
speed_control,1
control_system,1
gelatinized_starch,1
solid_acid_catalyst,1
filter_parameterization,1
five_parameter,1
filter_coefficient,1
search_space,1
orthogonal_wavelet,1
wavelet,1
parameterized,1
mineral_industry,1
aliphatic_ligand,1
chemical_identification,1
aromatic_ligand,1
film,1
sol___gel_synthesis,1
europium_nitrate,1
thin_layer,1
vibrational_mode,1
cooling_process,1
zno_nanoparticles,1
thermal_stress_effect,1
deposition,1
co_evolutionary,1
state_of_the_art,1
computationally_efficient,1
bench_mark_test_problem,1
parameter_setting,1
diversity_of_solution,1
renewable_resource,1
solid_catalyst,1
aqueous_dispersion,1
apparent_amylose,1
elevated_plus_maze_test,1
morris_water_maze_test,1
randomization,1
ocimum_basilicum_extract,1
maze_test,1
ocimum,1
hypothalamus_hypophysis_adrenal_system,1
random_allocation,1
spatial_navigation,1
ocimum_basilicum,1
cinnamates,1
hypophysis_adrenal_system,1
depside,1
aliphatic_group,1
r.f._sputtering,1
phosphorus_compound,1
pseudo_metrices,1
content_based_retrieval,1
spatial_learning,1
depsides,1
cinnamic_acid_derivative,1
rosmarinic_acid,1
spatial_orientation,1
galantamine,1
hypothalamo_hypophyseal_system,1
maze_learning,1
basil,1
pituitary_adrenal_system,1
hypothalamus_hypophysis_system,1
ocimum_selloi,1
ocimum_selloi_extract,1
tranquilizing_activity,1
ovicidal_activity,1
caesalpinia_coriaria_extract,1
time_dependent_hamiltonians,1
birkhoffs_regularization,1
hyperbolic_solution,1
collision,1
dynamic_at_infinity,1
massless_particle,1
three_body_problem,1
global_dynamic,1
clustering_problem,1
cluster_analysis,1
image_database,1
based_clustering,1
content_based_image_retrieval,1
global_topological_property,1
behavioral_research,1
automatic_categorization,1
opinion_mining,1
different_domain,1
cross_domain,1
caesalpinia,1
tannin,1
caesalpinia_coriaria,1
haemonchus_placei,1
hatching,1
tiabendazole,1
egg_parasitoid,1
haemonchus_contortus,1
gallic_acid_methyl_ester,1
freeze_drying,1
parasite_egg_count,1
vibrational_spectroscopy,1
force,1
cysteinyldopa,1
physicochemical_model,1
lanthanum,1
thiolate_ligand,1
sorption_experiment,1
partially_fluorinated,1
high_pressure_engineering,1
interaction_energy,1
structure_modification,1
sorption_isotherm,1
dipolar_interaction,1
chromium_compound,1
internet_user,1
sentiment_analysis,1
pdpt,1
micro__and_macro_elements,1
symbiosis,1
merger_and_acquisition,1
learning,1
learning_process,1
transition_phasis,1
industrial_ecology,1
historical_analysis,1
industrial_ecosystem,1
industrial_symbiosis,1
industrial_district,1
embedding,1
theoretical_framework,1
firm_size,1
synergism,1
oropharynx_cancer,1
drug_therapy,1
adenoid_cystic_carcinoma,1
pleomorphic_adenoma,1
oral_surgery,1
disease_free_survival,1
gas_laser,1
mucoepidermoid_tumor,1
oral_surgical_procedure,1
fibrosarcoma,1
leukoplakia,1
platinum_alloy,1
hydrodechlorination,1
high_resolution_transmission_microscopy,1
nitrogen_physisorption,1
platinum,1
hepatitis_b,1
micro_gels,1
aa_amyloidosis,1
skin_manifestation,1
ionic_strength,1
poly_n_isopropyl_acrylamide,1
mucous_membrane,1
diabetes_mellitus,1
chromonychia,1
amyloidosis,1
onychorrhexis,1
laser_surgery,1
"lasers,_gas",1
synovial_sarcoma,1
malignant_neoplasm,1
hard_palate,1
gingival_hyperplasia,1
epithelial_attachment,1
skin_ulcer,1
immunoglobulin_light_chain_amyloidosis,1
nail_disease,1
perianal_ulcer,1
mucosa,1
macroglossia,1
multiple_myeloma,1
anonychia,1
purpura,1
bipolar_disorder,1
multiple_myeloma_related_amyloidosis,1
al_amyloidosis,1
nail_dystrophy,1
attr_amyloidosis,1
robotics,1
sensorimotor_cortex,1
motor_learning,1
neuronal_plasticity,1
imagery,1
beta_rhythm,1
nerve_cell_plasticity,1
alpha_rhythm,1
motor_imagery,1
beauveria_bassiana,1
seedling,1
immersion,1
chlorophyll_content,1
gingiva_hyperplasia,1
epithelium,1
hyperplasia,1
state_of_stress,1
live_load,1
cable_system,1
cable,1
multi_span_bridge,1
air,1
micro_algae,1
biomass_concentration,1
airlift_photobioreactor,1
volumetric_mass_transfer_coefficient,1
hydrodynamic_characterization,1
volumetric_analysis,1
volumetric_air_flow_rate,1
photobioreactors,1
cost_effectiveness,1
theoretical_approach,1
food_frequency_questionnaire,1
childhood_obesity,1
anamnesis,1
cholesterol_blood_level,1
medical_care,1
traumatic_brain_injury,1
standardized_mortality_ratio,1
"brain_injuries,_traumatic",1
multiple_trauma,1
pier,1
alternate_load,1
parametric__analysis,1
cable_stayed_bridge,1
multi_spans,1
structural_dynamic,1
type_system,1
"microscopy,_fluorescence",1
campylobacter_infection,1
cell_adhesion_assay,1
uterus_tissue,1
structural_correlation,1
cytoskeleton,1
"microscopy,_confocal",1
antibody_specificity,1
campylobacter_fetus,1
endometrium_cell,1
immunofluorescence_microscopy,1
gentamicin,1
actin_polymerization,1
actin,1
endocytosis,1
high_calorie_diet,1
solubility_in_water,1
flow_battery,1
battery_application,1
deprotonation_reaction,1
academic_literature,1
redox_potential,1
parasite,1
breed,1
antihelminthic_therapy,1
toxocara_canis,1
bitch,1
coccidia,1
host_pathogen_interaction,1
campylobacteriosis,1
cow,1
cattle_disease,1
treatment_technology,1
valley_of_mexico,1
production_constraint,1
water_supply,1
wastewater_reclamation,1
hydrology,1
water_supply_system,1
kohn_sham_density_functional_theory,1
hartree_fock_method,1
exchange_functional,1
generalized_gradient,1
confined_atom,1
functionals,1
perdew_burke_ernzerhof,1
redox_active_material,1
carbonyl_compound,1
technology,1
economist,1
input_output_analysis,1
wastewater_treatment_and_reuse,1
regional_planning,1
water_flow,1
economic_evaluation,1
groundwater_extraction,1
fluid_intake,1
groundwater_resource,1
control_strategy,1
waste_water_recycling,1
water_sustainability,1
ecologist,1
river_basin,1
ground_water,1
rubiaceae,1
bark,1
hydrogen_donor,1
ab_initio,1
weak_hydrogen_bond,1
hydrogen_bond_acceptor,1
dimer,1
electrostatic_potential,1
aquifer,1
input_output,1
recharging,1
landforms,1
wastewater_reuse,1
economic_model,1
regional_economy,1
water_conservation,1
legged_locomotion,1
magnetic_flux,1
superconducting_coil,1
superconducting_electric_machinery,1
superconducting_material,1
electromagnetic_analysis,1
high_permeability,1
van_de_graaff_generator,1
energy_sustainability,1
superconducting_magnet,1
organic_superconducting_material,1
techno_economics,1
conductive_material,1
power_generating_technology,1
plant_bark,1
pancreas,1
tablet_disintegration_time,1
thiol_derivative,1
tablet_thickness,1
hydrogen_atom_transfer,1
drug_dosage_form,1
single_electron_transfer,1
metabolic_stability,1
tetrahedral_element,1
cut_cell,1
cartesian_cut_cell,1
complex_geometry,1
tetrahedral_cell,1
rans,1
turbulence_model,1
strong_dependence,1
sodium_chloride_dihydrate,1
tuberculid,1
sensitivity_and_specificity,1
skin_biopsy,1
food_supplementation,1
body_condition,1
cost_analysis,1
lolium,1
trifolium_repens,1
small_scale_industry,1
pasture,1
grazing,1
research_work,1
participatory_approach,1
trifolium,1
rural_development,1
limit_of_quantitation,1
azadirachtin,1
limonins,1
hypromellose_derivative,1
neem_oil,1
diagnostic_test_accuracy_study,1
rosacea,1
skin_tuberculosis,1
dna_isolation,1
lupus_vulgaris,1
nested_polymerase_chain_reaction,1
papulonecrotic_tuberculid,1
scrofuloderma_tuberculosis,1
"tuberculosis,_cutaneous",1
standardization,1
genomic_fragment,1
paraffin_embedding,1
syringol,1
laccase,1
glioma_stem_cell,1
immunoglobulin_y_abrin_a_immunotoxin,1
cancer_immunotherapy,1
abrin,1
abrin_a,1
drug_cytotoxicity,1
conjugation,1
immunogenicity,1
immunotoxin,1
recombinant_antigen,1
immunoglobulin_y,1
limonoid,1
androsterone_derivative,1
terpene,1
tera_hertz,1
electric_switch,1
gallium_arsenide,1
semiconductor_quantum_well,1
proton,1
antiparasitic_activity,1
dipole,1
nitroimidazole_derivative,1
methyl_group,1
ionization,1
quantum_chemical_model,1
praseodymium_compound,1
optimisation,1
high_affinity,1
pleurotus_ostreatus,1
rna_interference,1
poaceae,1
festulolium,1
maturation,1
laser_excitation,1
laser_theory,1
quantum_well_laser,1
coupled_quantum_well_structure,1
non_perturbative,1
nonlinear_optic,1
time_dependent_equation,1
laser,1
equation_of_motion,1
multiphotons,1
floquet,1
multiphoton_excitation,1
non_linear_optical_property,1
ovariectomy,1
dietary_carbohydrate,1
hormonal_therapy,1
superoxide_dismutase,1
carbohydrate_diet,1
fructose,1
tibolone,1
energy_expenditure,1
high_fructose_diet,1
cholesterol_level,1
advanced_glycation_end_product,1
acute_drug_administration,1
glutathione_reductase,1
norpregnenes,1
grass,1
biota,1
penicillium_griseofulvum,1
hypocrea_lixii,1
beta_d_xylopyranosidase,1
eichhornia_crassipes,1
ash,1
aspergillus_versicolor,1
synthesis_process,1
tetragonal_zirconia,1
drug_receptor_binding,1
nanostructured_material,1
structural_composition,1
morphology_and_size,1
pregnane_derivative,1
estrogen_deficiency,1
metabolic_parameter,1
glutathione_peroxidase,1
galphimia_glauca,1
galphimia_glauca_extract,1
cognitive_defect,1
passive_avoidance_test,1
glutamatergic_system,1
nootropic_agent,1
alpha_arabinofuranosidase,1
fungal_enzyme,1
scleroprotein,1
penicillium_commune,1
hydrolase,1
enzyme_substrate,1
internal_transcribed_spacer,1
fungal_strain,1
enzyme_synthesis,1
trichoderma_atroviride,1
hydroxysteroid_dehydrogenase,1
galphimine_b,1
acute_psychosis,1
ethnopharmacology,1
stereotypy,1
negative_syndrome,1
social_interaction_test,1
central_nervous_system,1
social_interaction,1
galphimia,1
positive_syndrome,1
catecholaminergic_system,1
galphimine_e,1
triterpene_derivative,1
amnesia,1
galphimine_a,1
biological_clock,1
ecg_signal,1
"models,_cardiovascular",1
heart_depolarization,1
electrocardiography,1
heart_model,1
electrical_transport,1
action_potential,1
heart_electrophysiology,1
rlc_circuit,1
primary_antioxidant,1
fulvestrant,1
endosome,1
gold_nanoparticle,1
cell_surface,1
galphimine_rich_fraction,1
room_and_pillar_mining,1
silicate_matrix,1
differential_flatness,1
electric_drive,1
electric_inverter,1
power_converter,1
motor_drive,1
boost_converter,1
dc_dc_converter,1
inverter,1
electrocardiogram_signal,1
superposition_principle,1
resonant_circuit,1
electrical_activity_of_the_heart,1
capacitively_coupled,1
heart_repolarization,1
affinity_chromatography,1
association_constant,1
ibuprofen,1
enantioselectivity,1
sol_gel_encapsulation,1
protein_immobilization,1
"serum_albumin,_human",1
primary_metabolite,1
silicate,1
frontal_chromatography,1
bio_recognition,1
frontal_analysis,1
physical_entrapment,1
active_pharmaceutical_ingredient,1
albendazole_sulfoxide,1
chromatography,1
controller_development,1
chaotic_system,1
positive_definite_solution,1
algebraic_riccati_equation,1
matrix_algebra,1
exponential_convergence,1
linear_feedback_control,1
synchronization,1
master_slave_configuration,1
feedback_control,1
exponential_synchronization,1
stereoisomerism,1
human_serum_albumin,1
exploratory_research,1
enantiomer,1
racemic_mixture,1
hybrid_method,1
spillway,1
hydrological_dam_safetyhuites_dammexico,1
flood,1
tillandsia,1
thiophenol,1
antifungal_activity,1
hypolipemia,1
bronchitis,1
cycloartane,1
hypoglycemia,1
ethnobotany,1
headache,1
tillandsia_extract,1
riccati_equation,1
linear_feedback_controller,1
fampridine,1
neurotransmitter,1
ionotropic_receptor,1
gaba_b_receptor_antagonist,1
allosteric_site,1
pentylenetetrazole_induced_seizure,1
motor_activity,1
"receptors,_gaba_a",1
engineering_method,1
bivariate_method,1
discharge,1
hydrograph,1
return_period,1
peak_flow,1
design_flood,1
hydrographs,1
sputtering,1
thermochromism,1
rf_magnetron_sputtering,1
ear,1
atmospheric_deposition,1
structural_and_electrical_property,1
vanadium_oxide_thin_film,1
vanadium_dioxide,1
coloration_efficiency,1
meteorological_problem,1
magnetron_sputtering,1
gaba_a_receptor_antagonist,1
gaboxadol,1
"receptors,_gaba_b",1
potassium_channel,1
neurotropic_agent,1
crystallite_size,1
green_laser,1
terbium_compound,1
rod_like_morphology,1
gallium_nitride,1
bayesian_network,1
spatial_temporal_model,1
markov_random,1
lprms,1
real_time,1
ringhals_npp,1
neutron_flux,1
aprms,1
electrochemical_response,1
photoelectron,1
photoelectric_plethysmography,1
social_medium,1
author_profiling,1
"behavior,_addictive",1
diagnostic_and_statistical_manual_of_mental_disorder,1
college_student,1
game_addiction,1
video_game,1
exploratory_factor_analysis,1
sample,1
addiction,1
"extinction,_psychological",1
psychological_model,1
"models,_psychological",1
european_broadcasting_union,1
luminescent_mof,1
green_emission,1
common_denominator,1
traffic_data_analysis,1
traffic_activity,1
traffic_data_collection,1
location,1
heavy_traffic,1
heuristic_technique,1
heuristic_method,1
traffic_condition,1
text_classification,1
document_representation,1
information_retrieval_system,1
text_processing,1
social_networking,1
knowledge_representation,1
term_representation,1
excited_state,1
luminescence_quenching,1
strontium_titanates,1
solid_solution,1
property_of_the_powder,1
organism_hydration_status,1
hydration_status,1
alternating_hamiltonian,1
alternating_cycle,1
hamiltonian_cycle,1
directed_graph,1
local_condition,1
monochromatic_degree,1
multigraphs,1
subgraphs,1
specific_location,1
social_exclusion,1
marginalization,1
social_construction,1
cyclability,1
scandium_compound,1
energy_efficient,1
good_stability,1
ligand_to_metal_charge_transfer,1
photoluminescence_spectroscopy,1
luminescence_property,1
solar_power_generation,1
solar_cell,1
polymeric_complex_method,1
charge_transfer_state,1
oxygen_rich_atmosphere,1
spectral_responsivity,1
sleep_stage,1
eeg_abnormality,1
mobile_node,1
delay_tolerant_approach,1
energy_saving,1
delay_tolerant,1
energy_savings,1
wi_fi,1
delay_tolerant_network,1
sensor_node,1
mobile_crowdsensing,1
urban_sensing,1
mobile_sensor,1
mobile_wireless,1
feminism,1
gender_issue,1
colloidal_interaction,1
liquid_crystalline_solvent,1
thyroxine,1
hormone_substitution,1
hormone_replacement_therapy,1
congenital_hypothyroidism,1
apnea_index,1
sleep_time,1
apnea,1
cyclic_alternating_pattern,1
apnea_hypopnea_index,1
"sleep_apnea,_central",1
sleep_disordered_breathing,1
polysomnography,1
central_sleep_apnea_syndrome,1
nonrem_sleep,1
enamel_hypoplasia,1
parent_body,1
plagioclase,1
denudation,1
provenance,1
petrology,1
beach,1
sediment_chemistry,1
grain_size,1
sand,1
homeotropic_anchoring,1
free_energy_analysis,1
dynamical_property,1
interaction_potential,1
colloid_interaction,1
free_energy,1
hypotension,1
abdominal_radiography,1
postoperative_period,1
enema,1
constipation,1
complex_trajectory,1
dispersion_parameter,1
complex_dynamic,1
dissipative_dynamic,1
different_speed,1
disaster_management,1
earthquake_prediction,1
forecasting_method,1
anthropology,1
dental_enamel_hypoplasia,1
incisor,1
rituximab,1
breathing_rate,1
prednisone,1
hospital_admission,1
stomach_discomfort,1
terminal_ileum,1
blood_culture,1
drug_withdrawal,1
repeat_procedure,1
pneumatosis_cystoides_intestinalis,1
intensive_care_unit,1
colectomy,1
"arthritis,_rheumatoid",1
heart_arrest,1
colon_resection,1
intestine_sound,1
saponification,1
milk_fat,1
microbial_sensitivity_test,1
silver,1
"spectroscopy,_fourier_transform_infrared",1
pterophyllum_scalare,1
vibrio_fluvialis,1
contrast_enhancement,1
rehabilitation_center,1
hemicolectomy,1
ileostomy,1
emergency_ward,1
stomach_distension,1
pneumatosis_intestinalis,1
ascending_colon,1
dyspnea,1
microwave_antenna,1
ultra_wide_band_antenna,1
group_delay,1
fibonacci_series,1
short_pulsed,1
size_determination,1
circular_monopole,1
ultra_wideband,1
wideband_behavior,1
omnidirectional_antenna,1
radiator,1
omnidirectional_radiation_pattern,1
liquid_liquid_extraction,1
pasteurized_milk,1
whole_milk,1
detergent_solution_extraction,1
tablet_porosity,1
hausner_ratio,1
magnesium_stearate,1
wettability,1
polymer,1
angle_of_repose,1
drug_granulation,1
mannitol,1
hybrid_algorithm,1
rayes,1
happycat,1
highly_difficult_problem,1
local_search,1
hgbat,1
directional_pattern,1
operation_bandwidth,1
overweight,1
waist_hip_ratio,1
seminal_vesicle,1
prostate_weight,1
hamster_model,1
flank_organ_test,1
pregnenolone,1
gonadectomy,1
protein_determination,1
drug_selectivity,1
finasteride,1
high_performance_thin_layer_chromatography,1
bulk_density,1
tablet_compression,1
excipient,1
potato,1
absorption,1
adsorption_kinetics,1
metal_organic_framework,1
paba,1
hybrid_nanoparticle,1
controlled_drug_delivery,1
spherical_morphology,1
different_proportion,1
targeted_drug_delivery,1
organic_molecule,1
silica_nanoparticles,1
optimal_property,1
esterification_reaction,1
cell_aging,1
autophagy,1
cellular_senescence,1
functional_connectivity,1
smelling,1
neuroimaging,1
frontal_cortex,1
supplementary_motor_area,1
functional_magnetic_resonance_imaging,1
impulsive_behavior,1
association,1
echo_planar_imaging,1
odor_recognition_test,1
conducting_behavior,1
dispersion_force,1
intercalation_voltage,1
theoretical_investigation,1
dispersion_interaction,1
electronic_density_distribution,1
oxide_mineral,1
catalytic_material,1
pyriform_cortex,1
postcentral_gyrus,1
orbital_cortex,1
cue,1
impulsiveness,1
fragrance,1
cingulate_gyrus,1
precuneus,1
odorants,1
oxygen_blood_level,1
head_movement,1
somatosensory_cortex,1
functional_neuroimaging,1
olfactory_perception,1
colonic_homeostasis,1
goblet_cell,1
chronic_stress,1
corticotropin,1
tight_junction_protein,1
colon_tissue,1
aluminum_chloride,1
diffusion_controlled,1
deposit,1
nucleation_and_growth_kinetics,1
oxidation_current,1
aluminum_nanoparticles,1
adsorption_mechanism,1
titanium_tetrachloride,1
photocatalytic_material,1
heterogeneous_photocatalysis,1
perfluorooctanoic_acid,1
zona_pellucida,1
alexa,1
caprylates,1
mu,1
fluorescein_derivative,1
gjic,1
diacetyldichlorofluorescein,1
mouse_embryo,1
induced_response,1
cylinder,1
nanotechnology,1
surface_opening,1
fuel_source,1
nano_scale,1
plastic_recycling,1
block_copolymer,1
equilibrium_morphology,1
fuel_cell,1
thermal_annealing,1
nano_manufacturing,1
auricular_acupuncture,1
vagal_arousal,1
pulse_wave,1
survival_time,1
amontons_law,1
applied_load,1
chemical_bonding,1
cocs,1
cloud,1
diblock_copolymer_thin_film,1
degree_of_polymerization,1
sulfonated_block_copolymer,1
apparent_contact_area,1
stiction,1
biological_water_treatment,1
intracranial_hemorrhage,1
hypertension_groove_auricular_acupoint,1
permanent_magnetic_field,1
confinement_effect,1
efficient_process,1
low_load,1
