words,count
metabolism,79
chemistry,67
physiology,38
rat,31
mexico_[north_america],29
density_functional_theory,26
genetics,25
oxidation,25
blood,21
x_ray_diffraction,21
wistar_rat,20
oxidative_stress,20
"rats,_wistar",20
animalia,20
pathology,20
mouse,19
synthesis,18
catalyst,17
concentration,17
antioxidant,17
diffusion,16
kinetics,16
ph,16
chemical_structure,16
water,15
copper,15
oxygen,14
aluminum,14
cell_proliferation,14
phenol,14
temperature,14
microbiology,14
protein_expression,13
carbon_dioxide,13
catalyst_activity,13
dose_response,13
body_mass,12
cytology,12
risk_factor,12
statistic_and_numerical_data,12
computer_simulation,12
enzyme_activity,12
biomass,12
bioreactors,11
high_performance_liquid_chromatography,11
mass_transfer,11
protein,11
lipid_peroxidation,11
prevalence,11
dispersion,11
particle_size,11
enzymology,11
surface_property,11
glass,10
starch,10
antineoplastic_agent,10
molecular_dynamic,10
titanium_dioxide,10
atom,10
reaction_kinetics,10
liquid,10
apoptosis,10
rattus,10
plant_extract,10
ion,10
adsorption,10
free_radical,10
algorithm,9
thermodynamics,9
isolation_and_purification,9
pathophysiology,9
very_elderly,9
sol_gels,9
alumina,9
fruit,9
cell_culture,9
carbon,9
"models,_chemical",9
sol_gel_process,9
oxidation_reduction,9
tumor_cell_line,9
oxidation_reduction_reaction,9
psychology,9
hydrogen_ion_concentration,9
quantum_chemistry,9
scanning_electron_microscopy,9
nitrogen,9
"cell_line,_tumor",9
cell_viability,9
bacteria,9
zinc,9
questionnaire,9
"disease_models,_animal",9
disease_model,9
analog_and_derivative,8
reduction,8
"growth,_development_and_aging",8
biodegradation,8
nuclear_magnetic_resonance_spectroscopy,8
escherichia_coli,8
mathematical_model,8
fourier_transform_infrared_spectroscopy,8
biosynthesis,8
tumor_necrosis_factor_alpha,8
leaching,8
gene_expression_regulation,8
fatty_acid,8
chemically_induced,8
reactive_oxygen_metabolite,8
body_weight,8
physicochemical_property,8
phenotype,8
histopathology,8
glucose_blood_level,8
hydrodynamics,8
nanoparticles,8
brain,8
united_state,8
molecular_structure,8
light,8
bioreactor,8
molecule,8
cell,8
transmission_electron_microscopy,8
chemical_model,8
animal_behavior,7
differential_scanning_calorimetry,7
sex_difference,7
motor_activity,7
mesoporous_material,7
ionic_liquid,7
polymer,7
mortality,7
chlorine_compound,7
energy_transfer,7
phenol_derivative,7
health,7
doping,7
complication,7
flavonoid,7
in_vivo_study,7
morphology,7
glucose,7
solution,7
platinum,7
effluent,7
electric_field,7
ovis_aries,7
age,7
optical_property,7
obesity,7
zea_may,7
sulfur_compound,7
adverse_effect,7
molecular_dynamic_simulation,7
immunohistochemistry,7
physical_chemistry,6
reproducibility_of_result,6
reproducibility,6
neoplasm,6
monte_carlo_method,6
water_pollution,6
fermentation,6
hydrolysis,6
alcohol,6
high_resolution_transmission_electron_microscopy,6
thin_film,6
nitrate,6
mitochondrion,6
high_temperature,6
pig,6
cactaceae,6
wastewater_treatment,6
emulsification,6
molecular_weight,6
electrode,6
electrolyte,6
chemical_reaction,6
classification,6
numerical_method,6
reactive_oxygen_specie,6
"behavior,_animal",6
survey_and_questionnaire,6
"stress,_physiological",6
photoluminescence,6
substrate,6
physiological_stress,6
bioremediation,6
neuroprotection,6
theoretical_study,6
drinking_behavior,6
age_factor,6
calculation,6
comorbidity,6
bacterium,6
x_ray_photoelectron_spectroscopy,6
quantum_theory,6
ethylene,6
nonlocal,6
glutathione_peroxidase,6
simulation,6
antagonist_and_inhibitor,6
"models,_molecular",6
preschool_child,6
computational_fluid_dynamic,6
chitosan,6
infrared_spectroscopy,6
"dose_response_relationship,_drug",6
sewage,6
depression,6
cell_survival,6
chemical_analysis,6
metal,6
hydrogen_production,6
statistical_model,6
signal_transduction,6
ascorbic_acid,6
electrochemical_impedance_spectroscopy,5
ultraviolet_visible_spectroscopy,5
naproxen,5
entropy,5
gold,5
activation_energy,5
forced_swim_test,5
geometry,5
luminescence,5
sex_ratio,5
electron,5
finite_element_method,5
degradation,5
suspension,5
corpus_striatum,5
acute_disease,5
solubility,5
porous_material,5
water_pollutant,5
fungi,5
phase_transition,5
alcohol_consumption,5
risk_assessment,5
"stress,_psychological",5
antiinfective_agent,5
alcohol_use_disorder,5
health_survey,5
federal_district_[mexico],5
alcohol_drinking,5
mental_stress,5
chemical_bond,5
porosity,5
scavenger,5
spectrophotometry,5
differential_equation,5
plant,5
yarn,5
dissociation,5
cytokine,5
electrochemical_electrode,5
nonlinear_equation,5
radiation_response,5
demography,5
gene_expression,5
seismology,5
gene,5
biological_model,5
ester,5
reaction_mechanism,5
acidity,5
peroxide,5
reinforced_concrete,5
body_mass_index,5
gas_adsorption,5
antiinflammatory_activity,5
free_radical_scavenger,5
zinc_compound,5
van_der_waals_force,5
sludge,5
antioxidant_activity,5
neurotoxicity,5
genetic_variability,5
global_health,5
violence,5
bos,5
traffic_accident,5
socioeconomic_factor,5
population_dynamic,5
insulin,5
mental_disease,5
corticosterone,5
human_immunodeficiency_virus_infection,5
enzyme_inhibition,5
hydrogen_bond,5
western_blotting,5
quercetin,5
breast_neoplasm,5
biological_marker,5
carbohydrate,5
genotype,5
cholesterol,5
free_energy,5
mexico_city,5
particle_size_analysis,5
"child,_preschool",5
volatile_fatty_acid,5
anaerobic_digestion,5
dna_damage,5
follow_up,5
sex_factor,5
amine,5
environmental_monitoring,5
theoretical_model,5
immunology,5
macrophage,5
chelation,5
"models,_theoretical",5
socioeconomics,5
thermogravimetric_analysis,5
ecology,5
aluminum_oxide,5
catalyst_selectivity,5
polymerase_chain_reaction,5
mixed_oxide,5
nuclear_reactor,5
design,4
feedback_control,4
"water_pollutants,_chemical",4
energy_efficiency,4
efficiency,4
maize,4
recovery,4
rare_earth,4
electrochemical_reactor,4
oil_shale,4
acetic_acid,4
"spores,_fungal",4
fungus_spore,4
disease_association,4
clinical_trial,4
survival,4
biofilms,4
parkinson_disease,4
spectroscopy,4
mass_spectrometry,4
kinetic_theory,4
nanocomposites,4
hormone,4
water_supply,4
quality_control,4
gas_chromatography,4
food_intake,4
chronic_obstructive_lung_disease,4
severity_of_illness_index,4
saccharomyces_cerevisiae,4
chronic_disease,4
diabetes_mellitus,4
palladium,4
photo_catalytic_degradation,4
manganese,4
synthesis_and_characterization,4
educational_status,4
disability,4
wound_and_injury,4
newborn_disease,4
lipid,4
volatile_organic_compound,4
anxiety,4
neurophysiology,4
mutation,4
triacylglycerol,4
"models,_biological",4
solvent,4
"administration,_oral",4
oral_drug_administration,4
biochemistry,4
silver,4
light_scattering,4
magnetic_resonance_imaging,4
time,4
anti_bacterial_agent,4
disease_severity,4
bioconversion,4
viscoelasticity,4
low_concentration,4
amino_acid,4
drug_blood_level,4
protein_analysis,4
navier_stokes_equation,4
shear_stress,4
flow_pattern,4
stability,4
sodium_chloride,4
chromaticity_coordinate,4
ketone,4
mu,4
substance_related_disorder,4
cytotoxicity,4
locomotion,4
nitrogen_oxide,4
leukocyte_count,4
drug_solubility,4
validation_process,4
degree_of_freedom,4
agriculture,4
gelatinized_starch,4
organic_matter,4
organic_solvent,4
energy_gap,4
deposition,4
emulsion,4
odds_ratio,4
microbial_community,4
microbial_diversity,4
veterinary,4
sex_distribution,4
anoxic_condition,4
surface_tension,4
textural_property,4
protein_protein_interaction,4
messenger_rna,4
batch_reactor,4
ethylene_glycol,4
cell_damage,4
essential_oil,4
nanotube,4
clay_mineral,4
economics,4
decision_making,4
cyclic_voltammetry,4
chemical_composition,4
desorption,4
diet,4
particulate_matter,4
naphthalene,4
protein_binding,4
mineral,4
ground_state,4
electrochemical_oxidation,4
fabaceae,4
animal_husbandry,4
signal_to_noise_ratio,4
standard,4
seismic_design,4
disorder_of_mitochondrial_function,4
metal_ion,4
anti_oxidant_activity,4
chelating_agent,4
water_treatment,4
calcination,4
urban_area,4
moisture,4
surface_active_agent,4
evaluation_study,4
down_regulation,4
nonsteroid_antiinflammatory_agent,4
edema,4
"anti_inflammatory_agents,_non_steroidal",4
structure_activity_relation,4
cattle,4
fluid_dynamic,4
nitrification,4
plant_structure,4
"plant_components,_aerial",4
thiobarbituric_acid_reactive_substance,4
pregnancy,4
ammonia,4
dye,4
energy_utilization,4
glutathione,4
catalase,4
water_management,4
steady_state,4
model,4
breast_tumor,4
mental_disorder,4
melatonin,4
inflammation,4
chain,4
device,4
dopamine,4
neutrophil,4
aging,4
arsenic,3
heavy_metal,3
iron,3
photocatalytic_activity,3
coprecipitation_method,3
pollutant,3
ameloblastoma,3
controller,3
photon,3
structural_frame,3
hysteresis,3
epithelial_cell,3
breast_cancer_cell_line,3
"gene_expression_regulation,_neoplastic",3
"accidents,_traffic",3
intelligent_system,3
wave_function,3
epithelium_cell,3
milk,3
bioassay,3
solid_state_culture,3
"biodegradation,_environmental",3
waste_water,3
ordinary_differential_equation,3
population_distribution,3
spatiotemporal_analysis,3
neurodegenerative_disease,3
regulatory_mechanism,3
syrian_hamster,3
nitric_oxide,3
irradiation,3
small_interfering_rna,3
polymerization,3
ozone,3
recycling,3
nickel,3
electric_reactor,3
anaerobiosis,3
larva,3
pathogenicity,3
liver_cell,3
circadian_rhythm,3
crystal_structure,3
nutritional_status,3
superoxide_dismutase,3
polyester,3
nitrite,3
bacterium_culture,3
abundance,3
ultraviolet_spectroscopy,3
water_purification,3
metal_nanoparticles,3
ear_edema,3
alzheimer_disease,3
normal_human,3
brownian_dynamic_simulation,3
chicken,3
electron_microscopy,3
cancer_inhibition,3
sulfur,3
neuroprotective_agent,3
anti_inflammatory_agent,3
conceptual_framework,3
tank,3
drug_cytotoxicity,3
aqueous_solution,3
chronic_inflammation,3
biological_assay,3
degenerative_disease,3
antiproliferative_activity,3
anaerobic_growth,3
weaning,3
dielectric_spectroscopy,3
diagnostic_and_statistical_manual_of_mental_disorder,3
pollution,3
nitrogen_removal,3
diffusion_in_liquid,3
binary_alloy,3
monomer,3
atomic_force_microscopy,3
brazil,3
feasibility_study,3
medicinal_plant,3
drug_activity,3
triterpene,3
antiinflammatory_agent,3
physical_parameter,3
litopenaeus_vannamei,3
pyridine,3
legume,3
petroleum_reservoir,3
resistant_starch,3
density_functionals,3
polyphenol,3
season,3
brownian_movement,3
oil_field,3
enhanced_recovery,3
precipitation,3
hydrogen,3
finite_temperature,3
bovine,3
drug_structure,3
potential_energy,3
rate_constant,3
weight_gain,3
hydrocortisone,3
water_vapor,3
meat,3
polycyclic_aromatic_hydrocarbon,3
"polycyclic_hydrocarbons,_aromatic",3
power_transformer,3
low_temperature,3
order_of_magnitude,3
drug_screening,3
proton,3
school_child,3
combustion,3
air_pollution,3
health_risk,3
nuclear_magnetic_resonance_imaging,3
psychomotor_performance,3
air_pollutant,3
nickel_compound,3
frontal_cortex,3
spinocerebellar_degeneration,3
magnetic_field,3
sphere,3
fuel,3
energy,3
age_distribution,3
propionic_acid,3
synaptosomes,3
copper_compound,3
computation_theory,3
prognosis,3
bat,3
chiroptera,3
equation_of_motion,3
lagrange_multiplier,3
hydrodesulfurization,3
open_field_test,3
diazepam,3
hydrostatic_pressure,3
corresponding_state,3
lennard_jones_potential,3
biogas,3
incidence,3
acetone,3
crystallization,3
second_virial_coefficient,3
protein_phosphorylation,3
zirconia,3
prospective_study,3
"rna,_messenger",3
laplace_transforms,3
zinc_oxide,3
nonlinear_system,3
"cells,_cultured",3
crystalline_structure,3
bifurcation,3
spinal_cord_injury,3
anthropometry,3
complex_network,3
graphene,3
immunoreactivity,3
phosphor,3
africa_south_of_the_sahara,3
hepatitis_c,3
rheumatoid_arthritis,3
antineoplastic_activity,3
n_methyl_dextro_aspartic_acid_receptor,3
genetic_variation,3
zeolite,3
animal_food,3
sulfur_dioxide,3
nitrogen_compound,3
waste_water_management,3
calcium,3
porous_medium,3
deficiency,3
carboxylic_acid,3
concentration_response,3
clay,3
histology,3
serum_albumin,3
binary_mixture,3
exact_analytical_solution,3
measurement_accuracy,3
integral_equation,3
emission_spectroscopy,3
structural_characteristic,3
fiber,3
hydroxyl_radical,3
traditional_approach,3
seed,3
quinolinic_acid,3
up_flow_anaerobic_sludge_blanket_reactor,3
viscoelastic_property,3
stratified_medium,3
solution_and_solubility,3
solar_power_generation,3
nucleotide_sequence,3
ruthenium_compound,3
shear_flow,3
boiling_water_reactor,3
semiconductor_doping,3
"chromatography,_high_pressure_liquid",3
drug_formulation,3
selective_leaching,3
drug_synthesis,3
electrochemical_method,3
electrophoresis,3
swine,3
spray_pyrolysis,3
deformation,3
exchange_correlation_functionals,3
zinc_sulfide,3
dynamic,3
radioactivity,3
biological_activity,3
microstructure,3
zinc_phosphate_glass,3
nonradiative_energy_transfer,3
cell_division,3
microbial_consortium,3
anti_inflammatory_activity,3
methanogenesis,3
voltammetry,3
hybrid,3
membrane,3
cholesterol_blood_level,3
heart_rate,3
genetic_predisposition_to_disease,3
genetic_predisposition,3
gene_frequency,3
genetic_association,3
disturbance_rejection,3
randomized_controlled_trial,3
fluorescence_spectroscopy,3
biomass_production,3
mexican_american,3
drug_use,3
inhibition,3
antidepressant_activity,3
antidepressive_agent,3
synaptosome,3
electromagnetic_field,3
catalyst_deactivation,3
experimental_value,3
chronic_kidney_disease,3
ischemic_heart_disease,3
diarrhea,3
malaria,3
liver_cirrhosis,3
cardiovascular_disease,3
musculoskeletal_disease,3
life_expectancy,3
eigenvalue_and_eigenfunctions,3
clinical_evaluation,3
dental_caries,3
ultraviolet_spectrophotometry,3
gel,3
cobalt,3
photocatalysis,3
probability,3
predictive_value,3
group_by_age,3
alcohol_related_disorder,3
molecular_physic,3
chlorophenol,3
dinger_equation,3
tuberculosis,3
biological_water_treatment,3
antidepressant_agent,3
indometacin,3
ether_derivative,3
cell_infiltration,3
substance_abuse,3
packed_bed_reactor,3
hydrogen_atom,3
observational_study,3
maxwell_equation,3
hydrophilicity,3
cylinder,3
rheology,3
unsafe_sex,3
sequence_analysis,3
multicenter_study,3
transmission,3
silica,3
stabilization,3
logistic_model,3
catalysis,3
liver,3
cancer_radiotherapy,3
enthalpy,3
family_history,3
kinetic_parameter,3
extraction,3
quinolone_derivative,3
harmonic_oscillator,3
stochastic_system,3
heat_transfer,3
cyclodextrins,3
gelation,3
total_organic_carbon,3
reaction_intermediate,3
ionization_of_gas,3
cell_count,3
organic_carbon,3
soil,3
energy_metabolism,3
sleep,3
biomarkers,3
sleep_deprivation,3
eating,3
gene_expression_profiling,3
blood_glucose,3
quantitative_analysis,3
hiv_infection,3
case_report,3
waist_circumference,3
swimming,3
chemical_activation,3
malnutrition,3
analgesic_agent,3
fractional_diffusion_equation,3
neutron,3
mean_square_displacement,3
partial_differential_equation,3
enzyme,3
photocatalysts,3
gravitation,2
exergy_efficiency,2
exergy,2
advanced_nuclear_reactor,2
navigation,2
protein_hydrolysis,2
emission_spectrum,2
fenton_reaction,2
physiological_response,2
mechanic,2
mass_spring_damper_system,2
efficiency_measurement,2
surface_area,2
growth_inhibition,2
accidental_fall,2
correlation,2
electrochemical_corrosion,2
particle_accelerator,2
radiotherapy,2
synthetic_diamond,2
"mice,_inbred_balb_c",2
salmonella_enterica_serovar_typhimurium,2
bagg_albino_mouse,2
immunoglobulin_a,2
metabolic_parameter,2
algebra,2
antibiotic_resistance,2
genetic_marker,2
liquid_vapor_equilibrium,2
equation_of_state,2
mathematical_analysis,2
desulfurization,2
cancer_recurrence,2
mitosis,2
ammonium_compound,2
ammonium_derivative,2
liver_cell_carcinoma,2
tumor_growth,2
cell_cycle_regulation,2
glomerulus_filtration_rate,2
trend,2
virus_load,2
"diagnosis,_differential",2
viral_load,2
biopsy,2
exercise,2
treatment_duration,2
platinum_nano_particles,2
nanoparticle,2
trichostatin_a,2
secretory_component,2
disease_resistance,2
phylogeny,2
enterococcus_faecalis,2
temperature_effect,2
mineralization,2
solid_waste,2
municipal_solid_waste,2
environmental_aspect_and_related_phenomenon,2
organic_fraction_of_municipal_solid_waste,2
plant_seed,2
vegetable_protein,2
multimodality_cancer_therapy,2
recovery_of_function,2
differential_diagnosis,2
liver_cancer,2
cancer_growth,2
liver_neoplasm,2
phase_separation,2
krameria_cytisoides,2
in_vitro_technique,2
"ethers,_cyclic",2
cytokine_release,2
ionization,2
testis,2
corticosterone_blood_level,2
protein_bax,2
cold_temperature,2
chronic_stress,2
kenya,2
systolic_blood_pressure,2
review,2
environmental_exposure,2
convalescence,2
elastic_modulus,2
composite_film,2
tensile_strength,2
amylose,2
generalized_langevin_equation,2
oscillator,2
pilot_plant,2
packed_bed,2
film,2
information_theory,2
toxic_substance,2
drinking_water,2
water_quality,2
phenol_degradation,2
sol,2
critical_temperature,2
dietary_carbohydrate,2
carbohydrate_diet,2
waist_hip_ratio,2
intestine_flora,2
klebsiella_pneumoniae,2
tumor_localization,2
metastasis,2
tobacco_consumption,2
cancer_chemotherapy,2
cancer_surgery,2
tumor_volume,2
drug_therapy,2
yukawa_potential,2
iridium,2
water_vapor_permeability,2
barrier,2
pain,2
breast_cancer,2
bacillus,2
agave,2
hydrolase,2
thermoanalysis,2
beverage,2
anxiety_disorder,2
aggression,2
reaction_time,2
column_chromatography,2
ferulic_acid,2
thermogravimetry,2
chemical_reactor,2
parameter_estimation,2
pre_treatment,2
acute_stress,2
cold,2
testosterone,2
tunel_assay,2
spermatozoon_count,2
epididymis,2
fluoride,2
"fluorosis,_dental",2
dental_fluorosis,2
world_health_organization,2
insecticide,2
tube,2
growth_rate,2
thermodynamic_property,2
linear_viscoelastic_region,2
in_vitro,2
anatomy_and_histology,2
structural_design,2
earthquake_engineering,2
overstrength,2
suicidal_behavior,2
virology,2
spectroscopic_analysis,2
adsorption_desorption,2
antivirus_agent,2
physical_activity,2
electron_transition,2
radiation_dose,2
me_xico,2
bacterial_load,2
salmonella_typhimurium,2
water_immersion,2
methodology,2
biofilters,2
oxygen_concentration,2
polyurethan_foam,2
elimination_capacity,2
bio_trickling_filter,2
musa,2
starch_concentration,2
rheological_property,2
esterification,2
bioactivity,2
respirometry,2
bacterium_identification,2
bacterial_infection,2
spleen,2
bacterium_isolation,2
measles,2
dengue,2
iron_deficiency_anemia,2
health_status,2
bioinformatics,2
ductility,2
spectrophotometer,2
addition_reaction,2
supramolecular_chemistry,2
aldehyde,2
yield_stress,2
high_frequency_hf,2
effective_diffusion_coefficient,2
brownian_particle,2
hydrogen_atom_transfer,2
semiconductor_material,2
public_health,2
air,2
partitioning_bioreactors,2
three_phase_partitioning,2
prescription_drug,2
migration,2
aqueous_phase,2
spermatozoon_motility,2
lymphocyte,2
analgesic,2
drug_dose_comparison,2
titanium,2
nutritional_disorder,2
fertility,2
nutritional_deficiency,2
communicable_disease,2
emigration_and_immigration,2
disease_course,2
drug_dependence,2
photodegradation,2
hydroxide,2
main_parameter,2
exponential_type,2
photocatalytic_property,2
polarizabilities,2
protein_secondary_structure,2
enzyme_stability,2
enzyme_structure,2
respiratory_tract_infection,2
cerebrovascular_accident,2
disability_adjusted_life_year,2
congenital_malformation,2
malignant_neoplastic_disease,2
drowning,2
tetanus,2
"protein_structure,_secondary",2
triosephosphate_isomerase,2
haplotype,2
single_nucleotide_polymorphism,2
chronic_respiratory_tract_disease,2
brain_disease,2
meningitis,2
neurologic_disease,2
layered_double_hydroxide,2
titania_nanotube,2
titania,2
indium_compound,2
sol___gel_synthesis,2
illicit_drug,2
ethnology,2
substance_use,2
alcoholism,2
lewis_acid_site,2
nitrosative_stress,2
brain_synaptosome,2
"brain_diseases,_metabolic",2
propionates,2
drug_potency,2
"mice,_inbred_icr",2
institute_for_cancer_research_mouse,2
iso_kinetic_temperature,2
non_communicable_disease,2
low_back_pain,2
automutilation,2
calcium_ion,2
peroxyl_radical,2
perhydroxyl_radical,2
biofuel,2
cell_line,2
mitomycin,2
cell_cycle,2
fanconi_anemia,2
"polymorphism,_single_nucleotide",2
coordination_reaction,2
palladium_compound,2
transition_metal,2
blood_pressure,2
saliva,2
turbulence,2
inulin,2
nociception,2
productivity,2
prednisone,2
diffusion_magnetic_resonance_imaging,2
diffusion_weighted_imaging,2
fractional_anisotropy,2
functionalized,2
fuel_cell,2
neuroimaging,2
triacylglycerol_blood_level,2
diet_therapy,2
childhood_obesity,2
set_theory,2
convex_set,2
metal_complex,2
rhodium,2
pain_measurement,2
kramecyne,2
cathode,2
hemolysis,2
pharmacology,2
bentonite,2
india,2
argentina,2
indonesia,2
hungary,2
chlorophenols,2
pseudomonas,2
fungal_dna,2
ultraviolet_irradiation,2
tetradecanoylphorbol_acetate,2
porphyrin,2
gene_deletion,2
pregnenolone_derivative,2
drug_identification,2
velocity,2
viscosity,2
pressure,2
gene_mutation,2
mutagenic_agent,2
mutagen,2
citrus_fruit,2
inokuti_hirayama_model,2
photoluminescence_spectrum,2
energy_transfer_process,2
reaction_rate,2
upscaling,2
equilibrium_constant,2
culture_medium,2
tissue,2
polypeptide,2
van_der_waals_interaction,2
perdew_burke_ernzerhof,2
three_dimensional_ising_model,2
ising_model,2
mesoporous_structure,2
hydrogen_transfer,2
enzyme_kinetics,2
beauveria,2
cordyceps_bassiana,2
anisotropy,2
birefringence,2
colloid,2
membrane_protein,2
temporal_variation,2
pollutant_source,2
air_sampling,2
ambient_air,2
sodium,2
cell_differentiation,2
embryo,2
vitrification,2
orbit,2
numerical_solution,2
lung_cancer_cell_line,2
"models,_statistical",2
crack,2
hardening,2
multivariate_empirical_mode_decomposition,2
polyurethane,2
immunosuppressive_treatment,2
kinetic_modeling,2
potassium,2
non_insulin_dependent_diabetes_mellitus,2
kidney_transplantation,2
kidney_graft_rejection,2
mycophenolate_mofetil,2
graft_recipient,2
creatinine_blood_level,2
creatinine,2
homogeneous_porous_medium,2
vehicle,2
iodine,2
ecological_index,2
biodiesel,2
bioaccumulation,2
excitation_wavelength,2
signal_noise_ratio,2
electroencephalography,2
circular_cylinder,2
separation_point,2
gallium_nitride,2
rabbit,2
complementary_dna,2
decay_ratio,2
out_of_phase_oscillation,2
up_conversion,2
turbulence_model,2
polypyrrole,2
"physical_conditioning,_animal",2
up_conversion_emission,2
x_ray_diffraction_analysis,2
tacrolimus,2
cancer_cell_line,2
molecular_cloning,2
area_under_the_curve,2
area_under_curve,2
parietal_cortex,2
spectral_density,2
power_spectral_density,2
signal_processing,2
neoliberalism,2
oxygen_storage_capacity,2
catalytic_wet_air_oxidation,2
catalytic_oxidation,2
aluminosilicates,2
white_light,2
light_emitting_diode,2
phase_interface,2
adhesive,2
electromagnetic_wave_propagation,2
conditional_probability_density,2
probability_density_function,2
residence_time,2
antidiabetic_agent,2
hypoglycemic_agent,2
phosphate,2
glass_transition,2
lithium_compound,2
secondary_metabolism,2
growth_kinetics,2
photovoltaic_cell,2
solar_energy,2
photoelectrochemical_cell,2
relative_equilibrium,2
community_dynamic,2
behavior_change,2
s_allylcysteine,2
hippocampus,2
palmitic_acid,2
oil_and_fat,2
oleic_acid,2
renal_dialysis,2
fluorescence_analysis,2
metabolic_encephalopathy,2
disorder_of_amino_acid_and_protein_metabolism,2
hydraulic_retention_time,2
wastewater_treatment_plant,2
salvia_hispanica,2
spectrometry,2
molecular_docking_simulation,2
binding_affinity,2
hopf_bifurcation,2
drug_determination,2
density_of_liquid,2
molecular_simulation,2
amide,2
dielectric_liquid,2
acetamide,2
force_field,2
animal_nutritional_physiological_phenomenon,2
animal_feed,2
new_approach,2
generic_drug,2
response_function,2
lactic_acid,2
glutaryl_coenzyme_a_dehydrogenase,2
metabolite,2
attapulgite,2
magnesium_trisilicate,2
beneficial_effect,2
silanol_group,2
molecular_stability,2
oxidizing_agent,2
magnetic_resonance,2
ultra_performance_liquid_chromatography,2
acetonitrile,2
nerve_regeneration,2
cell_migration,2
transcription_initiation,2
genetic_transcription,2
molecular_docking,2
hypertension,2
thermal_stratification,2
copper_alloy,2
electron_spin_resonance_spectroscopy,2
nitrogen_physisorption,2
ion_exchange,2
para_cresol,2
partial_nitrification,2
heterogeneous_system,2
multiphase_flow,2
homogeneous_region,2
boundary_region,2
enzyme_linked_immunosorbent_assay,2
excitotoxicity,2
glutaric_acid_derivative,2
"amino_acid_metabolism,_inborn_error",2
dizocilpine,2
benzoxazine_derivative,2
naphthalene_derivative,2
neuromodulation,2
benzoxazines,2
morpholines,2
drug_mechanism,2
vorinostat,2
epigenetics,2
mtt_assay,2
cannabinoid_receptor,2
brain_mitochondrion,2
morpholine_derivative,2
fracture,2
gene_flow,2
inbreeding,2
oxide_mineral,2
disease,2
platinum_compound,2
fluorine_compound,2
fokker_planck_equation,2
boundary_homogenization,2
azacitidine,2
colorectal_cancer,2
lower_respiratory_tract_infection,2
"infant,_newborn",2
systematic_review,2
residence_characteristic,2
hemolytic_anemia,2
typhoid_fever,2
injury,2
cannabinoid_receptor_agonist,2
daily_life_activity,2
validation_study,2
cactus,2
methane,2
graphene_oxide,2
fluorescence,2
environmental_change,2
cross_over_study,2
crossover_procedure,2
benchmarking,2
activity_of_daily_living,2
renal_replacement_therapy,2
structural_and_optical_property,2
antibacterial_activity,2
silanol,2
alcoholic_beverage,2
trigonometric_function,2
manganese_oxide,2
dairying,2
heavy_ion,2
metallic_film,2
opuntia_ficus,2
kynurenine,2
circling_behavior,2
boundary_condition,2
distributed_computer_system,2
nanocrystals,2
sodium_chloride_solution,2
newborn,2
treatment_response,2
brain_tissue,2
aluminum_silicate,2
rietveld_refinement,2
chemical_oxygen_demand,2
endemic_specie,2
endangered_specie,2
environmental_protection,2
glutaric_acid,2
propionic_acid_derivative,2
brain_cell_culture,2
cerebral_cortex,2
cell_death,2
brain_cortex,2
croatia,2
electrochemistry,2
fractional_calculus,2
statistical_mechanic,2
food_storage,2
mimo_system,2
vapor_liquid,2
temperature_programmed_desorption,2
pancreas_islet_beta_cell,2
insulin_secreting_cell,2
reproductive_biology,2
political_relation,2
indigenous_population,2
numerical_model,2
japan,2
ecuador,2
costa_rica,2
colombia,2
respiratory_syncytial_virus_infection,2
anode,2
molecular_oxygen,2
fatty_acid_synthesis,2
electronic_energy,2
cycloaddition,2
calorimetry,2
solvent_extraction,2
isomer,2
psychometry,2
enterobacteriaceae,2
fecal_coliform,2
hydrocarbon,2
generalized_gradient_approximation,2
molecular_orbitals,2
surface_reaction,2
survival_rate,2
anaerobic_reactor,2
ph_effect,2
glutaryl_coa_dehydrogenase,2
static_electricity,2
aspergillus,2
controlled_clinical_trial,2
dna,2
antioxidant_protection,2
phenolic_compound,2
concrete_construction,2
concrete_slab,2
war,2
genetic_analysis,2
hamiltonians,2
physico_chemical_characterization,2
solution_ph,2
tungsten_compound,2
sintering,2
neuroanatomy,2
pah,2
occupational_exposure,2
carcinogenicity,2
aromatic_compound,2
impregnation_solution,2
impregnation,2
cerebellum_atrophy,2
cognition,2
charged_particle,2
graphite,2
quartz,2
high_pressure,2
covalent_bond,2
methylmalonic_acid,2
glutarates,2
dementia,2
computational_chemistry,2
structure_activity_relationship,2
free_radical_reaction,2
body_fat,2
genetic_association_study,2
electronic_band_structure,2
carcinogenesis,2
environmental_issue,2
optimization,2
it_application,2
output_feedback_control,2
carbon_monoxide,2
neuropathology,2
cerebellum,2
temporal_cortex,2
dust,2
antioxidant_property,2
temperature_dependence,2
cooking,2
energy_intake,2
optic,2
absorption_spectroscopy,2
pumping,2
absorption,2
spectrum_analysis,2
"sheep,_domestic",2
pollution_exposure,2
pyrene,2
morelos,2
principal_component_analysis,2
refractive_index,2
anti_hiv_agent,2
enzyme_analysis,2
adaptation,2
ab_initio_calculation,2
drug_design,2
drug_development,2
hydraulics,2
state_feedback,2
linear_system,2
texas,2
dispersion_coefficient,2
polynomial,2
atelinae,2
primate,2
ateles_geoffroyi,2
ateles_sp.,2
aquatic_ecosystem,2
climate_change,2
enhanced_oil_recovery,2
spain,2
domestic_sheep,2
prevention_and_control,2
caloric_intake,2
iron_compound,2
ii_vi_semiconductor,2
nanostructured_material,2
ether,2
atmospheric_chemistry,2
magnetic_levitation,2
parametric_uncertainty,2
health_care_delivery,2
anti_human_immunodeficiency_virus_agent,2
relativistic_effect,2
x_ray_powder_diffraction,2
gas,2
apoidea,2
feeding_behavior,2
flower_visiting,2
band_gap_energy,2
charge_transfer,2
public_health_service,2
wave_propagation,2
salvia,2
cadmium_sulfide,2
contaminated_water,2
mimosoideae,2
south_america,2
analytical_result,2
amaranthus_hypochondriacus,2
amaranthus,2
carrier_protein,2
polyurethane_foam,2
hydrophobicity,2
decapoda,2
semi_conducting_property,2
lactic_acid_derivative,2
sensory_perception,2
dexamethasone,2
rutoside,2
banana,2
slowly_digestible_starch,2
hydrothermal_treatment,2
binding_energy,2
zero_order_regular_approximation,2
treatment_outcome,2
drug_isolation,2
weight_reduction,2
aquatic_plant,2
phytoremediation,2
urban_pollution,2
code,2
mathematical_transformation,2
aliphatic_compound,2
factor_analysis,2
triterpenes,2
equation_of_state_of_liquid,2
transport_property,2
electric_conductivity,2
mild_cognitive_impairment,2
dimensional_system,2
hexapoda,2
durango_[mexico],2
experimental_condition,2
rna,2
lactate,2
motor_vehicle,2
hematocrit,2
drop,2
antirheumatic_agent,2
urban_population,2
mixing,2
pistia_stratiotes,2
gene_regulatory_network,2
mycelium,2
fungal_protein,2
fungal_gene,2
thermography,2
earthquake,2
fractal,2
time_series_analysis,2
trolox_c,2
electron_transport,2
protein_structure,2
tryptophan,2
quantum_mechanic,2
membrane_aerated_biofilm_reactor,2
monarthritis,2
carrageenan,2
"arthritis,_experimental",2
methotrexate,2
sensory_analysis,2
liquid_chromatography,2
cetyl_trimethyl_ammonium_bromide,2
cationic_surfactant,2
information_retrieval,2
enzyme_inhibitor,2
ursolic_acid,2
trichomonas_vaginalis,2
sorption,2
building_code,2
adsorption_isotherm,2
polysomnography,2
computer_program,2
problem_solving,2
computer_model,2
computational_creativity,2
writing,2
impeller,2
tissue_regeneration,2
estrus,2
estrus_synchronization,2
reproduction,2
estrus_cycle,2
sheep,2
dietary_supplement,2
arginine,2
drug_synergism,2
drug_potentiation,2
drug_efficacy,2
collagen,2
narrative,2
computational_model,2
creativity,2
light_transmission,2
process_control,2
matlab,2
emotion,2
healthy_volunteer,2
epidemiology,2
two_dimensional_channel,2
community_sample,2
ethanol,2
triglyceride,2
oleanolic_acid,2
regression_analysis,2
laboratory_test,2
giardia_intestinalis,2
antiprotozoal_agent,2
greenhouse_gas,2
nanospheres,2
continuous_stirred_tank_reactor,2
peptide,2
lactation,2
real_time_polymerase_chain_reaction,2
chitin,2
gamma_irradiation,2
sulfide,2
prosopis,2
virus,2
inoculation,2
acetylcholinesterase,2
analysis_of_variance,2
electric_impedance,2
isotherm,2
narrow_size_distribution,2
distillation,2
sodium_hydroxide,2
effective_diffusivities,2
process_modeling,2
denaturing_gradient_gel_electrophoresis,2
upflow_reactor,2
phosphate_mineral,2
oxalic_acid,2
uranium,2
thorium,2
conformation,2
industrial_waste,2
malus_x_domestica,2
dietary_fiber,2
gamma_ray,2
biopolymers,2
hepatocytes,2
mycobacterium_tuberculosis,2
commerce,2
housing,2
gas_emission,2
loading,2
bushing,2
mechanical_permeability,2
electrolytic_reduction,2
odontogenic_tumor,2
time_domain_analysis,2
radiation,2
pyrus,2
cell_growth,2
cell_adhesion,2
rem_sleep,2
organic_polymer,2
environmental_factor,2
zooplankton,2
pacific_ocean,2
baja_california_sur,2
aggregation_behavior,2
gamma_interferon,2
entamoeba_histolytica,2
cytokine_production,2
transforming_growth_factor_beta,2
stress,2
oxidative_phosphorylation,2
photoperiodicity,2
cell_membrane,2
central_nervous_system_disease,2
photoperiod,2
cell_culture_technique,2
monazite,2
electric_battery,2
oxidant,2
conidium,2
biocatalyst,2
environmental_condition,2
peroxidase,2
mouth_tumor,2
"biomarkers,_tumor",2
tumor_marker,2
drug_bioavailability,2
sesquiterpenes,2
nuclear_energy,2
lyapunov_method,2
dynamical_system,2
rattus_norvegicus,2
immunofluorescence,2
cisplatin,2
"emergency_service,_hospital",2
hospital_emergency_service,2
falling,2
helium,2
immunoglobulin_enhancer_binding_protein,2
cancer_cell_culture,2
cellular_distribution,2
hydrogen_peroxide,2
cancer_staging,2
estrogen,2
progesterone,2
performance_assessment,2
control_system,2
uranium_metallurgy,2
disease_classification,2
systemic_lupus_erythematosus,2
sjoegren_syndrome,2
antinuclear_antibody,2
systemic_sclerosis,2
histidine,2
elevated_plus_maze_test,2
radiometry,2
dosimetry,2
electrochemical_study,2
chemical_interaction,2
earthquake_effect,2
forecasting,2
spectral_shape,2
protein_localization,2
cell_nucleus,2
silicon,2
therapeutic_use,2
"phantoms,_imaging",2
beam_correction,2
magnetic_and_electromagnetic_equipment,2
mining,2
tailing,2
diamond,2
estrogen_receptor_alpha,2
social_behavior,2
poly,2
electrospinning,2
photoluminescence_property,2
blood_sampling,2
aves,2
gallus_gallus,2
standardization,2
biodiversity,2
anxiolytic_agent,2
crystallite_size,2
environmental_enrichment,2
cadmium,2
toxicity_testing,2
halogenation,2
abandoned_mine,2
environmental_impact_assessment,2
linear_control_system,2
mouth_neoplasm,2
denaturing_gradient_gel_electrophoreses,2
robustness,2
induction_motor,2
feedback,2
batch_cell_culture,2
pollutant_removal,2
chromium,2
mushroom,2
lignin,2
soybean,2
basidiomycota,2
glycine_max,2
cellulose,2
tehuacan_cuicatlan_biosphere_reserve,2
neutron_diffusion_equation,2
fractional_derivative,2
anomalous_diffusion,2
robust_control,2
electric_drive,2
insulin_blood_level,2
independent_living,1
analytical_performance,1
behavior_assessment,1
galphimia,1
drug_dose_increase,1
galphimine_a,1
galphimia_glauca,1
pentetrazole,1
thin_layer_chromatography,1
basolateral_amygdala,1
thermodynamic_study,1
advanced_oxidation_process,1
voltammetric_study,1
electrochemical_condition,1
dechlorination,1
hazardous_substance,1
electrochemical_dechlorination,1
electrochemical_reduction,1
photodegradation_rate,1
urea,1
phenol_photodegradation,1
differential_operator,1
mathematical_operator,1
ficks_law,1
fractional_operator,1
quantitative_structure_property_relationship_model,1
walking_difficulty,1
follow_up_study,1
anomalous_phenomenon,1
brownian_motion_model,1
multiple_degree_of_freedom,1
reference_trajectory,1
identification,1
parameter_identification_method,1
inhibition_mechanism,1
structure_efficiency,1
multiple_linear_regression_analysis,1
alpha_aminopyridine,1
corrosion,1
aminopyridine_derivative,1
imidazole_derivative,1
benzimidazole_derivative,1
heterocyclic_molecule,1
aminopyridines,1
chlorophyta,1
geologic_sediment,1
d._magna,1
soil_pollutant,1
photocatalytic_efficiency,1
tin,1
benzimidazoles,1
compost,1
food_production,1
agaricus_bisporus,1
test_organism,1
el_triunfo,1
daphnia,1
potentially_toxic_element,1
daphnia_magna,1
ecotoxicity,1
selenastrum_capricornutum,1
biota,1
corrosion_inhibitor,1
linear_regression,1
functional_approximation,1
inhibition_of_corrosion,1
electromagnetic_wave_attenuation,1
silicon_detector,1
alga,1
la_paz_[baja_california_sur],1
pseudokirchneriella_subcapitata,1
sediment_pollution,1
s._capricornutum,1
toxicity,1
green_alga,1
mine_waste,1
flea,1
mining_district,1
gold_mine,1
sediment,1
benzimidazole,1
imidazole,1
alcoholic_intoxication,1
steel_corrosion,1
corrosion_mechanism,1
boron_deposit,1
boriding,1
austenitic_stainless_steel,1
simulated_body_fluid,1
eis_technique,1
boride_layer,1
body_fluid,1
corrosive_effect,1
energy_dispersive_x_ray_spectrometry,1
corrosion_resistance,1
electrochemical_behavior,1
experimental_determination,1
image_quality,1
single_walled_carbon_nanotube,1
current,1
polylysine,1
correction_factor,1
tungsten_powder,1
correction_method,1
daisy_chain_method,1
power_semiconductor_diode,1
detector_geometry,1
monte_carlo_simulation_method,1
hysteretic_energy,1
vector,1
narrow_band,1
steel_construction,1
steel_frame,1
intensity_measure,1
pi_control,1
bifurcation_property,1
stoichiometric_invariant,1
switching_control_approach,1
robust_stability_condition,1
control_input_constraint,1
cytosol,1
apoptosis_regulatory_protein,1
bik_protein,1
"bik_protein,_human",1
endoplasmic_reticulum,1
risk,1
electrochemical_sensor,1
peak_potential,1
glass_membrane_electrode,1
stripping_voltammetry,1
adrenergic_system,1
electrooxidations,1
electrooxidation,1
functionalized_carbon_nanotube,1
single_wall,1
covalently_functionalized_carbon_nanotube,1
glassy_carbon_electrode,1
optical_variable_control,1
parametric_expression,1
entanglement_measure,1
energy_correlation,1
configuration_interaction_calculation,1
quantum_entanglement,1
von_neumann_entropy,1
theobroma_cacao,1
corylus,1
biphenyl_compound,1
iso_electronic_series,1
entanglement_entropy,1
two_electron_system,1
la_paz_bay,1
semienclosed_sea,1
current_velocity,1
cyclone,1
trophic_structure,1
mesoscale_eddy,1
vorticity,1
biological_rhythm,1
liver_parenchyma,1
collagen_metabolism,1
trophozoite,1
liver_amebiasis,1
nadph_oxidase,1
hepatocyte_growth_factor,1
liver_injury,1
metabolic_regulation,1
melatonin_receptor,1
reactive_nitrogen_specie,1
biological_clock,1
central_nervous_system,1
membrane_lipid,1
light_dark_cycle,1
alfonso_basin,1
geostrophic_flow,1
gulf_of_california,1
macrophage_activation,1
powder,1
specie_difference,1
food_handling,1
picrates,1
biphenyl_derivative,1
picric_acid,1
polyphenols,1
specie_specificity,1
malus,1
sod_gene,1
cat_gene,1
biocompatibility,1
molecular_conformation,1
hydroxybutyric_acid,1
reduced_nicotinamide_adenine_dinucleotide_phosphate_oxidase,1
scatter_factor,1
steatosis,1
liver_protection,1
thymus,1
host_resistance,1
gpx_gene,1
rodent,1
host_pathogen_interaction,1
glycoprotein,1
protein_aggregate,1
graft_polymerization,1
poly_beta_hydroxybutyrate,1
radiochemistry,1
hydroxybutyrates,1
grafting,1
degree_of_crystallinity,1
degree_of_grafting,1
glycoside,1
food_technology,1
mammalia,1
hantavirus,1
antibody,1
dominance,1
cynomys,1
cynomys_ludovicianus,1
histopathological_analysis,1
anti_microbial_effect,1
sulfide_concentration,1
kinetic_constant,1
association_energy,1
peptide_aggregation,1
co_operative_effect,1
beta_sheet,1
thymus_gland,1
oxidoreductase,1
aragonite,1
coastal_current,1
carbonate_system,1
carbon_flux,1
upwelling,1
rumen,1
ovulation,1
inhibition_constant,1
sulfide_inhibition,1
competitive_inhibition,1
nitrifying_reactor,1
steady_state_operation,1
peromyscus_leucopus,1
community_composition,1
habitat_type,1
landscape,1
dissolved_inorganic_carbon,1
atmosphere_ocean_coupling,1
process_optimization,1
skin_injury,1
silver_metallography,1
dermal_wound_healing,1
extracellular_matrix,1
uv_visible_spectrum,1
wound_healing,1
silver_nanoparticles,1
silver_nanoparticle,1
high_resolution_electron_microscopy,1
biogeochemical_cycle,1
wind_profile,1
acidification,1
surface_water,1
all_optical_switching,1
optical_switch,1
bismuth,1
germanate_glass,1
optical_film,1
hydrocracking,1
cetyltrimethylammonium_bromide,1
heptane,1
isomerization_reaction,1
n_heptanes,1
isomerization,1
mesoporous,1
mesoporous_alumina,1
hydroconversion,1
hydrogenolysis_reaction,1
gulf_of_tehuantepec,1
re_epithelialization,1
fibroblast,1
knowledge_generation,1
computer_system,1
cognitive_system,1
commonsense_knowledge,1
coding,1
narrative_generation,1
human_computer_interaction,1
collaborative_narrative_generation,1
thermo_optical_device,1
solid_liquid_phase_change,1
infrared_device,1
amorphous_alumina,1
quantum_optic,1
thermo_optical_property,1
statistical_seismology,1
multifractal_detrended_fluctuation_analysis,1
multifractality,1
east_pacific_rise,1
multi_fractal_property,1
adenosine_diphosphate_ribosylation,1
ionizing_radiation,1
radiosensitization,1
"radiation,_ionizing",1
poly_polymerase,1
nicotinamide,1
nicotinamide_adenine_dinucleotide_adenosine_diphosphate_ribosyltransferase,1
niacinamide,1
active_optical_device,1
dielectric_function,1
ag_nanoparticle,1
viscous_flow,1
constant_value,1
particle_agglomerate,1
high_shear,1
viscous_dissipation,1
neodymium_doped,1
infrared_imaging,1
host_matrix,1
infrared_fluorescence,1
neodymium,1
nd:_yag,1
bio_imaging,1
spectroscopic_property,1
earthquake_magnitude,1
seismic_region,1
multifractal_analysis,1
"mice,_inbred_strain",1
hautriwaic_acid,1
two_agent,1
knowledge_structure,1
contextual_knowledge,1
data_synthesis,1
computer_memory,1
computer_based_modeling,1
artificial_intelligence,1
knowledge_base,1
computer_language,1
diterpenes,1
rushton_turbine,1
stirred_tank,1
power_input,1
swept_volume,1
aggressiveness,1
sapindaceae,1
xanthurenates,1
indolepyruvic_acid,1
kynurenic_acid,1
xanthurenic_acid,1
solvation,1
tryptophan_metabolism,1
conformational_transition,1
anthranilic_acid,1
residence_time_distribution,1
death,1
kaolin,1
hair,1
tissue_injury,1
inbred_mouse_strain,1
osmoregulation,1
sigma_factor_sigb,1
osab_protein,1
metabolic_engineering,1
mutagenesis,1
osmotic_stress,1
streptomyces_avermitilis,1
ivermectin,1
osac_gene,1
oligomycin,1
antibiotic_biosynthesis,1
avermectin,1
diterpene,1
dodonaea_viscosa,1
synovium,1
diclofenac,1
flow_velocity,1
mabr,1
rtd,1
mass_transfer_phenomenon,1
multicarrier_modulation,1
quadratic_error_function,1
tanks_in_series_model,1
axial_dispersion_model,1
river_pollution,1
sigma_factor,1
streptomyces,1
osaa_protein,1
strain_improvement,1
streptomyces_coelicolor,1
osab_gene,1
oligomycins,1
magic_angle_spinning,1
gender,1
employment,1
international_classification_of_disease,1
employment_status,1
marital_status,1
statistical_bias,1
scoring_system,1
"factor_analysis,_statistical",1
marriage,1
factorial_analysis,1
sample_size,1
measurment_bias,1
dimensionality,1
data_processing,1
diffusion_convection_equation,1
prism,1
lagoon,1
accident,1
bwr,1
several_accident_npp,1
melcor,1
short_term,1
aptes,1
calcination_temperature,1
aliphatic_polyester,1
tomato,1
choline_chloride,1
wide_angle_scattering,1
cross_polarization_magic_angle_spinning,1
lewis_acidic_ionic_liquid,1
attenuated_total_reflectance,1
ngcc,1
underground_storage,1
power_plant,1
combined_cycle_power_plant,1
natural_gas_well,1
gas_fuel_storage,1
heat_moisture_treatment,1
fourier_transformed_infrared_spectroscopy,1
response_surface_analysis,1
surface_analysis,1
optimised_condition,1
moisture_determination,1
number_of_active_site,1
zora_approximation,1
optimized_geometry,1
electronic_charge,1
carbon_capture,1
silanols,1
amine_functionalization,1
powder_x_ray_diffraction,1
fourier_transform_infra_red,1
ordered_mesoporous_material,1
hypothesis_testing,1
taxonomy,1
central_america,1
identification_method,1
hybridization,1
parapatry,1
morphometry,1
pithecellobium,1
global_warming_potential,1
electric_power_generation,1
petroleum_industry,1
injection,1
natural_gas_combined_cycle,1
petroleum_reservoir_engineering,1
geothermal_energy,1
global_warming,1
fossil_fuel,1
fossil_fuel_power_plant,1
life_cycle,1
geology,1
carbon_sequestration,1
life_cycle_analysis,1
natural_gas_production,1
ccus,1
electricity_generation,1
natural_gas_well_production,1
statistical_analysis,1
swimming_micro_organisms,1
effective_diffusion,1
low_reynolds_number,1
external_magnetic_field,1
time_dependent_magnetic_field,1
mechanical_resonance,1
reynolds_number,1
amoxicillin,1
mixer,1
electro_coagulation,1
ultrasound_probe,1
gas_supply,1
natural_gasoline_plant,1
environmental_impact,1
electricity_generation_technology,1
ethylene_diamine,1
visible_light_irradiation,1
tetrahydrofuran,1
ethylenediamine,1
nanofiber,1
template_effect,1
tem_observation,1
antibiotic,1
ultrasonics,1
healthcare_facility,1
electrochemical_degradation,1
coagulation,1
chemical_oxidation,1
domestic_wastewater,1
herbarium,1
ingeae,1
bioleaching,1
density_of_state,1
chalcopyrite_passivations,1
pyrite_oxidation,1
elemental_sulfur,1
semiconductive_compound,1
oxidative_process,1
microscopic_technique,1
electronic_structure,1
pyrite,1
electrochemical_analysis,1
chronoamperometry,1
nanofibers,1
precipitation_method,1
butanol,1
hexagonal_structure,1
spectroscopic_parameter,1
electron_correlation,1
skeletal_muscle,1
cereal_straw,1
"adaptation,_psychological",1
muscle_development,1
thermoregulation,1
"muscle,_skeletal",1
enriching_item,1
"animals,_inbred_strain",1
structural_distortion,1
raman_spectroscopy,1
electron_phonon_coupling,1
absorption_transition,1
bandwidth,1
judd_ofelt,1
meat_quality,1
inbred_strain,1
group_cohesion,1
eye_temperature,1
edible_grain,1
adaptive_behavior,1
stress_response,1
intensive_system,1
food_quality,1
refraction_index,1
thermosensitive_nanogel,1
electric_dipole_oscillator,1
barium_compound,1
barium_borate,1
electron_phonon_interaction,1
hypersensitive_transition,1
mineral_industry,1
synthetic_ester,1
dielectric_fluid,1
silicone,1
electric_transformer_testing,1
silicone_oil,1
index_of_refraction,1
poly_n_isopropylacrylamide,1
measured_temperature,1
particle_form,1
nanomaterial,1
structural_information,1
lower_critical_solution_temperature,1
nanogels,1
refractometry,1
complex_nanoparticles,1
benzo[ghi]perylene,1
burning,1
amino_acid_motif,1
"mlc_protein,_e_coli",1
escherichia_coli_protein,1
"gene_expression_regulation,_bacterial",1
"nagc_protein,_e_coli",1
repressor_protein,1
operator_gene,1
protein_motif,1
binding_site,1
"operator_regions,_genetic",1
natural_ester,1
oil_filled_transformer,1
mineral_oil,1
electric_discharge,1
anthracene,1
fluoranthene,1
pahs,1
phenanthrene,1
benz[a]anthracene,1
sugar_factory,1
saccharum,1
health_hazard,1
sugarcane,1
benzo[a]pyrene,1
carcinogenic_potential,1
fluorene,1
sugar_cane,1
chiapas,1
health_impact,1
"dibenz[a,h]anthracene",1
sugarcane_burning,1
mutagenicity,1
lamb_welfare,1
body_temperature_regulation,1
cereal,1
winding_configuration,1
low_voltage_winding,1
transformer_winding,1
competitive_environment,1
transformer_design,1
copper_conductor,1
winding,1
cost_reduction,1
h_l_configuration,1
distribution_transformer,1
agricultural_procedure,1
nerve_net,1
pathological_anatomy,1
spinocerebellar_ataxia,1
voxel_based_morphometry,1
brain_function,1
nerve_cell_network,1
functional_anatomy,1
acenaphthylene,1
molasses,1
mill,1
sugar_mill,1
benzo[b]fluoranthene,1
exhaust_gas,1
harvesting,1
sugar_industry,1
incineration,1
radiocarbon,1
fossil_fuel_combustion,1
ion_beam,1
streamer,1
dielectric_material,1
positive_polarity,1
emitting_surface,1
low_pressure,1
discharge_regime,1
low_pressure_discharge,1
magnetic_material,1
negative_polarity,1
aromatic_hydrocarbon,1
l_h_configuration,1
cognition_disorder,1
gray_matter,1
default_mode_network,1
functional_magnetic_resonance_imaging,1
resting_state_network,1
storm,1
restricted_motion,1
störme_problem,1
relativistics,1
lagrangian_dynamic,1
source_apportionment,1
aerosol,1
age_iii,1
particulate_carbon,1
atmospheric_aerosol,1
graphite_production,1
carbonaceous_aerosol,1
am,1
fraction,1
amorphous_structure,1
crystallinity,1
corn_starch,1
lamellar_structure,1
agglomeration,1
centrifugation,1
supernatant_fraction,1
strong_metal_support_interaction,1
heterogeneous_catalyst,1
niws,1
citrate_complex,1
metal_support_interaction,1
citric_acid,1
graphitization,1
motor_performance,1
decision_theory,1
local_area_network,1
router,1
reverse_link_transmission,1
virtual_multiple_input_multiple_output,1
telecommunication_repeater,1
coalition_formation,1
mobile_station,1
natalus,1
nyctinomops_laticaudatus,1
corynorhinus_townsendii,1
natalus_major,1
natalidae,1
precipitate_fraction,1
crystalline_morphology,1
digestibility,1
stray_loss,1
carbon_steel,1
temperature_function,1
tank_wall,1
cable,1
disability_evaluation,1
natalus_tumidirostris,1
tadarida_brasiliensis,1
type_locality,1
polymorphism,1
nucleic_acid_analysis,1
dipole_field,1
charge_in_a_dipole_field,1
spherical_surface,1
classical_dynamic,1
hamiltonian_dynamic,1
energy_efficient_wireless_network,1
energy_conservation,1
game_theory,1
antenna,1
information_transmission,1
temperature_window,1
vapor_liquid_coexistence_density,1
macrophytes,1
conversion_coefficient,1
hydrolysis_acidogenesis,1
macrophyte,1
inoculum_concentration,1
biomass_degradation,1
high_current,1
analytical_function,1
temperature_curve,1
scleractinia,1
agariciidae,1
social_movement,1
crime,1
autonomy,1
human_right,1
lignocellulosic_material,1
aquatic_specie,1
agricultural_inoculation,1
lipid_hydrolysis,1
anaerobic_hydrolysis,1
rumen_fluid,1
acidogenesis,1
antenna_array,1
implementation_complexity,1
distributed_decision_making,1
hyperglycemia,1
protein_kinase_b,1
ubiquitination,1
murinae,1
complex_formation,1
proto_oncogene_protein_c_akt,1
pacific_coast_[mexico],1
pavona_gigantea,1
reproductive_cycle,1
pacific_coast_[north_america],1
anthozoa,1
spawning,1
gametogenesis,1
reef_formation,1
oaxaca,1
coral,1
bacillariophyta,1
diatom,1
effective_multiplication_factor,1
discrete_event_simulation,1
mcnp,1
condensation,1
large_surface_area,1
aldol_condensation,1
transition_element,1
transition_metal_dopants,1
surface_basicity,1
adsorption_desorption_isotherm,1
double_hydroxide,1
condensation_reaction,1
linear_function,1
lennard_jones_pair_potential,1
electric_current_distribution_measurement,1
serine,1
phosphorylation,1
ubiquitin,1
cell_energy,1
cell_metabolism,1
stereotypy,1
astrocyte_culture,1
mitochondrial_membrane_potential,1
current_distribution,1
rogoznica_lake,1
surfactant,1
adriatic_coast_[croatia],1
eutrophic_environment,1
stratification,1
water_column,1
succinate_dehydrogenase,1
mitochondrial_disease,1
cell_function,1
"membrane_potential,_mitochondrial",1
astrocyte,1
stereotyped_behavior,1
trapping_rate,1
equilibrium_condition,1
supersaturated_solution,1
saturated_solution,1
computational_performance,1
solution_mining,1
wall_function,1
butler_volmer_kinetics,1
copper_recovery,1
turbulent_mass_transfer,1
trichomoniasis,1
chaga_disease,1
major_depression,1
biochemical_indicator,1
electrolyte_leakage,1
international_trade,1
physiological_disorder,1
biochemical_characterization,1
international_market,1
biochemical_change,1
adenosinetriphosphate,1
diagnosis,1
chilling,1
deterioration,1
future_application,1
post_harvest_technology,1
tooth_pain,1
intellectual_impairment,1
acute_otitis_medium,1
thalassemia,1
disabled_person,1
gonorrhea,1
cataract,1
burn,1
tropical_disease,1
schistosomiasis,1
tension_headache,1
otitis_medium,1
neglected_disease,1
refraction_error,1
interstitial_nephritis,1
acute_hepatitis_a,1
acute_hepatitis_b,1
chickenpox,1
uterus_myoma,1
bacterial_skin_disease,1
genital_herpes,1
anemia,1
developed_country,1
visual_impairment,1
pelvic_organ_prolapse,1
cost_of_illness,1
population_growth,1
osteoarthritis,1
urinary_tract_infection,1
biliary_tract_disease,1
puerperal_infection,1
chlamydiasis,1
upper_respiratory_tract_infection,1
flat_surface,1
particle_concentration,1
particle_diffusivity,1
heterogeneous_boundary,1
analytical_treatment,1
molecular_pathology,1
decitabine,1
cancer_therapy,1
hematopoietic_system_tumor,1
myelodysplastic_syndrome,1
monotherapy,1
uterine_cervix_carcinoma,1
drug_approval,1
developing_country,1
periodontal_disease,1
cancer_epidemiology,1
pleura_tumor,1
ovary_carcinoma,1
dna_methylation,1
histone_methylation,1
epigenetic_cancer_therapy,1
histone_acetylation,1
multiple_acyl_coa_dehydrogenase_deficiency,1
maternal_hypertension,1
ovary_polycystic_disease,1
congenital_disorder,1
sickle_cell_trait,1
heart_disease,1
digestive_system_disease,1
premenstrual_syndrome,1
hepatitis_e,1
heterogeneous_fenton,1
discoloration,1
discoloration_kinetics,1
eco_friendly_process,1
copper_metallography,1
ion_exchange_method,1
pseudo_first_order_reaction,1
methylmalonic_acidemia,1
propionic_acidemia,1
"acids,_acyclic",1
molecular_pathological_epidemiology,1
belinostat,1
leukemia,1
romidepsin,1
solid_tumor,1
cutaneous_t_cell_lymphoma,1
whole_cell,1
scandium_compound,1
water_adsorption,1
porous_coordination_polymer,1
anhydrous_condition,1
crotalus,1
population_density,1
conservation_of_natural_resource,1
health_care_cost,1
computational_geometry,1
erdos_szekeres_type_problem,1
empty_k_gons,1
point_set,1
lower_bound,1
large_n,1
fenton_process,1
emission_enhancement,1
laser_induced_breakdown_spectroscopy,1
atomic_emission_spectroscopy,1
libs,1
laserinduced_breakdown_spectroscopy,1
cell_free_extract,1
ultrasound,1
synthetic_waste_water,1
encapsulation,1
ammonium,1
calcium_alginate,1
alginate,1
reactor_operation,1
volumetric_rate,1
cell_free_system,1
waste_component_removal,1
budget,1
nonlinear_transfer_function,1
electrochemical_process,1
linearization_method,1
control_nonlinearities,1
fourier_approximation,1
large_amplitude,1
cole_cole_model,1
frequency_response,1
constant_phase_element,1
transfer_function,1
barium,1
double_pulse,1
industrial_heating,1
signal_enhancement,1
enhancement_effect,1
albumin,1
acute_phase_response,1
st_segment_elevation_myocardial_infarction,1
acute_coronary_syndrome,1
"cholesterol,_hdl",1
hospital_mortality,1
pure_component,1
hydrogen_bond_interaction,1
lennard_jones_parameter,1
transferability,1
digestion,1
silage,1
cluster_analysis,1
climate,1
detergent,1
double_pulse_laser_induced_breakdown_spectroscopy,1
c_reactive_protein,1
multivariate_analysis,1
nox_trap,1
nox_sorbent,1
nox_adsorption,1
no_adsorption,1
lean_rich_cycle,1
nox_reduction,1
barium_salt,1
gasoline_engine,1
paddle_dissolution_apparatus,1
cotrimoxazole,1
flow_through_cell_apparatus,1
high_density_lipoprotein_cholesterol,1
non_st_segment_elevation_acute_coronary_syndrome,1
acute_phase_reaction,1
nonzero_temperature,1
spectroscopic_characterization,1
inorganic_compound,1
coordination_structure,1
direct_desulfurizations,1
chalcogenides,1
consecutive_impregnation,1
aluminum_compound,1
structural_dynamic,1
x_ray_photoemission_spectroscopy,1
textural_profile_analysis,1
microstructure_analysis,1
functional_ingredient,1
electron_scanning_microscopy,1
cooked_meat_sausage,1
lactic_acid_bacteria,1
mean_dissolution_time,1
drug_dosage_form,1
emden_fowler_equation,1
operational_calculus,1
adomian_polynomial,1
differentiation,1
drug_product,1
polymer_molecular_weight,1
surface_diffusion,1
electron_density_measurement,1
electron_reservoir,1
carrier_concentration,1
partial_derivative,1
thermodynamic_variable,1
external_potential,1
mathematical_relationship,1
elastic_oscillation,1
viscous_solution,1
discontinuity,1
approximate_solution,1
rugate_filter,1
photonic_crystal,1
optical_coating,1
nonlinear_amplitude_equation,1
reflection,1
optical_tomography,1
varying_refractive_index,1
optical_system,1
triangular_profile,1
bulk_mediated_surface_diffusion,1
fourier_laplace_transform,1
double_laplace_transform,1
enzymatic_synthesis,1
ionic_liquid_medium,1
poly_lactide,1
compressed_fluid,1
supercritical_state,1
lipase,1
atmospheric_humidity,1
mental_calculation,1
mental_function,1
task_performance,1
"signal_processing,_computer_assisted",1
electroencephalogram,1
carbohydrate_polymer,1
chia_seed,1
inertio_elastic_oscillation,1
oil_water_interface,1
cerium_oxide,1
oxygen_pressure,1
pure_oxygen,1
oxidation_of_phenol,1
metal_catalyst,1
osc,1
sewage_treatment,1
nitration,1
association_reaction,1
volumetric_oxygen_transfer_coefficient,1
nitrogen_removal_process,1
least_square_error_function,1
high_solubility,1
chia_seed_mucilage,1
terpolymers,1
ring_opening_polymerization,1
bci,1
support_vector_machine,1
mental_process,1
imagery,1
mental_health,1
human_experiment,1
svm,1
orientalism,1
social_construction,1
lake_xochimilco,1
traditional_knowledge,1
economic_reform,1
mugilidae,1
mugil_cephalus,1
mugil_curema,1
catalytic_performance,1
carboxy_terminal_sequence,1
peroxiredoxin,1
amino_terminal_sequence,1
protein_tertiary_structure,1
promoter_region,1
protozoal_protein,1
amino_acid_composition,1
actin,1
alpha_helix,1
transcription_factor_iia,1
tata_box_binding_protein,1
traditional_agriculture,1
cultural_tradition,1
mental_task,1
mental_arithmetic,1
psychotherapy,1
mental_performance,1
counter_rotating,1
vortex_induced_vibration,1
subcritical_flow,1
repulsive_force,1
protozoan_protein,1
"protein_structure,_tertiary",1
bladder_wall,1
taenia_solium,1
peroxiredoxins,1
transcription_factor_iib,1
"genes,_protozoan",1
tata_binding_protein,1
taenia,1
protein_synthesis,1
tata_box,1
yttrium_acetylacetonate,1
luminescent_effect,1
samarium_compound,1
optically_pumped_laser,1
spectroscopic_investigation,1
zinc_sodium_aluminosilicate_glass,1
sodium_compound,1
color,1
absorption_and_photoluminescence,1
white_light_generation,1
iii_v_semiconductor,1
radiative_energy_transfer,1
dysprosium_compound,1
psd,1
brain_computer_interface,1
scaling_exponent,1
functional_assessment,1
treadmill_exercise,1
rehabilitation_care,1
biomaterials,1
patient_rehabilitation,1
morphometric_analysis,1
crashworthiness,1
polyester_film,1
plastic_film,1
erbium_compound,1
uranium_compound,1
escontria_chiotilla,1
bismuth_compound,1
luminescent_powder,1
powder_metal,1
white_luminescence,1
steel_structure,1
non_linear_finite_element_model,1
strain_hardening,1
novel_technique,1
a_stability,1
intrinsic_mode_function,1
density_wave,1
continuous_wave,1
hafnium_oxide,1
intensity_ratio,1
characteristic_emission,1
temporal_behavior,1
powder_sample,1
cylinder_array,1
rans_modeling,1
impinging_flow,1
ketoconazole,1
binding_competition,1
equipment_design,1
imaging_phantom,1
brain_mapping,1
artifact,1
rc_haunched_beam,1
concrete,1
ansys_finite_element,1
strain_analysis,1
shear_failure,1
shear_strength,1
von_mises_yield_criterion,1
load_deformation_curve,1
simplified_non_linear_model,1
non_linear_finite_element,1
different_mechanism,1
exercise_equipment,1
traumatic_spinal_cord_injury,1
functional_polymer,1
pyrrole_derivative,1
nerve_cell_plasticity,1
nervous_tissue,1
tissue_preservation,1
sporting_good,1
injured_spinal_cord,1
prostate_cancer_cell_line,1
mesocricetus,1
pregnenolone,1
drug_receptor_binding,1
seminal_vesicle,1
finasteride,1
cylindrical_pore,1
adsorption/desorption,1
mesoporous_system,1
gas_molecule,1
citrate,1
solubility_limit,1
metal_impurity,1
elemental_sulphur,1
solid_liquid_ratio,1
citrate_solution,1
stoichiometric_quantity,1
prostate_weight,1
androgen_receptor,1
physical_rehabilitation,1
amphibious_vehicle,1
therapeutic_strategy,1
spine_implant,1
drug_implant,1
pyrroles,1
"microscopy,_electron,_scanning",1
polypyrroles,1
colloidal_particle,1
rotation,1
rotational_dynamic,1
anisotropic_colloidal_particle,1
radiation_scattering,1
depolarized_light_scattering,1
helical_conformation,1
hydrogen_bonded_dimer,1
hysteresis_loop,1
gas_absorption,1
different_geometry,1
biochemical_process,1
"scattering,_radiation",1
interparticle_distance,1
colloidal_dynamic,1
polarization_state,1
"antigens,_cd",1
dimethylbenz[a]anthracene,1
"genes,_fungal",1
high_performance_thin_layer_chromatography,1
aspergillus_niger,1
carboxylesterase,1
carboxylic_ester_hydrolases,1
polyurethan,1
ellagic_acid,1
self_consistent_screening,1
secondary_structure,1
zinc_casting,1
cu_content,1
processing_parameter,1
quadrupole_interaction,1
samarium_alloy,1
europium_alloy,1
light_emitting_phosphor,1
adduct_formation,1
transition_state_theory,1
oxidative_damage,1
branching_ratio,1
chemical_hazard,1
dft,1
"gene_expression_regulation,_fungal",1
spherical_colloidal_particle,1
depolarization,1
cell_selection,1
ethylnitrosourea,1
mutagen_testing,1
mutagenicity_test,1
t_lymphocyte,1
cell_cloning,1
gene_sequence,1
exon,1
hprt_gene,1
phosphatidylinositol_glycan_class_a_protein,1
homogenizing_treatment,1
phase,1
homogenization_process,1
homogenization_method,1
regression_equation,1
alloy_composition,1
experimental_design,1
c,1
convex_blocking,1
dual_space,1
partial_order,1
multigraphs,1
lipid_vesicle,1
membrane_vesicle,1
permeability,1
lipid_bilayer,1
lipid_bilayers,1
liposome,1
onsager_irreversible_thermodynamics,1
casting,1
aluminum_copper_alloy,1
leukocyte_antigen,1
genotoxicity,1
flow_cytometry,1
composite_membrane,1
open_circuit_voltage,1
polyelectrolyte,1
polybenzimidazole,1
mechanical_stability,1
polymer_membrane,1
membrane_electrolyte,1
proton_exchange_membrane_fuel_cell,1
anatomical_variation,1
middle_cerebellar_peduncle,1
mean_diffusivity,1
motor_dysfunction,1
dietary_intake,1
therapy_effect,1
trade,1
food_security,1
natural_resource,1
cell_cycle_checkpoint,1
"blotting,_western",1
dna_repair,1
densitometry,1
nervous_system_parameter,1
patient_assessment,1
white_matter,1
corona_radiata,1
medial_lemniscus,1
ataxia,1
brain_damage,1
frameshift_mutation,1
pig_a_gene,1
intracellular_space,1
dissociation_constant,1
mathematical_phenomenon,1
hodgkin_huxley_formalism,1
n_acetylserotonin,1
absolute_reactivity,1
solvent_polarity,1
free_radical_scavenging_activity,1
phenol_moiety,1
serotonin,1
oh_production,1
related_compound,1
scavenging_activity,1
sovereignty,1
import,1
rural_economy,1
mathematical_concept,1
electric_activity,1
three_dimensional_model,1
micro_domains,1
calcium_signaling,1
finite_element_analysis,1
voltage_clamp_technique,1
electrical_activity,1
cell_surface,1
physiological_condition,1
calcium_conductance,1
cell_membrane_potential,1
patch_clamp_technique,1
calcium_channel_l_type,1
pancreatic_beta_cell,1
electrical_method,1
calcium_current,1
multiwalled_carbon_nanotube,1
oxygen_cathode,1
pt_catalyzed,1
composite_material,1
solid_electrolyte,1
carbon_nanotube,1
hydrogen_gas,1
proton_exchange_membrane,1
cross_coupling_reaction,1
electron_donor,1
palladium_complex,1
vibration_frequency,1
buffer,1
voltage_clamp,1
inactivation_process,1
rotor_time_constant,1
angular_velocity,1
torque,1
transmission_zero,1
electrical_machine,1
high_sensitivity,1
equilibrium_point,1
multivariable_system,1
perturbation_rejection,1
vector_control,1
cross_couplings,1
velocity_perturbation,1
therapy,1
dental_anxiety,1
music_therapy,1
physiological_model,1
rhodium_compound,1
intramolecular_cyclizations,1
symmetrical_pattern,1
after_treatment,1
cationic_complex,1
gold_compound,1
transition_metal_compound,1
cyclization,1
health_transition,1
protein_determination,1
genetic_risk,1
gelatinase_a,1
gelatinase_b,1
interstitial_collagenase,1
matrix_metalloproteinase,1
genetic_polymorphism,1
"mortality,_premature",1
protein_calorie_malnutrition,1
maternal_disease,1
hematologic_disease,1
endocrine_disease,1
cerebrovascular_disease,1
residue_analysis,1
enzyme_conformation,1
saccharomyces_cerevisiae_protein,1
structure_analysis,1
protein_unfolding,1
triose_phosphate_isomerase,1
macrophage_elastase,1
enzyme_blood_level,1
matrix_metalloproteinases,1
"pulmonary_disease,_chronic_obstructive",1
leishmaniasis,1
mathematical_morphology,1
biofilter,1
variational_approach,1
excited_states,1
impenetrable_wall,1
size_effect,1
basis_set,1
confined_hydrogen_atom,1
protein_denaturation,1
protein_refolding,1
protein_aggregation,1
urogenital_tract_disease,1
neck_pain,1
premature_mortality,1
quality_adjusted_life_year,1
electronic_chemical,1
number_of_electron,1
directional_derivative,1
synovial_fluid,1
polymorphonuclear_cell,1
"osteoarthritis,_knee",1
new_zealand_rabbit,1
gout,1
phosphate_buffered_saline,1
joint_aspiration,1
allopurinol,1
knee_osteoarthritis,1
"arthritis,_gouty",1
echography,1
urate,1
energy_eigenvalue,1
flow_kinetics,1
degree_of_substitution,1
bulk_driven,1
circuit_prototype,1
constant_current_source,1
flipped_voltage_follower,1
bulk_driven_transistor,1
basic_structure,1
buffer_amplifier,1
m_technologies,1
key_element,1
spice,1
excited_state,1
thermal_fluctuation,1
number_theory,1
temperature_dependent_expression,1
confined_atom,1
cavity_resonator,1
bio_hydrogen,1
photoheterotrophic,1
outdoor,1
photo_fermentation,1
sodium_bicarbonate,1
reduced_pressure,1
rhodobacter_capsulatus,1
high_pressure_condition,1
backscattering_light,1
backscattering,1
emulsification_index,1
bimodal_distribution,1
succinic_anhydride,1
octenyl_succinic_anhydride,1
overstrength_factor,1
our,1
stoichiometry,1
process_monitoring,1
microbial_kinetics,1
immobilized_biomass,1
hydrogen_sulfide,1
morphological_property,1
biofiltration,1
oxygen_diffusion,1
bound_state_energy,1
cylindrical_cavity,1
energy_level_structure,1
intermediate_state,1
energy_level_shift,1
nuclear_position,1
population_migration,1
migration_determinant,1
labor_migration,1
emigration,1
ferroelectric_device,1
hysteretic_device,1
static_non_linear_analysis,1
hysteretic_energy_dissipation,1
parametric_device,1
stiffness_parameter,1
deformation_capacity,1
energy_dissipation,1
stiffness,1
ductility_demand,1
seismic_response,1
structural_component,1
waddlia_cocoyoc,1
pallor,1
cell_vacuole,1
mononuclear_cell,1
high_throughput_sequencing,1
animal_disease,1
chlamydiales,1
secretion,1
epithelium,1
chorionic_gonadotropin,1
cell_granule,1
laparoscopy,1
fallopian_tube,1
cytoplasmic_granule,1
immigrant_population,1
social_network,1
artibeus_intermedius,1
stainless_steel,1
oxygen_uptake_rate,1
biofilm,1
o_ring,1
biological_material,1
abiotic_stress,1
experimental_evaluation,1
wetting,1
heterogeneous_medium,1
hydrogen_sulfide_removal,1
l_dopa,1
new_specie,1
intracellular_bacterium,1
interstitial_pneumonia,1
phylogenetic_tree,1
nanostructured_silica,1
amorphous_material,1
theoretical_equation,1
resulting_material,1
spectroscopic_study,1
enthalpy_of_sublimation,1
blood_transfusion,1
chi_square_distribution,1
health_care,1
"hepatitis_c,_chronic",1
antiviral_agent,1
hepacivirus,1
clinical_feature,1
sexual_promiscuity,1
hepatitis_c_virus,1
tattooing,1
adolescence,1
antisocial_behavior,1
agitation,1
suicide,1
parent_child_relation,1
progeny,1
generalized_anxiety_disorder,1
life_cycle_stage,1
panic,1
child_parent_relation,1
parent,1
suicide_attempt,1
rna_virus,1
molecular_epidemiology,1
hydrolysis_and_condensation,1
characterization,1
physical_tolerance,1
"drug_resistance,_bacterial",1
gastric_juice,1
dicloxacillin,1
amidase,1
dna_extraction,1
probiotic_agent,1
stomach_juice,1
amidohydrolases,1
gentamicin,1
bile_acid,1
taurocholic_acid,1
choloylglycine_hydrolase,1
lifespan,1
parental_behavior,1
impulsiveness,1
cluster,1
specific_heat,1
sublimation,1
experimental_procedure,1
uncertainty_analysis,1
fullerene,1
empirical_relationship,1
complement_hemolysis_test,1
probiotic,1
deoxycholic_acid,1
gastrointestinal_tract,1
glycodeoxycholic_acid,1
catalase_test,1
pulque,1
cefepime,1
lactobacillus,1
food_frequency_questionnaire,1
carbohydrate_intake,1
cancer_risk,1
postmenopause,1
premenopause,1
glycemic_index,1
glycocholic_acid,1
bile_salt,1
lactobacillus_casei,1
taurodeoxycholic_acid,1
microbiological_examination,1
bile_acid_and_salt,1
number_of_carbon_atom,1
strong_correlation,1
heat_of_sublimation,1
langmuir_equation,1
dht_performance,1
chord,1
non_aqueous_solvent,1
polyols,1
temperature_and_pressure,1
copper_metallurgy,1
chalcopyrite_leaching,1
reduction_pretreatment,1
ethanolamines,1
sulfuric_acid_solution,1
effect_of_chemical,1
tea,1
passivation,1
population_based_case_control_study,1
glycemic_load,1
overweight,1
ethane,1
dehydrogenation,1
mixed_alkali_glass,1
ionic_conduction,1
power_law_exponent,1
eis_measurement,1
mixed_alkali_effect,1
ionic_transport,1
electrical_impedance,1
crystalline_ionic_conductor,1
vanillin,1
room_temperature,1
peer_to_peer_network,1
kademlia,1
churn,1
dependability,1
geophysics,1
soft_soil,1
site_effect,1
work_fluctuation_theorem,1
fluctuation_dissipation_relation,1
time_dependent_electric_field,1
stochastic_dynamic,1
non_markovian_heat_bath,1
crossed_electric_and_magnetic_field,1
oxidative_dehydrogenations,1
oxidative_dehydrogenation_reaction,1
heterogeneous_modeling,1
oxidative_dehydrogenation_of_ethane,1
partial_pressure_of_oxygen,1
industrial_scale_reactor,1
parametric_sensitivity,1
power_station,1
friction_pendulum,1
vacuum,1
starch_gelatinization,1
young_modulus,1
nanocomposite_film,1
intercalated_structure,1
mechanical_and_barrier,1
nanocomposite,1
film_preparation,1
power_industry,1
seismic_isolation,1
landforms,1
base_isolation,1
sulfur_hexafluoride,1
electric_insulation,1
mining_activity,1
groundwater,1
iron_oxyhydroxides,1
groundwater_pollution,1
oxidation_of_sulfide,1
water_rock_interaction,1
oxidation_condition,1
flood,1
phenol_conversion,1
cwao,1
specific_surface_area,1
carbonaceous_specie,1
oxidation_state,1
hazard,1
soil_structure_interaction,1
electric_utility,1
aquifer,1
abandoned_well,1
water_level,1
adsorption_of_arsenic,1
chemical_removal,1
potable_water,1
arsenic_in_groundwater,1
metal_concentration,1
water_interaction,1
chemical_element,1
mine_drainage,1
fluorine,1
huautla,1
pollution_monitoring,1
silver_mine,1
groundwater_resource,1
glucose_tolerance_test,1
ghrelin,1
glycerol,1
montmorillonite,1
ordered_structure,1
mechanical_property,1
clay_composite,1
essential_amino_acid,1
information_science,1
bacteriorhodopsin,1
bacteriorhodopsins,1
"amino_acids,_essential",1
health_behavior,1
eastern_europe,1
bayes_theorem,1
hypercholesterolemia,1
trichloroethylene,1
year_of_life_lost,1
hand_washing,1
sanitation,1
south_africa,1
middle_east,1
central_european,1
occupational_disease,1
north_america,1
tobacco_smoke,1
stunting,1
quality_of_life_assessment,1
east_asian,1
occupational_hazard,1
appetite_regulation,1
leptin,1
reverse_transcription_polymerase_chain_reaction,1
crebbp_protein,1
histone_deacetylases,1
tumor_initiating_cell,1
nf_kappa_b,1
curcumin,1
sphere_formation,1
cancer_stem_cell,1
transcription_factor_junb,1
synaptotagmin_i,1
epithelial_cell_adhesion_molecule,1
global_gene_expression_microarray,1
stem_cell_factor,1
histone_deacetylase,1
upregulation,1
metabolic_disease,1
trichostatine_a,1
transcription_factor_nanog,1
inflammatory_infiltrate,1
tenofovir,1
condyloma,1
efavirenz,1
"lichen_planus,_oral",1
amyloid,1
candidiasis,1
penis_disease,1
human_immunodeficiency_virus_infected_patient,1
histone_deacetylase_inhibitor,1
unindexed_drug,1
b_raf_kinase,1
hepatoma_cell,1
hydroxamic_acid,1
physical_and_chemical_property,1
chemically_modified,1
bacteriophage,1
mesoporous_silica_material,1
ultrastructure,1
better_performance,1
trapped_ion,1
myc_protein,1
gel_mobility_shift_assay,1
liver_cancer_cell_line,1
rna_interference,1
neoplastic_stem_cell,1
cancer_prognosis,1
stress_activated_protein_kinase,1
oncological_parameter,1
microarray_analysis,1
steel_beam_and_girder,1
displacement_based_design,1
buckling_restrained_brace,1
power_line_communication,1
gaussian_distribution,1
frequency_division_multiplexing,1
multiplexing,1
marginal_distribution,1
noise_modeling,1
background_traffic,1
orthogonal_frequency_division_multiplexing,1
transmitting_data,1
statistical_property,1
alpha_stable_distribution,1
impulse_noise,1
mechanism_of_formation,1
anorexigenic_agent,1
xerostomia,1
polydipsia,1
behavior_disorder,1
anthropometric_parameter,1
beta_lactam_antibiotic,1
high_density_lipoprotein,1
tablet_formulation,1
double_blind_method,1
headache,1
multivitamin,1
constipation,1
buckling,1
dual_system,1
permanent_drift,1
self_centering,1
amfepramone,1
syphilis,1
emtricitabine,1
human_immunodeficiency_virus,1
"candidiasis,_oral",1
lichen_planus,1
mouth_lesion,1
lichenoid,1
amyloidosis,1
oral_primary_localized_amyloidosis,1
placebo,1
lipoprotein_blood_level,1
drug_safety,1
nitrofuran,1
drug_withdrawal,1
diethylpropion,1
cell_density,1
hepatocellular_carcinoma_cell_line,1
monolayer_culture,1
cell_structure,1
cyclins,1
drug_tolerability,1
low_density_lipoprotein,1
laxative,1
double_blind_procedure,1
antidiarrheal_agent,1
diastolic_blood_pressure,1
antipruritic_agent,1
appetite_depressant,1
weight_loss,1
stomach_secretion_inhibitor,1
caloric_restriction,1
trigeminal_nerve,1
birdcage_coil,1
functional_neuroimaging,1
brain_activation,1
resonance,1
nutrition,1
magnetism,1
fmri,1
immunoglobulin_alpha_chains,1
"receptors,_polymeric_immunoglobulin",1
intestine,1
carcinoma_cell,1
"carcinoma,_hepatocellular",1
proliferating_cell_nuclear_antigen,1
cell_cycle_progression,1
tumor_spheroid,1
gamma_radiation,1
lithium_fluoride,1
glow_curve,1
process_development,1
thermoluminescence,1
gamma_dose,1
light_emission,1
thermoluminescence_dosimetry,1
dose_range,1
salmonella_infection,1
immunoglobulin_j_chain,1
immunoglobulin_heavy_chain,1
immunoglobulin_j_chains,1
antiviral_therapy,1
penile_disease,1
leukoplakia,1
molecular_biology,1
enzyme_activation,1
organ_size,1
sperm_quality,1
biomechanical_phenomenon,1
biomechanics,1
water_vapour,1
presence_of_water,1
humid_condition,1
carbon_dioxide_capture,1
radiation_energy,1
radiation_measurement,1
magnesium,1
phosphorus,1
incorporation_method,1
"lif:mg_,_ti",1
partition_coefficient,1
substrate_conversion,1
error,1
algebraic_diagrammatic_construction,1
green_function,1
coupled_cluster_single_and_double,1
computationally_efficient,1
vertical_ionization_energy,1
second_order,1
third_order_method,1
electron_propagator,1
average_error,1
toothbrushing,1
fluoride_varnish,1
intrinsic_apoptosis,1
testosterone_blood_level,1
power_law_equation,1
operating_condition,1
cannabis_addiction,1
cocaine_dependence,1
tio,1
sol_gel_technique,1
spermatozoon,1
protein_cleavage,1
extrinsic_apoptosis,1
seminiferous_tubule,1
genetic_susceptibility,1
toothpaste,1
"fluorides,_topical",1
tooth_brushing,1
fluoridation,1
drug_exposure,1
tagetes_lucida_extract,1
opiate_addiction,1
semi_structured_interview,1
methamphetamine_dependence,1
heroin_dependence,1
tagetes_lucida,1
serotoninergic_system,1
fluoxetine,1
climbing,1
tagetes,1
immobility,1
biological_product,1
photoactivity,1
cerium,1
social_life,1
household,1
caulobacter,1
gel_electrophoresis,1
gradient_gel_electrophoresis,1
sequencing_batch_reactor,1
dehalogenation,1
methanogenic_bacterium,1
anaerobic_sequencing_batch_reactor,1
organismal_interaction,1
parallel_programming,1
hartree_fock_calculation,1
asymptotic_behavior,1
programming_technique,1
many_electron_atom,1
hartree_fock_equation,1
two_electron_integral,1
confinement_effect,1
disease_treatment,1
naturally_occurring,1
expandability,1
chemical_transfer,1
adsorbent_capacity,1
smectites,1
smectite,1
mineral_composition,1
cell_maturation,1
anaerobic_degradation,1
bacteriology,1
microbial_interaction,1
fungal_rna,1
microbial_degradation,1
anaerobic_bacterium,1
microbial_population,1
red_emission,1
effect_of_dopants,1
symmetric_orbit,1
satellite,1
general_five_body_problem,1
initial_condition,1
boundary_value_problem,1
periodic_orbit,1
mean_motion_resonance,1
coorbital_motion,1
activated_sludge_process,1
methanol,1
electrokinesis,1
acetogenic_bacteria,1
"bacteria,_anaerobic",1
clay_swelling,1
coculture,1
oocyte_cleavage,1
cryoprotective_agent,1
dimethyl_sulfoxide,1
intracytoplasmic_sperm_injection,1
coculture_technique,1
embryonic_development,1
quantum_chemistry_method,1
thermodynamics_and_kinetics,1
carbonaceous_material,1
carbon_gasification,1
gasification,1
dopant_concentration,1
deposited_film,1
co_doping_effect,1
effect_of_co,1
evergreen_tree,1
unsaturated_fatty_acid,1
forest_biomass,1
growth_response,1
oilseed,1
secondary_metabolite,1
gas_chromatography_mass_spectrometry,1
tampico,1
tamaulipas,1
air_quality,1
coupled_cluster_method,1
cryopreservation,1
embryo_development,1
blastocyst,1
warming,1
embryo_culture_technique,1
immobilization_stress,1
glutathione_transferase,1
"restraint,_physical",1
cysteine_derivative,1
s_allyl_cysteine,1
sustainable_production,1
agricultural_product,1
calophyllym_brasiliense,1
fatty_acid_composition,1
experimental_study,1
biotechnological_tool,1
physicochemical_parameter,1
calophyllum_brasiliense,1
leaf,1
linoleic_acid,1
callus_culture,1
initial_configuration,1
liquid_crystal,1
oocyte,1
granulosa_cell,1
vitrification_device,1
cumulus_cell,1
embryo_culture,1
fertilization_in_vitro,1
"sperm_injections,_intracytoplasmic",1
paramagnetic_resonance,1
oxidant_activity,1
energy_functionals,1
nematic_liquid_crystal,1
chiral_liquid_crystal,1
stochastic_sampling,1
cysteine,1
gastrointestinal_disease,1
tetrahedron_inversion_site,1
electron_spin_resonance,1
strong_oxidant,1
oxidative_stress_inhibition,1
nica,1
transferrin,1
wasting_syndrome,1
anorexia,1
"renal_insufficiency,_chronic",1
protein_energy_malnutrition,1
nutrition_assessment,1
nutritional_assessment,1
free_energy_minimization,1
alignment_tensor,1
nematic_liquid,1
drug_infusion,1
"catheters,_indwelling",1
random_allocation,1
state_dependent_learning,1
indwelling_catheter,1
neutral_insulin,1
melanocortin,1
musical_composition,1
socio_cultural,1
state_of_the_art_technique,1
alignment_accuracy,1
multiple_sequence_alignment,1
structural_homology,1
wilcoxon_rank_sum_test,1
cultural_algorithm,1
computational_complexity,1
resource_efficiency,1
sustainability_transition,1
product_design,1
sustainable_development,1
"injections,_intraventricular",1
intracerebroventricular_drug_administration,1
alpha_intermedin,1
"receptors,_melanocortin",1
brain_third_ventricle,1
melanotan_ii,1
agonist,1
melanocortin_receptor,1
"peptides,_cyclic",1
alpha_msh,1
randomization,1
cyclopeptide,1
trichinellosis,1
reduction_activity,1
fluorescent_property,1
oxide_composite,1
adsorption_capacity,1
sacrificial_electron_donor,1
adsorptive_capacity,1
microwave_hydrothermal_method,1
resource_based_view_of_the_firm,1
evolutionary_economics,1
eco_innovation,1
technological_progress,1
environmental_innovation,1
chemical_industry,1
computer_aided_analysis,1
green_manufacturing,1
immunophenotyping,1
liquid_methane,1
external_field,1
methane_hydrate,1
external_electric_field,1
isobaric_isothermal,1
ice_like_structure,1
gas_hydrate,1
hydration,1
lennard_jones_interaction,1
telecommunication_network,1
frequency_band,1
balloon,1
lymphocyte_subset,1
trichinosis,1
lymphocyte_subpopulation,1
analytic_method,1
electric_potential,1
membrane_resistance,1
dendrite,1
chihuahuan_desert,1
population_modeling,1
reintroduction,1
specie_conservation,1
population_viability_analysis,1
coahuila,1
cuatro_cienegas,1
population_decline,1
recruitment,1
astrophytum,1
trichinella_spiralis,1
vermis,1
gentrification,1
historic_building,1
urban_renewal,1
urban_development,1
latin_america,1
urban_planning,1
active_chlorine,1
operating_cost,1
bandpass_filter,1
antimony_compound,1
passive_filter,1
integrated_circuit,1
advanced_oxidation,1
chlorine,1
indigo_carmine,1
pyramidal_nerve_cell,1
somalia,1
viet_nam,1
lung_cancer,1
rheumatic_heart_disease,1
peripheral_vascular_disease,1
turkmenistan,1
unintentional_suffocation,1
foreign_body,1
hodgkin_disease,1
autopsy,1
suffocation,1
congenital_syphilis,1
slovakia,1
romerolagus_diazi,1
oryctolagus_cuniculus,1
urban_housing,1
streptococcus_pneumoniae,1
romania,1
norway,1
lao,1
montenegro,1
scleroderma,1
cancer_incidence,1
ukraine,1
eritrea,1
pakistan,1
jaundice,1
armenia,1
latvia,1
suriname,1
nigeria,1
maternal_mortality,1
schizophrenia,1
haiti,1
lupus_erythematosus,1
botswana,1
comoros,1
gabon,1
mongolia,1
rwanda,1
cause_of_death,1
hemoglobinopathy,1
serbia,1
uterine_cervix_cancer,1
azerbaijan,1
mauritius,1
guinea_bissau,1
cholera,1
grenada,1
congo,1
pertussis,1
belize,1
israel,1
perinatal_asphyxia,1
natural_disaster,1
taiwan,1
cause_of_death_ensemble_modelling,1
afghanistan,1
stomach_cancer,1
albania,1
peru,1
cryptosporidiosis,1
north_korea,1
pneumonia,1
mauritania,1
african_trypanosomiasis,1
disease_surveillance,1
mesothelioma,1
child_mortality,1
rotavirus_infection,1
nicaragua,1
myanmar,1
premature_labor,1
barbados,1
cote_divoire,1
uzbekistan,1
cameroon,1
gambia,1
pulmonary_aspiration,1
appendicitis,1
peptic_ulcer,1
samoa,1
kazakhstan,1
united_kingdom,1
poland,1
cambodia,1
bulgaria,1
chronic_osteomyelitis,1
bahrain,1
tajikistan,1
malaysia,1
pancreas_cancer,1
bangladesh,1
guatemala,1
slovenia,1
philippine,1
bacterial_arthritis,1
newborn_jaundice,1
yemen,1
saint_vincent_and_the_grenadine,1
kyrgyzstan,1
information_processing,1
jamaica,1
papua_new_guinea,1
paratyphoid_fever,1
paraguay,1
honduras,1
el_salvador,1
china,1
haemophilus_influenzae_type_b,1
cape_verde,1
tanzania,1
rotavirus,1
bahamas,1
uganda,1
visceral_leishmaniasis,1
oman,1
heart_atrium_fibrillation,1
sudan,1
sri_lanka,1
guyana,1
shigellosis,1
history,1
seychelles,1
south_korea,1
ethiopia,1
"databases,_factual",1
tonga,1
angola,1
singapore,1
life_table,1
equatorial_guinea,1
cuba,1
canada,1
yellow_fever,1
swaziland,1
sepsis,1
madagascar,1
russian_federation,1
mozambique,1
childhood_mortality,1
factual_database,1
united_arab_emirate,1
thailand,1
bolivia,1
trinidad_and_tobago,1
global_system_for_mobile_communication,1
cognitive_radio_network,1
spectrum_mobility,1
hierarchical_system,1
cognitive_wireless_network,1
backup_channel,1
signal_to_noise_plus_interference_ratio,1
digital_radio,1
cognitive_radio,1
inaccurate_information,1
wireless_network,1
dynamic_channel_selection,1
fuzzy_logic,1
analytical_hierarchical_process,1
drug_discovery,1
benzyl_alcohol_derivative,1
primary_antioxidant,1
physiological_ph,1
metal_ion_chelators,1
embedded_discontinuity,1
slab,1
rate_independent_plasticity,1
damage,1
computational_modelling,1
constitutive_behaviour,1
steel_reinforcement,1
finland,1
clostridium_infection,1
sierra_leone,1
mali,1
noradrenalin,1
allele,1
waist_to_height_ratio,1
apolipoprotein_e,1
body_composition,1
dna_isolation,1
apolipoproteins_e,1
skinfold_thickness,1
sex,1
saliva_analysis,1
nutrigenomics,1
sedentary_lifestyle,1
child_nutrition,1
cardiometabolic_risk,1
three_degree_of_freedom,1
quality_of_service,1
alpha_synuclein,1
benzyl_alcohol,1
peroxisome_proliferator_activated_receptor_alpha,1
activity_cliff_enrichment_factor,1
activity_cliff,1
prostaglandin_synthase_inhibitor,1
"databases,_chemical",1
glucosylceramidase,1
"snca_protein,_human",1
norepinephrine,1
chromans,1
structural_modification,1
reference_compound,1
chroman_derivative,1
molecular_target,1
epinephrine,1
suppression_effect,1
resonant_tunneling,1
operation_frequency,1
terahertz_wave,1
efficient_protocol,1
pyrrolidines,1
co_operative_system,1
nitromethane,1
catalytic_material,1
sulfated_zirconia,1
secondary_amine,1
lewy_body_disease,1
hallucination,1
diffuse_lewy_body_disease,1
heredity,1
alpha_synuclein_gene,1
self_diffusion_coefficient,1
shear_viscosity,1
permittivity,1
dipole_moment,1
temperature_of_maximum_density,1
simple_point_charge_model,1
gyrators,1
transmission_coefficient,1
waveguide,1
coherent_interference,1
transfer_matrix_method,1
electric_conductor,1
resonant_conductance,1
semiconductor_structure,1
transverse_electric_field,1
double_barrier_structure,1
open_loop_system,1
unstable_process,1
internal_signal,1
estimated_state,1
control_strategy,1
observer_based,1
delay_control_system,1
first_order_process,1
time_delay,1
united_state_mexico_border,1
thermal_expansion,1
thermal_expansion_coefficient,1
isothermal_compressibility,1
keywords_spc,1
interface_state,1
short_range_interaction,1
chemical_database,1
peroxisome_proliferator_activated_receptor_delta,1
activity_cliff_generator,1
chemotype,1
peroxisome_proliferator_activated_receptor_gamma,1
noradrenalin_transporter,1
dopamine_transporter,1
serotonin_transporter,1
drug_database,1
medicago_sativa,1
local_spin_density_approximation,1
orthorhombic_phase,1
structural_parameter,1
gibbs_free_energy,1
birch_murnaghan_equation_of_state,1
necessary_and_sufficient_stability_condition,1
ethnicity,1
guanosine_triphosphatase_activating_protein,1
pregnancy_diabetes_mellitus,1
"diabetes,_gestational",1
monocarboxylate_transporter,1
american_indian,1
torrubiella_confragosa,1
rigid_foamed_plastic,1
hydrophobins,1
polytetrafluoroethylene,1
lecanicillium_lecanii,1
perlite,1
shrimp_culture,1
population_genetics,1
equation_of_state_of_solid,1
crystal,1
content_uniformity,1
analytical_parameter,1
bioequivalence,1
usp_paddle_apparatus,1
laboratory_device,1
linearity,1
angiotensin_i_converting_enzyme_inhibitory_activity,1
amaranthus_caudatus,1
functional_property,1
ace_inhibition,1
angiotensin_i_converting_enzyme,1
surfactant_property,1
hydrolysate,1
monocarboxylic_acid_transporter,1
quantitative_trait,1
gtpase_activating_protein,1
fisher_information_matrix,1
spin_degree_of_freedom,1
smoothed_particle_hydrodynamics,1
microgravity_processing,1
diffuse_interface,1
microgravity,1
evaporation,1
numerical_approach,1
liquid_vapor_interface,1
liquid_vapor_interface_dynamic,1
explosive,1
rayleigh_taylor_instability,1
two_space_dimension,1
molecular_system,1
drug_release,1
flow_through_cell,1
unsaturated_polyester_resin,1
araneae,1
arachnida,1
catalytic_cracking,1
xylene,1
low_density,1
synthesized_material,1
carbon_nano_particles,1
ft_infrared_spectroscopy,1
low_density_polyethylene,1
nanometrics,1
polyethylene,1
size_distribution,1
uncertainty_relation,1
heisenberg,1
fisher_information,1
stomach_mucosa,1
enteric_feeding,1
confidence_interval,1
enteral_nutrition,1
sampling_study,1
nonisothermal,1
iso_conversional_method,1
effective_activation_energy,1
non_isothermal_dsc,1
overall_reaction,1
unsaturated_polyester,1
curing,1
thermodynamic_stability,1
polymer_blend,1
intercalated_nanocomposites,1
unsaturated_polymer,1
fatty_liver,1
lipid_storage,1
liver_cell_damage,1
fluorescein_derivative,1
copper_zinc_superoxide_dismutase,1
diacetyldichlorofluorescein,1
glutamate_cysteine_ligase,1
fluorescein,1
transportation,1
traffic_and_transport,1
suckling_animal,1
"animals,_suckling",1
polyester_resin,1
thermo_capillary_force,1
fluid,1
suction,1
position_dependent,1
two_dimension,1
axial_diffusion,1
physic,1
jacob_equation,1
health_care_utilization,1
life_stress,1
drug_abuse,1
health_care_survey,1
structured_clinical_interview_for_dsm_disorder,1
mental_health_service,1
alcohol_abuse,1
clinical_indicator,1
"fatty_acids,_nonesterified",1
alcohol_metabolism,1
alcohol_dehydrogenase,1
waste,1
portable_device,1
electronic_application,1
steelmaking,1
distillation_column,1
improving_performance,1
adaptive_predictive_control,1
atmospheric_distillation_process,1
interaction_analysis,1
automatic_process_control,1
crude_oil,1
internationality,1
international_cooperation,1
need_assessment,1
gastric_mucosa,1
impedance,1
mural_unicystic_ameloblastoma,1
survivin,1
acanthomatous_ameloblastoma,1
cancer_classification,1
coupling,1
supported_pd_catalyst,1
catalytic_hydrodechlorination,1
metallic_property,1
palladium_catalyst,1
hydrodechlorination,1
experimental_error,1
reaction_mixture,1
controller_performance,1
operational_stability,1
petroleum_tar,1
automation,1
two_stage_reactor,1
nonylphenol,1
bjerkandera,1
nonylphenols,1
sewage_treatment_plant,1
bioreactor_design,1
versatile_peroxidase,1
manganese_compound,1
environmental_technology,1
endocrine_disrupting_chemical,1
intraluminal_unicystic_ameloblastoma,1
luminal_unicystic_ameloblastoma,1
inhibitor_of_apoptosis_protein,1
unicystic_ameloblastoma,1
plexiform_ameloblastoma,1
follicular_ameloblastoma,1
carbonyl_oxygen,1
complexation_site,1
electronic_waste,1
hydrometallurgical_process,1
rare_earth_element,1
display_device,1
spent_battery,1
leach_solution,1
entomopathogenic_fungus,1
bulk_density,1
solid_state,1
isaria,1
environmental_concentration,1
malonic_acid,1
membrane_reactor,1
endocrine_disrupters,1
similarity_coefficient,1
sulfate_reduction,1
near_ambient_temperature,1
uranium_leaching,1
oxalate,1
rare_earth_phosphate,1
precipitated_oxalate,1
experimental_evidence,1
thermodynamic_speciation,1
quantum_chemical_calculation,1
luteolin,1
dft_calculation,1
lda_approximation,1
magnetic_resonance_spectroscopy,1
polarizable_model,1
complexation,1
infectivity,1
texturizer,1
galleria_mellonella,1
fungus_culture,1
fungal_strain,1
conidium_production,1
hypocreales,1
different_proportion,1
oryza,1
eichhornia_crassipes,1
molecular_sequence_data,1
dna_sequence,1
microflora,1
index_of_biotic_integrity,1
"sequence_analysis,_dna",1
respiration,1
lead_deposit,1
airborne_particle,1
exploitation,1
bioaccessible_fraction,1
pollution_source,1
environmental_protection_agency,1
microbiota,1
microbial_metabolism,1
bacterial_gene,1
microbial_population_dynamic,1
random_amplified_polymorphic_dna,1
"genes,_bacterial",1
sulfate,1
random_amplified_polymorphic_dna_technique,1
molecular_genetics,1
rice,1
insect_control,1
isaria_fumosorosea,1
cell_aging,1
senescence,1
senescent_associated_secretory_phenotype,1
cell_transformation,1
mining_exploitation,1
durango_city,1
bioavailability,1
ore_deposit,1
soil_pollution,1
iron_rich,1
iron_oxide,1
soil_conservation,1
remediation_strategy,1
reference_concentration,1
industrial_park,1
"chromatography,_gas",1
pollutant_emission,1
diagnostic_ratio,1
barreling,1
phenolic_acid,1
multi_variate_analysis,1
multivariant_analysis,1
aging_of_material,1
wood_product,1
merlot,1
chip,1
wine,1
wood,1
mixture,1
eichhornia,1
visual_discrimination,1
creative_activity,1
adaptation_mechanism,1
computational_method,1
composite_sample,1
mammal,1
hidalgo,1
milk_production,1
contamination,1
food_contamination,1
fuel_combustion,1
environmental_pollutant,1
tizayuca,1
industrial_emission,1
dairy,1
industry,1
arachidonic_acid_derivative,1
polyunsaturated_alkamides,1
neuron,1
sensorimotor_function,1
robotics,1
affect,1
personal_autonomy,1
three_dimensional_imaging,1
virtual_reality,1
behavior,1
autonomous_agent,1
extended_version,1
motivation,1
cognitive_development,1
memory_consolidation,1
adaptation_process,1
delivery_of_health_care,1
patient_satisfaction,1
medication_adherence,1
lactate_dehydrogenase,1
striate_cortex,1
arachidonic_acid,1
cyclohexanol,1
neuron_specific_nuclear_protein,1
"receptors,_cannabinoid",1
excitatory_amino_acid_agent,1
endocannabinoids,1
cyclohexanol_derivative,1
nerve_cell,1
anandamide,1
endocannabinoid,1
amino_acid_receptor_affecting_agent,1
consecutive_reaction,1
non_isothermal_pyrolysis,1
hi_res/modulated_tg,1
tga_ftir,1
autothermal_reaction,1
active_disturbance_rejection_control,1
active_suspension_system,1
differential_flatness,1
magnetic_suspension_system,1
active_disturbance_rejection,1
disturbance_estimation,1
delta_sigma_modulation,1
input_unmodeled_dynamic,1
doctor_patient_relation,1
physician_patient_relation,1
medication_compliance,1
sugar,1
anomalous_behavior,1
cell_regeneration,1
estimation_method,1
environmental_management,1
cost_analysis,1
carbon_emission,1
environmental_cost,1
cost_optimization,1
earthquake_resistant,1
cost_benefit_analysis,1
structural_system,1
nitrogen_atmosphere,1
citrus_pectin,1
pyrolytic_degradation,1
pyrolysis,1
metabolic_disorder,1
seismic_loss_estimation,1
glutaric_acidemia_type_i,1
spectrofluorometry,1
"spectrometry,_fluorescence",1
cathodic_reaction,1
saccharin,1
current_density,1
deposition_current,1
sugar_substitute,1
electrodeposition,1
mechanistic_effect,1
ni_alloy,1
nickel_alloy,1
hydrogen_evolution,1
cobalt_compound,1
rotating_cylinder_electrode,1
supporting_electrolyte,1
ph_control,1
electroplating,1
stainless_steel_cylinder,1
effluent_treatment,1
nickel_recovery,1
pilot_plant_reactor,1
flavine_adenine_nucleotide,1
photometry,1
glucose_oxidase,1
flavin_adenine_dinucleotide,1
thermostability,1
nephelometry_and_turbidimetry,1
polyethyleneimine,1
enzyme_modification,1
"spectrophotometry,_ultraviolet",1
zirconium_oxide,1
indoles,1
tetrapyrroles,1
phthalocyanine,1
indole_derivative,1
tetrapyrrole_derivative,1
antinociceptive_agent,1
synoviocyte,1
hot_plate_test,1
geopolitics,1
capitalism,1
globalization,1
state_role,1
political_geography,1
electrochemical_recovery,1
switching_device,1
capacitor,1
switching_strategy,1
design_oriented_analysis,1
analgesic_activity,1
arthritis,1
krameriaceae,1
comparative_effectiveness,1
erythrocyte_membrane,1
spleen_size,1
paw_edema,1
silicon_dioxide,1
catalytic_support,1
titanate_nanotube,1
surface_acidity,1
zirconium,1
mean_spherical_approximation,1
constant_temperature,1
two_phase_simulation,1
liquid_vapor_critical_point,1
discontinuous_molecular_dynamic_simulation,1
cesium_compound,1
free_energy_calculation,1
volatilization,1
fluid_solid_coexistence,1
high_voltage_gain,1
amplification,1
safe_commutation,1
drain_current,1
resonance_frequency,1
natural_frequency,1
switched_capacitor,1
third_trimester_pregnancy,1
"pregnancy_trimester,_third",1
rr_interval,1
heart_rate_variability,1
electrocardiography,1
oxytocin,1
heart_beat,1
labor,1
electrocardiogram,1
thermodynamic_coefficient,1
associating_fluid,1
restricted_primitive_model,1
perturbation_technique,1
imidazolium_based_ionic_liquid,1
perturbation_method,1
electrostatic_free_energy,1
dietary_fat,1
plum,1
titania_alumina,1
lactobacillus_helveticus,1
fetus_blood,1
gram_positive_bacteria,1
umbilical_cord_blood,1
gram_negative_bacteria,1
gram_positive_bacterium,1
enterococcus_faecium,1
antibiotic_sensitivity,1
food_analysis,1
uterus_contraction,1
"labor,_obstetric",1
cholinergic_system,1
low_risk_patient,1
protected_area,1
michilia_biosphere_reserve,1
echolocation,1
experimental_testing,1
pre_treatments,1
phosphate_concentration,1
actinide,1
uranium_extraction,1
solution_mediated_transformation,1
sodium_hydroxide_solution,1
linear_transformation,1
radioactive_contaminant,1
nutritional_value,1
nutritive_value,1
prunus_domestica,1
fat_intake,1
production_rate,1
environmental_process,1
fractionation,1
respiration_activity,1
waste_disposal,1
temperature_sensitivity,1
chemical_reaction_kinetics,1
mineralogy,1
trehalose,1
molecular_analysis,1
aldehyde_reductase,1
rg_protein,1
sugar_alcohol_dehydrogenases,1
mannitol,1
specie_concept,1
pond,1
mineralisation,1
good_manufacturing_practice,1
skin_flora,1
enterococcus_durans,1
aminoglycoside,1
microbial_sensitivity_test,1
cord_blood_stem_cell_transplantation,1
bacterial_strain,1
staphylococcus_haemolyticus,1
blood_storage,1
blood_preservation,1
fetal_blood,1
carbon_nitrogen_ratio,1
aerobiosis,1
refuse_disposal,1
c/n,1
square_well_fluid,1
critical_exponent,1
curve_fitting,1
square_well_potential,1
vapor_liquid_coexistence_curve,1
classical_fluid,1
hydride_elimination,1
hydrogen_insertion,1
iridium_compound,1
single_crystal_x_ray_diffraction_analysis,1
ir_complex,1
single_crystal,1
moisture_stability,1
thermal_coupling,1
aerobic_metabolism,1
hydrolytic_enzyme,1
dysphagia,1
sinonasal_melanoma,1
persistence,1
atmospheric_recirculation,1
air_pollutant_concentration,1
statistical_persistence,1
pollutant_concentration,1
rescaled_range_analysis,1
base_excision_repair,1
mapk_signaling,1
glycolysis,1
nf_kb_signaling,1
canonical_wnt_signaling,1
kinetochore,1
transcription_factor,1
dephosphorylation,1
rhinorrhea,1
blood_bank,1
immunocompromised_patient,1
enterococcus_hirae,1
umbilical_cord_blood_unit,1
vagina_flora,1
penicillin_derivative,1
roseomonas,1
microbial_contamination,1
molecular_typing,1
gram_negative_bacterium,1
cephalosporin_derivative,1
nose_cavity,1
neoplasm_staging,1
patient_referral,1
paranasal_sinus_neoplasm,1
efficient_genetic_algorithm,1
printed_circuit_manufacture,1
optimization_problem,1
printed_circuit_board,1
surface_mount_technology,1
genetic_operator,1
sequencing,1
pcb_assembly,1
grouping,1
genetic_algorithm,1
paranasal_sinus_tumor,1
melanoma,1
nose_obstruction,1
hard_palate,1
neoplasm_metastasis,1
oral_melanoma,1
non_uniform_boundary_condition,1
diffusing_particle,1
absorbing_boundary_condition,1
external_problem,1
exact_solution,1
cylindrical_surface,1
cylindrical_tube,1
neonate,1
x_ray_diffraction_study,1
elagatis,1
aqueous_dispersion,1
maize_flour,1
overshoot_phenomenon,1
morphological_characteristic,1
shear_strain,1
single__machine,1
single_electron_transfer,1
superoxide_radical_anion,1
staphylococcus_epidermidis,1
bronsted_acid_site,1
alkene,1
alumina_catalyst,1
butene,1
isobutylene,1
structured_material,1
phosphoric_acid,1
desorption_temperature,1
hydroperoxyl_radical,1
transient,1
functional_group,1
biological_environment,1
computational_kinetics,1
rheological_response,1
starch_dispersion,1
differential_geometry,1
confined_environment,1
theoretical_framework,1
co_ordinate_transformation,1
covariant_description,1
computer_modeling,1
discontinuous_force,1
two_dimensional_system,1
diverse_application,1
phenomenological_modeling,1
amplitude_of_oscillation,1
classical_molecular_dynamic,1
track_containing_foil,1
continuity_equation,1
carbon_nuclear_magnetic_resonance,1
knoevenagel_condensation,1
benzaldehyde_derivative,1
nucleophilicity,1
arylation,1
acrylonitrile,1
isobutyraldehyde,1
michael_addition,1
metallation,1
melting_point,1
vapor_pressure,1
triazole_derivative,1
shear_condition,1
elastic_turbulence,1
relaxation_mode,1
geometrical_optic,1
permeation,1
hexavalent_chromium,1
reactor_configuration,1
reactor,1
electrochemical,1
cfd_simulation,1
turbulent_intensity,1
pitched_blade_impeller,1
fin,1
phospholipid_hydroperoxide_glutathione_peroxidase,1
oxidation_reduction_state,1
testis_size,1
baylis_hillman_reaction,1
proton_nuclear_magnetic_resonance,1
alkylation,1
asymmetric_catalysis,1
antioxidant_component,1
water_absorption,1
water_absorption_capacity,1
zea,1
textural_parameter,1
industrial_quality,1
nixtamalized_corn_flour,1
flow_rate,1
stefan_equation,1
molar_fraction,1
feed_flow_rate,1
silicate_mineral,1
tubular_membrane,1
tubular_system,1
volumetric_flow,1
inner_surface,1
maximum_stress,1
metallic_matrix_composite,1
low_yield,1
yield_point,1
different_density,1
coordination_complex,1
aqueous_medium,1
squad,1
thermodynamic_constant,1
complexation_constant,1
coordination_compound,1
thermodynamically_stable,1
solubility_of_cu,1
agricultural_robot,1
water_absorption_index,1
nutritional_quality,1
compression_stress,1
compression,1
aluminum_hydroxide,1
alternative_catalyst,1
pyridine_adsorption,1
aluminum_oxide_hydroxide,1
bet_specific_surface_area,1
gasoline,1
solid_acid_catalyst,1
dimerization,1
mouth_hygiene,1
analytical_research,1
descriptive_research,1
microstructure_characterization,1
foam_behavior,1
glass_sphere,1
power_distance,1
designing_scheme,1
radio_frequency_identification,1
system_performance,1
oral_health,1
self_concept,1
condensed_matter_physic,1
bound_state_solution,1
energy_spectrum,1
multiparameters,1
canonical_transformation,1
analytical_bound,1
d_dimension,1
metallic_glass,1
metal_foam,1
strain_rate,1
differential_scanning_calorimeter,1
social_isolation,1
oral_hygiene,1
isomorphic_incorporation,1
photocatlysts,1
critical_charge,1
mesh_generation,1
lagrange_mesh_method,1
electron_ion,1
ground_state_energy,1
three_dimensional_lattice,1
highly_accurate,1
non_uniform,1
radio_system,1
aloha_protocol,1
research_effort,1
state_migration,1
reaction_medium,1
cation_migration,1
deactivation_mechanism,1
reduction_reaction,1
selective_catalytic_reduction_of_no,1
pole,1
dehydration,1
isopropanol_dehydration,1
propylene,1
constable_plot,1
arrhenius_plot,1
compensation_effect,1
x_ray_rietveld_refinement,1
thermogravimetric_analyzer,1
magnetic_semiconductor,1
propranolol,1
serotonin_antagonist,1
piperazine,1
bicyclo_compound,1
dopaminergic_neuron,1
dopaminergic_system,1
imipramine,1
yohimbine,1
dopaminergic_nerve_cell,1
monoaminergic_system,1
pyridine_derivative,1
terpene,1
benzazepines,1
serotoninergic_nerve_cell,1
piperazine_derivative,1
selective_catalytic_reduction,1
peptide_mapping,1
tandem_mass_spectrometry,1
tropomyosin,1
dna_topoisomerase,1
proteasome,1
neoplasm_protein,1
lactoylglutathione_lyase,1
staining_and_labeling,1
neurotoxin,1
benzazepine_derivative,1
beta_pinene,1
serotonergic_neuron,1
linalool,1
monoterpenes,1
adrenergic_nerve_cell,1
adrenergic_neuron,1
boltzmann_equation,1
relativity,1
kaluzas_theory,1
transport_theory,1
glycogen_debranching_enzyme,1
mitochondrial_protein,1
protein_degradation,1
pentose_phosphate_cycle,1
proteomics,1
diazepam_binding_inhibitor,1
tumor_protein,1
phosphatidylethanolamine_binding_protein,1
histidine_transfer_rna_ligase,1
calphobindin_ii,1
n_ethylmaleimide_sensitive_factor,1
translation_initiation,1
self_similar_set,1
relative_size,1
bound_set,1
mandelbrot_set,1
self_similar,1
hypercomplex_number,1
real_scator,1
quadratic_iteration,1
rich_structure,1
minkowski_space_time,1
heat_flux,1
single_component,1
magnetohydrodynamics,1
transport_process,1
general_relativity,1
thermodynamic_force,1
nitrogen_deplete,1
radiation_balance,1
operation_condition,1
photobioreactors,1
scenedesmus_obtusiusculus,1
biomass_productivity,1
reduced_fat,1
sensory_characteristic,1
dairy_product,1
storage_and_loss_modulus,1
sensory_property,1
polysaccharide,1
agave_fructans,1
overall_acceptability,1
scanning_electron_micrographs,1
manihot_esculenta,1
lipid_productivity,1
algal_cell_culture,1
characterization_study,1
mn_doped,1
kinetic_energy,1
standard_deviation,1
reattachment_length,1
three_dimensional_calculation,1
turbulence_kinetic_energy,1
turbulence_closure,1
microalga,1
photobioreactor,1
photosynthesis,1
photosynthetic_efficiency,1
chlorophyll,1
lipid_accumulation,1
experimental_technique,1
tenoxicam,1
electrochemical_determination,1
host_guest_inclusion_complex,1
thermodynamic_formation,1
host_guest_interaction,1
thermodynamic_equilibrium_constant,1
zinc_ion,1
fourier_transform_infrared_photoacoustic_spectroscopy,1
erythrocyte,1
indomethacin,1
scenedesmus,1
renewable_energy,1
nitrogen_replete,1
photosynthetic_activity,1
apparent_activation_energy,1
closure_problem,1
green_computing,1
turbulent_flow,1
statistic,1
sudden_expansion_flow,1
near_wall_treatment,1
free_radical_polymerization,1
semicontinuous_polymerization,1
terpolymerization,1
gel_effect,1
propagation_rate_coefficient,1
chain_transfer_agent,1
diffusive_mass_transfer,1
linearization,1
inclusion_complex,1
chemical_detection,1
emulsion_polymerization,1
styrene,1
methyl_methacrylates,1
semi_continuous_process,1
acrylic_monomer,1
emulsion_terpolymerization,1
dodecyl_sulfate_sodium,1
elisa_reader,1
biosafety,1
outcome_assessment,1
kidney_function,1
creatinine_clearance,1
pore_scale_simulation,1
integral_formulation,1
reactive_transport,1
concentration_profile,1
solar_cell,1
synergistic_combination,1
electron_conduction,1
hybrid_material,1
porphyrin_molecule,1
fluorescence_emission,1
free_base,1
graphene_substrate,1
graphene_oxide_nanosheet,1
luminescent_characteristic,1
lophosoria_quadripinnata,1
lophosoria,1
filicophyta,1
alsophila,1
cyathea,1
alsophila_firma,1
plasma_polymer,1
electronic_activation,1
distilled_water,1
nonlinear_optic,1
passive_mode_locking,1
nonlinear_optical_loop_mirror,1
noise_like_pulse,1
figure_eight_fibre_laser,1
erbium,1
extract_information,1
sagnac_interferometer,1
fiber_laser,1
passively_mode_locked,1
substantial_variation,1
pulse_characterization,1
hybrid_system,1
salt_dissociation,1
deacetylated_chitosans,1
electronic_modification,1
propylsulfonic_acid,1
ionic_conductivity,1
antiradical,1
betalain,1
bioactive,1
celosia,1
betalains,1
celosia_argentea,1
contact_angle,1
hydrophilic_characteristic,1
polyfuran,1
glow_discharge,1
low_activation_energy,1
oligomerization,1
homodimer,1
patient_compliance,1
metformin,1
sweetening_agent,1
pharmaceutical_solution,1
stevia_rebaudiana,1
endocrinology,1
breast_adenocarcinoma,1
sucrose,1
"chemistry,_pharmaceutical",1
receptor_binding,1
chitosan_derivative,1
zwitterionic_pendant_group,1
conductivity_property,1
lithium_battery,1
"rara_protein,_human",1
retinoic_acid,1
cell_motion,1
tretinoin,1
"receptors,_retinoic_acid",1
advanced_glycosylation_end_product_specific_receptor,1
advanced_glycation_end_product_receptor,1
dimer,1
tissue_distribution,1
nerve_cell_lesion,1
molecular_recognition,1
"ager_protein,_rat",1
protein_domain,1
immunoblotting,1
molecular_model,1
image_processing,1
"transcription,_genetic",1
sucralose,1
medicinal_chemistry,1
trichlorosucrose,1
colorimetry,1
rating_scale,1
leuprorelin,1
walking,1
lung_neoplasm,1
retinoic_acid_receptor,1
map_kinase_signaling_system,1
transcription_independent_mechanism,1
cell_invasion,1
mitogen_activated_protein_kinase,1
lung_adenocarcinoma,1
retinoic_acid_receptor_alpha,1
polysome,1
antacid,1
antidote,1
neutrophil_chemotaxis,1
inhibition_kinetics,1
magnesium_silicate,1
magnesium_compound,1
drug_delivery_system,1
inorganic_ligand,1
controlled_drug_delivery,1
fickian_diffusion_mechanism,1
reference_material,1
x_ray_diffraction_profile,1
targeted_drug_delivery,1
surface_functionalization,1
cell_movement,1
gait,1
spinal_cord_compression,1
microglia,1
micturition_reflex,1
sol_gel_chemistry,1
emission_intensity,1
crystallized_film,1
ceramic,1
annealing_temperature,1
silicon_compound,1
enzyme_mechanism,1
anti_inflammatory_response,1
mobile_security,1
roof,1
silicon_derivative,1
kinetics_and_mechanism,1
population_research,1
addiction,1
geriatric_disorder,1
lowest_income_group,1
psychosis,1
linear_feedback_control,1
linear_state_feedback_control,1
nonlinear_feedback,1
anti_inflammatories,1
magnesium_derivative,1
myeloperoxidase,1
sulforhodamine_b,1
frequency_of_inversion_site,1
rheological_additive,1
cytotoxic_activity,1
antacid_agent,1
silver_halide,1
spectrometric_analysis,1
membrane_formation,1
salt,1
nanofluidics,1
crystalline_material,1
oxide_film,1
spray_pyrolysis_technique,1
zinc_oxide_thin_film,1
crystalline_phase,1
x_ray_diffraction_spectrum,1
crystalline_direction,1
nanometric_structure,1
optical_absorbance,1
rural_area,1
suicidal_ideation,1
objective_measure,1
non_negative_sparse_coding,1
additive_noise,1
signal_denoising,1
feature_extraction_method,1
perceptual_evaluation_of_speech_quality,1
acoustic_noise,1
irradiated_polymer,1
bode_diagram,1
swift_heavy_ion,1
track,1
voltage_reduction,1
membrane_thickness,1
silver_oxide,1
etching,1
ion_transmission,1
volumetric_mass_transfer_coefficient,1
manganese_dioxide,1
alkalinity,1
mass_transfer_modeling,1
semi_continuous_reactor,1
linear_relation,1
selective_formation,1
synthetic_solution,1
volumetric_analysis,1
diet_supplementation,1
erythrina,1
denoising_sound_signal,1
signal_reconstruction,1
receptive_field,1
discharge_pattern,1
de_noising,1
hamilton___jacobi_equation,1
terbium_compound,1
dip_coating_technique,1
europium_compound,1
thickness_of_the_film,1
kinematic_system,1
parallel_parking,1
sub_riemannian_geometry,1
sub_riemannian,1
motion_planning,1
probability_density,1
langevin_equation,1
strict_equivalence,1
lagrangian_function,1
harmonic_analysis,1
alkaline_battery,1
transition_state,1
genetic_improvement,1
breeding,1
virus_infection,1
population_size,1
genetic_selection,1
numerical_result,1
three_phasis,1
breadth_first_search,1
pso_algorithm,1
particle_swarm_optimization,1
global_optimum,1
depth_first_search,1
unconstrained_optimization,1
unconstrained_optimization_problem,1
path_integral,1
soluble_dietary_fibre,1
asymptotic_analysis,1
exchange_energy_functional,1
correlation_functionals,1
lowest_unoccupied_molecular_orbital,1
dynamic_polarizabilities,1
ionization_potential,1
non_hydrogen_transfer_reaction,1
halogen_bonding,1
catalytic_function,1
rate_determining_step,1
barrier_height,1
chalcogen_atom,1
enzyme_model,1
bioorganic_chemistry,1
halogen_compound,1
approximation_algorithm,1
screened_coulomb_potential,1
bound_state,1
point_canonical_transformation,1
acacia,1
exudation,1
acacia_gum,1
emulsifying_property,1
emulsion_stability,1
acacia_cochliacantha,1
acacia_farnesiana,1
carbohydrate_fraction,1
arabinogalactan_protein,1
oil_in_water_emulsion,1
biochemical_composition,1
acacia_senegal,1
calcium_derivative,1
maize_starch,1
calcium_compound,1
optical_micrographs,1
"spectroscopy,_fourier_transform_infrared",1
lime_concentration,1
amylopectin,1
lime,1
electric_property,1
viscoelastic_behaviour,1
specie_diversity,1
pollution_effect,1
wetland,1
lerma_basin_[mexico],1
water_resource,1
shigella,1
nmr_chemical_shift,1
interaction_energy,1
supramolecular_interaction,1
dodecyltrimethylammonium_chloride,1
supramolecular_complex_formation,1
heteroaromatic_compound,1
supramolecular_synthesis,1
gel_chromatography,1
oxide,1
"chromatography,_gel",1
thixotropy,1
crystallinities,1
hydrated_lime,1
calcium_oxide,1
gelatinization,1
elasticity,1
metarhizium,1
biological_pest_control,1
fungal_viability,1
atmospheric_condition,1
chemical_phenomenon,1
tenebrio,1
conidial_production,1
"pest_control,_biological",1
metarhizium_anisopliae_var._lepidiotum,1
sierpinski,1
computer_aided_design,1
computational_mechanic,1
puzzle,1
empty_space,1
three_dimensional_computer_graphic,1
interview,1
sitosterol,1
phytochemical,1
coumaric_acid,1
apigenin,1
saponin,1
psychometrics,1
student,1
hydrophobic_and_hydrophilic_interaction,1
mass_production,1
fungal_virulence,1
tenebrio_molitor,1
mycoinsecticide,1
heat_tolerance,1
value_engineering,1
virulence,1
metarhizium_anisopliae,1
electrospray_mass_spectrometry,1
immobilization,1
rotarod_test,1
beta_amyrin,1
liver_function,1
caffeic_acid,1
weight_change,1
plant_medicinal_product,1
muscle_strength,1
hindlimb_suspension,1
chrysactinia_mexicana_extract,1
asteraceae,1
low_drug_dose,1
drug_megadose,1
inverted_screen_test,1
time_of_flight_mass_spectrometry,1
experimental_formation,1
thermochemical_analysis,1
melting_enthalpy,1
formation_enthalpy,1
olefin,1
tannin_derivative,1
acute_toxicity,1
clomipramine,1
rotarod_performance_test,1
turnera_diffusa,1
stigmasterol,1
quercetangetin,1
tail_suspension_test,1
motor_coordination,1
phytosterol,1
chrysactinia_mexicana,1
theoretical_value,1
micro_combustion_calorimetry,1
nonholonomic_system,1
non_holonomic_constraint,1
nonholonomic_motion_planning,1
multiple_emulsion,1
antioxidant_compound,1
texture_analysis,1
antioxidant_capacity,1
physico_chemical_analysis,1
agent,1
traditional_cheese,1
grape_polyphenols,1
physicochemical_characteristic,1
electronic_chemical_potential,1
delta_function,1
formic_acid,1
structural_and_electronic_property,1
actinium,1
full_potential_linearized_augmented_plane_wave_method,1
rare_earth_metal,1
electronic_property,1
exchange_correlation_energy,1
structural_transition,1
hypothetical_structure,1
spin_orbit_coupling,1
protective_effect,1
emulsion_method,1
protective_capacity,1
human_erythrocyte,1
calorimeter,1
combustion_energy,1
connected_set,1
nonconvex,1
hurwitz_polynomial,1
pan,1
sensory_cortex,1
nerve_projection,1
nerve_fiber,1
premotor_cortex,1
specie_comparison,1
supplementary_motor_area,1
corpus_callosum,1
connectome,1
diffusion_tensor_imaging,1
spider_monkey,1
aerosol_composition,1
atmospheric_pollution,1
titania_nano_particles,1
operation_window,1
geometric_approximation,1
disulfide,1
filtration,1
disulfides,1
liquid_dispersion,1
biomass_accumulation,1
void_fraction,1
dimethyl_disulfide,1
air_filter,1
dimethyl_disulfides,1
topology,1
differential_topology,1
hadamard_product,1
interval_polynomial,1
elastic_wave,1
reliability_theory,1
nuevo_leon,1
nanotechnology,1
monterrey,1
incentive,1
technology_policy,1
chihuahua,1
technology_adoption,1
science_and_technology,1
innovation,1
nanocatalysts,1
vanadium_pentoxide,1
temperature_interval,1
nano_structured_catalyst,1
structure_stability,1
acoustic_transducer,1
plane_wave_expansion_method,1
reciprocity_relation,1
piecewise_continuous,1
chemical_potential,1
grand_canonical_ensemble,1
dirac_delta_function,1
electronic_temperature,1
oxidative_degradation,1
abstracting,1
acoustic_emission_testing,1
modelling_and_experiment,1
vibration,1
theoretical_calculation,1
plane_wave_expansion,1
free_boundary_condition,1
health_care_facility,1
"influenza,_human",1
hospital_infection,1
respiratory_syncytial_virus,1
human_respiratory_syncytial_virus,1
consultation,1
community_acquired_infection,1
rice_stripe_virus,1
influenza,1
disease_outbreak,1
virus_cell_interaction,1
population_surveillance,1
wide_frequency_range,1
electromagnetic_acoustic_transducer,1
electric_network_analyzer,1
vector_network_analyzer,1
hurst_exponent,1
market_participant,1
time_measurement,1
autocorrelation,1
long_term_autocorrelation,1
asymmetric_persistence,1
time_scale,1
price_trend,1
herding_behavior,1
crude_oil_price,1
crude_oil_market,1
epidemic,1
superinfection,1
influenza_virus,1
potos,1
disease_activity,1
higher_order_statistic,1
distribution_function,1
smoluchowski_equation,1
out_of_equilibrium,1
asymptotic_limit,1
translational_motion,1
diffusion_equation,1
active_fluctuation,1
electrolytic_system,1
equivalent_circuit,1
electrical_conductivity,1
starch_transformation,1
electrical_resistance,1
electrolytic_resistance,1
electrochemical_characterization,1
redox_property,1
commelinales,1
diptera,1
pollination,1
pontederiaceae,1
insect,1
flower,1
pontederia_sagittata,1
nectar,1
syrphidae,1
uv_vis_spectrum,1
preferential_co_oxidation,1
deactivation,1
supported_gold,1
co_prox,1
surface_plasmons,1
probability_distribution,1
temperature_range,1
acetic_acid_ethyl_ester,1
atmospheric_oxidation,1
intermediate_product,1
ethyl_tert_butyl_ether,1
ethyl_t_butyl_ether,1
urban_and_regional_pollution,1
methyl_t_butyl_ether,1
antiacetylcholinesterase_activity,1
bouvardia_ternifolia,1
clausius_clapeyron_equation,1
kelvin_equation,1
behavioral_ecology,1
apidae,1
hymenoptera,1
apis_mellifera,1
square_lattice,1
percolation_cluster,1
spanning_cluster,1
fractal_dimension,1
lacunarity,1
percolation,1
correlation_length,1
network_correlation,1
lattice_element,1
site_percolation,1
transition_temperature,1
plant_mucilage,1
enthalpy_entropy_compensation,1
sorption_isotherm,1
mucilage,1
water_activity,1
redundancy_factor,1
static_analysis,1
redundancy,1
moment_frame,1
dapsone,1
folic_acid_antagonist,1
caspase,1
in_situ_nick_end_labeling,1
antiapoptotic_activity,1
liquid_liquid_extraction,1
tequila,1
volatile_compound,1
discriminant_analysis,1
production_process,1
aroma,1
ionization_of_liquid,1
benzothiazole_derivative,1
fructose_bisphosphate_aldolase,1
bouvardia_ternifolia_extract,1
amyloid_beta_peptides,1
scopoletin,1
coumarin_derivative,1
chlorocebus_aethiops,1
benzothiazoles,1
cercopithecus_aethiops,1
whole_cell_biocatalyst,1
hydrocarbon_degradation,1
sorption_capacity,1
degrading_activity,1
air_lift_bioreactors,1
seismic_code,1
structural_redundancy,1
parametric_sensitivity_analysis,1
mass_transfer_mechanism,1
sensitivity_analysis,1
reactor_engineering,1
oxygen_transport,1
cell_engineering,1
giardia_lamblia,1
thiazoles,1
nitro_compound,1
parasitic_sensitivity_test,1
vero_cell_line,1
nitro_derivative,1
acetamide_derivative,1
thiazole_derivative,1
vero_cell,1
drug_sensitivity,1
male_homosexuality,1
attitude_to_health,1
attitude_to_death,1
health_promotion,1
peracetic_acid,1
ultraviolet_ray,1
public_service,1
ultraviolet_c_radiation,1
waste_water_recycling,1
"waste_disposal,_fluid",1
disinfectant_agent,1
disinfectant,1
suspended_particulate_matter,1
ultraviolet_radiation,1
disinfection,1
cell_inactivation,1
tyrosine,1
computational_biology,1
"cystatin,_egg_white",1
enzyme_binding,1
mathematical_computing,1
fluorometry,1
biology,1
cysteine_proteinase_inhibitor,1
health_service_accessibility,1
condom,1
"homosexuality,_male",1
social_medium,1
acquired_immunodeficiency_syndrome,1
"health_knowledge,_attitudes,_practice",1
social_stigma,1
social_class,1
body_posture,1
peptide_fragment,1
rubiaceae,1
quercetin_derivative,1
cholinesterase_inhibitor,1
coumarins,1
amyloid_beta_protein,1
posture,1
muscle_tone,1
native_specie,1
muscle_tonus,1
plant_protein,1
cystatin,1
cystatins,1
glutamic_acid,1
chymopapain,1
routing_algorithm,1
sale,1
multiobjective_optimization,1
vehicle_routing_problem,1
evolutionary_algorithm,1
transportation_logistics,1
multi_objective_problem,1
set_of_customer,1
evolutionary_approach,1
vehicle_routing_problem_with_backhaul,1
specialization,1
"sleep,_rem",1
tree,1
diurnal_variation,1
platyrrhini,1
rainforest,1
pressure_coefficient,1
turbulence_intensity,1
flow_instability,1
commercial_software,1
oscillating_frequency,1
finite_volume_method,1
semigirth,1
digraph,1
directed_graph,1
projective_plane,1
acyclic_disconnection,1
girth,1
graph_algorithm,1
number_of_vehicle,1
combinatorial_optimization,1
network_routing,1
nmr_technique,1
ambiguous_data,1
organ_weight,1
malondialdehyde,1
lipopolysaccharides,1
ranitidine,1
malonaldehyde,1
anti_ulcer_agent,1
stomach_ulcer,1
gastrointestinal_agent,1
dinoprostone,1
glutathione_reductase,1
antiulcer_agent,1
lipopolysaccharide,1
large_eddy_simulation,1
physical_quantity,1
greenhouse_effect,1
citrus_x_paradisi,1
ananas_comosus,1
protein_content,1
tissue_scaffold,1
plasma,1
polylactic_acid,1
confocal_microscopy,1
polyglycolic_acid,1
polyglactin,1
tissue_engineering,1
structure_elucidation,1
shift_technique,1
nmr_spectrum,1
pure_shift,1
multi_step,1
slip_forming,1
seismic_process,1
natural_time,1
seismicity,1
stick_slip,1
different_granularity,1
slip_system,1
entropy_change,1
black_body,1
heat,1
dilution_coefficient,1
reversible,1
irreversible,1
irreversible_heat,1
reversible_heat,1
energy_and_entropy,1
merging,1
data_mining,1
cognitive_psychology,1
manufacture,1
design/methodology/approach,1
behavioral_research,1
production_rule,1
survey,1
development_methodology,1
garment_industry,1
on_site_observation,1
knowledge_representation,1
textile_industry,1
tectonic_plate,1
entropy_measure,1
entropy_fluctuation,1
bond_strength,1
electron_charge_transfer,1
electrochemical_reaction,1
reduced_graphene_oxide,1
electronic_interaction,1
carbon_based_material,1
oxygen_reduction_reaction_kinetics,1
oxygen_reduction_reaction,1
jaw_neoplasm,1
glypican,1
glypicans,1
soft_system_methodology,1
manufacturing_process,1
cognitive_engineering,1
clothes,1
expert_system,1
transformer_tank,1
analytical_calculation,1
arsenopyrite,1
solid_concentration,1
thiosulfate_solution,1
factorial_experimental_design,1
pollution_control,1
gold_extraction,1
sodium_hydroxide_pretreatment,1
ore,1
thiosulfate_leaching,1
polarization_effect,1
contact_ion_pair,1
dispersion_interaction,1
electrolyte_solution,1
ab_initio_molecular_dynamic,1
flexible_diaphragm,1
structural_analysis,1
diaphragm,1
concrete_structure,1
steel_deck,1
aspect_ratio,1
model_catalyst,1
enhanced_catalytic_activity,1
promotional_effect,1
thyristors,1
w_based_catalyst,1
bessel_equation,1
eddy_current,1
electric_transformer,1
eddy_current_loss,1
analytical_formula,1
numerical_convergence,1
transformer,1
iterative_method,1
actual_power_network,1
integral_equation_formulation,1
analytical_method,1
computational_design,1
computational_demand,1
apartment_house,1
building,1
flexibility_index,1
flat_slab,1
composite_floor_system,1
office_building,1
precast_beam,1
floor,1
new_drug,1
ibuprofen,1
chlorogenic_acid,1
conventional_construction,1
environmental_problem,1
mediterranean_climate,1
power_market,1
national_consumption,1
reduction_in_energy_consumption,1
construction_cost,1
phpp,1
building_energy_efficiency,1
architectural_design,1
pregnadienes,1
astrocytoma_cell_line,1
culture_technique,1
lipid_peroxide,1
semi_permeable_membrane,1
oppenauer_reaction,1
multi_component_diffusion,1
isothermal_reactor,1
chiral_amine,1
oppenauer_oxidation,1
multi_component_mass_transport,1
secondary_alcohol,1
soft_potential,1
coulomb_problem,1
coulomb_potential,1
pregnane_derivative,1
glioblastoma,1
ketoprofen,1
sulindac,1
nuclear_power_plant,1
homoclinic_bifurcation,1
traveling_wave,1
takens_bogdanov_bifurcation,1
traffic_flow_modeling,1
bautin_bifurcation,1
first_lyapunov_exponent,1
traffic_control,1
traveling_wave_solution,1
traffic_flow,1
aryldialkylphosphatase,1
gluconolactonase,1
parkinsonian_disorder,1
enzyme_induction,1
mevinolin,1
lovastatin,1
drug_absorption,1
postoperative_period,1
spodoptera,1
"oils,_volatile",1
caryophyllene,1
sesquiterpene,1
laguna_verde_npp,1
conventional_technique,1
out_of_phase,1
cofrentes_npp,1
fast_fourier_transforms,1
hemachatus_haemachatus,1
in_phase,1
power_oscillation,1
time_frequency_representation,1
power_spectrum_density,1
diffusional_mass_transfer,1
pseudo_second_order_model,1
fixed_bed_adsorber,1
langmuir_kinetics,1
langmuir_isotherm,1
conceptual_design,1
particle_diffusion,1
diffusion_characteristic,1
volume_of_distribution,1
drug_monitoring,1
drug_clearance,1
drug_elimination,1
calcium_channel_blocking_agent,1
dipeptidyl_carboxypeptidase_inhibitor,1
absorption_rate_constant,1
population,1
momentum,1
momentum_transfer,1
muscle,1
enrichment,1
cephalopoda,1
dosidicus_gigas,1
artemia,1
cephalopod_culture,1
mg_al_layered_double_hydroxide,1
lower_energy_barrier,1
trivalent_cation,1
theoretical_investigation,1
layer_composition,1
layer_interaction,1
negative_ion,1
interlayer_anion,1
silver_deposit,1
electrolyte_penetration,1
electrolytic_bath,1
drought,1
constrained_control,1
control_system_analysis,1
lyapunov_function,1
global_stabilization,1
convexity,1
control_lyapunov_function,1
permeability_prediction,1
mechanical_equilibrium,1
longitudinal_component,1
volume_averaging,1
mass_and_momentum_transport_equation,1
dispersed_flow,1
tert_butyl_methyl_ether,1
alkane_hydroxylase,1
"cloning,_molecular",1
transcription,1
waste_treatment,1
modeling,1
zinc_electrowinning,1
electrowinning,1
anodic_potential,1
manganese_removal,1
deposit,1
anodic_oxidation,1
ion_concentration,1
silver_electrode,1
oxygen_evolution,1
polarization_curve,1
particle_drift_velocity,1
analytical_expression,1
non_monotonic_function,1
motion,1
particle_displacement,1
pseudomonas_citronellolis,1
alkb,1
methyl_ether,1
tert_butyl_alcohol,1
recombinant_protein,1
paraffin,1
cloning,1
co_metabolism,1
mixed_function_oxidase,1
mixed_function_oxygenase,1
methyl_tert_butyl_ether,1
range_finding,1
intermolecular_potential,1
climatology,1
stria_terminalis,1
amygdala,1
"injections,_subcutaneous",1
medial_amygdala,1
parvovirus_vector,1
sniffing,1
subcutaneous_drug_administration,1
hypothalamus_ventromedial_nucleus,1
room_temperature_ionic_liquid,1
inter_molecular_force,1
square_well_chain,1
comb_like_structure,1
constant_drift_velocity,1
outpatient,1
myositis,1
kidney_biopsy,1
predictive_value_of_test,1
alopecia,1
medical_record_review,1
laboratory_diagnosis,1
photosensitivity,1
lymphocytopenia,1
bone_erosion,1
lupus_erythematosus_nephritis,1
rheumatology,1
sensitivity_and_specificity,1
ambulatory_care_facility,1
carnosine,1
aliphatic_chain,1
food_control,1
acetylsalicylic_acid,1
allostasis,1
aspirin,1
food_microbiology,1
fibromyalgia,1
diagnostic_test_accuracy_study,1
likelihood_function,1
"antibodies,_antinuclear",1
gold_standard,1
outpatient_department,1
"lupus_erythematosus,_systemic",1
ribonucleoprotein_antibody,1
leukopenia,1
double_stranded_dna_antibody,1
erythema,1
alternative_route,1
second_order_differential_equation,1
anti_reflection,1
second_order_ordinary_differential_equation,1
hyperbolic_tangent_function,1
reflective_coating,1
circular_dichroism,1
diabetic_nephropathy,1
human_serum_albumin,1
hemodialysis,1
chemiluminescence_immunoassay,1
glomerular_filtration_rate,1
diabetic_patient,1
thiol_group,1
protein_conformation,1
hemodialysis_patient,1
minimum_inhibitory_concentration,1
shear_thinning,1
solubility_value,1
pasting_temperature,1
chain_length_distribution,1
stochastic_equation,1
fractional_transport_equation,1
hydroelasticity,1
intermediate_scattering_function,1
hydrodynamic_equation,1
light_scattering_spectrum,1
fractional_correlation,1
fractional_viscoelastic_fluid,1
antireflection_coating,1
energy_harvesting,1
hyperbolic_function,1
high_temperature_nuclear_reactor,1
aqueous_sulphuric_acid,1
nuclear_fuel_element,1
thermo_chemical_water_splitting,1
exergy_analysis,1
thermal_energy,1
thermal_analysis,1
enrofloxacin,1
limit_of_quantitation,1
stomach_emptying,1
enrofloxacin_hydrochloride_dihydrate,1
maximum_plasma_concentration,1
fluoroquinolones,1
mean_residence_time,1
limit_of_detection,1
broiler,1
dye_photodegradation,1
azo_dye,1
mesoporous_tio,1
yttrium_doped,1
nanomorphologies,1
decolourization,1
ultraviolet_lamp,1
electrospun_fiber,1
efficient_energy_transfer,1
electron_transport_molecule,1
electrospinnability,1
bphen,1
electron_transport_property,1
anergy_generation,1
s_i_cycle,1
nuclear_fuel_rod,1
textile_blend,1
scanning_electron,1
nano_clay,1
experimental_method,1
yarrowia_lipolytica,1
microorganism,1
nootkatone,1
phanerochaete_chrysosporium,1
substrate_inhibition,1
product_inhibition,1
screening,1
yttrium_alloy,1
yttrium,1
bottle,1
organic_specie,1
low_cost,1
selective_localization,1
concentration_range,1
physical_attractiveness,1
"housing,_animal",1
short_hairpin_rna,1
"sexual_behavior,_animal",1
ventromedial_hypothalamic_nucleus,1
sexual_behavior,1
thalamus_ventral_nucleus,1
lordosis,1
"rna,_small_interfering",1
preoptic_area,1
septum_nucleus,1
animal_housing,1
lowest_energy_state,1
organically_modified_montmorillonite,1
acclimation,1
dgge_pattern,1
halide,1
acclimated_culture,1
metabolic_capacity,1
carbon_source,1
acclimatization,1
feeding,1
trace_element,1
toxicity_test,1
sublethal_effect,1
biomarker,1
cyprinid,1
danio_rerio,1
kaolinite,1
conjugated_polymer,1
countable_set,1
countable_tightness,1
k_separable_space,1
simple++,1
proenkephalin,1
immunoglobulin_m,1
protein_precursor,1
metenkephalin,1
naloxone,1
enkephalin,1
"enkephalin,_methionine",1
mimosa,1
egregia,1
microbial_community_structure,1
halogenated_compound,1
community_structure,1
cell_cycle_s_phase,1
peripheral_lymphocyte,1
chromatid,1
cell_isolation,1
cytogenetic_analysis,1
chromosome_breakage,1
hydroxyurea,1
chromosome_analysis,1
human_cell_culture,1
chromosome_damage,1
metaphase,1
dyadic_compact_space,1
subcompact_space,1
separable_space,1
čech_complete_space,1
dense_subspace,1
prognostic_assessment,1
postoperative_care,1
doxorubicin,1
adjuvant_chemotherapy,1
triple_negative_breast_cancer,1
fluorescence_in_situ_hybridization,1
docetaxel,1
overall_survival,1
mastectomy,1
cyclophosphamide,1
paclitaxel,1
carboplatin,1
local_recurrence_free_survival,1
dna_strand_breakage,1
chromosome_aberration,1
lymphoblastoid_cell_line,1
nitrous_oxide_emission,1
parameter,1
nitrous_oxide,1
environmental_restoration_and_remediation,1
reaction_temperature,1
optimal_operation_condition,1
oxidative_desulfurization,1
graphite_carbon,1
diesel_fuel,1
dibenzothiophenes,1
dibenzothiophene_oxidation,1
dissolution,1
practice_guideline,1
measurement_precision,1
paracetamol,1
drug_stability,1
large_scale_structure_of_universe,1
respiratory_quotient,1
carnitine_palmitoyltransferase,1
mitochondrial_respiration,1
carnitine_o_palmitoyltransferase,1
liver_mitochondrion,1
energy_expenditure,1
fatty_acid_oxidation,1
food_deprivation,1
malonyl_coenzyme_a,1
"models,_animal",1
ketone_body,1
carnitine_palmitoyltransferase_i,1
lipid_metabolism,1
ecosystem_restoration,1
reaction_analysis,1
lennard_jones_fluid,1
replica_exchange,1
lennard_jones,1
inert_gas,1
coexistence_curve,1
galaxy_formation,1
cosmology:_theory,1
galaxy,1
lagrangian,1
cosmology,1
dynamical_evolution,1
volume_deformation,1
method:_numerical,1
cold_dark_matter,1
high_redshift,1
large_volume,1
septal_nucleus,1
high_temperature_gas_reactor,1
pebble_bed_modular_reactor,1
brayton_cycle,1
gas_cooled_reactor,1
point_reactor_kinetics,1
mechanical_energy,1
nuclear_fuel,1
exergy_balance,1
maximum_efficiency,1
energy_generation,1
structure_function,1
single_input_single_output,1
multi_variable,1
passive_control_system,1
interfacial_property,1
correlation_method,1
recalcitrant_compound,1
wide_band_gap_semiconductor,1
serotonin_agonist,1
glucoside,1
ketanserin,1
serotonin_agent,1
kaempferol,1
tranquilizing_activity,1
tilia,1
malvaceae,1
tilia_americana,1
serotonin_receptor_affecting_agent,1
phytotherapy,1
anti_anxiety_agent,1
quercitrin,1
one_pot_synthesis,1
diels_alder_reaction,1
alnus,1
ring_opening,1
diamine,1
isonitrile_derivative,1
maleic_anhydride,1
microwave_radiation,1
zero_order_kinetics,1
correlation_analysis,1
allophane,1
octahedral_coordination,1
spin_spin_interaction,1
volcanic,1
enzymatic_activity,1
new_zealand,1
p_cresol,1
anaerobic_granular_sludge,1
simultaneous_removal,1
nitric_acid_derivative,1
nitrogen_derivative,1
terminal_electron_acceptor,1
denitrification,1
batch_cell_culture_technique,1
nitrogen_balance,1
anaerobic_metabolism,1
anaerobic_oxidation,1
intermediate,1
anaerobic_ammonium_oxidation,1
cresol,1
hexamethylenebis_amide,1
oxazole,1
floral_trait,1
incipientwetness_impregnation,1
hydrotalcite_like_compound,1
ldh,1
transesterification_reaction,1
transesterification,1
hydrotalcites,1
reflection_and_refraction,1
dielectric_interface,1
multi_layered_system,1
stratified_periodic_medias,1
mirror,1
physical_meaning,1
quarter_wavelength,1
mathematical_description,1
oxidation_kinetics,1
active_surface_area,1
upd,1
audiovisual_equipment,1
motion_picture_a_topic,1
social_interaction,1
electrochemical_behaviour,1
electrografting,1
ferulic,1
oxidation_potential,1
oxidation_mechanism,1
electrodonating,1
autogamy,1
mammillaria_pectinifera,1
mammillaria,1
fruit_production,1
seed_production,1
tubular_reactor,1
temperature_measurement,1
fixed_bed_reactor,1
social_web,1
community_detection,1
social_networking,1
graph_theory,1
sociosemantics,1
twitter,1
information_mining,1
modified_ito_electrode,1
au_nanoparticle,1
monolayers,1
gold_nanoparticles,1
potentiostatic_current_transient,1
potentiodynamic_experiment,1
diet_restriction,1
fasting,1
duodenum_mucosa,1
small_intestine,1
plasma_cell,1
alpha_chain,1
"intestine,_small",1
ileum_mucosa,1
secretory_immunoglobulin,1
robustness_property,1
two_term_control_system,1
cascade_control_structure,1
linear_proportional_integral_controller,1
variable_structure,1
temperature_error,1
cascade_control_system,1
reading,1
verbal_memory,1
dry_mass,1
pithecellobium_dulce,1
ash,1
fat_content,1
nutrient_content,1
fat,1
adrenalin_blood_level,1
ileum,1
lamina_propria,1
hormone_blood_level,1
antibody_production,1
duodenum,1
stress_hormone,1
adrenalin,1
domestic_waste,1
pleurotus_ostreatus,1
developing_world,1
touch,1
childhood_cancer,1
perception,1
speech_and_language,1
skill,1
posterior_cranial_fossa_tumor,1
cognitive_remediation_therapy,1
visual_memory,1
hearing,1
comprehension,1
neuropsychology,1
movement,1
cognitive_rehabilitation,1
radioisotope,1
reservoir_characterization,1
radioisotope_distribution,1
radiosensitivity,1
diffusion_coefficient,1
dic,1
repository,1
porous,1
radioisotope_decay,1
grass,1
sustainability,1
garden,1
triticum_aestivum,1
wheat,1
waste_management,1
cultivation,1
biotechnology,1
predictive_simulation,1
small_rna,1
experimental_validation,1
mathematical_simulation,1
genetic_vaccination,1
gene_therapy,1
uncharged_trna,1
high_copy_plasmid,1
plasmid_replication,1
isotope,1
dc,1
decay,1
thickness,1
dr,1
radionuclide,1
lamb,1
human_animal_bond,1
blood_cell_count,1
creatine_kinase,1
tetragastris_balsamifera,1
adiposity,1
reference_standard,1
electromagnetically_actuated_system,1
magnetic_levitation_vehicle,1
differentially_flat_nonlinear_system,1
signal_analysis,1
mass_spring_damper_mechanical_system,1
signal_estimation,1
trajectory_tracking_task,1
nonlinear_magnetic_levitation_system,1
nucleic_acid,1
ocimum_baislicum_extract,1
acinetobacter_baumannii,1
prunus,1
methicillin_resistant_staphylococcus_aureus,1
prunus_serotina_extract,1
metronidazole,1
larrea_tridentata,1
larrea,1
listeria_monocytogenes,1
isoniazid,1
hyptis,1
enzyme_immunoassay,1
object_relation,1
infrared_photography,1
"bonding,_human_pet",1
animal_welfare,1
prunus_serotina,1
crataegus_mexicana,1
antiprotozoal_activity,1
hyptis_albida_extract,1
pseudomonas_aeruginosa,1
hyptis_albida,1
staphylococcus_aureus,1
larrea_tridentata_extract,1
sarsaparilla,1
stenotrophomonas_maltophilia,1
enterobacter_cloaca,1
ocimum_baislicum,1
crataegus_mexicana_extract,1
ocimum,1
tuberculostatic_agent,1
crataegus,1
dicotyledon,1
distribution_model,1
ecological_characteristic,1
climate_change_scenario,1
arid_region,1
specie_inventory,1
niche_breadth,1
ecological_niche_modeling,1
mycorrhiza,1
restoration_project,1
semiarid_region,1
ecological_quality,1
ecological_restoration,1
shrubland,1
smilax_extract,1
levofloxacin,1
forest_ecosystem,1
conservation,1
magdalena_basin,1
pressure__state_response_model,1
temperate_forest,1
ecosystem_management,1
ecosystem,1
conservation_status,1
ecosystem_function,1
bioindicator,1
restoration,1
tolerance,1
semi_arid_environment,1
climate_model,1
habitat_fragmentation,1
restoration_ecology,1
biomedical_application,1
contrast_agent,1
ferrite,1
capra_hircus,1
microhabitat,1
seed_dispersal,1
mimosa_luisana,1
goat,1
seed_predation,1
seed_treatment,1
germination,1
structural_equation_modeling,1
environmental_indicator,1
function_evaluation,1
indicator,1
forestry,1
sequence_homology,1
gene_cluster,1
filamentous_fungus,1
nygerone_a,1
fungal_community,1
fungal_genome,1
fungal_genetics,1
microbial_product_not_classified_elsewhere,1
one_step_synthesis,1
mono_dispersed,1
superparamagnetics,1
mri_contrast_agent,1
surfactant_free,1
medical_application,1
cobalt_ferrite,1
nanowhiskers,1
black_string,1
radiation_parameter,1
material_science,1
photoluminescence_spectroscopy,1
benzene_refining,1
organometallics,1
structural_characterization,1
oxide_semiconductor,1
gallium_nitride_nanoparticles,1
benzene,1
different_solvent,1
solvothermal_method,1
fungus_isolation,1
fungus_growth,1
extreme_environment,1
aspoquinolone_a,1
ionization_chamber,1
detector_sensitivity,1
high_spatial_resolution,1
partial_volume_effect,1
dosimetric_property,1
equivalent_measurement,1
copper_ion,1
drug_metabolite,1
gracilariales,1
algae,1
hydropuntia,1
rhodophyta,1
hydropuntia_cornea,1
bulk_solution,1
matter_field,1
time_evolution,1
social_psychology,1
cultural_factor,1
brain_region,1
geographic_distribution,1
emotionality,1
ethnographic_research,1
brain_degeneration,1
cognitive_defect,1
mini_mental_state_examination,1
sensorimotor_neuropathy,1
irradiation_condition,1
photoionization,1
particle_beam,1
photoelectron,1
reference_dosimetry,1
diode,1
silica_nanoparticles,1
photon_correlation_spectroscopy,1
industrial_wastewater,1
white_light_emission,1
switching_system,1
switched_linear_system,1
dissipative_system,1
strange_attractor,1
switched_system,1
characteristic_polynomial,1
polynomial_approach,1
chaotic_attractor,1
mental_deterioration,1
patient_attitude,1
religion,1
attitude_to_illness,1
water_contamination,1
atomic_absorption,1
silica_nanoparticle,1
atomic_absorption_spectroscopy,1
internal_surface_area,1
lead_ion,1
small_particle_size,1
volume,1
flocculation,1
aerosil,1
critical_flocculation_concentration,1
density,1
heavy_metal_removal,1
hydrophilic_group,1
adsorption_process,1
dynamic_light_scattering,1
water_emulsion,1
zeta_potential,1
carotenoiddegradation_kinetic,1
chitosan_complex,1
potentiometric_titration,1
ionic_strength,1
layer_by_layer,1
titration,1
potentiometer,1
layer_by_layer_emulsion,1
red_chilli,1
resin,1
mass_ratio,1
matrix,1
turbidity,1
ostwald_ripening,1
"fatty_acids,_volatile",1
two_stage_anaerobic_digestion,1
municipal_wastewater,1
sludge_digestion,1
loading_test,1
removal,1
chemical_oxygen_demand_removal,1
leachate,1
anaerobic_hydrolytic_leach_bed_reactor,1
leachates,1
optical_transmission_measurement,1
raman_spectroscopy_characterization,1
biological_agent,1
electron_transmission_microscopy,1
structural_quality,1
cd_nanoparticles,1
geographical_distribution,1
balsa_river,1
specie_richness,1
frugivory,1
tyrannidae,1
myiarchus_cinerascens,1
foraging_behavior,1
bursera,1
dry_forest,1
tyrannus_vociferans,1
zoochory,1
succession,1
biochemical_oxygen_demand,1
volatile_substance,1
cod_removal_efficiency,1
biological_oxygen_demand_analysis,1
protein_hydrolysate,1
technological_application,1
solid_oxide_fuel_cell,1
impurity,1
ytterbium,1
structural_and_electrical_property,1
ultrasonic_spray_pyrolysis,1
grain_boundary,1
electronic_conduction,1
uv_visible_spectroscopy,1
micro_solid_oxide_fuel_cell,1
impurity_diffusion,1
optical_spectroscopy,1
spectral_response,1
resonant_energy_transfer,1
solar_photovoltaics,1
cystadenocarcinoma,1
submandibular_gland,1
rna_extraction,1
acinar_cell_carcinoma,1
cornea,1
"contact_lenses,_hydrophilic",1
hydrophilic_contact_lens,1
oxygen_consumption,1
nonlinear_dynamic,1
"electrophoresis,_polyacrylamide_gel",1
protein_purification,1
proteinase,1
protein_secretion,1
polyacrylamide_gel_electrophoresis,1
sea_cucumber,1
gelatin,1
parotid_gland,1
diaminobenzidine,1
salivary_gland_neoplasm,1
mammaglobin,1
cancer_localization,1
parotidectomy,1
lymph_node_metastasis,1
periodic_acid_schiff_stain,1
fusion_gene,1
adenosquamous_carcinoma,1
polyclonal_antibody,1
cheek_mucosa,1
salivary_gland_tumor,1
mammary_analogue_secretory_carcinoma,1
lymph_node_dissection,1
salivary_gland_carcinoma,1
electric_power_system,1
electric_signal_system,1
chaotic_signal,1
velocity_trajectory,1
dc_electric_motor,1
electric_power_system_control,1
output_feedback,1
lorenz_system,1
system_mathematical_modeling,1
centers_of_mass,1
scaling,1
three_body_problem,1
linear_stability,1
oblateness,1
energy_momentum_method,1
phase_space_method,1
fruit_peel,1
excitatory_amino_acid_antagonist,1
"receptors,_n_methyl_d_aspartate",1
thallium,1
hypothalamus,1
dizocilpine_maleate,1
brain_protection,1
mesencephalon,1
"injections,_intraperitoneal",1
intraperitoneal_drug_administration,1
synaptic_transmission,1
amino_acid_receptor_blocking_agent,1
brain_chemistry,1
differentiation_scheme,1
electric_motor,1
dc_motor,1
desulfurization_reaction,1
lhhw,1
langmuir_hinshelwood_hougen_watson,1
cecum,1
feces_analysis,1
plant_product,1
lipid_blood_level,1
prebiotic_agent,1
malus_domestica,1
bifidobacterium,1
short_chain_fatty_acid,1
pear,1
agricultural_waste,1
lactic_acid_bacterium,1
blood_analysis,1
opuntia_ficus_indica,1
expression_vector,1
drug_dose,1
estrogen_derivative,1
drug_binding,1
uterus_weight,1
hela_cell,1
yeast,1
estrogen_receptor,1
anticoagulant,1
dna_responsive_element,1
hela_cell_line,1
hydrogenation,1
platinum_metal,1
bimetallic_catalyst,1
contribution_analysis,1
substituted_dibenzothiophenes,1
diabetes_control,1
dipeptidyl_peptidase_iv,1
globulin,1
fulvestrant,1
"receptors,_estrogen",1
transactivation,1
response_element,1
transcriptional_activation,1
estradiol,1
estrogen_activity,1
reporter_gene,1
anticoagulant_agent,1
estrogen_receptor_beta,1
beta_galactosidase,1
propylene_glycol,1
uterus,1
seed_storage_protein,1
dipeptidyl_peptidase_iv_inhibitor,1
energy_and_exergy,1
real_time_system,1
control_equipment,1
multivariable_analysis,1
stator,1
decentralized_control,1
high_performance_application,1
robust_multivariable_control,1
convergence_of_numerical_method,1
linear_feedback_control_system,1
individual_channel_analysis_and_design,1
protein_isolation,1
sitagliptin,1
antidiabetic_activity,1
morbid_obesity,1
insulin_resistance,1
slow_wave_sleep,1
sleep_stage,1
oxygen_desaturation,1
gel_filtration,1
single_drug_dose,1
diprotin_a,1
postprandial_state,1
chronic_drug_administration,1
impaired_glucose_tolerance,1
grain,1
amaranthus_hypochondriacus_extract,1
pharmacological_parameter,1
glutenin,1
streptozotocin_induced_diabetes_mellitus,1
dithiothreitol,1
vapor,1
hyperinsulinemia,1
protein_blood_level,1
sleep_time,1
sleep_apnea_syndrome,1
"obesity,_morbid",1
electrooculography,1
apnea_hypopnea_index,1
electromyography,1
hyperinsulinism,1
"sleep_apnea,_obstructive",1
sleep_disordered_breathing,1
atorvastatin,1
abdominal_circumference,1
tumor_necrosis_factor,1
vapor_phase_epitaxy,1
dihydrobenzoic_acid,1
benzoic_acid_derivative,1
winter,1
aerodynamic_diameter,1
seasonal_difference,1
summer,1
southern_california,1
california,1
photochemical_processing,1
geographical_region,1
pentetic_acid,1
adverse_health_effect,1
electrophile,1
semivolatile_organic,1
reactive_chemical,1
crop_productivity,1
seedling,1
transplantation,1
profit,1
fertigation,1
soil_property,1
drip_irrigation,1
trap_crop,1
plant_water_use,1
crop_production,1
plastic_mulch,1
capsicum,1
transplanting_date,1
crop,1
soil_type,1
chemical_compound,1
mulch,1
water_use_efficiency,1
water_productivity,1
irrigation,1
loam_soil,1
tabasco,1
planting_time,1
harvest,1
evapotranspiration,1
capsicum_chinense,1
profitability,1
economic_evaluation,1
planting_density,1
benefit_cost_ratio,1
pepper,1
plastic,1
head_and_neck_neoplasm,1
ameloblastic_carcinoma,1
radiography,1
head_and_neck_tumor,1
mandible_resection,1
carcinoma,1
curettage,1
scopolamine,1
genetic_distance,1
datura_stramonium,1
atropine,1
genetic_trait,1
trichome,1
genetic_drift,1
pest_control,1
crop_evapotranspiration,1
drunken_driving,1
mantel_haenszel_estimator,1
cocaine_related_disorder,1
electronic_transition,1
uv_vis_absorption,1
chalcone_derivative,1
antioxidant_mechanism,1
buoyancy_force,1
two_phase_flow,1
natural_convection,1
boussinesq_approximation,1
transient_behavior,1
natural_circulation,1
transient_analysis,1
buoyancy,1
enucleation,1
vascular_endothelium,1
"endothelium,_vascular",1
intracellular_signaling,1
perfusion,1
"models,_cardiovascular",1
monocyte,1
umbilical_vein_endothelial_cell,1
vein_blood_flow,1
umbilical_vein,1
cell_activation,1
case_crossover,1
self_administered_questionnaire,1
cocaine,1
case_crossover_design,1
frequency_information,1
driving_under_the_influence,1
vascularization,1
endothelial_cell,1
vascular_endothelial_growth_factor_a,1
vasculotropin_a,1
microvessels,1
microvasculature,1
orosomucoid,1
nonparametric_test,1
mesoderm,1
endothelium_cell,1
potential_parameter,1
pair_potential,1
lennard_jones_type,1
kihara_potential,1
sticky_hard_sphere,1
hemodynamics,1
superconducting_material,1
fluid_interaction,1
complex_geometry,1
microscopic_level,1
adsorption_desorption_process,1
hysteresis_cycle,1
adsorption_and_desorption,1
oligo,1
excimer_emission,1
thiophene_monomer,1
thiophene,1
monomer_emission,1
poly_thiophene,1
copolymer,1
"statistics,_nonparametric",1
myxoma,1
low_power_electronics,1
wave_form,1
resonant_inductor,1
hydrogen_bonding,1
salmonella,1
dionaea,1
"lysyl_arginyl_ornithine_binding_protein,_bacteria",1
"crystallography,_x_ray",1
x_ray_crystallography,1
bacterial_protein,1
clinical_examination,1
urinary,1
rural_population,1
occupational_health_service,1
ion_selective_electrode,1
nitrogen_adsorption_and_desorption,1
solar_concentrators,1
solar_hydrogen_production,1
heat_convection,1
oxide_reduction,1
sun,1
concentrated_solar_radiation,1
ray_tracing,1
solar_radiation,1
solar_fuel,1
transient_heat_transfer,1
solar_reactor,1
hydrogen_storage,1
solar_equipment,1
power_electronics_converter,1
dc_dc_converter,1
boost_converter,1
aorta_arch_syndrome,1
supraventricular_tachycardia,1
cardiomyopathy,1
systemic_rheumatic_disease,1
lung_embolism,1
immunoassay,1
anca_associated_vasculitis,1
false_negative_result,1
autoimmune_disease,1
pulmonary_hypertension,1
rheumatic_disease,1
false_positive_result,1
fuel_storage,1
digital_storage,1
conduction_and_convection_heat_transfer,1
thermo_chemical_reactor,1
area_ratio,1
mobility_limitation,1
disease_progression,1
jatropha_curcas,1
cell_suspension_culture,1
transportation_safety,1
road_transport,1
environmental_stress,1
suidae,1
electrophysiology,1
gabaergic_system,1
bicuculline,1
picrotoxin,1
nuclear_magnetic_resonance,1
flumazenil,1
neurotransmission,1
identification_approach,1
real_time_measurement,1
multiple_degree_of_freedom_system,1
mechanical_system,1
bioacumulation,1
murashige_skoog_medium,1
chromium_compound,1
bioaccumulation_factor,1
motor_drive,1
adaptive_control_system,1
engineering_application,1
induction_motor_control,1
enzyme_electrode,1
electrochemical_biosensor,1
working_electrode,1
michaelis_menten,1
