words,count
metabolism,50
genetics,37
mexico_[north_america],33
rat,27
chemistry,24
gene_expression,21
mouse,21
protein_expression,18
molecular_dynamic,18
real_time_polymerase_chain_reaction,15
plant_extract,15
scanning_electron_microscopy,15
enzyme_activity,15
antioxidant,14
gene,14
cell_proliferation,14
protein,13
biological_marker,13
physiology,13
western_blotting,13
glucose,13
simulation,12
numerical_method,12
mexico_city,12
enzyme_linked_immunosorbent_assay,11
bioinformatics,11
adsorption,11
inflammation,11
tumor_necrosis_factor,11
body_mass,11
morphology,11
density_functional_theory,11
high_performance_liquid_chromatography,11
carbon_dioxide,11
particle_size,11
synthesis,11
hydrodynamics,11
synthesised,10
ph,10
titanium_dioxide,10
prediction,10
apoptosis,10
cell_culture,10
catalysis,10
oxidative_stress,10
genetic_variability,10
depression,10
fourier_transform_infrared_spectroscopy,10
polymerase_chain_reaction,10
heart_rate,10
catalyst_activity,10
kinetics,10
risk_factor,10
flow_cytometry,9
physicochemical_property,9
sensitivity_analysis,9
phenotype,9
pathology,9
pregnancy,9
cholesterol,9
messenger_rna,9
follow_up,9
sperm,9
biomass,9
cell_viability,9
federal_district_[mexico],9
newborn,8
nitrogen,8
me_xico,8
phylogeny,8
body_weight,8
mammal,8
microbial_community,8
prevalence,8
cytotoxicity,8
molecular_docking,8
temperature,8
chemical_composition,8
x_ray_diffraction,8
biomarkers,8
microrna,8
systolic_blood_pressure,8
upregulation,8
oxidation,8
enzyme_inhibition,8
performance,8
concentration,8
preschool_child,7
obesity,7
cohort_analysis,7
lipid,7
genotype,7
cytokine,7
water,7
crystal_structure,7
diffusion,7
micrornas,7
antioxidant_activity,7
property,7
glass,7
ii_vi_semiconductor,7
rna,7
lithium_compound,7
porous_material,7
physiological_stress,7
bacterium,7
microbiology,7
signal_transduction,7
molecule,7
dna,7
energy_gap,7
diastolic_blood_pressure,7
ion,7
in_vivo_study,7
dna_extraction,7
entropy,7
down_regulation,7
glucose_blood_level,6
condition,6
transmission_electron_microscopy,6
antineoplastic_agent,6
infrared_device,6
psychology,6
epidemiology,6
hydrogen_production,6
longitudinal_study,6
zinc_oxide,6
biodiversity,6
cognitive_defect,6
antibiotic_resistance,6
triacylglycerol,6
heat_transfer,6
quality_of_life,6
body_composition,6
brain,6
lipid_peroxidation,6
fermentation,6
catalyst,6
wistar_rat,6
disease_severity,6
bat,6
ammonia,6
bioreactors,6
wastewater_treatment,6
plant,6
sewage,6
immune_response,6
machine_learning,6
photocatalytic_activity,6
rna_extraction,6
oxygen,6
spermatozoon_motility,6
differential_gene_expression,6
surface_property,6
blood_sampling,6
hydrogen_bond,6
x_ray_photoelectron_spectroscopy,6
atom,6
aging,6
reactive_oxygen_metabolite,6
polynomial,6
hydrophobicity,6
histopathology,6
computer_model,6
histology,6
immunohistochemistry,6
computational_fluid_dynamic,6
body_weight_gain,5
water_quality,5
ecosystem,5
oocyte,5
environmental_factor,5
sodium_compound,5
survival,5
aromatic_compound,5
binary_alloy,5
sheep,5
methanol,5
nanoparticles,5
microorganism,5
disease,5
single_nucleotide_polymorphism,5
lithium_ion_battery,5
oxygen_vacancy,5
heavy_metal,5
antiinfective_agent,5
blood_pressure,5
animal_behavior,5
proton_nuclear_magnetic_resonance,5
porous_medium,5
veterinary_medicine,5
reproduction,5
surface_area,5
amino_acid,5
simple++,5
gas,5
prospective_study,5
bioreactor,5
glutathione,5
electroencephalography,5
drug_solubility,5
alkalinity,5
pacific_ocean,5
two_dimensional,5
finite_element_method,5
semen,5
drug_formulation,5
dynamic_simulation,5
case_report,5
ursolic_acid,5
seismology,5
clinical_feature,5
toxicity,5
drug_synthesis,5
biochemistry,5
water_management,5
hydrogen,5
diabetes_mellitus,5
food_intake,5
biochemical_analysis,5
bacteria,5
observational_study,5
cell_migration,5
carbon,5
metal_nanoparticles,5
methane,5
time_series_analysis,5
genomics,5
mrna_expression_level,5
nitrate,5
lactic_acid,5
algorithm,5
chlorine_compound,5
"child,_preschool",5
human_experiment,5
transport_property,5
spermatozoon,5
animal_welfare,5
physical_chemistry,5
insulin,5
cell_differentiation,5
chemical_interaction,5
cytology,5
thermography,5
xylazine,5
coral_reef,5
ground_state,5
pentobarbital,5
latin_america,4
neural_network,4
rna_isolation,4
calcium,4
dissolved_oxygen,4
questionnaire,4
photon_correlation_spectroscopy,4
poly,4
tumor_marker,4
citrus_fruit,4
genetic_association,4
fluorine_compound,4
genetic_algorithm,4
genetic_variation,4
velocity,4
protein_blood_level,4
fertility,4
equilibrium_constant,4
environmental_management,4
particulate_matter,4
university_student,4
citric_acid,4
internet,4
student,4
copper,4
thermodynamics,4
energy_efficiency,4
carbon_nuclear_magnetic_resonance,4
theoretical_study,4
free_radical,4
hippocampus,4
retention_time,4
tensor,4
medicinal_plant,4
limit_of_detection,4
gamma_interferon,4
bacterial_strain,4
peripheral_blood_mononuclear_cell,4
bacterial_growth,4
transcriptome,4
precipitation,4
static_electricity,4
kegg,4
transcriptomics,4
pharmacokinetics,4
hysteresis,4
packed_bed,4
minimum_inhibitory_concentration,4
reynolds_number,4
inoculation,4
matrix,4
paracetamol,4
"rna,_messenger",4
human_activity,4
chemical_stability,4
ethylene,4
dehydrogenation,4
titanium,4
dissolution,4
phase_interface,4
quality_control,4
aqueous_solution,4
drug_structure,4
ketamine,4
metal_organic_framework,4
fetus,4
c_reactive_protein,4
isoflurane,4
thin_layer_chromatography,4
microarray_analysis,4
drinking_water,4
chiroptera,4
mass_spectrometry,4
adipose_tissue,4
uncertainty_analysis,4
%_reduction,4
cardiovascular_disease,4
experimental_design,4
decapitation,4
geographical_distribution,4
cancer_cell,4
mass_transfer,4
relative_abundance,4
biocompatibility,4
fruit,4
infrared_spectroscopy,4
carboxy_terminal_sequence,4
stochastic_system,4
circular_dichroism,4
thermostability,4
antidiabetic_agent,4
efficiency,4
breathing_rate,4
hydrolysis,4
anaerobic_digestion,4
high_throughput_sequencing,4
conservation_status,4
creatinine,4
comorbidity,4
albumin,4
ultraviolet_radiation,4
chemical_oxygen_demand,4
diagnostic_imaging,4
exercise,4
electrolyte,4
overall_survival,4
cell_survival,4
zinc,4
metal_site,4
bismuth_compound,4
fungi,4
two_phase_flow,4
immunoreactivity,4
rural_population,4
energy_transfer,4
irradiation,4
thermogravimetric_analysis,4
nuclear_magnetic_resonance,4
molecular_interaction,4
molecular_structure,4
tumor_cell_line,4
decision_making,4
waste_water_management,4
wetland,4
"cell_line,_tumor",4
anti_bacterial_agent,4
bacterial_gene,4
taxonomy,4
drug_release,4
tellurium_compound,4
nonlinear_equation,4
column_chromatography,4
nuclear_magnetic_resonance_spectroscopy,4
dynamic,4
allele,4
anxiety_disorder,4
community_structure,4
current,4
dna_sequence,4
promoter_region,4
gene_mutation,4
bacterium_isolate,4
controller,4
heart_rate_variability,4
nitrite,4
sustainability,4
greenhouse_gas,3
urban_area,3
computer_assisted_tomography,3
palmitic_acid,3
estrus_cycle,3
cell_communication,3
diet,3
first_order,3
coral,3
biogeography,3
pacific_coast_[north_america],3
spatiotemporal_analysis,3
reproducibility,3
sedentary_lifestyle,3
flow_rate,3
pacific_coast_[mexico],3
phase_transition,3
birth_weight,3
cognitive_behavioral_therapy,3
cognition,3
blood_analysis,3
computational_biology,3
gene_interaction,3
gestational_age,3
energy,3
aluminum_alloy,3
mortality,3
mtt_assay,3
synergistic_effect,3
surface_charge,3
natural_product,3
nitric_oxide,3
trunk,3
headache,3
bradford_assay,3
antihypertensive_agent,3
autonomic_nervous_system,3
thermoregulation,3
body_temperature,3
motor_performance,3
seasonal_variation,3
homeostasis,3
genome,3
iron_compound,3
arousal,3
liquid_chromatography_mass_spectrometry,3
epithelium_cell,3
complication,3
cattle,3
bovine,3
kinetic_theory,3
domestic_animal,3
zinc_compound,3
environmental_protection,3
maximum_concentration,3
organometallics,3
carbonyl_derivative,3
superoxide_dismutase,3
pandemic,3
alpha_glucosidase,3
metronidazole,3
seismic_response,3
reinforced_concrete,3
cycloaddition,3
metalorganic_framework,3
alcohol_consumption,3
hydroxyl_radical,3
pilot_study,3
area_under_the_curve,3
high_density_lipoprotein_cholesterol,3
glutathione_peroxidase,3
low_density_lipoprotein_cholesterol,3
fasting_blood_glucose_level,3
lactation,3
gene_amplification,3
gold,3
immunofluorescence_assay,3
dna_damage,3
stochastics,3
t_lymphocyte,3
estradiol,3
analgesic_agent,3
protein_analysis,3
amide,3
antibiotic,3
antibiotic_sensitivity,3
seismic_design,3
stiffness,3
cholesterol_blood_level,3
drug_delivery_system,3
sulfur_compound,3
agriculture,3
flow_in_porous_medium,3
chitosan,3
gold_nanoparticles,3
homogeneous_porous_medium,3
epididymis,3
nervous_system_development,3
bacterium_identification,3
extraction,3
gene_ontology,3
uterine_cervix_cancer,3
quantum_theory,3
gene_linkage_disequilibrium,3
caribbean_region,3
anthozoa,3
bacterial_virulence,3
electron_microscopy,3
abundance,3
binding_site,3
estrogen_receptor,3
spectroscopy,3
glycoprotein,3
euthanasia,3
lipid_composition,3
structure_activity_relation,3
chemical_structure,3
optical_,3
ageratina,3
caribbean,3
protected_area,3
educational_status,3
anxiety,3
fracture,3
haplotype,3
genetic_susceptibility,3
gelatinase_b,3
parasitology,3
peptide,3
genetic_transcription,3
forecasting,3
disease_exacerbation,3
sedation,3
disease_association,3
genotyping,3
tensile_strength,3
pig,3
spatial_analysis,3
drug_mechanism,3
stearic_acid,3
tumor_suppressor_gene,3
pharmacodynamics,3
cancer_prognosis,3
real_world,3
]+_catalyst,3
oxidative_dehydrogenation_of_ethane,3
ethane,3
powder,3
excipient,3
nickel_oxide,3
nonlinear_system,3
perovskite,3
light_absorption,3
drug_isolation,3
immunoglobulin_enhancer_binding_protein,3
chemical_analysis,3
swine,3
protein_phosphorylation,3
high_resolution_transmission_electron_microscopy,3
spinal_cord_injury,3
organic_solvent,3
electronic_structure,3
cell_membrane,3
plant_seed,3
molecular_dynamic_simulation,3
staphylococcus_aureus,3
protein_protein_interaction,3
gene_sequence,3
bioremediation,3
urea,3
dog,3
bitch,3
molecular_docking_simulation,3
immunofluorescence,3
dye,3
effluent,3
biopolymers,3
vasculotropin,3
protein_processing,3
differential_expression_analysis,3
fluorescence,3
fluorescence_intensity,3
cerium_oxide,3
zirconia,3
ciprofloxacin,3
micro_algae,3
microalgae,3
computation_theory,3
microbial_sensitivity_test,3
brain_region,3
classification,3
progesterone,3
sleep_disorder,3
cell_cycle,3
co_doping,3
chemical_bond,3
secondary_metabolite,3
matrix_algebra,3
solid_state_fermentation,3
waste_water_treatment_plant,3
carboxylic_acid,3
cellulose,3
steady_state,3
diffusion_resistance,3
membrane_channel,3
nitrification,3
metabolite,3
singular_value_decomposition,3
conservation,3
genome_wide_association_study,3
x__ray_diffraction,3
crystalline_structure,3
genetic_analysis,3
rural_area,3
bandwidth,3
eigenvalue_and_eigenfunctions,3
light,3
photodegradation,3
polysaccharide,3
chihuahuan_desert,3
corrosion,3
mental_disease,3
bagg_albino_mouse,3
cryopreservation,3
embryo,3
biofuels,3
corpus_striatum,3
drug_efficacy,3
mitochondrion,3
transforming_growth_factor_beta,3
nervous_system_inflammation,3
anaerobiosis,3
biosynthesis,3
anaerobic_growth,3
blood_cell_count,3
copy_number_variation,3
nanoparticle,3
biofilm,3
antimicrobial_activity,3
timing_circuit,3
genetic_polymorphism,3
gene_frequency,3
hydrogen_atom,3
leaching,3
silicon,3
computer_simulation,3
enzyme_activation,3
leukocyte_count,3
chemical_reactor,3
prognosis,3
hemoglobin,3
hypothalamus,3
triacylglycerol_blood_level,3
cross_coupling_reaction,3
heteronuclear_multiple_bond_correlation,3
heterogeneous_catalyst,3
water_buffalo,3
monocyte,3
bentonite,3
clay_mineral,3
antibacterial_activity,3
plant_medicinal_product,3
dipeptidyl_carboxypeptidase_inhibitor,3
ecology,3
spectrophotometry,3
"waste_disposal,_fluid",3
breeding,3
fern,3
acetic_acid,3
bacterium_culture,3
education,3
testosterone,3
heterojunctions,3
biodegradation,3
sol_gel_process,3
sol__gel_method,3
dispersion,3
numerical_model,3
electrochemical_impedance_spectroscopy,3
hydroxymethylglutaryl_coenzyme_a_reductase_inhibitor,3
hypertension,3
acetylcholine,3
reverse_transcription_polymerase_chain_reaction,3
randomized_controlled_trial,3
protein_carbonylation,3
cell_death,3
optical_tweezer,3
photoluminescence,3
nanocomposites,3
limit_of_quantitation,3
demographic,3
software,3
monte_carlo_method,3
virulence_factor,3
structural_analysis,3
activation_energy,3
normal_human,3
salt,3
hospitalization,3
acetylsalicylic_acid,3
colombia,3
insulin_resistance,3
gas_chromatography,3
free_energy,3
disease_activity,3
sucrose,3
non_insulin_dependent_diabetes_mellitus,3
factorization,3
theoretical_framework,3
echography,3
nucleation,3
kinetic_parameter,3
solvent,3
sodium_chloride,3
biological_process,3
forcefields,3
van_der_waals_force,3
drop,3
smoothed_particle_hydrodynamics,3
pore_size,3
real_time_reverse_transcription_polymerase_chain_reaction,3
chemical_compound,3
bacterial_spore,3
fractal,3
caloric_intake,3
lagrange_multiplier,3
symmetrics,3
flower,3
impeller,3
exposed_to,3
pre_eclampsia,3
preeclampsia,3
buffalo,3
molecular_marker,2
descriptive_research,2
reproducibility_of_result,2
public_health_service,2
laser_induced_breakdown_spectroscopy,2
atomic_emission_spectroscopy,2
laserinduced_breakdown_spectroscopy,2
deep_learning,2
generative_adversarial_network,2
heredity,2
automation,2
nucleic_acid,2
root_mean_squared_error,2
technology,2
reef,2
probability,2
discrete_model,2
mexico_[mexico_],2
metropolitan_area,2
microrheology,2
morphometry,2
feed_conversion_ratio,2
maize,2
mixing,2
electric_power_utilization,2
agitated_tank,2
disease_model,2
long_term_exposure,2
locomotion,2
sperm_motility,2
lung,2
adverse_event,2
random_process,2
grip_strength,2
hypothesis_testing,2
optimal_sequential_test,2
sequential_test,2
sequential_analysis,2
optimal_sequential,2
optimal_stopping,2
poverty,2
health_care_access,2
childhood_obesity,2
diet_supplementation,2
rescaled_range_analysis,2
fractality,2
neurodegenerative_disease,2
stochastic_model,2
immunoglobulin_g,2
public_policy,2
optimal_system,2
lactobacillales,2
fungus_growth,2
culture_medium,2
growth_inhibition,2
functional_group,2
hydrodynamic_simulation,2
abstracting,2
lactic_acid_bacterium,2
cell_invasion,2
gene_overexpression,2
genetic_transfection,2
anthropogenic_effect,2
hurst_exponent,2
investment,2
ionic_liquid,2
spinodal_decomposition,2
liquid_droplet,2
van_der_waal,2
aquifer,2
process_control,2
adsorption_behaviour,2
aluminum,2
longevity,2
lewis_acid,2
primate,2
macrogol,2
polymer,2
nociception,2
lipid_metabolism,2
gravimetry,2
vibration,2
finite_element,2
fecal_coliform,2
"rats,_sprague_dawley",2
neuroprotective_agent,2
coumarin_derivative,2
kidney,2
rheumatoid_arthritis,2
methotrexate,2
leflunomide,2
watershed,2
literature_review,2
water_resource,2
sustainable_development,2
hierarchical_system,2
mitigation,2
soil,2
dynamic_response,2
optical_property,2
continuum_mechanic,2
physisorption,2
glioblastoma,2
albendazole,2
source_apportionment,2
organic_carbon,2
electric_field,2
disease_duration,2
diagnosis,2
sprague_dawley_rat,2
fatty_acid,2
x_ray_fluorescence,2
brownian_movement,2
bacterium_isolation,2
timentin,2
environment,2
reaction_kinetics,2
lactate_dehydrogenase,2
hyperuricemia,2
angiotensin_receptor_antagonist,2
felid,2
carbohydrate,2
blood_brain_barrier,2
membrane_permeability,2
carbohydrate_metabolism,2
metabolic_fingerprinting,2
glutathione_disulfide,2
propionic_acid,2
ultra_performance_liquid_chromatography,2
ternary_alloy,2
game_addiction,2
internet_addiction,2
age,2
liquid_crystal,2
video_game,2
addiction,2
"behavior,_addictive",2
internet_addiction_disorder,2
acidity,2
information_science,2
quantum_chemistry,2
glucocorticoid,2
nematics,2
urea_nitrogen_blood_level,2
arsenic,2
atomic_absorption_spectrometry,2
acclimatization,2
chlorophyll_a,2
hydrocortisone,2
naproxen,2
probability_density_function,2
magnetite,2
intelligent_system,2
electrospray_mass_spectrometry,2
photoperiodicity,2
intestine,2
sequence_analysis,2
hospital,2
cyprinid,2
chromium,2
intestine_mucosa_permeability,2
white_light_emission,2
nir_emission,2
conservation_equation,2
sea_surface_temperature,2
protein_bax,2
ultraviolet_ray,2
biological_water_treatment,2
sandwich_elisa,2
waterbodies,2
escherichia_coli,2
potable_water,2
newtonian,2
nuclear_magnetic_resonance_imaging,2
magnetic_resonance_imaging,2
high_calorie_diet,2
epiphyte,2
stomach_juice,2
trace_element,2
elemental_analysis,2
skull,2
survival_rate,2
cancer_survival,2
testis,2
testosterone_blood_level,2
motivation,2
starch,2
oxide_mineral,2
sol_gels,2
hydrophilicity,2
apparent_permeability,2
dispersity,2
lamina_propria,2
peyer_patch,2
relative_humidity,2
terpenoid,2
new_specie,2
guerrero,2
sierra_madre_[mexico],2
endemism,2
tin,2
cadmium,2
productivity,2
photosynthetic_activity,2
pregnancy_rate,2
chemoluminescence,2
tank,2
pump,2
xrd,2
ftir,2
hexane,2
power,2
mass_fragmentography,2
cytotoxicity_assay,2
fluorescence_microscopy,2
muscle_mass,2
contact_angle,2
cost_effectiveness,2
structural_component,2
excited_state,2
energy_dissipation_device,2
energy_dissipation,2
lymphocyte_count,2
small_intestine,2
liver,2
protein_kinase_b,2
nuclear_overhauser_effect,2
magnetic_resonance_spectroscopy,2
heteronuclear_single_quantum_coherence,2
palladium_compound,2
silica_nanoparticles,2
molecular_mechanism,2
lower_eyelid,2
lumbar_region,2
thorax,2
abdomen,2
biotechnology,2
sinaloa,2
season,2
leukocyte,2
invasive_ventilation,2
creatine_kinase,2
novel_object_recognition_test,2
learning,2
brain_derived_neurotrophic_factor,2
serotonin,2
kidney_tissue,2
tissue_injury,2
aorta,2
aerial_plant_part,2
mathematical_model,2
efficient_process,2
hela_cell_line,2
dimerization,2
antiinflammatory_activity,2
kidney_injury,2
receiver_operating_characteristic,2
survival_analysis,2
nonparametric_test,2
mixed_constraint,2
nerve_injury,2
creatinine_blood_level,2
waste_component_removal,2
crystallization,2
aroma,2
specie_richness,2
chlorogenic_acid,2
ozone,2
air_quality,2
catalytic_reaction,2
packed_bed_reactor,2
dyslipidemia,2
clostridium,2
anoxic_condition,2
colony_forming_unit,2
disease_classification,2
persistence_length,2
metagenomics,2
case_study,2
photobioreactors,2
iron,2
metal_recovery,2
temperature_distribution,2
metal_ion,2
optimal_control_system,2
optimal_control,2
optimisation,2
palladium_complex,2
calculation,2
information_theory,2
clinical_trial,2
multicenter_study,2
positive_ion,2
dissociation,2
confocal_laser_scanning_microscopy,2
theoretical_model,2
luminescence,2
thermodynamic_stability,2
artificial_insemination,2
sperm_quality,2
x_ray_photoemission_spectroscopy,2
photocatalysis,2
total_organic_carbon,2
impedance_spectroscopy,2
embryo_development,2
resveratrol,2
polyvinyl_alcohol,2
porosity,2
fluid_flow,2
brain_cortex,2
membrane_depolarization,2
dna_copy_number_variation,2
parkinson_disease,2
genetic_marker,2
levodopa,2
antibiotic_agent,2
water_purification,2
principal_component_analysis,2
pramipexole,2
mitochondrial_dna,2
gene_deletion,2
"polymorphism,_genetic",2
alcohol,2
ethanol,2
adsorption_capacity,2
chronoamperometry,2
photo_activities,2
boundary_value_problem,2
textural_property,2
specie_diversity,2
triazole_derivative,2
enzyme,2
intestine_fluid,2
plasma_cell,2
in_vitro_oocyte_maturation,2
blastocyst,2
euphorbiaceae,2
quenching,2
nuclear_reactor,2
oxidation_rate,2
validation_process,2
liver_cell_carcinoma,2
cyclic_voltammetry,2
tourism,2
microbial_consortium,2
diffusive_transport,2
disorder_of_mitochondrial_function,2
"polymorphism,_single_nucleotide",2
medicine,2
in_vitro,2
virus,2
pathophysiology,2
ultraviolet_spectrophotometry,2
drug_absorption,2
polyurethane,2
marine_environment,2
immobilisation,2
buffer,2
volume_of_distribution,2
immunoglobulin_a,2
sludge_digestion,2
dry_season,2
enterococcus,2
anaerobic_sludge,2
silicone,2
heat_flux,2
transcriptome_sequencing,2
socioeconomics,2
gamma_aminobutyric_acid,2
host_symbiont_interaction,2
sleep,2
"biomarkers,_tumor",2
curcumin,2
in_vitro_fertilization,2
tooth_germ,2
odontogenic_tumor,2
odontoma,2
invasive_specie,2
introduced_specie,2
nicotiana,2
clay,2
mammalian_embryo,2
cumulus_cell,2
preservation,2
polyphenol,2
quercetin,2
visible_spectrophotometry,2
chemical_activation,2
molar_ratio,2
incubation_time,2
learning_algorithm,2
deep_neural_network,2
quantitative_analysis,2
chlorophyll,2
ascomycete,2
short_term_exposure,2
phycocyanin,2
gentamicin,2
sultamicillin,2
volume_averaging_method,2
valorisation,2
methylene_blue,2
quartz_crystal_microbalance_technique,2
in_silico,2
cell_cycle_regulation,2
carbon_dioxide_tension,2
phase_separation,2
diffusion_in_liquid,2
stillbirth,2
hormone,2
cell_line,2
phenol_derivative,2
chemotaxis,2
bisphenol_s,2
heaviside,2
elastic_wave,2
digestion,2
high_risk_population,2
energy_dispersive_spectroscopy,2
electrodeposition,2
hypoxia,2
animal_food,2
"infant,_newborn",2
pyrrole_derivative,2
bovine_serum_albumin,2
epifluorescence_microscopy,2
functionalized,2
absorption_spectroscopy,2
photocatalytic_degradation,2
upscaling,2
contamination,2
immunoblotting,2
protein_purification,2
factorial_design,2
ampicillin,2
effluent_treatment,2
seed,2
acid_catalyzed_ring_opening,2
cyclability,2
cyclohexene_oxide,2
eutectic,2
deep_eutectic_solvent,2
growth_kinetics,2
nucleation_and_growth,2
different_size,2
quartz_crystal_microbalance,2
micro_particle,2
surface_plasmon_resonance,2
lewis_acid_site,2
alcoholysis,2
olefin,2
narrow_channel,2
transport_coefficient,2
zinc_sulfide,2
field_emission_microscope,2
photoelectron_spectroscopy,2
piperacillin_plus_tazobactam,2
fungal_strain,2
mangrove,2
biological_activity,2
cefepime,2
cotrimoxazole,2
pancreatic_carcinoma,2
sperm_capacitation,2
population_statistic,2
near_infrared_laser,2
indirect_band_gap,2
neodymium_compound,2
water_conservation,2
"genes,_bacterial",2
mevinolin,2
ceftazidime,2
ascomycota,2
levofloxacin,2
coumaric_acid,2
lupeol,2
antineoplastic_activity,2
sitosterol,2
acrosome_reaction,2
design,2
multi_objectives_optimization,2
melt_quenching,2
industrial_scale,2
hotspot,2
gabapentin,2
gas_phase_reaction,2
semiconductor_doping,2
co_doped,2
mechanical,2
zeta_potential,2
coating,2
nonlinear_dynamic,2
performance_assessment,2
degradation,2
oxide,2
wall,2
pollutant_removal,2
"drug_resistance,_microbial",2
stearic_acid_derivative,2
hausner_ratio,2
dna_repair,2
gene_expression_regulation,2
"gene_expression_regulation,_neoplastic",2
abc_transporter,2
laser_excitation,2
midazolam,2
protein_binding,2
bayesian_network,2
gene_expression_profiling,2
optimization_algorithm,2
constrained_optimization,2
multiobjective_optimization,2
glucose_intolerance,2
core_temperature,2
territory,2
computer_programming,2
encapsulation,2
non_linear,2
stability,2
pancreatic_ductal_carcinoma,2
pancreas_tumor,2
pancreas_carcinoma,2
"carcinoma,_pancreatic_ductal",2
pancreatic_neoplasm,2
ecosystem_service,2
computer_aided_design,2
endemic_specie,2
purification,2
biomass_composition,2
error,2
peru,2
slip_flow,2
newtonian_fluid,2
creeping_flow,2
formaldehyde,2
morphological_trait,2
pain,2
bispectral_index,2
minor_surgery,2
cryptorchism,2
false_discovery_rate,2
pigment,2
social_structure,2
potassium_dihydrogen_phosphate,2
infection_prevention,2
remission,2
pharmacology,2
amyloid,2
crystal,2
catalytic_property,2
amine,2
matrix_metalloproteinase,2
mesh_generation,2
nonsteroid_antiinflammatory_agent,2
conservation_management,2
generalist,2
endangered_specie,2
angle_of_repose,2
ion_exchange,2
atlantic_ocean,2
red_alga,2
phylogenetics,2
environmental_exposure,2
quality_adjusted_life_year,2
protein_synthesis,2
microwave_radiation,2
sneezing,2
progesterone_receptor,2
differential_scanning_calorimetry,2
borotellurite_glass,2
raman_spectroscopy,2
periurban_area,2
glucose_intake,2
stigmasterol,2
flow_field,2
fractal_dimension,2
fixed_point,2
dynamical_system,2
spermatozoon_maturation,2
ultracentrifugation,2
exosome,2
prostate_cancer,2
binding_affinity,2
enthalpy,2
gene_silencing,2
monophenol_monooxygenase,2
clinical_assessment,2
waist_circumference,2
physical_activity,2
neutron,2
laplace_transform_method,2
intra_abdominal_fat,2
lncap_cell_line,2
wnt_signaling,2
spermatozoon_density,2
dopamine,2
computational_chemistry,2
bismuth,2
aluminum_oxide,2
alumina,2
methicillin_resistant_staphylococcus_aureus,2
genetic_predisposition,2
genetic_predisposition_to_disease,2
mortality_rate,2
electrocatalysts,2
sea_water,2
conceptual_density_functional_theory,2
descriptor,2
sperm_maturation,2
fuel_oil,2
small_interfering_rna,2
bacterium_detection,2
kinanthropometry,2
laplace_transforms,2
beta_lactam,2
salmonella,2
finite_element_analyse,2
design_optimization,2
epigenetics,2
weaning,2
ewe,2
ribosome_dna,2
united_state,2
hydrocarbon,2
antidiabetic_activity,2
enzyme_kinetics,2
fibroblast,2
globulin,2
shear_thinning,2
non_newtonian_liquid,2
sulfamethoxazole,2
vegetable,2
multiphase_flow,2
pressure_difference,2
electrostatics,2
gold_nanoparticle,2
alginate,2
risk_assessment,2
wetting,2
semen_parameter,2
bacillus,2
amino_terminal_sequence,2
differential_equation,2
colloidal_particle,2
protein_conformation,2
fiber_optic_sensor,2
tissue_engineering,2
cell_engineering,2
sediment,2
bound_states,2
wave_function,2
electrode,2
potassium_hydroxide,2
texture,2
graphene,2
streptozotocin_induced_diabetes_mellitus,2
cell_subpopulation,2
cytosine,2
fish,2
antiinflammatory_agent,2
anti_inflammatory_agent,2
stabilization,2
feedback,2
protein_stability,2
health_care_cost,2
lymphocyte_subpopulation,2
proof_of_concept,2
ericsson,2
non_newtonian_flow,2
rheology,2
viscous_flow,2
modeling,2
caffeic_acid,2
oral_glucose_tolerance_test,2
phytochemistry,2
bioconversion,2
electrocardiogram,2
hematite,2
dna_sequencing,2
"dna,_ribosomal",2
nucleotide_sequence,2
analytic_method,2
deterioration,2
dna_methylation,2
estrogen_receptor_alpha,2
carcinogenesis,2
mouth_cancer,2
kaplan_meier_method,2
generic_drug,2
photo_catalytic,2
infectious_agent,2
dna_binding,2
ribosome_rna,2
reactive_oxygen_specie,2
rna_interference,2
mycelium,2
insulin_sensitivity,2
alanine_aminotransferase,2
glucose_tolerance_test,2
lake,2
regulatory_mechanism,2
sodium_hydroxide,2
robust_control,2
model_predictive_control,2
structural_response,2
microflora,2
plant_root,2
tobacco_use,2
microbiota,2
delayed_neutron,2
caputo_derivative,2
numerical_solution,2
prediction_error,2
microbial_diversity,2
mouth_tumor,2
paraffin,2
hydrogen_peroxide,2
lymph_node_metastasis,2
mouth_neoplasm,2
bioequivalence,2
morphogenesis,2
adipocyte,2
body_fat,2
solvent_extraction,2
lysozyme,2
acetone,2
fluorescence_analysis,2
rr_interval,2
uterus_contraction,2
cathode,2
coprecipitation_method,2
metabolic_syndrome_x,2
peroxisome_proliferator_activated_receptor_gamma,2
anthocyanin,2
glycosylation,2
luminescence_property,2
xenobiotic_agent,2
zinc_alloy,2
water_pollution,2
mining,2
phosphorus,2
feeding,2
plant_stem,2
mean_dissolution_time,2
acetonitrile,2
building,2
earthquake,2
concrete_building,2
potassium_compound,2
state_of_mexico,2
mood_disorder,2
major_depression,2
zinc_phosphate_glass,2
silicate,2
emotion,2
eating,2
systemic_lupus_erythematosus,2
thermoluminescence,2
glow_curve,2
vaginal,2
architectural_design,2
semen_analysis,2
adenosine_triphosphate,2
aspartate_aminotransferase,2
urinalysis,2
alpha_tocopherol,2
spermatogenesis,2
gamete,2
complexity,2
atmospheric_pressure,2
immunoglobulin_m,2
memory,2
insomnia,2
dose_response,2
dilute_gas,2
cervical_lymph_node,2
keratinocyte,2
bictegravir_plus_emtricitabine_plus_tenofovir_alafenamide,2
oleanolic_acid,2
antihypertensive_activity,2
interaction_potential,2
probiotic,2
probiotic_agent,2
soliton,2
endothelium,2
ground_motion,2
fetus_heart_rate,2
long_untranslated_rna,2
"rna,_long_noncoding",2
lung_cancer,2
heart,2
opuntia_ficus_indica,2
continuous_wavelet_transform,2
phylogenetic_tree,2
support_vector_machine,2
gene_regulatory_network,2
leachate,2
employment,2
glow_discharge,2
gene_function,2
antivirus_agent,2
drug_repositioning,2
reactor_dynamic,2
lymphocyte,2
plant_leaf,2
li_+,2
solid_electrolyte,2
temperature_control,2
additive_effect,2
vasodilatation,2
additive,2
world_health_organization,2
erythema,2
monkeypox,2
fever,2
fatigue,2
epilepsy,2
drug_delivery,2
hydrotalcites,2
colostrum,2
lung_parenchyma,2
intensive_care_unit,2
chemical_modification,2
metabolic_activity_assay,2
calcium_chloride,2
protein_structure,2
monotherapy,2
zika_virus,2
zika_virus_infection,2
zika_fever,2
flavivirus,2
confocal_microscopy,2
hypothermia,2
hypoglycemia,2
heat_stress,2
rectal_temperature,2
calcium_ion,2
thermogenesis,2
asphyxia,2
caffeine,2
genetic_recombination,2
layered_double_hydroxide,2
intestine_parasite,2
"rats,_wistar",2
frontal_cortex,2
muscle,2
meat,2
electroencephalogram,2
regression_analysis,2
drug_dose_comparison,2
sleep_quality,2
proposal,2
image_analysis,2
luteinizing_hormone,2
"cells,_cultured",2
granulosa_cell,2
michoacan,2
mesenchymal_stem_cell,2
sperm_viability,2
guinea_pig,2
epworth_sleepiness_scale,2
hard_palate,2
tumor_necrosis_factor_alpha,2
oxygen_tension,2
water_flow,2
bioactivity,2
sampling,2
schizophrenia,2
nerve_cell_differentiation,2
ovulation,2
sphere,2
bimetallics,2
pseudomonas,2
biogas,2
solid_waste,2
"disease_models,_animal",2
wound_healing,2
flow_separation,2
flange,2
oleic_acid,2
gibbs_free_energy,2
ovary,2
pulsed_laser,2
south_and_central_america,2
binary_mixture,2
time_series,2
vector,2
sleep_latency,2
polysomnography,2
maternal_hypertension,2
proteinuria,2
protein_creatinine_ratio,2
precious_metal,2
auditory_canal,2
vagus_nerve_stimulation,2
life_expectancy,2
systemic_disease,1
chenodeoxycholic_acid,1
electricity_generation,1
disposal_system,1
clean_energy,1
land_fill,1
externality,1
final_disposal,1
endotoxin,1
tumor_invasion,1
traditional_agriculture,1
neuromuscular_rehabilitation,1
neurorehabilitation,1
electrophysiology,1
discrete_robotic_feedback,1
spatial_resolution,1
atmospheric_particulate_matter,1
cell_activation,1
protein_c_fo,1
protein_c_jun,1
benzo[a]pyrene,1
transcription_factor_fosb,1
epithelial_cell,1
airborne_particle,1
phenanthrene,1
"receptors,_aryl_hydrocarbon",1
aromatic_hydrocarbon_receptor,1
soybean_oil,1
molasses,1
enterobacter_amnigenus,1
arachidonic_acid,1
myristic_acid,1
tenebrio_molitor,1
linolenic_acid,1
nauphoeta_cinerea,1
threshold,1
enterobacter_aerogenes,1
enterobacter,1
temperature_sensor,1
sensor_location,1
external_disturbance,1
cascade_control_system,1
control_scheme,1
aeromonas_hydrophila,1
docosahexaenoic_acid,1
saturated_fatty_acid,1
discotic_liquid_crystal,1
topological_defect,1
shaped_nanoparticles,1
carbon_supported_pt,1
pt/c,1
pt_nanoparticles,1
methanol_oxidation,1
methanol_electrooxidation,1
au@pt/c,1
alkanesulfonic_acid,1
perflexane,1
road_traffic,1
cascade_control,1
alkanesulfonates,1
fluorocarbon,1
estrous_cycle,1
hormone_antagonist,1
blade_tip,1
blade_impeller,1
curved_structure,1
turbomachine_blade,1
ag_+,1
s_shape,1
calcium_phosphate_dibasic,1
lauric_acid,1
enterobacteriaceae,1
fish_oil,1
linoleic_acid,1
aeromonas_caviae,1
organic_matter,1
limestone,1
ascorbic_acid,1
phosphate,1
citrobacter_freundii,1
probabilistics,1
volumetric_lesion_segmentation,1
suction_flow,1
power_efficiency,1
nanomedicine,1
amputation,1
varicosis,1
"amputation,_surgical",1
bandage,1
varicose_ulcer,1
stem_cell_factor_receptor,1
blood_carbon_dioxide_tension,1
school_child,1
testicular_germ_cell_tumor,1
testis_tissue,1
somatomedin_c_receptor,1
spatial_scale,1
coral_symbiont,1
macroinvertebrates,1
spatial_change,1
symbiont,1
pitched_blade_turbine,1
computational_complexity,1
topology,1
icosapentaenoic_acid,1
water_supply,1
gelatin,1
computed_tomography,1
high_resolution_image,1
anchorings,1
annealing_process,1
simulation_study,1
spherical_droplet,1
monte_carlos_simulation,1
liquid_crystal_droplet,1
dengue_virus,1
hypocholesterolemic_agent,1
macroinvertebrate,1
spatial_distance,1
spatial_gradient,1
pocillopora_damicornis,1
eastern_pacific,1
spatial_and_environmental_driver,1
cardiorespiratory_fitness,1
gas_exchange,1
infrared_thermal_response,1
hindlimb,1
snout,1
bicarbonate,1
acid_base_balance,1
drug_megadose,1
temperature_measurement,1
disorder_of_acid_base_balance,1
low_drug_dose,1
seashore,1
volumetrics,1
semi_supervised_machine_learning,1
probabilistic_active_contour,1
biological_organ,1
newborn_mortality,1
computerized_tomography,1
k_fold_cross_validation,1
artificial_intelligence,1
convolutional_neural_network,1
semi_supervised_segmentation,1
lesion_segmentation,1
image_segmentation,1
computed_tomography_image,1
lung_lesion,1
semi_supervised,1
active_contour,1
atorvastatin,1
upper_lip,1
fetus_hypoxia,1
piglet,1
low_birth_weight,1
antiviral_agent,1
virus_infection,1
yellow_fever_virus,1
thoracic_aortic_ring,1
blood_oxygen_tension,1
acidosis,1
glycogenolysis,1
prostaglandin,1
groebk_blackburn_bienayme_reaction,1
caesalpinia_platyloba,1
chemical_reaction,1
caesalpinia,1
formylation,1
process_optimization,1
resuscitation,1
motion_dynamic,1
brownian_state_motion_dynamic,1
ion_conducting_polymer,1
nano_ceramic,1
ceramic_nanoparticles,1
total_distance_traveled,1
work_environment,1
lidocaine,1
solar_radiation,1
workload,1
close_loop_stochastic_reactor_dynamic,1
robust_state_probability_density_function_stability,1
state_probability,1
fokker_planck_equation,1
brownian,1
fokker_plank_equation,1
umbilical_vein_cell,1
densitometry,1
tilianin,1
luteolin,1
agastache_mexicana,1
flavivirus_infection,1
dengue,1
antagonistic_effect,1
ezetimibe,1
acacetin,1
agastache_mexicana_extract,1
in_probability_stability,1
close_loop,1
two_term_control_system,1
statistical_process_control,1
proportional_integral_control,1
weakness,1
lymph_node_pain,1
antiretroviral_therapy,1
lithium_ion,1
free_polymer,1
solid_polymer_electrolyte,1
polyelectrolyte,1
ionic_transport,1
polymer_electrolyte,1
polymer_based,1
monkeypox_virus,1
virus_pathogenesis,1
mouth_lesion,1
public_health,1
diaphoresis,1
stochastic_reactor,1
ulcer,1
agastache_mexicana_precipitate,1
cell_viability_assay,1
polyacrylamide_gel_electrophoresis,1
calcium_transport,1
huvec_cell_line,1
amlodipine,1
calcium_channel_blocking_agent,1
agastache,1
load_distribution,1
nasa,1
virus_dna,1
hiv_infection,1
exocytosis,1
human_immunodeficiency_virus_infected_patient,1
molecular_diagnosis,1
chapman_enskog,1
collision_integral,1
camel,1
sheep_milk,1
"animals,_domestic",1
milk,1
proteolysis,1
farm,1
incisional_biopsy,1
human_immunodeficiency_virus_infection,1
nucleic_acid_amplification_technique,1
soft_palate,1
molecular_system,1
shear_viscosity_coefficient,1
approximate_non_conformal_fluid,1
shear_viscosity,1
chapman_enskog_approximation,1
multitasking,1
message_passing_interface,1
cache_memory,1
parallel_com__puting,1
process_allocation,1
cluster,1
heterogeneous_architecture,1
performance_computing,1
cluster_node,1
message_passing,1
cluster_computing,1
acute_oral_toxicity,1
antimalarial_agent,1
stromelysin,1
first_order_approximation,1
silanols,1
pore_diameter,1
gas_adsorption,1
bioactive_peptide,1
in_silico_analyse,1
antihypertensive,1
milk_protein,1
silico_analysis,1
camel_milk,1
goat,1
fermented_milk,1
camelus,1
goat_milk,1
electromagnetics,1
nonlinear_schrödinge_equation,1
convergence_and_stability,1
yellow_emission,1
orange_emission,1
co_doped_glass,1
direct_band_gap,1
high_transparency,1
color_purity,1
optical_fiber,1
nonlinear_fiber_optics,1
rigorous_analysis,1
pseudospectral_method,1
pulse_propagation,1
in_fiber,1
finite_difference_method,1
nonlinear_optic,1
silanol_group,1
hydrothermal_treatment,1
mycophenolate_mofetil,1
azathioprine,1
rhupus,1
interleukin_receptor,1
cytokine_release,1
cell_stimulation,1
april_protein,1
beta_interferon,1
feeding_behavior,1
repair,1
hazard_management,1
initial_concentration,1
hydrothermal_rehydroxylation,1
specific_surface_area,1
visible_region,1
spectroscopic_analysis,1
natural_hazard,1
damage_rate,1
earthquake_damage,1
seismic_damage,1
structural_repair,1
cytokine_production,1
neutron_diffusion_equation,1
flagyl_v,1
ovule,1
vagina_ph,1
beta_particle,1
shallow_trap,1
dosimeter,1
calcination,1
rehydroxylation,1
recombinant_tumor_necrosis_factor,1
styrene,1
cycloaddition_reaction,1
cycloadditions,1
degree_of_damage,1
interstory_drift,1
valley_of_mexico,1
persistent_luminescence,1
particle_irradiation,1
berry,1
delphinidin,1
glycosylated_protein,1
seismic_hazard,1
cumulative_seismic_damage,1
repair_policy,1
damage_state,1
building_structure,1
lower_lip,1
rank_sum_test,1
malonaldehyde,1
peroxisome_proliferator_activated_receptor_alpha,1
biological_transport,1
crop,1
crotalaria_juncea,1
fertilizer,1
rhizosphere,1
plant_growth,1
brachiaria_brizantha,1
fungal_community,1
rhizobium,1
dosimetry,1
luminescence_intensity,1
styrene_oxide,1
quartic_b_spline,1
computational_technique,1
fractional_neutron_diffusion_equation,1
collocation,1
neutron_flux,1
fractional_order_model,1
interpolation,1
b_spline,1
interfacial_charge,1
photogenerated_electron,1
biofertilizer,1
phytohormone,1
nutrient_uptake,1
soil_microflora,1
canavalia_ensiformis,1
tumor_volume,1
au_metallic_nanoparticle,1
plasmonics,1
hole_mobility,1
au_loading,1
base_material,1
fermi_level,1
drug_bioavailability,1
drug_dosage_form,1
antigen,1
liothyronine,1
disease_free_survival,1
deoxyguanosine,1
tumor_differentiation,1
squamous_cell_carcinoma,1
lymph_node,1
transport_at_the_cellular_level,1
transcription_factor_t_bet,1
loss_of_function_mutation,1
uric_acid,1
metatarsophalangeal_joint,1
production_of_hydrogen,1
interfacial_energy,1
interfacial_energy_state,1
metallic_nanoparticles,1
dna_oxidative_damage,1
"carcinoma,_squamous_cell",1
epitope,1
epithelial_mesenchymal_transition,1
cell_invasion_assay,1
protein_tyrosine_kinase_csk,1
breast_cancer_cell_line,1
cisplatin,1
dna_synthesis,1
metastasis,1
radioimmunoprecipitation,1
wound_healing_assay,1
uvomorulin,1
nerve_cell_adhesion_molecule,1
tight_junction,1
occludin,1
transcription_factor_snail,1
adherens_junction,1
fetal_bovine_serum,1
growth,1
juvenile,1
mouth_squamous_cell_carcinoma,1
"leukocytes,_mononuclear",1
uric_acid_blood_level,1
dietary_intake,1
digestive_system,1
gaussian_beam,1
lorentz,1
vacuum_application,1
beam_propagation,1
spacetime,1
propagation_direction,1
mirror,1
massless_scalar_field,1
degree_of_freedom,1
nontrivial_spacetime_background,1
gaussian_beam_propagation,1
lorentz_violating_electrodynamic,1
semi_transparent,1
statistical_method,1
resistor,1
linear_transconductance,1
ac_amplifier,1
transconductors,1
very_low_cutoff_frequency,1
cmos_integrated_circuit,1
cut_off_frequency,1
low_voltage,1
alternative_solution,1
transconductance_cell,1
cutoff_frequency,1
operational_amplifier,1
bootstrapping,1
bulk_driven,1
transconductance,1
global_asymptotic_stabilization,1
conformational_transition,1
beta_chain,1
nucleotide_binding_protein,1
protein_unfolding,1
high_temperature,1
admissible_function,1
stabilization_problem,1
feedback_function,1
convex_polytopes,1
value_set,1
continuous_feedback_control,1
control_value,1
lyapunov_function,1
affine_system,1
lyapunovs_function,1
public_sector,1
finite_time,1
urate,1
pilot_project,1
retinoid_related_orphan_receptor_gamma,1
allopurinol,1
mononuclear_cell,1
treatment_duration,1
coronary_artery_disease,1
sulfacetamide,1
sulfamethazine,1
private_sector,1
delivery_of_health_care,1
diclofenac,1
information,1
adenosine_triphosphate_synthase_beta_subunit,1
bacillus_thermophilus,1
heat_engine,1
particle_trapped,1
efficiency_at_maximum_power,1
heat_engine_efficiency,1
langevin_equation,1
plant_residue,1
domestic_waste,1
protein_domain,1
proton_transporting_adenosine_triphosphate_synthase,1
denaturation,1
beta_sheet,1
free_energy_landscape,1
health_care_delivery,1
analgesic,1
stirling,1
low_dissipation,1
groundwater,1
sulfachloropyridazine,1
infrared:_spectroscopy,1
characterization,1
rheological_property,1
aloe_vera_mucilage,1
permeate_flux,1
rheological_behaviour,1
rheological_model,1
ultrafiltration_process,1
ultra_filtration,1
afm_image,1
surface_interaction,1
nucleotide_binding_domain,1
sulphonamides,1
intercalation,1
verification_theorem,1
oil_spill,1
capping_agent,1
gold_nano_shells,1
cell_type,1
two_phase,1
macroscopic_equation,1
generalized_newtonian,1
seepage,1
aloe_vera,1
ultrafiltration,1
harvesting,1
ultrasonics,1
interlayer_space,1
density_functional_theory_calculation,1
theoretical_infrared_spectroscopy,1
cell_viability_percentage,1
mating,1
sperm_preservation,1
caspase,1
phosphatidylserine,1
macroscales,1
macroscopic_modelling,1
total_relative_cost,1
exponential_utility_function,1
markov_process,1
cost_structure_with_bounded_support,1
relative_cost,1
cost_structure,1
certainty_equivalent,1
cost_function,1
bounded_support,1
mollissimum,1
passiflora,1
value_engineering,1
waste_management,1
pectin,1
galacturonic_acid,1
passiflora_tripartita_var.,1
acid_content,1
edible_biodegradable_film,1
higher_yield,1
plastic_container,1
organic_waste,1
byproduct,1
petroleum_pollution,1
corynorhinus_mexicanus,1
"membrane_potential,_mitochondrial",1
computational_approach,1
cheminformatics,1
neurophysiology,1
non_covalent_interaction,1
crystallography,1
drug_vehicle,1
ellagic_acid,1
thermal_analysis,1
cancer_tissue,1
breast_cancer,1
gleason_score,1
bone_metastasis,1
liquid_biopsy,1
metastatic_prostate_cancer,1
pancreas_cancer,1
benzene,1
g_protein_coupled_receptor,1
decarboxylation,1
pyrrole,1
tumor_growth,1
melanoma,1
integer_value,1
it_application,1
k_coloring,1
special_structure,1
graphic_method,1
generalized_polygon,1
projective_plane,1
incidence_graph,1
coloring,1
mitochondrial_membrane_potential,1
computational_result,1
righting_reflex,1
proteinase,1
aspartic_proteinase,1
amylomyces,1
amylomyces_rouxii,1
inhibitor,1
pentachlorophenol,1
inhibition,1
drug_overdose,1
l_coloring,1
trifluoromethanesulfonic_acid,1
angiogenesis,1
classification_algorithm,1
threonine,1
sphingomyelin,1
enzyme_active_site,1
distress_syndrome,1
rattus_norvegicus,1
maze_test,1
animal_testing_refinement,1
experimental_behavioral_test,1
consciousness,1
purified_water,1
protein_aggregate,1
heterocyclic_compound,1
cell_cycle_progression,1
schistosoma_mansoni,1
ytterbium,1
diels_alder_reaction,1
moore_graph,1
nonnegative_integer,1
time_of_death,1
acylation,1
amyloid_disease,1
amyloid_fibril,1
amyloid_protein,1
amyloidogenic_protein,1
health_disorder,1
cytotoxic_protein,1
protein_segment,1
slip,1
phosphatidylethanolamine,1
breast_carcinoma,1
sequence_alignment,1
toluene,1
protein_serine_threonine_kinase,1
inhibition_constant,1
methane_yield,1
urine_sampling,1
giemsa_stain,1
hematological_parameter,1
virus_neutralization,1
planning,1
mean_square_error,1
model,1
biomethane,1
anaerobic_digester,1
volatile_solid,1
neural_network_model,1
root_mean_square_error,1
artificial_neural_network_modeling,1
forecast,1
bio_energy,1
linear_regression,1
lubrication_theory,1
rough_fracture,1
newtonian_liquid,1
slip_parameter,1
tensorial_coefficient,1
transmissivity,1
creep,1
boundary_condition,1
otorhinolaryngology,1
pisa,1
french_guiana,1
virus_transmission,1
costa_rica,1
hemagglutination_inhibition_test,1
leukopenia,1
neutrophil,1
taste_bud,1
experimental_infection,1
salivary_gland,1
hemagglutination_inhibition,1
seroconversion,1
inflammatory_infiltrate,1
bladder_bleeding,1
medical_history,1
neurofilament_protein,1
opiate,1
subgemmal_neurogenous_plaque,1
clonazepam,1
tongue,1
cytokeratin,1
paraffin_embedding,1
virus_detection,1
ophthalmology,1
cleft_lip,1
correlation_coefficient,1
pediatric_surgery,1
population,1
proliferation_index,1
synaptophysin,1
coronavirus_spike_glycoprotein,1
keratin,1
tongue_disease,1
epithelial_membrane_antigen,1
glial_fibrillary_acidic_protein,1
tooth_plaque,1
dental_plaque,1
physical_disease_by_body_function,1
virus_nucleocapsid,1
the_cancer_genome_atlas_database,1
functional_enrichment_analysis,1
dna_helicase,1
clinicopathological_characteristic,1
weighted_gene_co_expression_network_analysis,1
triple_negative_breast_neoplasm,1
ncapg_gene,1
hub_gene,1
prognostic_value,1
brain_derived_neurotrophic_factor_receptor,1
neuron_specific_enolase,1
drug_concentration,1
pediatric_patient,1
fibroadenoma,1
appendicitis,1
plastic_surgery,1
receptor_affinity,1
timed_drug_release,1
anesthesiology,1
varicocele,1
intoxication,1
orthopedics,1
american_urological_association_symptom_index,1
laser_theory,1
transcriptomic_profile,1
mismatch_repair,1
hierarchical_clustering,1
molecular_complex_detection_score,1
focal_adhesion,1
retinol_metabolism,1
tumor_related_gene,1
receptor_upregulation,1
hexagonal_wurtzite,1
mono_ethylene_glycol,1
protein_coding_gene,1
base_excision_repair,1
gene_coexpression_network,1
ion_channel_binding,1
mrna_expression_assay,1
ribonucleotide,1
gene_network_analysis,1
myc_protein,1
fatty_acid_metabolism,1
ggh_gene,1
homologous_recombination,1
genotype_phenotype_correlation,1
oocyte_meiosis,1
dna_replication,1
backbone_curve,1
population_growth,1
metabolic_reprograming_pathway,1
module_eigengene,1
optimization_analysis,1
parametric_sensitivity_analysis,1
triple_negative_breast_cancer,1
receptor_down_regulation,1
optical_spectroscopy,1
test_problem,1
multi_objective_problem,1
engineering_application,1
evolutionary_algorithm,1
real_world_problem,1
multi_objective_evolutionary_algorithm,1
multi_objective,1
shear_strength,1
masonry_material,1
masonry_building,1
fault_displacement,1
displacement_based,1
confined_masonry_wall,1
displacement_based_performance_assessment,1
coolant_temperature,1
inlet_concentration,1
parametric_optimization,1
coolant,1
vi,1
calcium_derivative,1
croatia,1
semiconductor_industry,1
calcium_compound,1
solvothermal_synthesis,1
judd_ofelt_theory,1
judd__ofelt_theory,1
cadmium_compound,1
x_ray_diffraction_pattern,1
vanadium_pentoxide,1
structural_characterization,1
judd_ofelt_parameter,1
doping_content,1
forcing_amplitude,1
correlation_method,1
conceptual_design,1
crustal_deformation,1
confined_masonry_building,1
masonry_construction,1
soft_story,1
ethylene_glycol,1
photocatalytic_performance,1
synthesis_condition,1
"zns_c/,_hexagonal_wurtzite/zno_composite",1
photocatalytic_behavior,1
zno_precursor,1
experimental_modelling,1
brownian_particle,1
effective_diffusivities,1
diffusion_in_channel,1
long_range_effect,1
biharmonic_diffusion,1
bi_harmonic,1
in_channels,1
nanocrystalline_zn,1
confined_masonry,1
nickel_alloy,1
cobalt_alloy,1
glass_membrane_electrode,1
nanocrystals,1
critical_condition,1
alcoholysis_reaction,1
phalaris,1
skin_permeability,1
canary_seed_peptide,1
cutaneous_parameter,1
pancreatic_elastase,1
elastase,1
masonry,1
fourth_order,1
wave_pattern,1
solvothermal_method,1
waveform,1
forcing_frequency,1
forcings,1
vertical_vibration,1
surface_pattern,1
faraday_wave,1
faraday_effect,1
parameter_space,1
quartz,1
pyrroles,1
reversed_phase_high_performance_liquid_chromatography,1
stratum_corneum,1
electrochemical_nucleation,1
potentiostatic_electrodeposition,1
magnetic_field,1
electrochemical_growth,1
bicarbonate_blood_level,1
calcium_blood_level,1
metabolic_acidosis,1
nickel_cobalt_alloy,1
"deep_eutectic_solvent_,_magnetic_field",1
electrochemical_formation,1
external_magnetic_field,1
fluoride,1
temperature_anomaly,1
cervix_uterus,1
random_forest,1
premature_birth,1
pregnant_woman,1
mucus,1
maternal_age,1
phalaris_canariensis,1
low_risk_population,1
silico_study,1
binding_energy,1
serum_albumin_protein,1
"serum_albumin,_bovine",1
combinatorial_modeling,1
biocompatible_material,1
biomaterial,1
molecular_modeling,1
cellular_interaction,1
sugar,1
pharmaceutical_industry,1
prematurity,1
uterine_cervix,1
lactate_blood_level,1
hematocrit,1
self_diffusion_coefficient,1
united_atom_model,1
parameterized,1
technological_application,1
vitality,1
perinatology,1
skin,1
population_research,1
maternal_care,1
diagnostic_value,1
meconium,1
bisphenol_f,1
overrepresentation_analysis,1
prostate_tumor,1
androgen,1
cervical_length,1
polarization,1
wave_propagation,1
solution_procedure,1
comet_assay,1
benzhydryl_derivative,1
chromosome_breakage,1
prostatic_neoplasm,1
benzhydryl_compound,1
mitomycin,1
nocodazole,1
dna_damage_response,1
diagnostic_test,1
lennard_jones_parameter,1
constant_surface_tension,1
surface_tension,1
all_atom_model,1
spectrofluorometry,1
deionized_water,1
association_constant,1
ionic_strength,1
stoichiometry,1
dodecyl_sulfate_sodium,1
maxwell_equation,1
angular_momentum,1
polarization_state,1
electromagnetic_equation,1
inhomogeneous_helmholtz_equation,1
plane_wave,1
vector_wave,1
symmetric_structure,1
wave_solution,1
structured_light,1
food_processing,1
co_oxidation,1
high_oxygen,1
operando_ftir,1
operando_spectroscopy,1
"oxygen_activation,_oxygen_vacancy",1
reaction_condition,1
oxygen_storage_capacity,1
gallium_compound,1
atomic_scale_computation,1
oxygen_activation,1
explicit_water,1
polymeric_nanoparticles,1
cetrimide,1
electricity,1
critical_micelle_concentration,1
maximum_tolerated_dose,1
substantia_nigra,1
orthogonal_function,1
linearization,1
recurrence_relation,1
vermilingua,1
tick,1
microbial_activity,1
amblyomma,1
isolation_and_purification,1
gammaproteobacteria,1
central_america,1
endosymbiont,1
wakefulness,1
glutamate_decarboxylase,1
micelle,1
emulsification,1
fresh_cut,1
volatile_oil,1
poly_,1
ethyl_cellulose,1
caulerpa,1
lung_tumor,1
lung_neoplasm,1
cell_cycle_checkpoint,1
liver_tumor,1
menopause,1
ovariectomy,1
reticular_formation,1
protein_function,1
locus_ceruleus,1
adenohypophysis,1
connection_coefficient,1
linearisation,1
orthogonal_polynomial,1
linearization_coefficient,1
polynomial_sequence,1
hessenberg_matrix,1
infinite_hessenberg_matrix,1
organic_pollutant,1
gasoline,1
total_petroleum_hydrocarbon,1
microplastic,1
polyvinyl_chloride,1
gulf_of_mexico,1
microplastics,1
mifepristone,1
drug_dose_escalation,1
biosensing,1
glucose_oxidase,1
electropolymerisation,1
electrochemical_biosensor,1
soxhlet_extraction,1
sorption,1
marine_pollution,1
field_scenario,1
recovery_rate,1
crystallinity,1
beach,1
elastomer,1
measurement_accuracy,1
verapamil,1
drug_stability,1
uniformity_of_dosage,1
liver_neoplasm,1
nanocapsules,1
papaya_conservation,1
cutting,1
lemon_oil,1
tissue_damage,1
polymeric_nanocapsules,1
essential_oil,1
real_time_control,1
radio_environment,1
elimination_rate_constant,1
linearity,1
permselective_membrane,1
glucose_sensor,1
commercial_beverage,1
electrochemical_biosensors,1
pt_electrode,1
amperometry,1
pt_electrodes,1
electropolymerization,1
p_coumaric_acid,1
glucose_biosensor,1
complex_shape,1
channel_selectivity,1
molecular_filter,1
biological_cell,1
channel_structure,1
neutral_molecule,1
dissolution_efficiency,1
measurement_precision,1
"carcinoma,_hepatocellular",1
annexin,1
tourism_carrying_capacity,1
key_characteristic,1
league_standing,1
competitiveness,1
random_matrix,1
rank,1
concentration__gradient,1
thin_circular,1
cell_assay,1
whole_cell,1
cell_free_system,1
unspecific_monooxygenase,1
halogenation,1
conservation_strategy,1
socio_ecological_system,1
forest_resource,1
cubic_nonlinearities,1
dynamic_of_soliton,1
new_kudryashov_method,1
cubic_law,1
ordinary_differential_equation,1
biological_specimen_bank,1
ancestry_group,1
biobank,1
initial_condition,1
forestry,1
basin_of_attraction,1
socio_ecological,1
socioecological_model,1
risk_perception,1
nature_and_wildlife_based_tourism,1
sustainable_tourism,1
real_time_implementation,1
sensor_network,1
environment_map,1
computer_communication_network,1
digital_signal_processing,1
primary_user,1
radio_system,1
suppuration,1
artificial_neural_network,1
annexins,1
european_soccer_league,1
lie_symmetry_analysis,1
optical_soliton,1
quadratic_cubic_law,1
symmetry_analysis,1
algebra,1
chemical_vapour_deposition,1
nitride,1
xenon,1
homozygosity,1
demography,1
preventive_medicine,1
population_size,1
body_height,1
deconvolution,1
ancestry,1
personalized_medicine,1
competition,1
sport,1
wireless_communication,1
wireless_technology,1
multi_band_spectrum,1
x_ray_powder_diffraction,1
vitro_cytotoxic_activity,1
schiff_base_ligand,1
european_immigrant,1
pyrenees,1
thermoluminescence_dosimetry,1
chemical_vapor_deposition,1
eds/sem,1
aluminum_nitride,1
iii_v_semiconductor,1
thermoluminescence_property,1
ultraviolet_irradiation,1
curve_fitting,1
fourier_transforms,1
impurity_in,1
energy_dispersive_x_ray_spectroscopy,1
crustacean,1
viral_disease,1
genealogy,1
silver_nanoparticles,1
metal_surface,1
titanium_metal,1
anodizations,1
chemical_vapor_deposition_method,1
chelation,1
cancer,1
single_crystal,1
docking,1
human_cancer_cell,1
coordination_compound,1
single_crystal_x_ray_diffraction_analysis,1
spectroscopic_technique,1
dopamine_receptor_stimulating_agent,1
telomere_length,1
radio,1
software_radio,1
communication,1
cognitive_radio,1
interpersonal_communication,1
radio_environment_map,1
cooperative_sensor_network,1
spectrum_sensing,1
multiband_spectrum_sensing,1
"neural_networks,_computer",1
entrepreneur,1
immigration,1
lifestyle,1
mountain_region,1
nanotube,1
electrochemical_modification,1
metallic_ion,1
gold_and_silver_nanoparticles,1
representative_elementary_volume,1
pressure_loss,1
rectangular_channel,1
fluidization,1
velocity_profile,1
pore_scale_simulation,1
erguns_equation,1
representative_elementary_volume_scale_simulation,1
fluidized_bed,1
economic_growth,1
rural_economy,1
"dna,_mitochondrial",1
drug_activity,1
chlorobi,1
uasb,1
hybrid_bioreactor,1
pore_scale,1
flow_structure,1
geometry,1
dopaminergic_transmission,1
parkinsonism,1
benserazide,1
immepip,1
tissue_homogenate,1
levodopa_induced_dyskinesia,1
"dyskinesia,_drug_induced",1
brain_mapping,1
glutamatergic_signaling,1
dyskinesia,1
hoehn_and_yahr_scale,1
unified_parkinson_disease_rating_scale,1
substitution_therapy,1
telomere,1
correlation_analysis,1
active_particle,1
oxidopamine,1
primary_somatosensory_cortex,1
substantia_nigra_par_compacta,1
amino_acid_synthesis,1
tissue_distribution,1
nerve_projection,1
glutamic_acid,1
cerebral_cortex,1
substantia_nigra_par_reticulata,1
high_throughput_technology,1
hybrid_system,1
anaerobic/aerobic,1
methanosaeta,1
swine_wastewater,1
cdna,1
microbial_ecology,1
proteobacteria,1
shannon_index,1
anaerobics,1
chlorobaculum,1
nitrospira,1
gene_encoding,1
nitrifying_bacterium,1
aerobic_bioreactors,1
microbiotas,1
firmicutes,1
mechanical_pressure,1
fokker_planck,1
swimming_time,1
active_gas,1
beck_depression_inventory,1
gene_dosage,1
hydrogen_reduction,1
mixed_gas,1
nitrosomonas,1
principal_coordinate_analysis,1
"dna,_complementary",1
nitrogen_removal,1
nitrobacter,1
anaerobic_granular_sludge,1
anaerobic_fermentation,1
tannerella_forsythia,1
prevotella_intermedia,1
treponema_denticola,1
methanobacterium,1
bacterial_protein,1
protein_histidine_containing_phosphocarrier,1
phosphocarrier_protein_hpr,1
histidine,1
temperature_sensitivity,1
bacillus_subtilis,1
enzyme_stability,1
rigidity,1
phosphoenolpyruvate_sugar_phosphotransferase_system,1
carrier_protein,1
phosphoenolpyruvate_sugar_phosphotransferase,1
complementary_dna,1
neuralgia,1
rna_stability,1
neuropathic_pain,1
pain_management,1
molecular_mechanic,1
cell_interaction,1
protein_interaction,1
analgesia,1
protein_secondary_structure,1
amoxicillin,1
porphyromonas_gingivalis,1
amoxicillin_plus_clavulanic_acid,1
silver_nanoparticle,1
parvimonas_micra,1
periodontal_disease,1
aggregatibacter_actinomycetemcomitans,1
temperature_programmed_reduction,1
x_ray_photoelectron,1
reduction_temperature,1
photocatalytic_oxidation,1
equation_of_state,1
mean_square,1
orientational_correlation,1
active_brownian_particle,1
rotational_inertia,1
three_dimension,1
primary_biliary_cirrhosis,1
prevotella_nigrescens,1
circular_ribonucleic_acid,1
gene_targeting,1
untranslated_rna,1
"rna,_circular",1
flow_of_gas,1
cyanide,1
elevated_temperature,1
free_cyanide,1
qualification,1
charge_measurement,1
particle_measurement,1
convex_optimization,1
atmospheric_measurement,1
nonregular_mixed_constraint,1
validation_study,1
glucocorticoid_receptor,1
forced_swim_test,1
neurochemistry,1
campylobacter_rectus,1
clindamycin,1
liver_injury,1
peptide_hormone,1
morris_water_maze_test,1
serotonin_receptor,1
"receptors,_glucocorticoid",1
clomipramine,1
amygdala,1
prefrontal_cortex,1
arginine,1
losartan,1
statistical_model,1
"models,_statistical",1
mathematical_computing,1
information_processing,1
maximum_likelihood_method,1
roc_curve,1
dirichlet,1
qp_quaternionic_space,1
bloch,1
generalisation,1
unit_ball,1
survival_time,1
parametric_test,1
montmorillonite_clay,1
pharmacological_agent,1
asparagine,1
"plant_components,_aerial",1
proto_oncogene_protein_c_akt,1
blood_pressure_measurement,1
glycine,1
lysine,1
cucumber,1
secondary_amino_group,1
pka_value,1
uv/_vi_spectroscopy,1
cucumis_sativus,1
aspartic_acid,1
endothelial_dysfunction,1
restoration_ecology,1
growth_response,1
hela_cell,1
estradiol_derivative,1
acetylation,1
vascular_remodeling,1
angiotensin_ii,1
microwave_irradiation,1
sonogashira_reaction,1
nanocatalysts,1
intestinal_absorption,1
c[sbnd]c_cross_coupling,1
suzuki_reaction,1
cross_couplings,1
recyclables,1
nanomagnetics,1
pd_catalyst,1
feynman_ratchet,1
efficient_power,1
aldol_reaction,1
sapogenin,1
sapogenins,1
dimer,1
dorzolamide,1
absorbance_data,1
uv–vis_spectroscopic,1
erythrocyte,1
stability_quotient_from_absorbance_data,1
formation_constant,1
ocular_hypotensive,1
extremophile,1
metalloid,1
leaf_pinna,1
pasture,1
thermotherapy,1
hip_bone,1
leukocyte_differential_count,1
selectivity_index,1
spirostan_derivative,1
adsorption_isotherm,1
cholesterol_absorption,1
bentonite_clay,1
acoustic_impedance,1
density,1
acoustic_property,1
transmission,1
coconut_coir_fiber,1
commercial_material,1
bullfrog,1
amphibia,1
hematology,1
refractometry,1
blood_parasite,1
blood_smear,1
blood_level,1
ranidae,1
anura,1
trypanosoma,1
statistical_mechanic,1
ubi_qep_method,1
microkinetic_analysis,1
pleopeltis_crassinervata_extract,1
tetracosanoic_acid_methyl_ester,1
tetradecane,1
octadecane,1
terpene,1
rhinella,1
leptodactylus,1
natural_fiber,1
absorption_coefficient,1
impedance_tube,1
cactus_fiber,1
property_of_composite,1
foam,1
variable_parameters,1
objective_function,1
ratchet_mechanism,1
feynman_mechanism,1
simplified_analysis,1
intestinal_lumen,1
enterocytes,1
intestinal_epithelium,1
solubilisation,1
phenol,1
aqueous_medium,1
activation_analysis,1
thermodynamic_consistency,1
elementary_reaction,1
nio_catalyst,1
total_oxidation,1
cancer_mortality,1
pleopeltis_crassinervata,1
palmitic_acid_methyl_ester,1
toxoplasma_gondii,1
docosanoic_acid_methyl_ester,1
transesterification,1
fluorometry,1
anti_toxoplasma_gondii_efficacy,1
eicosanoic_acid_methyl_ester,1
dodecane,1
tachyzoite_viability,1
vero_cell_line,1
parasite_viability,1
selective_oxidation,1
microkinetic_modeling,1
power_density,1
phytogeography,1
monocotyledon,1
balsa_river,1
identification_key,1
power_output,1
galvanostatic_electrochemical_impedance_spectroscopy,1
reliable_diagnose,1
squalene,1
hexadecane,1
satellite_imagery,1
urban_ecosystem,1
vegetation_cover,1
data_set,1
remote_sensing,1
cadastre,1
dna_microarray,1
estrogen,1
circulating_microrna,1
diagnostic_test_accuracy_study,1
anatomy,1
"education,_veterinary",1
"animals,_wild",1
veterinary_education,1
curriculum,1
wild_animal,1
"receptors,_androgen",1
tissue_level,1
medial_preoptic_area,1
eicosahydropicene,1
energy_shift,1
crystal_lattice_parameter,1
sierra_madre_del_sur,1
light_scattering,1
intermolecular_interaction,1
stiff_chain,1
macromolecule,1
refractive_index,1
sexual_behavior,1
"sexual_behavior,_animal",1
cadmium_chloride,1
cadmium_blood_level,1
heavy_metal_blood_level,1
estrogen_receptor_beta,1
male_sexual_incentive_motivation,1
perinatal_exposure,1
medial_amygdala,1
olfactory_bulb,1
androgen_receptor,1
"receptors,_estrogen",1
rietveld_refinement,1
lower_energy,1
photodegradation_efficiency,1
bet_surface_area,1
orbitals,1
shell,1
magnetic_property,1
wheat,1
refuse_disposal,1
waste_disposal,1
flour,1
triticum,1
bread,1
concentration_range,1
chain_polymer,1
suspended_load,1
suspended_sediment,1
sedimentation,1
refraction,1
solution_concentration,1
stiff_chain_polymer,1
conformation_change,1
conformation_transition,1
index_of_refraction,1
intestine_tissue,1
praziquantel,1
absorption_rate_constant,1
self_emulsifying_drug_delivery_system,1
drug_penetration,1
time,1
copulation,1
sodium_dopant,1
wet_chemical_method,1
triethanolamines,1
excitation_wavelength,1
dopant_concentration,1
ex_vivo_study,1
emulsion,1
finite_volume_method,1
bed_load,1
numerical_flux,1
equation_of_motion,1
complete_system,1
balance_law,1
well__balanced_scheme,1
numerical_scheme,1
sediment_transport,1
compact_productivity,1
cellulars,1
gδ_diagonal,1
maximal_cellular_countably_compact_space,1
gulf_of_california,1
el_nino_southern_oscillation,1
upwelling,1
recurrence_interval,1
numerical_result,1
operant_conditioning,1
spermiogram,1
wellbeing,1
eagle,1
emission_color,1
triethanolamine,1
orange_red,1
structural_property,1
hydrothermal_method,1
differential_capacitance,1
galvanostatics,1
electrochemical_technique,1
electrochemical_hierarchical_implementation,1
distribution_of_relaxation_time_protocol_and_differential_capacitance_protocol,1
electrochemicals,1
operational_condition,1
integration,1
histogram,1
countably_compact_space,1
almost_cellular_countably_compact_space,1
feebly_compact_space,1
cellular_countably_compact_space,1
countable_closed_pseudocharacter,1
ibuprofen,1
phytoplankton,1
mazatlan,1
modis,1
spectral_analysis,1
wavelet_analysis,1
estimation_method,1
satellite_data,1
bacterial_diversity,1
esomeprazole,1
hospital_sector,1
sodium,1
ethanolamines,1
core_shell_nano_structure,1
hyperthermia_therapy,1
superparamagnetics,1
core_shell_nanostructures,1
powders:_chemical_preparation,1
multifunctional_nanocomposites,1
haematite,1
quenching_effect,1
theranostics,1
nickel,1
dexamethasone,1
conductance,1
hospital_wastewater,1
hydroperoxides_content,1
detoxification,1
superoxide_dismutase_activity,1
bacterial_diversity_index,1
absorbance_ratio,1
protein_carbonylation_content,1
ranitidine,1
hospital_wastewater_treatment_plant,1
aquatic_organism,1
apoptosis_related_gene,1
target_organ,1
ketorolac,1
carbonylation,1
hospital_effluent,1
mercury,1
metataxonomics,1
danio_rerio_housing_system,1
toxic_substance,1
hypochlorite_sodium,1
integration_time,1
finite_integration,1
video_microscopy,1
manufacture,1
gray_scale,1
heat_treatment,1
silicon_alloy,1
copper_alloy,1
metataxonomic,1
exposure_time,1
danio_rerio,1
chromatography_by_mobile_phase,1
zebrafish,1
catalase,1
zebra_fish,1
beta_actin,1
water_pollutant,1
sludge_management,1
"water_pollutants,_chemical",1
self_concept,1
social_problem,1
college_student,1
sex,1
predictor_variable,1
exposure_variable,1
academic_performance,1
omeprazole,1
antioxidant_responsive_element,1
cooling_rate,1
second_phase,1
heat_treatment_cycle,1
solidification,1
liquid_state,1
magnesium_alloy,1
al_alloy,1
force_transducer,1
diffusion_constant,1
calibration,1
sampling_frequency,1
time_frequency,1
trap_stiffness,1
optimal_calibration,1
spectral_density,1
quantitative_measurement,1
fourier_transform,1
micromanipulation,1
micro_manipulation,1
acoustic_field,1
health_status,1
online_monitoring,1
sociodemographics,1
conceptual_framework,1
deprotonation,1
covalent_bond,1
microtubule_associated_protein,1
health_survey,1
sheehan_disability_scale,1
academic_achievement,1
neuropathology,1
basis_set,1
electronic.structure,1
first_derivative,1
molecular_physic,1
confined_atom,1
local_cooling,1
manufacturing_process,1
maximum_likelihood_estimation,1
kohn_sham_equation,1
acoustic_wave,1
acoustic_surface_wave_device,1
molecular_orientation,1
microfluidic_flow,1
sound,1
sensing_technology,1
optical_response,1
microfluidics,1
diagnostic_technology,1
optical_property_of_liquid_crystal,1
autoantibody,1
hartree_fock,1
orbital_energy,1
piecewise_function,1
numerical_approach,1
positive_matrix_factorization,1
atmospheric_pollution,1
melatonin,1
crystal_violet_staining,1
autophagy,1
combination_index,1
drug_interaction,1
cell_proliferation_assay,1
albendazole_sulfoxide,1
apoptosis_assay,1
low_carbon_steel,1
electrochemical_study,1
ethanolic_extract,1
corrosion_mitigation,1
fruit_extract,1
total_energy,1
corticosteroid_therapy,1
crystal_orientation,1
display_technology,1
surface_acoustic_wave,1
nematic_liquid_crystal,1
blood,1
anti_citrullinated_protein_antibody,1
acid_inhibition,1
electrochemical_corrosion,1
corrosion_inhibition,1
organic_coating,1
steel_surface,1
lentinula_edodes,1
green_inhibitor,1
steel_corrosion,1
corrosion_inhibitor,1
acoustic_resonant_spectroscopy,1
periodic_elastic_structure,1
industrial_emission,1
x_ray_fluorescence_analysis,1
chemical_industry,1
particle,1
san_lui_potosi,1
san_luis_potosi,1
total_carbon,1
urban_growth,1
gravimetric_mass,1
corrosion_resistant_coating,1
isotherm,1
erosion,1
erythrocyte_sedimentation_rate,1
anti_carbamylated_protein_antibody,1
coumarin,1
multiple_sclerosis,1
herniarin,1
irwin_test,1
prednisone,1
evans_blue_dye_test,1
sugar_sweetened_beverage,1
parameter_estimation,1
spatial_distribution,1
biochemical_oxygen_demand,1
stream,1
nearest_neighbour,1
perturbative_coupling,1
elastic_structure,1
phononic_crystal,1
vibration_transmission,1
investigative_procedure,1
tagetes_lucida,1
open_field_test,1
acetic_acid_ethyl_ester,1
tagetes_lucida_extract,1
glass_transition,1
fluorescence_trait,1
infrared_laser,1
alkali_oxide,1
phonons,1
microcomputer,1
square_plate,1
periodic_structure,1
motor_dysfunction,1
silymarin,1
extravasation_test,1
immunology,1
salazosulfapyridine,1
joint,1
ultrasonography,1
protein_carbamylation,1
hydroxychloroquine,1
joint_injury,1
severity_of_illness_index,1
blood_sedimentation,1
simplified_disease_activity_index,1
vapor_bubble,1
explosive,1
scoporone,1
spleen,1
cuprizone,1
dimethylfraxetin,1
digital_storage,1
storage_energy,1
liquid_electrolyte,1
economics,1
mixed_alkali,1
judd_ofelt_analysis,1
barium_compound,1
o_band_optical_amplifier,1
technique_for_order_of_preference_by_similarity_to_ideal_solution,1
environmental_regulation,1
integrated_water_resource_management,1
integrated_management,1
ecosystem_approach,1
participation,1
rotarod_test,1
blood_vessel_permeability,1
supercritical_temperature,1
liquid_drop,1
diffuse_interface,1
rheumatoid_factor,1
bone_erosion,1
"arthritis,_rheumatoid",1
cyclic_citrullinated_peptide_antibody,1
protein_antibody,1
selective_adsorption,1
propylene_carbonate,1
propylene,1
ionic_solution,1
reparameterization,1
salt_containing,1
carbonation,1
novel_electrolyte,1
ochratoxins,1
response_variable,1
open_economy,1
country_risk,1
pareto_principle,1
investment_subsidy,1
learning_by_doing,1
optimal_investment_subsidy,1
optimal_tax,1
optimal_investment,1
interest_rate,1
two_sector_model,1
optimal_tax_on_interest_rate,1
bacterial_cell,1
ideal_solution,1
environmental_resource,1
tunables,1
activation_effect,1
mesoporous_structure,1
textural_change,1
koh_activation,1
evaporation,1
surface_evaporation,1
explosive_vaporization,1
fungal_contamination,1
germination,1
ochratoxin,1
aspergillus_carbonarius,1
magnesium_sulfate,1
malt,1
response_surface_method,1
lactobacillus_plantarum,1
uncertainty_relation,1
interparticle_potential,1
coupled_harmonic_oscillator,1
entropic_uncertainty_relation,1
normalization_constant,1
human_impact,1
peptone,1
cote_divoire,1
neoplasm_protein,1
oncogenesis_and_malignant_transformation,1
actin_binding_protein,1
neoplastic_process,1
tumor_protein,1
forkhead_transcription_factor,1
gain_of_function_mutation,1
biological_control_agent,1
anti_mir,1
microfilament_protein,1
neurodegenerative,1
huntington_disease,1
multivariant_analysis,1
multi_variate_analysis,1
neurodegenerative_condition,1
gait_dynamic,1
spring,1
symmetry_breaking,1
growth_promotor,1
reduced_entropy,1
particle_number,1
coupled_oscillator,1
oscillator,1
reduced_entropy_sum,1
future_prospect,1
prioritization,1
stochastic_modeling,1
spatial_symmetry,1
two_dimensional_network,1
elastic_solid,1
propulsion_force,1
mechanical_dynamic,1
developing_world,1
toluca_valley,1
analytical_hierarchy_process,1
geographic_information_system,1
pollution_hazard,1
map_of_priority_area,1
analytic_hierarchy_process,1
groundwater_pollution,1
interaction_effect,1
pulling_force,1
tracer_particle,1
velocity_distribution,1
gi,1
groundwater_resource,1
developing_country,1
pollution_monitoring,1
scenario_analysis,1
monitoring_network,1
groundwater_quality_monitoring,1
information_system,1
hazard,1
process_method,1
future_scenario,1
landforms,1
polymerization,1
compression,1
molecular_weight,1
body_weight_variation,1
powder_flow,1
quality_by_design,1
expert_system,1
hydroxypropylmethylcellulose,1
information_use,1
discriminant_analysis,1
three_dimensional_modeling,1
scanner,1
photogrammetry,1
local_interaction,1
adiabatic_limit,1
molecular_simulation,1
pore_architecture,1
pore_expansion,1
computational_study,1
experimental_analysis,1
aluminum_compound,1
material_uptake,1
low_pressure,1
channel_pore,1
hypobaric_pressure,1
heat_of_adsorption,1
force_field_parametrization,1
vanillic_acid,1
senotherapeutic_agent,1
senotherapeutics,1
caenorhabditis_elegans,1
hydroxypropylcellulose,1
industrialization,1
african_plate,1
ateles_geoffroyi,1
"vocalization,_animal",1
goal,1
vocalization,1
predator,1
behavioral_response,1
acoustic,1
signal,1
calling_behavior,1
atelinae,1
organic_polymer,1
open_metal_site,1
caenorhabditis_elegans_protein,1
expansion,1
solution_combustion_synthesis,1
urea_a_fuel,1
chlorophenols,1
combustion_synthesis,1
photoluminescence_spectroscopy,1
cyclohexenes,1
propofol,1
videorecording,1
unconsciousness,1
rat_grimace_scale,1
pungency,1
facial_expression,1
organizational_framework,1
ethnography,1
african_immigrant,1
population_migration,1
length_of_stay,1
water_model,1
pharmaceutic,1
electric_potential,1
nitrate_salt,1
ion_solvent,1
solvent_structure,1
counterion,1
charlson_comorbidity_index,1
dry_forest,1
neotropical_region,1
andes,1
photogenerated_charge,1
degradation_of_chlorophenol,1
high_photocatalytic_activity,1
solution_combustion_method,1
fibrinolytic_therapy,1
troponin_i,1
amino_terminal_pro_brain_natriuretic_peptide,1
cerebrovascular_accident,1
smoking,1
acetylcholinesterase,1
cholinesterase_inhibitor,1
nicotinamide,1
high_fat/high_sucrose_diet,1
"diet,_high_fat",1
cholinesterase,1
percutaneous_coronary_intervention,1
lung_edema,1
grace_risk_score,1
chemical_specie,1
ammonium_salt,1
isomerization,1
cis/trans_isomerization,1
lipid_diet,1
butyrylcholinesterase,1
protection,1
cordyceps_confragosa,1
tebuconazole,1
fungicide,1
insect,1
"fungicides,_industrial",1
cordyceps,1
niacinamide,1
oxygen_saturation,1
platelet_lymphocyte_ratio,1
neutrophil_lymphocyte_ratio,1
qrisk_score,1
fatigue_test,1
cyclic_loading,1
cyclic_test,1
insecta,1
hemiptera,1
photoswitch,1
surface_functionalization,1
silica,1
isomer,1
silicon_wafer,1
azobenzene,1
cis_trans_kinetic,1
cis_trans,1
flatter_surface,1
relaxation_time,1
molecular_switch,1
functional_magnetic_resonance_imaging,1
odor,1
training,1
taste,1
nose,1
functional_neuroimaging,1
molecular_photoswitches,1
silica_surface,1
light_responsive_material,1
concrete_beam,1
cyclic_load,1
ductility,1
strut,1
slit_damper,1
concrete_structure,1
cyclic_behavior,1
autoimmune_disease,1
platelet_count,1
heart_infarction,1
atherosclerosis,1
cardiovascular_risk_factor,1
neutrophil_count,1
nasopharyngeal_swab,1
ferritin,1
uterus_fluid,1
thrombolysis_in_myocardial_infarction_risk_index,1
concrete_beam_and_girder,1
precast_concrete,1
beam___column_connection,1
damping,1
hysteretic_behaviour,1
velum_open_training,1
supine_position,1
latent_period,1
flavor,1
odorants,1
bold_signal,1
proton_transfer_reaction_mass_spectrometry,1
fragrance,1
sitting,1
smell,1
perception,1
study_design,1
swallowing,1
toxic_material,1
alternative_material,1
fatigue_testing,1
non_uniform,1
reactor_modelling,1
highly_exothermic_reaction,1
conductive_heat_transfer,1
temperature_profile,1
bench_scale,1
decomposition,1
toxic_gas,1
greenhouse,1
hydrogen_sulfide,1
chemical_transformation,1
air_pollution,1
fluorination,1
volatile_organic_compound,1
active_site,1
carbon_emission,1
coffea,1
pechini_method,1
polymeric_complex,1
rare_earth_cation,1
sintering_parameter,1
sodium_bismuth_titanate,1
ferroelectricity,1
piezoelectricity,1
rare_earth,1
protein_interaction_mapping,1
protein_isoforms,1
isoprotein,1
"databases,_protein",1
protein_database,1
"protein_processing,_post_translational",1
protein_interaction_map,1
thermal_runaway,1
thermal_conductivity,1
acute_coronary_syndrome,1
coronary_occlusion,1
st_segment_elevation_myocardial_infarction,1
d_dimer,1
acute_heart_failure,1
cardiogenic_shock,1
heart_catheterization,1
oil_and_fat,1
fat_replacer,1
ferroelectric_material,1
piezoelectric,1
optimal_sintering,1
permittivity,1
sintering,1
dense_ceramic,1
lipid_membrane,1
heterogeneous_composition,1
ceramic_microstructures,1
mouth_ulcer,1
breast_neoplasm,1
oral_ulcer,1
breast_tumor,1
adenocarcinoma,1
intrinsic_reaction_coordinate,1
spin_coupling,1
functionals,1
lower_complexity,1
transition_state,1
bond_breaking,1
bond_cleavage_energy,1
heat_conduction,1
three_dimensional_imaging,1
electrostatic_device,1
vesicle_membrane,1
coulomb_interaction,1
lipid_bilayers,1
vesicle_adsorption,1
reactivity_pattern,1
complexity_measure,1
hyper_surfaces,1
hard_soft_acid_basis,1
experimental_evidence,1
reorganisation,1
regioselectivity,1
chemical_hardness,1
atomic_force_microscopy,1
electrostatic_force,1
luminescent_analysis,1
la_mof,1
red_emitting_phosphor,1
carboxylation,1
thermally_stable,1
high_purity,1
phosphor,1
fourier_series,1
liposome,1
uptake_mechanism,1
supported_lipid_bilayers,1
extracellular,1
extracellular_vesicle,1
interaction_control,1
lipid_bilayer,1
biological_interface,1
thermal_stability_luminescence,1
yogurt,1
viscoelasticity,1
oil_in_water_emulgel,1
reduced_fat,1
whey_protein_isolate,1
synaeresis,1
metabolic_rate,1
sperm_function,1
seminal_plasma,1
heat_tolerance,1
flooding,1
coordination_polymer,1
dpa_ligand,1
coordination_mode,1
coordination_polymers,1
stress_on_curved_fluid_membrane,1
ductile_fracture,1
catenoids,1
fluid_membrane,1
inhomogeneous_distribution,1
compositional_inhomogeneity,1
catenoidal_neck,1
inhomogeneous_spontaneous_curvature,1
mosaicity,1
spontaneous_curvature,1
mechanical_effect,1
cefadroxil,1
ozonization,1
"microscopy,_electron,_scanning",1
urban_wastewater,1
cell_uptake,1
charged_microgel,1
microgel,1
net_charge,1
thermosensitive_polymer,1
electrochemical_analysis,1
doped_tio,1
photo_electrocatalysis,1
photoelectrocatalytic,1
acidification,1
ozone_water_treatment,1
electrochemical_method,1
crystallite_size,1
doping,1
absorption,1
contaminant_of_emerging_concern,1
ozonation,1
population_decline,1
perturbation,1
beetle,1
desiccation,1
ant,1
spider,1
viscoelastic_property,1
oil_in_water,1
effective_parameter,1
real_wastewater,1
electrokinesis,1
diffuse_reflectance_spectroscopy,1
conductivity,1
gel,1
conductivity_measurement,1
acrylic_monomer,1
constitutive_equation,1
moment_approximation,1
electric_conductivity,1
pnipam,1
effective_charge,1
silicone_oil,1
marker_gene,1
substrate,1
leuconostoc,1
accumulation,1
homoacetogens,1
metatranscriptomics,1
substrate_concentration,1
organic_loading_rate,1
sodium_carbonate,1
photoelectrocatalysis,1
eryngium_carlinae,1
lamiaceae,1
moringa_oleifera,1
boraginaceae,1
total_carbohydrate,1
capillary_electrophoresis,1
extractive_fermentation,1
quantitative_pcr,1
dark_fermentation,1
homoacetogenesis,1
s_method,1
linear_irreversible_thermodynamics,1
wave_profile,1
grad’s_method,1
nonlinear_transport,1
shock_wave,1
nyctaginaceae,1
typhaceae,1
chenopodium_graveolens,1
amaranthaceae,1
moringaceae,1
hallucination,1
rosaceae,1
abortion,1
anacardiaceae,1
chamaemelum,1
crassulaceae,1
equisetaceae,1
fabaceae,1
somnolence,1
connective_tissue,1
ethnobotany,1
myrtaceae,1
schinus_molle,1
apocynaceae,1
meliaceae,1
verbenaceae,1
apiaceae,1
chenopodium_ambrosioides,1
lythraceae,1
polemoniaceae,1
viridiplantae,1
asteraceae,1
semi_structured_interview,1
ericaceae,1
malvaceae,1
primary_health_care,1
consensus,1
musculoskeletal_system,1
heat_transfer_coefficient,1
light_water_reactor,1
experimental_database,1
source_term,1
core_degradation,1
severe_accident,1
hydrogen_generation,1
molten_material,1
heat_transfer_process,1
gastritis,1
zygophyllaceae,1
mentha_citrata,1
solanaceae,1
papaveraceae,1
bignoniaceae,1
sulfide,1
lauraceae,1
poaceae,1
zingiberaceae,1
chamaemelum_nobile,1
rutaceae,1
lexical_unit,1
mental_lexicon,1
extraversion,1
psychologist,1
big_five,1
personality,1
binary_text_classification,1
lexical_availability,1
personality_identification,1
thyme,1
minocycline,1
staphylococcus_epidermidis,1
dothiorelone_a,1
text_processing,1
personality_trait,1
text_classification,1
automatic_classifier,1
classifier,1
machine_learning_algorithm,1
linguistics,1
sulfide_concentration,1
pigment_content,1
algal_growth,1
qualitative_analysis,1
carotenoid,1
debris,1
scytalpolyol_a,1
scytalidium,1
staphylococcal_infection,1
scytalpolyol_c,1
acinetobacter_baumannii,1
sclerotioramine,1
scytalpolyol_b,1
butyrolactone_iii,1
electronic_circular_dichroism,1
microalga,1
crude_extract,1
chlorophyll_b,1
phycoerythrin,1
bioproducts,1
carbohydrate_analysis,1
biological_product,1
bubbly_flow,1
heat_transport,1
molten_salt,1
cooling_fluid,1
fast_reactor,1
fused_salt,1
inert_gas,1
molten_salt_reactor,1
non_uniform_distribution,1
volume_fraction,1
heat_transfer_co_efficients,1
effective_coefficient,1
coimmunoprecipitation,1
scytalpolyol_d,1
metabolomics,1
cytosporone_b,1
triphosphoinositide,1
freeze_thawing,1
tyrosine,1
protein_tyrosine_kinase,1
immunocytochemistry,1
antibody_labeling,1
immunodetection,1
enzyme_localization,1
amikacin,1
diaporthalasin,1
butyrolactone,1
staphylococcus_infection,1
pyrophen,1
hypothesis,1
dothiorelone_i,1
auranticin_a,1
encecalinol,1
protein_inhibitor,1
oxalicine_b,1
fungal_extract,1
pestalotiopsone_b,1
hypomurocin_a,1
papyracillic_acid_a,1
beauvericin,1
drug_screening,1
cytosporone_c,1
fonsecin,1
secalonic_acid,1
diaporthe,1
colistin,1
polyketide,1
gelsolin,1
croton_niveus,1
stereochemistry,1
cytotoxic_agent,1
cajucarinolide,1
ageratina_grandifolia,1
encecalin,1
protein_targeting,1
dehydroespeletone,1
demethoxyencecalin,1
n_tricosanoyltyramine,1
sonorol,1
chlorpromazine,1
spathulenol,1
derivatization,1
room_temperature,1
o_methylencecalinol,1
megacity,1
phospholipase_c,1
phosphatidylinositol,1
phosphorylation,1
type_c_phospholipases,1
protein_localization,1
phosphatidylinositols,1
immunolocalization,1
cytoskeleton_protein,1
flood_frequency,1
human_settlement,1
grandifolamide,1
diterpenes,1
beta_sitosteryl_beta_dextro_glucopyranoside,1
kaurane_derivative,1
sacarose,1
nanoparticle_concentration,1
doxorubicin,1
phytosterol,1
croton,1
"diterpenes,_kaurane",1
diterpenoid,1
ent_rosane_diterpene,1
etoposide,1
dental_caries,1
glucose_transport,1
infection_control,1
streptococcus_mutans,1
iodide,1
lactoperoxidase,1
extracellular_matrix,1
calmodulin,1
disease_outbreak,1
epidemic,1
hazard_assessment,1
cyanic_acid_derivative,1
enzyme_substrate,1
sugar_intake,1
phosphotransferase,1
bacterial_polysaccharide,1
nicotinamide_adenine_dinucleotide,1
selenium_derivative,1
reduced_nicotinamide_adenine_dinucleotide,1
thiocyanate,1
membrane_transport,1
antibiofilm_activity,1
comparative_analyzes,1
homogeneous_flow,1
substituent_effect,1
thermal_efficiency,1
effective_property,1
thermal,1
thermal_performance,1
performance_comparison,1
exergetic_efficiency,1
ptc,1
telepsychotherapy,1
secondary_analysis,1
intermethod_comparison,1
treatment_outcome,1
sucrose_metabolism,1
stability_analyze,1
fractal_spectrum,1
boiling_water_reactor,1
gene_cluster,1
cie_coordinate,1
hexagonal_phasis,1
cr_concentration,1
chromium_compound,1
emission_peak,1
blue_emission,1
novel_strategy,1
antimony_compound,1
zno:ca,1
ca_doped,1
fluorescence_process,1
molecular_excitation,1
charge_transfer,1
naphthalimide_derivative,1
dual_descriptor,1
carbonate,1
innovative_technique,1
nonlinear_technique,1
scientific_community,1
instability_event,1
higuchi_fractal_dimension,1
non_linear_stability,1
offline,1
hydrogen_gas,1
excited_states,1
excitation_energy_in_fluorescence,1
outcome_assessment,1
critically_ill_patient,1
multidrug_resistant_staphylococcus_aureus,1
whole_genome_sequencing,1
galleria_mellonella_infection,1
two_dimensional_material,1
electronic_transport,1
pseudomonas_aeruginosa,1
galleria_mellonella,1
infection,1
three_dimensional_computer_graphic,1
quadratic_mapping,1
julia_set,1
fractal_boundary,1
quadratic_iteration,1
hypercomplex_number,1
set_theory,1
imaginary_scator,1
seawater,1
carbonic_acid,1
hydrogen_ion_concentration,1
temporal_variation,1
diameter,1
atmospheric_modeling,1
three_dimensional_space,1
divergents,1
discrete_dynamical_system,1
pascal_matrix,1
toeplitz_matrix,1
hermites_polynomial,1
q_pascal_matrix,1
matrix_factorization,1
q_analysis,1
matrix_q,1
pascal_like_matrix,1
unified_approach,1
hartmann,1
alkaline_electrolysis,1
hho_cell,1
alkaline_electrolyse_of_water,1
direct_current,1
co–ni,1
electrolyzers,1
sub_lattices,1
waveguide,1
hyperbolic_function,1
waveguiding,1
energy_bound,1
exact_solution,1
negative_ion,1
nitrogen_oxide,1
dry_[,1
hysplit,1
water_soluble_inorganic_ion,1
secondary_aerosol,1
crustals,1
positive_matrix_factorization_model,1
glibenclamide,1
drug_potency,1
total_cholesterol_level,1
scale_up,1
glucose_absorption,1
alpha_glucosidase_inhibitor,1
experimental_diabetes_mellitus,1
cryofluorane,1
propagating_mode,1
hydrogen_evolution_reaction,1
electrolysis_of_water,1
ni_cd_battery,1
pancreas_function,1
body_weight_loss,1
liver_metabolism,1
treatment_failure,1
alanine_aminotransferase_blood_level,1
acarbose,1
insulin_level,1
glycyrrhetinic_acid,1
"diabetes_mellitus,_experimental",1
glycyrrhetinic_acid_derivative,1
alpha_glucosidases,1
intestine_absorption,1
pioglitazone,1
low_density_lipoprotein,1
degeneration,1
pancreas_tissue,1
flexible_diaphragm,1
structural_irregularity,1
floor,1
floor_opening,1
rigid_diaphragm,1
floor_system,1
global_slenderness,1
re_entrant_corner,1
flat_slab,1
diaphragm,1
modern_lightened_rc_flatslab_floor_system,1
plasticizer,1
glutathione_reductase,1
tissue_structure,1
glutathione_transferase,1
urea_blood_level,1
biomechanics,1
biomechanical_phenomenon,1
ferric_reducing_antioxidant_power,1
kidney_metabolism,1
feces_analysis,1
tcl,1
diatomics,1
potential_curve,1
born_oppenheimer,1
rovibrational_spectrum,1
dcl,1
born_oppenheimer_potential,1
internuclear_distance,1
diatomic_molecule,1
aspartate_aminotransferase_blood_level,1
albumin_blood_level,1
kinematics,1
pstabcs_gene,1
extreme_environment,1
genome_analysis,1
pangenome,1
nargi_gene,1
ectabc_gene,1
bacterial_dna,1
gonad,1
computer_aided_sperm_analysis,1
reproductive_toxicity,1
steroidogenic_acute_regulatory_protein,1
exposure,1
thiopental,1
cholesterol_monooxygenase,1
taurine,1
steroidogenesis,1
organ_weight,1
lead_acetate,1
ytterbium_compound,1
medical_application,1
minimal_nonradiative_decay,1
cooperative_sensitization_upconversion_mechanism,1
fluoroindate_glass_matrix,1
energy_transfer_efficiency,1
fluoroindate_glass,1
nonradiative_decay,1
emission_spectroscopy,1
high_efficient_blue_and_nir_upconverted_light,1
glass_matrix,1
sensitisation,1
thiobarbituric_acid_reactive_substance,1
potential_biocompatible_application,1
upconversion_mechanism,1
high_efficient,1
exopolysaccharides,1
lactic_acid_production,1
lacticaseibacillus_paracasei,1
laboratory,1
lactic_acid_bacteria,1
lacticaseibacillus,1
biofilm_formation,1
fructose,1
lactobacillus_paracasei,1
breakdown_product,1
fructans,1
agave_fructans,1
biofilms,1
agave,1
polysaccharide_production,1
industrial_research,1
fructan,1
hybrid,1
gutta_percha,1
outcome_variable,1
root_canal_preparation,1
sample_size,1
tooth,1
compaction_technique,1
medical_procedure,1
dentinal_tubule,1
root_canal_obturation,1
sealant,1
scisearch,1
symptomatology,1
blastocystosis,1
somatic_cell,1
bibliometrics,1
sociology,1
somatic_cell_nuclear_transfer,1
web_of_science,1
trichophyton_mentagrophytes,1
callus,1
desmethoxyencecalin,1
wild_plant,1
callus_culture,1
alpha_amyrin,1
hacat_cell_line,1
helianthus_annuus,1
ageratina_pichinchensis_extract,1
entamoeba_histolytica,1
feces_culture,1
heart_sound,1
antenatal_surveillance,1
wavelet_frequency_spectrum,1
ageratina_pichinchensis,1
campesterol,1
trypanosoma_cruzi,1
candida_albicans,1
dihydrobenzofuran_derivative,1
prostate_carcinoma,1
beta_eudesmol,1
healthy_aging,1
very_elderly,1
frequency,1
microscopy,1
feces,1
composite_photocatalysts,1
betabc_gene,1
halomonas,1
comparative_genomics,1
halophilic_bacterium,1
nasa_gene,1
"dna,_bacterial",1
machine_learning_model,1
amphotropism,1
blastocystis,1
microbial_identification,1
structured_questionnaire,1
blastocystis_infection,1
bivariate_analysis,1
giardia_intestinalis,1
anticonvulsant_activity,1
cingulate_gyrus,1
wavelet_transforms,1
time_frequency_characteristic,1
timing_characteristic,1
fetal_phonocardiography,1
wavelet_energy_spectrum,1
phonocardiography,1
large_dataset,1
frequency_spectrum,1
fetus_heart,1
cardiology,1
fetal_heart_sound,1
dorsal_hippocampus,1
epileptic_state,1
anticonvulsant,1
anticonvulsive_agent,1
animal_feed,1
local_flow,1
single_phase_fluid,1
nucleus_accumbens,1
insula,1
status_epilepticus,1
nerve_cell_degeneration,1
somatosensory_cortex,1
tonic_clonic_seizure,1
kainic_acid,1
cell_destruction,1
pyramidal_nerve_cell,1
seizure,1
positron_emission_tomography,1
ventral_hippocampus,1
mathematical_operator,1
heterogeneous_porous_medium,1
fluid_flow_in_porous_medium,1
mutation_operator,1
dichromatic_number,1
nonadjacent_vertex,1
genetic_operator,1
two_graphs,1
positron_emission_tomography_computed_tomography,1
motor_cortex,1
thalamus,1
microphotography,1
dapsone,1
orbital_cortex,1
neuroprotection,1
brain_metabolism,1
pseudo_local_effective_thermal_conductivity,1
external_heat_transfer,1
wall_cooled_packed_bed_reactor,1
radial_heat_transfer_resistance,1
heat_resistance,1
external_heat_transfer_resistance,1
fluid_dynamics,1
radial_heat_transfer,1
heat_transfer_resistance,1
fractal_continuum,1
hydrogeology,1
non_local_flow,1
radial_flow,1
nonlocal,1
fractional_derivative,1
modeling_parameter,1
automatic_identification,1
multilayers,1
brucite,1
zinc_hydroxystannate,1
inorganic_solid,1
contaminant_degradation,1
emerging_contaminant,1
water_treatment,1
emerging_pollutant,1
uv_light,1
dna_conformation,1
directed_hajos_join,1
recombination_operator,1
symmetric_cycle,1
vertex_coloring,1
effective_thermal_conductivity,1
patient_reported_outcome,1
content_validity,1
family_planning_service,1
ethiopia,1
india,1
contraception,1
cultural_factor,1
exploratory_factor_analysis,1
health_care_quality,1
clinical_assessment_tool,1
patient_monitoring,1
psychometry,1
patient_care,1
convergent_validity,1
rank_based_genetic_operator,1
directed_graph,1
high_voltage_discharge,1
signal_enhancement,1
patient_counseling,1
health_service,1
family_planning,1
contraceptive_agent,1
internal_consistency,1
counseling,1
over_sampling,1
supervised_learning,1
cancer_cell_signaling_dataset,1
nn_algorithm,1
supervised_machine_learning,1
class_imbalance,1
nearest_neighbor_search,1
k_nn_algorithm,1
"calorimetry,_indirect",1
sedentary_behavior,1
basal_metabolic_rate,1
indirect_calorimetry,1
energy_metabolism,1
vertex_cover_problem,1
optimization_study,1
classification_task,1
learning_system,1
supervised_classification,1
cell_signaling,1
nanosecond_laser,1
high_voltages,1
electric_breakdown,1
heated_soil,1
laser_produced_plasma,1
soil_sample,1
functional_diversity,1
spontaneous_mutation,1
natural_selection,1
multilayer_neural_network,1
electoral_campaign,1
mining_technique,1
multilayers_perceptrons,1
election_campaign,1
protein_nucleic_acid_interaction,1
spark_discharge,1
magnetoplasma,1
laser_heating,1
electron_density_measurement,1
target_heating,1
basal_metabolism,1
robust_modeling,1
complex_network,1
community_well,1
job_loss,1
community_detection,1
study_case,1
coloring_problem,1
dynamic_characterization,1
multiplex_network,1
marmatite,1
glow_discharge_optical_emission_spectroscopy,1
mining_waste_bulk,1
glow_discharge_optical_emission_spectroscopy_profile,1
sphalerite_simulated_weathering,1
mining_waste,1
square_pulse,1
tafel_plot,1
trans_splicing,1
cell_function,1
concept_analysis,1
pleiotropy,1
marmatite_like_sphalerite,1
sphalerite,1
tafel_plot_comparison,1
sodium_nitrate,1
pbs_zns_sample,1
optical_emission_spectroscopy,1
weathering,1
robust_model_based_control,1
operation_and_control,1
predictive_control_system,1
packed_absorption_column,1
relative_organ_weight,1
acteoside,1
sweetening_process,1
natural_gas,1
absorption_column,1
gas_sweetening,1
model_based_control,1
natural_gas_processing,1
gas_absorption,1
error_compensation,1
travelling_wave,1
scale_invariant,1
symbolic_computation,1
generalized_scale,1
scale_invariant_of_the_dependent_variable_equation,1
tanh_coth_method,1
disequilibrium,1
ecuador,1
panama,1
population_structure,1
genetic_differentiation,1
capivasertib,1
traveling_wave_solution,1
korteweg_de_vries_equation,1
the_tanh_coth_method,1
dependent_variable,1
toxicity_testing,1
quadrupole_mass_spectrometry,1
plantago_australis,1
geniposidic_acid,1
plantago_australis_extract,1
ion_monitoring,1
triglyceride_glucose_index,1
c_band_optical_amplifier,1
alkali_metal_fluoride,1
thermal_optical,1
c_bands,1
optical_and_spectroscopic_trait,1
conception,1
molecular_biology,1
dna_rna_hybridization,1
blood_glucose,1
chaid_test,1
statistical_analysis,1
triglyceride,1
health_center,1
confidence_interval,1
gender,1
numerical_test,1
sonic_hedgehog_protein,1
pantograph,1
object_oriented_programming,1
numerical_value,1
three_dimensional_pantograph,1
the_numerical_value_of_the_x_and_y_coordinate,1
software_testing,1
object_oriented_language,1
two_dimensional_simulation,1
computer_simulation_language,1
trade_off,1
chromosome,1
elevation,1
hybrid_zone,1
plantago,1
transgene,1
vesiculovirus,1
speciation,1
embryonic_development,1
litter_size,1
general_circulation_model,1
niche,1
climate_change,1
refugium,1
bioclimatology,1
identification_method,1
memory_assessment,1
cell_aging,1
chemical_engineering,1
solute_concentration,1
porous_membrane,1
sewage_treatment,1
activated_sludge_process,1
near_infrared_luminescence,1
thermal_infrared,1
erbium_compound,1
membrane,1
cylindrical_pore,1
thickness,1
plant_physiology,1
transport_problem,1
solute,1
cancer_inhibition,1
n_glycosylation,1
human_gene,1
mammalian_system,1
lentivirus_vector,1
antiproliferative_activity,1
tumor,1
virus_envelope_protein,1
virus_particle,1
tumor_xenograft,1
glioma,1
apoptosis_inducing_factor,1
recombinant_protein_expression,1
tumour_cell,1
recombinant_protein,1
anti_tumors,1
proapoptotic_activity,1
viral_gene_therapy,1
viral_gene_delivery_system,1
flat_membrane,1
analytical_theory,1
municipal_wastewater,1
effluent_disinfection,1
pathogen,1
arcobacter,1
activated_sludge,1
polyhistidine_tag,1
recombinant_protein_production,1
sludge,1
metabolic_capacity,1
food_supplement,1
design_of_experiment,1
delignification,1
pharmaceutical_good,1
pycnoporus_cinnabarinus,1
bio_plastics,1
ficus,1
process,1
extracellular_activity,1
chemical_degradation,1
recovery,1
lignin,1
bioprocess_optimization,1
lignocellulosic_material,1
"models,_theoretical",1
steel,1
xanthine_derivative,1
acid,1
xanthine,1
triazoles,1
female_fertility,1
growth_arrest,1
malignant_neoplasm,1
chronic_stress,1
proestrus,1
oogenesis,1
olive_tail_moment,1
diestrus,1
corticosterone_blood_level,1
gap_junction,1
oocyte_development,1
germinal_vesicle,1
fertility_parameter,1
meiosis,1
corticosterone,1
water_immersion,1
intercellular_signaling,1
saponin,1
galegine,1
verbesina_crocata,1
wound_healing_promoting_agent,1
alkaloid,1
diuretic_activity,1
steroid,1
traditional_medicine,1
glycoside,1
sitogluside,1
quinone_derivative,1
lupeol_acetate,1
verbesina,1
tannin_derivative,1
characteristic_peak,1
photocatalytic_hydrogen_production,1
hydroxide_phasis,1
trimetallic,1
immunoglobulin_production,1
nicotinic_receptor,1
caregiver,1
autonomic_dysfunction,1
congenital_malformation,1
degree_of_substitution,1
huauzontle_starch,1
modified_starch,1
vitro_digestibility,1
digestibility,1
octenyl_succinic_anhydride,1
pseudo_cereal,1
starch_content,1
cost_effective,1
biomass_production,1
esterase_activity,1
coliform_bacterium,1
antibiotic_resistance_gene,1
emerging_biological_contaminant,1
chemical_pollutant,1
constructed_wetland,1
biological_contaminant,1
wastewater_treatment_plant,1
bacterial_pathogen,1
wastewater_surveillance,1
microbial_production,1
cutinase,1
trichoderma_harzianum,1
cutinolytic_esterase_activity,1
ester,1
glyceryl_monostearate,1
cholinergic_receptor,1
transport_modelling,1
coronavirus,1
disinfection,1
wastewater_reclamation,1
rainy_season,1
bacterial_community,1
cell_suspension,1
mecamylamine,1
transcytosis,1
immunoglobulin_a_antibody,1
running,1
mitochondrial_biogenesis,1
cytofluorometric_assay,1
intestine_lymphatic_tissue,1
cytofluorometry,1
environmental_pollutant,1
fate_and_transport,1
water_level,1
aerobic_exercise,1
plasmablast,1
immunoglobulin_class_switching,1
b_lymphocyte,1
multi_color_emission,1
radiative_parameter,1
nonradiative_energy_transfer,1
stimulated_emission_cross_section,1
phosphate_glass,1
device_application,1
photonics_device,1
photonic_device,1
lerma_chapala_santiago_river_basin,1
tropic,1
microchannels,1
polyvinylpyrrolidones,1
klinkenberg,1
permeability_tensor,1
lake_chapalum,1
hydrological_modeling,1
urban_city,1
hydraulic_model,1
mexican_plateau,1
surface_water_modeling_system,1
pollutant_transport,1
nutrient_dynamic,1
guadalajara,1
tropical_lake,1
nutrient,1
lake_chapala,1
targeted_drug_delivery,1
head,1
"phantoms,_imaging",1
equipment_design,1
signal_to_noise_ratio,1
signal_noise_ratio,1
medline,1
acrylic_acid,1
gamma_ray,1
biomedical_field,1
thermal_and_chemical_stability,1
grafting,1
controlled_drug_delivery,1
vinylpyrrolidone,1
physical_and_chemical_property,1
polydimethylsiloxane,1
nutritional_status,1
social_aspect,1
semi_rural_community,1
housing_quality,1
depression_assessment,1
escape_probability,1
through_channel,1
high_order_correction,1
parallel_flow,1
knudsen,1
msprt,1
function_evaluation,1
multiple_hypothesis,1
sprt,1
statistical_test,1
drug_load,1
malnutrition,1
protein_intake,1
walking_speed,1
systematic_review,1
end_stage_renal_disease,1
health_care_personnel,1
meta_analysis,1
appetite,1
embase,1
physical_performance,1
intradialytic_parenteral_nutrition,1
mazzaella_japonica,1
preschool_depression_scale_for_teacher,1
paternal_educational_status,1
underweight,1
maternal_educational_status,1
biomembrane,1
transport_of_particle,1
average_lifetime,1
transition_path,1
experimental_study,1
biological_membrane,1
validity,1
surface_science,1
first_passage,1
tobramycin,1
serotype,1
ceftriaxone,1
ertapenem,1
healthcare_associated_infection,1
multidrug_resistant_klebsiella_pneumoniae,1
crowding,1
resilience,1
soil_structure_interaction_effect,1
disease_surveillance,1
disk_diffusion,1
quinolone_derivative,1
klebsiella_pneumoniae,1
multidrug_resistance,1
cefazolin,1
trimethoprim,1
cefotaxime,1
carbapenemase,1
carbapenemase_producing_enterobacteriaceae,1
extended_spectrum_beta_lactamase,1
meropenem,1
nitrofurantoin,1
multilocus_sequence_typing,1
c_phycocyanin,1
photosynthesis,1
desertifilum_tharense,1
carbon_dioxide_fixation,1
photon,1
high_throughput_analysis,1
housekeeping_gene,1
pulsed_field_gel_electrophoresis,1
ampicillin_resistance,1
random_amplified_polymorphic_dna,1
nalidixic_acid,1
agar_dilution,1
imipenem,1
beta_lactamase_ampc,1
soft_soil,1
hysteretic_fuse,1
mastocarpus_papillatus,1
palmaria_mollis,1
peritoneal_dialysis,1
all_cause_mortality,1
kidney_disease,1
network_meta_analysis,1
dietary_supplement,1
reinforced_concrete_building,1
resilient_seismic_design,1
hysteretic_energy_dissipation,1
moment_frame,1
multistorey_building,1
design_methodology,1
soil_structure_interaction,1
dialysis,1
thermotolerant,1
oxygen_production,1
ammonium_sulfate,1
activity_assay,1
renal_dialysis,1
drug_therapy,1
hemodialysis,1
cyanobacterial_strain,1
biomarker,1
fresh_water,1
cyanobacterium,1
nitrogen_compound,1
optical_microscopy,1
vagina_cytology,1
liquid_chromatography,1
seaweed,1
prionitis_lanceolata,1
rainforest,1
green_alga,1
ejaculation,1
insemination,1
computer_assisted_semen_analysis_system,1
prepuce,1
progesterone_blood_level,1
dinoflagellate,1
dinoflagellida,1
hydrodynamic_characteristic,1
energy_consumption,1
shear_stress,1
hydrodynamic_mixing,1
pumping_efficiency,1
mixing_time,1
mixing_performance,1
mdtb_gene,1
oprn_gene,1
baes_gene,1
epta_gene,1
muxb_gene,1
hydrodynamics_performance,1
drag,1
blade_profile,1
photochemistry,1
vanadium,1
lichen,1
colonization,1
los_tuxtlas,1
wettability,1
liverwort,1
leaf,1
emre_gene,1
emrr_gene,1
bla_amph_gene,1
emrb_gene,1
lmrb_gene,1
baca_gene,1
mdth_gene,1
host_plant,1
lowland_environment,1
coyote,1
mdtc_gene,1
gastrointestinal_content,1
mara_gene,1
virus_like_agent,1
mdta_gene,1
acre_gene,1
opmh_gene,1
tolc_protein,1
mexw_gene,1
acrd_gene,1
smer_gene,1
rama_gene,1
intestine_content,1
histone_like_nucleoid_structuring_protein,1
emra_gene,1
mdtm_gene,1
mexk_gene,1
gene_identification,1
beta_lactamase,1
kpne_gene,1
baer_gene,1
mexb_gene,1
mdfa_gene,1
addition_reaction,1
macroalga,1
alfalfa,1
butyric_acid,1
rumen,1
mazzaella_splendens,1
barley,1
atom_transfer,1
product_distribution,1
"drug_resistance,_bacterial",1
pmrf_gene,1
mdtg_gene,1
msba_protein,1
acrb_gene,1
mdtk_gene,1
acra_gene,1
kdpe_gene,1
mexf_gene,1
mexe_gene,1
yojl_gene,1
cpxr_gene,1
amph_gene,1
rna_polymerase_beta_subunit,1
cpxa_gene,1
acrf_gene,1
long_range_correlation,1
sars,1
fractal_scaling,1
multivariate_correlation,1
voss_rule_mapping,1
sdia_gene,1
printed_circuit_board,1
e_wastes,1
"multivariate_correlation,_randomness",1
sliding_window_scheme,1
genome_sequence,1
scaling_analysis,1
microalga_production,1
continuous_photobioreactor,1
robust_control_design,1
nonlinear_model_predictive_control,1
microalgae_cultivation,1
biofuel_production,1
random_copolymer,1
sulfonic_acid_group,1
pamps,1
molar_composition,1
apolipoprotein_e,1
period_circadian_protein,1
gene_insertion,1
colorimetry,1
hospital_patient,1
pva,1
cell_phone,1
gold_extraction,1
chemical_inhibitor,1
base_metal,1
thioureas,1
electronic_waste,1
complex_material,1
oxalic_acid,1
selective_leaching,1
base_metal_inhibitor,1
adduct_formation,1
atmospheric_temperature,1
arrhenius_expression,1
reaction_mechanism,1
radical_adducts,1
temperature_dependence,1
monoterpenes,1
dichlorodihydrofluorescein_diacetate,1
vitrification,1
apoe_gene,1
circadian_rhythm_sleep_disorder,1
circadian_rhythm_signaling_protein,1
alzheimer_disease,1
genetic_risk,1
neurology,1
apolipoproteins_e,1
convalescence,1
respiratory_tract_disease,1
dipeptidyl_carboxypeptidase,1
peptidyl_dipeptidase_a,1
long_covid,1
quasi_exact_solvability,1
three_dimensional_system,1
hidden_algebra,1
coulomb_problem,1
polynomial_eigenfunction,1
orthogonal_polynomial_in_two_variable,1
finite_dimensional,1
dimensional_representation,1
troposphere,1
free_radical_reaction,1
temperature_range,1
construction_industry,1
cradle_to_grave,1
pancreas_islet_beta_cell,1
hepatocyte_growth_factor,1
acetaldehyde,1
correlational_study,1
scatter_factor,1
mapk_signaling,1
pancreas,1
central_africa,1
gulf_of_guinea,1
molecular_analysis,1
principe,1
sao_tome_and_principe,1
up_flow_anaerobic_sludge_blanket_reactor,1
industrial_water_treatment,1
oocyte_maturation,1
heating,1
domestic_sheep,1
nonconventional_adsorbent,1
computational_fluid_dynamic_modeling,1
upflow_anaerobic_sludge_blanket_reactor,1
hydraulic_retention_time,1
biofuel,1
flow_pattern,1
plug_flow,1
cod_removal_efficiency,1
upflow_anaerobic_sludge_blanket,1
bubble,1
construction_sector,1
service_life,1
life_cycle_assessment,1
retinol,1
interior_partition,1
interior_wall,1
embodied_emission,1
constructive_system,1
partition_wall,1
environmental_performance,1
dynamic_lca,1
ameloblastoma,1
even_parity,1
twisted_bilayers,1
bilayer_graphene,1
hydraulics,1
external_hydrostatic_pressure,1
hydraulic_retention,1
flow,1
cyclist,1
odd_parity,1
semimetallics,1
energy_position,1
metallic,1
van_hove_singularity,1
rotation_angle,1
hydrostatic_pressure,1
sexual_reproduction,1
environmental_condition,1
daylight,1
phenotypic_plasticity,1
reproductive_cycle,1
selenium,1
carcass,1
behavior,1
nir_broadband_laser,1
gluteus_maximus_muscle,1
immunoglobulin,1
deltoid_muscle,1
dry_matter_intake,1
productive_behavior,1
longissimus_muscle,1
alpha_globulin,1
beta_globulin,1
sleep_wake_disorder,1
work_schedule_tolerance,1
car_driving,1
automobile_driving,1
motor_vehicle,1
work_schedule,1
farm_animal,1
leonotis_nepetifolia,1
volunteer,1
reliability,1
territoriality,1
agricultural_land,1
land_use,1
forage,1
pedestrian,1
periodicity,1
foraging,1
judd_ofelt,1
oxide_glass,1
raman_scattering,1
microcrystallization,1
aluminum_sodium_borotellurite_glass,1
laser_performance,1
planar_tetracoordinate_carbon,1
silicon_carbon_cluster,1
potential_energy,1
broadband_laser,1
husimi_function,1
quantum_distribution,1
renyis_entropy,1
wigner_function,1
real_component,1
phase_space,1
quantum_number,1
shannon,1
phase_space_method,1
marginals,1
cumulative_residual_entropy,1
wigner_ville_distribution,1
nitrogen_physisorption,1
photo_degradation,1
current_amplitude,1
ultraviolet_visible_spectrophotometry,1
radiation_absorption,1
nanocomposite,1
phenology,1
citizen_science,1
photography,1
information_source,1
chemical_bonding_analyse,1
silicon_carbon,1
global_minimum,1
dianions,1
bonding_analysis,1
dft_computation,1
fluid,1
environmental_impact,1
swelling,1
cactus,1
biocomposite,1
metaphase,1
fertilization,1
hyaluronidase,1
textile_industry,1
new_methylene_blue,1
quantum_mechanic,1
montmorillonite,1
conformation,1
capsaicin,1
fluoride_ion,1
magnetic_semiconductor,1
beam_columns,1
failure,1
reflectance,1
mineralization,1
inorganic_compound,1
reaction_time,1
photolysis,1
infrared_radiation,1
wet_impregnation_method,1
crystallite,1
subcutaneous_implantation,1
in_vivo,1
scaffold,1
histological_analysis,1
post_implantation,1
chemical_bonding,1
morphology_and_size,1
polyethylene,1
recycled_polyethylene,1
foreign_body_reaction,1
vivo_biocompatibilities,1
capillary_pressure,1
macroscopic_dynamic,1
capillarity,1
isothermal_flow,1
dynamic_capillary_pressure,1
capillary_tube,1
diatom,1
cell,1
toxicity_test,1
ultrastructure,1
structural_system,1
non_newtonian_fluid,1
viscous_dissipation,1
elasticity,1
strain_localization,1
variational_formulation,1
multiple_discontinuity,1
beam_column_element,1
embedded_discontinuity,1
nonlinear_analysis,1
stiffness_matrix,1
thin_beam,1
closed_form_solution,1
embedded_system,1
dipyrone,1
anti_inflammatory_drug,1
metamizole,1
von_frey_test,1
hyperalgesia,1
formalin_test,1
mechanical_hypersensitivity,1
ultraviolet_visible_irradiation,1
visible_irradiation,1
pharmaceutical_contaminant,1
microplates,1
photocatalytic_property,1
high_shear,1
high_shear_impeller,1
stirred_tank,1
cfd_simulation,1
shear_thinning_fluid,1
power_number,1
shear_flow,1
isoamyl_alcohol,1
isoamyl_acetate,1
yeast,1
first_order_constant,1
isopentyl_acetate,1
isopentyl_alcohol,1
power_and_pumping_number,1
ca_ski_cell_line,1
cell_density,1
expression_vector,1
uterine_cervix_tumor,1
papillomavirus_infection,1
uterine_cervical_neoplasm,1
glutamine,1
electrochemiluminescence,1
protein_expression_level,1
nf_kappa_b,1
circular_economy,1
chitin_nanowhiskers,1
textile,1
chitin,1
composite,1
tablet_hardness,1
lubricating_agent,1
mechanical_allodynia,1
spinal_cord,1
nf_kb_signaling,1
mechanical_hyperalgesia,1
transcription_factor_rela,1
pentanols,1
banana_like_aroma,1
maintenance_energy,1
domestication,1
pentanol,1
feasibility_study,1
dry_weight,1
bubbling_column,1
precursor_toxicity,1
bubble_formation,1
pichia,1
oxygen_supply,1
banana,1
saccharomyces_cerevisiae,1
deposition,1
thin_films,1
codeposition,1
particle_size_analysis,1
vanadium_dioxide,1
saliva_substitute,1
material_testing,1
tin_alloy,1
metal_insulator_boundary,1
spray_pyrolysis,1
thin_film,1
metal_insulator_transition,1
semiconductor_insulator_boundary,1
protein_myb,1
adipose_derived_stem_cell,1
amaranthus,1
rna_sequencing,1
amaranthus_hypochondriacus,1
hylocereus_undatus,1
drought_tolerance,1
cactus_pear_juice,1
ericsson_solution,1
silver,1
vickers_hardness,1
titanium_alloy,1
auxin,1
arabidopsis_thaliana,1
carnation,1
beet,1
drought_stress,1
cell_growth,1
basic_helix_loop_helix_transcription_factor,1
open_reading_frame,1
cellular_stress_response,1
biotic_stress,1
auxin_transport,1
wear_resistance,1
lipid_nanoparticles,1
microcrystalline_cellulose,1
lubrication,1
excipients,1
tablet_compression,1
tablet_manufacture,1
sol_gel,1
alloy,1
magnesium_chloride,1
mechanical_performance,1
disodium_hydrogen_phosphate,1
medical_society,1
microwave_sol_gel_method,1
resistance_property,1
silver_alloy,1
sn_ag_alloy,1
wear_of_material,1
potassium_bicarbonate,1
titanium_dioxide_nanoparticle,1
agroecology,1
ecological_economics,1
indigenous_population,1
aquaculture,1
crop_residue,1
food_supplementation,1
shrimp_culture,1
hypercholesterolemia,1
blood_vessel_reactivity,1
n_nitroarginine_methyl_ester,1
corrosion_resistant_alloy,1
corrosion_resistance,1
tablet_disintegration,1
aniline,1
perivascular_adipose_tissue,1
clinical_evaluation,1
prostanoid,1
cafeteria_diet,1
mouse_mutant,1
meat_consumption,1
vasodilator_agent,1
diet_induced_obesity,1
potassium_chloride,1
"mice,_obese",1
body_fat_percentage,1
concentration_response,1
impaired_glucose_tolerance,1
indometacin,1
nitric_oxide_synthase,1
polyaniline_coating,1
spoofing_attack,1
phenylephrine,1
hyperglycemia,1
prostaglandin_synthase,1
giant_star,1
protostellar_disk,1
star_formation,1
stars:_protostars,1
stars:_low_mass,1
accretion:_accretion_disk,1
method:_numerical,1
prestellar_core,1
binaries:general,1
stellars,1
orbit,1
block_based_programming,1
educational_technology,1
static_and_dynamic,1
saline_fluid,1
metallic_surface,1
coated_sample,1
phosphate_buffered_saline_solution,1
polyaniline,1
stainless_steel_thin_plate,1
stainless_steel,1
cardiovascular_system,1
adhesion,1
surface_chemistry,1
wet_condition,1
polymeric_coating,1
stainless_steel_surface,1
electromagnetic_device,1
mechanical_formulation,1
mel_frequency_cepstral_co_efficient,1
network_architecture,1
spoof_detection,1
audio_system,1
mel_frequency_cepstral_coefficient,1
daily_use,1
technological_advance,1
speech_recognition,1
spectrogram,1
biometric_authentication,1
spectrograph,1
automatic_speaker_verification,1
student_teacher,1
programming_logic,1
data_quality,1
forced_expiratory_volume,1
chronic_obstructive_lung_disease,1
tobacco,1
block_based,1
web_application,1
teacher,1
computer_circuit,1
educational_game,1
computer_game,1
board_game,1
traditional_knowledge,1
methodology,1
social_status,1
feminism,1
multiphysics,1
tablet_porosity,1
solid_lipid_nanoparticle,1
lubricant,1
moisture,1
friction,1
type_locality,1
allopatry,1
modeling_language,1
open_system,1
numerical_modeling_and_analysis,1
multi_physics,1
magnetic,1
coupled_problem,1
open_source_software,1
weak_coupling,1
smoke,1
brazil,1
forced_vital_capacity,1
scaling_behaviour,1
fractional_brownian_motion,1
engineering_economy,1
complex_time_series,1
consumer_price_index,1
short_time_series,1
el_nino,1
gaussians,1
endohedrals,1
inverted_gaussian_potential,1
gaussian_function,1
electromagnet,1
magnetomechanical_coupling,1
relative_density,1
metal,1
"biodegradation,_environmental",1
symbiosis,1
first_line_treatment,1
interstitial_collagenase,1
psoriasis,1
gelatinase_a,1
incidence,1
matrix_metalloproteinases,1
tobacco_consumption,1
city,1
neighborhood,1
child_welfare,1
alcohol_drinking,1
child_development,1
drinking_behavior,1
random_partition_model,1
random_partition,1
partition_model,1
bayesian_analysis,1
spatial_clustering,1
penalty_function,1
atlantic_forest,1
bioindicator,1
divergence,1
functional_change,1
edge_effect,1
habitat_fragmentation,1
spillover_effect,1
paraguay,1
forest_edge,1
mycorrhiza,1
geometric_quantity,1
surface_diffusion,1
diffusion_coefficient,1
effective_diffusion_coefficient,1
finite_element_analysis,1
diffusing_particle,1
mycorrhizae,1
endophytes,1
endophyte,1
bayesian_nonparametrics,1
geometric_network,1
cluster_analysis,1
classification_method,1
unsupervised_classification,1
linear_network,1
clustering,1
dominance,1
tapped_density,1
tablet,1
content_uniformity,1
magnesium_stearate,1
tablet_friability,1
acetaminophen,1
rickettsia,1
habitat_conservation,1
yucatan_peninsula,1
mark_recapture_method,1
niche_overlap,1
wildlife_management,1
predator_prey_interaction,1
trapping,1
interspecific_competition,1
inhour_equation,1
laplace_method,1
curved_surface,1
particle_mobility,1
surface_diffusion_coefficient,1
laplace_beltrami,1
curved_domain,1
clinical_measurement,1
granulocyte,1
fat_mass,1
cell_counting,1
dual_energy_x_ray_absorptiometry,1
high_intensity_interval_training,1
immunoregulation,1
immunometabolic_regulation,1
poaching,1
analysis_of_variance,1
cat_disease,1
ischnocera,1
global_health,1
native_specie,1
veterinary_parasitology,1
babesia,1
exercise_intensity,1
subcutaneous_fat,1
kinetic_energy,1
neutron_point_kinetic_equation,1
point_kinetics_equation,1
nested_sum,1
convolution_theorem,1
convolution,1
analytical_solution,1
energy_distribution,1
hygienization,1
antimicrobial_resistance,1
angiotensin_converting_enzyme_inhibitor,1
acinetobacter_johnsonii,1
sludge_treatment,1
antibiotic_resistant_bacteria,1
clostridium_perfringens,1
viable_but_non_culturable_state,1
sludge_hygienization,1
horizontal_gene_transfer,1
arcobacter_butzleri,1
biosolid,1
worm_egg,1
gene_transfer,1
pacbio_sequencing,1
magnetic_circuit,1
magnetic_equivalent_circuit,1
magnetic_gear,1
anaerobic_bacterium,1
biosolids,1
"bacteria,_anaerobic",1
health_risk,1
environmental_risk,1
soil_pollution,1
high_throughput,1
sludge_stabilization,1
viable_but_non_culturable,1
vancomycin,1
radiant_energy,1
photobiore_actor,1
biotechnological_process,1
integer_programming,1
k_clique,1
dynamic_programming,1
integer_program__ming,1
alcian_blue,1
light_distribution,1
radiative_transport_property,1
process_monitoring,1
microalgae_culture,1
chlorella_vulgaris,1
permanent_magnet,1
axial_flux_magnetic_gear,1
ferromagnetic_material,1
equivalent_circuit,1
network_model,1
axial_flux,1
nutrition,1
azadirachta_indica,1
milk_yield,1
choline,1
pregnancy_outcome,1
equivalent_circuit_model,1
reluctance_network,1
scheduling/timetabling,1
multiple_choice_constraint,1
k_partite_graph,1
scheduling,1
series_parallel,1
dependency_graph,1
series_parallel_graph,1
clique_problem,1
polynomial_approximation,1
colocynth,1
polyethylene_glycol,1
gamma_cyclodextrin_derivative,1
amphotericin_b,1
gamma_cyclodextrins,1
palmitone,1
diazepam,1
anxiolytic_agent,1
vascular_endothelium,1
odontogenic_epithelium,1
glycosaminoglycan,1
mesenchyme_cell,1
ameloblastic_fibroma,1
fibroma,1
cell_adhesion_molecule,1
digitization,1
ultimate_strength,1
structural_steel,1
submersible,1
ship_design,1
steel_reinforced,1
building_material,1
plane_action,1
submarine,1
semisubmersibles,1
optimization,1
achyranthes_aspera,1
placenta,1
progeny,1
placenta_development,1
fetus_development,1
trachyspermum_ammi,1
specie_identification,1
felicola_subrostratus,1
domestic_cat,1
cytochrome_c_oxidase,1
vector_borne_disease,1
hepatozoon,1
cat,1
bartonella,1
hepatozoon_canis,1
mycoplasma_haemofelis,1
alpha_stable_random_variable_characterization,1
probabilistic_behavior,1
serotonin_agonist,1
serotonin_receptor_agonist,1
chiapas,1
specie_inventory,1
hull,1
out_of_plane,1
biological_production,1
transcription,1
production_and_sporulation,1
submerged_fermentation,1
southern_blotting,1
sporogenesis,1
regulation_of_secondary_metabolism,1
protoplast,1
production_increase,1
lovastatin,1
aspergillus_terreus,1
transcription_factor,1
buspirone,1
anti_anxiety_agent,1
anesthesia_level,1
expectation_maximization_algorithm,1
dried_blood_spot_testing,1
parental_strain,1
nuclear_localization_signal,1
sporulation,1
lovastatin_production,1
aspergillus,1
reactive_oxygen_specie_regulation_of_lovastatin_gene,1
secondary_metabolism,1
statistical_physic,1
force_and_torque,1
life_science,1
optical_trapping,1
space_research,1
roadmap,1
adaptive_smoothed_particle_hydrodynamics,1
hot_air,1
mass_and_heat_transfer,1
smoothed_particle_hydrodynamics_method,1
complex_fluid,1
optical_manipulation,1
contact_less,1
micro/nano,1
autumn,1
greenhouse_effect,1
immune_system,1
dairy_cattle,1
enzootic_bovine_leukosis,1
milk_production,1
postoperative_period,1
deep_sedation,1
memristor,1
chewing_louse,1
louse,1
mycoplasma,1
geographic_distribution,1
cytochrome_c_oxidase_subunit_i,1
nano_scale,1
american_society_of_anaesthesiologists_score,1
hemodynamics,1
markov_chain_monte_carlo_method,1
sevoflurane,1
postoperative_care,1
measurement_repeatability,1
automatism,1
kortewegs_tensor,1
air_atmosphere,1
gas_atmosphere,1
mental_disorder,1
hypomania,1
symptom,1
drug_dependence,1
substance_related_disorder,1
follow_up_study,1
"depressive_disorder,_major",1
mania,1
two_dimensional_discrete_dynamic,1
discrete_dynamic,1
attractor_repulser_fixed_point,1
propranolol,1
alpha_stable,1
random_variable,1
sdc_memristor_simulating,1
fat,1
bone_mineral,1
eradication,1
pleurotus_ostreatus,1
fungal_structure,1
pleurotus,1
fruiting_body,1
potato,1
laccase,1
n__dodecane,1
tipping_bucket_model,1
dimethyldibenzothiophene,1
reactive_distillation,1
micro_trickle_bed_reactor,1
thermo_dynamic_analysis,1
decalin,1
treadmill_exercise,1
skeletal_muscle,1
hydrodesulphurization,1
distillation,1
liquefied_gas,1
tricklebed_reactor,1
hydrodesulfurization,1
thermoanalysis,1
echinodermata,1
echinoderm,1
saving,1
architecture,1
social_behavior,1
deforestation,1
implementation_process,1
skeletal_muscle_index,1
heart_function,1
heart_tissue,1
caveola,1
oxidative_phosphorylation,1
grip_strength_test,1
falling,1
muscle_atrophy,1
pathway_enrichment_analysis,1
sarcopenia,1
scoring_system,1
mortality_risk,1
gastrocnemius_muscle,1
gene_set_enrichment_analysis,1
osteopenia,1
low_intensity_exercise,1
lifespan,1
ferulic_acid,1
iron_chelation,1
abts_radical_scavenging_assay,1
total_antioxidant_capacity,1
oxygen_consumption_rate,1
actin,1
phalloidin,1
ventricular_end_diastolic_pressure,1
respirometry,1
cholesterol_level,1
immunoprecipitation,1
low_density_lipoprotein_receptor,1
cytoskeleton,1
caveolae,1
caveolin,1
f_actin,1
leporidae,1
cocarboxylase,1
birth,1
rabbit,1
rodent_disease,1
cardiac_muscle_cell,1
sarcolemma,1
latrunculin_a,1
left_ventricular_end_diastolic_pressure,1
endothelium_cell,1
ischemic_postconditioning,1
reperfusion_injury,1
lipid_raft,1
syringic_acid,1
hydroxyl_radical_scavenging_assay,1
butylcresol,1
gas_emission,1
electric_load,1
differential_evolution,1
three_phase,1
particle_swarm,1
flavonoid,1
nejayote,1
tannin,1
dpph_radical_scavenging_assay,1
trolox_c,1
ferric_reducing_antioxidant_power_assay,1
protocatechuic_acid,1
thiamine_pyrophosphate,1
weight_gain,1
parturition,1
swine_disease,1
pouterium_sapota,1
enzyme_immobilization,1
hydroxynitrile_lyase,1
celite,1
enantioselectivity,1
corrosion_deterioration,1
performance:level,1
cumulative_damage,1
fragility_assessment,1
reinforced_concrete_bridge,1
seismic_load,1
rc_bridge,1
seismic_loading,1
damage_detection,1
bridge,1
uncertainty,1
pouteria,1
fibril,1
dynamic_light_scattering,1
hen,1
reduction_kinetics,1
electric_power_distribution,1
total_owning_cost,1
power_transformer,1
particle_swarm_optimization,1
type_distribution,1
distribution_transformer,1
three_phasis,1
swarm_optimization,1
aqueous_extract,1
microaqueous,1
endogenous_compound,1
molten_globule,1
cupric_chloride,1
copper_reduction_assay,1
an_fluorescence,1
fibrillogenesis,1
congo_red_assay,1
manager,1
biphasic_medium,1
hydroxynitrile_lyases,1
immobilization,1
cyanohydrin,1
benzaldehyde_derivative,1
enantiomer,1
infusorial_earth,1
enantiomeric_excess,1
citrate_buffer,1
functionalized_binder,1
conducting_polymer,1
binder,1
lithium_metal_battery,1
trifluoromethane,1
polys,1
premature_labor,1
hypoxemia,1
thioflavine,1
inorganic_salt,1
incubation_temperature,1
copper_sulfate,1
egg_white,1
cupric_ion,1
ph_measurement,1
muramidase,1
ferrite_synthesis,1
photo_fenton,1
image_enhancement,1
zinc_ferrite,1
microwave_treatment,1
ph_variation,1
stable_random_variable,1
hysteresis_cycle,1
sdc_memristor_modeling,1
metastables,1
memristors,1
sleep_efficiency,1
neuropsychological_test,1
lithium_metal,1
cell_polarization,1
selective_ion_transport,1
policy_making,1
frequency_analysis,1
uterus_function,1
high_rise_building,1
seismic_excitation,1
higher_mode,1
earthquake_engineering,1
framed_building,1
narrow_banded_record,1
non_linear_response,1
influence_of_high_mode,1
tall_building,1
nonlinear_dynamic_response,1
narrow_banded,1
polymer_binder,1
lithium,1
muscle_hypotonia,1
engineering_geology,1
ribosome,1
interaction_with_rna,1
markov_random_field,1
codon,1
molecular_motor,1
protein_biosynthesis,1
rna_transport,1
ribosomal_subunit,1
motion,1
transfer_rna,1
community,1
tourism_sector,1
stakeholder,1
socioenvironmental_management,1
alginic_acid,1
gallus_gallus,1
enrofloxacin,1
marine_park,1
local_community,1
indigenous_community,1
marine_protected_area,1
conservation_policy,1
socioenvironmental_dynamic,1
pediatric_obesity,1
asthma,1
allergic_asthma,1
kruppel_like_transcription_factor,1
adolescent_obesity,1
kruppel_like_factor,1
monoamine,1
switchable,1
scandium,1
reaction_optimization,1
hydrogenation,1
generator,1
task_analysis,1
brain_injury,1
neurotransmitter,1
dorsal_striatum,1
traumatic_brain_injury,1
noradrenalin,1
catecholamine,1
broiler,1
drug_design,1
fluid_intake,1
chicken,1
total_wake_time,1
time_in_bed,1
athens_insomnia_scale,1
sleep_time,1
sleep_parameter,1
executive_function,1
dye_removal,1
synthesis_and_characterization,1
catalytic_oxidation,1
gas_phase_hydrogenation,1
structure_analysis,1
gas_phases,1
organometallic_catalysis,1
hydroxyl_group,1
powder_x_ray_diffraction,1
organometallic_compound,1
face,1
job_analysis,1
fake_image,1
coarse_structure,1
fake_news,1
singular_perturbation_analysis,1
reaction_rate,1
quasi_steady_state_assumption,1
chemical_reaction_rate,1
model_reduction,1
chemical_specie_concentration,1
linear_combination,1
slow_and_fast_manifold,1
scaling_factor,1
therapeutic_dose,1
palladium_nanoparticle,1
design_for_testability,1
neurodegenerative_disorder,1
adme,1
fast_and_slow_dynamic,1
slow_manifold,1
antral_follicle,1
sphingosine_kinase_inhibitor,1
testosterone_release,1
testosterone_synthesis,1
theca_cell,1
progesterone_synthesis,1
progesterone_release,1
river_basin,1
governance_approach,1
sustainability_index,1
river,1
relative_distance,1
integrability,1
separation_of_variable,1
perturbation_theory,1
resource_management,1
watershed_governance_prism_index,1
prism,1
duero_river,1
duero_basin,1
quantitative_approach,1
water_governance,1
water_resource_management,1
dft,1
rasagiline,1
computational_design,1
free_radical_scavenger,1
cell_structure,1
sceloporus_aeneus,1
infertility,1
lizard,1
synthetic_accessibility,1
antioxidant_compound,1
point_particles,1
hamiltonians,1
harmonic_molecule,1
three_body,1
lagrange_mesh_method,1
chaotic_system,1
s_state,1
harmonic_analysis,1
harmonic_system,1
perturbation_technique,1
oxidoreductase_inhibitor,1
lipopolysaccharide,1
endotoxemia,1
verbal_memory,1
mental_performance,1
stroop_test,1
phonetics,1
chronic_disease,1
verbal_fluency,1
calpain,1
reduced_nicotinamide_adenine_dinucleotide_phosphate_oxidase,1
dunkin_hartley_guinea_pig,1
calcium_cell_level,1
adipocytes,1
body_temperature_regulation,1
sceloporus_torquatus,1
cigarette_smoking,1
bone_marrow_mesenchymal_stem_cell_transplantation,1
squamate,1
microhabitat,1
male_genital_system,1
sperm_count,1
water_absorption,1
oxic_condition,1
available_v_non_available_arsenic,1
nontronite,1
nontronites,1
hectorite,1
arsenopyrite,1
hectorites,1
transformation,1
nadph_oxidase,1
thermodynamics_and_kinetics,1
kinetics_parameter,1
molar_concentration,1
ferrihydrites,1
nanometre_resolution,1
ferrihydrite,1
priority_pollutant,1
mineral_surface,1
lung_lavage,1
statistical_significance,1
allogenic_cell,1
pneumonia,1
tobacco_smoke,1
cigarette_smoke,1
bmsc_cell_line,1
tissue_inhibitor_of_metalloproteinase,1
earthquake_event,1
earthquake_mechanism,1
earthquake_rupture,1
geological_survey,1
bronchoalveolar_lavage_fluid,1
clustering_algorithm,1
cancer_stem_cell,1
prostate_adenocarcinoma,1
colony_formation,1
cancer_growth,1
canonical_wnt_signaling,1
bicalutamide,1
transcription_factor_nanog,1
prostate_cancer_cell_line,1
tumor_microenvironment,1
paracrine_signaling,1
behavioral_science,1
renewable_energy_technology,1
efficiency_building_roof,1
energy_efficiency_analysis,1
photovoltaic_solar_system,1
thermodynamic_parameter,1
dimerizations,1
dimerization_constant,1
specie_distribution,1
rate_constant,1
aqeous_solution,1
earthquake_epicenter,1
colima,1
coco_plate,1
aftershock,1
earthquake_hypocenter,1
linear_control_system,1
time_delay,1
delay_control_system,1
performance_analysis,1
spectral_abscissum,1
seismogram,1
tectonic_setting,1
earthquake_magnitude,1
north_american_plate,1
photovoltaic_system,1
photovoltaic_effect,1
renewable_energy_resource,1
solar_panel,1
building_roof,1
behavioral_research,1
environmental_technology,1
viral_capsid,1
building_blockes,1
molecular_specie,1
simple_modeling,1
food_security,1
modular_solution,1
solar_power_generation,1
solar_system,1
renewable_energy_source,1
political_economy,1
agrarian_change,1
social_movement,1
knowledge,1
decay_rate,1
closed_loop_response,1
linear_time_invariant,1
intercalation_kinetic,1
heterogeneous_modelling,1
intercalation_kinetics,1
deintercalation,1
phase_resistance,1
control_theory,1
controller_performance,1
maximum_decay_rate,1
parametric_variation,1
time_delay_system,1
decay,1
self_assembly,1
hexagonal_lattice,1
self_assembling_process,1
sphere_diameter,1
md_simulation,1
egg_predation,1
finfish,1
behavioral_ecology,1
parental_care,1
reactivity_descriptor,1
grand_canonical_ensemble,1
catering_service,1
"renal_insufficiency,_chronic",1
food_supply,1
chronic_kidney_failure,1
fertilization_in_vitro,1
slaughterhouse,1
humidity,1
zygote,1
physiological_process,1
"embryo,_mammalian",1
maximum_principle,1
optimal_control_problem,1
sweeping_process,1
limiting,1
mgmt_gene,1
vincristine,1
intrasolid_phase_resistance,1
experimental_protocol,1
solid_electrolyte_interphase,1
solid_electrolyte_interphase_resistance,1
non_conventional_experimental_protocol,1
li+_surface_diffusion,1
interspecific_interaction,1
reproductive_strategy,1
nesting,1
nest_site,1
dna_methyltransferase,1
dna_modification_methylases,1
brain_tumor,1
temozolomide,1
brain_neoplasm,1
"mgmt_protein,_human",1
perturbed_chemical_potential_and_hardness,1
perturbed_fukui_function_and_dual_descriptor,1
chemical_potential,1
isolated_system,1
fukui_function,1
reactivity_index,1
constrained_problem,1
non_regular_mixed_constraint,1
aerospace_electronics,1
pontryagins_maximum_principle,1
venlafaxine,1
sertraline,1
mirtazapine,1
residence_characteristic,1
marriage,1
desvenlafaxine,1
dna_repair_enzyme,1
carboplatin,1
"sequence_analysis,_dna",1
cancer_chemotherapy,1
cyclophosphamide,1
somatic_mutation,1
astrocytoma,1
agt_gene,1
tumor_suppressor_protein,1
progression_free_survival,1
health_care_utilization,1
paroxetine,1
vortioxetine,1
sleep_hygiene,1
private_hospital,1
traffic_and_transport,1
gymnastics,1
mutation,1
cancer_patient,1
dna_ligase,1
central_depressant_agent,1
occupation,1
zolpidem,1
duloxetine,1
health_care_system,1
energy_drink,1
dna_hairpin,1
gel_mobility_shift_assay,1
trichomonas_vaginalis,1
iron_responsive_element,1
disulfide_bond,1
satisfaction,1
poisson_regression,1
escitalopram,1
home,1
drug_cost,1
trazodone,1
pregabalin,1
work,1
lafaxine,1
amitriptyline,1
citalopram,1
high_power_laser,1
ablated_material,1
continuous_wave_diode_laser,1
emission_enhancement,1
plasma_density,1
line_emission,1
semiconductor_laser,1
nutrient_enrichment,1
estuarine_environment,1
environmental_degradation,1
assessment_method,1
honduras,1
multivariate_analysis,1
gulf_of_fonseca,1
x_ray_crystallography,1
molecular_model,1
tropical_disease,1
ethidium_bromide,1
nocardia,1
nocardia_infection,1
"genes,_rrna",1
mycetoma,1
actinomycetoma,1
nocardia_brasiliensis,1
satisfaction_with_life_scale,1
prevalence_ratio,1
population_parameter,1
confounding_variable,1
dental_clinic,1
personal_satisfaction,1
life_satisfaction,1
heated_target_ablation,1
metabolic_ratio,1
clozapine,1
organic_liquid,1
free_energy_of_hydration,1
solubility_in_water,1
organic_molecule,1
solubility,1
energy_of_solvation,1
hexanol,1
effect_of_temperature_on_libs,1
yttrium_aluminum_garnet,1
neodymium_laser,1
effect_of_temperature,1
sample_heating,1
line_emission_enhancement,1
rna_gene,1
positive_and_negative_syndrome_scale,1
snoring,1
pharynx,1
excessive_daytime_sleepiness,1
sleep_disordered_breathing,1
glottis,1
mandibular_advancement,1
therapy_effect,1
upper_respiratory_tract,1
sepsis,1
lipopolysaccharides,1
psychosis,1
optical_density,1
clinical_global_impression_scale,1
geneticist,1
psychotic_disorder,1
salmonid,1
type_specimen,1
turkey,1
tight_junction_protein,1
thermodynamic_integration,1
free_energy_calculation,1
labor,1
object_size,1
cylindrical_tube,1
ideal_fluid,1
object_shape,1
blockage_effect,1
shape_and_size,1
blocking,1
analytical_result,1
nocardiosis,1
potentially_toxic_element,1
systematic_method,1
sequential_extraction,1
metal_can,1
copper_recovery,1
angular_distribution,1
ag_nanostructure,1
density_gradient,1
pulsed_laser_deposition,1
nanostructured_substrate,1
glass_substrate,1
plasma_plume,1
sers,1
surface_enhanced_raman_spectroscopy,1
membrane_potential,1
new_zealand,1
lacrimal_gland,1
microcirculation,1
virus_diagnosis,1
sonora,1
nasua_narica,1
intestinal_mucosa,1
"intestine,_small",1
intestine_mucosa,1
duodenum,1
"mice,_inbred_balb_c",1
permeability_barrier,1
immobilization_stress,1
ileum,1
bifidobacteriaceae,1
drainage_potential,1
pyrite,1
antigenicity,1
yucatan,1
coati,1
rabies_virus,1
neutrophil_gelatinase_associated_lipocalin,1
kidney_function,1
nephrin,1
doubling,1
electrolysis,1
tailing,1
mine_tailing,1
drainage,1
acid_mine_drainage,1
pelvic_girdle,1
environmental_temperature,1
non_invasive_procedure,1
microalbuminuria,1
allicin,1
cell_fractionation,1
urinary_excretion,1
abdominal_aorta,1
petroleum_reservoir_engineering,1
hybrid_approach,1
nucleoprotein,1
amino_acid_sequence,1
jalisco,1
phosphoprotein,1
rabies,1
virus_genome,1
amino_acid_substitution,1
matrix_protein,1
quintana_roo,1
average_angle,1
gay_berne_model,1
negative_slope,1
optical_kerr_effect,1
parametrizations,1
temperature_curve,1
expansion_angle,1
high_density_lipoprotein_cholesterol_level,1
diuresis,1
experimental_model,1
low_density_lipoprotein_cholesterol_level,1
light_dark_cycle,1
kidney_cortex,1
mitochondrial_respiration,1
renal_protection,1
blood_biochemistry,1
enzyme_inhibitor,1
cytosol,1
drug_competition,1
affinity_chromatography,1
competitive_inhibition,1
drug_inhibition,1
breathing,1
kriging,1
permeability_map,1
kriging_theory,1
core_measurement,1
heterogeneous_reservoir,1
permeability,1
thrombophilia,1
biology,1
antiphospholipid_syndrome,1
respiratory_quotient,1
l_selectin,1
arterial_pressure,1
biochemical_composition,1
peripheral_blood_stem_cell,1
padgem_protein,1
anthropometry,1
cholesteric_phasis,1
cholesteric_liquid_crystal,1
thermal_expansion,1
spore,1
structural_model,1
suramin,1
drug_identification,1
allosteric_site,1
hypoglycemic_agent,1
fat_free_mass,1
lipid_fingerprinting,1
homeostasis_model_assessment,1
memory_t_lymphocyte,1
metabolic_activation,1
leptin,1
glycated_hemoglobin,1
sarcopenic_obesity,1
vagus_nerve,1
third_trimester_pregnancy,1
"hypertension,_pregnancy_induced",1
pulse_respiration_quotient,1
autonomic_cardiorespiratory_activity,1
respiration_control,1
autonomic_neuropathy,1
autonomic_nervous_system_disease,1
drug_safety,1
cell_surface,1
pulque,1
intestinal_secretion,1
minimum_bactericidal_concentration,1
hemolysis,1
spine,1
shipping,1
body_region,1
total_body_fat,1
immunocompetent_cell,1
degenerative_disease,1
immunoassay,1
functional_near_infrared_spectroscopy,1
regulatory_t_lymphocyte,1
blood_pressure_monitoring,1
oxidation_reduction_reaction,1
follicular_atresia,1
corpus_luteum,1
institute_for_cancer_research_mouse,1
"mice,_inbred_icr",1
work_capacity,1
endometriosis,1
intimate_partner_violence,1
emotional_abuse,1
spermatocyte,1
spermatogonium,1
single_cell_rna_seq,1
transcription_factor_ctcf,1
germ_cell,1
spermatid,1
tetracycline,1
exposure_to_violence,1
physical_violence,1
screening,1
patient_attitude,1
comorbidity_assessment,1
restriction_fragment_length_polymorphism,1
innate_immunity,1
toll_like_receptor,1
valproic_acid,1
limb,1
pelvis,1
breed,1
ovary_follicle_atresia,1
germ_layer,1
follitropin,1
reproductive_health,1
genomic_dna,1
mini_international_neuropsychiatric_interview,1
betaxanthin,1
"pigments,_biological",1
opuntia,1
betacyanins,1
betaxanthins,1
betalain,1
betacyanin,1
partner_violence,1
survey_and_questionnaire,1
womens_health,1
employment_status,1
dysmenorrhea,1
sexual_violence,1
disease_course,1
antihelminthic_therapy,1
trichuris,1
oocyst,1
ivermectin,1
clostridia,1
parasite_identification,1
ruminant,1
echinochloa,1
vetalben,1
nematodiasis,1
cobalt,1
hearing_impairment,1
clopidogrel,1
dna_polymorphism,1
immunopathology,1
pathogen_associated_molecular_pattern,1
ibandronic_acid,1
cathepsin_k,1
osteoclastogenesis,1
bisphosphonate_related_osteonecrosis_of_the_jaw,1
alendronic_acid,1
bone_turnover,1
bisphosphonic_acid_derivative,1
bone_remodeling,1
osteoclast,1
dental_procedure,1
osteolysis,1
betalains,1
silvopastoral_system,1
flotation,1
livestock,1
moniezia,1
synapse,1
nervous_tissue,1
iodine,1
biogenesis,1
swimming,1
synapse_vesicle,1
biopolymer,1
cell_maturation,1
polypyrrole,1
beta_tubulin,1
co_encapsulation,1
strongylus,1
rangeland,1
cryptosporidium,1
eimeria,1
panicum_maximum,1
osteoclast_differentiation_factor,1
urban_solid_waste,1
sanitation,1
methane_gas,1
gas_generation,1
landfill,1
environmental_economics,1
gas_production,1
apnea_hypopnea_index,1
anterior_posterior_axis,1
oxygen_desaturation_index,1
flowmeter,1
pressure,1
risedronic_acid,1
osteoblast,1
vesicle_trafficking,1
polyphenols,1
encapsulants,1
food_industry,1
insoluble_fiber,1
synbiotic,1
antioxidant_capacity,1
prebiotic_activity_score,1
prebiotics,1
anti_microbial_activity,1
orchidaceae,1
"genome,_plastid",1
plant_gene,1
plastid_genome,1
"genes,_plant",1
plant_protein,1
bone_marrow_cell,1
conformable_derivative,1
stability/instability,1
anomalous_diffusion_exponent,1
caputo_fractional_derivative,1
fractional_neutron_point_kinetic,1
point_kinetics_model,1
fractional_neutron_point_kinetic_model,1
stability_criterion,1
skin_biopsy,1
hepatitis_c_virus,1
immunocompromised_patient,1
human_immunodeficiency_virus,1
sex_worker,1
upper_limb,1
skin_disease,1
axillary_lymph_node,1
abacavir_plus_dolutegravir_plus_lamivudine,1
immunosuppressive_treatment,1
men_who_have_sex_with_men,1
sexual_intercourse,1
lower_limb,1
hyperkeratosis,1
skin_ulcer,1
molecular_hybridization,1
reaction_analysis,1
retrosynthesis,1
tetrazole_derivative,1
nucleophilicity,1
drug_purification,1
liquid_liquid_extraction,1
baja_california_sur,1
database,1
new_record,1
colony,1
la_paz_bay,1
parity,1
perinatal_mortality,1
dam,1
puppy,1
deceleration,1
uterine_activity_monitoring,1
fetus_monitoring,1
uterus,1
childbirth,1
olive,1
fetus_death,1
luminescence_of_inorganic_solid,1
europium,1
bismuth_europium_co_doping,1
erbium,1
luminescence_energy,1
solgel,1
lutetium_vanadate,1
ortho_vanadate,1
sol,1
lutetium_compound,1
mite_infestation,1
mite,1
larva,1
characidae,1
cave,1
evolution,1
biological_evolution,1
"behavior,_animal",1
cell_culture_technique,1
photoperiod,1
darkness,1
coumaran,1
protective_function,1
biological_system,1
review,1
area_of_interest,1
human_being,1
biosynthesis_pathway,1
structural_complexity,1
stress,1
biological_function,1
complex_molecule,1
biochemical_route,1
health,1
interest,1
analysis_and_characterization,1
melanin,1
intention_to_treat_analysis,1
propensity_score,1
mental_health_service,1
attributable_risk,1
mental_health_center,1
generalized_anxiety_disorder,1
videoconferencing,1
latinoamericano_people,1
treatment_response,1
carrier_protein_and_binding_protein,1
bone_marrow_aspiration,1
acute_lymphoblastic_leukemia,1
b_cell_acute_lymphoblastic_leukemia,1
immunophenotyping,1
solute_carrier_protein,1
membrane_transporter,1
hematologic_disease,1
pharmacogenomics,1
noncommunicable_disease,1
non_communicable_disease,1
respiratory_tract_infection,1
normal_distribution,1
kief_weiss_problem,1
exponential_family,1
bear,1
conservation_of_natural_resource,1
high_income_country,1
injury,1
felidae,1
canidae,1
carnivora,1
recreation,1
low_income_country,1
ursidae,1
carnivore,1
fatality,1
health_impact,1
nitrogen_dioxide,1
mobility,1
pollution_exposure,1
pollution_effect,1
occupational_exposure,1
motor_imagery,1
robot,1
recognition,1
continuous_robotic_feedback,1
brain_computer_interface,1
diagnostic_accuracy,1
feedback_timing,1
feedback_system,1
neurorehabilitation_[],1
timing_strategy,1
hand_movement,1
neurofeedback,1
interface_control,1
passive_hand_movement,1
bmi,1
cortical_activation,1
evoked_response,1
task_performance,1
robotics,1
lacustrine_environment,1
enteropathy,1
integrin,1
polyvinylidene_fluoride,1
deregulation,1
luciferase_assay,1
ubiquitin,1
carbamate_kinase,1
mother,1
epinephrine,1
pyridostigmine,1
jak_stat_signaling,1
autism,1
attention_deficit_hyperactivity_disorder,1
bacterial_load,1
urban_economy,1
multi_scale_analysis,1
distillation_column,1
cascade_controller,1
electrooxidation,1
oreochromis_niloticus,1
bacterial_infection,1
regulator_protein,1
intestine_flora,1
gallstone_dissolution,1
pathogenesis,1
social_inequality,1
disability,1
intersectionality,1
food_market,1
urban_agriculture,1
food_production,1
