words,count
metabolism,89
chemistry,62
mexico_[north_america],41
physiology,38
genetics,36
pathology,32
scanning_electron_microscopy,27
rat,27
mouse,27
protein_expression,25
synthesis,20
wistar_rat,20
blood,20
enzyme_activity,20
x_ray_diffraction,19
concentration,19
"rats,_wistar",19
temperature,18
microbiology,18
protein,18
glass,18
oxygen,18
isolation_and_purification,17
ph,17
starch,17
particle_size,16
carbon_dioxide,16
immunohistochemistry,15
gene_expression,15
titanium_dioxide,15
oxidative_stress,15
density_functional_theory,15
molecular_dynamic,15
biosynthesis,14
polymer,14
morphology,14
sulfur_compound,14
oxidation,14
fourier_transform_infrared_spectroscopy,13
disease_model,13
biomass,13
chemical_composition,13
statistic_and_numerical_data,13
"disease_models,_animal",13
bioreactors,13
entropy,13
infrared_spectroscopy,13
physical_chemistry,13
fermentation,13
chemical_structure,13
body_mass,12
hydrogen_bond,12
copper,12
thermodynamics,12
catalyst,12
antioxidant,12
adsorption,12
enzymology,12
biological_marker,12
optical_property,11
glucose,11
age,11
phylogeny,11
pathophysiology,11
in_vivo_study,11
alkalinity,11
bioreactor,11
molecular_dynamic_simulation,11
tumor_necrosis_factor,11
immunology,10
surface_property,10
chlorine_compound,10
carbon,10
bioremediation,10
kinetics,10
hydrolysis,10
cell_proliferation,10
energy_transfer,10
newborn,10
biodegradation,10
classification,10
mass_spectrometry,10
risk_factor,10
cell_survival,10
lithium_compound,9
extraction,9
apoptosis,9
metal,9
enzyme,9
differential_scanning_calorimetry,9
dispersion,9
observational_study,9
ion,9
diffusion,9
x_ray_photoelectron_spectroscopy,9
chemically_induced,9
cell_viability,9
catalyst_activity,9
biomarkers,9
dynamic,9
calcium,9
plant_extract,9
bacteria,9
nickel,9
"dose_response_relationship,_drug",9
cell_culture,9
high_performance_liquid_chromatography,9
water,9
transmission_electron_microscopy,9
catalysis,9
genotype,9
antioxidant_activity,9
aluminum_oxide,9
dose_response,9
pregnancy,9
photoluminescence,8
molecule,8
pacific_ocean,8
lactic_acid,8
maize,8
light,8
glucose_blood_level,8
methane,8
toxicity,8
solvent,8
bacterium,8
spray_drying,8
cytology,8
nitrogen,8
animal_behavior,8
cattle,8
energy_gap,8
environmental_monitoring,8
alumina,8
disease_association,8
crystalline_material,8
degradation,8
gene_expression_regulation,8
organic_carbon,8
preschool_child,8
drug_synthesis,8
physicochemical_property,8
trend,8
"child,_preschool",8
global_health,8
phenotype,8
"growth,_development_and_aging",8
phenol,8
mortality,8
drug_mechanism,8
tumor_cell_line,8
antineoplastic_agent,8
"cell_line,_tumor",8
cohort_analysis,8
enzyme_inhibition,8
zea_may,8
zinc_compound,8
high_resolution_transmission_electron_microscopy,7
sodium_chloride,7
global_disease_burden,7
global_burden_of_disease,7
polymerase_chain_reaction,7
drug_delivery_system,7
x_ray_powder_diffraction,7
fungi,7
copper_compound,7
binary_alloy,7
iron_compound,7
sodium,7
efficiency,7
quantitative_analysis,7
genetic_variation,7
silica,7
prevalence,7
complication,7
bovine,7
time_series_analysis,7
genetic_analysis,7
zirconia,7
simulation,7
demography,7
chemical_reaction,7
flavonoid,7
ammonia,7
mesoporous_material,7
thin_film,7
glass_transition,7
follow_up,7
"biodegradation,_environmental",7
environmental_factor,7
body_weight,7
drug_screening,7
optimization,7
alcohol,7
nanoparticles,7
diagnostic_imaging,7
chemical_analysis,7
sol_gel_process,6
microencapsulation,6
meat,6
atlantic_ocean,6
biochemistry,6
western_blotting,6
gene_frequency,6
photocatalytic_activity,6
theoretical_study,6
rheology,6
lithium,6
rate_constant,6
aluminum_compound,6
free_radical,6
molecular_structure,6
charge_transfer,6
sol_gels,6
antiinflammatory_activity,6
odontogenic_tumor,6
staphylococcus_aureus,6
rietveld_refinement,6
mixture,6
fatty_acid,6
binding_site,6
signal_transduction,6
hydrogen_ion_concentration,6
isomer,6
gene,6
molecular_docking,6
structure_activity_relation,6
hydrogen,6
tumor_necrosis_factor_alpha,6
experimental_study,6
water_pollutant,6
iron,6
ameloblastoma,6
algorithm,6
veterinary_medicine,6
proton_nuclear_magnetic_resonance,6
electrophilicity,6
hydrodesulfurization,6
reverse_transcription_polymerase_chain_reaction,6
nucleotide_sequence,6
energy_dispersive_x_ray_spectroscopy,6
sucrose,6
luminescence,6
zinc_oxide,6
drug_efficacy,6
monte_carlo_method,6
device,6
gulf_of_mexico,6
high_temperature,6
"infant,_newborn",6
irradiation,6
very_elderly,6
hydrodynamics,6
solubility,6
mass_transfer,6
protein_function,6
"water_pollutants,_chemical",6
treatment_outcome,6
silver,6
liquid,6
oxidation_reduction_reaction,6
enzyme_linked_immunosorbent_assay,6
solid_state_fermentation,6
protein_blood_level,6
hydrophobicity,6
antinociception,6
mexico_city,6
climate_change,6
carbon_source,6
statistical_model,6
iron_oxide,6
risk_assessment,6
evaluation_study,6
biofilm,6
animalia,6
virology,5
culture_medium,5
biocompatibility,5
photocatalysis,5
flow_kinetics,5
microbial_community,5
parameter_estimation,5
blood_sampling,5
ii_vi_semiconductor,5
swine,5
injury,5
prediction,5
amino_acid_sequence,5
biofilms,5
disease_severity,5
trend_study,5
life_expectancy,5
health_survey,5
ultrasound,5
metal_nanoparticles,5
isotherm,5
structure_activity_relationship,5
animal_welfare,5
carbon_nuclear_magnetic_resonance,5
moisture,5
case_report,5
growth_rate,5
numerical_model,5
normal_human,5
single_nucleotide_polymorphism,5
human_experiment,5
silicon,5
intelligent_system,5
cancer_inhibition,5
free_energy,5
confocal_microscopy,5
quantum_theory,5
cytokine,5
dna,5
gene_sequence,5
pig,5
antidiabetic_agent,5
messenger_rna,5
substrate,5
signal_processing,5
sewage,5
ethanol,5
geometry,5
sodium_compound,5
hydrogen_peroxide,5
fluorescence,5
superoxide_dismutase,5
analgesic_agent,5
chemical_bond,5
blood_pressure,5
hypoglycemic_agent,5
ablation,5
laser_ablation,5
psychology,5
ultrasonics,5
electrochemical_characterization,5
antidiabetic_activity,5
brownian_dynamic_simulation,5
recycling,5
ascorbic_acid,5
sphere,5
decomposition,5
chemical_phenomenon,5
reaction_analysis,5
mass_fragmentography,5
earthquake,5
diet,5
antiinflammatory_agent,5
particulate_matter,5
fungus_growth,5
energy,5
titanium,5
viscosity,5
gas_adsorption,5
crystal_structure,5
biomass_production,5
insulin,5
oxidation_reduction,5
calcination,5
obesity,5
heavy_metal,5
controller,5
glutathione,5
spectrophotometry,5
reactive_oxygen_metabolite,5
nitrogen_compound,5
biochemical_oxygen_demand,5
federal_district_[mexico],5
lipid,5
time_series,5
soil,5
health_status,5
smoking,5
electrode,5
electrochemical_impedance_spectroscopy,5
tumor_volume,5
phosphor,5
phenol_derivative,5
antiinfective_agent,5
anti_bacterial_agent,5
glibenclamide,5
cell_line,5
protein_phosphorylation,5
embryo,4
carcinogenesis,4
drug_potentiation,4
hydrophilicity,4
nonradiative_energy_transfer,4
rna_extraction,4
crystallization,4
molecular_weight,4
soil_pollution,4
macromolecule,4
citrus_fruit,4
photoluminescence_spectrum,4
metal_ion,4
anthozoa,4
specie_diversity,4
electrolyte,4
oxide_mineral,4
ecosystem,4
jaw_tumor,4
zinc,4
sex_factor,4
malnutrition,4
oxygen_consumption,4
flow_cytometry,4
mitogen_activated_protein_kinase,4
protein_kinase_b,4
jaw_neoplasm,4
upregulation,4
escherichia_coli,4
protein_conformation,4
electrodeposition,4
eutectic,4
antibiotic_resistance,4
aluminum_alloy,4
phase_interface,4
adhesion,4
non_communicable_disease,4
complex_formation,4
brain,4
hippocampus,4
experimental_condition,4
nuclear_magnetic_resonance_spectroscopy,4
"waste_disposal,_fluid",4
plant,4
enzyme_synthesis,4
biotechnological_production,4
nucleation,4
cardiovascular_disease,4
phosphorylation,4
temperature_effect,4
bioconversion,4
mitochondrion,4
protein_binding,4
conformation,4
benchmarking,4
chemical_interaction,4
longitudinal_study,4
transcriptome,4
inflammation,4
dc_motor,4
diabetes_mellitus,4
theoretical_framework,4
tumor_marker,4
chemical_modification,4
granulation,4
cyclodextrins,4
gallic_acid,4
aspergillus_niger,4
activation_energy,4
"signal_processing,_computer_assisted",4
analytical_expression,4
perovskite,4
chain,4
gas,4
linoleic_acid,4
sex_ratio,4
sex_distribution,4
theoretical_calculation,4
chiroptera,4
electroencephalography,4
dna_extraction,4
anti_inflammatory_agent,4
peroxisome_proliferator_activated_receptor_gamma,4
ultraviolet_radiation,4
antagonist_and_inhibitor,4
greenhouse_gas,4
hydrocarbon,4
polysaccharide,4
analgesic,4
clinical_assessment,4
beverage,4
protein_degradation,4
kinetic_parameter,4
lipid_peroxidation,4
climate,4
bat,4
molecular_conformation,4
electroencephalogram,4
cytotoxicity,4
viscoelasticity,4
age_distribution,4
nucleophilicity,4
mineral,4
taxonomy,4
body_size,4
equation_of_motion,4
digital_storage,4
probiotic_agent,4
polyelectrolyte,4
pollutant,4
anatomy_and_histology,4
mammalia,4
molecular_docking_simulation,4
microalga,4
nitrate,4
metabolic_syndrome,4
metabolic_syndrome_x,4
systolic_blood_pressure,4
environmental_exposure,4
sonication,4
gelation,4
layered_double_hydroxide,4
particle_size_analysis,4
cohort_study,4
south_and_central_america,4
nuclear_magnetic_resonance_imaging,4
microbial_activity,4
activity_pattern,4
sustainability,4
economics,4
computer_simulation,4
"rna,_messenger",4
adipocyte,4
polyester,4
methanol,4
photocatalysts,4
body_height,4
protein_content,4
minimum_inhibitory_concentration,4
allele,4
reduction,4
chemical_oxygen_demand,4
fibroblast,4
reaction_kinetics,4
stability,4
stochastic_system,4
endocrine_disruptor,4
urea,4
ultraviolet_spectrophotometry,4
survey_and_questionnaire,4
questionnaire,4
heat,4
management_practice,4
thermal_conductivity,4
enrofloxacin,4
electric_discharge,4
organic_pollutant,4
local_participation,4
stakeholder,4
energy_dispersive_spectroscopy,4
thermogravimetry,4
cholesterol,4
cobalt,4
population_growth,4
ethylene,4
dinger_equation,4
computational_fluid_dynamic,4
environmental_condition,4
protein_secondary_structure,4
synthesis_and_characterization,4
histology,4
aquatic_environment,4
environmental_temperature,4
atom,4
osteoblast,4
color,4
computer_model,4
potassium,4
lithium_ion_battery,4
cichlid,4
"polymorphism,_single_nucleotide",4
genetic_variability,4
electron,4
sulfate,4
low_temperature,4
characterization,4
milk,4
standard,4
gamma_interferon,4
oil_and_fat,4
fish,4
socioeconomics,4
gene_mutation,4
nonlinear_equation,4
zeta_potential,4
numerical_method,4
probability_density_function,4
polyurethane,4
socioeconomic_factor,4
analytic_method,4
emulsification,4
electric_machine_control,4
powder,4
optical_spectroscopy,4
magnesium_compound,4
lactobacillus_plantarum,4
steel_corrosion,4
microrna,4
doping,4
me_xico,4
amide,3
"carcinoma,_hepatocellular",3
echography,3
clinical_feature,3
quality_control,3
neural_network,3
spectroscopic_analysis,3
combination_drug_therapy,3
pain,3
agonist,3
microbial_sensitivity_test,3
antibiotic_agent,3
"drug_therapy,_combination",3
glassy_carbon_electrode,3
hypertension,3
surface_chemistry,3
surface_tension,3
bacterial_growth,3
physic,3
randomized_controlled_trial,3
polyethylene_glycol,3
methyl_group,3
quality_of_life,3
patient_compliance,3
survival,3
drug_structure,3
x_ray_photoemission_spectroscopy,3
impedance,3
chitin,3
bacterial_count,3
soliton,3
model,3
membrane,3
rhesus_monkey,3
quantum_theory_of_atom_in_molecule,3
fluconazole,3
iterative_method,3
optical_fiber,3
entamoeba_histolytica,3
drug_potency,3
body_weight_gain,3
stomach_mucosa,3
reaction_mechanism,3
amino_acid,3
cytokine_release,3
adiponectin,3
porous_material,3
silicate,3
spherical_aggregate,3
laplace_transforms,3
pore_size,3
x_ray_scattering,3
organic_matter,3
mathematical_model,3
drop,3
transportation,3
biopsy,3
innovation,3
hematite,3
zirconium_compound,3
emission_spectroscopy,3
lime,3
food_intake,3
ethane,3
traffic_and_transport,3
community_structure,3
specie_richness,3
algebra,3
anthropometric_parameter,3
cactaceae,3
flower,3
floral_trait,3
chromaticity_coordinate,3
drinking_water,3
metabolic_disorder,3
pyrite,3
edema,3
gastric_mucosa,3
microstructure,3
environmental_management,3
diffuse_reflectance_spectroscopy,3
environmental_pollutant,3
hydration,3
surface_reaction,3
semiconductor_alloy,3
perciform,3
pisces,3
yeast,3
prospective_study,3
"chromatography,_high_pressure_liquid",3
limit_of_quantitation,3
hydroxyl_radical,3
corrosion,3
resistant_starch,3
atmospheric_pollution,3
chlorine,3
pathogenicity,3
season,3
physiological_stress,3
"stress,_physiological",3
ruthenium_compound,3
limit_of_detection,3
poly,3
ethylene_glycol,3
manganese,3
biochemical_analysis,3
hormone,3
sexual_behavior,3
migration,3
information_processing,3
non_insulin_dependent_diabetes_mellitus,3
emulsion,3
digestion,3
electric_field,3
cognitive_radio,3
iii_v_semiconductor,3
heavy_ion,3
nitric_oxide,3
sprague_dawley_rat,3
binary_mixture,3
triacylglycerol,3
diastolic_blood_pressure,3
reproduction,3
"sexual_behavior,_animal",3
body_mass_index,3
bacillus,3
colony_forming_unit,3
self_report,3
conjugation,3
membrane_protein,3
behavior,3
anode,3
natural_language_processing,3
biotechnology,3
protein_analysis,3
lipopolysaccharide,3
dehydration,3
sugar,3
fruit,3
qualitative_analysis,3
heart_rate,3
adhesive,3
energy_metabolism,3
tilt_table_test,3
orthostatic_stress,3
plasma,3
polypyrroles,3
etching,3
seed,3
sustainable_development,3
xenograft_model_antitumor_assay,3
water_pollution,3
nonlinear_system,3
aqueous_solution,3
herb,3
depression,3
praseodymium_compound,3
"rats,_sprague_dawley",3
reproductive_strategy,3
international_cooperation,3
light_emitting_diode,3
blood_pressure_variability,3
gelatinase_b,3
natural_language_processing_system,3
zinc_sulfide,3
bacterial_colonization,3
aluminum,3
population,3
crystalline_structure,3
seawater,3
detrended_fluctuation_analysis,3
next_generation_sequencing,3
time_domain_analysis,3
insulin_blood_level,3
chlorophyll,3
spray_pyrolysis,3
antibacterial_activity,3
bacterium_isolation,3
bacterial_dna,3
plant_seed,3
computational_study,3
computation_theory,3
estradiol,3
student,3
undergraduate_student,3
gulf_of_california,3
oxygenation,3
mixed_oxide,3
polyurethan_foam,3
arsenic,3
seasonal_variation,3
land_use_change,3
soil_pollutant,3
surface_active_agent,3
density_profile,3
pollution_effect,3
neuroprotection,3
chemical_compound,3
mammal,3
baja_california_sur,3
precipitation,3
damping,3
conservation,3
sensitivity_and_specificity,3
mouth_lesion,3
cotrimoxazole,3
aspergillus,3
respirometry,3
cell_membrane,3
amine,3
leaching,3
electron_microscopy,3
food_availability,3
positive_ion,3
antibiotic,3
correlation_coefficient,3
mitochondrial_membrane_potential,3
deep_eutectic_solvent,3
light_emission,3
diffusion_controlled_growth,3
plant_residue,3
adipocytes,3
electric_conductivity,3
cell_nucleus,3
heat_transfer,3
dairy,3
biomolecules,3
dibenzothiophenes,3
acid_base_balance,3
bicarbonate,3
algae,3
"behavior,_animal",3
electric_power_system,3
"biomarkers,_tumor",3
productivity,3
lipase,3
esterification,3
histopathology,3
glutathione_peroxidase,3
finite_element_method,3
sulfur,3
spain,3
petroleum,3
catalase,3
hydrogenation,3
ester,3
metabolite,3
school_child,3
age_factor,3
feeding_behavior,3
proteomics,3
bos,3
satellite_imagery,3
latin_america,3
ligand_binding,3
blood_glucose,3
ppar_gamma,3
chitosan,3
poly_lactic_acid,3
conservation_management,3
wave_function,3
liver,3
tissue_engineering,3
locomotion,3
energy_efficiency,3
atmospheric_pressure,3
semantics,3
food_control,3
scavenger,3
pleurotus_ostreatus,3
food_microbiology,3
polymerization,3
triacylglycerol_lipase,3
mineralization,3
lactic_acid_bacterium,3
"gene_expression_regulation,_neoplastic",3
dna_polymorphism,3
promoter_region,3
mean_square_displacement,3
absorption,3
markov_process,3
nanoparticle,3
sequence_alignment,3
protein_protein_interaction,3
thermostability,3
free_radical_scavenger,3
pathogen,3
probiotic,3
zeolite,3
social_status,3
principal_component_analysis,3
china,3
iran,3
zirconium_oxide,3
chromium_compound,3
adsorption_property,3
evolutionary_algorithm,3
marine_environment,3
protein_structure,3
genomic_dna,3
graphene,3
cathode,3
disease_surveillance,3
american_indian,3
oreochromis_niloticus,3
tilapia,3
bioaccumulation,3
haplotype,3
biochemical_composition,3
cause_of_death,3
human_immunodeficiency_virus_infection,3
geographic_distribution,3
resin,3
specie_difference,3
specie_specificity,3
energy_utilization,3
electrochemical_electrode,3
atomic_force_microscopy,3
pyrolysis,3
social_networking,3
population_research,3
sex_difference,3
singapore,3
brazil,3
plant_leaf,3
cell_growth,3
cell_death,3
degradation_mechanism,3
gas_chromatography,3
anaerobiosis,3
biotransformation,3
opuntia_ficus_indica,3
polyurethane_foam,3
electrochemical_impedance,3
rna_isolation,3
fertilization_in_vitro,3
phylogenetic_tree,3
binding_energy,3
disease_burden,3
in_vitro_fertilization,3
crop,3
bacterium_identification,3
waste,3
anaerobic_growth,3
pollutant_removal,3
rigid_foamed_plastic,3
correlation_analysis,3
genetic_predisposition_to_disease,3
filtration,3
amino_acid_substitution,3
genetic_predisposition,3
air_pollutant,3
transcription_factor,3
sol,3
sheep,3
"models,_statistical",3
erythromycin,3
gentamicin,3
vicia_faba,3
"animals,_newborn",3
gas_chromatography_mass_spectrometry,3
concentration_response,3
colorimetry,3
uncertainty,3
glass_membrane_electrode,3
magnesium,3
"diabetes_mellitus,_experimental",3
experimental_diabetes_mellitus,3
insulin_release,3
thermoluminescence,3
suspension,3
"spectroscopy,_fourier_transform_infrared",3
tissue,3
embryology,3
quercetin,3
pain_measurement,3
bacterial_virulence,3
newborn_disease,3
glass_transition_temperature,3
energy_resource,3
signal_to_noise_ratio,3
clinical_trial,3
correlational_study,3
multicenter_study,3
solution,3
anthropometry,3
"spectrophotometry,_ultraviolet",3
chemical_stability,3
electrochemical_corrosion,3
crystallinities,3
biodiversity,3
thermogravimetric_analysis,3
macaca_mulatta,3
dissociation,3
coral_reef,3
shear_flow,3
superoxide,3
fiber_laser,3
nanotube,3
liver_tumor,3
antineoplastic_activity,3
liver_neoplasm,3
liver_cell_carcinoma,3
glycerol,3
acute_disease,2
stimulated_emission_cross_section,2
yarn,2
reaction_condition,2
noise_like_pulse,2
fiber,2
passively_mode_locked,2
mode_locked_fiber_laser,2
gram_negative_bacteria,2
hepatocellular_carcinoma_cell_line,2
salmonella,2
winter,2
white_light_emission,2
electric_dipole_dipole_interaction,2
pollination,2
hair,2
problem_solving,2
polynomial,2
saturated_fatty_acid,2
monotherapy,2
electric_activity,2
complexation,2
catalyst_support,2
fungal_metabolism,2
supine_position,2
comorbidity,2
cholesterol_blood_level,2
follitropin,2
follicle_stimulating_hormone,2
sex,2
new_zealand,2
respiratory_tract_infection,2
neurologic_disease,2
receptor_activator_of_nuclear_factor_kappa_b,2
osteoprotegerin,2
osteoclast_differentiation_factor,2
osteogenesis,2
rank_ligand,2
alpha_helix,2
skin_disease,2
diarrhea,2
amoxicillin,2
photooxidation,2
bitcoin,2
transcriptomics,2
antiproliferative_activity,2
hepatocytes,2
liver_cell,2
cell_differentiation,2
survival_analysis,2
composite_film,2
hydrotalcites,2
rotifera,2
altitude,2
nutrient,2
zooplankton,2
diesel,2
biofuel,2
x_ray_diffraction_analysis,2
phthalate,2
column_chromatography,2
chemical_reactor,2
electric_network_parameter,2
degradation_capacity,2
adaptation,2
thermal_analysis,2
reservoir,2
follitropin_receptor,2
pattern_recognition,2
staphylococcus_infection,2
recombinant_protein,2
activated_carbon,2
encapsulation,2
staphylococcal_infection,2
bacterium_isolate,2
arthritis,2
gene_linkage_disequilibrium,2
"receptors,_fsh",2
dosimetry,2
formic_acid,2
metal_oxide,2
systemic_lupus_erythematosus,2
electronic_property,2
hydrogen_atom_transfer,2
metastability,2
reactor_dynamic,2
fokker_planck_equation,2
microsatellite_repeat,2
microsatellite_dna,2
cyclophosphamide,2
carrier_concentration,2
shannon_entropy,2
enzyme_stability,2
bioinformatics,2
photon_correlation_spectroscopy,2
zirconium,2
absorption_heat_pump,2
ammonia_lithium_nitrate,2
pump,2
different_mechanism,2
tellurium_compound,2
langmuir,2
topography,2
zno_nanoparticles,2
pleurotus,2
mushroom,2
phthalic_acid_dibutyl_ester,2
genetic_algorithm,2
enterobacteriaceae,2
mesophilic_bacterium,2
ultra_low_sulfur_diesel,2
information_system,2
motor_activity,2
heat_pump_system,2
heat_pump,2
flow_pattern,2
cell_engineering,2
morphological_characteristic,2
multilayers,2
satellite_data,2
aerobic_bacterium,2
cost_effectiveness,2
antenna,2
hematocrit,2
ammonium_concentration,2
sludge,2
"evoked_potentials,_somatosensory",2
ontogeny,2
scenedesmus_obtusiusculus,2
neural_conduction,2
exoskeleton,2
quantitative_determination,2
rietveld_analysis,2
oral_glucose_tolerance_test,2
electrical_power,2
operation_technology,2
decision_making,2
regional_planning,2
dehydrogenation,2
detergent,2
nitrification,2
reactor_operation,2
nitric_acid_derivative,2
pre_treatment,2
nanocatalysts,2
spike,2
diffusing_particle,2
glucose_tolerance_test,2
tyrosine,2
hyperglycemia,2
automatic_detection,2
reaction_time,2
nerve_conduction,2
somatosensory_evoked_potential,2
batch_reactor,2
bioassay,2
unicystic_ameloblastoma,2
neotropics,2
public_health,2
waste_water_management,2
arachidonic_acid,2
smartphones,2
mobile_application,2
laser_beam,2
temporal_variation,2
waste_treatment,2
streptozotocin_induced_diabetes_mellitus,2
cyclization,2
cycloaddition,2
conductometry,2
irradiated_polymer,2
enzyme_blood_level,2
protozoan_protein,2
size_exclusion_chromatography,2
exact_analytical_solution,2
population_density,2
panthera_onca,2
buckling,2
shaking_table_test,2
white_noise,2
protected_area,2
felid,2
biology,2
protozoal_protein,2
bagg_albino_mouse,2
immunolocalization,2
sequence_homology,2
microbial_consortium,2
salinity,2
reinforced_concrete,2
buckling_restrained_brace,2
seismic_design,2
x_ray_diffractograms,2
ecological_impact,2
cyanocobalamin,2
folic_acid,2
chronic_obstructive_lung_disease,2
oral_biopsy,2
herpetic_stomatitis,2
circular_dichroism,2
"mice,_inbred_balb_c",2
methyl_ether,2
cell_cycle_protein,2
multivariate_analysis,2
fatigue,2
biological_function,2
tooth_development,2
nestin,2
gene_expression_profiling,2
odontogenesis,2
anticonvulsant,2
formaldehyde,2
levetiracetam,2
anticonvulsive_agent,2
health_care_delivery,2
suspended_growth_bioreactor,2
biological_gas_treatment,2
nanocrystalline_material,2
binding_affinity,2
nonlinear_model_predictive_control,2
end_stage_renal_disease,2
chronic_kidney_failure,2
temperature_region,2
temperature_dependence,2
thermo_dynamic_analysis,2
thermoanalysis,2
chemical_procedure,2
computer_network,2
tumor_protein,2
rodent,2
neurotransmitter_agent,2
epinephrine,2
"agent_interacting_with_transmitter,_hormone_or_drug_receptor",2
down_regulation,2
resistin,2
fractal_analysis,2
crystallinity,2
fractal,2
electric_line,2
statistical_analysis,2
genetic_database,2
data_analysis,2
catalytic_property,2
surface_of_material,2
ceramic_material,2
laserinduced_breakdown_spectroscopy,2
hydrocortisone,2
immune_response,2
immune_system,2
drug,2
model_predictive_control,2
theoretical_model,2
atomic_emission_spectroscopy,2
applied_voltage,2
electrical_discharge,2
laser_induced_breakdown_spectroscopy,2
high_voltage_pulse,2
water_supply,2
goat,2
phosphodiesterase_vi,2
ytterbium_compound,2
saponin,2
torque,2
rem_sleep,2
sleep,2
lipopolysaccharides,2
corticosterone,2
chemical_control,2
pesticide,2
salt,2
tannin_derivative,2
reflection,2
sulfide,2
hydrophobic_and_hydrophilic_interaction,2
lactic_acid_bacteria,2
rna,2
pediococcus_pentosaceus,2
alpha_l_fucosidase,2
analog_and_derivative,2
bacterial_protein,2
oligosaccharide,2
fucose,2
waist_circumference,2
fungal_biomass,2
operational_condition,2
family_history,2
physical_examination,2
communicable_disease,2
cerebrovascular_accident,2
blocking_probability,2
logistic_model,2
alpha_levo_fucosidase,2
thermotoga_maritima,2
industrial_microbiology,2
surface_area,2
excitons,2
drug_blood_level,2
drug_half_life,2
protein_denaturation,2
raman_spectrometry,2
polarization,2
boron,2
solvent_effect,2
conduction_band_electron,2
datasets_a_topic,2
chemoreactivity,2
benzoic_acid,2
earthquake_magnitude,2
disability_adjusted_life_year,2
polycyclic_aromatic_hydrocarbon,2
emulsion_stability,2
fungal_cell_culture,2
high_risk_behavior,2
solid_state_culture,2
electrospinning,2
fluorine_compound,2
polyols,2
geographical_variation,2
aging,2
metabolic_disease,2
sorghum,2
alfalfa,2
integral_equation,2
radial_distribution_function,2
distribution_function,2
phase_transition,2
spin_dynamic,2
mexico_earthquake,2
otolith,2
performance_analysis,2
performance_evaluation,2
crystallite_size,2
ytterbium,2
magnetism,2
magnetic_moment,2
computational_calculation,2
policy_making,2
protein_stability,2
science_and_technology,2
radical_scavenging_activity,2
correlated_color_temperature,2
indoor_air_pollution,2
aluminum_gallium_nitride,2
cactus,2
pollen,2
zinc_phosphate_glass,2
night,2
singular_value_decomposition,2
melanin,2
protein_expression_level,2
photogenerated_electron,2
artifact,2
deposition,2
photon,2
weathering,2
microscopy,2
ultrasonography,2
lipid_analysis,2
cholesterol_diet,2
fatty_liver,2
wound_healing,2
white_light,2
polymerizable_complex_method,2
nuclear_reactor,2
neutron,2
freezing,2
neuron,2
optical_emission_spectroscopy,2
nociception,2
carrageenan,2
diclofenac,2
calcium_ion,2
fenton_like_reaction,2
oxidant,2
necrosis,2
reperfusion_injury,2
"models,_animal",2
nerve_cell,2
electrochemistry,2
iodine,2
robust_control,2
deacetylation,2
yttrium_compound,2
silicon_dioxide,2
milk_production,2
immunoglobulin_enhancer_binding_protein,2
nf_kappa_b,2
glycine,2
cluster_analysis,2
potable_water,2
energy_dispersive_x_ray,2
europium_compound,2
cell_isolation,2
fasting,2
carbon_metabolism,2
hydroxyapatite,2
mesenchymal_stem_cell,2
lymphocyte_count,2
disease_classification,2
dairy_cattle,2
optical_density,2
geography,2
pollution_control,2
animal_distribution,2
animal_dispersal,2
larva,2
epidermal_growth_factor,2
pilot_project,2
lymphocyte,2
calorimeter,2
thermolysis,2
image_enhancement,2
pilot_study,2
bone_regeneration,2
starch_and_protein_digestibility,2
in_vitro,2
analytical_approach,2
conservation_of_natural_resource,2
biomechanics,2
administration_and_dosage,2
rigidity,2
area_under_the_curve,2
ecology,2
capacity_retention,2
temperature_sensitivity,2
deprotonation,2
skeletal_muscle,2
biomineralization,2
quintana_roo,2
mangrove,2
surgery,2
biomaterials,2
vapor,2
colombia,2
environmental_protection,2
bakery,2
cost_benefit_analysis,2
image_processing,2
navier_stokes_equation,2
composting,2
gene_flow,2
exponential_function,2
lake,2
carbon_emission,2
hydrogen_production,2
charge_transfer_resistance,2
adomian_decomposition_method,2
benzene,2
harvesting,2
photo_catalytic,2
scleractinia,2
peru,2
porites_panamensis,2
firmicutes,2
financial_management,2
teleost,2
climate_model,2
low_carbon_steel,2
coral,2
knowledge,2
photodegradation,2
cell_count,2
heterojunctions,2
physical_stability,2
electrochemical_reactor,2
brain_ischemia,2
microporosity,2
mesoporous,2
electron_transport,2
pocillopora,2
bone,2
livestock,2
acidity,2
biomaterial,2
polycaprolactone,2
turbulence_model,2
open_field_test,2
wall_material,2
protonation,2
rhodophyta,2
red_alga,2
morphometry,2
drug_protein_binding,2
silicon_compound,2
information_science,2
phase_separation,2
liquid_crystal,2
water_absorption,2
aloe,2
solid_solution,2
magnetite,2
glycosylation,2
polyacrylates,2
contact_angle,2
respiratory_system,2
pressoreceptor_reflex,2
surface_characterization,2
forecasting,2
impeller,2
turbomachine_blade,2
pitched_blade_turbine,2
electrolytic_reduction,2
electrocatalysts,2
citric_acid,2
cadmium_compound,2
anatomy,2
molecular_analysis,2
energy_conversion,2
formalin_test,2
macrophage,2
carrageenan_induced_paw_edema,2
hydrothermal_treatment,2
starch_digestibility,2
monomer,2
drug_design,2
pilocarpine,2
infection,2
birth_weight,2
measurement_accuracy,2
analgesic_activity,2
differential_equation,2
pendulum,2
characteristic_matrix,2
eating,2
dna_sequence,2
lipid_storage,2
platinum_compound,2
transport,2
electrophile,2
aqueous_dispersion,2
water_vapor_permeability,2
swift_heavy_ion_track,2
ion_track,2
carboxylic_acid,2
palmitic_acid,2
electrochemical_stability,2
caribbean_sea,2
antimony_compound,2
azide,2
physiological_response,2
dna_determination,2
parasitology,2
rna_sequence,2
photoluminescent_spectroscopy,2
symbolic_dynamic,2
vasovagal_syncope,2
temporal_analysis,2
sympathetic_tone,2
triacylglycerol_blood_level,2
oxidation_reduction_state,2
manganese_compound,2
adenosine_triphosphate_sensitive_potassium_channel,2
neuropathy,2
serotoninergic_system,2
spiro_compound,2
acarbose,2
acquired_immune_deficiency_syndrome,2
virus_load,2
high_resolution_melting_analysis,2
human_immunodeficiency_virus_infected_patient,2
wart_virus,2
highly_active_antiretroviral_therapy,2
epithelium_hyperplasia,2
cyclic_gmp,2
dc_dc_converter,2
sexual_reproduction,2
maturation,2
diffusivity,2
boundary_condition,2
central_nervous_system,2
heart_rate_variability,2
equipment_design,2
nutritional_assessment,2
papillomaviridae,2
nested_polymerase_chain_reaction,2
acquired_immunodeficiency_syndrome,2
papillomavirus_infection,2
conceptual_framework,2
confined_system,2
protein_folding,2
plant_stress,2
methotrexate,2
"syncope,_vasovagal",2
faintness,2
dry_weight,2
bacterial_strain,2
alpha_glucosidase,2
water_transport,2
film,2
ultrasonic_spray_pyrolysis_technique,2
ultrasonic_application,2
"dna,_bacterial",2
interferon_gamma,2
odontogenic_keratocyst,2
epithelial_cell,2
plasma_polymerization,2
hybrid_material,2
enterococcus_faecium,2
mucilage,2
trajectory_tracking,2
two_term_control_system,2
nutritional_status,2
analysis_of_variance,2
birth_rate,2
sequence_analysis,2
plastic,2
hydrophobic_particle,2
colloidal_particle,2
random_allocation,2
randomization,2
colloid,2
antifungal_activity,2
blue_emission,2
epithelium_cell,2
ore,2
ore_treatment,2
monocyte,2
c_reactive_protein,2
cell_adhesion,2
motivation,2
odor,2
bioactivity,2
montmorillonite,2
forestry,2
mining,2
spatial_distribution,2
bioavailability,2
wood,2
forest_soil,2
cellulase,2
dentigerous_cyst,2
nanocomposites,2
polymyxin_b,2
university_campus,2
geometric_morphometrics,2
oxidative_desulfurization,2
point_kinetics,2
polymethyl_methacrylates,2
teratoma,2
geostatistical_analysis,2
pollution_exposure,2
north_america,2
arsenopyrite,2
bioprocess,2
fungal_strain,2
cellulases,2
fluid_dynamic,2
ionic_strength,2
elimination_capacity,2
residence_time,2
alcohol_consumption,2
glutamic_acid,2
progesterone,2
"receptors,_progesterone",2
thermal_pre_treatment,2
tannase,2
ellagic_acid,2
copper_oxide,2
spatiotemporal_analysis,2
submerged_fermentation,2
g_protein_coupled_receptor,2
endocrine_disruptors,2
sex_hormone,2
carbon_nanostructures,2
mercury,2
nervous_system,2
soil_microbiology,2
france,2
"receptors,_estrogen",2
treatment_response,2
samarium_compound,2
fungal_protein,2
microbial_degradation,2
matrix_assisted_laser_desorption_ionization_mass_spectrometry,2
cell_protection,2
calcium_cell_level,2
frequency_domain_analysis,2
estrogen_receptor,2
posture,2
"receptors,_g_protein_coupled",2
progesterone_receptor,2
body_position,2
primate,2
agricultural_ecosystem,2
environmental_planning,2
air_quality,2
air_pollution,2
particle,2
chemical_characteristic,2
combustion,2
lignin,2
wall,2
electrooxidation,2
nickel_alloy,2
fluorescence_spectroscopy,2
organic_compound,2
diesel_fuel,2
neuroprotective_agent,2
one_pot_synthesis,2
tropical_forest,2
soil_biota,2
sediment,2
regression_analysis,2
polyacrylamide_gel_electrophoresis,2
combustion_chamber,2
cellulose,2
carbon_monoxide,2
immobilization,2
dysprosium_compound,2
indium_compound,2
growth_kinetics,2
alpha_tubulin,2
docosahexaenoic_acid,2
disease_marker,2
adenosine_triphosphate,2
biocatalyst,2
agriculture,2
fog,2
oleic_acid,2
solid,2
maltose,2
empty_bed_residence_time,2
bubble_column_bioreactors,2
stainless_steel,2
soil_property,2
palladium,2
land_use,2
soil_carbon,2
titanium_compound,2
nicotinamide_adenine_dinucleotide_phosphate,2
reduced_nicotinamide_adenine_dinucleotide_phosphate,2
substrate_concentration,2
gas_permeable_membrane,2
polyamide,2
kinetic_theory,2
mrna_expression_level,2
ring_laser,2
prognosis,2
drug_stability,2
cisplatin,2
dietary_fibre,2
gluten_free,2
hexapoda,2
niche,2
preference_behavior,2
dry_forest,2
seroprevalence,2
lactobacillales,2
transcription_regulation,2
vascularization,2
three_dimensional_imaging,2
nerve_protein,2
water_quality,2
dissolved_oxygen,2
chromium,2
gas_permeability,2
cultivation,2
charge_carrier,2
urban_development,2
drug_solubility,2
nutrition_survey,2
microbial_biomass,2
nutrition,2
"indians,_north_american",2
mortality_rate,2
micrornas,2
avoidance_behavior,2
taste,2
avoidance_learning,2
muscle_tissue,2
environmental_impact,2
kinetic_energy,2
norway,2
health_insurance,2
texture,2
seroepidemiology,2
social_class,2
seroepidemiologic_study,2
genetic_risk,2
dna_repair,2
fractionation,2
mouth_disease,2
pharmacogenetics,2
india,2
tuberculosis,2
nerve_tissue_protein,2
protein_synthesis,2
metallothionein,2
muscle,2
food_consumption,2
total_synthesis,2
"chemistry_techniques,_synthetic",2
anti_persistence,2
separation,2
aldehyde_reductase,2
headache,2
stereoisomerism,2
lutjanidae,2
fishing,2
guerrero,2
arginine,2
disease_exacerbation,2
molecular_genetics,2
grand_canonical_monte_carlo_simulation,2
bin,2
calcium_carbonate,2
disabled_person,2
japan,2
wound_and_injury,2
light_scattering,2
linguistics,2
"evoked_potentials,_visual",2
healthy_volunteer,2
central_african_republic,2
real_time_polymerase_chain_reaction,2
animal_husbandry,2
spectroscopic_technique,2
motor_performance,2
electromyography,2
cytoskeleton_protein,2
heterozygote,2
"cells,_cultured",2
organic_polymer,2
organometallics,2
metal_organic_framework,2
probability,2
italy,2
cytoskeletal_protein,2
molecular_model,2
micronucleus_test,2
doxorubicin,2
ionic_conductivity,2
volatile_organic_compound,2
calculation,2
experimental_evidence,2
acetone,2
fetus,2
visual_evoked_potential,2
stimulus,2
desulfurization,2
"pest_control,_biological",2
biological_pest_control,2
lepidoptera,2
yucatan_peninsula,2
potential_energy,2
population_statistic,2
numerical_result,2
crosslinking,2
grain_boundary,2
farm,2
reactive_oxygen_specie,2
cell,2
extraction_method,2
performance_assessment,2
filter,2
biofiltration,2
tumor_burden,2
fabaceae,2
nystagmus,2
zinc_alloy,2
parametric_estimation,2
population_dynamic,2
soluble_complex,2
structural_design,2
steel,2
tooth_germ,2
thermoluminescent_dosimetry,2
metal_nanoparticle,2
cell_damage,2
plant_stem,2
reproducibility,2
dosimeter,2
polytetrafluoroethylene,2
protective_effect,2
quantum_chemistry,2
sleep_deprivation,2
electrochemical_synthesis,2
thermoluminescence_dosimetry,2
politef,2
radiation_dosimeter,2
reproducibility_of_result,2
spring,2
digestibility,2
"crops,_agricultural",2
lactation,2
agave,2
perennial_plant,2
theoretical_modeling,2
probe,2
viscoelastic_modulus,2
uncertainty_analysis,2
tobramycin,2
hyperlipidemia,2
active_particle,2
nickel_oxide,2
traditional_approach,2
rain,2
summer,2
ciprofloxacin,2
chloramphenicol,2
hydrotalcite_like_material,2
soybean_oil,2
chemical_industry,2
pruritus,2
postoperative_care,2
treatment_duration,2
contamination,2
response_surface_methodology,2
secretion,2
static_electricity,2
plant_protein,2
biological_water_treatment,2
emulsifying_agent,2
faba_bean,2
parametric_uncertainty,2
wine,2
thrush,2
serum_albumin,2
doxycycline,2
transesterification,2
transesterification_reaction,2
catalytic_performance,2
morbidity,2
chronic_disease,2
confocal_laser_scanning_microscopy,2
organism_by_carbon_source,2
lead_oxide,2
tga/dsc,2
absorption_spectroscopy,2
rate_determining_step,2
linear_system,2
self_assembly,2
air_lift_bioreactors,2
hydrocarbon_refining,2
pseudomonas_aeruginosa,2
beta_sheet,2
wireless_telecommunication_system,2
imaging_phantom,2
radiation_dose,2
antibiotic_sensitivity,2
passive_mode_locking,2
breast_cancer,2
medical_imaging,2
"phantoms,_imaging",2
survey,2
signal_noise_ratio,2
indometacin,2
acute_toxicity,2
bandwidth,2
ampicillin,2
twitter,2
price_dynamic,2
gadolinium_compound,2
disease_duration,2
tenosynovitis,2
gram_negative_bacterium,2
tpa_induced_ear_edema,2
antinociceptive_agent,2
macrophage_activation,2
nanostructured_material,2
experimental_test,2
aorta,2
enzyme_activation,2
drug_response,2
uv_light_irradiation,2
pyrroles,2
pyrrole_derivative,2
spinal_cord_injury,2
tumor_growth,2
patient_rehabilitation,2
convalescence,2
porosity,2
naloxone,2
paracetamol,2
united_state,2
virulence_factor,2
nuclear_magnetic_resonance,2
narcotic_analgesic_agent,2
"analgesics,_opioid",2
formalin_induced_pain,2
drug_isolation,2
maternal_disease,2
lower_respiratory_tract_infection,2
drug_synergism,2
n_nitroarginine_methyl_ester,2
crime,2
chicken,2
cardiac_muscle,1
heart_ventricle,1
heart_development,1
chick_embryo,1
heart_right_ventricle_outflow_tract,1
lung,1
defense_mechanism,1
feldspar,1
phenylpropionic_acid_derivative,1
molecular_targeted_therapy,1
convex_set,1
hurwitz_polynomial,1
hurwitz_stability,1
convex_combination,1
set_theory,1
robust_stability_analysis,1
fullerene,1
neurodegenerative_disease,1
therapeutic_strategy,1
glycoprotein,1
alzheimers_disease,1
disease_control,1
pathological_structure,1
aggregate_formation,1
fluorescence_microscopy,1
halloysite_nanotube,1
solidity_ratio,1
load_pattern,1
wind_load,1
communication_tower,1
triangular_cross_section,1
lattice_tower,1
tower,1
wind_loading,1
current,1
drag_coefficient,1
urban_agriculture,1
valley_of_mexico,1
periurban_area,1
supply_chain_management,1
reductive_amination_of_carbon_dioxide,1
reductive_amination,1
catalyst_loading,1
livelihood,1
energy_dispersive_x_ray_spectrometry,1
nanohybrids,1
molecular_geometry,1
kaolinite,1
covalently_bonded,1
catalytic_pathway,1
reaction_temperature,1
tetramethylguanidine,1
functionalizations,1
catalyst_deactivation,1
porphyrin_derivative,1
molecular_immobilization,1
phosphate_glass,1
heteropolysaccharide,1
acinetobacters,1
bioemulsifier,1
european_broadcasting_union,1
informal_sector,1
consumption_behavior,1
pharmacology,1
topical_treatment,1
strong_dispersion,1
dispersion_parameter,1
periodic_variation,1
figure_eight_fibre_laser,1
wave_packet,1
nonlinear_optical_loop_mirror,1
silanes,1
software_testing,1
molybdenum,1
food_and_drug_administration,1
opposite_dispersion,1
laser_mirror,1
nonlinear_optic,1
mammography,1
average_glandular_dose,1
image_quality,1
quality_control_standard,1
exploratory_survey,1
sedation,1
drowsiness,1
hexadecane,1
macromolecular_structure,1
photoluminiscence,1
quality_assurance,1
rfid_system,1
radio_frequency_identification,1
wireless_communication,1
identification_mechanism,1
digital_breast_tomosynthesis,1
tungsten,1
ffdm_unit,1
compliance_control,1
breast_neoplasm,1
breast_tumor,1
full_field_digital_mammography,1
government_regulation,1
"radiographic_image_interpretation,_computer_assisted",1
digital_mammography_system,1
mammography_screening,1
protocol_compliance,1
digital_mammography,1
cancer_screening,1
different_carbon_source,1
heteropolysaccharides,1
paraffin,1
acinetobacter_bouvetii,1
alkane,1
soybean_protein,1
interfacial_property,1
fourier_transform_spectroscopy,1
rhodium,1
diagnosis,1
computer_assisted_diagnosis,1
exploratory_research,1
control_specification,1
yield_stress,1
response_surface_method,1
legume,1
air,1
protein_digestibility,1
volumetry,1
n_hexadecane,1
acinetobacter,1
foaming_ability,1
velocity_control,1
velocity_trajectory,1
controller_robustness,1
electric_power_system_control,1
tracking_error_compensators,1
variable_torque,1
robust_tracking_control,1
protein_aggregate,1
ultrasound_therapy,1
protein_isolation,1
drug_release,1
zebrafish,1
silver_nanoparticle,1
exchange_current_density,1
water_reduction,1
process_control,1
distributed_identification,1
distributed_approach,1
centralized_approach,1
uncertain_nonlinear_system,1
high_intensity_ultrasound,1
foaming,1
protein_aggregation,1
"lif:mg_,_ti",1
radiation_monitoring,1
fluoride,1
detection_threshold,1
energy_transfer_coefficient,1
electrochemical_formation,1
equilibrium_potential,1
potentiostatic_deposition,1
international_electrotechnical_commission,1
thermoluminescence_dosimeter,1
lithium_derivative,1
speed_distribution,1
sub_monolayers,1
granular_particle,1
granular_dynamic,1
cupric_ion,1
colorectal_neoplasm,1
beta_radiation,1
type_testing,1
standard_requirement,1
insulin_secreting_cell,1
zebra_fish,1
pancreas_islet_beta_cell,1
"microscopy,_electron,_transmission",1
dynamic_characterization,1
solid_state,1
solid_state_dynamic,1
cmos_analog_integrated_circuit,1
gain_bandwidth_product,1
personal_dosimeter,1
lithium_fluoride,1
research_group,1
low_voltage_circuit,1
cmos_integrated_circuit,1
high_resistance,1
single_supply,1
circuit_simulation,1
analog_integrated_circuit,1
cmos_technology,1
quasi_floating_gate,1
temperature_stable,1
eysenhardtia_polystachya_extract,1
"models,_molecular",1
drug_targeting,1
proto_oncogene_protein_c_akt,1
tumor_xenograft,1
small_molecule_transport_agent,1
extracellular_signal_regulated_map_kinase,1
moderate_concentration,1
acetone_model,1
inhomogeneous_mixture,1
pure_component,1
genotoxicity,1
colorectal_cancer,1
lovo_cell_line,1
k_ra_protein,1
colorectal_tumor,1
air_filter,1
"air_pollution,_indoor",1
acidification,1
solid_phase_microextraction,1
measurement_repeatability,1
radiation_measurement,1
cancer_cell,1
prevention_and_control,1
kelch_repeat,1
enzyme_mechanism,1
individual_component,1
machine,1
naturally_occurring,1
topological_analysis,1
rotation,1
hydrogen_bond_interaction,1
leucine,1
osmium,1
muscle_weakness,1
"biopsy,_needle",1
molecular_dipole_moment,1
experimental_value,1
linear_relation,1
viral_protein,1
nucleocapsid_protein,1
porcine_reproductive_and_respiratory_syndrome_virus,1
kramecyne,1
umbilical_cord,1
skeleton_malformation,1
fetus_malformation,1
mitosis_index,1
sister_chromatid_exchange,1
developmental_toxicity,1
crown_rump_length,1
acetylsalicylic_acid,1
teratogenicity,1
glassy_ionic_conductor,1
frequency_dependent,1
dc_conductivity,1
cross_over_frequency,1
cesarean_section,1
nucleotide,1
missense_mutation,1
upper_limb,1
gigaxonin_protein,1
leukocyte,1
taq_polymerase,1
"gan_protein,_human",1
muscle_strength,1
sensory_nerve_conduction,1
nerve_fiber_degeneration,1
"models,_chemical",1
chemical_model,1
porcine_respiratory_and_reproductive_syndrome_virus,1
"rna,_viral",1
cancer_cell_line,1
quinone,1
imidazole_derivative,1
marine_alkaloid,1
structural_analogue,1
natural_compound,1
molecular_sequence_data,1
virus_envelope_protein,1
viral_envelope_protein,1
open_reading_frame,1
virus_rna,1
porcine_reproductive_and_respiratory_syndrome,1
cumulus_cell,1
comprehensive_analysis,1
frequency_independent,1
ionic_conduction,1
hip_contracture,1
general_condition_deterioration,1
medical_history,1
paraplegia,1
gan_gene,1
exon,1
clubfoot,1
head_circumference,1
rare_disease,1
clinical_study,1
giant_axonal_neuropathy,1
limb_weakness,1
versican,1
prostaglandin_synthase,1
imidazole,1
building_blockes,1
perciformes,1
methylmercury_compound,1
pelagic_fish,1
lutjanus,1
mazatlan,1
biological_evaluation,1
protecting_group,1
quinone_derivative,1
methylmercury,1
acapulco,1
tampico,1
tamaulipas,1
oocyte,1
female_infertility,1
versicans,1
areflexia,1
food_contamination,1
filum_terminale,1
ataxic_gait,1
ptosis,1
needle_biopsy,1
"mutation,_missense",1
muscle_atrophy,1
disease_progression,1
gait_disorder,1
bio_concentration_factor,1
"metals,_heavy",1
metal_concentration,1
scomberomorus,1
ensenada,1
port,1
baja_california_[_mexico],1
microphotography,1
sampling,1
phosphorus_compound,1
synthesis_method,1
reduced_graphene_oxide,1
composite_cathode,1
oxygen_functional_group,1
active_material,1
conductive_additive,1
gustatory_system,1
taste_aversion,1
conditioned_reflex,1
seafood,1
sea_food,1
methylmercury_derivative,1
sinaloa,1
biological_mimicry,1
angiogenesis,1
insula,1
long_term_memory,1
physicochemical_parameter,1
metallothioneins,1
perturbation_technique,1
bioconcentration,1
"memory,_long_term",1
protein_synthesis_inhibition,1
brain_cortex,1
antisense_oligonucleotide,1
saccharin,1
activity_regulated_cytoskeletal_associated_protein,1
"conditioning,_classical",1
cerebral_cortex,1
taste_acuity,1
amygdala,1
memory,1
medial_temporal_lobe,1
bioindicator,1
dam,1
puebla_[mexico],1
cadmium,1
metal_bioaccumulation,1
post_polymerization,1
bulky_pendant_group,1
permselectivities,1
gas_separation_performance,1
activity_regulated_cytoskeleton_associated_protein,1
identification_method,1
digestive_system,1
real_time_oscilloscope,1
extract_information,1
quasi_stationary_regime,1
phase_space_method,1
gene_targeting,1
"tumor_cells,_cultured",1
breast_cancer_cell_line,1
activation_analysis,1
hypoxia,1
vasculotropin,1
oncogene_src,1
molecular_mimicry,1
cell_migration,1
raf_protein,1
"neovascularization,_pathologic",1
tumor_cell_culture,1
food_handling,1
bread,1
production_system,1
vegetation_cover,1
tree,1
dairy_farming,1
ranching,1
triple_negative_breast_cancer,1
vegf_signaling,1
triple_negative_breast_cancer_cell,1
neovascularization,1
survival_rate,1
triple_negative_breast_neoplasm,1
dissipative_soliton,1
conventional_measurement,1
temporal_profile,1
esterification_of_oleic_acid,1
cathode_ray_oscilloscope,1
flour,1
ethic,1
aromatic_polyamide,1
polyamide_membrane,1
precursor_polymer,1
fine_structure,1
darwin_term,1
spin_orbit_coupling,1
energy_correction,1
hydrogen_atom,1
aromatization,1
kinetic_model,1
fossil_fuel,1
structure_similarity,1
grassland,1
rhizopus_microspore,1
induced_loss,1
permanent_magnet,1
canned_motor,1
electromagnetic_analysis,1
electromagnetic_simulation,1
eddy_loss,1
steady_state,1
electric_motor,1
pendant_group,1
cytoprotection,1
omeprazole,1
fatty_acid_ethyl_ester,1
continuously_stirred_tank_reactor,1
fatty_acid_synthesis,1
atmospheric_chemistry,1
wheat,1
sustainable_agriculture,1
barley,1
technical_alternative,1
rhizopus_microsporus,1
oleic_acid_ethyl_ester,1
mechanical_agitation,1
rhizopus,1
fungal_enzyme,1
bean,1
atmospheric_pollutant,1
statistical_difference,1
pastoralism,1
silviculture,1
landscape_structure,1
construction_material,1
life_cycle_analysis,1
agricultural_waste,1
farm_crop,1
naphthalene,1
polyaromatics,1
direct_desulfurizations,1
thermodynamic_consistency,1
anthracene,1
complex_aromatic_structure,1
langmuir_hinshelwood_hougen_watson,1
spirulina,1
spirulina_maximum,1
hemicellulose,1
mitigation_strategy,1
developing_country,1
combustion_efficiency,1
stomach_tissue,1
stomach_ulcer,1
antiulcerogenic_activity,1
anti_ulcer_agent,1
ethanol_induced_gastric_ulcer,1
malonaldehyde,1
catecholamine,1
cell_organelle,1
membrane_microdomain,1
geometrical_distribution,1
amplification_effect,1
rice,1
standardized_method,1
agricultural_practice,1
waste_incineration,1
phycobiliprotein,1
phycobiliproteins,1
spirulina_extract,1
antiulcer_agent,1
chromaffin_cell,1
calcium_transport,1
catecholamine_release,1
secondary_structure_of_protein,1
physico_chemical_change,1
cooking_temperature,1
rheological_property,1
starch_lipid_complex,1
morphological_property,1
neotropic_ecozone,1
aves,1
environmental_disturbance,1
incubation_temperature,1
tannin,1
glucose_pentagallate,1
polyphenol_derivative,1
forest,1
stand_structure,1
detection_method,1
abundance,1
liquid_chromatography_mass_spectrometry,1
polyphenols,1
hydrolyzable_tannin,1
carboxylic_ester_hydrolases,1
submerged_and_solid_state_fermentation,1
building,1
short_range_ordering,1
experimental_gastric_ulcer,1
endoplasmic_reticulum,1
intracellular_calcium_store,1
nickeliferous_laterite,1
leaching_behavior,1
exocytosis,1
"models,_biological",1
electric_potential,1
single_voltage_pulse,1
particle_based_method,1
biological_model,1
calcium_store,1
cellular_secretion,1
calcium_signaling,1
xylanases,1
stirred_bioreactors,1
hypocrea_lixii,1
burial_depth,1
foam_stability,1
reservoir_condition,1
trichoderma,1
cell_marker,1
benign_neoplasm,1
topsoil,1
geochemical_analysis,1
pollution_monitoring,1
sphalerite,1
pollution_transport,1
carboxylesterase,1
enzymatic_hydrolysis,1
liquid_chromatography,1
trichoderma_harzianum,1
machinery,1
bifidobacterium_breve,1
stomach_acid,1
pine,1
forest_structure,1
mobility,1
coniferous_tree,1
santiago_papasquiaro,1
ecosystem_monitoring,1
forest_ecosystem,1
surface_soil,1
mobile_fraction,1
biological_availability,1
forest_health,1
forest_stand,1
atmospheric_acid_leaching,1
molecular_space,1
bile_salt,1
pelvic_examination,1
delayed_action_preparation,1
candidiasis,1
salmonella_enterica_serovar_typhimurium,1
drug_storage,1
tablet_formulation,1
urogenital_tract_infection,1
intestinal_mucosa,1
tablet,1
vagina_flora,1
chlamydial_urethritis,1
adhesiveness,1
enterococcus_hirae,1
hela_cell_line,1
yersinia_enterocolitica,1
hela_cell,1
delayed_release_formulation,1
urogenital_tract_disease,1
vaginal,1
hermes_antigen,1
adenomatoid_odontogenic_tumor,1
lateritic_ore,1
hydrochloric_acid,1
nickel_extraction,1
congruent_dissolution,1
dehydroxylations,1
keratolytic_agent,1
serum,1
vitamin_d,1
"administration,_oral",1
bacterial_survival,1
proteus_mirabilis,1
glucocorticoid,1
cell_lineage,1
systemic_therapy,1
cancer_stem_cell,1
hyaluronan_receptor,1
hyaluronic_acid_binding_protein,1
polyallylamine,1
vi_absorption,1
delayed_drug_release,1
female_urogenital_disease,1
intracellular_bacterium,1
oral_drug_administration,1
acid_tolerance,1
green_emission,1
mucoadhesion,1
arsenic_acid,1
proteomic_approach,1
endosymbiosis,1
vachellia_farnesiana,1
white_phosphor,1
zinc_phosphate,1
white_emission,1
methylobacterium,1
arsenic_acid_derivative,1
methylobacterium_sp.,1
"adaptation,_physiological",1
immunophilin,1
intestine_mucosa,1
infection_prevention,1
vagina_candidiasis,1
bacterial_infection,1
effective_diffusivities,1
endophyte,1
peptide,1
deciduous_tree,1
internal_modification,1
electromagnetic_pulse,1
proteolysis,1
peripheral_blood_mononuclear_cell,1
psoriasis,1
blood_donor,1
time_measurement,1
refined_composite_multiscale_entropy,1
endosymbiont,1
arid_region,1
arsenate,1
acacia_farnesiana,1
shoot,1
phytotoxicity,1
methylobacterium_sp,1
methylotrophic_bacteria,1
heart_function_test,1
cardiovascular_complexity,1
absorption_mechanism,1
electrical_conductivity,1
potential_inhibitor,1
electronic_orbitals,1
multiscale_entropy_analysis,1
energy_requirement,1
phytoremediation,1
tolerance,1
acacia,1
diffusion_coefficient,1
pelecitus,1
dermatitis,1
effective_diffusion_coefficient,1
neumann_boundary_condition,1
position_dependent,1
general_coordinate,1
big_data,1
mapreduce_model,1
hadoop_framework,1
relevant_interest_point,1
parallel_evolutionary_algorithm,1
face_recognition,1
real_life_problem,1
hadoop,1
new_parameter,1
arsenic_concentration,1
fluorescent_response,1
photoacoustic_effect,1
vascular_resistance,1
impedance_cardiography,1
multi_scale_entropy,1
heat_moisture_treatment,1
ultra_sonication,1
starch_structure,1
biosensors,1
scintillation_counter,1
perovskite_structure,1
optical_characterization,1
optical_band_gap_energy,1
"animals,_wild",1
molecular_diagnosis,1
raptor,1
fractional_free_volume,1
gas_selectivity,1
high_thermal_stability,1
filarioidea,1
filariasis,1
wild_animal,1
bird_disease,1
food_packaging,1
mechanical_property,1
thermodynamic_stability,1
tensile_strength,1
vapor_water,1
elongation_to_break,1
packaging_machine,1
microstructural_analysis,1
photoacoustic_spectroscopy,1
glucose_sensing,1
analyte_concentration,1
nanofluidics,1
sensor_signal,1
measured_current,1
enzyme_bonding,1
cadmium_sulfide,1
acid_concentration,1
photocatalytic_reduction,1
thermal_stability,1
pyrene,1
tert_butyl_group,1
phenylenediamine_derivative,1
phenylenediamine,1
butyl_group,1
heat_resistance,1
suriname,1
guatemala_[central_america],1
cytochrome,1
pteronotus_personatus,1
isthmus_of_tehuantepec,1
polyimides,1
polyimide,1
acid_anhydride,1
gas_permeation,1
polyimide_membrane,1
onset_decomposition_temperature,1
aromatic_dianhydrides,1
nopal_mucilage,1
physical_interaction,1
gas_transport,1
enzymatic_reaction,1
molecular_interaction,1
nanofibers,1
oxalic_acid,1
scavenging,1
dual_treatment,1
modification_treatment,1
lithium_bromide,1
enhanced_heat_exchange,1
operating_parameter,1
operating_characteristic,1
fukui_function,1
terpene,1
guyana,1
genetic_structure,1
french_guiana,1
mormoopidae,1
maximum_power_tracking,1
wind_energy_conversion_system,1
hot_plate_test,1
phagocytosis,1
clonazepam,1
peritoneum_macrophage,1
salvia,1
writhing_test,1
indomethacin,1
yohimbine,1
tilifodiolide,1
rotarod_test,1
salvia_tiliifolia,1
motor_coordination,1
exocyclic_double_bond,1
ozonolysis,1
ambulatory_care,1
influenza_b,1
influenza_a_virus,1
virus_identification,1
naproxen,1
rotarod_performance_test,1
diterpenoid,1
asynchronous_generator,1
mode_of_operation,1
transcendental_equation,1
doubly_fed_induction_generator,1
wind_power,1
lambert_w_function,1
circuit_theory,1
analytic_solution,1
torque_balance,1
flow_field,1
complex_geometry,1
stirred_vessel,1
multiple_reference_frame,1
virus_diagnosis,1
sentinel_surveillance,1
"databases,_factual",1
cost_of_illness,1
hospital_patient,1
influenza,1
strain_identification,1
factual_database,1
severe_acute_respiratory_syndrome,1
hospital_discharge,1
vaccination,1
death,1
mass_balance_equation,1
water/lithium_bromide,1
possible_mechanism,1
photo_reduction,1
electron_transport_property,1
photoreduction_reaction,1
hole_scavenger,1
fast_electron_transfer,1
wall_function,1
solieriaceae,1
disease_activity,1
influenza_b_virus,1
starting_solution,1
tetrahedral_grid,1
turbulent_flow,1
the_standard_model,1
ecosystem_health,1
noise_measurement,1
environmental_sustainability,1
turbulent_kinetic_energy,1
structural_frame,1
temperature_programmed_desorption,1
inverse_spinel_structure,1
fourier_transform_infra_red,1
oxygen_reduction/evolution,1
oxygen_reaction,1
iron_alloy,1
intermedia,1
cobalt_alloy,1
"influenza,_human",1
influenza_a,1
flu_like_syndrome,1
space_group,1
falconidae,1
new_specie,1
gigartinales,1
falcon,1
molecular_ecology,1
geographical_distribution,1
solieria,1
antiprotozoal_activity,1
recombinant_enzyme,1
enzyme_purification,1
antiamebic_agent,1
protonated,1
ortho_phenylenediamine,1
synthesis_and_crystal_structure,1
information_theory,1
ionic_transport,1
current_distribution,1
mass_transfer_modeling,1
active_chlorine,1
diffusivity_coefficient,1
dynamic_vapour_sorption,1
energetic_mechanism,1
starch_granule,1
l_ascorbic_acid,1
ascorbic_acid_oxidation,1
taro_starch,1
bio_compounds,1
developing_world,1
urban_pollution,1
bifunctional_electrocatalysts,1
spinel,1
air_temperature,1
black_carbon,1
differential_enthalpy,1
phosphoglycerate_mutase,1
benzimidazole_derivative,1
entamoeba_histolytica_phosphoglycerate_mutase,1
molecular_library,1
enzyme_structure,1
iterative_scheme,1
photocatalytic_behavior,1
water_splitting,1
photoelectrochemical_technique,1
sulfidation,1
evolutionary_adaptation,1
microcapsules,1
recombinant_entamoeba_histolytica_phosphoglycerate_mutase,1
wavelet_coefficient,1
parameterized,1
wavelet,1
orthogonal_wavelet,1
orthogonality,1
oxidation_and_reduction,1
fourier_equation,1
dilute_gas,1
fourier,1
shock_wave,1
shock_wave_structure,1
soft_sphere_model,1
navier_stokes,1
constitutive_equation,1
crop_yield,1
participatory_approach,1
agricultural_intensification,1
chemical_property,1
soil_amendment,1
discretization_process,1
high_accuracy,1
enthalpy,1
transport_mechanism,1
sorption_isotherm,1
enthalpy_entropy_compensation,1
sorption,1
food_product,1
product_design,1
agricultural_production,1
fertilizer_application,1
ecological_approach,1
parameterization,1
single_drug_dose,1
bone_strength,1
filter_coefficient,1
filter_parameterization,1
controlled_drug_delivery,1
biomedical_application,1
interpenetrated_network,1
medical_application,1
anti_inflammatory_drug,1
nano_scale_pore,1
drug_interaction,1
release_kinetics,1
targeted_drug_delivery,1
wound_healing_process,1
soybean,1
soil_quality,1
kruskal_wallis_test,1
joint_stiffness,1
bone_remodeling,1
white_wheat,1
radial_location,1
temperature_profile,1
slowly_digestible_starch,1
spatial_variation,1
kuznetsov,1
symmetrics,1
galaxy,1
first_order,1
biomechanical_phenomenon,1
bone_substitute,1
tibia,1
bone_prosthesis,1
helical_tube,1
moving_frame,1
point_like_particle,1
co_ordinate_system,1
curve_fitting,1
small_variation,1
bone_defect,1
x_ray_computed_tomography,1
femur,1
bone_density,1
"tomography,_x_ray_computed",1
water_dissociation,1
ion_exchange,1
ion_exchange_resin,1
surface_diffusion,1
cortical_bone,1
ion_transport,1
hybrid_ion_exchange,1
arsenic_removal,1
panama,1
sea,1
coco_island,1
seashore,1
biophysical_phenomenon,1
biophysics,1
physical_model,1
chemical_defense,1
chemical_strategy,1
electro_deionization,1
chemical_removal,1
tube,1
brownian_particle,1
infection_risk,1
i_kappa_b_kinase,1
protein_localization,1
i_kappa_b_kinase_beta,1
glycine_receptor_alpha,1
traveling_wave_tube,1
variable_cross_section,1
torsional_stress,1
ostertagia_ostertagi,1
ostertagia,1
data_analysis_software,1
ostertagiasis,1
milk_yield,1
parasite_control,1
helminth_antibody,1
ion_exchange_membrane,1
spatial_analysis,1
cattle_disease,1
bulk_tank_milk,1
radial_velocity,1
galaxies:nuclei,1
gravitation,1
galaxy_active,1
black_hole,1
accretion:_accretion_disk,1
supermassive_black_hole,1
method:_numerical,1
three_dimensional_calculation,1
star,1
stimulating_mechanism,1
nonradiative_process,1
kriging,1
glycine_receptor_beta,1
oxidizing_agent,1
physiological_condition,1
phenolic_compound,1
chemical_hazard,1
reduction_of_metal_ion,1
strychnine,1
"receptors,_glycine",1
glycine_receptor,1
enzyme_phosphorylation,1
diabetes_complication,1
nanomedicine,1
platinum,1
insulin_dependent_diabetes_mellitus,1
"antibodies,_helminth",1
antibody_detection,1
white_light_generation,1
microstructural_change,1
chlorurus_sordidus,1
red_sea_[indian_ocean],1
scaridae,1
indian_ocean,1
egypt,1
platinum_nanoparticle,1
titanium_dioxide_nanoparticle,1
"anti_inflammatory_agents,_non_steroidal",1
stomach_injury,1
measurement,1
nonsteroid_antiinflammatory_agent,1
stomach,1
hypercholesterolemia,1
i_kappa_b_kinase_alpha,1
electron_spin_resonance_spectroscopy,1
mineral_deposit,1
cholesterol_bile_level,1
organ_size,1
cholecystitis,1
"microscopy,_polarization",1
cholesterol_intake,1
"cholesterol,_dietary",1
total_cholesterol_level,1
bile,1
gallbladder,1
polarization_microscopy,1
diabetic_complication,1
silica_nanoparticle,1
crystal_microstructure,1
nanostructured_powder,1
"active_transport,_cell_nucleus",1
nucleocytoplasmic_transport,1
electric_impedance,1
stomach_disease,1
nitric_oxide_synthase_type_ii,1
rainbow_connectivity,1
pyrite_weathering,1
amaranthus,1
milling,1
morphological_feature,1
electronic_and_magnetic_property,1
high_resolution_scanning,1
semiconductor_application,1
maghemite,1
high_resolution_technique,1
nontronite,1
ground_motion_prediction_equation,1
earthquake_damage,1
ground_motion,1
redox,1
redox_potential,1
mineral_growth,1
plate_motion,1
tectonic_setting,1
peak_acceleration,1
damage_mechanic,1
gallstone,1
translucent,1
increasing_production,1
opaque,1
encapsulation_system,1
inducible_nitric_oxide_synthase,1
pyrite_oxidation,1
bioleaching,1
raman_spectroscopy,1
bacterial_attachment,1
interfacial_modification,1
hipposcarus_harid,1
network_performance_analysis,1
forced_termination_probability,1
cognitive_radio_network,1
peak_ground_velocity,1
earthquake_prediction,1
acceleration_spectrum,1
earthquake_event,1
peak_ground_acceleration,1
interplate_earthquake,1
critical_frequency,1
chlorobenzene,1
benzene_derivative,1
ethylene_derivative,1
aniline,1
hard_core_system,1
integral_equation_approach,1
hard_disk_system,1
shoulder,1
orientational_ordering,1
integral_approximation,1
fluid_solid_phase_transition,1
photoluminescence_intensity,1
model_based_opc,1
earthquake_epicenter,1
motion_estimation,1
epicentral_distance,1
mathematical_technique,1
edge_coloring,1
k_connectivity,1
rainbow_coloring,1
edge_colored_graph,1
vertex_disjoint,1
combinatorial_mathematics,1
south_america,1
"indians,_south_american",1
gene_structure,1
nose,1
gallium_alloy,1
degree_of_circular_polarization,1
faraday_configuration,1
master_equation,1
bromobenzene,1
spectroscopy,1
fluorobenzene,1
nitrobenzene,1
ionization,1
ampholyte,1
covalent_bond,1
phosphine_derivative,1
proton_transport,1
dipole,1
lewis_acid,1
lewis_base,1
hyperfine_interaction,1
spin_filtering,1
regular_graph,1
graph_theory,1
cage,1
algeria,1
human_migration,1
facies,1
physical_appearance,1
bandwidth_requirement,1
dynamic_spectrum_leasings,1
erlang_capacity,1
quality_of_service,1
congestion_control,1
spectrum_analysis,1
mass_screening,1
"microscopy,_electron,_scanning",1
organoarsenic_derivative,1
acidithiobacillus_thiooxidans,1
iron_derivative,1
glow_discharge_spectroscopy,1
ir_laser,1
trivalent_lanthanide,1
"microscopy,_confocal",1
"spectrum_analysis,_raman",1
arsenical,1
hydrophilic_surface,1
probiotic_property,1
thermotolerant,1
bacterial_pathogen,1
lactobacillus_acidophilus,1
tenebrio,1
screening,1
"models,_theoretical",1
cost_effectiveness_analysis,1
federation_of_bosnia_and_herzegovina,1
bahrain,1
virulence,1
burundi,1
ukraine,1
ischemic_heart_disease,1
crowding,1
mental_stress,1
"stress,_psychological",1
screening_test,1
protein_multimerization,1
"spores,_fungal",1
electrokinesis,1
tenebrio_molitor,1
fluorspar,1
thermal_barrier_material,1
fracture_toughness,1
thermal_expansion,1
disaster_recovery,1
search_engine,1
computer_aided_diagnosis,1
distributed_storage_system,1
information_storage_and_retrieval,1
scalability,1
pelletizing,1
yttrium_oxide,1
structural_ceramic,1
electrical_pulse,1
laser_ablation_plasma,1
order_of_magnitude,1
glutathione_reductase,1
fungus_spore,1
temperature_tolerance,1
metarhizium,1
electric_energy,1
fluorine,1
fluorine_free,1
brucite,1
drug_discovery,1
kyoto_encyclopedia_of_gene_and_genome,1
gene_ontology,1
functional_network_analysis,1
slovakia,1
pancreas_tumor,1
heterodimer,1
"carcinoma,_pancreatic_ductal",1
cancer_growth,1
cyanoethylation,1
polarity,1
carbonate,1
information_retrieval,1
nude_mouse,1
"kras_protein,_human",1
long_term_correlation,1
tetragonal_symmetry,1
communication_interface,1
life_cycle,1
radiology_information_system,1
software_architecture_style,1
alternative_solution,1
dicom,1
fault_tolerance,1
computer_communication_network,1
picture_archiving_and_communication_system,1
multiprocessing_system,1
coremaking,1
temperature_distribution,1
storage_condition,1
critical_water_activity,1
encapsulation_efficiency,1
hydrophilic_and_hydrophobic,1
monolayer_moisture_content,1
thermodynamic_property,1
entropy_enthalpy_compensation,1
waste_technology,1
empirical_analysis,1
volumetric_analysis,1
gas_liquid_mass_transfer,1
stirred_tank_bioreactors,1
storage_component,1
stringent_requirement,1
unified_modeling_language,1
oxygen_transfer_rate,1
crystallite,1
pancreatic_neoplasm,1
pancreas_carcinoma,1
"mice,_nude",1
drug_development,1
pancreas_cancer,1
landfill,1
metal_complex,1
compound_parabolic_collector,1
methodology,1
empirical_method,1
intermethod_comparison,1
gassing_out,1
supercooling,1
transport_coefficient,1
triacyl_glyceride,1
condition,1
sonora,1
configurational_entropy,1
gibbs_equation,1
supercooled_liquid,1
shift_factor,1
crossover_region,1
drug_dose_comparison,1
piracetam,1
etiracetam,1
doctor_patient_relationship,1
organization_and_management,1
patient_satisfaction,1
volumetric_mass_transfer_coefficient,1
volumetrics,1
delivery_of_health_care,1
need_assessment,1
patient_right,1
physician_patient_relation,1
peroxicoagulation,1
semicrystalline_material,1
amorphous_material,1
land_fill,1
fulvic_acid,1
chloride,1
solar_peroxicoagulation,1
hydrodeoxygenation,1
animal_fat,1
hydrogen_atmosphere,1
hydrocarbon_molecule,1
reaction_under,1
g_function,1
ecological_optimization,1
endoreversible,1
scyphozoa,1
pigment,1
stomolophus_meleagris,1
jellyfish,1
ground_condition,1
pre_cast,1
seismic_response,1
frame_model,1
seismic_retrofit,1
precast_frame_model,1
reinforced_concrete_precast_model,1
precast_concrete,1
physician,1
lakebed_zone_of_mexico_city,1
landfill_leachate,1
biodegradability,1
high_oxygen_pressure,1
fe_systems,1
uv_visible_absorption,1
landfill_leachate_treatment,1
leachate_treatment,1
estimation_method,1
chiapas,1
concrete_precast,1
heat_engine,1
finite_time_thermodynamics,1
semisum_property,1
power_out_put,1
theoretical_efficiency,1
pertussis_toxin,1
anandamide,1
messenger_rna_synthesis,1
subpopulation,1
amazonia,1
specie_occurrence,1
assessment_method,1
population_size,1
red_list,1
prioritization,1
international_organization,1
conservation_status,1
delay,1
surface_emitting_laser,1
signal_enhancement,1
ablation_plasma,1
atomic_transition,1
surface_discharge,1
bayesian_analysis,1
el_triunfo,1
leachates,1
treatment_technology,1
coagulation,1
leachate,1
cell_activation,1
phosphatidylinositol,1
polyunsaturated_alkamides,1
cannabinoid_receptor,1
cytokine_production,1
immunoglobulin_e,1
arachidonic_acid_derivative,1
endocannabinoid,1
time_varying_autoregressive_model,1
"lung_diseases,_interstitial",1
mast_cell,1
bone_marrow_derived_mast_cell,1
cell_degranulation,1
immunoglobulin_e_receptor,1
lysophosphatidylinositol,1
cross_linking,1
endocannabinoids,1
"receptors,_cannabinoid",1
degranulation,1
receptor,1
"receptors,_ige",1
crack_detection,1
pulsed_laser,1
emission_enhancement,1
interstitial_lung_disease,1
abnormal_respiratory_sound,1
smartphone,1
pharmacophore,1
peroxisome_proliferator_activated_receptor_alpha,1
fatty_acid_transport_protein,1
island,1
zoo,1
circadian_rhythm,1
crackle,1
mhealth,1
controlled_environment,1
sound,1
automated_detection,1
mobile_health_system,1
automation,1
optimal_reaction_condition,1
diel_variation,1
atelinae,1
glitazar_derivative,1
fatty_acid_transporter,1
electric_utility,1
instrumentation,1
lewis_acidity,1
orthorhombic_structure,1
absorbing_boundary,1
particle_diffusivity,1
non_uniform,1
trapping_rate,1
approximate_expression,1
stethoscope,1
respiratory_sound,1
flow_pattern_transition,1
seal,1
tantalum_compound,1
differential_pressure_transmitter,1
liquid_holdup_measurement,1
capacitance,1
churn_flow,1
biological_compatibility,1
phosphate_buffer_solution,1
bio_composites,1
shellfish,1
cellular_viability,1
polylactic_acid/chitosan,1
structure_and_property,1
structural_defect,1
molybdenum_oxide,1
pressure_drop_measurement,1
interface,1
slug_flow,1
electric_power_production,1
human_activity,1
animal_housing,1
behavioral_response,1
lake_catemaco,1
"housing,_animal",1
ateles_sp.,1
ateles_geoffroyi,1
humidity_condition,1
low_relative_humidity,1
viscosity_of_liquid,1
superficial_gas_velocity,1
pressure_drop,1
downlink_transmission,1
antioxidant_mechanism,1
anti_oxidant_activity,1
ebselenol,1
oxygen_transfer_mechanism,1
high_speed_camera,1
high_viscosity,1
freundlich_model,1
nitrogen_adsorption,1
freundlich,1
quinoline,1
matchmaking_service,1
shared_resource,1
ubiquitous_environment,1
contextual_variable,1
finite_state,1
semiconductor,1
intelligent_transportation_system,1
vehicle_to_vehicle_communication,1
resource_allocation_strategy,1
exergy,1
heat_and_power,1
electric_power_generation,1
heat_transformer,1
absorption_heat_transformer,1
energy_and_exergy_efficiency,1
dechlorination,1
oxidation_reduction_potential,1
long_term_evolution,1
vehicular_environment,1
vehicle_to_infrastructure_communication,1
channel_quality_indicator,1
beryllium_oxide,1
metallic_oxide,1
oxide,1
ionizing_radiation,1
preparation_method,1
beryllia,1
electron_transfer_mechanism,1
electron_transition,1
tellurium,1
selenium,1
titanium_oxide,1
wide_band_gap,1
development_and_application,1
"microscopy,_atomic_force",1
hafnium,1
magnetic_semiconductor,1
beryllium,1
ffb_reactor,1
toxic_compound,1
toxic_substance,1
anhydrous_condition,1
metalorganic_framework,1
property,1
water_adsorption,1
humid_condition,1
filinia_longiseta,1
crustacea,1
eutrophic_environment,1
horaella,1
aphanothece_sp.,1
powder_metal,1
wide_band_gap_semiconductor,1
bridge_circuit,1
hewlett_packard,1
memristive_flux_charge,1
basic_circuit,1
rhupus_syndrome,1
helper_cell,1
"t_lymphocytes,_helper_inducer",1
"lupus_erythematosus,_systemic",1
senescence,1
transcription_factor_t_bet,1
retinoid_related_orphan_receptor_gamma,1
osteopontin,1
hispanic_american,1
linkage_disequilibrium,1
hispanic,1
hafnium_oxide,1
hank_solution,1
wear_of_material,1
austenitic_stainless_steel,1
boriding,1
biodiesel,1
biodiesel_production,1
pregnancy_rate,1
ovulation_induction,1
sensor,1
hysteresis,1
electrical_circuit,1
fingerprint_recognition,1
structure_based,1
memristors,1
memristor,1
passive_element,1
inter_atomic_distance,1
cytocompatibility,1
tribo_corrosion,1
steel_testing,1
sulfate_reducing,1
sulfate_reduction,1
upflow_sludge_blanket_reactor,1
fluidization,1
continuous_reactor,1
dehalogenation,1
powder_flow,1
filinia,1
conochilus_dossuarius,1
boride_layer,1
proliferative_activity,1
cytotoxicity_test,1
seed_oil,1
fame,1
cephalodella,1
copepoda,1
cephalodella_catellina,1
conochilus,1
chlorophyll_a,1
aphanothece,1
carr_index,1
hausner_ratio,1
caesalpinia_eriostachys,1
essential_oil,1
fatty_acid_methyl_ester,1
angiosperm,1
potassium_hydroxide,1
basic_catalyst,1
dichlorophenoxyacetic_acid,1
physical_parameter,1
colocasia,1
humidity,1
gelatinization,1
microcapsule,1
capsule,1
tapentadol,1
acetaminophen,1
calcination_temperature,1
first_order_kinetic_reaction,1
docking,1
polyaniline,1
beam_plasma_interaction,1
corrosion_resistant_coating,1
base_emeraldine,1
electrolytic_solution,1
functionalized_coating,1
"analgesics,_non_narcotic",1
"receptors,_opioid,_mu",1
year_of_life_lost,1
conflict,1
alpha_spinasteryl_beta_dextro_glucopyranoside,1
heterotheca_inuloides_extract,1
alpha_spinasterol,1
metronidazole,1
aerial_plant_part,1
"plant_components,_aerial",1
urease,1
drug_metabolite,1
helicobacter_pylorus,1
photocatalytic_performance,1
texas,1
driving_under_the_influence,1
triterpene_derivative,1
asteraceae,1
sesquiterpene,1
sesquiterpenes,1
clarithromycin,1
beta_amyrin,1
alpha_amyrin,1
drug_purification,1
arnica,1
phytosterol,1
ultraviolet_spectroscopy,1
synthesized_material,1
protection_mechanism,1
electrochemical_test,1
myxoma,1
conformational_transition,1
"protein_conformation,_alpha_helical",1
sesquiterpenoid,1
registration,1
mu_opiate_receptor,1
katp_channel,1
terrorism,1
autopsy,1
ethiopia,1
heterotheca_inuloides,1
enzymatic_assay,1
ethnology,1
car_driving,1
mexican_american,1
drunken_driving,1
parturition,1
birth_order,1
birth,1
stillbirth,1
intestine_infection,1
neoplasm,1
police,1
russian_federation,1
international_classification_of_disease,1
drug_dependence,1
tor_serine_threonine_kinase,1
ginkgo_biloba_extract,1
target_of_rapamycin_kinase,1
ihh_cell_line,1
odontogenic_myxoma,1
bone_development,1
fatigue_damage,1
condensed_matter_physic,1
point_mutation,1
lipid_bilayer,1
cell_surface,1
alanine,1
phospholipid,1
lipid_bilayers,1
inverter,1
dc/dc_buck_boost,1
hierarchical_controller,1
partial_discharge,1
passive_controller,1
electric_inverter,1
electric_current_regulator,1
differential_flatness,1
modified_starch,1
micro_particles,1
level_control,1
phasi_program,1
structural_analysis,1
structural_element,1
reflection_spectrum,1
light_reflection,1
photometry,1
residual_material,1
fatigue_testing,1
aluminum_coating,1
multifunctional_complex,1
image_analysis,1
spectral_brightness,1
structural_damage,1
financial_system,1
crude_oil_market,1
colony_formation,1
ginkgo_biloba,1
mtor_signaling,1
pancreatitis,1
scatter_factor_receptor,1
scatter_factor,1
proto_oncogene_protein_c_met,1
auto_regressive,1
auto_regressive_model,1
complex_time_series,1
crude_oil_price,1
petroleum_analysis,1
blending,1
gum_arabic,1
nitrate_concentration,1
molecular_level,1
spray_drying_method,1
vitamin_c,1
microscopy_image,1
median_diameter,1
pharynx,1
staphylococcus_toxin,1
methicillin_resistant_staphylococcus_aureus,1
bacterial_typing_technique,1
methicillin_resistance,1
carrier_state,1
throat,1
community_acquired_infection,1
detrending,1
long_term_trend,1
adhesin,1
community_acquired_methicillin_resistant_staphylococcus_aureus,1
"genes,_bacterial",1
pulsed_field_gel_electrophoresis,1
"hgf_protein,_human",1
ceruletide,1
mammalian_target_of_rapamycin,1
eugenol,1
isoeugenol,1
dimerization,1
methicillin_susceptible_staphylococcus_aureus,1
bacterial_gene,1
meticillin,1
biogeochemistry,1
anaerobic_treatment,1
baffled_bioreactor,1
foam,1
protein_determination,1
oxidative_coupling,1
miscibility,1
food_waste,1
hepatocyte_growth_factor,1
protective_agent,1
van_heerden_diagram,1
structural_stability,1
nitrification_process,1
total_organic_carbon,1
organic_matter_removal_efficiency,1
efficiency_measurement,1
sedimentation,1
environmental_parameter,1
packing,1
anaerobic_aerobic_baffled_bioreactor,1
performance,1
dense_layer,1
nonlinear_reactor,1
sodium_hydroxide,1
citrate_sodium,1
stripping_phasis,1
phenylenediamines,1
activated_composite_membrane,1
facilitated_transport,1
composite_membrane,1
resin_manufacturing_wastewater,1
feed_phase,1
correlation_method,1
oxic_condition,1
anaerobic_digestion,1
chitosan_nanoparticle,1
casiopein_iii_ia,1
coacervation,1
bifurcation,1
protein_tertiary_structure,1
fungus_mutant,1
computational_fluid_dynamic_analysis,1
high_power_consumption,1
electric_power_utilization,1
carbon_steel_electrode,1
carbon_steel,1
experimental_validation,1
electrochemical_treatment,1
shear_stress,1
electrode_passivation,1
biological_oxygen_demand_analysis,1
spatial_restriction,1
laccase,1
testis,1
castration,1
piglet,1
electron_density_measurement,1
configuration_space,1
impenetrable_wall,1
electronic_structure,1
asymptotic_behavior,1
reactive_radio_frequency_sputtering,1
neptunium,1
silicon_oxide,1
dibutyl_phthalate,1
folic_acid_nanoparticle,1
nanoencapsulation,1
iodine_compound,1
wavelength_distribution,1
substrate_temperature,1
photoelectron_spectroscopy,1
sputtering,1
reactive_rf_sputtering,1
secondary_ion_mass_spectroscopy,1
secondary_ion_mass_spectrometry,1
spectral_response,1
computer_architecture,1
spatial_data_infrastructure,1
collaborative_workflow,1
observatory,1
electron_density_delocalization,1
confined_atom,1
many_electron_atom,1
microbiological,1
pasteurization,1
network_security,1
earth_observation_satellite,1
satellite_image,1
internet,1
reliability,1
sharing_information,1
security,1
software,1
spatial_data,1
storage_a_a_service,1
geo_spatial_data_infrastructure,1
earth_observation,1
thermoultrasound,1
food_storage,1
transamination,1
decarboxylation,1
deamination,1
lidocaine,1
carbon_dioxide_tension,1
trametes_versicolor,1
protein_motif,1
structural_homology,1
chlorophenols,1
ammonium_compound,1
monooxygenases,1
inhibitor,1
sbr_reactor,1
"colony_count,_microbial",1
luminance,1
aflatoxin,1
arm,1
amidohydrolases,1
juvenile_animal,1
economic_impact,1
regulatory_approach,1
whale_watching,1
participation,1
governance,1
exploitation,1
governance_approach,1
coastal_lagoon,1
behavioral_research,1
biosphere_reserve,1
biospherics,1
whale,1
marine_park,1
gastrocnemius_muscle,1
median_nerve,1
l_lactate_dehydrogenase,1
lactate_dehydrogenase,1
methane_production,1
cetacea,1
marine_biology,1
natural_resource_management,1
vizcaino_biosphere_reserve,1
public_attitude,1
negotiation_process,1
recreational_activity,1
marine_resource,1
economic_and_social_effect,1
tibial_nerve,1
creatininase,1
polymer_degradation,1
thigh,1
somatosensory_system,1
amidase,1
specific_inhibitor,1
incision,1
local_anesthesia,1
hindlimb,1
drug_use,1
metabolic_acidosis,1
ammonium_monooxygenase,1
unspecific_monooxygenase,1
chlorophenol,1
musculoskeletal_development,1
forearm,1
musculoskeletal_system,1
amphipod,1
daphnia_exilis,1
amphipoda,1
cyprinid,1
ostracod,1
volatile_fatty_acid,1
semi_batch,1
moderate_temperature,1
low_temperature_production,1
high_organic_loading,1
organic_loading_rate,1
thermal_hydrolysis,1
microorganism,1
micro_algae,1
etched_track,1
track_etching,1
different_origin,1
ion_track_etching,1
recalcitrant_compound,1
nitrifying_bacterium,1
co_metabolism,1
enzyme_inhibitor,1
nitrate_production,1
ammonium_derivative,1
molecular_marker,1
maxillary_neoplasm,1
surfactant,1
lemna_gibba,1
danio_rerio,1
ostracoda,1
macrophyte,1
food_chain,1
trophic_level,1
maxilla,1
water_buffalo,1
amblyomma_cajennense,1
allylthiourea,1
dimethyl_ether,1
inorganic_compound,1
microwave_radiation,1
microwave,1
combinatorial_chemistry_technique,1
naphthyridine_derivative,1
combinatorial_chemistry,1
naphthyridines,1
cycloaddition_reaction,1
amylose,1
polysorbates,1
fluctuation_theorem,1
work_fluctuation_theorem,1
pancreatin,1
amylopectin,1
polysorbate,1
hydrogenosome,1
perchlorate,1
trichomonas_vaginalis,1
structure_analysis,1
polyclonal_antibody,1
perchloric_acid,1
rna_degradation,1
native_polyacrylamide_gel_electrophoresis,1
aquatic_organism,1
aquatic_specie,1
chirostoma_jordani,1
chemical_burn,1
perchloric_acid_soluble_protein,1
"electrophoresis,_polyacrylamide_gel",1
cytoplasm,1
cerium,1
water_contamination,1
maxilla_tumor,1
antibody,1
glucagon,1
glucagon_blood_level,1
incretins,1
genome,1
ribonuclease,1
rna_binding_protein,1
expressed_sequence_tag,1
heat_shock_protein,1
mean_corpuscular_hemoglobin,1
mouth_examination,1
thiamine,1
pyridoxine,1
non_markovian_heat_bath,1
generalized_langevin_equation,1
jarzynski_equality,1
crook_relation,1
thermodynamic_work,1
mouth_ulcer,1
oral_ulcer,1
ensure,1
ear_lobe_biopsy,1
nutritional_deficiency,1
skin_defect,1
mouthwash,1
neutrophilic_dermatosis,1
ear_lobe,1
ruthenium,1
tert_butyl_methyl_ether,1
mtbe,1
catalytic_wet_air_oxidation,1
water_treatment,1
incretin,1
ghrelin,1
smoker,1
behcet_disease,1
erythema,1
mean_corpuscular_volume,1
urticaria,1
skin_examination,1
body_weight_loss,1
prorocentrum_lima,1
dinoflagellate,1
vitamin_supplementation,1
beta_carotene,1
penile_biopsy,1
mouth_pain,1
bird,1
trochilidae,1
cognitive_learning,1
handheld_augmented_reality,1
timing_circuit,1
android,1
electrical_engineering,1
acanthosis,1
lupus_erythematosus,1
neutrophilia,1
"ne_protein,_human",1
nfic_gene,1
integrin_binding_sialoprotein,1
undergraduate_engineering_student,1
theoretical_value,1
electric_network_analysis,1
technical_efficiency,1
measuring_instrument,1
augmented_reality,1
water_temperature,1
climate_condition,1
toxic_organism,1
dinophyceae,1
toxin,1
benthic_fauna,1
algal_bloom,1
immunoreactivity,1
amelogenesis,1
dentin_sialophosphoprotein,1
dentinogenesis,1
collagen_type_i,1
primordial_odontogenic_tumour,1
cancer_genetics,1
sialoglycoprotein,1
amelogenin,1
dental_enamel_protein,1
"nfic_protein,_human",1
dspp_gene,1
enamel_protein,1
somatic_mutation,1
"dna,_neoplasm",1
ameloblastin,1
potassium_blood_level,1
bicarbonate_blood_level,1
market,1
donkey,1
bglap_gene,1
nfi_transcription_factor,1
nuclear_factor_i,1
extracellular_matrix_protein,1
amelx_gene,1
"amelx_protein,_human",1
"bglap_protein,_human",1
phosphoprotein,1
ibsp_gene,1
enam_gene,1
"ibsp_protein,_human",1
osteocalcin,1
fluid_balance,1
livestock_market,1
gas_exchange,1
sodium_blood_level,1
extreme_event,1
natural_time,1
time_reversal,1
time_domain,1
scleroprotein,1
"ambn_protein,_human",1
"enam_protein,_human",1
bone_sialoprotein,1
ne_gene,1
sialoglycoproteins,1
lactate_blood_level,1
blood_carbon_dioxide_tension,1
melanocyte,1
data_extraction,1
apolipoprotein_l,1
malignant_transformation,1
microarray_analysis,1
melanoma,1
meta_analysis,1
immune_dysregulation,1
immunological_tolerance,1
gene_interaction,1
diabetes,1
mule,1
calcium_blood_level,1
mineral_balance,1
domestic_horse,1
venous_oxygen_tension,1
north_american_plate,1
immunoglobulin,1
cytotoxic_t_lymphocyte,1
leptin,1
"pulmonary_disease,_chronic_obstructive",1
forced_vital_capacity,1
peptide_hormone,1
hormone_blood_level,1
c_peptide,1
nicotinamide_phosphoribosyltransferase,1
cigarette_smoking,1
state_space_method,1
lie_derivative,1
relative_degree,1
taylor_series_expansion,1
flexible_joint_robot,1
feedback_linearization_control,1
performance_validation,1
discrete_time_state_space_model,1
gastric_inhibitory_polypeptide,1
forced_expiratory_volume,1
adipokines,1
adipocytokine,1
disease_incidence,1
mu,1
cucurbita_ficifolia,1
leukocyte_activation,1
lectin,1
neutrophil_activation,1
neutrophil,1
vecuronium,1
entropy_change,1
field_emission_scanning_electron_microscopy,1
spherical_morphology,1
intermediate_energy,1
uv_and_visible_light,1
nicotine,1
vecuronium_bromide,1
endocrine_system,1
serotonin_blood_level,1
dopamine_blood_level,1
neurochemistry,1
serotonin,1
dopamine,1
sleep_pattern,1
genetic_marker,1
medicinal_plant,1
flexible_manipulator,1
tensor,1
euclidean_motion,1
young_laplace_law,1
gaussian_curvature,1
stress,1
unstable_equilibrium_point,1
laplace_beltrami_operator,1
variational_principle,1
noradrenalin,1
hydrocortisone_blood_level,1
sleep_time,1
noradrenalin_blood_level,1
adrenalin_blood_level,1
structural_regularity,1
cerium_oxide,1
enamel,1
structural_and_optical_property,1
ordered_mesoporous_silica,1
defect,1
hydrothermal_method,1
kidney,1
hydrocarbon_pollution,1
fresh_water,1
health_risk,1
chronic_kidney_disease,1
precautionary_principle,1
predictive_control_system,1
feedback_linearization,1
heat_stress,1
carbonated_beverage,1
euler_lagrange_equation,1
motion,1
annona_reticulata,1
pole,1
friction,1
voltage_time_series,1
fisher_information_matrix,1
fisher_information_measure,1
aging_of_material,1
tectonic_plate,1
tectonics,1
experimental_modeling,1
tectonic_fault,1
standard_deviation,1
fisher_method,1
phytochemical,1
melicoccus_bijugatus_jacq.,1
field_emission_microscope,1
potato,1
organic_acid,1
nalidixic_acid,1
bacterial_disease,1
acetylcholinesterase,1
triterpenoid,1
anthraquinone_derivative,1
annona,1
vinblastine,1
alkaloid,1
coumarin_derivative,1
chrysophyllum_cainito_l.,1
anthraquinone,1
waste_product,1
sapindaceae,1
annona_squamosa,1
hydroxide,1
storm,1
tierra_blanca,1
perfect_storm,1
"renal_insufficiency,_chronic",1
freshwater,1
well_water,1
soft_drink,1
water_well,1
forage,1
solanum_tuberosum,1
disk_diffusion,1
disease_treatment,1
plant_disease,1
disk_diffusion_antimicrobial_test,1
nanomaterial,1
electron_spin_resonance_technique,1
modulated_differential_scanning_calorimetry,1
agave_fructans,1
melting_time,1
specific_heat,1
fat_and_sugar_replacers,1
ice_cream,1
melting,1
ice_crystal,1
low_enthalpy,1
ice,1
frozen_water,1
cricetinae,1
liver_microsome,1
sapotaceae,1
pectobacterium_carotovorum,1
aspergillus_brasiliensis,1
hydrophobin,1
seminal_vesicle,1
subcutaneous_drug_administration,1
androstanolone,1
"microsomes,_liver",1
"injections,_subcutaneous",1
hamster,1
prostate_weight,1
gallium,1
electron_spin_relaxation,1
semiconductor_quantum_well,1
spin_orbit_interaction,1
magnetic_field,1
point_defect,1
electromagnetic_field,1
physicochemical_transformation,1
vegetable,1
vegetable_shortening,1
tamale,1
sierra_madre_oriental,1
peromyscus_melanotis,1
band_to_band_photoluminescence,1
nitrogen_vacancy_center,1
silicon_carbide,1
yttrium_aluminum_garnet,1
spin_dependent_recombination,1
coherent_spin_oscillation,1
emulsifying_activity,1
fusarium_oxysporum,1
niger,1
electrochemical_analysis,1
rr_interval,1
social_behavior,1
emulsifier_protein,1
grain_legume,1
carbon_dioxide_evolution,1
oat,1
ruminant_stomach,1
hay,1
gramine,1
health_impact,1
health_risk_behavior,1
pacific_island,1
occupational_exposure,1
electric_current,1
alkaline_environment,1
viscoelastic_property,1
north_africa,1
methanogenic_fermentation,1
gas_evolution,1
systolic_hypertension,1
quality_adjusted_life_year,1
occupational_hazard,1
unsafe_sex,1
rodentia,1
resource_availability,1
trans_mexican_volcanic_belt,1
coniferophyta,1
sierra_madre_occidental,1
mountain_region,1
lithium_ion,1
density,1
heart_beat,1
orange_emission,1
multifractral_detrended_fluctuation_analysis,1
mathematical_computing,1
fibromyalgia,1
sulfobetaine_group,1
zwitterionic_pendant_group,1
translational_dynamic,1
poly_methacrylate,1
ether,1
polymer_electrolyte,1
germination,1
myrtillocactus_geometrizans,1
primary_production,1
bergmann_rule,1
sierra_madre_[mexico],1
cricetidae,1
scleroderma,1
rheumatoid_arthritis,1
dermatomyositis,1
evolution,1
syndrome_crest,1
dermoscopy,1
filiform_papilla,1
individual_variation,1
"biological_variation,_individual",1
photosynthetically_active_radiation,1
laboratory_method,1
pollen_tube,1
ovule,1
biological_variation,1
vegetation,1
europium_alloy,1
electromagnetic_wave_propagation,1
white_light_emitting_diode,1
caribbean,1
southeast_asia,1
africa_south_of_the_sahara,1
mortality_risk,1
occupational_disease,1
group_by_age,1
middle_east,1
pituitary_hormone,1
perinatal_period,1
refeeding,1
melanin_concentrating_hormone,1
hypothalamic_hormone,1
epiluminescence_microscopy,1
autoimmune_disease,1
policy_analysis,1
health_care_system,1
connective_tissue_disease,1
tongue,1
sjoegren_syndrome,1
mixed_connective_tissue_disease,1
oxidative_condition,1
enzyme_kinetics,1
copper_catalyzed,1
reactive_radical,1
pro_oxidants,1
biological_target,1
lipase_activity,1
enhanced_recovery,1
spectroscopic_evaluation,1
excitation_and_emission_spectrum,1
performance_measurement_system,1
health_service_accessibility,1
silver_vanadate,1
hybrid_deposition_system,1
photocatalytic_application,1
transition_metal_compound,1
well_condition,1
oil_well,1
hydrophobins,1
interfacial_activity,1
entomopathogenic_fungus,1
enhanced_oil_recovery,1
optical_rotation,1
transition_element,1
optic,1
policy_development,1
vanadium_compound,1
metropolitan_area,1
toluca,1
mexico_[mexico_],1
toluca_valley,1
inductively_coupled_plasma_method,1
enrichment,1
cancer_registry,1
health_care_policy,1
health_care_quality,1
health_care_access,1
cancer_mortality,1
health_service,1
noncommunicable_disease,1
quality_of_health_care,1
cancer_survival,1
sparse_matrix,1
random_variable,1
ensemble_averaged,1
scale_invariance,1
spacing,1
acceleration,1
caseinate,1
methodology_approach,1
mechanical_permeability,1
photo_catalytic_degradation,1
micro_raman_spectroscopy,1
as_deposited_thin_film,1
evaporation,1
thermal_evaporation,1
amorphous_film,1
neodymium_laser,1
fluctuation_mode,1
writing,1
unfolding_procedure,1
random_matrix_theory,1
brain_third_ventricle,1
hypophysis_hormone,1
receptor_down_regulation,1
hyperphagia,1
maternal_nutrition,1
south_asia,1
europe,1
crab,1
leptin_receptor,1
appetite_stimulant,1
spectral_fluctuation,1
unfolding_technique,1
yeast_survival,1
specific_interaction,1
lambda,1
physical_and_mechanical_property,1
sodium_caseinate,1
edible_film,1
collective_action,1
caribbean_island,1
photoelectrochemical_behavior,1
photo_electrochemistry,1
preferred_orientation,1
crystal_orientation,1
sodium_sulfate,1
electro_reduction,1
photoelectrochemical_performance,1
tnt,1
isothiocyanate,1
semi_conducting_property,1
polyethylene_terephthalates,1
sample_surface,1
nondestructive_examination,1
projected_range,1
water_solution,1
ion_bombardment,1
plastic_bottle,1
water_penetration,1
different_mass,1
non_destructive,1
depth_profiling,1
total_solid_content,1
freezing_process,1
maltodextrins,1
neutron_reflection,1
closure_problem,1
scaled_method,1
neutron_leakage,1
deep_hydrodesulfurization,1
peak_intensity,1
complex_coacervates,1
whey_protein_isolate,1
spray_dried,1
proteasome,1
cell_aging,1
astrocyte,1
"membrane_potential,_mitochondrial",1
prasterone,1
sulforaphane,1
isothiocyanic_acid_derivative,1
cellular_senescence,1
dehydroepiandrosterone,1
litter_size,1
"receptors,_somatostatin",1
somatostatin_receptor,1
overnutrition,1
food_deprivation,1
hypothalamus_hormone,1
diet_restriction,1
diet_induced_obesity,1
lateral_hypothalamus,1
allopetrolisthes_punctatus,1
gravimetry,1
neurosecretory_cell,1
point_kinetics_equation,1
moderator,1
continuous_variable,1
silica_based_mesoporous_material,1
adsorbent,1
pseudo_second_order_kinetic_model,1
powder_x_ray_diffraction,1
adsorption_characteristic,1
red_shift,1
luminescent_property,1
excitation_wavelength,1
low_temperature_phase,1
inorganic_material,1
relative_contribution,1
rare_earth,1
green_band_emission,1
sulforafan,1
epoxomicin,1
multiplicative_white_noise,1
stochastic_dynamic,1
photoluminescence_spectroscopy,1
higher_order_term,1
square_well,1
van_der_waals_force,1
statistical_mechanic,1
free_energy_model,1
range_profile,1
sum_of_product,1
asymptotic_form,1
square_well_fluid,1
water_planning,1
inequality_in_subsidy,1
water_management,1
water_distribution_system,1
dsc_analysis,1
polymerization_rate,1
first_order_reaction_model,1
household_survey,1
subsidy_system,1
gini_coefficient,1
water_demand_and_supply,1
water_distribution,1
water_use,1
economic_activity,1
domestic_water_supply,1
dynamic_environment,1
water_demand,1
economic_analysis,1
difference_equation,1
stationary_state_probability,1
phase_noise,1
regulation_capability,1
lactobacillus_paracasei,1
serratia_marcescens,1
extraction_time,1
basis_set,1
solvation,1
ion_pair,1
multiplicative_noise,1
evolution_behavior,1
copolymerization,1
maleic_anhydride,1
iso_conversional_method,1
styrene,1
non_isothermal_kinetic,1
isothermal_kinetics,1
overweight,1
t_lymphocyte,1
kinetic_rate_constant,1
raft_polymerization,1
living_polymerization,1
biodegradable_polyester,1
random_chain_scission,1
tga/ftir,1
polyhydroxybutyrate,1
spectroscopic_characterization,1
degradation_product,1
in_vitro_test,1
pyrrole,1
stem_cell,1
stochastic_control_system,1
nonlinear_uncertain_system,1
ductility_demand,1
rc_building,1
shear_wave,1
ductility,1
inelastic_behavior,1
degree_of_freedom,1
spinning,1
in_vivo,1
scaffold,1
tensile_testing,1
granulocyte,1
padgem_protein,1
lymphocyte_subpopulation,1
dual_energy_x_ray_absorptiometry,1
memory_cell,1
peripheral_lymphocyte,1
three_dimensional_flow,1
submerged_entry_nozzle,1
continuous_casting_mold,1
particle_imaging_velocimetry,1
solidification_process,1
three_dimensional_flow_pattern,1
mold,1
large_eddy_simulation,1
body_composition,1
intra_abdominal_fat,1
b_lymphocyte,1
natural_killer_cell,1
immunity,1
cell_subpopulation,1
dynamic_soil_structure_interaction,1
rigid_structure,1
soil_structure_interaction,1
dynamic_condition,1
continuous_casting,1
physical_experiment,1
magnesium_sulfate,1
sulfate_ion,1
model_approach,1
proton_transfer,1
water_molecule,1
demineralization,1
acid,1
docking_study,1
self_healing_coating,1
self_healing_material,1
characterization_study,1
nozzle,1
peroxy_radical,1
methanolic_solution,1
behavior_evaluation,1
community_dynamic,1
acropora,1
high_voltage,1
good_capacity_retention,1
rate_capability,1
reversible_capacity,1
ni_doped,1
operation_voltage,1
rna_polymerase,1
eukaryote,1
rna_metabolism,1
dactinomycin,1
single_degree_of_freedom_model,1
dna_directed_rna_polymerase,1
lariat_debranching_enzyme,1
rna_stability,1
trophozoite,1
rna_nucleotidyltransferases,1
cellular_distribution,1
area_based,1
image_segmentation,1
enhanced_thematic_mapper,1
landsat,1
markov_random_field_model,1
remote_sensing,1
normalized_difference_water_index,1
jasmonic_acid_methyl_ester,1
jasmonic_acid,1
plant_defense,1
aerial_photography,1
markov_random_field,1
multispectral_scanner_system,1
digital_radio,1
telephony_system,1
secondary_network,1
local_communication,1
structural_health,1
structural_health_monitoring,1
wireless_sensor_network,1
average_packet_delay,1
inter_arrival_time,1
core_shell_composite,1
up_conversion,1
luminescent_material,1
geochemistry,1
erbium,1
energy_conversion_and_storage,1
up_conversion_luminescence,1
shell,1
rare_earth_alloy,1
core_shell_nanoparticles,1
rare_earth_alloy_and_compound,1
magnetic_material,1
rare_earth_compound,1
visual_acuity,1
cataract_extraction,1
early_intervention,1
refraction_error,1
retinoscopy,1
amblyopia,1
congenital_cataract,1
cancun,1
environmental_policy,1
rhizophoraceae,1
visual_deprivation,1
bayley_scale_of_infant_development,1
descriptive_research,1
phosphate,1
phosphorus,1
chlorella_miniata,1
coelastrella,1
neochloris_oleoabundans,1
desmodesmus,1
biogeography,1
taxonomic_identification,1
specie_distribution,1
biogeographic_region,1
phylogeography,1
goby_fish,1
wastewater_treatment,1
cheese,1
biological_activity,1
methylxanthine_derivative,1
proton,1
eastern_tropical_pacific,1
specie_assemblage,1
reef,1
anoxic_condition,1
trace_metal,1
waste_water,1
riviera_maya,1
anthropogenic_effect,1
tourism_development,1
gpi_linked_protein,1
gene_vector,1
lentivirus_vector,1
lentivirus,1
cell_cycle_arrest,1
pten_phosphohydrolase,1
protein_transport,1
glial_cell_line_derived_neurotrophic_factor,1
protein_derivative,1
glycosylphosphatidylinositol_anchored_protein,1
glioblastoma,1
genetic_vector,1
st_segment_elevation_myocardial_infarction,1
program_evaluation,1
terminal_disease,1
heart_infarction,1
gammaproteobacteria,1
gypsum,1
schlegelella,1
tunnel,1
myocardial_infarction,1
health_expenditure,1
health_policy,1
acute_heart_infarction,1
patient_care,1
length_of_stay,1
national_health_program,1
hospital_readmission,1
financial_deficit,1
catastrophic_illness,1
family_structure,1
health_care_cost,1
colony,1
predation,1
substitution_reaction,1
partition_coefficient,1
bone_tumor,1
coronary_care_unit,1
lysobacter,1
chihuahua_[mexico],1
thermal_spring,1
deinococcus_thermus,1
pseudoxanthomonas,1
actinobacteria,1
paenibacillus,1
betaproteobacteria,1
cave,1
brevibacillus,1
hybrid_configuration,1
magnetron_sputtering_plasma,1
propane,1
propylene,1
carbonaceous_specie,1
hexane,1
sugar_cane,1
benzo[a]pyrene,1
cupriavidus,1
naica,1
alphaproteobacteria,1
echinoderm,1
edge_effect,1
diadema_mexicanum,1
echinoidea,1
geographical_region,1
osteosarcoma,1
reverse_transcriptase_polymerase_chain_reaction,1
magnetron_sputtering,1
carbonate_system,1
climate_change_scenario,1
calcification,1
permutation_approach,1
scenario_analysis,1
environmental_pressure,1
turnover,1
"health_knowledge,_attitudes,_practice",1
queretaro,1
occupational_health,1
transport_risk_factor,1
malachite_green,1
structural_characterization,1
segmented_polyurethane,1
polyurethan,1
sugarcane,1
elemental_carbon,1
environmental_chemical,1
sodium_ion,1
air_quality_forecasting,1
global_climatic_change,1
emission_factor,1
saccharum_officinarum,1
biomass_burning,1
crop_residue,1
isoprene,1
acetylene,1
benzo[b]fluoranthene,1
bone_neoplasm,1
methylene_bi,1
chain_extenders,1
drug_degradation,1
degradable_polymer,1
bezo[k]fluranthene,1
butane,1
pah,1
toluene,1
normal_basis,1
q_order,1
circulant_matrix,1
finite_field,1
infrared_spectrophotometry,1
atorvastatin,1
semi_crystalline_polymer,1
"spectrophotometry,_infrared",1
bromine,1
electron_donor_acceptor_complex,1
proteoheparan_sulfate,1
neoplasm_protein,1
perlecan,1
conventional_ameloblastoma,1
biglycan,1
biocompatible_material,1
cyanates,1
thermography,1
polycaprolactone_diol,1
drug_decomposition,1
nonlinear_optical_microscopy,1
drug_bioavailability,1
melting_temperature,1
cyanic_acid_derivative,1
potential_difference,1
nucleophile,1
bromination,1
biological_production,1
coral_cover,1
specie_turnover,1
specie_evenness,1
ecological_modeling,1
assembly_rule,1
empathy,1
social_problem,1
wellbeing,1
frequency_analysis,1
alkene,1
aromatic_compound,1
nitrosation,1
activity_monitoring,1
"bgn_protein,_human",1
heparan_sulfate_proteoglycans,1
virus,1
template,1
biological_template,1
micellar_assembly,1
sol_gel_reaction,1
genetic_manipulation,1
crystalline_mesoporous,1
choroid_plexus,1
brdu_assay,1
nervous_system_development,1
copolymer,1
growth_factor,1
mechanical_characterization,1
insulator_material,1
angular_frequency,1
zeta_potential_determination,1
glucuronic_acid,1
immunization,1
brain_derived_neurotrophic_factor,1
glatiramer,1
freund_adjuvant,1
longa_scale,1
middle_cerebral_artery_occlusion,1
somatomedin_c,1
immunofluorescence_test,1
neurotrophic_factor,1
fertility,1
maternal_age,1
live_birth,1
magnetic_force_microscopy,1
realtime_imaging,1
attitude,1
occupational_wellbeing,1
traffic_accident,1
slaughterhouse,1
attitude_to_health,1
chlorphenotane,1
polychlorinated_biphenyls,1
persistent_organic_pollutant,1
ferrogel,1
roughness_analysis,1
sensitization,1
effect_of_annealing,1
material_evaluation,1
photocatalytic_reaction,1
phase_transition_energy,1
human_fibroblast,1
cell_motion,1
polyelectrolyte_complex,1
aloe_barbadensis_miller,1
hexuronic_acid,1
ftir_spectroscopy,1
aloe_vera,1
alginic_acid,1
alginates,1
sodium_alginate,1
cell_movement,1
perovskite_like_structure,1
chemical_shift,1
nanomagnetics,1
new_approach,1
afro_latin_american,1
personalized_medicine,1
argentinian,1
diffuse_reflectance,1
chemical_shift_modeling,1
ceramic,1
photoluminescence_response,1
modulation,1
strontium_compound,1
ligand_to_metal_charge_transfer,1
isotropic_nematic_phase_transition,1
orientational_elasticity,1
excluded_volume_interaction,1
elasticity,1
equilibrium_configuration,1
first_order_transition,1
systolic_and_diastolic_blood_pressure,1
baroreflex_sensitivity,1
instantaneous_coupling,1
nanoparticle_self_assembly,1
optical_soliton,1
central_american,1
european_american,1
genetic_polymorphism,1
drug_metabolizing_enzyme,1
drug_metabolism,1
costa_rica,1
ancestry_group,1
south_american,1
ibero_american,1
ethnicity,1
ashkenazi_jew,1
polytetrafluoroethylene_film,1
ethylenediamine,1
polyacryloyl_chloride,1
gamma_ray,1
derivatization,1
pharmacogenomics,1
north_american,1
acid_base_property,1
cation_coordination,1
molar_ratio,1
probability_of_occurrence,1
respiration,1
lung_function,1
breathing,1
cardiorespiratory_coupling,1
nonlinear_dynamic,1
benzaldehyde_derivative,1
radiation_grafting,1
chemical_derivatization,1
solar_equipment,1
solar_process,1
solar_reactor,1
solar_energy,1
ray_tracing_simulation,1
coupling,1
heart_function,1
cardiovascular_system,1
high_temporal_resolution,1
joint_symbolic_dynamic,1
esterification_reaction,1
monomer_concentration,1
surface_functionalization,1
grafting,1
amination,1
gamma_radiation,1
leydig_cell,1
congenital_disorder,1
fetus_development,1
prenatal_exposure,1
ddt,1
third_trimester_pregnancy,1
genital_system,1
twin,1
prenatal_exposure_delayed_effect,1
anogenital_distance,1
fetal_development,1
polyfunctional_group,1
acryloyl_chloride,1
radiative_transfer,1
radiative_heat_transfer,1
apgar_score,1
anal_canal,1
mechanical_system,1
dynamic_energy,1
solar_furnace,1
fucosyllactose,1
fucosylation,1
collisionally_activated_dissociation,1
substrate_specificity,1
ionization_of_liquid,1
matrix_assisted_laser_desorption_ionization_time_of_flight_mass_spectrometry,1
trisaccharide,1
radiation_absorption,1
functional_modification,1
anion_exchange_chromatography,1
donor_substrate,1
"spectrometry,_mass,_matrix_assisted_laser_desorption_ionization",1
bacillus_circulans,1
matrix_assisted_laser_desorption_ionization_time_of_flight_mass,1
transglycosylation_reaction,1
lactose,1
fucosidase,1
enzyme_specificity,1
transglycosylation,1
homogentisic_acid,1
ethanol_consumption,1
agaricales,1
monte_carlo_ray_tracing,1
radiation_distribution,1
ray_tracing,1
forced_swim_test,1
galphimia_glauca,1
beneficial_effect,1
edible_mushroom,1
hepatic_damage,1
nutraceuticals,1
scavenging_ability,1
ergosterol,1
epileptic_state,1
immunofluorescence,1
lithium_chloride,1
synapse_receptor,1
status_epilepticus,1
epilepsy,1
protein_modification,1
dendritic_cell,1
haloperidol_induced_catalepsy,1
triterpenes,1
neuroleptic_agent,1
triterpene,1
galphimine_b,1
cell_activity,1
membrane_glycoprotein,1
pyranoside,1
alkyne,1
carbohydrate_lithocholic_acid_conjugate,1
lithocholic_acid,1
drug_conjugation,1
passive_avoidance_test,1
psychosis,1
cognition,1
galphimia_glauca_extract,1
differential_electrochemical_mass_spectroscopy,1
electrochemical_experiment,1
insulin_resistance,1
feces,1
aldosterone_synthase,1
knockout_mouse,1
galphimine_a,1
schizophrenia,1
dopaminergic_system,1
galphimine_e,1
haloperidol,1
positive_syndrome,1
galphimia,1
ketamine,1
swimming,1
herb_drug_interaction,1
"mice,_knockout",1
aldosterone,1
plethysmography,1
chaotic_dynamic,1
nonlinearity,1
air_sea_interaction,1
historical_record,1
hurricane,1
spectral_analysis,1
institute_for_cancer_research_mouse,1
catalepsy,1
"mice,_inbred_icr",1
antipsychotic_agent,1
oxygen_evolution_reaction,1
dems,1
degradation_of_organic_compound,1
lower_detection_limit,1
sequential_quadratic,1
combustion_method,1
thulium,1
stoichiometry,1
thermal_annealing,1
solid_state_detector,1
low_vacuum_scanning_electron_microscopy,1
food_security,1
household_energy,1
"diet,_high_fat",1
hyperinsulinism,1
thermogenesis,1
lipid_diet,1
hypoaldosteronism,1
lipolysis,1
piperidones,1
solid_electrolyte,1
lithium_transference_number,1
polycondensation_reaction,1
chain_length,1
conducting_polymer,1
solid_polymer_electrolyte,1
polyethylene_oxide,1
lithium_ion_transference_number,1
palmitoleic_acid,1
inoculation,1
deconvolution_method,1
low_vacuum,1
polytetrafluoroethylene_resin,1
semiconductor_detector,1
dosimetric_property,1
nutrient_availability,1
vitamin,1
concentration_overpotential,1
arbitrary_time,1
oscillator,1
linear_mechanical_system,1
mechanic,1
harmonic_oscillator,1
spatial_variable,1
invariant,1
polychlorinated_biphenyl,1
genitalia,1
"pregnancy_trimester,_third",1
guanosine_phosphate,1
serotonin_receptor,1
pyridine,1
vaporization,1
compressibility,1
phase_equilibrium,1
heat_of_vaporization,1
isothermal_compressibility,1
density_of_liquid,1
light_irradiance,1
gamma_linolenic_acid,1
anastomosis_group,1
elaidic_acid,1
carbohydrate,1
scenedesmus_obtusiusculus_at_uam,1
biofuel_production,1
scenedesmus,1
sodium_ion_battery,1
long_term_stability,1
electronic_density_distribution,1
octahedral_distortion,1
allodynia,1
gingerol,1
catechol_derivative,1
serotonergic_neuron,1
biphenyl_compound,1
switched_control,1
piperazine_derivative,1
piperidone_derivative,1
"receptors,_serotonin",1
catechols,1
electrode_material,1
exercise,1
dielectric_constant,1
expansion,1
simple_expression,1
liquid_vapor_interface,1
ketone,1
volumetric_expansion,1
inter_molecular_force,1
boiling_temperature,1
transferable_potential,1
dielectric_liquid,1
thiobarbituric_acid_reactive_substance,1
aminotransferase,1
glutathione_disulfide,1
niacinamide,1
nadp,1
nicotinamide,1
partial_replacement,1
structural_method,1
major_depression,1
hypolipoproteinemia,1
suicidal_behavior,1
triglyceride,1
weight_gain,1
fructose,1
nonalcoholic_fatty_liver,1
sugar_intake,1
"gene_expression_regulation,_enzymologic",1
nicotinamide_adenine_dinucleotide,1
liver_level,1
glucosephosphate_dehydrogenase,1
aminotransferase_blood_level,1
fatty_acid_blood_level,1
non_alcoholic_fatty_liver_disease,1
core_radius,1
"suicide,_attempted",1
nitrogen_oxide,1
zero_order_regular_approximation,1
catalytic_reduction,1
multiple_reaction_pathway,1
poisoning_effect,1
relativistic_effect,1
mean_lifetime,1
flat_surface,1
porites,1
ecuador,1
pavona,1
gamete,1
pavona_gigantea,1
pocillopora_damicornis,1
suicide_attempt,1
hyperalgesia,1
pyridine_derivative,1
spinal_nerve_ligation_injury,1
fatty_alcohol,1
guanosine_monophosphate,1
neuralgia,1
gabapentin,1
biphenyl_derivative,1
piperazine,1
wheeled_mobile_robot,1
kinematics,1
mechanical_actuator,1
low_density_lipoprotein_cholesterol,1
high_density_lipoprotein_cholesterol,1
"depressive_disorder,_major",1
suicidal_ideation,1
alpha_glucosidases,1
transition_structure,1
catalytic_process,1
metallic_cluster,1
mathematical_analysis,1
virus_detection,1
virus_typing,1
viral_load,1
virus_dna,1
anti_human_immunodeficiency_virus_agent,1
high_risk_population,1
hypocholesterolemia,1
"cholesterol,_ldl",1
lipoprotein_deficiency,1
"cholesterol,_hdl",1
serotoninergic_nerve_cell,1
constipation,1
peritoneal_dialysis,1
heartburn,1
malnutrition_inflammation_score,1
bloating,1
nutritional_parameter,1
protein_energy_malnutrition,1
"dna,_viral",1
calcium_mobilization,1
clinical_evaluation,1
glycosidase_inhibitor,1
phytotherapy,1
glycoside_hydrolase_inhibitor,1
achillea_millefolium_extract,1
achillea,1
scavenger_receptor_a,1
gastrointestinal_symptom_questionnaire,1
geriatric_patient,1
phosphate_binding_agent,1
antacid_agent,1
digestive_system_disease_assessment,1
gastrointestinal_disease,1
renal_dialysis,1
renal_replacement_therapy,1
hemodialysis,1
"kidney_failure,_chronic",1
fructanase,1
molecular_identification,1
inulinase,1
agave_durangensis_leaf,1
botryosphaeria,1
blood_cell_count,1
abdominal_pain,1
anorexia,1
sennoside,1
protein_calorie_malnutrition,1
switched_controller,1
dc/dc_buck_power_converter,1
flat_system,1
kinematic_control,1
pi_control,1
mobile_robot,1
sliding_mode_control,1
health_related_sustainable_development_goal_index,1
feasibility_study,1
childhood_mortality,1
maternal_mortality,1
goal,1
cadmium_chloride,1
visual_field_test,1
beck_depression_inventory,1
low_vision,1
saccadic_eye_movement,1
saccade,1
vomiting,1
gastrointestinal_symptom,1
tamarind,1
tamarindus,1
hydrocolloid,1
compositionality,1
lexical_domain,1
engineering,1
disambiguation,1
nausea,1
visual_pathway,1
seizure,1
visual_system,1
hemianopia,1
neurological_rehabilitation,1
neurosurgery,1
congenital_blood_vessel_malformation,1
homonymous_hemianopia,1
automatic_verification,1
high_volume,1
real_life_application,1
idiom,1
artificial_intelligence,1
lipid_metabolism,1
autophagy,1
macroautophagy,1
vascular_surgery,1
visual_field_defect,1
particle_behaviour,1
monolayer_formation,1
interfacial_adsorption,1
air/water_interface,1
particle_mixture,1
particle_diameter,1
peripheral_vision,1
neuroimaging,1
hemianopsia,1
neuropsychiatry,1
postoperative_complication,1
electronystagmography,1
daily_life_activity,1
occipital_lobe,1
numerical_value,1
analysis_of_effort,1
stress_analysis,1
intermediate_structure,1
scale,1
ab,1
cochineal,1
staphylococcus_simulans,1
genotyping_technique,1
primer_dna,1
blurred_vision,1
paresthesia,1
vascular_surgical_procedure,1
arteriovenous_malformation,1
perimetry,1
neurorehabilitation,1
goat_disease,1
material_science,1
virtual_model,1
ab_resin,1
sexual_violence,1
united_kingdom,1
health_care_personnel,1
health_status_indicator,1
physical_violence,1
malaria,1
sex_offense,1
united_nation,1
microflora,1
symbiosis,1
microbiota,1
host_microbial_interaction,1
nano_clay,1
segmental_relaxation,1
aureolysin,1
mastitis,1
fema_protein,1
transduction_signal_protein,1
coagulase_negative_staphylococcus,1
virulence_b_factor,1
staphylococcus,1
"genome,_bacterial",1
gene_identification,1
staphylococcus_chromogenes,1
staphylococcus_xylosus,1
zinc_metalloprotease,1
metalloproteinase,1
dna_primer,1
fibrinogen,1
anticoagulant_compound,1
thrombin_inhibitor,1
drug_determination,1
staphylococcus_warneri,1
minisatellite_repeat,1
hemolysin,1
blood_group_b_antigen,1
multiple_locus_variable_number_tandem_repeat_analysis,1
surface_protein_sash,1
extracelular_protein,1
bacterial_genome,1
gene_locus,1
staphylococcus_sciuri,1
variable_number_of_tandem_repeat,1
coenzyme_a,1
dmd,1
proteobacteria,1
molecular_biology,1
dimethyl_disulfide,1
alkaliphilic,1
visco_elastic_behavior,1
entanglement,1
rubber,1
plasma_confinement,1
glass_transition_temperature_tg,1
temperature_superposition,1
silicate_nanocomposites,1
thrombin_inhibition,1
reaction_system,1
heparin,1
molecular_exclusion,1
inhibition_ratio,1
"chromatography,_gel",1
fibrin,1
solubilization,1
psychiatry,1
health_care_concept,1
sexual_crime,1
newborn_mortality,1
archaeology,1
x_ray_spectroscopy,1
biogenic_material,1
thrombin,1
fusarium,1
chloroflexi,1
hydrogen_sulfide_removal,1
hydrogen_inorganic_compound,1
input_output_data,1
best_approximation,1
fungal_community,1
sulfur_determination,1
reduced_sulfur_compound,1
molecular_biology_analysis,1
sulfur_derivative,1
thioalkalivibrio,1
hydrogen_sulfide,1
disulfides,1
sulfur_oxidizer,1
organic_sulfur_compound,1
biofilters,1
nitrospirae,1
disulfide,1
in_vitro_analysis,1
bulk_free_radical_polymerization,1
free_radical_polymerization,1
termination_reaction,1
cyanobacterium,1
planctomycetes,1
alkaline_biotrickling_filter,1
viscous_dissipation,1
high_shear,1
viscous_flow,1
transitional_flow_regime,1
newtonian_liquid,1
hydrodynamic_characterization,1
cfd_simulation,1
power_number,1
powder_dispersion,1
hydrodynamic_parameter,1
fractional_order_derivative,1
subdiffusive_transport,1
reduced_order_model,1
fractional_order_model,1
preservation,1
dentition,1
"sequence_analysis,_rna",1
marchantia,1
fuel,1
anionic_exchange,1
topology,1
autoacceleration_effect,1
butyl_methacrylates,1
rate_of_polymerization,1
atom_transfer_radical_polymerization,1
termination_rate_coefficient,1
reaction_calorimetry,1
dorsal_hippocampus,1
"epilepsy,_temporal_lobe",1
potassium_ion,1
drug_selectivity,1
taurine,1
temporal_lobe_epilepsy,1
glutamine,1
extracellular_space,1
aspartic_acid,1
amino_acid_brain_level,1
heat_transfer_measurement,1
electric_field_induced,1
angstrom_method,1
carbon_nanotube,1
neural_network_approximation,1
iturelix,1
lordosis,1
thermal_diffusivity,1
diffusion_in_liquid,1
weight_fraction,1
multiwalled_carbon_nanotube,1
high_electric_field,1
inhibition_kinetics,1
corticosteroid_release,1
granulosa_cell,1
chemoluminescence,1
androstenedione,1
caprylates,1
ovary_cell,1
perfluorooctanesulfonic_acid,1
perfluorooctanoic_acid,1
octanoic_acid_derivative,1
straight_run_gas_oil,1
oxidative_denitrogenation,1
peroxide,1
functional_magnetic_resonance_imaging,1
nerve_cell_plasticity,1
cerebellum,1
brain_function,1
tubulin,1
parkinson_disease,1
theca_cell,1
steroidogenesis,1
fluorocarbon,1
immunocytochemistry,1
selective_estrogen_receptor_modulator,1
oligopeptides,1
odontogenic_cyst,1
vitamin_intake,1
facilitation,1
tamoxifen,1
"receptors,_lhrh",1
mifepristone,1
promegestone,1
gonadorelin_receptor,1
gestagen,1
gonadorelin,1
hormone_antagonist,1
arcuate_nucleus,1
oligopeptide,1
luteinizing_hormone,1
cell_stimulation,1
alkanesulfonic_acid,1
methylenetetrahydrofolate_reductase,1
cyanocobalamin_deficiency,1
"mthfr_protein,_human",1
genetic_association_study,1
healthy_diet,1
heart_hemodynamics,1
autonomic_regulation,1
linear_dynamic_analysis,1
autonomic_nervous_system_function,1
respiratory_rate,1
breathing_rate,1
cardiac_index,1
autonomic_nervous_system,1
standing,1
heart_stroke_volume,1
stroma,1
induction_motor,1
vector_control,1
proportional_integral_control,1
stator,1
controller_structure,1
homogeneous_coprecipitation_method,1
epidemiology,1
breakfast_cereal,1
physical_activity,1
food_composition,1
dietary_intake,1
national_health_insurance,1
metabolic_equivalent,1
folic_acid_blood_level,1
folic_acid_deficiency,1
lifestyle,1
manganese_alloy,1
jahn_teller_effect,1
methanol_oxidation,1
methanol_electrooxidation,1
electron_mobility,1
catalytic_deactivation,1
catalytic_oxidation,1
food_frequency_questionnaire,1
hormone_substitution,1
caloric_intake,1
vitamin_blood_level,1
electrical_subsystem,1
induction_motor_control,1
individual_channel_analysis_and_design,1
inherent_characteristic,1
synchronous_coordinate,1
zno_oxide,1
synthesised,1
one_pot,1
photo_degradation,1
disorder_of_mitochondrial_function,1
uncoupling_protein,1
gas_oil,1
ammonium_metatungstate,1
tungstated_zirconia,1
glutaraldehyde,1
rotenone,1
synaptophysin,1
doped_zno,1
nanorods,1
photocatalytic_degradation,1
magnetic_resonance,1
wax,1
"trimethoprim,_sulfamethoxazole_drug_combination",1
differential_electrochemical_mass_spectrometry,1
magnesium_alloy,1
deprotonation_energy,1
paramagnetic_resonance,1
electrocatalytic_activity,1
transition_metal,1
chemical_feature,1
metal_accumulation,1
chelation,1
chelating_molecule,1
antiradical,1
free_radical_reaction,1
metal_chelation,1
osmosis,1
anti_microbial_activity,1
controlled_condition,1
alcoholic_beverage,1
triosephosphate_isomerase,1
triose_phosphate_isomerase,1
multithermal_titration_calorimetry,1
fluorometry,1
phosphoglycolohydroxamate,1
osmotic_stress,1
hydroxamic_acid,1
osmolality,1
betaine,1
titrimetry,1
calorimetry,1
cupriavidus_necator,1
ammonium_sulfate,1
reticulocyte,1
mutagenicity_test,1
corpus_striatum,1
respiration_control,1
parkinsonian_disorder,1
malic_acid,1
reduced_nicotinamide_adenine_dinucleotide_dehydrogenase,1
histochemistry,1
nonparametric_test,1
mutagen_testing,1
erythrocyte,1
fermentation_process,1
exopolysaccharides,1
amylolytic_activity,1
identification,1
fermented_beverage,1
learning_system,1
optimal_investment,1
light_source,1
gallium_compound,1
europium,1
effective_bandwidth,1
lighting,1
solid_state_lighting_technology,1
television_standard,1
phonons,1
electrochemical_nucleation,1
elemental_composition,1
organic_solvent,1
phosphatidylinositol_glycan_class_a_protein,1
mutagenic_activity,1
pig_a_assay,1
seawater_corrosion,1
desulfobacteraceae,1
microbial_corrosion,1
electrodeposition_kinetics,1
potentiodynamic_method,1
mechanism_and_kinetics,1
manufacture,1
investment,1
transitional_dynamic,1
learning_externality,1
endogenous_growth,1
endogenous_growth_model,1
pareto_principle,1
investment_subsidy,1
manufacturing_sector,1
commerce,1
pitting,1
pore_radius,1
adsorption_isotherm,1
meso_pores,1
optimal_investment_subsidy,1
two_sector_model,1
market_economy,1
sulfate_reducing_bacterium,1
copper_corrosion,1
desulfobulbaceae,1
succinic_acid_derivative,1
biofuels,1
sea_water,1
alloy,1
anaerobic_metabolism,1
biological_stability,1
agronomy,1
grain,1
soil_management,1
carbon_sequestration,1
climate_change_mitigation,1
copper_nickel_alloy,1
general_corrosion_rate,1
copper_alloy,1
corrosion_rate,1
desulfarculaceae,1
anaerobic_biodegradation,1
microbial_community_structure,1
camelina,1
sulfate_reducing_bacteria,1
nickel_copper_alloy,1
cu__ni_alloy,1
hydrogen_production_reaction,1
photocatalytic_property,1
fluorination,1
environment_friendly_process,1
photocatalytic_water_splitting,1
release_behavior,1
glassy_state,1
guggenheim,1
micropores,1
thermodynamic_sorption,1
soil_organic_carbon,1
socio_economic_development,1
sustainable_agricultural_system,1
soil_microbial_biomass_carbon,1
soil_carbon_sequestration,1
recalcitrance_index,1
polyglycolic_acid,1
polystyrene,1
alternative_agriculture,1
photocatalytic_hydrogen_production,1
rearing,1
parkinsonism,1
dopaminergic_nerve_cell,1
uncoupling_agent,1
membrane_potential,1
succinic_acid,1
ecomorphology,1
impregnation,1
uv_irradiation,1
nonmetal,1
oxide_semiconductor,1
semiconductor_oxide,1
stria,1
povidone,1
polyvinyl_alcohol,1
controlled_release,1
spherical_structure,1
mesoporous_structure,1
ibuprofen,1
drug_release_rate,1
mesoporous_silica_material,1
drug_product,1
cancer_diagnosis,1
drug_absorption,1
xylitol,1
blood_glucose_monitoring,1
polyglactin,1
mannitol,1
skin_structure,1
hollow_microneedle,1
"absorption,_physiological",1
dip_and_scrape,1
diagnostic_procedure,1
silica_glass,1
cosmetic,1
poke_with_patch,1
coat_and_poke,1
alopecia_areata,1
dip_and_flow,1
pharmaceutic,1
polylactic_acid,1
solid_microneedle,1
depigmentation,1
electrocardiography,1
needle,1
galactose,1
skin_pigmentation,1
"statistics,_nonparametric",1
brain_natriuretic_peptide,1
metabolic_parameter,1
"natriuretic_peptide,_brain",1
milpa_soil,1
soil_moisture,1
unindexed_drug,1
skin,1
borosilicate_glass,1
poke_and_release,1
acne,1
wrinkle,1
skin_penetration,1
diffraction_pattern,1
density_of_electronic_state,1
stretching,1
trehalose,1
burn_scar,1
pharmaceutical_preparation,1
gas_emission,1
optimum_operating_condition,1
flow_of_gas,1
nitrogen_starvation,1
food_supply,1
diluted_emission,1
gas_residence_time,1
micro_and_macro_nutrient,1
plantain,1
vaccine,1
candida_glabrata,1
quality_characteristic,1
functional_characteristic,1
spaghetti,1
natalidae,1
arachnida,1
natalus,1
flight_activity,1
hepatitis_a_antibody,1
processing_step,1
electrochemical_technique,1
nucleation_and_growth,1
electrodeposition_process,1
iron_electrodeposition,1
bi_exponential_function,1
partial_density_of_state,1
carmen_island,1
federal_system,1
interferometry,1
charge_transference,1
computational_mechanic,1
structural_difference,1
island_biogeography,1
vertebrate,1
reptilia,1
vulnerability,1
vertebrata,1
bioclimatology,1
amphibia,1
climate_effect,1
artemia,1
organotin_compound,1
multiple_sclerosis,1
"drug_screening_assays,_antitumor",1
heteronuclear_multiple_bond_correlation,1
odds_ratio,1
fertilizer,1
carbohydrate_metabolism,1
gemmatimonadetes,1
crop_production,1
cytotoxic_agent,1
fourier_transformation,1
heteronuclear_single_quantum_coherence,1
topotecan,1
levodopa,1
di_n_butyltin,1
dibutyltincomplex,1
candida_albicans,1
sediment_core,1
depositional_condition,1
calcium_compound,1
core_sediment,1
core_analysis,1
terrigenous_deposit,1
average_concentration,1
anthropogenic_source,1
manganese_oxide,1
river_flow,1
sediment_core_analysis,1
terrigenous_sediment,1
terminos_lagoon,1
depositional_environment,1
environmental_assessment,1
antifungal_agent,1
urban_growth,1
campeche,1
protein_isoforms,1
green_fluorescent_protein_transfected_cell_line,1
fusion_protein,1
genetic_transfection,1
plasmid,1
cervix_uterus,1
uterine_cervix,1
"genes,_reporter",1
cell_membrane_depolarization,1
mitochondrial_membrane,1
"oncogene_proteins,_viral",1
complementary_dna,1
transfection,1
green_fluorescent_protein,1
repressor_protein,1
reporter_gene,1
alternative_splicing,1
recombinant_fusion_protein,1
"sequence_homology,_amino_acid",1
oncoprotein,1
isoprotein,1
alternative_rna_splicing,1
clustering_algorithm,1
cluster_mode,1
cortical_synchronization,1
time_frequency,1
cognitive_state,1
levenshtein_distance,1
local_interaction,1
synchronization_state,1
phase_synchrony,1
multivariate_time_series,1
passivation,1
hydrometallurgy,1
chalcopyrite,1
voltammetry,1
copper_extraction,1
stripping_voltammetry,1
galvanic_interaction,1
vehicular_ad_hoc_network,1
mobile_telecommunication_system,1
vehicular_network,1
analytical_model,1
simulation_based_analysis,1
contention_window,1
number_of_vehicle,1
portland_cement,1
safety_and_non_safety_application,1
extensive_simulation,1
vehicular_adhoc_network,1
wireless_access_in_vehicular_environment,1
power_system_equipment,1
maximum_likelihood_estimation,1
equipment,1
electric_power_equipment,1
outage,1
statistical_parameter_estimation,1
maximum_likelihood,1
censored_data,1
estimation,1
distribution_parameter,1
power_equipment,1
leuconostoc,1
high_throughput_sequencing,1
weibull_distribution,1
lifetime,1
trapping/detrapping,1
phase_shift,1
electrochemical_potential,1
electric_rectifier,1
current_rectification,1
alternating_voltage,1
rectification,1
reactive_belite_cement,1
cement_property,1
commercial_zeolite,1
mechanical,1
simple_method,1
time_irreversibility,1
visibility_graph,1
seismicity,1
mexican_subduction_zone,1
low_temperature_cement,1
silica_fume,1
belite_cement,1
natural_zeolite,1
lows_temperatures,1
purification_process,1
hard_sphere,1
fluid_regime,1
pair_potential,1
packing_fraction,1
acetobacteraceae,1
weissella,1
atole_agrio,1
microbial_diversity,1
streptococcus,1
computational_biology,1
hepatitis_a,1
urban_rural_difference,1
hepatitis_a_virus,1
endemic_disease,1
mestizo,1
ethnic_group,1
lactococcus,1
high_throughput_nucleotide_sequencing,1
microbial_population_dynamic,1
pyrosequencing,1
weissella_confusa,1
bacterium_detection,1
horizontal_visibility_graph,1
subduction_zone,1
time_reversibility,1
visibility,1
high_energy,1
differential_inequality,1
klein_gordon_equation,1
qualitative_behavior,1
supercritical_value,1
homogeneous_dirichlet_boundary_condition,1
blow_up,1
initial_energy,1
scanning_electron_microscopy_image,1
diffusion_controlled_growth_mechanism,1
face_centered_cubic_structure,1
bacterium_culture,1
galvanostatic_technique,1
pharmacokinetics,1
time_to_maximum_plasma_concentration,1
drug_elimination,1
pharmacodynamics,1
maximum_plasma_concentration,1
maximum_drug_effect,1
caffeine,1
arthralgia,1
ketoprofen,1
maximum_concentration,1
plasma_concentration_time_curve,1
analgesia,1
functional_disease,1
aldo_keto_reductase,1
dna_microarray,1
tumor_biopsy,1
ggt_protein,1
"atp_binding_cassette_transporter,_subfamily_b",1
adverse_outcome,1
low_back_pain,1
antioxidant_responsive_element,1
xochimilco,1
socioeconomic_condition,1
environmental_value,1
urban_population,1
wetland_management,1
urban_sprawl,1
neighborhood,1
urban_area,1
wetland,1
urban_planning,1
air_separation_unit,1
perception,1
differential_evolution,1
collective_intelligence,1
design_and_development,1
nonlinear_constrained_optimization_problem,1
constrained_non_linear_optimization,1
hybridization_method,1
nonlinear_programming,1
particle_swarm_optimization,1
constrained_optimization,1
real_world_problem,1
musical_composition,1
spatial_confinement,1
tracer,1
tissue_section,1
stochastic_model,1
robot,1
exact_result,1
multifractal_detrended_fluctuation_analysis,1
dynamic_light_scattering,1
multifractal_analysis,1
polymeric_network,1
scattered_photon,1
steelmaking,1
simulation_environment,1
trust_region_approach,1
gradient_based_optimization_algorithm,1
gradient_information,1
dynamic_model,1
cryogenic_air_separation,1
derivative_free_optimization,1
ceratophyllum_demersum,1
fish_breeding,1
egg_viability,1
female_sexual_dysfunction,1
hypothalamus_hypophysis_gonad_system,1
serotonin_uptake_inhibitor,1
estrus_cycle,1
estrous_cycle,1
noradrenergic_system,1
proceptive_behavior,1
vagina_cytology,1
experimental_behavioral_test,1
clomipramine,1
maximum_entropy_method,1
low_density,1
traffic_flow,1
gelatinisation,1
low_temperature_drying,1
hylon_vii,1
traffic_cellular_automaton,1
cellular_automaton_model,1
cellular_automaton,1
traffic_model,1
supramolecular_complex,1
specie_distribution_diagram,1
critical_micelle_concentration,1
fluorescence_measurement,1
micelle,1
fluorescence_spectrophotometry,1
uv_vis_spectrophotometry,1
supramolecular_chemistry,1
thermodynamic_binding_constant,1
leporidae,1
rabbit,1
"muscle,_skeletal",1
cassuarina_equisetifolia,1
spawning,1
limnology,1
chirostoma_humboldtianum,1
fingerling,1
breeding,1
eichhornia_crassipes,1
ethology,1
oven,1
freeze_drying,1
oven_drying,1
drying_method,1
high_amylose_starch,1
dna_damage,1
natural_population,1
author_profiling,1
psychological_model,1
starch_content,1
finite_difference_method,1
semantic_similarity,1
distributed_representation,1
edit_distance,1
text_processing,1
semantic_information,1
intellectual_property,1
paraphrase_plagiarism,1
state_of_the_art_method,1
supervised_classifier,1
vibration,1
research_output,1
bleomycin,1
nucleoside,1
dna_strand,1
jordan,1
genetic_drift,1
population_genetics,1
hemoglobinopathy,1
medical_record,1
deoxyguanosine_phosphate,1
guanine,1
cytosol,1
gamma_irradiation,1
anion,1
cell_compartmentalization,1
free_radical_scavenging_assay,1
fluctuation,1
intermediate_scattering_function,1
neutron_scattering_technique,1
language_resource,1
academic_program,1
personality_trait,1
automatic_model,1
researchgate,1
citation_impact,1
scholarly_article,1
altmetrics,1
exploratory_analysis,1
social_profile,1
digital_library,1
social_medium_platform,1
electronic_document_exchange,1
homogeneous_morphology,1
insulating_ceramic,1
solid_state_synthesis,1
electric_property,1
hospital_admission,1
outpatient,1
incidence,1
disability,1
iron_deficiency,1
solid_state_reaction_method,1
differential_thermal_analysis,1
insulation,1
measurement_of_particle,1
solid_state_reaction,1
calcined_powder,1
experimental_verification,1
strait_of_messina,1
fractional_derivative,1
neutron_scattering,1
irreversible_thermodynamics,1
concentration_fluctuation,1
local_equilibrium_assumption,1
normal_distribution,1
empirical_correlation,1
membrane_filtration,1
size_distribution,1
filtration_kinetics,1
microfiltration,1
colloidal_fluid,1
filtration_process,1
computational_model,1
numerical_correlation,1
neural_stem_cell,1
neuroepithelium,1
thermodynamic_behavior,1
isosteric_heat_of_adsorption,1
hemolytic_anemia,1
nepal,1
remission,1
desorption_process,1
preferential_interaction,1
one_dimensional_channel,1
juvenile,1
mediterranean_sea,1
phosichthyidae,1
phylogenetics,1
ceratoscopelus_maderensis,1
myctophidae,1
vinciguerria_attenuata,1
sagitta,1
weaning,1
ovis_aries,1
standardization,1
government,1
binary_mixed_oxide,1
experimental_characterization,1
clonogenesis,1
neuroepithelial_cell,1
cell_self_renewal,1
multipotent_stem_cell,1
nerve_cell_differentiation,1
olfactory_neuroepithelium,1
stem_cell_culture,1
neuroepithelium_cell,1
thermal_characterization,1
graphite,1
fibroblast_growth_factor,1
olfactory_mucosa,1
musashi,1
photostimulation,1
accuracy,1
user_experience,1
photic_stimulation,1
inter_stimulus_interval,1
movement,1
waveform,1
sequence_generator,1
brain_computer_interface,1
wheelchair,1
operator,1
liquid_liquid_extraction,1
wheelchair_navigation,1
context_dependent,1
target_and_non_target,1
support_effect,1
tungsten_compound,1
feedback_system,1
linear_model,1
classifier,1
control_system,1
event_related_potential,1
robotics,1
wheelchair_navigation_control_system,1
discriminant_analysis,1
least_absolute_shrinkage_and_selection_operator,1
linear_discriminant_analysis,1
binge_eating_disorder,1
thermographic_camera,1
thermal_energy,1
heat_storage,1
optical_and_thermal_property,1
equivalent_thermal_circuit,1
melting_and_crystallization,1
metallurgy,1
photo_thermal_technique,1
soda_lime_silicate_glass,1
one_dimensional_model,1
natural_polymer,1
ludwigia_octovalvis_extract,1
camellia_sinensis,1
esterase_inhibitor,1
thin_layer_chromatography,1
cosmology,1
dilaton_field,1
purification,1
ludwigia_octovalvis,1
alpha_glucosidase_inhibitor,1
isoorientin,1
tetrahydrolipstatin,1
competitive_inhibition,1
acetic_acid_ethyl_ester,1
feeding_and_eating_disorder,1
bulimia,1
behavior_disorder_assessment,1
psychometrics,1
confirmatory_factor_analysis,1
psychometry,1
eating_disorder,1
reduced_nicotinamide_adenine_dinucleotide_phosphate_oxidase,1
blood_vessel,1
university_student,1
internal_consistency,1
validation_process,1
construct_validity,1
diagnostic_value,1
anorexia_nervosa,1
eating_disorder_examination_questionnaire,1
four_dimension,1
higher_dimension,1
scale_factor,1
theory_of_gravity,1
compactification,1
hidden_symmetry,1
dimensional_model,1
structural_response,1
frame_structure,1
dynamic_linear,1
dynamic_response,1
anisotropy,1
time_dependent,1
scalar_field,1
"mitochondria,_muscle",1
"muscle,_smooth,_vascular",1
smooth_muscle_cell,1
arterial_remodeling,1
pathogenic_mechanism,1
nadph_oxidase,1
alpha_actin,1
muscle_mitochondrion,1
cyclophilin_a,1
"promoter_regions,_genetic",1
spermatogonium,1
cyclic_amp_responsive_element_modulator,1
calcium_channel,1
cyclic_amp_responsive_element_binding_protein_a,1
myosin_light_chain,1
aortic_smooth_muscle_cell,1
vascular_smooth_muscle_cell,1
vascular_smooth_muscle,1
hyperleptinemia,1
abdominal_obesity,1
"myocytes,_smooth_muscle",1
hyperinsulinemia,1
caldesmon,1
shaking_table_experiment,1
energy_dissipation,1
decomposition_temperature,1
combining_rule,1
hydrate,1
interaction_energy,1
clathrates,1
coordination_number,1
linear_elastic_response,1
elastic_property,1
linear_elastic,1
equivalent_viscous_damping,1
dynamic_linear_elastic_response,1
measurement_of,1
genetic_transcription,1
cyclic_amp_response_element_binding_protein,1
gene_overexpression,1
cyclic_amp_responsive_element_modulator_tau,1
kinetic_modeling,1
y_zeolite,1
photoelectrocatalytic_activity,1
ultraviolet_irradiation,1
surface_chemical_composition,1
open_circuit_potential_measurement,1
aircraft_engine_manufacture,1
sequence_deletion,1
cyclic_amp_responsive_element_binding_protein,1
gene_deletion,1
"transcription,_genetic",1
luciferase_assay,1
agricultural_land,1
poverty,1
sample_size,1
dairying,1
temperature_window,1
fixed_bed_reactor,1
byproduct,1
environmental_technology,1
biological_control,1
control_framework,1
model_uncertainty,1
dft_theoretical_study,1
hydrodesulfurization_catalyst,1
support_interaction,1
niws,1
rotational_microrheology,1
mechanical_response,1
steam_cracking,1
ethene,1
oxidative_dehydrogenation_reaction,1
extraction_yield,1
structural_characteristic,1
photocurrent_transient,1
oxide_film,1
atomic_composition,1
interlayer_anion,1
negative_ion,1
kinetic_monte_carlo,1
divalent_cation,1
anionic_transport,1
electronegativity,1
trivalent_cation,1
anion_diffusion,1
gracilaria,1
gracilaria_cornea,1
gracilaria_ferox,1
steel_concrete_composite,1
concrete_cracking,1
flexural_rigidity,1
concrete,1
phenotypic_plasticity,1
gracilariaceae,1
type_specimen,1
histone_acetylation,1
mismatch_repair_protein,1
dna_methylation_assay,1
dna_replication,1
cell_proliferation_assay,1
pretreatment_technique,1
granule_structure,1
parenchyma_cell,1
ultrasound_assisted_extraction,1
pea_protein,1
anomalous_diffusion,1
linear_analysis,1
mathematical_operator,1
root_locus,1
non_fickian,1
jicama,1
stiffness,1
geometric_and_material_property,1
elastic_analysis,1
composite_column,1
composite,1
loading_condition,1
concrete_crushing,1
building_structure,1
design_of_building,1
displacement_profile,1
vertical_axis,1
asymmetric_distribution,1
equivalent_frame_method,1
simplified_method,1
recruitment,1
population_modeling,1
flexure,1
turbidity,1
hydrodynamic_diameter,1
chemical_and_physical_property,1
ternary_soluble_complex,1
ternary_complex,1
delivery_system,1
pea_protein_isolates,1
mesquite_gum,1
backstepping_controller,1
state_dependent,1
backstepping,1
vibration_mode,1
frequency_estimation,1
harmonic_analysis,1
damping_estimation,1
harmonic_component,1
fractional_dynamic,1
bode_diagram,1
fractional_calculus,1
displacement_based_design,1
lateral_displacement,1
equivalent_frame,1
wall_with_opening,1
symmetric_distribution,1
laser_ablation_in_liquid,1
nanostructures,1
graphene_layer,1
ultrasonic_excitation,1
spherical_nanoparticles,1
transmission_electron,1
beta_cyclodextrins,1
melatonin,1
beta_cyclodextrin,1
fish_culture,1
arbitrary_potential,1
back_stepping_control,1
exponential_convergence,1
convergence_behavior,1
zero_solution,1
morse_potential,1
acidity_constant,1
opuntia,1
soil_vegetation_interaction,1
deciduous_forest,1
soil_organic_matter,1
soil_respiration,1
mulching,1
soil_fertility,1
coniferous_forest,1
real_time_estimation,1
parameter_estimator,1
voltage_and_current_waveform,1
frequency_oscillation,1
photoluminescence_measurement,1
deionized_water,1
ultrasonic_field,1
recycled_glass_aggregate,1
waste_glass,1
construction_industry,1
fresh_state,1
cephalosporin_derivative,1
drug_administration_schedule,1
lysostaphin,1
drug_administration,1
coagulase,1
spectrophotometric_determination,1
formation_constant,1
straightforward_technique,1
inclusion_complex,1
vi_spectrophotometry,1
beta_cyclodextrin_derivative,1
voltammetric_study,1
injection,1
construction_sector,1
current_problem,1
economic_benefit,1
microscopic_length_scale,1
polysaccharide_solution,1
feedback_approach,1
intuitive_control,1
non_linear_model,1
cascade_control_system,1
feedback,1
activation_temperature,1
high_dimensional,1
unconstrained_optimization_problem,1
mortar,1
air_content,1
corrosion_inhibition_efficiency,1
design/methodology/approach,1
inhibitor_concentration,1
quinolone_derivative,1
veterinary,1
"mammary_glands,_animal",1
intramammary_drug_administration,1
ceftiofur,1
bovine_mastitis,1
cephalosporin,1
fluoroquinolones,1
holstein_friesian_cattle,1
"infusions,_parenteral",1
"mastitis,_bovine",1
bacteriology,1
somatic_cell,1
tumor_necrosis_factor_blood_level,1
permeability,1
gamma_interferon_blood_level,1
microfilament_protein,1
parenteral_drug_administration,1
udder,1
spectramast,1
mitochondrial_dna,1
bayes_theorem,1
gadiformes,1
"databases,_genetic",1
"dna,_mitochondrial",1
corrosion_inhibition,1
benzimidazoles,1
corrosion_problem,1
petroleum_industry,1
medicago_sativa,1
tph_concentration,1
total_petroleum_hydrocarbon,1
hydrocarbon_degradation,1
biohazard,1
electrochemical_impedance_spectroscopy_technique,1
corrosion_inhibitor,1
autacoid,1
calcium_binding_protein,1
regulatory_mechanism,1
membrane_permeability,1
actin_binding_protein,1
blood_brain_barrier,1
systemic_disease,1
inflammation_mediator,1
sleep_parameter,1
mesenchyme_cell,1
cell_population,1
brain_depth_stimulation,1
perfusion_weighted_imaging,1
emergency_treatment,1
photosynthesis,1
carbon_dioxide_fixation,1
microalgae,1
environment,1
light_intensity,1
bubble_column_reactor,1
methanotrophs,1
liquid_methane,1
poly_hydroxyalkanoate,1
bubble_column,1
biochemical_engineering,1
equipment_and_supply,1
brain_circulation,1
perfusion,1
stroke,1
carotid_artery,1
gadobutrol,1
sustainable_technology,1
remediation,1
petroleum_chemistry,1
biological_treatment,1
composting_process,1
lubricating_oil,1
mesoderm,1
tooth_papilla,1
primordial_odontogenic_tumor,1
epithelial_mesenchymal_transition,1
rating_scale,1
blepharoplasty,1
thrombocyte_rich_plasma,1
two_tailed_test,1
eyelid_reconstruction,1
scar,1
platelet_rich_plasma,1
clinical_effectiveness,1
translational_research,1
nerve_stimulation,1
yorkshire_pig,1
brain_blood_flow,1
magnetic_stimulation,1
facial_nerve,1
cerebrovascular_circulation,1
patient_safety,1
renewable_energy_source,1
renewable_energy_resource,1
sustainable_assessment,1
energy_use,1
aurantiin,1
ultrasound_pre_treatment,1
agroindustry,1
glucuronide,1
lignocellulosic_biomass,1
magnetic_resonance_angiography,1
magnetics,1
adverse_event,1
patient_reported_outcome,1
eyelid_disease,1
rank_sum_test,1
patient_and_observer_scar_assessment_scale,1
agro_industrial_residue,1
pretreatment_method,1
astragalin,1
inulinases,1
industrial_production,1
ferulic_acid,1
caftaric_acid,1
myricetin,1
gallocatechin,1
kaempferol_derivative,1
vanillic_acid,1
sustainable_resource,1
sustainable_society,1
green_and_sustainable_chemistry,1
sustainable_process,1
deleterious_effect,1
hydrolase,1
salicylic_acid,1
rutoside,1
phlorizin,1
rosmarinic_acid,1
hesperidin,1
monocotyledon,1
luteolin,1
gallocatechin_gallate,1
agave_durangensis,1
mtt_assay,1
hydroxybenzoic_acid,1
epicatechin_gallate,1
lignocellulose,1
physico_chemical_composition,1
kaempferol_rhamnoside,1
body_fat,1
alanine_aminotransferase,1
coleoptera,1
aspartate_aminotransferase,1
pancreas,1
strong_interaction,1
confined_molecule,1
sorption_property,1
mof_material,1
covalent_interaction,1
chemical_potential_difference,1
leaf,1
beta_fructofuranosidase,1
quercetin_glucuronide,1
sinapic_acid,1
linarin,1
tissue_extract,1
fat_body,1
beetle,1
ulomoides_dermestoides_extract,1
efficient_algorithm,1
higher_dimensional,1
unconstrained_optimization,1
continuous_unconstrained_optimization,1
algorithm_for_solving,1
original_algorithm,1
heuristic,1
benchmark_problem,1
cross_linked_polymer,1
anisotropic_colloid,1
catalytic,1
zirconium_alloy,1
supercritical_carbon_dioxide,1
modified_montmorillonite,1
glycolipids,1
ceramides,1
reacting_specie,1
nitration,1
charge_transfer_model,1
chemical_potential,1
chemical_descriptor,1
electron_transfer,1
staphylococcus_epidermidis,1
alpha_hemolytic_streptococcus,1
dog,1
non_inferiority_trial,1
"drug_resistance,_bacterial",1
hypoglycemia,1
gold_standard,1
criminal_event,1
linguistic_information,1
internal_surface,1
conjunctivitis,1
enterobacter_cloaca,1
ophthalmic_solution,1
corynebacterium,1
sulfacetamide,1
corynebacterium_xerosis,1
eye_drop,1
drug_formulation,1
corynebacterium_afermentans,1
oftacilox,1
clay_mineral,1
ceramide_derivative,1
multiscale,1
fluid_flow,1
priori_parameter_estimation,1
micro_scale_structure,1
glycosidation,1
stereoselectivity,1
efficient_synthesis,1
isoglobotrihexosylceramide,1
stannyl_ceramide_derivative,1
superacid,1
high_yield,1
supercritical_fluid_extraction,1
event_recognition,1
fine_grained,1
public_security,1
linguistic_analysis,1
preoptic_area,1
estrogen_receptor_alpha,1
prolactin_blood_level,1
progesterone_receptor_b,1
nanoparticle_network,1
xps_characterization,1
nosocomial_infection,1
copper_complex,1
medical_nanotechnology,1
electronic_paramagnetic_resonance,1
vi_spectroscopy,1
bactericide_effect,1
industrial_research,1
tcat,1
saturated_medium,1
determination_of_model_parameter,1
anisotropic_medium,1
closure_approximation,1
air_navigation,1
porous_medium,1
reaction_scheme,1
crystallographic_structure,1
ternary_alloy,1
material_structure,1
uric_acid,1
green_function,1
single_phase_flow,1
saturated_porous_medium,1
thermodynamically_constrained_averaging_theory,1
transport_property,1
prolactin,1
estradiol_blood_level,1
gonadal_steroid_hormone,1
progesterone_receptor_a,1
estrogen_receptor_beta,1
hypothalamus,1
progesterone_blood_level,1
vincristine,1
double_blind_method,1
acute_myeloid_leukemia,1
proof_of_concept,1
oral_mucositis,1
disease_severity_assessment,1
acute_leukemia,1
drug_safety,1
placebo,1
acute_lymphoblastic_leukemia,1
inverse_problem,1
waste_management,1
chemical_weathering,1
daunorubicin,1
leukemia,1
acute_hybrid_leukemia,1
induction_chemotherapy,1
erythrocyte_count,1
doxycycline_hyclate,1
oral_mucositis_assessment_scale,1
cytarabine,1
dexamethasone,1
double_blind_procedure,1
stomatitis,1
homogeneous_distribution,1
fluorinated_hydrocarbon,1
osteoblast_cell,1
multivariable_analysis,1
ageing_process,1
norflurane,1
nanowhiskers,1
"hydrocarbons,_fluorinated",1
green_chemistry,1
lactic_acid_fermentation,1
green_chemistry_technology,1
nanocomposite,1
chitin_nanowhiskers,1
nanocomposite_film,1
acidic_hydrolysis,1
penaeidae,1
compressed_fluid,1
candida,1
magdalena_river_[colombia],1
tonic_seizure,1
drug_resistant_epilepsy,1
dizziness,1
freshwater_environment,1
n_methylpyrrolidone,1
coexisting_phasis,1
ionic_liquid_solvent,1
hexafluorophosphates,1
nonpolar_liquid,1
ionic_liquid,1
sensory_analysis,1
wood_product,1
wood_chip,1
descriptor,1
sensory_profile,1
wine_ageing,1
ohmic_resistance,1
dielectric_property,1
electrochemical_performance,1
consumer_preference,1
lamotrigine,1
somnolence,1
transcranial_direct_current_stimulation,1
frontal_cortex,1
valproic_acid,1
nervousness,1
seizure_frequency,1
tonic_clonic_seizure,1
fear,1
carbamazepine,1
menstruation,1
cortical_dysplasia,1
discrete_system,1
linear_controller,1
time_controller,1
clonic_seizure,1
butterfly,1
descriptive_geometry,1
rapid_prototyping,1
tensegrities,1
three_dimensional_network,1
rayon,1
floating_structure,1
cylinder,1
tensegrity_system,1
non_active_anode,1
electrocatalysis,1
ohmic_contact,1
artificial_neural_network,1
heterogeneous_reaction,1
electrochemical_system,1
fractional_order_kinetics,1
kinetic_control,1
iridium_compound,1
boron_doped_diamond_electrode,1
boolean_function,1
robustness,1
system_stability,1
boundary_crossing,1
polynomial_approach,1
robust_stability,1
exclusion_principle,1
lti_system,1
linear_control_system,1
lead_compound,1
dysprosium,1
sodium_alloy,1
electromagnetic_wave_absorption,1
photoluminescence_excitation,1
discrete_time_control_system,1
signal_behavior,1
electro_encephalogram,1
bioelectric_phenomenon,1
biomedical_signal_processing,1
exponential_forgetting,1
physiological_activity,1
linear_function,1
functional_error,1
non_stationary_characteristic,1
stochastic_signal,1
puma_concolor,1
dietary_overlap,1
felidae,1
nature_society_relation,1
specie_conservation,1
wild_population,1
niche_breadth,1
equivalent_circuit,1
frequency_response,1
electrode_surface,1
reaction_process,1
butler_volmer_equation,1
judd_ofelt_theory,1
light_absorption,1
decay_life_time,1
dysprosium_alloy,1
placenta,1
tissue_scaffold,1
extracellular_matrix,1
durapatite,1
cold,1
acetylation,1
cacao_pod_husk_pectin,1
whey_protein_hydrolysate,1
non_exponential_behavior,1
ground_state,1
spectral_characteristic,1
luminescence_property,1
excited_state,1
lithium_alloy,1
hunting,1
prey_preference,1
lithium_titanate,1
microspheres,1
anode_material,1
semiconductor_doping,1
komagataella_pastoris,1
cell_aggregation,1
glycerol_concentration,1
microscopic_technique,1
collagen,1
high_temperature_processing,1
mineralogy,1
bone_and_bone,1
bioceramics,1
cold_temperature,1
osteoblast_mineralization,1
bone_tissue_engineering,1
visible_region,1
s_doped,1
visible_light,1
localized_state,1
c_doping,1
chemical_activation,1
light_radiation,1
oxygen_vacancy,1
adsorption_dynamic,1
polyethylene,1
secondary_battery,1
solvothermal,1
electrochemical_measurement,1
electric_battery,1
conductivity_measurement,1
iron_doping,1
uranium_compound,1
continuous_wave,1
holmium_compound,1
infrared_radiation,1
solvent_evaporation_technique,1
layered_structure,1
laser_excitation,1
sem_observation,1
phosphor_content,1
harmonic_potential,1
cell_density,1
pichia_pastoris,1
fungus_culture,1
fungal_cell,1
aerobic_fermentation,1
conduction_band,1
hubbard,1
two_way,1
cie_coordinate,1
luminescence_characteristic,1
predictive_value,1
disease_assessment,1
cell_communication,1
hyperuricemia,1
doppler_ultrasonography,1
"ultrasonography,_doppler",1
enthesopathy,1
asymptomatic_disease,1
synovitis,1
musculoskeletal_disease,1
estimated_glomerular_filtration_rate,1
engineering_application,1
plationus_patulus,1
general_expression,1
extensional_flow,1
linear_flow,1
solid_body_rotation,1
currency_market,1
manufacturing,1
export,1
econometrics,1
cointegration_analysis,1
exchange_rate,1
labor_productivity,1
regio_selective,1
squaric_acid,1
n_methylation,1
synthetic_strategy,1
visual_representation,1
alkylation,1
marine_sponge,1
secondary_metabolite,1
heterocycle,1
lethality,1
toxicity_testing,1
brachionus,1
triclosan,1
sensitivity_analysis,1
"toxicity_tests,_chronic",1
ppcp,1
sublethal_effect,1
aquatic_ecosystem,1
life_table,1
plant_reproduction,1
genetic_susceptibility,1
"akna_protein,_human",1
"toxicity_tests,_acute",1
brachionus_havanaensis,1
ecotoxicology,1
madagascar,1
land_market,1
legal_system,1
rural_landscape,1
upland_region,1
certification,1
land_right,1
dendrograms,1
large_amount,1
information_visualization,1
semi_automatic_generation,1
intestine_flora,1
tetracycline,1
latent_semantic_analysis,1
visualization,1
knee_osteoarthritis,1
rheumatic_disease,1
genetic_association,1
akna_gene,1
genetic_code,1
leukocyte_count,1
nuclear_protein,1
disease_predisposition,1
immunoregulation,1
disease_course,1
dna_binding_protein,1
"osteoarthritis,_knee",1
fungicide,1
fusarium_solani,1
nuclear_power_plant,1
bwr_stability,1
real_time_control,1
novel_methodology,1
complex_response,1
nuclear_fuel,1
fission_energy,1
real_time_implementation,1
multivariate_empirical_mode_decomposition,1
unstable_behavior,1
boiling_water_reactor,1
salmonella_enterica,1
lactobacillus_brevis,1
intestine,1
butanediol,1
phthalic_acid_bi_ester,1
phthalic_acid,1
half_life,1
"drug_evaluation,_preclinical",1
preclinical_study,1
carp,1
fish_disease,1
bacteriocinogenic_lactic_acid_bacterium,1
hemolysis,1
penicillin_g,1
aquaculture,1
gelatinase,1
geotrichum_candidum,1
copper_oxide_nanoparticle,1
penicillium_chrysogenum,1
bi_sensitivity_to_initial_condition,1
source_of_uncertainty,1
one_dimensional,1
deterministics,1
cellular_parameter,1
saccharomyces_cerevisiae,1
lolium,1
long_range_correlation,1
sliding_window,1
work_study,1
asymmetry,1
price_return,1
diethylhexyl_phthalate,1
plasticizer,1
half_life_time,1
acetic_acid,1
mucous_membrane,1
virus_transmission,1
hiv_infection,1
high_risk_patient,1
gout,1
circulating_microrna,1
colchicine,1
uric_acid_blood_level,1
bone_erosion,1
viral_clearance,1
mucosa,1
oropharynx,1
hairy_leukoplakia,1
persistent_virus_infection,1
mouth_mucosa,1
hyper_chaotic_sequence,1
chaotic_system,1
closed_form_expression,1
evolution_law,1
sensitivity_to_initial_condition,1
self–ruling_system,1
frameshift_mutation,1
newborn_screening,1
homozygosity,1
heterozygosity,1
sanger_sequencing,1
san_luis_potosi,1
genetic_counseling,1
potential_source,1
base_metal,1
citrate,1
citrate_destruction,1
neodymium_compound,1
base_metal_citrate_leaching,1
electronic_waste,1
copper_leaching,1
metal_leaching,1
lead_leaching,1
citrate_solution,1
degradation_kinetics,1
effect_of_temperature,1
e_wastes,1
chemical_reaction_kinetics,1
speech,1
hmm_based_system,1
synthetic_voice,1
deep_learning,1
unit_selection_approach,1
proton_magnetic_resonance_spectroscopy,1
long_short_term_memory,1
linguistic_style,1
post_filtering,1
objective_measure,1
hidden_markov_model,1
lstm,1
hmm_based_speech_synthesis,1
speech_synthesis,1
deep_neural_network,1
double_emulsion,1
synthetic_surfactant,1
integrated_circuit,1
droplet_size_analysis,1
whey_protein_concentrate,1
protein_polysaccharide_complex,1
immunoassay,1
labor,1
near_infrared_luminescence,1
quenching,1
fiber_amplifier,1
ftir,1
infrared_device,1
optical_fiber_fabrication,1
solid_state_laser,1
barium_compound,1
raman,1
cinnamaldehyde,1
pd_catalyst,1
fast_fourier_transforms,1
selective_hydrogenation,1
pd_nano_particle,1
suckling_lamb,1
fatty_acid_composition,1
monounsaturated_fatty_acid,1
host_guest_complexations,1
calixarene,1
theoretical_investigation,1
platinum_complex,1
biologically_active_compound,1
interaction_free_energy,1
drug_delivery,1
stability_constant,1
solution_and_solubility,1
amphiphilic_structure,1
calixarenes,1
organoplatinum_compound,1
nedaplatin,1
decision_making_function,1
transmission_parameter,1
neural_network_model,1
operational_parameter,1
b_cell_activating_factor,1
hip_circumference,1
active_labor,1
muscle_contraction,1
abdominal_circumference,1
myometrium,1
electrohysterography,1
multiplex_immunoassay,1
hysterography,1
meat_quality,1
control_group,1
grape_pomace,1
sensory_quality,1
polyunsaturated_fatty_acid,1
fatty_acid_profile,1
allopurinol,1
predictive_value_of_test,1
joint,1
enzyme_induction,1
proto_oncogene_protein_c_myc,1
protein_kinase_inhibitor,1
slow_wave_sleep,1
muscle_tone,1
polysomnography,1
corticosterone_blood_level,1
multiresolution_analysis,1
orthogonal_subcarriers,1
orthogonal_frequency_division_multiplexing,1
orthogonal_frequency_division_multiplexing_system,1
radio_system,1
cognitive_system,1
radio_transmission,1
spectral_efficiency,1
band_width_utilization,1
kernel,1
bipartite_tournament,1
simple++,1
perfect_graph,1
semicomplete_digraph,1
kernel_perfect_digraph,1
directed_graph,1
locally_in_/out_semicomplete_digraph,1
asymmetric_arc_locally_in_/out_semicomplete_digraph,1
reduce_cost,1
social_medium,1
cnn_representation,1
visual_author_profiling,1
computer_forensics,1
information_use,1
gender_identification,1
gluten_free_food,1
cooky,1
glycaemic_index,1
bakery_product,1
textural_characteristic,1
creatine_kinase,1
"sheep,_domestic",1
hot_temperature,1
body_temperature,1
motor_vehicle,1
stigma,1
ovary_follicle,1
domestic_sheep,1
riemannian_manifold,1
time_variance,1
brownian,1
overdamped,1
evolutionary_approach,1
hypervolume_indicator,1
selection_procedure,1
bench_mark_test_problem,1
indicator_based_emoas,1
evolutionary_multi_objective_algorithm,1
hypervolume_contribution,1
adaptive_resource_allocation,1
in_rush_current,1
many_objective_optimization,1
travel_time,1
failure_analysis,1
steady_state_current,1
electric_fault_current,1
transformer,1
fault_detection,1
transient_current,1
power_quality,1
empirical_mode_decomposition,1
blastocyte,1
rhode_island,1
hen,1
deep_sedation,1
index_finger,1
ovarian_follicle,1
calathea_zebrina,1
ginger,1
sex_determination,1
postoperative_pain,1
traction_therapy,1
tramadol,1
"pain,_postoperative",1
reference_value,1
"financing,_government",1
medical_research,1
biomedical_research,1
combinatorial_problem,1
combinatorial_optimization_problem,1
nondominated_solution,1
pickup_and_delivery_problem,1
transportation_industry,1
rhodopsin,1
octopus_maya,1
optimization_problem,1
transportation_route,1
combinatorial_optimization,1
multi_objective_evolutionary_algorithm,1
pickup,1
cadherins,1
cadherin,1
tumor_recurrence,1
tumor_classification,1
uvomorulin,1
cell_adhesion_molecule,1
flower_morphology,1
gene_control,1
zingiberales,1
calamus_length,1
gill_count,1
costus_spicatus,1
orchidantha_fimbriata,1
musa_bajsoo,1
dichorisandra_thyrsiflora,1
canna,1
puma,1
jaguar,1
vegetation_dynamic,1
scraping_behavior,1
belize,1
animal_structure,1
muscle_biopsy,1
normal_sucker_diameter,1
genetic_distance,1
sex_characteristic,1
pollinator,1
spermatophore_length,1
octopus_bimaculatus,1
mantle_width,1
enlarged_sucker_diameter,1
hectocotylized_arm_sucker_count,1
ligula_length,1
funnel_length,1
terminal_organ_length,1
octopus,1
genetic_identification,1
octopus_insularis,1
head_width,1
cytochrome_c_oxidase,1
spermatophore_width,1
prosopis,1
plant_gum,1
morphological_trait,1
octopus_vulgaris,1
mitochondrial_gene,1
octopus_mimus,1
pallial_aperture,1
octopus_bimaculoides,1
mantle_length,1
eye_lens_diameter,1
dimorphism,1
mediterranean_region,1
iberian_peninsula,1
syrphidae,1
sexual_characteristic,1
polymorphism,1
anti_apoptotic_effect,1
transplantation,1
metallothionein_ii,1
damage,1
pollen_limitation,1
reflectance,1
narcissus,1
narcissus_papyraceus,1
fly,1
flowering,1
narcissus_pseudonarcissus,1
strait_of_gibraltar,1
seed_production,1
moth,1
southern_europe,1
plant_mucilage,1
sham_procedure,1
metallothionein_i,1
inbreeding,1
digestive_system_disorder,1
viral_disease,1
heritability,1
prosopis_gum,1
plasma_application,1
acid_strength,1
dielectric_barrier_discharge_reactor,1
turnover_frequency,1
catalyze_reaction,1
plasma_configuration,1
dielectric_material,1
catalytic_potential,1
recovery_of_function,1
processing,1
traumatic_brain_injury,1
increment,1
tunel_assay,1
protein_tyrosine_kinase,1
myc_protein,1
dasatinib,1
focal_adhesion_kinase,1
urate,1
protein_kinase_lyn,1
cancer_combination_chemotherapy,1
drug_sensitivity,1
surgical_procedure,1
destructive_mechanism,1
rope,1
neurological_deficit,1
resonant_energy_transfer,1
color_temperature,1
disease_resistance,1
shrimp_culture,1
hatchery,1
phthalimides,1
pyridones,1
falipamil,1
pyridone_derivative,1
acylation,1
phthalimide_derivative,1
low_ionic_strength,1
charged_particle,1
static_structure_factor,1
drug_mixture,1
light_scattering_measurement,1
natural_selection,1
apoidea,1
charged_colloidal_suspension,1
hypernetted_chain_closure,1
depletion_attraction,1
electrostatics,1
scattering_vector,1
effective_interaction,1
quasi_experimental_study,1
proton_induced_x_ray_emission,1
x_ray,1
linear_regression_analysis,1
rural_area,1
manganese_blood_level,1
germanium_oxide,1
energy_transfer_process,1
morales_ramis_theory,1
non_integrability,1
profile_analysis,1
dipole_interaction,1
introduced_specie,1
datura_stramonium,1
sphingidae,1
native_specie,1
fitness,1
reproductive_success,1
autogamy,1
weed,1
inbreeding_depression,1
invasive_specie,1
mediterranean_environment,1
generalist,1
caesalpinia,1
longissimus_thoracis,1
kinetin,1
multiple_cycle,1
reversible_sorption,1
acid_gas_capture,1
solid_adsorbent,1
sorption_performance,1
high_relative_humidity,1
air_purification,1
activated_material,1
physical_adsorption,1
coprecipitation_method,1
coprecipitation,1
three_parameter,1
dynamical_system,1
added_value,1
functional_food,1
mammary_gland,1
integrability,1
hamiltonians,1
legendre,1
number_theory,1
differential_galois_theory,1
regular_motion,1
animal_food,1
diet_therapy,1
dietary_supplement,1
fatty_acid_analysis,1
lamb_meat,1
caesalpinia_coriaria,1
animal_feed,1
macrouridae,1
finfish,1
pollution,1
culture_technique,1
benzofuran,1
pentacyclic_triterpenes,1
benzofuran_derivative,1
pentacyclic_triterpene,1
naphthaleneacetic_acid,1
arylacetic_acid_derivative,1
tetradecanoylphorbol_acetate,1
cell_culture_technique,1
ageratina,1
ear,1
secondary_metabolism,1
milk_fat,1
simultaneous_estimation,1
computational_simulation,1
social_network,1
conjugated_linoleic_acid,1
cheese_yield,1
cheese_making,1
tropic,1
fat_concentration,1
traditional_cheese,1
shape,1
australia,1
abnormality,1
gadoid,1
south_africa,1
tripterygiidae,1
mugilidae,1
microbial_contamination,1
clostridium_perfringens,1
honey,1
oncogene_c_myc,1
cognitive_impairment,1
inhibitory_mechanism,1
fluorescent_assay,1
inhibitory_effect,1
aluminum_silicate,1
microbiological_examination,1
gram_staining,1
effectiveness_and_efficiency,1
b_spline_neural_network,1
shunt_dc_motor,1
torque_estimation,1
adaptive_control,1
educational_status,1
cultural_factor,1
medline,1
work_environment,1
marriage,1
semantic_web,1
social_support,1
world_health_organization,1
employment_status,1
systematic_review,1
data_mining,1
social_aspect,1
social_determinant_of_health,1
discourse_analysis,1
"data_interpretation,_statistical",1
cardiovascular_risk,1
detailed_model,1
multiscale_modeling,1
photocatalytic_reactor,1
glass_tube,1
optical_response,1
optical_performance,1
photoreactors,1
catalyst_film,1
shear_rate,1
surface_characteristic,1
elemental_analysis,1
"serum_albumin,_bovine",1
"chemistry,_physical",1
traumatic_spinal_cord_injury,1
magnetic_levitation_vehicle,1
polypyrrole,1
microinjection,1
motor_dysfunction,1
experimental_animal,1
neuroprotective_effect,1
albuminoid,1
rat_serum_albumin,1
bovine_serum_albumin,1
functional_status,1
albumin,1
long_evans_rat,1
protein_interaction,1
combined_treatment,1
functional_recovery,1
"rats,_long_evans",1
body_fluid,1
surface_plasmon_resonance,1
oscillometry,1
recovery,1
validation_study,1
receiver_operating_characteristic,1
"ultrasonography,_prenatal",1
fetus_brain,1
spatial_compounding,1
echoencephalography,1
fetal_monitoring,1
speckle_reduction,1
fetus_echography,1
composition_method,1
contrast_to_noise_ratio,1
posterior_probability,1
probabilistic_spatial_compounding,1
support_vector_machine,1
image_fusion,1
"image_processing,_computer_assisted",1
cerebral_structure,1
brain_tissue,1
"imaging,_three_dimensional",1
quantitative_evaluation,1
spatial_composition,1
glucose_intake,1
glucose_transport,1
fusarium_culmorum,1
flow_rate,1
dissolved_organic_carbon,1
silver_nanoparticles,1
silver_alloy,1
silver_compound,1
electron_hole_pair,1
recombination_rate,1
gadolinium_alloy,1
photo_induced_charge,1
chlorogenic_acid,1
catharanthus_roseus_extract,1
beta_actin,1
chromatography,1
polyphenol,1
fixed_bed_column,1
acidic_condition,1
charge_delocalization,1
chromium_adsorption,1
intra_particle_diffusion,1
vinylpyridine,1
electrostatic_attraction,1
intermolecular_interaction,1
microporous_metal_organic_framework,1
enhancement_effect,1
molecular_simulation,1
drier,1
adsorption_mechanism,1
thin_film_solar_cell,1
optical_and_electrical_property,1
physical_property,1
tin_compound,1
characterization_technique,1
grain_boundary_barrier,1
czts_thin_film,1
solar_cell,1
solar_cell_application,1
structural_and_morphological_property,1
spray_pyrolysis_technique,1
transmittance_and_reflectance,1
linezolid,1
minocycline,1
tigecycline,1
ceftriaxone,1
ertapenem,1
nocardia,1
clavulanic_acid,1
rifampicin,1
nocardia_tenerifensis,1
nocardia_infection,1
copper_zinc_superoxide_dismutase,1
cefotaxime,1
pristinamycin,1
moxifloxacin,1
cefepime,1
amikacin,1
meropenem,1
tropism,1
nocardia_boironii,1
nocardia_iowensis,1
levofloxacin,1
nocardia_brasiliensis,1
nocardiosis,1
cefuroxime,1
imipenem,1
bacterial_skin_disease,1
vancomycin,1
nematic_columnar_transition,1
slab_geometry,1
nematic_liquid_crystal,1
isotropic_nematic_transition,1
transition_temperature,1
discotic_liquid_crystal,1
infinite_system,1
ruminant,1
excretion,1
design,1
food_supplementation,1
dilution,1
perovskite_solar_cell,1
x__ray_diffraction,1
optical_data_processing,1
solgel,1
simulated_sunlight,1
bismuth_titanate,1
bismuth_compound,1
growth,1
online_monitoring,1
ellagitannins,1
absorption_lag_time,1
acid_production,1
retention_time,1
tandem_mass_spectrometry,1
fungal_growth,1
supplementation,1
ellagitannin,1
electrospray_mass_spectrometry,1
punicaceae,1
pomegranate,1
world_wide_web,1
enzyme_assay,1
ellagitannase,1
lythraceae,1
exponential_phase,1
sensation,1
blood_analysis,1
auditory_evoked_potential,1
sensory_evoked_potential,1
"evoked_potentials,_auditory",1
nervous_system_electrophysiology,1
sensory_system,1
gender,1
autumn,1
antibody_formation,1
immunocompetence,1
homeostasis,1
weather,1
myotis,1
antibody_production,1
humoral_immunity,1
acute_stress,1
molecular_stability,1
oxygen_derivative,1
ruthenium_oxide,1
pechini_method,1
antimony_derivative,1
current_density,1
pyrrolidine_derivative,1
heterocyclic_compound,1
quantum_yield,1
tetrazole_derivative,1
oxindole,1
pictet_spengler_reaction,1
molecularly_targeted_therapy,1
phenylpropionates,1
clay,1
endocardium,1
heart_right_ventricle,1
growth_curve,1
aortic_vestibule,1
negibacteria,1
agar,1
potassium_derivative,1
anti_microbial_property,1
low_cost,1
siloxane,1
gram_positive_bacterium,1
potassium_compound,1
human_pathogen,1
gram_positive_bacteria,1
myosin,1
myocardium,1
focal_adhesion_protein_tyrosine_kinase,1
focal_adhesion_kinase_inhibitor,1
edetic_acid,1
listeria,1
environmental_mineral,1
saponite,1
posibacteria,1
calcite,1
antibiotic_resistant_bacteria,1
ferrous_ion,1
klebsiella_pneumonia,1
klebsiella_pneumoniae,1
ferroan_saponite,1
antimicrobial_activity,1
bacteriostasis,1
