words,count
metabolism,66
chemistry,41
mexico_[north_america],39
genetics,34
epidemiology,32
molecular_dynamic,28
mouse,25
synthesised,24
temperature,24
physiology,23
rat,22
adsorption,22
scanning_electron_microscopy,22
prevalence,21
fourier_transform_infrared_spectroscopy,21
ph,21
synthesis,20
protein_expression,19
body_mass,18
hydrogen_bond,18
risk_factor,18
energy,17
enzyme_activity,17
kinetics,17
simulation,16
x_ray_diffraction,16
obesity,15
molecular_docking,15
property,15
glucose,14
particle_size,14
mexico_city,14
performance,14
molecule,14
fermentation,14
antioxidant,14
oxidative_stress,14
gene_expression,14
cytotoxicity,14
density_functional_theory,13
pathology,13
microbiology,13
photocatalytic_activity,13
mortality,13
real_time_polymerase_chain_reaction,12
ion,12
reactive_oxygen_metabolite,12
titanium_dioxide,12
water,12
drug_therapy,12
escherichia_coli,12
carbon,12
carbon_dioxide,12
catalyst,11
western_blotting,11
catalysis,11
condition,11
plant_extract,11
hydrogen,11
]+_catalyst,11
concentration,11
body_weight,11
isolation_and_purification,11
classification,11
signal_transduction,11
dna_extraction,10
biomass,10
cell_survival,10
numerical_method,10
prediction,10
simple++,10
"child,_preschool",10
metalorganic_framework,10
questionnaire,10
antibacterial_activity,10
preschool_child,10
cohort_analysis,10
risk_assessment,10
copper,10
public_health,10
nitrogen,9
molecular_dynamic_simulation,9
polymerase_chain_reaction,9
atom,9
oxidation,9
cell_differentiation,9
phenotype,9
immune_response,9
cell_proliferation,9
fungi,9
psychology,9
bacterium,9
pregnancy,9
diabetes_mellitus,9
cell_viability,9
hypertension,9
flow_cytometry,9
protein,9
biodiversity,9
enzyme_linked_immunosorbent_assay,9
global_disease_burden,9
global_burden_of_disease,9
global_health,9
growth_rate,9
prospective_study,9
cognition,9
fluorescence,9
methane,9
bacterial_growth,9
chemical_structure,8
immunology,8
thermodynamics,8
hydrolysis,8
veterinary_medicine,8
complication,8
bioremediation,8
pandemic,8
bioreactors,8
antimicrobial_activity,8
numerical_model,8
life_expectancy,8
organic_solvent,8
federal_district_[mexico],8
phenol,8
metabolite,8
wistar_rat,8
mass_spectrometry,8
staphylococcus_aureus,8
tumor_necrosis_factor,8
cell_culture,8
triacylglycerol,8
x_ray_photoelectron_spectroscopy,7
analysis_of_variance,7
crystal_structure,7
oxygen,7
gas_chromatography,7
photoluminescence,7
energy_transfer,7
cytokine,7
urban_area,7
dynamic_simulation,7
quantum_theory,7
free_energy,7
histology,7
binding_site,7
diet,7
optimisation,7
me_xico,7
newborn,7
diagnosis,7
monte_carlo_method,7
"rats,_wistar",7
bioinformatics,7
water_pollution,7
messenger_rna,7
room_temperature,7
methanol,7
incidence,7
high_performance_liquid_chromatography,7
cytology,7
hydrogen_production,7
morphology,7
quantum_chemistry,7
molecular_structure,7
fluorescence_intensity,7
chemical_stability,7
sol,7
molar_ratio,7
quantum_optic,6
symbiosis,6
proton_nuclear_magnetic_resonance,6
sulfur_compound,6
x_ray_diffraction_analysis,6
desorption,6
microbial_diversity,6
chemical_composition,6
microbial_community,6
depression,6
antibiotic_resistance,6
dispersion,6
electrode,6
plant_leaf,6
plant_seed,6
in_vivo_study,6
drinking_water,6
antiinfective_agent,6
bacterium_culture,6
metal_organic_framework,6
anti_bacterial_agent,6
anthropometry,6
pathophysiology,6
molecular_docking_simulation,6
nuclear_magnetic_resonance_imaging,6
magnetic_resonance_imaging,6
plant,6
diagnostic_imaging,6
computer_simulation,6
non_insulin_dependent_diabetes_mellitus,6
soil,6
"infant,_newborn",6
systolic_blood_pressure,6
observational_study,6
virology,6
insulin_resistance,6
specie_richness,6
machine_learning,6
bacteria,6
ecosystem,6
confocal_microscopy,6
surface_property,6
brain,6
drug_solubility,6
physicochemical_property,6
thermostability,6
mtt_assay,6
antineoplastic_activity,6
cyclic_voltammetry,6
dose_response,6
minimum_inhibitory_concentration,6
parasitology,6
gene,6
bacterial_strain,6
very_elderly,6
diffusion,6
alkalinity,6
school_child,6
follow_up,6
perturbation_technique,6
zinc_alloy,5
degradation,5
carbon_source,5
nuclear_magnetic_resonance,5
starch,5
body_weight_gain,5
drug_release,5
software,5
peptide,5
structure_activity_relationship,5
human_immunodeficiency_virus_infection,5
bacteroidetes,5
sulfur,5
water_treatment,5
geometry,5
gas,5
cardiovascular_disease,5
zeta_potential,5
laplace_transforms,5
actinobacteria,5
pollutant_removal,5
rate_constant,5
glucose_blood_level,5
functionals,5
optical_,5
decision_making,5
neural_network,5
functionalized,5
recombinant_protein,5
"growth,_development_and_aging",5
fruit,5
particle_size_analysis,5
precipitation,5
binding_energy,5
therapy,5
immunoglobulin_a,5
schrodinger_equation,5
brownian_movement,5
binary_mixture,5
pre_treatments,5
charge_transfer,5
metformin,5
phylogeny,5
structure_activity_relation,5
hiv_infection,5
disease_control,5
nanoparticles,5
thermogravimetric_analysis,5
mortality_rate,5
upregulation,5
rna_extraction,5
specie_diversity,5
high_resolution_transmission_electron_microscopy,5
sensitivity_analysis,5
liquid,5
diastolic_blood_pressure,5
disability_adjusted_life_year,5
%_reduction,5
principal_component_analysis,5
socioeconomics,5
efficiency,5
promoter_region,5
polyacrylamide_gel_electrophoresis,5
biochemistry,5
apoptosis,5
dietary_supplement,5
reverse_transcription_polymerase_chain_reaction,5
computer_model,5
nuclear_magnetic_resonance_spectroscopy,5
density,5
antioxidant_activity,5
power,5
glutathione,5
sex_factor,5
antineoplastic_agent,5
ionic_liquid,5
wastewater_treatment,5
aging,5
gene_expression_regulation,5
electrolyte,5
dna_damage,5
fatty_acid,5
solvent,5
drug_analysis,5
hydrogen_peroxide,5
viscosity,5
activation_energy,5
central_nervous_system,5
data_analysis,5
reaction_kinetics,5
hematite,5
bioreactor,5
genotype,5
protein_conformation,5
biocompatibility,5
nonlinear_equation,5
systematic_review,5
area_under_the_curve,5
neutron,5
irradiation,5
carbon_nuclear_magnetic_resonance,5
receiver_operating_characteristic,5
acetylcholinesterase,5
diet_supplementation,5
"dose_response_relationship,_drug",5
peroxisome_proliferator_activated_receptor_gamma,5
climate_change,5
hemoglobin,5
genotyping,4
polynomial,4
comorbidity,4
antidiabetic_agent,4
two_dimensions,4
photon_correlation_spectroscopy,4
microbiome,4
boiling_water_reactor,4
metabolic_disorder,4
soliton,4
immunohistochemistry,4
food_intake,4
thermoregulation,4
"disease_models,_animal",4
methodology,4
environmental_protection,4
biofilm,4
physiological_stress,4
inflammation,4
municipal_solid_waste,4
cost,4
histopathology,4
disease_model,4
molecular_modeling,4
dipole_moment,4
trypanosoma_cruzi,4
sample_size,4
ascorbic_acid,4
photodissociation,4
conformation,4
sewage,4
metal_nanoparticles,4
catalyst_activity,4
mammal,4
binary_alloy,4
senescence,4
protein_structure,4
photolysis,4
photo_degradation,4
seasonal_variation,4
ground_motion,4
seismic_response,4
drug_efficacy,4
microscopy,4
sodium_chloride,4
equation_of_state,4
taxonomy,4
anaerobic_digestion,4
distribution_function,4
dipole,4
fractional_order,4
body_composition,4
blood_sampling,4
cisplatin,4
chlorine_compound,4
chelation,4
extraction,4
brain_function,4
energy_dispersive_spectroscopy,4
hippocampus,4
two_dimensional,4
seroprevalence,4
zinc,4
ultraviolet_visible_spectroscopy,4
exposed_to,4
amino_acid,4
fluoride,4
mouth_hygiene,4
perturbation_theory,4
digestion,4
pig,4
methanogenesis,4
electric_field,4
nanoparticle,4
zinc_compound,4
ammonia,4
ketamine,4
architectural_design,4
sulfur_dioxide,4
pharmaceutic,4
bioavailability,4
socioeconomic_factor,4
iron,4
benchmarking,4
regression_analysis,4
hydrophobicity,4
indigenous_population,4
forced_swim_test,4
agriculture,4
vegetation,4
dengue_virus,4
community_structure,4
air_quality,4
carbon_sequestration,4
image_analysis,4
transmission_electron_microscopy,4
entropy,4
bacterial_protein,4
photodegradation,4
bimetallics,4
ampicillin,4
immunoglobulin_g,4
mrna_expression_level,4
photocatalysts,4
cell_membrane,4
lithium_compound,4
kinetic_theory,4
biological_activity,4
cathode,4
reduction,4
genetic_transfection,4
nucleotide_sequence,4
risk_perception,4
heart_rate,4
memory,4
organometallics,4
fish,4
glass_membrane_electrode,4
particulate_matter,4
crystalline_material,4
sheep,4
larva,4
differential_gene_expression,4
aspartate_aminotransferase,4
creatinine,4
protein_purification,4
bacterium_isolation,4
salmonella_enterica_serovar_typhimurium,4
blood,4
microalga,4
protein_analysis,4
randomized_controlled_trial,4
cholesterol_blood_level,4
insulin,4
protein_phosphorylation,4
gentamicin,4
pioglitazone,4
predictive_value,4
atomic_emission_spectroscopy,4
immunofluorescence,4
lithium_ion_battery,4
quality_control,4
low_density_lipoprotein_cholesterol,4
lime,4
flavonoid,4
cotrimoxazole,4
sustainable_development,4
physisorption,4
polymer,4
swelling,4
lactation,4
energy_gap,4
survival,4
closed_form_expression,4
follitropin,4
g_protein_coupled_receptor,4
body_mass_index,4
follicle_stimulating_hormone,4
nutritional_assessment,4
enzymatic_hydrolysis,4
matlab,4
health_risk,4
propionic_acid,4
stability,4
outcome_assessment,4
stoichiometry,4
timing_circuit,4
volatile_fatty_acid,4
intestine_flora,4
prevotella,4
elemental_analysis,4
fractional_neutron_point_kinetic,4
encapsulation,4
proteobacteria,4
animal_food,4
mitochondrion,4
mass_fragmentography,4
thin_layer_chromatography,4
perovskite,4
laser_beam,4
algorithm,4
electronic_structure,4
hamiltonians,4
wave_function,4
methicillin_resistant_staphylococcus_aureus,4
clinical_evaluation,4
physical_chemistry,4
high_density_lipoprotein_cholesterol,4
lipid,4
exponential_function,4
reaction_rate,4
microbial_sensitivity_test,4
isotherm,4
drug_synthesis,4
photocatalysis,4
firmicutes,4
macrophage,4
zymography,4
"biodegradation,_environmental",4
genomic_dna,4
biodegradation,4
bovine,4
genetic_variability,4
differential_scanning_calorimetry,4
structural_frame,4
cattle,4
geographic_distribution,4
static_electricity,4
gene_frequency,4
doxorubicin,4
dry_matter_intake,3
health_care,3
gene_mutation,3
reactive_oxygen_specie,3
in_vitro,3
tablet_friability,3
nutritional_status,3
animal_behavior,3
synergistic_effect,3
expression_vector,3
cryopreservation,3
texture,3
mexican_people,3
drug_formulation,3
diclofenac,3
milk,3
cheminformatics,3
hypoglycemic_agent,3
co_catalyst,3
cobalt,3
drug_screening,3
biological_model,3
gene_regulatory_network,3
"models,_biological",3
mathematical_model,3
cellular_senescence,3
hexatic_phase,3
locomotion,3
malonaldehyde,3
drug_development,3
gene_expression_level,3
candida_albicans,3
oxide,3
energy_metabolism,3
chronoamperometry,3
environmental_temperature,3
ionization,3
dimer,3
chemical_oxygen_demand,3
north_american,3
north_american_people,3
porous_medium,3
lactic_acid,3
upscaling,3
down_syndrome,3
crystallinity,3
chemical_specie,3
magnetic_field,3
single_crystal,3
corrosion_resistance,3
microbial_degradation,3
hard_disc,3
age_distribution,3
insulin_sensitivity,3
health_education,3
ultraviolet_radiation,3
earthquake_event,3
genetic_algorithm,3
oral_glucose_tolerance_test,3
current,3
leukocyte_count,3
probability_density_function,3
boride_layer,3
uncertainty,3
bacillus,3
medicinal_chemistry,3
immunoglobulin_m,3
aluminum_compound,3
parkinson_disease,3
aquatic_environment,3
adsorption_performance,3
urbanization,3
surgical_technique,3
low_costs,3
oxidative_phosphorylation,3
cytoplasm,3
lithium_sulfur_battery,3
porous_material,3
scoring_system,3
light_scattering,3
nuclear_reactor,3
neurodegenerative_disease,3
ecosystem_service,3
mexico_[mexico_],3
cell_aging,3
lithium_battery,3
lithium/sulfur_battery,3
polysulphides,3
microorganism,3
neuron,3
antiretroviral_therapy,3
polypyrroles,3
soybean_oil,3
reptile,3
humidity,3
steel_construction,3
mechanical,3
ovariohysterectomy,3
history,3
vegetation_type,3
binder,3
survey_and_questionnaire,3
transcriptome,3
effluent,3
"behavior,_animal",3
cell_function,3
swine,3
nucleotide,3
antiinflammatory_activity,3
polysulfides,3
cobalt_compound,3
calcium_signaling,3
photobiological_hydrogen_production,3
sol_gel_process,3
steel_structure,3
biosynthesis,3
water_pollutant,3
oaxaca,3
prognosis,3
lipopolysaccharide,3
biopolymers,3
nitric_oxide,3
leukocyte,3
hotspot,3
biodegradability,3
triple_negative_breast_cancer,3
amide,3
lipid_diet,3
environmental_management,3
calcium,3
land_use,3
"water_pollutants,_chemical",3
meloxicam,3
raman_spectrometry,3
nucleation,3
structure_analysis,3
age,3
nutrition,3
population,3
reynolds_number,3
wild_type,3
cell_growth,3
cycline,3
peroxisome_proliferator_activated_receptor_alpha,3
fenofibrate,3
deforestation,3
spermatozoon_motility,3
methotrexate,3
spectroscopy,3
statistical_analysis,3
spectrophotometry,3
quenching,3
"cells,_cultured",3
composting,3
tablet_hardness,3
photography,3
bacillus_subtilis,3
diarrhea,3
anxiety,3
antibiotic_agent,3
plasma,3
alzheimer_disease,3
hydrodynamics,3
catalyst_support,3
electromagnetic_field,3
multidrug_resistance,3
pharmacology,3
coal_combustion,3
degree_of_freedom,3
antidepressant_agent,3
solid_state_fermentation,3
nitrate,3
bioconversion,3
chemical_reaction,3
nitrite,3
coordination_reaction,3
uv_irradiation,3
molecular_weight,3
antibiotic,3
kinetic_model,3
porosity,3
light_microscopy,3
amino_acid_sequence,3
intelligent_system,3
batch_cell_culture,3
population_density,3
lipid_peroxidation,3
anaerobiosis,3
copper_oxide,3
health_service,3
phase_diagram,3
anaerobic_growth,3
copper_compound,3
nickel,3
molecular_interaction,3
drug_bioavailability,3
thermodynamics_property,3
pilot_study,3
silica,3
environmental_factor,3
pacific_ocean,3
micro_algae,3
organic,3
biogas,3
shannon_entropy,3
cell_structure,3
titanium,3
proof_of_concept,3
environmental_impact,3
meat,3
cell,3
pore_size,3
caloric_intake,3
vibration,3
eigenvalue_and_eigenfunctions,3
lyapunov_method,3
zika_virus,3
normal_human,3
butyric_acid,3
tumor_growth,3
cost_benefit_analysis,3
organometallic_compound,3
human_experiment,3
forest,3
oscillator,3
colorimetry,3
air_pollution,3
alcohol_consumption,3
electrocardiogram,3
greenhouse_gas,3
transcription_regulation,3
hela_cell_line,3
winter,3
sexual_reproduction,3
"promoter_regions,_genetic",3
lipid_storage,3
post_hoc_analysis,3
cyclophosphamide,3
body_weight_loss,3
aedes,3
wild,3
emotion,3
forecasting,3
evaluation_study,3
feces,3
microflora,3
luteinizing_hormone,3
bagasse,3
lipid_metabolism,3
bacteroides,3
ii_vi_semiconductor,3
zinc_sulfide,3
gene_sequence,3
fungal_strain,3
agave_bagasse,3
granulosa_cell,3
fisher_information_matrix,3
triglyceride,3
benzofuran_derivative,3
perception,3
knowledge,3
colombia,3
crystallite_size,3
quality_of_life,3
adenosine_triphosphate,3
frequency_domain_analysis,3
root_system,3
ruminant,3
wear_of_material,3
health_care_cost,3
dyslipidemia,3
health_care_policy,3
calcium_ion,3
complex_formation,3
adsorbent,3
antifungal_agent,3
conservation_status,3
interpolation,3
fractional_derivative,3
pathogenesis,3
sequence_analysis,3
x_ray_photoemission_spectroscopy,3
reaction_time,3
lamb,3
rumen,3
human_immunodeficiency_virus_infected_patient,3
virus_load,3
immunogenicity,3
iron_compound,3
point_kinetics_equation,3
lewis_acid,3
analytical_solution,3
non_covalent_interaction,3
laboratory_test,3
bioassay,3
disease_vector,3
water_management,3
experimental_study,3
gastrointestinal_tract,3
absorption,3
feeding_behavior,3
electric_potential,3
sintering,3
quality_adjusted_life_year,3
cerebrovascular_accident,3
computational_study,3
oxygen_consumption,3
seed,3
clinical_outcome,3
human_immunodeficiency_virus,3
amine,3
additive,3
chaga_disease,3
calculation,3
longitudinal_study,3
student,3
molecular_model,3
pressure,3
graphene_oxide,3
transition_element,3
forcefields,3
protein_binding,3
logistic_regression_analysis,3
sociodemographics,3
graphene,3
electron,3
bacterium_identification,3
electron_microscopy,3
latin_america,3
urea,3
ethylene,3
ethylene_glycol,3
reaction_analysis,3
molecular_simulation,3
electrochemical_impedance_spectroscopy,3
frequency_analysis,3
deep_eutectic_solvent,3
transesterifications,3
t_lymphocyte,3
recovery,3
disease_carrier,3
coordination_compound,3
atlantic_ocean,3
gulf_of_mexico,3
solvent_effect,3
antivirus_agent,3
antiviral_agent,3
thin_films,3
thin_film,3
human_activity,3
electrodeposition,3
antiviral_activity,3
electron_transport,3
scaffold,3
mental_performance,3
sensitivity_and_specificity,3
glass,3
c_reactive_protein,3
meta_analysis,3
rhizosphere,3
dynamic,3
waist_circumference,3
physical_activity,3
alanine_aminotransferase,3
habitat,3
self_report,3
microalgae,3
dengue,3
pseudomonas_aeruginosa,3
anisotropy,3
body_temperature,3
computational_chemistry,3
pharmacokinetics,3
vulnerability,3
xrd,3
breast_cancer,3
adomian_decomposition,3
acetylcholine,3
anxiety_disorder,3
water_molecule,3
survival_rate,3
mental_stress,3
metropolitan_area,3
point_kinetics,3
polymerization,3
metastasis,3
crystallization,3
drug_delivery_system,3
neutron_point_kinetic,3
solgel,3
x__ray_diffraction,3
carboxylation,3
water_supply,3
chaotics,3
growth,3
anti_microbial_activity,2
fossil_fuel,2
stochastic_system,2
plant_protein,2
acetic_acid,2
anti_infective_agent,2
nocardia,2
bacterial_dna,2
bacterial_rna,2
whole_genome_sequencing,2
"gene_expression_regulation,_bacterial",2
nitrogen_concentration,2
trimethoprim,2
sulfamethoxazole,2
liquid_chromatography_mass_spectrometry,2
kinetic_parameter,2
malus,2
alkaline_phosphatase,2
blood_cell_count,2
ischemic_heart_disease,2
malaria,2
pertussis,2
milk_production,2
sodium_compound,2
electric_discharge,2
optical_property,2
organic_matter,2
cholesterol,2
hematocrit,2
carcinogenesis,2
longissimus_muscle,2
glucose_tolerance,2
traditional_medicine,2
soxhlet_extraction,2
peroxisome_proliferator_activated_receptor,2
tandem_mass_spectrometry,2
feed_conversion_ratio,2
dna_replication,2
hyperglycemia,2
microbiota,2
acinetobacter,2
glutathione_peroxidase,2
sperm,2
sperm_quality,2
brownian_particle,2
aspergillus,2
bat,2
penicillium,2
trichoderma,2
hypercholesterolemia,2
methyl_paraben,2
uric_acid,2
functional_enrichment_analysis,2
simpson_index,2
sustainability,2
food_additive,2
shannon_index,2
substrate,2
cost_effectiveness,2
vegetable,2
adhesive,2
wear_resistance,2
fractional_calculus,2
breast_feeding,2
thermodynamic_stability,2
cardiac_muscle_cell,2
epigenetics,2
hemiptera,2
real_time_reverse_transcription_polymerase_chain_reaction,2
techno_economic_analysis,2
reliability,2
sperm_viability,2
excitons,2
brazil,2
egg,2
population_growth,2
predator,2
molar_incisor_hypomineralization,2
"receptors,_g_protein_coupled",2
insulin_release,2
plant_pollinator_interaction,2
low_birth_weight,2
disability,2
domestic_sheep,2
darcy_law,2
cell_cycle,2
"chromatography,_high_pressure_liquid",2
size_exclusion_chromatography,2
hypoglycemia,2
glibenclamide,2
fluid_mechanic,2
pore_scale,2
equation,2
elemental_carbon,2
source_apportionment,2
organic_carbon,2
morelos,2
topology,2
graphic_method,2
pneumonia,2
statistical_significance,2
intensive_care_unit,2
medical_history,2
creatinine_blood_level,2
probability_distribution,2
chemical_state,2
aluminum_oxide,2
polysaccharide,2
cerebellum,2
nitrification,2
anxiolytic_agent,2
open_field_test,2
aerosol,2
zirconium_alloy,2
oxidation_reduction,2
rain,2
autopsy,2
raman_spectroscopy,2
polarons,2
public_policy,2
paratyphoid_fever,2
hole_board_test,2
anti_anxiety_agent,2
antidepressive_agent,2
oxidation_reduction_reaction,2
zirconium,2
adsorption_desorption_isotherm,2
health_policy,2
corticosterone,2
tranquilizing_activity,2
antidepressant_activity,2
noradrenalin,2
brain_cortex,2
time_resolved_photoluminescence,2
alumina,2
emulsion,2
inulin,2
cognitive_defect,2
cobalt_alloy,2
social_behavior,2
tablet,2
medicinal_plant,2
peripheral_blood_mononuclear_cell,2
seismology,2
reinforced_concrete,2
health_disparity,2
sanitation,2
infrared_spectroscopy,2
thermogravimetry,2
ftir,2
drug_structure,2
hydrocarbon,2
solid_phasis,2
single_drug_dose,2
brinell_hardness,2
drug_isolation,2
sham_procedure,2
violence,2
distress_syndrome,2
computational_fluid_dynamic,2
laplace_method,2
matlab_code,2
mittag_leffler_function,2
fractional_neutron_point_kinetic_equation,2
"mice,_inbred_icr",2
institute_for_cancer_research_mouse,2
adhesion,2
x_ray_powder_diffraction,2
layered_double_hydroxide,2
oxalic_acid,2
pore_size_distribution,2
confinement_effect,2
light,2
calcination_temperature,2
co_cultures,2
polarization,2
orbitals,2
organic_waste,2
rockwell_hardness,2
borides,2
abiotic_factor,2
life_cycle,2
heat_transfer,2
sleep_disorder,2
rating_scale,2
epidemic,2
sphere,2
self_assembly,2
shell,2
leukemia,2
fractional_order_kinetics,2
liquid_crystal,2
nematic_liquid_crystal,2
surface_area,2
brunauer_emmett_teller_method,2
aluminum,2
complementary_dna,2
beta_sheet,2
metal_oxide,2
solvation,2
replica_exchange,2
ethylene_diamine,2
surface_roughness,2
latin_american,2
computation_theory,2
phonons,2
oxygen_evolution_reaction,2
rietveld_refinement,2
autophagy,2
alkaloid,2
glutathione_disulfide,2
protein_expression_level,2
motor_dysfunction,2
coral_reef,2
skin,2
statistical_mechanic,2
phase_space_method,2
relaxation_time,2
lizard,2
predation_risk,2
antibody_production,2
amyloid_beta_protein,2
dna_polymerase,2
reticulocyte,2
analytical_method,2
scenedesmus,2
neuroprotective_agent,2
naphthalene,2
protein_protein_interaction,2
ruthenium_compound,2
phosphate,2
radiosensitivity,2
monomer,2
toxicity,2
stiffness,2
aromatic_compound,2
aromatization,2
finite_difference_method,2
spectrofluorometry,2
field_emission_scanning_electron_microscopy,2
phenylalanine,2
arachidonic_acid,2
calcination,2
genotoxicity,2
protein_interaction,2
gene_structure,2
water_purification,2
epithelium_cell,2
gene_expression_profiling,2
pentobarbital,2
transcription_initiation_site,2
taenia_solium,2
micronucleus_test,2
comet_assay,2
wild_animal,2
raccoon,2
dehydrogenation,2
magnesia,2
grafting,2
severe_accident,2
gene_amplification,2
tensile_testing,2
photocatalytic_degradation,2
ovarian_follicle,2
ovary_follicle,2
ovulation,2
chemical_grafting,2
electron_spin_resonance_spectroscopy,2
"animals,_wild",2
nasua_narica,2
cmos_integrated_circuit,2
haplotype,2
rodent,2
tabasco,2
human_right,2
tooth_brushing,2
highest_temperature,2
ultrasonic_application,2
solar_absorber,2
spray_pyrolysis,2
parabolic_trough_collector,2
estradiol,2
alkaloid_derivative,2
phytochemical,2
circular_dichroism,2
neutron_diffusion_equation,2
delayed_neutron,2
fractional_neutron_diffusion_equation,2
computational_efficiency,2
pathogenicity,2
bacterial_count,2
immunostimulating_agent,2
glioblastoma,2
cysteine,2
pollution,2
population_structure,2
sex_ratio,2
complexity,2
method,2
culture_medium,2
glutathione_reductase,2
hard_facing,2
random_sample,2
spermatozoon,2
sperm_motility,2
cause_of_death,2
solar_heating,2
microwave_antenna,2
copper_alloy,2
exposure_to_violence,2
beer,2
fluorometry,2
protein_secondary_structure,2
monte_carlos_simulation,2
dimethyl_sulfoxide,2
schizophrenia,2
glycerol,2
environment,2
pilot_project,2
hard_disk_system,2
finite_system,2
hard_disk_storage,2
power_law,2
information_processing,2
anaerobic_sludge,2
acclimatization,2
cancer_cell,2
diffusion_in_liquid,2
metagenome,2
bacterial_gene,2
platelet_count,2
solid_waste_management,2
demographic,2
metagenomics,2
drug_repositioning,2
b_lymphocyte,2
matrix,2
population_abundance,2
velocity,2
fluid_flow,2
poly,2
drug_stability,2
alpha_helix,2
ultra_performance_liquid_chromatography,2
vapour_pressure,2
amoxicillin,2
antiferromagnetism,2
rare_earth,2
mycotoxin,2
size_distribution,2
bacterial_colonization,2
bacterial_lysates,2
drug_targeting,2
endangered_specie,2
antifungal_activity,2
psychodidae,2
damping,2
seismic_hazard,2
fourier,2
cancer_inhibition,2
climate,2
ethanol,2
photo_catalytic,2
production_of_hydrogen,2
momentum_space,2
nutrient,2
habitat_structure,2
phylogenetic_tree,2
leachates,2
anti_hiv_agent,2
anti_human_immunodeficiency_virus_agent,2
descriptive_research,2
toxicity_testing,2
"mice,_inbred_balb_c",2
urine_sampling,2
protein_stability,2
global_asymptotic_stabilization,2
control_lyapunov_function,2
feedback_control,2
glutamic_acid,2
motor_function,2
global_stabilization,2
urinary_tract_infection,2
spinal_cord_injury,2
photosynthesis,2
plasma_synthesis,2
two_dimensional_harmonic_oscillator,2
harmonic_analysis,2
nicaragua,2
biomolecules,2
tumor_cell_line,2
oxytocin,2
feeding,2
time_series_analysis,2
calcium_carbonate,2
vibration_analysis,2
hazard_assessment,2
specie_occurrence,2
cactus,2
a_particles,2
fly,2
agricultural_land,2
preclinical_study,2
bagg_albino_mouse,2
stabilization,2
lyapunov_function,2
dissipativeness,2
geography,2
point_dissipativeness,2
crystalline_structure,2
hazard,2
specie_identification,2
multi_objective,2
liver,2
dietary_fiber,2
organic_acid,2
chitosan,2
vector,2
overweight,2
mangrove,2
"cell_line,_tumor",2
meropenem,2
carbon_capture,2
solar_power_generation,2
uncertainty_analysis,2
solar_concentrators,2
binding_affinity,2
sex_difference,2
multicenter_study,2
zinc_derivative,2
tumor,2
disease_activity,2
reproducibility,2
purification,2
signal_processing,2
aedes_aegypti,2
inoculation,2
bacterium_lysate,2
xylazine,2
detection_method,2
preeclampsia,2
aedes_albopictus,2
city,2
quantum_system,2
position_space,2
zika_virus_infection,2
zika_fever,2
phytoremediation,2
amyotrophic_lateral_sclerosis,2
metal,2
agricultural_soil,2
mental_disease,2
adipose_tissue,2
data_acquisition,2
antidiabetic_activity,2
nerve_cell_differentiation,2
diagnostic_test_accuracy_study,2
diagnostic_value,2
low_pressure,2
kyoto_protocol,2
proto_oncogene_protein_c_akt,2
disease_progression,2
prematurity,2
adiponectin,2
air_pollutant,2
deterioration,2
culex_quinquefasciatus,2
mosquito_vector,2
biological_marker,2
glucocorticoid,2
rituximab,2
spawning_population,2
hydrogen_atom,2
internet_telephony,2
dissolution,2
chemical_activation,2
hunting,2
mustelidae,2
"rna,_long_noncoding",2
voice/data_communication_system,2
down_regulation,2
blautia,2
food_frequency_questionnaire,2
carbohydrate,2
carbohydrate_intake,2
training,2
antihypertensive_agent,2
terpene,2
chromatin_immunoprecipitation,2
pathway_enrichment_analysis,2
native_specie,2
dexamethasone,2
spherical_cavity,2
mesoporous_silica_nanoparticle,2
paclitaxel,2
diesel_engine,2
semiarid_region,2
long_untranslated_rna,2
immunoreactivity,2
fractal,2
mosquito,2
multifractality,2
thrombocyte,2
anger,2
weaning,2
catalase,2
predation,2
zea_may,2
maize,2
fisher_information,2
protein_kinase_b,2
enzyme_activation,2
conducting_polymer,2
steam_explosion,2
glycoprotein,2
nerve_cell,2
"rna,_messenger",2
smoking,2
ecological_impact,2
action_potential,2
protein_synthesis,2
gonadotropin,2
gastrointestinal_microbiome,2
genetic_polymorphism,2
phytochemistry,2
adipocyte,2
ppar_gamma,2
south_and_central_america,2
enzyme,2
ester,2
analytical_parameter,2
reinforced_concrete_bridge,2
failure_rate,2
confidence_factor,2
ibuprofen,2
basidiomycete,2
peroxidase,2
hydrolase,2
disinfectant_agent,2
ant,2
dna_base_composition,2
thermal_conductivity,2
detoxification,2
helium,2
attitude,2
cyclic_amp_dependent_protein_kinase,2
hacat_cell_line,2
drug,2
drug_combination,2
morbidity,2
homeostasis_model_assessment,2
benzofuran,2
"follicle_stimulating_hormone,_human",2
hydrogen_ion_concentration,2
edema,2
abdominal_circumference,2
mapk_signaling,2
altitude,2
phytotoxicity,2
membrane_protein,2
hydrogen_generation,2
ultraviolet_visible_spectrophotometry,2
hydrozincite,2
genetic_association,2
respiratory_chain,2
controlled_drug_delivery,2
microrna,2
nicotinamide_adenine_dinucleotide,2
jurkat_cell_line,2
electronic_property,2
seedling,2
penicillin_derivative,2
x_ray_crystallography,2
densitometry,2
reduced_nicotinamide_adenine_dinucleotide_dehydrogenase,2
cytochrome_c_oxidase,2
structural_reliability,2
acidaminococcus,2
single_nucleotide_polymorphism,2
phototransistors,2
tumor_cell,2
protein_intake,2
induction_motor,2
adaptive_control_system,2
metabolic_regulation,2
proportional_hazard_model,2
budget,2
"polymorphism,_single_nucleotide",2
organization_and_management,2
time_domain_analysis,2
protein_content,2
probiotic_agent,2
qualitative_research,2
isoflurane,2
cyclization,2
adverse_event,2
tablet_disintegration,2
b_spline,2
drug_blood_level,2
numerical_technique,2
neutron_flux,2
glucose_transport,2
zone_of_inhibition,2
coral,2
fluconazole,2
mobile_telecommunication_system,2
citric_acid_cycle,2
pyrosequencing,2
megasphaera,2
gene_overexpression,2
microwave_assisted_hydrothermal,2
ozone,2
diffuse_reflectance_spectroscopy,2
chloroform,2
flavine_mononucleotide,2
macroalga,2
zinc_oxide,2
organic_compound,2
microwave_radiation,2
upper_extremity,2
statistical_model,2
electric_impedance,2
lachnospiraceae,2
reynold_number,2
mixing,2
adsorption_capacity,2
contaminated_water,2
aqueous_solution,2
glycosidase,2
glycolysis,2
moment_tensor,2
dependent_variable,2
cell_lysate,2
attention_deficit_hyperactivity_disorder,2
motor_cortex,2
staphylococcus_haemolyticus,2
enterococcus_faecalis,2
enterobacter_aerogenes,2
linear_regression,2
klebsiella_pneumoniae,2
circuit_simulation,2
polyatomic_gas,2
shock_wave,2
bioactives,2
dry_[,2
integral_equation,2
sodium,2
oral_administration,2
impaired_glucose_tolerance,2
degradation_kinetics,2
high_selectivity,2
conformational_change,2
ph_range,2
antiinflammatory_agent,2
immunomodulation,2
trajectory,2
toluene,2
kinetic_energy,2
spline,2
steam,2
cytokine_production,2
drug_design,2
ternary_alloy,2
aging_of_material,2
mitochondrial_respiration,2
total_uptake,2
proteus_mirabilis,2
computer_software,2
structural_optimization,2
technology_transfer,2
"drug_resistance,_multiple,_bacterial",2
biological_pest_control,2
navier_stokes,2
oxacillin,2
ciprofloxacin,2
conformational_transition,2
column_chromatography,2
hypoxia,2
guest_molecule,2
streptomycin,2
energy_resource,2
stroke,2
reaction_temperature,2
cell_hypoxia,2
mass_transfer,2
ultraviolet_spectrophotometry,2
finite_element_analysis,2
blood_glucose,2
alkalines,2
higher_order_statistic,2
intestine,2
ultrastructure,2
pharynx,2
adsorption_isotherm,2
relative_abundance,2
antidiabetic,2
pesticide,2
density_functional_theory_calculation,2
streptococcus_mutans,2
chlorhexidine,2
intellectual_impairment,2
resource_use,2
electronic.structure,2
mouth_cavity,2
photoionization,2
rural_area,2
tomato,2
biocatalysis,2
enthalpy,2
"suicide,_attempted",2
solid,2
suicidal_ideation,2
malnutrition,2
spectroscopic_property,2
carbonation,2
zno_nanoparticles,2
dendritic_cell,2
microbial_metabolism,2
crystallography,2
earthquake,2
image_resolution,2
ph_measurement,2
elasticity,2
transition_metal,2
resonating_valence_bond_state,2
spin_spin,2
environmental_monitoring,2
population_analysis,2
uterus,2
radio_wave,2
reactive_sputtering,2
veterinary_education,2
essential_oil,2
inorganic_compound,2
ftir_spectroscopy,2
quantum_spin_liquid,2
suicide_attempt,2
magnetic_moment,2
magnetism,2
correlation_function,2
bilayer_membrane,2
brain_tissue,2
biotransformation,2
metabolic_network_and_pathway,2
robust_control,2
linear_system,2
batch_culture,2
bismuth_compound,2
evolution,2
metronidazole,2
meningitis,2
traumatic_brain_injury,2
autism_spectrum_disorder,2
intestine_mucosa,2
selective_detection,2
choline,2
"oils,_volatile",2
immobility_time,2
electrochemical_corrosion,2
homeostasis,2
potassium_hydroxide,2
teaching,2
polyols,2
eutectic,2
molecular_mechanic,2
clinical_assessment,2
dielectric_constant,2
steel_corrosion,2
seismic_design,2
lactobacillales,2
intestinal_mucosa,2
glassy_carbon_electrode,2
triterpene,2
phenol_derivative,2
nitrogen_compound,2
electrolysis,2
crystal_size,2
glucose_intake,2
acetylation,2
biomass_production,2
biodiesel_production,2
biodiesel,2
hydrogel,2
tall_building,2
gamma_interferon,2
vortex_flow,2
coexistence,2
lithium_ion,2
small_intestine,2
"intestine,_small",2
high_rise_building,2
survival_analysis,2
earthquake_magnitude,2
newborn_sepsis,2
autism,2
degenerative_disease,2
gibbs_free_energy,2
mesoporous_material,2
oxide_composite,2
tumor_volume,2
graphite_oxide,2
dirac_delta,2
chemical_interaction,2
dna,2
substitution_reaction,2
invasive_specie,2
saccharification,2
leaching,2
spent_lithium_ion_battery,2
sodium_hydroxide,2
ursolic_acid,2
design_and_optimization,2
coordination_complex,2
vanadium,2
hydrogen_bonding,2
cytosine,2
multi_objectives_optimization,2
quantum_simulation,2
dual_role,2
motor_activity,2
interval_polynomial,2
coronavirus,2
proteinase_inhibitor,2
parametric_variation,2
extremal,2
deep_learning,2
dog,2
tank,2
integrodifferential_equation,2
human_health,2
electromagnetics,2
metal_ion,2
time_distribution,2
injury,2
education,2
staphylococcus,2
disk_diffusion,2
vancomycin,2
hospitalization,2
antibiotic_sensitivity,2
cefoxitin,2
synthesis_and_characterization,2
conservation_management,2
clostridium,2
euthanasia,2
animal_hunting,2
cytotoxic_agent,2
electroporation,2
united_state,2
attractive_interaction,2
trauma_focused_cognitive_behavioral_therapy,2
child_sexual_abuse,2
microwave_irradiation,2
polynomial_family,2
robust_stability,2
efficient_catalyst,2
cognitive_behavioral_therapy,2
functional_magnetic_resonance_imaging,2
head_and_neck_tumor,2
power_quality,2
executive_function,2
child_abuse,2
"stress_disorders,_post_traumatic",2
posttraumatic_stress_disorder,2
consumption_rate,2
unsaturated_fatty_acid,2
safety,2
plant_community,2
light_intensity,2
nonalcoholic_fatty_liver,2
methanotroph,2
limestone,2
packed_bed,2
probability,2
pressung,2
exploratory_research,2
immunophenotyping,2
enzyme_inhibition,2
multiobjective_optimization,2
childhood_obesity,2
proteinase,2
radius,2
arsenic,2
nickel_complex,2
ultrasound,2
milk_yield,2
computer_aided,2
synaptic_transmission,2
odor,2
design,2
amygdala,2
macrophytes,2
macrophyte,2
dietary_intake,2
mouth_cancer,2
functional_peptide,2
bioactivity,2
suspension,2
non_alcoholic_fatty_liver_disease,2
randomized_controlled_trial_a_topic,2
assessment_of_human,2
vero_cell_line,2
potassium_current,2
cell_viability_assay,2
chlorocebus_aethiops,2
nickel_compound,2
serotype,2
paleontology,2
delta_function,2
computer_graphic,2
lifestyle,2
skull,2
theory,2
fracture_mechanic,2
neuropharmacology,2
analgesic_activity,2
dibenzothiophenes,2
agave,2
beverage,2
food,2
health_service_accessibility,2
health_care_access,2
health_service_need_and_demand,2
dft,2
numerical_solution,2
human_impact,2
tetracycline,2
superoxide_dismutase,2
crossover_procedure,2
cell_migration,2
potassium_channel,2
fusarium,2
thermal_hydraulics,2
pressurized_water_reactor,2
tin_alloy,2
tensile_strength,2
leporidae,2
kaplan_meier_method,2
fluorescence_spectroscopy,2
latent_period,2
"stress,_psychological",2
protein_function,2
metabolic_syndrome,2
metabolic_syndrome_x,2
metal_site,2
ultraviolet_spectroscopy,2
thermal_analysis,2
dissociation,2
disease_association,2
high_income_country,2
public_health_service,2
dentistry,2
laplace_equation,2
laplace_adomian_decomposition_method,2
adomian_decomposition_method,2
self_phase_modulation,2
land_use_change,2
standard,2
soybean_meal,2
nonlinear_optic,2
optical_soliton,2
body_weight_change,2
crystal_lattice,2
temperate_forest,2
phenology,2
arbuscular_mycorrhiza,2
beta_cyclodextrin_derivative,2
progeny,2
conservation_of_natural_resource,2
bioequivalence,2
birth_weight,2
maximum_concentration,2
maximum_plasma_concentration,2
fatty_liver,2
enzymology,2
alcohol,2
cultivation,2
thermal,2
chiapas,2
agroecology,2
insect,2
crop,2
sodium_ion_battery,2
multilayer_neural_network,2
periodontal_disease,2
lipid_bilayers,2
delivery_of_health_care,2
health_care_delivery,2
social_security,2
residence_characteristic,2
semen_parameter,2
parameter_estimation,2
informed_consent,2
acetone,2
juvenile,2
sol__gel_method,2
zirconia,2
scanning_electron,2
sedentary_lifestyle,2
microstructure,2
water_distribution_system,2
chlorine,2
immune_deficiency,2
feces_analysis,2
water_quality,2
zoonosis,2
decay,2
chlorine_concentration,2
central_composite_design,2
muscarinic_receptor,1
glia,1
octenyl_succinic_anhydride,1
measured_result,1
modified_corn_starch,1
corn_starch,1
soluble_complex,1
fluorine_compound,1
doping_effect,1
yb_doping,1
melt_quenching_method,1
citrus_fruit,1
phosphor,1
eating,1
school,1
livestock,1
pollinator,1
cu_addition,1
catalytic_material,1
starch_digestibility,1
protein_digestibility,1
modified_huauzontle_protein,1
piezoelectricity,1
agricultural_worker,1
habitat_fragmentation,1
effect_size,1
intracellular_membrane,1
immunoglobulin_class_switching,1
cell_maturation,1
alpha_glucosidase,1
"drug_evaluation,_preclinical",1
drug_research,1
enzyme_inhibitor,1
isotretinoin,1
competitive_inhibition,1
inducible_nitric_oxide_synthase,1
clinical_effectiveness,1
retinal_dehydrogenase,1
plasma_cell,1
immunoglobulin_production,1
thymic_stromal_lymphopoietin,1
spot_application,1
non_newtonian_fluid,1
hierarchical_system,1
adjoint_homogenization,1
alglucosidase_alfa,1
drug_binding_site,1
minimum_weight,1
red_point,1
dynamic_programming,1
matching_problem,1
matchings,1
melodic_similarity,1
many_to_many_matching,1
point_matching,1
many_to_many,1
geometric_measure,1
extracellular_membrane,1
dislocation,1
liquid_surface,1
subharmonics,1
two_dimensional_crystal,1
combined_effect,1
chlorine_bulk_decay,1
variance_analysis,1
temperature_sensitivity,1
measurement_accuracy,1
mass,1
fungal_pellet,1
fungal_structure,1
biological_analysis,1
flow_modeling,1
microscale,1
laccaria_trichodermophora,1
cell_organelle,1
laccaria,1
macroscopy,1
classical_darcy_equation,1
cell_volume,1
aerobic_exercise,1
b_cell_activating_factor,1
moderate_intensity_exercise,1
secretory_component,1
lamina_propria,1
transforming_growth_factor_beta,1
april_protein,1
"physical_conditioning,_animal",1
carbonic_acid,1
partial_pressure,1
activated_carbon,1
solar_air_heater,1
drying_time,1
tunnel_dryer,1
drying,1
dehydration,1
response_surface,1
drinking_water_distribution_system,1
chlorine_bulk_decay_coefficient,1
low_temperature,1
water_temperature,1
decay_coefficient,1
temperature_effect,1
composite,1
predictive_model,1
effect_of_temperature,1
initial_chlorine_concentration,1
agroindustrial_dehydration,1
drying_kinetic,1
wave_lattice,1
dynamic_route,1
faraday_wave,1
crystal_symmetry,1
monochromatics,1
surface_stiffness,1
wave_pattern,1
integer_order,1
agroforestry,1
environmental_impact_assessment,1
industrial_ecology,1
life_cycle_analysis,1
plant_model,1
industrial_product,1
metabolic_disease,1
nuscale,1
job_plot_method,1
weight_gain,1
fetus_development,1
fetal_development,1
mathematical_modeling,1
integral_model,1
cesarean_section,1
dendrimer,1
polyamidoamine,1
adamantane,1
colon_adenocarcinoma,1
lung_adenocarcinoma,1
shrub,1
secondary_forest,1
invasive_ventilation,1
tertiary_care_center,1
fraction_of_inspired_oxygen,1
colorectal_cancer,1
alternative_medicine,1
hydrazone_derivative,1
cancer_therapy,1
crop_production,1
coffee,1
carbon_footprint,1
water_footprint,1
alloy,1
carbon_dioxide_emission,1
neuropathology,1
protein_processing,1
butyrylcholinesterase,1
gas_separation,1
density_functional_theory_simulation,1
decomposition_of_water,1
dissociated_water,1
saturation_coverage,1
platinum_metal_alloy,1
partial_dissociation,1
anomalous_diffusion,1
reactivity_transient,1
small_modular_nuclear_reactor,1
classical_modeling,1
isoenzyme,1
cholinergic_system,1
dissociative_adsorption,1
zr_alloy,1
hydrogen_attack,1
organic_polymer,1
bodipy,1
multicomponent_synthesis,1
polyheterocycles,1
cycloaddition,1
international_normalized_ratio,1
systemic_immune_inflammation_index,1
hospital_admission,1
overall_survival,1
neutrophil_lymphocyte_ratio,1
in_hospital_mortality,1
median_survival_time,1
model_for_end_stage_liver_disease_score,1
blood_oxygen_tension,1
respiratory_distress,1
flow_activation,1
flow_of_gas,1
metamorphic_rock,1
metal_ligand,1
activation_technique,1
ligand_coordination,1
coordination_bonding,1
cholinesterase,1
neurotoxicity,1
history_of_medicine,1
enzyme_degradation,1
infrared_thermal_imaging,1
breast_neoplasm,1
breast_tumor,1
womens_health,1
solvent_molecule,1
pressure_vessel,1
one_pot_process,1
photophysical_property,1
fluorophores,1
ugi_zhu_reaction,1
solvent_polarity,1
thienyl,1
data_variability,1
flavoring_agent,1
artificial_sweetener,1
commercial_and_prototype_ice_cream,1
temporal_dominance_of_sensation,1
taste,1
sweetener,1
sensory_analysis,1
melting_time,1
ice_cream,1
least_absolute_shrinkage_and_selection_operator,1
rna_polymerase,1
growth_inhibition,1
isatin,1
benzofuran_based_hybrid_molecule,1
quantitative_descriptive_analysis,1
fructans,1
agave_fructans,1
vanilla,1
fructan,1
machine_learning_approach,1
random_forest,1
selectivity_estimation,1
regression_technique,1
fuel,1
lasso_regression,1
hydrodesulphurization,1
heterogeneous_catalysis,1
sulfur_derivative,1
forestry,1
hydrodesulfurization,1
machine_learning_algorithm,1
visual_analog_scale,1
autonomic_nervous_system,1
skin_temperature,1
cancer_survivor,1
theoretical_study,1
self_compassion,1
disposition_to_receive_social_support_scale,1
liver_biopsy,1
empathy,1
positive_and_negative_affect_schedule,1
liver_injury,1
body_fat_percentage,1
liver_cirrhosis,1
cavity_wall,1
diffusivity,1
global_parameter,1
cylindrical_cavity,1
first_passage,1
tailing_soil,1
leronlimab,1
protein_hydrolysate,1
protein_hydrolysis,1
vero_cell,1
hemorrhagic_fever,1
histogram,1
selectivity_hyd/dds,1
serogroup,1
phaeodactylum_tricornutum,1
circular_window,1
side_wall,1
mean_first_passage_time,1
cavity_shape,1
analytical_expression,1
polyvagal_theory,1
diagnostic_procedure,1
social_psychology,1
cancer,1
mindfulness,1
psychometry,1
liver_enzyme,1
steatosis,1
liver_fibrosis,1
systemic_circulation,1
grass_cover,1
biogenic_sulphide,1
antenna,1
geochemical_process,1
metabolic_fatty_liver,1
lipid_level,1
echography,1
data_extraction,1
gamma_glutamyltransferase,1
biorestoration,1
environmental_restoration,1
sulphate_reducing_bacteria,1
sorption,1
bacillus_cereus,1
bacteriology,1
through_channel,1
biomembrane,1
tailing,1
mine_tailing,1
acid_mine_drainage,1
transport_phenomenon,1
parametric_sensitivity_analysis,1
industrial_waste,1
regime_analysis,1
bench_scale,1
yarrowia_lipolytica,1
fluid_dynamics,1
agro_industrial_residue,1
st_segment_elevation_myocardial_infarction,1
autacoid,1
st_elevation_myocardial_infarction,1
subtilisin,1
dipeptidyl_carboxypeptidase_inhibitor,1
flavourzyme,1
subtilisins,1
endopeptidases,1
echo_planar_imaging,1
cephalic_vein,1
cava_vein,1
coronary_sinus,1
coronary_circulation,1
inflammation_mediator,1
coronary_artery_blood_flow,1
escape_time,1
diffusive_particle,1
biological_science,1
transport_of_particle,1
executive_network,1
solute,1
facilitated_transport,1
one_dimensional_model,1
physical_condition,1
transition_path,1
pediatric_obesity,1
treatment_duration,1
fetus_echography,1
bibliometrics,1
natural_antioxidant,1
antiviral,1
protease_inhibitor,1
dual_action,1
jatropha,1
angiotensin_converting_enzyme_inhibitor,1
viral_proteinase_inhibitor,1
viral_protease,1
primary_antioxidant,1
antiviral_capacity,1
single_electron_transfer,1
catechin,1
quadratic_programming,1
sequential_quadratic_programming,1
irregular_arrangement,1
tunables,1
transfer_matrix_method,1
hermitians,1
dielectric_slab,1
salience_network,1
functional_connectivity,1
nerve_cell_network,1
chemical_vapour_deposition,1
vapor_deposition_technique,1
photoluminescence_spectroscopy,1
glass_substrate,1
modeling_approach,1
drug_traffic,1
neuropsychological_assessment,1
anxiety_assessment,1
cerebral_cortex,1
nerve_net,1
"image_interpretation,_computer_assisted",1
"neural_networks,_computer",1
computer_assisted_diagnosis,1
connectome,1
child_posttraumatic_stress_disorder_symptom_scale,1
default_mode_network,1
coastal_structure,1
head_and_neck_neoplasm,1
artificial_neural_network,1
chemical_vapor_deposition,1
zn_bdc,1
free_radical_reaction,1
sulfur_donor,1
carbon_disulfide,1
electropolymerization,1
chromium_compound,1
ise,1
carbon_quantum_dot,1
ß_cd,1
tb_zn_bdc,1
aerosol_assisted_chemical_vapor_deposition,1
tb_bdc,1
reactor_modelling,1
residence_time,1
electropolymerisation,1
semiconductor_quantum_dot,1
cr,1
selectivity,1
conductive_element,1
pd_nanoparticles,1
potential_deposition,1
alkaline_medium,1
urea_electrode,1
mass_activity,1
deposition_potential,1
multiplicity,1
chemical_reacting_system,1
batch_reactor,1
spend_lithium_ion_battery_battery,1
hydrazine,1
ion_battery,1
terminos_lagoon,1
protected_area,1
temporal_analysis,1
oil_industry,1
campeche,1
interaction_with_dna,1
vanadium_derivative,1
guanine,1
nucleophilicity,1
dimerization,1
continuously_stirred_tank_reactor,1
nonlocal_model,1
residence_time_distribution,1
taylor_vortex,1
vanadium_compound,1
leaching_process,1
reductive_acid_leaching,1
reline,1
koh_concentration,1
glassy_carbon,1
cyclodextrins,1
donor_group,1
selective_electrode,1
nanocrystals,1
interferon_gamma,1
abts_radical_scavenging_assay,1
callus_culture,1
atropine,1
selective_dissolution,1
hydroacylation,1
imine_intermediate,1
wilkinson,1
reaction_intermediate,1
battery_recycling,1
alkaline_leaching,1
activity_pattern,1
niche_overlap,1
niche_partitioning,1
canid,1
trapping,1
sympatry,1
repair_shop,1
cobalt_electrodeposition,1
nickel_concentration,1
rotating_cylindrical_electrode,1
cobalt_recovery,1
current_efficiency,1
cobalt_concentration,1
manganese_concentration,1
modified_montmorillonite,1
vachellia_farnesiana_extract,1
vachellia_farnesiana,1
tissue_distribution,1
ethanol_oxidation_reaction,1
necroptosis,1
paneth_cell,1
granulocyte_macrophage_colony_stimulating_factor,1
model,1
redox_reaction,1
sulfated_zirconia,1
solid_acid,1
choline_chloride,1
molecular_mechanics_simulation,1
benzoic_acid,1
superacid,1
drug_administration,1
choline_acetyltransferase,1
object_recognition_task,1
tibolone,1
gel_electrophoresis,1
long_term_memory,1
bradford_assay,1
hormonal_therapy,1
experimental_locomotor_activity_test,1
tryptophan_hydroxylase,1
short_term_memory,1
quantum_mechanic,1
acid_corrosion,1
theoretical_evaluation,1
umbrella_sampling,1
quantum_mechanics/molecular_mechanic,1
knockout_mouse,1
cellular_secretion,1
cytokine_release,1
beta_interferon,1
"mice,_knockout",1
polymer_mesh,1
molar_concentration,1
optimal_variable,1
renewable,1
surgical_staple,1
sampling_technique,1
activation_free_energy,1
refractive_index,1
reaction_variable,1
free_fatty_acid,1
polymer_softening,1
flory_theory,1
polyacrylamide_hydrogel,1
hybrid_composite,1
elasticity_theory,1
living_polymer,1
neo_hookean_elasticity,1
composite_material,1
wood_modification,1
corrosion_inhibition,1
electrochemical_technique,1
acid_medium,1
quinazolines,1
zno_layer,1
two_dimensional_system,1
exact_diagonalization_method,1
flat_band,1
inhibitor_efficiency,1
electrochemical_evaluation,1
corrosion_inhibitor,1
atomic_dipole,1
isolated_molecule,1
dipole_moment_density,1
isolated_atom,1
electric_dipole_moment,1
electronic_density,1
acetic_anhydride,1
d_glucose,1
experiment_design,1
honeycomb_structure,1
collective_phenomenon,1
acrylic_resin,1
cytoskeleton_protein,1
multiscale_modeling,1
polyacrylamide,1
"ftsz_protein,_bacteria",1
cytoskeletal_protein,1
acrylic_acid_resin,1
silicon_substrate,1
silicon_wafer,1
si_nanocluster,1
silicon_nanoparticles,1
silicon_sensor,1
semiconducting_silicon_compound,1
near_infrared,1
zno,1
descaling,1
luminescence_of_liquid_and_solution,1
motor_protein,1
professional_antigen_presenting_cell,1
syntenin,1
pdz_domain,1
immunocompetent_cell,1
monocyte,1
coronavirus_envelope_protein,1
basic_erosive_wear_examination,1
gastroesophageal_reflux,1
intrarater_reliability,1
hyposalivation,1
interrater_reliability,1
charge_distribution,1
self_injurious_thought_and_behavior_interview,1
vaporization,1
oral_hygiene_index,1
temporomandibular_joint_disorder,1
bivariate_analysis,1
internal_consistency,1
bruxism,1
multivariate_analysis,1
vomiting,1
sampling,1
correlation_coefficient,1
internet_addiction,1
game_addiction,1
graphene_superlattices,1
dental_erosion,1
infrared_detector,1
photopolymerization,1
judd_ofelt_theory,1
near_infrared_laser,1
lithium_lead,1
oscillator_strength,1
borate_glass,1
judd__ofelt_theory,1
neodymium_laser,1
substance_use,1
college_student,1
internet_addiction_disorder,1
mood_disorder,1
drug_dependence,1
internet,1
video_game,1
online_game,1
electricity,1
desalination,1
volume,1
heat,1
judd_ofelt_parameter,1
pdz_protein,1
cell_stimulation,1
silicon_detector,1
detector_performance,1
si_nanoparticles,1
p_type_silicon,1
carbonization,1
metal_carbonate,1
solid_gas_reaction,1
associative_storage,1
strontium_carbonate,1
laser_theory,1
laser_excitation,1
optical_spectroscopy,1
stimulated_emission_cross_section,1
infrared_laser,1
optical_emission_spectroscopy,1
pseudorandom_number_generator,1
fpga_implementation,1
robust_chaotic_map,1
fpgas_implementation,1
random_number_generation,1
bernoulli,1
chaotic_map,1
chaotic_pseudorandom_number_generator,1
chaotic_system,1
digital_arithmetic,1
microcanonical_ensemble,1
cryogenic_liquid,1
number_theory,1
multiple_bernoulli_chaotic_map,1
one_time,1
time_varying_photonic,1
spacetime,1
streak_camera,1
time_division_interferometer,1
time_varying_medium,1
wave_train,1
interferometer,1
time_varying,1
spacetime_resolved_interference,1
photonics,1
photonic_device,1
electronic_conductivity,1
ball_milling,1
rectum,1
morphological_trait,1
digestive_function,1
taste_bud,1
data_encapsulation,1
pancreatic_islet,1
photon,1
ensemble_perturbation,1
quantum_fluid,1
binary_and_ternary_mixture,1
adsorption_isotherm_and_quantum_contribution_to_the_helmholtz_free_energy,1
phase_co_existence,1
microcanonical_ensemble_perturbation_theory,1
helmholtz,1
pancreas_islet,1
killifish,1
fundulidae,1
life_history,1
millerichthys_robustus,1
esophagus,1
technetium_compound,1
volumetric_energy_density,1
power_application,1
concentrating_solar,1
strontium_compound,1
protein_targeting,1
phosphorus_compound,1
milling_condition,1
specific_energy,1
storage_capacity,1
chytridiomycosis,1
pseudomonas,1
microbe_microbe_interaction,1
basic_reproduction_number,1
amphibia,1
hypoxic_condition,1
pancreas_islet_cell,1
human_islet,1
islet_of_langerhans_transplantation,1
islet_of_langerhans,1
vasculature,1
vascularization,1
pancreas_islet_transplantation,1
computational_biology,1
computational_modelling,1
oxygenation,1
subchronic,1
aqueous_extract,1
cell_interaction,1
glucose_availability,1
somatostatin,1
islet_cell,1
thermochemical_energy_storage,1
effective_conversion,1
calcium_compound,1
carbohydrate_polymer,1
cone_conformation,1
particle_size_reduction,1
agglomeration,1
islet_encapsulation,1
epidemiological_model,1
batrachochytrium_dendrobatidis,1
experimental_modelling,1
polyphenol,1
sprague_dawley_rat,1
methylprednisolone,1
different_fractional_order,1
compartmental_modelling,1
classical_approach,1
energy_storage_property,1
electronic_conduction,1
energy_storage_capacity,1
milling,1
prandtl_number,1
explicit_solution,1
navier_stokes_equation,1
explicit_exact_solution,1
fractional_model,1
freeze_drying,1
polyphenols,1
prediabetic_state,1
chromatographic_analysis,1
hyperglycaemia,1
chemical_analyse,1
high_affinity,1
inclusion_complex,1
α_cyclodextrins,1
classical_molecular_dynamic,1
cyanide_oxidation,1
free_cyanide,1
cyanic_acid,1
energy_dispersive_x_ray_spectroscopy,1
hydrothermal_synthesis,1
therapeutic_strategy,1
coumarin_derivative,1
leukocytosis,1
c_phycocyanin,1
airway_remodeling,1
ovalbumin,1
"rats,_sprague_dawley",1
asthma,1
lung,1
phycocyanin,1
reactive_nitrogen_specie,1
hypoxemia,1
respiratory_tract_inflammation,1
myeloperoxidase,1
effective_removal,1
female_wistar_rat,1
infrared_spectrophotometry,1
polymeric_network,1
polymeric_substrate,1
polymer_matrix,1
linear_model,1
muscle_strength,1
athletic_performance,1
boxing,1
physical_fitness,1
high_thermal,1
toluene_adsorption,1
temkin_model,1
remediation,1
adsorption_kinetics_and_isotherm,1
maleic_anhydride,1
twisted_intramolecular_charge_transfer,1
cell_polarity,1
translucents,1
tetrakis,1
docking_study,1
functionalization_of_polymer,1
porphyrin,1
hydrothermal_method,1
free_cyanide_oxidation,1
transport_coefficient,1
monatomic_gas,1
speed_profile,1
fourier_equation,1
semiconducting_bismuth_compound,1
photocatalytic_ozonation,1
bismuth_vanadate,1
ozone_water_treatment,1
corrosion,1
upper_limb,1
impedance,1
exercise_test,1
ozonation,1
visible_light_active_photocatalysts,1
čech_complete_space,1
baire_space,1
cofinally_polish_space,1
locally_compact_space,1
locally_compact,1
cofinally_locally_compact_space,1
eubacterium,1
macrocystis,1
fibrinolytic_agent,1
green_chemistry,1
calibration,1
control_system,1
combined_treatment,1
ectomycorrhizal_fungi,1
salmonella,1
megasphaera_elsdenii,1
ruminococcaceae,1
bifidobacteriaceae,1
selenium,1
methanobrevibacter,1
dna_sequence,1
olsenella,1
amino_acid_composition,1
ruminococcus,1
capillary_chromatography,1
fitness,1
cardiorespiratory_fitness,1
nuclear_energy,1
nominal_current,1
light_water_reactor,1
anethole,1
betaproteobacteria,1
bifidobacterium,1
ulva,1
ozonization,1
visible_light,1
cyanide,1
vanadic_acid,1
bismuth,1
ectomycorrhiza,1
growth_promotion,1
reforestation,1
value_engineering,1
rural_population,1
health_care_reform,1
twentieth_century,1
hyperbaric_pressure,1
room_temperature_synthesis,1
agar_gel_electrophoresis,1
nuclear_power_plant,1
wire_gauge,1
corrosion_of_a_fuse_holder,1
nuclear_fuel,1
archard_wear_law,1
heavy_water_reactor,1
fuse_holder,1
nuclear_plant,1
wear_law,1
natural_frequency_of_a_fuse_holder,1
social_justice,1
politics,1
morality,1
universal_health_care,1
health_care_system,1
height,1
inoculum,1
cofinally_pseudocomplete_space,1
linearly_ordered_space,1
extent,1
go_space,1
cofinally_baire_space,1
lindelof_space,1
dyslipidemias,1
treatment_group,1
election,1
animal_survival,1
protein_isolation,1
exercise,1
liver_mitochondrion,1
gel_zymography,1
langmuir_adsorption_isotherm,1
physicochemical_process,1
magnesium_ion,1
metal_complex,1
high_pressure_and_temperature,1
result_analysis,1
time_distribution_of_transition_probability,1
growth_and_decay_time_in_transition_probability,1
growth_time,1
decay_process,1
time_evolution,1
decay_time,1
growth_process,1
time_resolved,1
transition_probability,1
time_evolution_of_transition_probability,1
root_colonization,1
morphological_feature,1
pinaceae,1
secondary_metabolite,1
morphotype,1
processing,1
synthesis_time,1
photocatalytic_performance,1
time_dependent,1
hydroxymethylglutaryl_coenzyme_a_reductase_kinase_kinase,1
fartlek_type_exercise,1
cellulase,1
genome_assembly,1
mannosidase,1
atta,1
mitochondrial_damage,1
succinate_dehydrogenase,1
fatality,1
binomial_conducive_to_fatal_progression,1
mitochondrial_membrane_potential,1
ubiquinol_cytochrome_c_reductase,1
proton_transporting_adenosine_triphosphate_synthase,1
high_calorie_diet,1
tert_butyl_hydroquinone,1
hydroquinone,1
mean_annual_failure_rate,1
time_resolved_growth_and_decay_process,1
environmental_load,1
concrete_beam_and_girder,1
cumulative_damage,1
synthesis_time_impact,1
photocatalytic_hydrogen,1
"cholesterol,_hdl",1
steroidogenesis,1
ovary_follicle_cell,1
information_theory,1
atom_in_molecule,1
quantum_information,1
relative_entropy,1
linear_transformation,1
drift_ratio,1
highway_bridge,1
dna_transposable_element,1
genomic_annotation,1
leucoagaricus_gongylophorus,1
fungal_gene,1
"genome,_fungal",1
base_composition,1
transposon,1
agaricales,1
fungal_genome,1
molecular_sequence_annotation,1
chitin_synthase,1
carbohydrate_binding_module,1
basidiomycota,1
glyoxal_oxidase,1
atta_mexicana,1
genomics,1
two_lane_roadway,1
sex_hormone,1
lignocellulosic_biomass,1
enzymatic_concentration,1
propionibacterium_acidipropionici,1
acid_production,1
total_carbohydrate,1
solid_loading,1
molecular_genetics,1
metalloproteinase,1
carbohydrate_estearase,1
polysaccharide_lyase,1
genetic_density,1
gene_count,1
molecular_genetic_phenomenon_and_function,1
laccase,1
dna_transposon,1
fungal_metabolism,1
beta_glucan_hydrolase,1
genetic_parameter,1
chitinase,1
evolutionary_adaptation,1
fisher_entropy,1
quantum_entity,1
quantum_approach,1
qtaim,1
stockholder_partition,1
system_information,1
red_shift,1
lysophospholipid,1
hormone_synthesis,1
protein_kinase_c,1
antral_follicle,1
bottle,1
metformin_plus_sitagliptin,1
lysophospholipids,1
luteinization,1
theca_cell,1
canal,1
vegetation_cover,1
valley_of_mexico,1
mountain_stream,1
riparian_vegetation,1
anthropometric_parameter,1
roseburia,1
parameter,1
dietary_carbohydrate,1
fungal_enzyme,1
aspartic_proteinase,1
adipocytes,1
caffeic_acid,1
valine,1
glibenclamide_plus_metformin,1
faecalibacterium,1
ovary_follicle_development,1
receptor_binding,1
gonadotropin_release,1
sphingosine,1
uterine_cervical_neoplasm,1
knowledge_gap,1
rna_binding_protein,1
myc_protein,1
hotair_gene,1
electronic_spreadsheet,1
deoxycholate_sodium,1
buparlisib,1
polyvinylidene_fluoride,1
adipogenesis,1
lipogenesis,1
transthoracic_echocardiography,1
heart_rate_variability,1
heart_left_ventricle_ejection_fraction,1
anthracycline,1
left_atrial_conduit_strain,1
silica_gel,1
lipid_composition,1
sucrose,1
hydrodistillation,1
diet_induced_obesity,1
statistically_significant_result,1
edetic_acid,1
sandwich_elisa,1
heteronuclear_single_quantum_coherence,1
malva,1
proline,1
buffer,1
luciferase_assay,1
tumor_suppressor_gene,1
immunodetection,1
basin,1
ecosystem_response,1
bioindicator,1
mixed_forest,1
gene_knockdown,1
immunoprecipitation,1
beta_catenin,1
"pten_protein,_human",1
standing,1
right_atrial_strain_conduit_phase,1
cancer_patient,1
breathing,1
cancer_combination_chemotherapy,1
power_spectrum,1
cardiovascular_parameter,1
left_ventricular_global_longitudinal_strain,1
trastuzumab,1
heart_left_ventricle_endsystolic_volume,1
cardiotoxicity,1
left_ventricular_global_circumferential_strain,1
left_atrial_strain_pump_phase,1
right_atrial_strain,1
supine_position,1
right_atrial_strain_pump_phase,1
data_handling,1
satellite_imagery,1
work_flow,1
reliability_and_integrity_verification,1
digital_storage,1
left_ventricular_mechanical_dyssynchrony,1
left_atrial_strain,1
left_ventricular_global_radial_strain,1
heart_left_ventricle_enddiastolic_volume,1
right_atrial_strain_reservoir_phase,1
troponin,1
heart_left_atrium,1
left_atrial_strain_conduit_phase,1
rr_interval,1
multiple_cycle_treatment,1
loading_drug_dose,1
left_atrial_strain_reservoir_phase,1
volcanic_soil,1
humic_substance,1
mineralogy,1
sierra_madre_[mexico],1
queretaro,1
canonical_wnt_signaling,1
fluorescence_in_situ_hybridization,1
gene_silencing,1
siha_cell_line,1
uterine_cervix_tumor,1
pten_phosphohydrolase,1
pten_gene,1
dna_methylation,1
sierra_madre_occidental,1
fault_tolerance,1
immunoassay,1
interview,1
genetics_of_atherosclerotic_disease,1
coronary_artery_bypass_graft,1
makeflow,1
virtual_container,1
design_pattern,1
container,1
cloud_computing,1
integrity_verification,1
task_parallelism,1
software_practice,1
data_parallelism,1
computer_assisted_tomography,1
tobacco_use,1
radioimmunometric_assay,1
industrial_process,1
insulin_blood_level,1
percutaneous_coronary_intervention,1
coronary_stenosis,1
blood_pressure,1
pericardial_fat,1
antilipemic_agent,1
fasting_blood_glucose_level,1
dysfunctional_adiposity_index,1
angiography,1
diagnostic_accuracy,1
predictive_value_of_test,1
atherosclerosis,1
body_adiposity_index,1
cardiovascular_risk_factor,1
pericardium,1
golden_pothos,1
foliage,1
irrigation,1
adiposity,1
youden_index,1
homa_index,1
surrogate_mother,1
"hotair_long_untranslated_rna,_human",1
rna_immunoprecipitation,1
antisense_oligonucleotide_sequence,1
hela_cell,1
anthropogenic_activity,1
industrial_energy,1
breakthrough_curve,1
carbon_capture_and_utilization,1
carbon_dioxide_adsorption,1
parturition,1
mass_index,1
recurrence_quantification_analysis,1
vectormyometriogram,1
recurrent_disease,1
recurrence,1
electrohysterography,1
botanical_biofilter,1
indoor_air,1
"air_pollution,_indoor",1
ambient_air,1
indoor_air_quality,1
indoor_air_pollution,1
removal_efficiency,1
hydroponics,1
air_cleaner,1
arterial_thromboembolism,1
hydroponic_column,1
epipremnum_aureum,1
volatile_organic_compound,1
bioscrubbers,1
uterine_contractility,1
adsorption_modeling,1
"gene_expression_regulation,_neoplastic",1
rna_binding_protein_immunoprecipitation,1
uterine_cervix_cancer,1
wnt_signaling_pathway,1
wnt_signaling,1
body_potential,1
mutual_information,1
mutual_information_measure,1
carbonyl_derivative,1
heat_convection,1
solar_reactor,1
computational_cost,1
electromyography,1
birth,1
gynecology,1
image_coding,1
"signal_processing,_computer_assisted",1
normal_weight,1
slow_wave,1
vector_quantization,1
venous_thromboembolism,1
disease_classification,1
antiphospholipid_syndrome,1
high_risk_patient,1
patient_coding,1
solar_energy,1
complex_model,1
pseudo_atom,1
direct_air_capture,1
carbon_capture_and_storage,1
toth,1
fixed_bed,1
photosensitizing_agent,1
folic_acid,1
photochemotherapy,1
phthalocyanine,1
titanium_dioxide_nanoparticle,1
multitubular_and_multitask_solar_reactor,1
energy_supply,1
heat_radiation,1
heat_transfer_mechanism,1
interaction_information,1
large_n,1
high_order,1
ground_state,1
interaction_energy,1
sol_gel,1
phthalocyanine_zinc,1
glioblastoma_cell,1
toxicity_assay,1
ethnic_difference,1
liver_hilus,1
uk_biobank,1
liver_function_test,1
intermediate_risk_patient,1
low_risk_patient,1
patient_identification,1
baja_california_[_mexico],1
ecuador,1
rare_specie,1
confined_harmonic_oscillator,1
energy_spectrum,1
impenetrable_wall,1
rayleigh_ritz_method,1
gaussian_basis_set,1
quantum_mechanical,1
propionate_sodium,1
tube_temperature,1
multiparametric_magnetic_resonance_imaging,1
normal_distribution,1
fat_content,1
isoindole_derivative,1
absorption_spectroscopy,1
calcium_propionate,1
population_distribution,1
photodynamic_therapy,1
ultraviolet_irradiation,1
indole_derivative,1
indoles,1
isoindoles,1
key_factor,1
[co/cu],1
cu_specie,1
pd_specie,1
nanoclay,1
gulf_of_california,1
gulf_of_panama,1
echinoderm,1
latitude,1
galapagos_island,1
zinc_phthalocyanines,1
photosensitiser,1
zn_phthalocyanine,1
glial_cell_line,1
extraction_condition,1
conical_surface,1
radial_standard_deviation,1
cone_surface,1
cone,1
photoinhibition,1
chlorophyll,1
earthquake_rupture,1
earthquake_effect,1
raw_meat,1
magnesium_sulfate,1
molecular_oxygen,1
university_installation,1
precursor,1
"receptors,_progesterone",1
phenyl_group,1
site_effect,1
displacement,1
ground_motion_modeling,1
fourier_amplitude_spectrum,1
spectral_value,1
probabilistic_seismic_hazard_analysis,1
random_vibration_theory,1
response_spectrum,1
biomass_productivity,1
population_modeling,1
guatemala_[central_america],1
furan_derivative,1
acss_gene,1
organic_fraction_of_municipal_solid_waste,1
alkaline_condition,1
outdoor_condition,1
biogas_upgrading,1
configuration_space,1
particle_on_a_cone_surface,1
standard_deviation,1
energy_eigenvalue,1
strong_interaction,1
cylindrical_channel,1
exponential_law,1
elastomer,1
gaussian_distribution,1
total_phenolic_compound,1
national_planning,1
recycling,1
scaling_exponent,1
channel_length,1
methanosaeta_concilii,1
acetate_kinase,1
acetate_coenzyme_a_ligase,1
osmotic_stress,1
methanosarcina_mazei,1
"drug_screening_assays,_antitumor",1
benzoyl_peroxide,1
drug_cytotoxicity,1
antineoplastic_metal_complex,1
progesterone_receptor,1
drug_mechanism,1
phosphate_acetyltransferase,1
bacterial_metabolism,1
methylotroph,1
cytotoxic,1
fwda_gene,1
hydrogenotrophic_methanogenesis,1
oxidoreductase,1
acetoclastic_methanogenesis,1
antioxidant_capacity,1
extraction_time,1
response_surface_methodology,1
extraction_temperature,1
phenolic_antioxidant,1
stenocereus_stellatus,1
betalains,1
aquaculture,1
phytoplankton,1
acka_gene,1
methylotrophic_methanogenesis,1
pta_gene,1
total_ammonia_nitrogen,1
gaussian_polymer,1
first_passage_time,1
polymer_translocation,1
ionomers,1
translocation_speed,1
microplastics,1
flow_measurement,1
inventory,1
plastic_waste,1
action_plan,1
pollutant_source,1
methylotrophic_metabolism,1
gas_adsorption,1
disability_assessment,1
cost_of_illness,1
catalytic_nanomedicine,1
medical_nanotechnology,1
copper_coating,1
bond_strength,1
bionanocatalyst,1
disease,1
glioblastoma_multiforme,1
spirochromenes,1
theoretical_chemistry,1
peroxyl_radical,1
electronic_calculation,1
redox_metal,1
formylmethanofuran_dehydrogenase_subunit_a,1
traffic_accident,1
regional_geography,1
bone_density,1
wound_and_injury,1
injury_severity,1
economic_development,1
automutilation,1
free_radical_scavenging_activity,1
free_radical,1
reaction_mechanism,1
hierarchical_structure,1
metal_porosity,1
hierarchical,1
chemically_modified,1
mixed_metals,1
gas_adsorption_and_separation,1
occupational_hazard,1
drug_use,1
health_hazard,1
falling,1
partner_violence,1
field_study,1
low_income_country,1
plastic_pollution_inventory,1
plastic_pollution,1
marine_environment,1
plastic_recycling,1
pollution_source,1
microplastic,1
plastic_leak,1
workshop,1
artificial_intelligence,1
mo_device,1
industrial_robot,1
disease_incidence,1
globalization,1
trend_analysis,1
year_lived_with_disability,1
governance_approach,1
environmental_assessment,1
knowledge_based_system,1
electron_beam_lithography,1
metal_oxide_semiconductor_inversion_layer_width,1
poisson_equation,1
inversion_layer_electric_potential,1
field_effect_transistor,1
impurity_concentration,1
electron_gas,1
virtual_service,1
virtual_machine,1
acetobacteraceae,1
semiconductor_device_manufacture,1
mosfet_device,1
analytical_solution_of_inversion_layer_poisson_equation,1
oxide_semiconductor,1
layer_width,1
metal_oxide_semiconductor,1
threshold_voltage,1
drift_current,1
electric_current,1
charge_density_in_the_inversion_layer,1
effective_ionized_impurity_concentration_in_metal_oxide_semiconductor,1
analytical_drift_current_in_and_the_field_effect_transistor,1
ionized_impurity,1
scale_up,1
kombucha,1
fourier_transform_mass_spectrometry,1
physicochemical_characteristic,1
cellulose,1
human_intervention,1
conflicting_objective,1
affective_computing,1
emotion_toward_robot,1
multi_objective_problem,1
adversarial_machine_learning,1
microrobots,1
decision_making_process,1
service_robot,1
multipurpose_robot,1
decision_maker,1
culture_system,1
gel_permeation_chromatography,1
production,1
cellulose_film,1
bacterial_cellulose,1
starfish,1
qualitative_analysis,1
waste_management,1
multi_faceted_approach,1
information_leakage,1
plastic,1
real_operating_condition,1
thiobarbituric_acid_reactive_substance,1
s_allyl_cysteine,1
astrocyte,1
industrial_production,1
tin_compound,1
near_infrared_spectroscopy,1
growth_medium,1
emerging_material,1
yeast_nitrogen_base,1
microbial_consortium,1
biochemical_analysis,1
bacterial_kinetics,1
low_molecular_weight,1
cluster_synchronization,1
synchronization_dynamic,1
ring_network,1
synchronization,1
pattern_transition,1
hub–braun_neuron,1
neuronal_heterogeneity,1
voltage_gain,1
feedback_amplifier,1
indirect_current_feedback,1
flipped_voltage_follower,1
instrumentation_amplifier,1
neuron_configuration,1
bursting_and_tonic_neuron,1
firing_pattern,1
bursting_neuron,1
acrosome_reaction,1
cryoprotective_agent,1
sperm_preservation,1
semen_preservation,1
eagle,1
reduction_reaction,1
electrochemical_reduction,1
electrocatalytic,1
catalyst_performance,1
electrolytic_reduction,1
bioimpedance_analysis,1
international_journal,1
glioma,1
temozolomide,1
glioblastoma_cell_line,1
manganese_oxide,1
solar_selective_coating,1
photothermal_conversion_efficiency,1
selective_solar_absorber,1
experimental_analysis,1
buffer_amplifier,1
bio_impedance,1
transconductors,1
didelphis_virginiana,1
taurine_cattle,1
gain_measurement,1
current_feedback,1
bulk_driven,1
transconductance,1
farm_animal,1
neotoma_micropus,1
peromyscus,1
nayarit,1
opossum,1
domestic_animal,1
domestic_pig,1
domestic_horse,1
cadmium_compound,1
capture_capability,1
black_sand,1
photocatalytic_property,1
heterogeneous_photocatalysis,1
hole_scavenger,1
indirect_transition,1
genetic_variation,1
host,1
domestic_cat,1
domestic_goat,1
satellite_dna,1
mephitis_mephitis,1
urocyon_cinereoargenteus,1
peromyscus_melanophrys,1
rattus_rattus,1
neotoma,1
didelphimorphia,1
rodentia,1
soil_conservation,1
agricultural_ecosystem,1
management_practice,1
legislation,1
manganese_iron,1
catalytic_cracking,1
iron_research,1
spectral_reflectance,1
collector_efficiency,1
multifunctional_binder,1
dental_caries,1
severity_of_illness_index,1
need_assessment,1
toothbrushing,1
hegemony,1
oxidative_dehydrogenation_of_propane,1
water_splitting,1
maghemites,1
ilmenite,1
haematite,1
wavelength_dispersive_spectroscopy,1
circular_economy,1
process_models,1
environmental_evaluation,1
refining,1
edible_mushroom,1
process_simulation,1
technical_economic_environmental_evaluation,1
biorefineries,1
potential_health,1
comprehensive_assessment,1
grafting_method,1
genetic_transcription,1
tata_box_binding_protein,1
southern_blotting,1
electrophoretic_mobility,1
autoradiography,1
transcription_termination,1
oxidation_model,1
simulation_code,1
thermal_hydraulic_in_nuclear_reactor,1
nuclear_reactor_accident,1
thermal_hydraulic_response,1
asyst/scdapsim,1
code,1
extreme_condition,1
propylene_selectivity,1
pt_sn_catalyst,1
propane,1
propylene,1
optimal_loading,1
oxidative_dehydrogenations,1
magnesium_methoxide,1
oogenesis,1
progesterone_derivative,1
hydroxyprogesterones,1
reproduction,1
oocyte_development,1
modified_zeolite,1
dye_degradation,1
linear_copolymer,1
theoretical_capacity,1
ionic_polymer,1
particle_method,1
representative_elementary_volume_scale,1
smoothing,1
flow_of_water,1
tata_binding_protein_associated_factor,1
rna_binding,1
northern_blotting,1
histone,1
sequence_homology,1
dipivefrine,1
plasmodium_falciparum,1
drosophila,1
tata_binding_protein,1
helminth_protein,1
base_pairing,1
cysticercus,1
radiosensitization,1
gel_mobility_shift_assay,1
hamster,1
cestode,1
schizosaccharomyces_pombe,1
transcription_elongation,1
random_copolymer,1
raft_polymerization,1
sulphur_chemistry,1
prostate_disease,1
alternative_rna_splicing,1
langmuir_hinshelwood_kinetics,1
representative_elementary_volume,1
porous_substrate,1
performance_assessment,1
heterogeneous_porous_medium,1
ergun’s_equation,1
heterogeneity,1
adenine_nucleotide,1
radiation_sensitizing_agent,1
dna_synthesis,1
air_purification,1
removal,1
stripping,1
cleaner_production,1
natural_zeolite,1
epithelial_cell,1
overrepresentation_analysis,1
prostate_epithelium_cell,1
dna_synthesis_inhibition,1
normoblast,1
radiation_response,1
algae,1
nonlinear_magnetic_material,1
analytical_approach,1
radiosensitizing_agent,1
ribonucleotide_reductase,1
demethylation,1
arabinonucleoside,1
bone_marrow_cell,1
arabinonucleosides,1
ionizing_radiation,1
dna_strand_breakage,1
clofarabine,1
cholinesterase_inhibitor,1
cholinergic_transmission,1
porous_medium_flow,1
smoothed_particle_hydrodynamics,1
web_programming,1
viewer,1
visualization_technique,1
scientific_research,1
web_based_tool,1
city_traffic,1
data_visualization,1
neurofibrillary_tangle,1
electrophorus,1
hydroxyl_group,1
tau_protein,1
inhibition_constant,1
nitrogen_depletion,1
transcription,1
acid_pulse,1
transcriptional_analysis,1
magnetic_field_penetration,1
nonlinear_permeability,1
magnetic_field_dynamic,1
electrical_machine,1
lame_coefficient,1
element_method,1
web_technology,1
prostate_tissue,1
geriatric_disorder,1
prostate,1
arachidonic_acid_derivative,1
endocannabinoid,1
morpholines,1
benzoxazines,1
anandamide,1
datatypes,1
heuristic_method,1
curve_fitting,1
thermal_degradation,1
thermolysis,1
individualization,1
psychological_theory,1
mineralization,1
traffic_incident,1
exchange_current_density,1
oxygen_evolution,1
chlorine_reaction,1
ionization_of_gas,1
active_chlorine,1
accelerated_lifetime,1
dsa,1
montecarlo_method,1
isotope,1
monte_carlo_technique,1
circular_cavity,1
packing_fraction,1
health_status_disparity,1
skin_pigmentation,1
ethnology,1
mitochondrial_swelling,1
nitro_derivative,1
mitochondrion_swelling,1
endocannabinoids,1
naphthalene_derivative,1
benzoxazine_derivative,1
nitro_compound,1
model_free_analysis,1
relative_crystallinity,1
trans_medium_narrative,1
telegraph,1
possible_world,1
vaccine_hesitancy,1
photoelectrocatalysts,1
photo_anodes,1
photoelectrode,1
anodizations,1
activity,1
oxygen_vacancy,1
textural_property,1
elemental_surface,1
bateman_equation,1
high_level_language,1
burnup_problem,1
general_solution,1
computational_technique,1
turbine_operation,1
conformable_calculus,1
clean_energy_source,1
generalized_conformable_derivative,1
sleep_apnea_syndrome,1
diophantine_equation,1
python,1
decay_chain,1
divided_difference,1
cauchy_product,1
computational_implementation,1
decay_constant,1
burn_up,1
telegram,1
multi_modal,1
meaning_making,1
turbine_component,1
hydrogen_turbine,1
modelling_technique,1
transition_to_clean_energy_source,1
fractional_order_kinetic_model,1
heating_rate,1
morpholine_derivative,1
propionates,1
polyunsaturated_alkamides,1
vitamin_d,1
osteopenia,1
osteocalcin,1
voriconazole,1
critical_challenge,1
advanced_modeling,1
arch,1
arch_bridge,1
snoring,1
sleep_quality,1
disease_risk_assessment,1
symmetric_solution,1
thermal_reservoir,1
anti_symmetric_solution,1
rectangular_plate,1
thermal_transport,1
phonon_transport,1
dispersion_relation,1
elastic_wave_guide,1
multi_modality,1
oppositional_culture,1
vaccine,1
spherical_surface,1
discotic_liquid_crystal,1
error_correction,1
disclination_line,1
functional_material,1
kirchhoff_love,1
acquired_immune_deficiency_syndrome,1
sentinel_surveillance,1
south_asia,1
eastern_europe,1
middle_east,1
acquired_immunodeficiency_syndrome,1
behavior_change,1
viremia,1
anchorings,1
crystal_defect,1
soft_material,1
topological_defect,1
soft_matter_physic,1
osteoclast_differentiation_factor,1
corticosteroid,1
osteoblast,1
granulation,1
decomposition_model,1
activation_analysis,1
starch_granule,1
acute_lymphoblastic_leukemia,1
ossification,1
daunorubicin,1
calcifediol,1
bone_turnover,1
prednisone,1
layered_semiconductor,1
citric_acid,1
photooxidation,1
hydroxide,1
ferric_oxide,1
carrier_concentration,1
umbelliferone,1
gallium_compound,1
arsenite_removal,1
iron_hydroxide,1
arsenites,1
coprecipitation_method,1
arsenic_trioxide,1
liquid_crystal_droplet,1
precision_engineering,1
spherical_shell,1
cavity_size,1
vector_representation,1
rydberg_state,1
milk_fermentation,1
lacticaseibacillus_rhamnosu,1
ferric_compound,1
decontamination,1
initial_weight,1
diffraction,1
znalfe_mixed_metal_oxide,1
hydroxyl_radical,1
wide_band_gap_semiconductor,1
ferric_ion,1
auger_electron_spectroscopy,1
mixed_metal_oxide,1
semiconducting_indium_phosphide,1
food_chemistry,1
antithrombotic,1
ace_inhibitory_activity,1
kinetic_scheme,1
management_control,1
control_purpose,1
biogas_production,1
logistic_equation,1
optimization_and_control,1
arsenite,1
small_cavity,1
spatial_confinement,1
coherent_light,1
quantum_confinement,1
heisenberg_uncertainty_principle,1
heisenberg_uncertainty_relation,1
powder,1
remission,1
vincristine,1
vitamin_intake,1
excitation_energy,1
total_interaction_energy,1
energy_contribution,1
charge_transfer_process,1
important_feature,1
penaeus_vannamei,1
sex_determination,1
anti_hypertensive_activity,1
proteolytic_activity,1
antihypertensive,1
lactobacillus_delbrueckii,1
anti_thrombotic_activity,1
borocarburizing,1
production_kinetics,1
production_model,1
zero_initial_condition,1
basis_set,1
reference_value,1
charge_transfer_energy,1
bisphosphonic_acid_derivative,1
bone_remodeling,1
radiation_dose,1
bone_metabolism,1
bone_fragility,1
vitamin_d_deficiency,1
bone_marrow_biopsy,1
ultraviolet_photoelectron_spectroscopy,1
fluorescence_detector,1
thermo_gravimetric,1
post_treatment,1
boriding,1
carburizing,1
scratch_test,1
failure,1
simplified_closed_form_expression,1
genome_wide_association_study,1
sex_determination_process,1
chromosome_mapping,1
chromosomal_mapping,1
genetic_linkage,1
genome_analysis,1
penaeidae,1
fecundity,1
substrate_system,1
tempering_treatment,1
tempering,1
practical_adhesion,1
young_modulus,1
elastic_modulus,1
vickers_hardness,1
brittleness,1
osteoporosis,1
acute_myeloid_leukemia,1
asparaginase,1
colecalciferol,1
osteoprotegerin,1
parathyroid_hormone,1
fluorescence_behavior,1
x_ray_analysis,1
fourier_transform_infrared_spectrometer,1
cyperus,1
contaminated_soil,1
petroleum_hydrocarbon,1
petroleum,1
railroad_bridge,1
seismic_load,1
reliability_indicator,1
structural_response,1
annual_rate,1
mean_annual_rate_of_failure,1
failure_mechanism,1
reliability_analysis,1
concrete_bridge,1
bridge,1
estimation_method,1
waste_cooking_oil,1
derived_material,1
heterogeneous_catalyst,1
catalytic_evaluation,1
improvement,1
viscosity_index,1
infrared:_spectroscopy,1
fluorescence_quenching,1
medical_care,1
gastrointestinal_disease,1
housing_quality,1
policy_implementation,1
food_poisoning,1
soil_pollutant,1
slurry_phasis,1
total_petroleum_hydrocarbon,1
contaminated_land,1
chronic_unpredictable_stress,1
swimming,1
biomineralization,1
highly_contaminated_soil,1
petroleum_chemistry,1
solid_phase,1
soil_microbiology,1
microbial_respiration,1
biotechnology,1
soil_pollution,1
hydrocarbon_bioavailability,1
microbial_respiration_in_soil,1
contamination,1
beta_cyclodextrins,1
catalyst_loading,1
calcium_methoxides,1
nitric_acid_derivative,1
ammonium_derivative,1
physiological_adaptation,1
neurochemistry,1
beta_cyclodextrin,1
waterborne_disease,1
marginalization,1
economic_inequality,1
language,1
cholera,1
socioeconomic_status,1
child_mortality,1
shigellosis,1
mental_health_service,1
water_borne_disease,1
swiss_webster_mouse,1
nanopesticide,1
organic_molecule,1
oral_drug_administration,1
neoponcirin,1
"administration,_oral",1
tail_suspension_test,1
child_health,1
mortality_risk,1
gastroenteritis,1
childhood_mortality,1
reusability,1
cermets,1
cerium_alloy,1
degradation_efficiency,1
structural_stability,1
"adaptation,_physiological",1
nanotoxicity,1
organic_laser,1
bisphenols_a,1
superoxide,1
sem_eds,1
intestinal_amebiasis,1
poc_and_secondary_organic_carbon,1
polycyclic_aromatics,1
secondary_organic_carbon,1
pah,1
carrier_separation,1
laser_fluences,1
laser_fragmentation,1
nanoribbons,1
fluences,1
insecticide,1
multiangle_laser_light_scattering,1
branched_starch_structure,1
spherical_nanoparticles,1
laser_induced,1
tropic_climate,1
water_buffalo,1
fasciola_hepatica,1
parasite_prevalence,1
buffalo,1
maleimide,1
michael_addition,1
zinc_chloride,1
pyrrole,1
ammonium_compound,1
imidacloprids,1
liquid_medium,1
charged_excitons,1
itinerant_electron,1
microcavities,1
ion_exchange_chromatography,1
high_performance_anion_exchange_chromatography,1
amylopectin,1
debranched_starch_structure,1
gyration_radius,1
"chromatography,_ion_exchange",1
high_performance_size_exclusion_chromatography,1
chain_length,1
amylose,1
chain_length_distribution,1
chromatography,1
size_determination,1
starch_structure,1
amylopectins,1
"chromatography,_gel",1
structure_determination,1
hydrodynamic_radius,1
cyclin_d,1
photocatalytic_hydrogen_production,1
photocatalytic_hydrogen_evolution,1
bisphenol_a,1
embeddings,1
free_topological_group,1
c_embedding,1
pseudocompact_space,1
nitropolycyclic_aromatic_hydrocarbon,1
peripheral_lymphocyte,1
cell_cycle_delay,1
cyclin_e,1
many_body,1
trion,1
hybridisation,1
many_body_state,1
polaritons,1
pyrene,1
carbonaceous_specie,1
elemental_carbon_reactive,1
permeability_tensor,1
slip_flow,1
no_slip,1
boundary_integral_equation,1
polariton,1
quantum_field,1
muscle_cell,1
drug_discovery,1
forest_ecology,1
juniperus,1
anthropogenic_forest_disturbance_gradient,1
survey,1
abiotic,1
experimental_diabetes_mellitus,1
"diabetes_mellitus,_experimental",1
international_diabetes_federation,1
dental_fluorosis,1
dentition,1
crustacean,1
allelochemical,1
electron_transport_complex_iv,1
insect_protein,1
cavity_photon,1
light_matter_coupling,1
environmental_disturbance,1
eucalyptus,1
indicator_specie,1
temporal_dynamic,1
plant–pollinator_interaction,1
habitat_disturbance,1
defect_engineering,1
defect_in_metal,1
dynamic_material,1
defect_formation,1
rigid_matrix,1
synthetic_parameter,1
defect_characterization,1
molecular_component,1
butterfly,1
flora,1
skin_fibroblast,1
corpus_luteum,1
somatic_cell_nuclear_transfer,1
anemia,1
wasting_syndrome,1
lowest_income_group,1
child_growth,1
resource,1
flower_visiting,1
forest_disturbance,1
anthropogenic,1
temporal_variation,1
anthropogenic_forest,1
plant_disease,1
disturbance_gradient,1
anthropogenic_effect,1
protein_bad,1
butterfly_community,1
growth_disorder,1
"infant,_low_birth_weight",1
middle_income_country,1
stunting,1
global_nutrition_target,1
general_fluid_mechanic,1
macroscopic_modelling,1
boundary_integral_method,1
countably_compact_space,1
topological_space,1
embedding_theorem,1
embryo,1
blastocyst,1
embryo_development,1
"myocytes,_cardiac",1
fc_receptor,1
phagocytosis,1
fragaria,1
transducer,1
it_application,1
chitinase_preservation,1
alginate,1
fungal_detection,1
chitinases,1
capacitive_transducer,1
alternaria_alternata,1
phosphate_buffer,1
zinc_oxide_nanoparticles,1
biosensors,1
postharvest,1
cyclic_amp_responsive_element_binding_protein,1
rna_purification,1
two_step_anodization,1
field_emission_microscope,1
gold_nanoparticle,1
partial_discharge,1
surface_enhanced_raman,1
myocardial_reperfusion_injury,1
protein_bax,1
myocardial_ischemia_reperfusion_injury,1
ppar_alpha,1
mitochondrial_membrane,1
animal_cell_culture,1
"animals,_newborn",1
cytochrome_c,1
reoxygenation,1
gene_ontology,1
trypomastigote,1
meccus_pallidipenis,1
heart_tissue,1
microarray_analysis,1
handmade_cloning,1
genital_system,1
cichlid,1
metamorphosis,1
"metamorphosis,_biological",1
flow_in_porous_medium,1
female_genital_system,1
ovary_follicle_fluid,1
enzyme_assisted_extraction,1
cumulus_cell,1
nuclear_reprogramming,1
aluminium_oxide,1
surface_enhanced_raman_scattering_substrate,1
raman_scattering,1
gold_nanoparticles,1
enameling,1
raman_scattering_substrate,1
enhanced_raman_scattering,1
combined_cycle_power_plant,1
precombustion,1
structural_dynamic,1
ceramic_plant,1
integrated_circuit_design,1
water_gas_shift,1
gas_permeable_membrane,1
space_velocity,1
fossil_fuel_power_plant,1
coil_design,1
integrated_gasification_combined_cycle_power_plant,1
capital_cost,1
nafion_membrane,1
ceramic_membrane,1
gas_shift_reaction,1
membrane_reactor,1
dual_phase_membrane,1
selective_membrane,1
product_design,1
microwave_filter,1
"phantoms,_imaging",1
signal_to_noise_ratio,1
signal_noise_ratio,1
whole_body_imaging,1
structural_analysis,1
preservative,1
dna_fragmentation,1
"preservatives,_pharmaceutical",1
electronic_component,1
imaging_phantom,1
equipment_design,1
whole_body_mri,1
electromagnetism,1
preclinical_mri,1
rf_volume_coil,1
device,1
phantom,1
radiofrequency_radiation,1
high_field,1
electromagnetic_simulation,1
phantom_image,1
additive_effect,1
parabens,1
exposure,1
propyl_paraben,1
drug_toxicity,1
follicular_aspiration,1
uterus_fluid,1
oviductal_fluid,1
amphotericin_b,1
oocyte_maturation,1
zona_pellucida,1
mean_corpuscular_volume,1
mean_corpuscular_hemoglobin,1
hematological_parameter,1
male_infertility,1
acrosome,1
copper_corrosion,1
ag_alloy,1
phase_present,1
corrosion_resistant_alloy,1
lasiurus,1
beauveria,1
aureobasidium,1
cladosporium,1
verticillium,1
chiroptera,1
eptesicus_fuscus,1
myotis,1
stachybotrys,1
scopulariopsis,1
alternaria,1
anesthetic_agent,1
microhardness,1
phase_transformation,1
myoblast,1
apigenin,1
high_density_lipoprotein_cholesterol_level,1
harmonic_potential,1
carnot_cycle,1
coefficient_of_performance,1
refrigerator,1
carnot_refrigerator,1
langevin_equation,1
brownian,1
potential_trap,1
equation_of_state_of_solid,1
low_dissipation,1
finite_time,1
corrosive_effect,1
molding_process,1
silver_alloy,1
after_heat_treatment,1
hydroelasticity,1
bilirubin,1
blood_metabolite,1
lactate_dehydrogenase,1
stratum_granulosum,1
drug_metabolism,1
drug_additive,1
nutrigenomics,1
tgf_beta_signaling,1
carcass,1
cu_al_alloy,1
effect_of_heat_treatment,1
rare_earth_doped_fiber,1
ring_laser,1
nonlinear_polarization_rotation,1
continuous_time_system,1
mode_locked_fiber_laser,1
electrophoresis,1
glucose_homeostasis,1
herbal_medicine,1
polypharmacy,1
sarsaparilla,1
kaempferol,1
smilax_dominguensis,1
triacylglycerol_blood_level,1
hypolipidemic_activity,1
aluminum_corrosion,1
corrosion_test,1
quasi_continuous_wave,1
real_time_measurement,1
mode_locked,1
quasimodes,1
q_switched_laser,1
formation_process,1
phosphatidylcholine,1
meat_quality,1
malus_domestica,1
immunoproteomics,1
sensitisation,1
pediatric_patient,1
allergy,1
modelocked_laser,1
thulium_compound,1
q_switched_like,1
carbon_metabolism,1
pulse_formation_process,1
q_switched,1
fiber_laser,1
pulse_formation,1
quasi_mode_locked_regime,1
laser_mirror,1
quasi_continuous_wave_regime,1
passive_mode_locking,1
continuous_wave_laser,1
n_acetylmuramoylalanine_amidase,1
weissella,1
food_preservative,1
antagonistic_effect,1
listeria_innocua,1
luteolin,1
peptidoglycan,1
proteomics,1
allergen,1
polyherbal_phytogenic_additive,1
leukocyte_differential_count,1
food_quality,1
praseodymium_compound,1
solid_solution,1
ligand_to_metal_charge_transfer,1
serum_sample,1
immunoglobulin_e,1
pediatrics,1
fermented_meat,1
lactiplantibacillus_paraplantarum,1
ribosomal_protein,1
bacteriocin,1
one_pot_synthesis,1
tautomerization,1
decarboxylation,1
polypeptide_antibiotic_agent,1
screening,1
weissella_viridescens,1
foodborne_pathogen,1
n_acetylmuramoyl_l_alanine_amidase,1
actinomycetoma,1
bacterial_chromosome,1
bacterial_genome,1
nocardia_vulneris,1
specie_differentiation,1
lactic_acid_bacterium,1
ribosome_protein,1
matrix_assisted_laser_desorption_ionization_time_of_flight_mass_spectrometry,1
sialic_acid,1
oral_suspension,1
blood_analysis,1
conversion_of_methane,1
natural_gas,1
product_stream,1
valorisation,1
novel_concept,1
shale_gas,1
experimental_assessment,1
silicon,1
carbon_yield,1
oxidative_conversion,1
oxidative_coupling_of_methane,1
microwave_cooking,1
double_cascade_process,1
metal_to_metal_charge_transfer,1
process_based,1
excited_state,1
bayes_theorem,1
spatio_temporal_analysis,1
spatiotemporal_analysis,1
environmental_policy,1
molecular_recognition,1
diels_alder_reaction,1
agricultural_chemistry,1
acylation,1
chemical_compound,1
chemical_engineering,1
galactose,1
glycosylation,1
lentil,1
sustainable_scenario,1
field_crop,1
scenario_analysis,1
consumer_system,1
time_to_maximum_plasma_concentration,1
analytic_method,1
postmarketing_surveillance,1
pediatric_population,1
food_hypersensitivity,1
immunoreactivities,1
cross_reactivity,1
allergenic_protein,1
food_allergy,1
energy_diagram,1
titanium_compound,1
experimental_evidence,1
charged_binary_colloid,1
biosensor,1
animal_parasitosis,1
helminth,1
"parasitic_diseases,_animal",1
cystoisospora,1
prophylaxis,1
multilevel_analysis,1
herbivore,1
plant_development,1
"crops,_agricultural",1
plant_growth,1
insect_herbivore,1
drb,1
biotic_factor,1
pgpr,1
bi_stability,1
rhizobacteria,1
consumer,1
rhizobacterium,1
gold,1
interphase,1
beef,1
photo_luminescent_spectrum,1
charge_transfer_state,1
rare_earth_element,1
zirconium_compound,1
lanthanide_ion,1
binary_suspension,1
forward_scattering,1
brownian_dynamic,1
ionic_strength,1
light_exposure,1
light_irradiation,1
chronic_disease,1
parasite,1
strongyloides_stercoralis,1
hymenolepis,1
dog_disease,1
disease_transmission,1
dipylidium_caninum,1
feral_dog,1
toxocara,1
awareness,1
giardia,1
ancylostoma,1
led_light,1
titanate,1
photocatalyst_material,1
design_and_application,1
material_design,1
material_application,1
titanate_nanotube,1
copper_sulfide_nanoparticle,1
bacterium_adherence,1
light_emitting_diode,1
s._aureus,1
nanocomposite,1
antibacterial,1
cupric_sulfide,1
anatase,1
photoinactivation,1
nanotube,1
cupric_ion,1
thiol,1
insulin_secreting_cell,1
pancreas_islet_beta_cell,1
membrane,1
threshold,1
insulin_secretion,1
xanthine_derivative,1
periplasm,1
weighted_gene_co_expression_network_analysis,1
cancer_chemotherapy,1
advanced_cancer,1
transcriptomics,1
cell_adhesion,1
docetaxel,1
rantes,1
cancer_radiotherapy,1
znsn_composite,1
calcium_mobilization,1
secretion,1
oscillation,1
etiology,1
speed_up,1
collective_dynamic,1
dynamic_correlation,1
hydrodynamic_interaction,1
alternative_process,1
phenomenological_model,1
higher_yield,1
complexation,1
iodobenzene,1
pocop_pincer_complex,1
single_crystal_x_ray_diffraction_analysis,1
artificial_cranial_deformation,1
electric_activity,1
calcium_cell_level,1
cell_component,1
review,1
confined_system,1
interaction_effect,1
drug_interaction,1
chemical_system,1
computational_tool,1
interaction_system,1
nitrophenols,1
cobaltite_nanostructure,1
manganese_compound,1
micropollutant_degradation,1
micropollutants,1
"anthropology,_physical",1
spinel,1
precious_metal,1
nitrophenol_degradation,1
combustion,1
gel_combustion,1
mitochondrial_dna,1
body_remains,1
biogeography,1
accuracy,1
classic_period,1
trigonometry,1
radiometric_dating,1
efficient_ancient_genome_reconstruction,1
high_throughput_sequencing,1
trigonometric_analysis,1
dental_modification_analysis,1
dna_quality,1
lignans,1
hyperalgesia,1
hypervariable_region,1
skull_morphology,1
dental_cavity,1
archeology,1
craniometric_analysis,1
neurocranial_length,1
archaeology,1
"history,_ancient",1
cave,1
uracil,1
network_analysis,1
nucleic_acid_sequence_based_amplification,1
lignan,1
maximum_possible_effect,1
mechanical_allodynia,1
analgesic_agent,1
musculoskeletal_system,1
sanger_sequencing,1
cranial_variation,1
damage_pattern_map,1
physical_anthropology,1
anthropology,1
sequence_alignment,1
bioanthropological_analysis,1
death_determination,1
archaic_period,1
nucleotide_position,1
"dna,_mitochondrial",1
"dna,_ribosomal",1
ribosome_dna,1
food_security,1
monoculture,1
agricultural_development,1
n_nitroarginine_methyl_ester,1
anti_hyperalgesic_activity,1
drug_megadose,1
cyclic_gmp,1
spinal_nerve_ligation_injury,1
neuralgia,1
low_drug_dose,1
gabapentin,1
neuropathic_pain,1
neolignan,1
analgesic,1
dendrimers,1
click_synthesis,1
decomposition,1
malonic_acid_derivative,1
polyester,1
dendrons,1
fullerene,1
nitric_oxide_cgmp_atp_sensitive_potassium_channel_pathway,1
anti_allodynic_activity,1
paw_withdrawal_threshold,1
mechanical_hyperalgesia,1
tactile_allodynia,1
licarin_a,1
dinoflagellate,1
china,1
dinoflagellida,1
rural_landscape,1
landscape_planning,1
innovation,1
water_solubility,1
click,1
alkyl_thiols,1
cross_coupling_reaction,1
non_observable,1
colloid,1
low_ionic_strength,1
charged_colloid,1
water_system,1
water_adsorption,1
adsorption_mechanism,1
ecosystem_health,1
click_chemistry,1
methane_mitigation,1
methanotrophic_bacteria,1
malonamide_derivative,1
amphiphilics,1
malonates,1
malonic_acid,1
malonamides,1
electric_machine_control,1
intrinsic_mode_function,1
hilbert_huang_transforms,1
fault_detection,1
brushless_dc_motor,1
brushless_dc_motors,1
speed_control,1
signal_analysis,1
electronic_speed_controller,1
methanotrophic_bacterium,1
carbon_emission,1
dominance,1
fault_identification,1
speed_regulator,1
early_fault,1
hilbert_huang_transform,1
controller,1
ac_motor,1
motor_driver,1
empirical_mode_decomposition,1
microbial_co_culture,1
atmospheric_pressure,1
scenedesmus_obtusiusculus,1
alkalinization,1
photoautotroph,1
surgical_training,1
environmental_burden,1
process_intensification,1
environmental_technology,1
distillation_column,1
amino_functional_group,1
american_chemical_society,1
diluted_methane,1
illumination,1
ph_control,1
photonic_ph_control,1
coculture,1
carbon_neutrality,1
microcosm,1
mitigation,1
salinity,1
seed_dispersal,1
abundance,1
grassland,1
fuel_production,1
annual_cost,1
biojet_fuel,1
pollution_remediation,1
human_and_veterinary_antibiotic,1
surface_analysis,1
pincer_complex,1
ovariectomy,1
simulation_training,1
"education,_veterinary",1
veterinary_student,1
cost_control,1
surgery,1
monoterpenes,1
linalool,1
porous_metal,1
high_capacity,1
linear_discrete_system,1
schur_stability,1
cost_effectiveness_analysis,1
isobutyl,1
oophorectomy,1
hysterectomy,1
surgical_error,1
learning_curve,1
convex_polytopes,1
robustness_analysis,1
eucalyptol,1
litsea,1
hypothalamus_hypophysis_adrenal_system,1
cineole,1
litsea_glaucescens,1
corticosterone_blood_level,1
ovary_tissue,1
uterus_tissue,1
lactobacillus_brevis,1
intraparticle_mass_transport_resistance,1
melting_point,1
solid/gas_biocatalyse,1
candida_antarctica_lipase_b,1
candida_antarctica_lipase_b_immo_plus™,1
brain_derived_neurotrophic_factor,1
elevated_plus_maze_test,1
aromatherapy,1
distillation,1
catabolism,1
beta_pinene,1
lauraceae,1
chemical_analysis,1
litsea_glaucescens_leaf_essential_oil,1
prefrontal_cortex,1
monoterpene,1
carbon_oxide,1
biomass_pyrolysis,1
research_topic,1
environmental_field,1
cuprates,1
energy_field,1
bifunctional_material,1
diazepam,1
imipramine,1
pyrolysis,1
nicotinamide_adenine_dinucleotide_phosphate,1
nadp,1
furaldehyde,1
furfural,1
saturated_fatty_acid,1
proton,1
isobutyl_propionate,1
boiling_point,1
mass_transport_resistance,1
isobutanol,1
intraparticle,1
rna_isolation,1
acinetobacter_baylyi,1
nad,1
guanosine_triphosphate,1
sensing_mechanism,1
diagnosis_of_disease,1
chemical_profile,1
peel,1
antidiabetic_effect,1
annona_squamosa,1
antihiperglycemic,1
wortmannin,1
sugar_apple,1
drought,1
perennial_plant,1
community_dynamic,1
community_composition,1
arid_region,1
resistor,1
clamping_effect,1
anesthesia,1
catgut,1
virtual_learning_environment,1
cmos,1
parasitic_diode,1
clamping_device,1
offset_voltage,1
electrical_characterization,1
floating_gate_circuit,1
diode,1
electric_network_analysis,1
analog_integrated_circuit,1
quasi_floating_gate,1
clamping_circuit,1
circuit_complexity,1
ion_exchange,1
protein_blood_level,1
erythropoiesis,1
genome_size,1
silver_nanoparticles,1
selective_sensing,1
infrared_device,1
halide_anion,1
aquatic_ecosystem,1
ion_selective_electrode,1
plasmonic_sensor,1
sensitive_detection,1
plasmonics,1
ion_chromatography,1
high_sensitivity,1
veterinary_surgery,1
videoconferencing,1
silk,1
hemostasis,1
antisepsis,1
medical_education,1
asepsis,1
distance_learning,1
vapor_pressure,1
isobutyl_alcohol,1
acetophenone,1
candida_antarctica,1
si/ge,1
wave_function_method,1
exchange_and_correlation,1
"trimethoprim,_sulfamethoxazole_drug_combination",1
pregnant_woman,1
antibiotic_therapy,1
quasi_exactly_solvable,1
drug_potentiation,1
contig,1
unspecific_monooxygenase,1
systemic_mycosis,1
nanocarrier,1
antifungal_therapy,1
neutropenia,1
nanotechnology,1
power_generation,1
biological_pre_treatment,1
methane_production,1
industrial_plant,1
agricultural_waste,1
feedstock,1
biomethane,1
fractional_inhibitory_concentration_index,1
salmonella_typhimurium,1
depsipeptide,1
beauvericin,1
cooling_water,1
case_based,1
economic_analysis,1
sextic_potential,1
hidden_algebra,1
odd_parity,1
second_order,1
cohomology,1
supersymmetry,1
eigenpolynomials,1
algebraic_polynomial,1
polynomial_operator,1
tricyclic_orthoamide,1
drug_synergism,1
depsipeptides,1
hydrogen_bonded_dimer,1
proton_transport,1
hydrogen_bonded_system,1
proton_transfer,1
geometry_optimization,1
morphological_parameter,1
al_cu_zn_ternary_alloy,1
homogenized,1
multiple_linear_regression_model,1
cu_zn_alloy,1
homogenization_method,1
broth_dilution,1
lincomycin,1
dry_matter,1
productive_performance,1
calf,1
sodium_butyrate,1
microbiotas,1
phase,1
backscattered_electron_mode,1
yttrium_alloy,1
aluminum_copper_alloy,1
independent_variable,1
sustainable_use,1
crystal_atomic_structure,1
organic_synthesis,1
hydration,1
methyl_group,1
crystal,1
obesogenic_diet,1
shoot_system,1
root_and_shoot,1
wide_ranging_application,1
interaction_index,1
gain_stability,1
organic_chemistry,1
quantum_theory_of_atom_in_molecule,1
inverter,1
position_control,1
angular_position,1
trajectory_tracking,1
adaptive_algorithm,1
adaptation_model,1
electric_inverter,1
butyrate_sodium,1
angular_position_trajectory_tracking,1
adaptive_regulation,1
efficient_driver,1
insulin_tolerance_test,1
glucose_tolerance_test,1
steroid,1
phytosterol,1
stigmasterol,1
fetal_bovine_serum,1
biogenesis,1
genetic_predisposition,1
genetic_susceptibility,1
genetic_predisposition_to_disease,1
insulin_receptor,1
skeletal_muscle,1
insulin_signaling,1
exposed_column_base,1
simple_repair_method,1
lactuca,1
germination,1
root_growth,1
bistricopper,1
root_shoot_ratio,1
seed_production,1
shoot_growth,1
seed_germination,1
linear_polymer,1
south_american_blastomycosis,1
clinical_trial,1
ameloblastoma,1
odontogenic_tumor,1
high_performance,1
iguana,1
b_raf_kinase,1
tongue_neoplasm,1
paracoccidioidomycosis,1
tongue_tumor,1
deformation,1
cytogenetics,1
sitosterol,1
nitrous_oxide,1
"leukemia,_myelogenous,_chronic,_bcr_abl_positive",1
dead_box_protein,1
ductile_anchor_rod,1
damage_assessment,1
damage_detection,1
column_base,1
anchor,1
oxygen_defect,1
ultra_low_sulfur_diesel,1
chemical_bond,1
pyridine,1
phosphoric_acid,1
phosphorus_nuclear_magnetic_resonance,1
molybdenum,1
yielding_column_base,1
building_material,1
software_testing,1
repair_method,1
residual_capacity,1
building,1
morphometry,1
solar_radiation,1
iguanidae,1
pore_volume,1
barrett_joyner_halenda_method,1
diesel_fuel,1
chemical_parameter,1
acidity,1
acid_site,1
genetic_risk,1
fusion_gene,1
cancer_risk,1
ribonuclease_iii,1
atomic_hydrogen,1
cavity,1
boundary_condition,1
variational_approach,1
variational_technique,1
diesel_production,1
fetus_distress,1
erythrocyte,1
deconvolution,1
biofuel_production,1
formic_acid,1
surface_acidity,1
defect_concentration,1
multifractal_spectrum,1
instability_event,1
data_series,1
multifractal_parameter,1
multifractal_detrended_fluctuation_analysis,1
scram,1
reactor_stability,1
datapoints,1
stable_operation,1
plasma_synthesized_polypyrrole,1
cardiac_integrin,1
semi_empirical_method,1
wannier_excitons,1
fundamental_band,1
high_power,1
organic_ionic_plastic_crystal,1
specific_capacity,1
cell_performance,1
electronic_conducting_polymer,1
pedot/pss,1
patient_care,1
continuity_of_patient_care,1
electromyogram,1
kruskal_wallis_test,1
proteinuria,1
parasympathetic_tone,1
fetus_heart_rate,1
free_energy_determination,1
integrins,1
culture_of_rat_cardiomyocite,1
cardiomyocytes,1
restriction_fragment_length_polymorphism,1
dead_box_rna_helicases,1
micrornas,1
chronic_myeloid_leukemia,1
thalamus_nucleus,1
globus_pallidus,1
"receptors,_gaba_a",1
quinolinic_acid,1
heart,1
energy_determination,1
nutritional_characteristic,1
in_vivo,1
oxide_mineral,1
exciton_binding_energy,1
frenkel_excitons,1
exciton_energy,1
energy_scale,1
global_minimum,1
head_circumference,1
prenatal_exposure_delayed_effect,1
infectious_pregnancy_complication,1
neurodevelopmental_disorder,1
serology,1
spontaneous_abortion,1
mullen_scale_of_early_learning,1
gestational_age,1
uptake_capacity,1
cyclability,1
carbon_microfibers,1
microfibers,1
hypobaric_pressure,1
sulfur_dioxide_capture,1
stillbirth,1
"pregnancy_complications,_infectious",1
child_development,1
microcephaly,1
confidence_interval_estimation,1
bootstrap,1
bootstrap_approach,1
sampling_with_replacement,1
confidence_interval,1
starch_digestible_fraction,1
failure_probability,1
hydrological_hazard,1
astrophysics,1
gravitation,1
star_formation,1
massive_star,1
formation_mechanism,1
stars:_massive,1
star,1
ism:_kinematics_and_dynamic,1
nanostructured_metal,1
controlled_release,1
copper_release,1
polyacrylonitrile,1
environmental_issue,1
fast_kinetics,1
adsorption_cycle,1
petroleum_reservoir,1
formation_and_evolution,1
low_mass_star,1
ism:evolution,1
dense_core,1
cavity_radius,1
nodal_structure,1
cutoff_function,1
confined_quantum_system,1
cutoff_factor,1
endemic_specie,1
lifetime_evaluation,1
scour_deph,1
rainfall_event,1
fragility_curve,1
sensory_function,1
ism_:_cloud,1
joint_connection,1
packet_network,1
state_transition,1
joint_connection_and_packet_level,1
packet_level,1
markov_chain,1
internet_protocol_system,1
performance_analysis,1
convergence_of_numerical_method,1
time_scale_decomposition,1
decomposition_technique,1
voice_over_internet_protocol,1
voice_over_internet_protocol_system,1
adsorption/desorption,1
dark_agouti_rat,1
lithium_sulfur,1
trapping_property,1
sulfur_system,1
internet_protocol,1
cell_engineering,1
magnetic_resonance,1
tissue,1
tensor,1
mechanical_stability,1
spinal_cord,1
spinal_cord_transection,1
patient_rehabilitation,1
electrospun_scaffold,1
composite_scaffold,1
autonomic_function,1
nsga_ii,1
community_detection,1
overlapping_community,1
multi_objective_simulated_annealing,1
economic_and_social_effect,1
non_dominated_sorting_genetic_algorithm_ii,1
simulated_annealing,1
lipopolysaccharide_induced_endotoxemia,1
lipopolysaccharides,1
bacterium_lipopolysaccharide,1
body_temperature_disorder,1
core_temperature,1
endotoxemia,1
syndactyly,1
autocorrelation,1
"syndactyly,_type_i",1
k_cores,1
biobjective_model,1
weighted_network,1
bridge_behavior,1
direct_and_indirect_cost,1
scour_depth,1
bridge_pier,1
embedment_depth,1
scour,1
thalamic_nucleus,1
identification_method,1
climate_effect,1
animal_distribution,1
abiotic_preference,1
animal_dispersal,1
expectation_maximization_algorithm,1
fonsecin_b,1
endophyte,1
triacylglycerol_level,1
heart_disease_risk_factor,1
aurasperone_b,1
metabolomics,1
guanosine_triphosphatase,1
metabolome,1
aurasperone_f,1
acinetobacter_baumannii,1
endophytic_fungus,1
asperazine,1
penicillide,1
dianhydroaurasperone,1
methanesulphonic_acid,1
sulfur_cathode,1
phomopsis,1
temperature_sensitive_mutant,1
fungal_extract,1
xylariales,1
disease_spread,1
monitoring,1
endemic_disease,1
geographical_distribution,1
biotope,1
climatic_preference,1
historical_perspective,1
insect_vector,1
new_record,1
lutzomyia_cruciata,1
seasonality,1
aurasperone_a,1
flush_water,1
naproxen,1
acetylsalicylic_acid,1
toilet_paper_concentration,1
e_mail,1
toilet_paper,1
viral_load,1
coronary_atherosclerosis,1
raltegravir,1
nonnucleoside_reverse_transcriptase_inhibitor,1
framingham_risk_score,1
cardiovascular_risk,1
environmental_exposure,1
pyrophen,1
kanamycin,1
temperature_sensitive_mutant_z_enzyme,1
residential_care,1
influential_factor,1
drainage_clogging,1
separation,1
health_care_survey,1
homogeneity,1
endotoxin,1
lutzomyia,1
behavior,1
psathyromyia_shannoni,1
bioclimatology,1
specie_distribution,1
efficient_strategy,1
dipeptidyl_peptidase_iv_inhibitor,1
goat,1
wastewater_treatment_system,1
specific_methanogenic_activity,1
surfactant,1
united_nation_development_program,1
domestic_effluent,1
efficient_hydrolysis,1
effluent_treatment,1
source_separation,1
health_program,1
bathroom_equipment,1
feasibility_study,1
domestic_chemical,1
acidogenesis,1
centrifugation,1
willingness_to_pay,1
energy_generation,1
representative_sample,1
omeprazole,1
toilet_modification,1
flow_rate,1
nursing_education,1
social_identity,1
nursing_student,1
sodium_alkylbenzene_sulfonate,1
reclamation,1
feasibility_testing,1
flush_toilet,1
toilet_effluent_separation,1
wastewater_disposal,1
"waste_disposal,_fluid",1
glutaraldehyde,1
sodium_sulfate,1
upflow_anaerobic_sludge_blanket,1
anaerobic_co_digestion,1
human_development_index,1
brown_water_treatment,1
disposal_practice,1
volatile_solid,1
waste_water_management,1
pharmaceutical_care,1
dipeptidyl_peptidase_iv,1
probiotic,1
micropygomyia_chiapanensis,1
phlebotominae,1
leishmaniasis,1
fungus_culture,1
fusarium_culmorum,1
energy_source,1
esterase_activity,1
love,1
undergraduate_student,1
attitude_to_health,1
medical_profession,1
"health_knowledge,_attitudes,_practice",1
midwife,1
"students,_nursing",1
breast_milk,1
health_student,1
breast_feeding_education,1
taboo,1
health_practitioner,1
single_chain_fragment_variable_antibody,1
antivenin,1
toxin_analysis,1
internet_access,1
cardiovascular_function,1
urinalysis,1
tramadol,1
physical_examination,1
venom_antiserum,1
renal_clearance,1
scorpion,1
dorper_sheep,1
envenomation,1
urinary_excretion,1
mean_residence_time,1
single_chain_antibody,1
scorpion_venom,1
oximetry,1
propofol,1
anesthesia_level,1
vitreoscilla,1
genetic_modification,1
microaerobic_expression,1
molecular_crowding,1
breathing_rate,1
hemoglobin_determination,1
dexmedetomidine,1
arterial_oxygen_tension,1
blood_pressure_monitoring,1
oxygen_saturation,1
fentanyl,1
correlational_study,1
mean_arterial_pressure,1
american_society_of_anaesthesiologists_score,1
end_tidal_carbon_dioxide_tension,1
oscillometry,1
amplifier,1
force_sensor,1
mixing_tank,1
flow_regime,1
sensor,1
degree_of_mixing,1
filtration,1
pyruvate_dehydrogenase_complex,1
genetic_amplifier,1
proteome_reduction,1
micro_aerobics,1
regulator_gene,1
minimal_cell,1
μramos_biolector,1
artificial_cell,1
dissolved_oxygen,1
novel_material,1
hybrid,1
proteome,1
biolector,1
gene_expression_system,1
gene_circuit,1
flavin_mono_nucleotide,1
energy_flow,1
phthalate,1
control_culture,1
diphthalate,1
sole_carbon_source,1
plasticizer,1
enzymatic_assay,1
polyacrylamide_gel,1
esterase,1
complex_network,1
novel_methodology,1
node_degree,1
influential_node,1
mathematical_programming,1
universal_gravitation,1
pressure_fluctuation,1
stirred_tank,1
electronic_module,1
module_based,1
experimental_apparatus,1
solvothermal,1
ethylenediamine_derivative,1
higher_efficiency,1
ethylenediamine,1
ethylenediamines,1
deprotonation,1
stability_quotient_from_absorbance_data,1
pka,1
laponites,1
data_inversion,1
seismic_source,1
sulfide,1
hybrid_material,1
organic_component,1
organic_inorganic_hybrid_material,1
zns/zno,1
heterojunctions,1
x_ray_spectroscopy,1
solvothermal_synthesis,1
particle_dynamic,1
short_path,1
growth_velocity,1
thin_crystal,1
base_isolator,1
spectrum_analysis,1
bearing,1
rubber,1
nonmetallic_bearing,1
code_designed_high_rise_building,1
resilient_seismic_design,1
particle_dynamic_method,1
law_of_motion,1
binding_constant,1
absorbance_data,1
ph_value,1
pka_value,1
carboxyl_group,1
coincidence_index,1
clifford_algebra,1
coincidence_site_lattice,1
earthquake_prediction,1
seismic_method,1
base_isolated_building,1
steel_building,1
phthalic_acid_bi_ester,1
reinforced_plastic,1
phthalic_acid_derivative,1
novel_strategy,1
phthalic_acid,1
nuclear_waste_facility,1
solute_diffusion,1
solute_flux,1
x_ray_radiation,1
eudragit,1
eye_disease,1
eye_drop,1
excipient,1
polymorphonuclear_cell,1
global_slenderness_irregularity,1
high_damping_rubber_bearing,1
base_isolated_high_rise_building,1
improper_rotation,1
cubic_lattice,1
simple_reflection,1
generating_function,1
cartan_theorem,1
algebra,1
coincidence_lattice,1
rotation,1
experimental_design,1
body_weight_variation,1
mucoadhesion,1
eye_inflammation,1
energy_harvesting,1
inverse_temperature,1
in_control,1
submerged_fermentation,1
esterases,1
diethylhexyl_phthalate,1
phosphorus,1
change_analysis,1
sentinel,1
tehuantepec,1
river_pollution,1
drug_sterility,1
hexanoic_acid,1
thiocholine,1
microbial_growth,1
soil_aggregate,1
soil_microorganism,1
soil_structure,1
micromorphology,1
thematic_mapping,1
intestine_infection,1
pulmonary_hypertension,1
social_hierarchy,1
tuberculosis,1
respiratory_tract_infection,1
retinoblastoma,1
chronic_obstructive_lung_disease,1
eye_cancer,1
river,1
eutrophication,1
catchment,1
removal_rate,1
malathion,1
magnetron_sputtering,1
photocatalytic_application,1
fe_content,1
nanocomposites,1
film_preparation,1
composition_structure,1
hepatoblastoma,1
newborn_death,1
malignant_neoplasm,1
maternal_disease,1
non_hodgkin_lymphoma,1
sodium_alginate,1
agricultural_pollutant,1
taguchi_method,1
polyvinylpyrrolidones,1
taguchis_method,1
river_water,1
runoff,1
biochemical_oxygen_demand,1
conversion_efficiency,1
perovskite_solar_cell,1
solute_transport,1
power_conversion_efficiency,1
coastal_water,1
random_forest_classification,1
coliform_bacterium,1
land_cover,1
uasb_reactor,1
denitrification,1
nanocomposite_thin_film,1
nanocomposite_film,1
multiple_target,1
rutile_phase,1
target_configuration,1
iron_content,1
solid_electrolyte,1
ion_transference_number,1
polymer_content,1
na_ion_battery,1
solid_polymer_electrolyte_membrane,1
solid_polymer_electrolyte,1
myristic_acid,1
octanoic_acid,1
computational_time,1
volume_averaging_method,1
number_of_degree_of_freedom,1
volume_averaging,1
polyelectrolyte,1
polyethylene_oxide,1
hypertriglyceridemia,1
inductively_coupled_plasma_mass_spectrometry,1
liver_disease,1
hyperthyroidism,1
thauera,1
sludge,1
waste_treatment,1
leachate,1
nitrospira,1
microbial_biomass,1
exhaust_gas,1
exergetic_efficiency,1
gas_turbine,1
power_output,1
steam_turbine,1
denitrification_process,1
nitrosomonas,1
nitrification_denitrification,1
ammonium,1
pseudomonadaceae,1
cod,1
municipal_waste,1
leachate_treatment,1
municipal_organic_waste,1
landfill_leachate,1
solar_collector,1
hyper_parameter_optimization,1
greenhouse_gas_emission,1
multienzyme_complex,1
chimera,1
relative_weight,1
critical_value,1
liquefied_gas,1
heat_transport,1
practical_use,1
direct_numerical_simulation,1
governing_equation,1
boiler,1
steam_cycle,1
rankine_cycle,1
thermodynamic_optimization,1
thermo_dynamic_analysis,1
thermoanalysis,1
waste_heat,1
combined_cycle,1
organic_rankine_cycle,1
power_cycle,1
rumen_microorganism,1
coliforms,1
land_use_and_land_cover_change_analyze,1
catchment_area,1
fine_tuning,1
medicobert,1
query_language,1
natural_language_processing_system,1
spanish_medical_language_modeling,1
medical_computing,1
training_model,1
memory_based_approach,1
chemical_reaction_kinetics,1
diffusion_coefficient,1
optimal_rate,1
discontinuous_transition,1
target_search,1
single_site,1
search_time,1
stochastics,1
liquid_gas_critical_point,1
apple_juice,1
enzyme_inactivation,1
fruit_and_vegetable,1
catechols,1
adsorption_kinetics,1
catechol_oxidase,1
dna_sequencing,1
mosquito_control,1
operational_taxonomic_unit,1
fruit_juice,1
polyphenol_oxidase,1
catechol,1
plant_browning,1
metal–organic_framework,1
catechol_derivative,1
enzymatic_browning,1
molecular_adsorption,1
polyphenol_oxidase_inactivation,1
memory_kernel,1
memory_based_modeling,1
worked_example,1
association_reaction,1
dark,1
crop_residue,1
loading,1
enzymatic_hydrolysate,1
fed_batch,1
efficiency_measurement,1
temporal_correlation,1
boundary_lubrication,1
sliding_condition,1
specific_wear_rate,1
body_fluid,1
biomedical_industry,1
austenitic_stainless_steel,1
hank_solution,1
chloroflexi,1
bacillus_thuringiensis,1
on_machines,1
large_plastic_deformation,1
fracture_susceptibility,1
void_classification,1
cooccurrence_matrix,1
texture_feature,1
skewness,1
mathematical_morphology,1
wolbachia,1
multilocus_sequence_typing,1
functional_genomics,1
cyanobacterium,1
conidiobolus,1
delignification,1
pretreatment,1
total_sugar,1
structured_query_language,1
language_processing,1
language_model,1
medical_information_system,1
multiple_organ_failure,1
hospital_patient,1
kidney_disease,1
acute_kidney_injury_network_classification,1
general_hospital,1
acute_kidney_failure,1
agave_tequilana,1
dark_fermentation,1
protic_ionic_liquid,1
skewed_probability_density_function,1
ductile_fracture,1
new_approach,1
impregnation,1
catalytic_reforming,1
dry_reforming_of_methane,1
respiratory_failure,1
zacatecas,1
kidney_function,1
molecular_pathology,1
water_pollution_indicator,1
land_use_and_land_cover_change,1
pollution_indicator,1
canonical_correspondence_analysis,1
decision_tree,1
land_use_and_land_cover,1
pre_training_model,1
question_answering,1
bert,1
viscoelastic_substance,1
interfacial_activity,1
emulgel,1
surface_active_agent,1
protein_polysaccharide_complex,1
urea_nitrogen_blood_level,1
sepsis,1
heart_failure,1
infection,1
endotracheal_intubation,1
hemoglobin_blood_level,1
synthesis_gas_manufacture,1
ni_catalyst,1
syngas_production,1
catalytic_oxidation,1
synthesis_gas,1
active_phasis,1
yarn,1
dipole_dipole_interaction,1
quantum_yield,1
amino_modification,1
xps_measurement,1
modeling_language,1
terminology,1
natural_language,1
pre_training,1
natural_language_processing_benchmark,1
large_language_model,1
pons,1
motor_coordination,1
dft_calculation,1
functionalizations,1
metamorphopsia,1
cerebellar_ataxia,1
language_test,1
whey_protein_isolate,1
deionized_water,1
oil_in_water,1
viscoelasticity,1
coacervate,1
emulsification,1
ultrasonics,1
alginic_acid,1
whey_protein,1
functional_property,1
water_oil_cream,1
coacervation,1
cobalt_chromium_molybdenum,1
visuomotor_coordination,1
crime_victim,1
emotional_stress,1
vandalism,1
exploratory_factor_analysis,1
medical_application,1
high_mechanical_strength,1
tribo_corrosion,1
chromium_alloy,1
biomedical_field,1
tribology,1
cobalt_based_alloy,1
material_loss,1
cobalt_chromium_molybdenum_alloy,1
diffusion_annealing,1
wear_regime,1
flour,1
haemonchus,1
anthelmintic_agent,1
evolutionary_approach,1
traffic_and_mobility_simulation,1
vehicle_actuated_signal,1
emotional_disorder,1
dyslalia,1
ataxia,1
cerebellar_cognitive_affective_syndrome,1
cerebellar_disease,1
speech_disorder,1
wheelchair_user,1
ataxia_telangiectasia,1
executive_function_test,1
cerebellum_disease,1
mental_health,1
anthelmintic,1
antiparasitic_agent,1
sheep_disease,1
ferrous_chloride,1
dopamine_beta_monooxygenase,1
iron_overload,1
noradrenalin_brain_level,1
dopamine_brain_level,1
computational_linguistics,1
papaveraceae,1
benzophenanthridine_derivative,1
dihydrosanguinarine,1
vasodilatation,1
isoquinolines,1
prosopis,1
charging,1
charging_station_location,1
evolutionary_algorithm,1
location,1
real_world_application,1
real_world,1
electric_vehicle_charging_infrastructure,1
travel_time,1
charging_station,1
electric_vehicle_charging,1
electric_vehicle,1
computerized_tomography,1
doddington_rock,1
finite_volume_method,1
ct_scan,1
criminal_behavior,1
tor_serine_threonine_kinase,1
target_of_rapamycin_kinase,1
dichlorvos,1
oil_well,1
flow_characteristic,1
tracer_dispersion,1
darcy_regime,1
inertial_regime,1
energy_dissipation,1
laminar_regime,1
gas_flow,1
flow_velocity,1
reconstruction,1
heaviside,1
symmetry,1
heavise_expansion,1
organophosphate,1
el_nino_southern_oscillation,1
heat_wave,1
coral_bleaching,1
sea_surface_temperature,1
zwitterionics,1
aqueous_solvent,1
dipeptide,1
conformational_preference,1
glycine,1
dipeptides,1
theoretical_method,1
energetic_difference,1
di_peptides,1
solvation_model,1
cypermethrins,1
bocconia_arborea,1
general_function,1
mittag_leffler,1
weibull_model,1
weibull_distribution,1
glucose_production,1
concentration_ratio,1
free_chlorine,1
free_chlorine_concentration,1
chlorpyrifos,1
pesticide_exposure,1
neuropsychiatric_disorder,1
cell_death,1
locomotor_activity,1
potable_water,1
molecular_mechanism,1
global_warming,1
food_product,1
starch_hydrolysis,1
fractional_order_derivative,1
starchy_food,1
kinetic_approach,1
oxisanguinarine,1
noradrenergic_system,1
brain_injury,1
dopamine,1
vasoactive_agent,1
isoquinoline_derivative,1
benzophenanthridines,1
plant_bark,1
vasodilator_agent,1
fractionation,1
flow_ratio,1
assessment_method,1
incomplete_mixing,1
household_connection,1
down_stream,1
cross_junction,1
minimal_distance,1
invertebrate,1
larval_development,1
nut,1
collagen_type_i,1
signal_peptide,1
intercellular_signaling_peptide_and_protein,1
mesenchymal_stem_cell,1
burn,1
huatulco,1
long_term_survival,1
isoelectric_point,1
glutathione_transferase,1
cysticercosis,1
aromatic_hydrocarbon_receptor,1
amnion,1
wound_healing,1
autotomy,1
escape_behavior,1
constitutive_law,1
fractional_reducer_order_model,1
bwŕ,1
subdiffusion_process_in_time–space,1
subdiffusion_process,1
stability_analyze,1
point_model,1
time_space,1
reproductive_toxicity,1
fluorosis,1
leydig_cell,1
mitogen_activated_protein_kinase,1
sodium_fluoride,1
protein_kinase,1
aorta,1
trachea,1
concentration_response,1
bark,1
"plants,_medicinal",1
protein_quaternary_structure,1
amyloid,1
tyrosine,1
"models,_molecular",1
turbostratic,1
electrospray_mass_spectrometry,1
onchocerca_volvulus,1
taeniasis,1
polyadenylation,1
xenobiotic_metabolism,1
thermus_thermophilus,1
closed_form,1
boundary_value_problem,1
frame_structure,1
shear_strain,1
strong_discontinuity_approach,1
localised,1
particle_beam,1
beam_element,1
inelastic_behavior,1
health_risk_assessment,1
heavy_metal,1
ecological_risk,1
multiple_singularity,1
nonlinear_material_behavior,1
unloading,1
stiffness_matrix,1
embedded_strong_discontinuity,1
alkaline_wet_oxidation,1
turbostratic_structure,1
pet_coke,1
solid_state_nmr_spectroscopy,1
solid_state_nuclear_magnetic_resonance,1
wet_oxidation,1
humic_like_substance,1
molecular_flexibility,1
fourth_order,1
neutron_diffusion,1
lead_cooled_fast_reactor,1
fourth_order_compact_scheme,1
aortic_ring,1
oxychelerithrine,1
bocconia_arborea_extract,1
bocconarborine_a,1
beta_glucosidase,1
tryptophan,1
excitation,1
protein_folding,1
reactivity,1
compact_scheme,1
fast_reactor,1
risk_estimation,1
significant_deterioration,1
anthropogenic_emission,1
monte_carlo_analysis,1
urban_atmosphere,1
glucosidase,1
protein_misfolding,1
spleen,1
staphylococcus_cohnii,1
gasoline,1
n_compounds,1
molecular_parameter,1
positive_ion,1
solubility_in_water,1
united_atom,1
surface_tension,1
liquid_liquids,1
equidae,1
diesel,1
dynamic_study,1
s_compound,1
growth_decoupling,1
genetic_circuit,1
bioprocess_intensification,1
induced_protein,1
catabolite_repression,1
microbial_engineering,1
escherichia_coli_protein,1
fed_batch_culture,1
metabolic_engineering,1
bioprocess,1
decouplings,1
cuernavaca,1
static_condition,1
coordinated_water,1
experimental_technique,1
carbon_source_mixture,1
pentose_phosphate_cycle,1
controlled_growth,1
electrochemical_nucleation,1
electrochemical_deposition,1
monolayers,1
nucleation_and_growth,1
potentiostatics,1
mechanistics,1
growth_kinetics,1
mechanistic_and_kinetic,1
zn,1
life_cycle_stage,1
electronic_band_structure,1
continuous_parabolic_well_potential,1
parabolics,1
pair_potential,1
excess_energy,1
feces_culture,1
escherichia_coli_infection,1
lactobacillus_acidophilus,1
urethritis,1
pyelonephritis,1
urinary_bladder,1
discrete_perturbation_theory,1
metal_cluster,1
pyrazolate,1
unsaturated_metal,1
co_ordinatively_unsaturated,1
"mutagenesis,_site_directed",1
mutant_protein,1
thermophilic_bacterium,1
alanine,1
amino_acid_substitution,1
germanium,1
nanoparticle_growth,1
surface_measurement,1
quality_distribution,1
experimental_approach,1
crystal_quality,1
rough_surface,1
semiconductor_nanoparticles,1
citrate_method,1
rare_earth_perovskite,1
exchange_bias_effect,1
magnetic_behavior,1
structural_property,1
narration,1
social_determinant_of_health,1
verbal_communication,1
point_mutation,1
immunostimulation,1
polyvalent_unam_himfg_lysate,1
bladder,1
bacterial_flora,1
listeria_seeligeri,1
corynebacterium_urealyticum,1
submucosa,1
mesophile,1
site_directed_mutagenesis,1
lysine,1
takayasu_arteritis,1
"arthritis,_rheumatoid",1
azathioprine,1
mesophilic_bacterium,1
mutation,1
histidine_containing_phosphocarrier_protein,1
geobacillus_stearothermophilus,1
needle,1
mesophases,1
melting,1
needle_like,1
isotropic_fluid,1
rhombus,1
space_filling,1
controlled_system,1
electronic_transition,1
human_osteoblast,1
chitin_hydrogel,1
supercritical_carbondioxides,1
rossler_system,1
chaos_control,1
affine_system,1
immunological_adjuvant,1
chronic_inflammation,1
micrococcus_luteus,1
staphylococcus_xylosus,1
uropathogenic_escherichia_coli,1
ecology,1
enterococcus_gallinarum,1
energy_intake,1
nutrition_survey,1
disease_modifying_antirheumatic_drug,1
rheumatoid_arthritis,1
hox_transcript_antisense_intergenic_rna_gene,1
biomarkers,1
tnf_alpha_and_hnrnpl_related_immunoregulatory_lincrna_gene,1
zika_virus_disease,1
virus_detection,1
granulomatous_inflammation,1
recurrent_infection,1
urine_culture,1
"adjuvants,_immunologic",1
arbovirus,1
dilution,1
methanogel,1
porosity_property,1
operational_condition,1
cosolvents,1
natural_pozzolan,1
disgust,1
cultural_anthropology,1
calcium_chloride,1
chitin,1
compressed_fluid,1
supercritical_fluid_extraction,1
mimosa,1
fabaceae,1
plant_stoma,1
autumn,1
breeding_season,1
annual_cycle,1
finfish,1
sexual_maturity,1
aortic_arch_syndrome,1
summer,1
procyonidae,1
seroepidemiologic_study,1
coati,1
alvarado_lagoon,1
compressive_strength,1
electrical_conductivity,1
soil_testing,1
construction_technique,1
compressed_earth_block,1
earth_construction,1
granulometries,1
alkaline_activation,1
mineralogical_property,1
physical_chemical_property,1
stabilized_soil,1
detergent,1
ostracism,1
social_norm,1
tropic,1
parasite_antibody,1
carnivore,1
deciduous_forest,1
aedes_epactius,1
culicidae,1
potential_curve,1
born_oppenheimer,1
rovibrational_spectrum,1
hbr/dbr/tbr,1
hi/di/ti,1
trichinella,1
seroepidemiology,1
chia,1
lactose,1
cucurbita,1
animal_feed,1
wheat_bran,1
mimicry,1
predator_prey_interaction,1
intestine_villus,1
piglet,1
total_antioxidant_capacity,1
duodenum,1
ileum,1
response_variable,1
immunity,1
jejunum,1
latin_square_design,1
electric_field_strength,1
harmonic_oscillator_potential,1
intermediate_risk_population,1
kidney_dysfunction,1
mesothelioma,1
unsafe_sex,1
whole_grain,1
feed_efficiency,1
corn_silage,1
squash,1
tert_butylhydroquinone,1
salvia_hispanica,1
cucurbita_moschata,1
dairy_sheep,1
milk_protein,1
milk_fat,1
clinical_protocol,1
corneumon,1
olive_tail_moment,1
cell_dna,1
tail_length,1
recombinant_follitropin,1
female_infertility,1
in_vitro_fertilization,1
"infertility,_female",1
lignin,1
organic_pollutant,1
zeolite,1
harmonic_function,1
variational_method,1
trial_function,1
linear_combination,1
inhibitory_activity,1
antifungal_drug,1
tetrazoles,1
multifractal_behavior,1
bosonic_mode,1
phase_space,1
coherent_state,1
two_level_system,1
boson,1
paradigmatic_model,1
lactoglobulin,1
nitrogen_dioxide,1
hand_washing,1
occupational_exposure,1
polyunsaturated_fatty_acid,1
fertilization_in_vitro,1
controlled_ovarian_stimulation,1
ovary_hyperstimulation,1
infertility_therapy,1
ovulation_induction,1
recombinant_follitropin_plus_recombinant_luteinizing_hormone,1
spin_boson,1
dicke_model,1
hydrogen_bromine,1
hydrogen_halide,1
potential_energy_curve,1
ground_electronic_state,1
born_oppenheimer_approximation,1
potential_energy,1
vibrational_spectrum,1
one_pot,1
intramolecular_cyclizations,1
galphimia_glauca,1
blood_clotting,1
lactoglobulins,1
beta_lactoglobulin,1
cheese,1
illumina_sequencing,1
drug_excretion,1
methylomonas_methanica,1
environmental_biotechnology,1
global_warming_potential,1
methanol_dehydrogenase,1
cross_feeding,1
pure_culture,1
methane_emission,1
crosslinking,1
methanotrophs,1
chemical_industry,1
biofiltration,1
biomethanol,1
biofiltration_of_waste_gas,1
supernatant,1
hemodialysis,1
cross_over_study,1
mild_reaction_condition,1
synthetic_strategy,1
marsupial,1
renal_dialysis,1
appetite,1
immunomodulating_agent,1
adenosine_deaminase,1
spleen_tissue,1
galphimia_glauca_extract,1
carrageenan,1
tumor_necrosis_factor_alpha,1
intraplantar_drug_administration,1
galphimine_e,1
mucor,1
tetrazole_derivative,1
multicomponents,1
metabolic_reprogramming,1
anti_inflammatory_agent,1
galphimia,1
freund_adjuvant,1
carrageenan_induced_paw_edema,1
kidney_tissue,1
relative_spleen_weight,1
triterpenes,1
experimental_therapy,1
trimetozine,1
chalcone_derivative,1
adjuvant_arthritis,1
arthritis,1
partial_differential_equation,1
numerical_approximation,1
caputo_derivative,1
flux_profile,1
convolutional_neural_network,1
pharmacokinetic_parameter,1
mean_dissolution_time,1
drug_determination,1
galphimine_a,1
"arthritis,_experimental",1
triterpene_derivative,1
experimental_arthritis,1
drug_repurposing,1
miconazole,1
fungal_infection,1
candida,1
population_decline,1
divergence,1
ecosystem_function,1
functional_role,1
latitudinal_gradient,1
trophic_structure,1
spatial_variation,1
data_base,1
candida_glabrata,1
health_concern,1
yeast,1
anticandidal_agent,1
communication_channel,1
handoff_management,1
geographics,1
communication_performance,1
dijkstras_algorithm,1
virtual_screening,1
virtual_reality,1
c_glabrata,1
similarity_search,1
medical_informatics,1
chalcones,1
repurposing,1
similarity_searching,1
benzamide_derivative,1
metochalcone,1
osalmid,1
serological_surveillance,1
graph_theory,1
trajectory_planning,1
polynomial_approximation,1
release_date,1
traversal_time,1
radio,1
cognitive_radio,1
decision_making_algorithm,1
feedback,1
feedback_system,1
computational_complexity,1
geographic_mobility_in_cognitive_radio,1
mobility_analysis,1
novel_algorithm,1
multi_variable,1
neurosurgery,1
attention_deficit_disorder_with_hyperactivity,1
measles,1
fertility,1
demography,1
disease_burden,1
healthcare_access_and_quality_index,1
jurkat_cell,1
cell_metabolism,1
t_lymphocyte_receptor,1
membrane_glycoprotein,1
aerobic_glycolysis,1
extracellular_acidification_rate,1
tcr_signaling,1
human_immunodeficiency_virus_prevalence,1
excess_mortality,1
cell_extract,1
disjoint_path,1
np_complete,1
mesh_generation,1
combinatorial_optimization,1
disjoint_path_problem,1
undirected_network,1
non_stop,1
soybean,1
parkinson’s_disease,1
rat_brain,1
iodine,1
polypyrrole_doped_with_iodine,1
implanted_electrode,1
electrographic,1
electrographic_recording,1
dc_network,1
wind_generator_system,1
finite_element_method,1
maxwell_equation,1
finite_element_modelling,1
wind_power,1
subthalamic_nucleus,1
helium_atom,1
disequilibrium,1
kullback_leibler_entropy,1
fisher–shannon_complexity,1
tsallis_entropy,1
shannon,1
electronic_correlation,1
confined_helium_atom,1
citrobacter_freundii,1
local_magnetic_moment,1
antigenicity,1
oh_groups,1
ligand_centered,1
adsorption_site,1
dry_and_wet,1
preferential_adsorption,1
immunometabolism,1
"receptors,_antigen,_t_cell",1
memory_t_lymphocyte,1
nicotinamide_nucleotide,1
fluorescence_activated_cell_sorting,1
turnover_rate,1
oxygen_consumption_rate,1
lymphocyte_antigen_receptor,1
computational_calculation,1
mollusc,1
nlo_property,1
high_temperature_superconductor,1
case_study,1
high_temperature_superconductors,1
finite_element_analyse,1
high_temperature_superconductor_generator,1
stability_criterion,1
cosimulation,1
high_efficient,1
diagonalization,1
state_of_matter,1
paramagnet,1
spin_spin_correlation_function,1
nanoclusters,1
magnet,1
rainwater_harvesting_system,1
urban_water,1
temperature_distribution,1
temperature_dependence,1
frustration,1
magnetic_order,1
magnetic_susceptibility,1
magnetocaloric_effect,1
oyster_shell,1
sr,1
wco,1
transesterification,1
shellfish,1
canola_oil,1
reaction_condition,1
strontium,1
work_analysis,1
third_order_nonlinear_susceptibility,1
physico_chemical_factor,1
conjugated_polymer,1
aromatic_polyenynes,1
huckel_model,1
n.l.o._property,1
cell_plasticity,1
tissue_injury,1
parasite_identification,1
triatoma,1
nematode,1
nitroanilines,1
correlation_effect,1
aryl_amine,1
water_autonomy,1
aggregatibacter_actinomycetemcomitans,1
water_scarcity,1
social_performance,1
social_life,1
harvesting,1
social_life_cycle_assessment,1
urban_growth,1
hydrosocial_relation,1
ion_conducting_polymer,1
polymer_binder,1
ion_conducting,1
single_lithium_ion_conducting_polymer,1
integrated_strategy,1
binder_property,1
paramagnetic_resonance,1
enhanced_stability,1
x_bracing_system,1
reliability_index,1
in_situ_polymerization,1
cell_parameter,1
second_order_derivative,1
molecular_crystal,1
first_order_derivative,1
explicit_formula,1
ewald_sum,1
cyclic_cluster_model,1
atomic_position,1
structure_optimization,1
porphyromonas_gingivalis,1
cerebral_palsy,1
bactericidal_activity,1
silver_nanoparticle,1
multiscale_process,1
airborne_chemical,1
effective_medium,1
specie_transport,1
streptococcus_sobrinus,1
tannerella_forsythia,1
prevotella_intermedia,1
treponema_denticola,1
fusobacterium_nucleatum,1
design_philosophy,1
interstory_drift,1
performance:level,1
bracing_system,1
performance_based_seismic_design,1
steel_frame,1
steel_moment_resisting_frame,1
diamond_polynomial,1
hurwitz_stability,1
kharitonovs_polyno_mials,1
extremal_property,1
momentum_transfer,1
momentum,1
rhabditida,1
prevention_and_control,1
rhabditoidea,1
triatoma_dimidiata,1
"pest_control,_biological",1
heterorhabditis_indica,1
photorhabdus_luminescens,1
multiphase_process,1
environmental_consequence,1
momentum_transport,1
preradical,1
colony_structure,1
three_dimensional_modeling,1
facultative_bacteria,1
metabolic_analysis,1
ruthenium,1
short_reaction_time,1
water_electrolysis,1
ti_electrode,1
biotechnological_production,1
kinetic_analysis,1
hydrolysis_kinetics,1
temperature_kinetics,1
influence_of_water,1
granular_sludge,1
multi_degree_of_freedom_system,1
self_assemble,1
equivalent_two_degree_of_freedom_system,1
masonry_construction,1
wall,1
masonry_wall,1
non_linear_dynamic_analysis,1
building_with_open_ground_story,1
two_degree_of_freedom_system,1
retaining_wall,1
ultrasonic_device,1
lateral_strength,1
modeling_of_masonry_wall,1
weak_first_story_building,1
confined_masonry_wall,1
p_group,1
group_algebra,1
fractal_scaling,1
scaling_property,1
p_large_ring,1
finite_group,1
representation_type,1
large_ring,1
energy_dispersive_x_ray_analysis,1
hierarchical_self_assembly,1
co_precipitation,1
cost_effective_method,1
hierarchical_microstructures,1
low_temperature_effect,1
low_temperature_synthesis,1
coprecipitation,1
synthesis_temperature,1
aqueous_medium,1
domestic_wastewater,1
photocatalytic_system,1
aluminum_alloy,1
zinc_aluminum,1
hydrotalcites,1
bismuth_addition,1
zinc_aluminium,1
phenol_photodegradation,1
chain_contour,1
osmosis,1
fractal_characteristic,1
universal_scaling,1
pair_distribution_function,1
polymer_melt,1
osmotic_pressure,1
confined_polymer,1
shigella_flexneri,1
trichomonas_vaginalis,1
two_dimensional_polymer,1
meso_scale,1
contour_length,1
fractal_dimension,1
meristem,1
specie_specificity,1
flower,1
cactaceae,1
specie_difference,1
biogeochemistry,1
photocatalysis_process,1
synthesis_kinetics,1
silver_compound,1
uv_light,1
superintegrability,1
dynamical_equation,1
data_driven,1
domestic_waste_water_treatment,1
oxidation_of_organic,1
macrolide,1
rhizopus_microsporus,1
rhizopus,1
macrolides,1
rhizoxin,1
biological_evolution,1
insecta,1
male_genital_system,1
"genitalia,_male",1
mouth_ulcer,1
pleopeltis_crassinervata_extract,1
premature_birth,1
congenital_malformation,1
multiple_sclerosis,1
migraine,1
pleopeltis_crassinervata,1
polypodiaceae,1
stomach_disease,1
colony_forming_unit,1
pregnenolone,1
salmonella_enterica_serovar_typhi,1
system_method,1
dynamical_system,1
nonlinear_dynamical_system,1
type_system,1
hamiltonian_system,1
sparse_identification_of_nonlinear_dynamical_system_method,1
diabetic_neuropathy,1
tension_headache,1
tetanus,1
rabies,1
agave_fourcroydes,1
kluyveromyces_marxianus,1
alcoholic_beverage,1
neural_tube_defect,1
cerebral_malaria,1
premature_labor,1
disease_exacerbation,1
newborn_jaundice,1
communicable_disease,1
neurocysticercosis,1
dementia,1
peripheral_nervous_system,1
hydrogen_storage,1
capacity_retention,1
sulfur_determination,1
coulombic_efficiency,1
hydrogen_sulfide,1
hydrogen_sulfide_emission,1
toxic_emission,1
syphilis,1
fetal_alcohol_syndrome,1
neurological_complication,1
neurologic_disease,1
guillain_barre_syndrome,1
nervous_system_cancer,1
motor_neuron_disease,1
encephalitis,1
brain_disease,1
epilepsy,1
congenital_disorder,1
year_of_potential_life_lost,1
chromosome_aberration,1
echinococcosis,1
klinefelter_syndrome,1
biological_control,1
digestive_system,1
biological_control_agent,1
quantitative_analysis,1
heterorhabditis,1
resin,1
polymeric_resin,1
yttrium_recovery,1
solid_liquid_ratio,1
neurosyphilis,1
stable_performance,1
virtual_storage,1
thermodesorption,1
naphthalene_hydrogenation,1
mass_ratio,1
platinum,1
palladium,1
electron_transfer,1
electron_transition,1
monometallics,1
hydrogenation,1
calcareous_soil_condition,1
chemical_weathering,1
surface_precipitation,1
precipitation_mechanism,1
gunningite__like_formation,1
divergents,1
ecotoxic_effect,1
outer_surface_precipitation_mechanism,1
sphalerite,1
outer_surface,1
chemical_speciation,1
calcareous_soil,1
allium_cepa,1
root_vegetable,1
s_weathering,1
weathering,1
soil_condition,1
cholinergic_receptor_stimulating_agent,1
phytolaccaceae,1
mouse_model,1
maze_test,1
drug_carrier,1
wheat_germ_agglutinin,1
scopolamine,1
petiveria_alliacea,1
memory_disorder,1
maze_learning,1
novel_object_recognition_test,1
cholinergic_agent,1
learning_disorder,1
scopolamine_induced_cognitive_defect,1
acute_toxicity,1
vertex_set,1
diclique_operator,1
graph_dynamic,1
directed_graph,1
digraph,1
dynamic_response,1
lateral_deformation,1
diclique,1
lorenz_system,1
bounded_feedback_control,1
chaotic_lorenz_system,1
bounded_feedback,1
"calorimetry,_differential_scanning",1
agglutination,1
homodimer,1
heteronuclear_nuclear_magnetic_resonance,1
protein_unfolding,1
regulatory_mechanism,1
protein_domain,1
lectin,1
"nuclear_magnetic_resonance,_biomolecular",1
bioautography,1
direct_tlc_bioautography,1
plate,1
light_transmission,1
cell_energy,1
langmuir,1
nitrogen_removal,1
adsorption_parameter,1
incipient_impregnation,1
quinoline,1
higher_mode_effect,1
soft_soil,1
influence_of_high_mode,1
nonlinear_behaviour,1
acceleration,1
braced_steel_frame,1
hla_dr_antigen,1
adenoid_cystic_carcinoma,1
myoepithelial_carcinoma,1
cell_marker,1
salivary_gland_neoplasm,1
frequency_estimation,1
plasticity,1
fourier_analysis,1
fourier_series,1
ductile_moment,1
structural_performance,1
moment_resisting_steel_frame,1
tatumellum_terrea,1
silver_acetate,1
silver_particle,1
chromatographic_plate,1
neisseria,1
carrier_state,1
sphingomonadaceae,1
acidovorax,1
corynebacterium,1
nasal_cavity,1
actinomycetaceae,1
antimicrobial_agent,1
crystalline_phasis,1
acinar_cell_carcinoma,1
mucoepidermoid_tumor,1
salivary_gland_tumor,1
lymphocyte_proliferation,1
lymph_node_metastasis,1
diagnostic_test,1
pleomorphic_adenoma,1
moraxellaceae,1
prevotellaceae,1
streptococcus,1
pasteurellales,1
haemophilus,1
sphingomonadales,1
rna_sequence,1
"adenoma,_pleomorphic",1
diaminobenzidine,1
parotid_gland,1
carcinoma_ex_pleomorphic_adenoma,1
salivary_gland,1
specie_composition,1
bacteroidales,1
staphylococcal_infection,1
fusobacterium,1
veillonellaceae,1
selenomonadales,1
clostridiales,1
variovorax,1
bacillales,1
sphingomonas,1
corynebacteriaceae,1
"dna,_bacterial",1
rothia,1
streptococcaceae,1
pasteurellaceae,1
bacterial_microbiome,1
leptotrichiaceae,1
bacillota,1
leptotrichia,1
porphyromonas,1
fusobacteriaceae,1
veillonella,1
fusobacteria,1
neisseriaceae,1
staphylococcus_epidermidis,1
peritonitis,1
septicemia,1
staphylococcus_saprophyticus,1
beta_lactamase,1
fusobacteriales,1
burkholderiales,1
neisseriales,1
nose_cavity,1
staphylococcus_infection,1
university_student,1
actinomycetales,1
food_pairing,1
foods/beverages,1
argentina,1
projective_mapping,1
k_means_clustering,1
cross_infection,1
bacteremia,1
polyamine,1
sexual_characteristic,1
sex_characteristic,1
comamonadaceae,1
staphylococcaceae,1
actinomyces,1
leifsonia,1
staphylococcus_aureus_infection,1
porphyromonadaceae,1
endocarditis,1
staphylococcus_intermedius,1
operon,1
cerebrospinal_fluid,1
oligonucleotide,1
staphylococcus_hominis,1
yttrium,1
yttrium_ion,1
solid/liquid_extraction,1
ion_extraction,1
functionalized_resin,1
extracting_agent,1
soil_analysis,1
photorhabdus,1
choice_behavior,1
cultural_factor,1
immunoperoxidase_staining,1
tissue_section,1
brain_gut_axis,1
verrucomicrobia,1
megamonas,1
genus,1
oscilibacter,1
landscape_ecology,1
accountability,1
electrostatics,1
precursor_salt,1
graphite,1
copper_particle,1
electrostatic_adsorption,1
copper_precursor,1
periprosthetic_joint_infection,1
macaca_fascicularis,1
food_hoarding,1
reward,1
face_centred_cubic,1
driving_force,1
adsorption_property,1
heat_of_adsorption,1
amino_functionalization,1
tissue_freezing,1
staining_and_labeling,1
fresh_frozen_murine_tissue,1
protocol,1
freezing,1
protein_determination,1
immunoenzyme_technique,1
beta_galactosidase,1
machine_design,1
two_direction,1
robot_spur_gear,1
palm_kernel,1
beta_galactosidase_activity,1
histochemistry,1
enzyme_immunoassay,1
in_situ_protein,1
non_governmental_organization,1
agonistic_behavior,1
social_structure,1
carnivora,1
martes,1
breeding,1
philopatry,1
society,1
cockroach,1
parasitism,1
host_parasite_interaction,1
ectoparasite,1
habitat_patchiness,1
food_insecurity,1
remote_sensing,1
stepping_motor,1
prism,1
different_speed,1
threaded_prism,1
arduino_uno,1
stepper_motor,1
threaded_rod,1
robot_programming,1
spur_gear,1
allamandin,1
isopentyl_gentiobioside,1
guggulsterone,1
methyl_dihydrophaseate,1
cordyceps_javanica,1
shelf_life,1
fungus_spore,1
conidium_yield,1
fermentation_system,1
diaphorina_citri,1
cordyceps,1
palm_kernel_meal,1
"spores,_fungal",1
rice_grain,1
cordycep_javanicum,1
interspecific_interaction,1
n_cyclohexylformamide,1
sagittariol,1
daphnetoxin,1
manool,1
icosapentaenoic_acid,1
tussilagone,1
erythroxylum_mexicanum_extract,1
phalaenopsine_t,1
time_of_flight_mass_spectrometry,1
momilactone_b,1
coriandrone_d,1
erythroxylum,1
fatty_acid_derivative,1
streptococcus_pyogenes,1
conchosin_a,1
fulvine,1
acetic_acid_ethyl_ester,1
valerosidatum,1
canavalioside,1
methylgingerol,1
tylophorine,1
ca_ski_cell_line,1
monoterpenoid,1
ferulic_acid,1
zeranol,1
mallotochromene,1
atemoyacin_b,1
glaudine,1
pheophytin,1
erythroxylum_mexicanum,1
senampeline_a,1
myricatomentoside_ii,1
anthocyanin,1
quinic_acid,1
solanum_lycopersicum,1
secondary_amine,1
quantification,1
annosquamosin_a,1
compactin,1
triangularine,1
scorpioidin,1
epi_tulipinolide_diepoxide,1
anacrotine,1
levopimaradienal,1
sesquiterpenoid,1
dolichotheline,1
didrovaltrate,1
diterpenoid,1
cfd_analysis,1
personnel_training,1
sodium_cooled_reactor,1
heat_transfer_coefficient,1
sfr_nuclear_reactor,1
suberic_acid,1
linalool_oxide_d,1
angustibalin,1
hellicoside,1
chlorogenic_acid,1
caffeoylquinic_acid,1
hydroxybenzoic_acid,1
anthocyanins,1
hydroxybenzoates,1
phenolic_acid,1
carotenoid,1
absorptivity_coefficient,1
molar_absorptivity,1
spectrophotometer,1
spectrophotometric_titration,1
physical_stress,1
tertiary_amine,1
primary_amine,1
spectrometer,1
identification,1
formation_energy,1
atomic_orbital,1
multi_scale_simulation,1
heat_transfer_co_efficients,1
neutronics,1
upscaled_analyse,1
upscaled_heat_transfer_coefficient,1
food_and_drug_administration,1
cell_suspension,1
multiplicity_of_infection,1
nuclear_import,1
cell_line,1
multiphysics_simulation,1
sodium_cooled_fast_reactor,1
lipid_nanoparticle,1
indirect_elisa,1
porcine_epidemic_diarrhea,1
porcine_epidemic_diarrhea_virus,1
humoral_immunity,1
glycyrrhizic_acid,1
lipid_vesicle,1
spectrophotometric_study,1
squad_software,1
quantum_algorithm,1
time_dependent_hamiltonians,1
flotation,1
tapped_density,1
flow_kinetics,1
water_transport,1
drug_granulation,1
cortisol,1
acidity_constant,1
rank_sum_test,1
plasmid,1
viral_protein,1
cell_protein,1
flavivirus,1
united_state_food_and_drug_administration,1
autofluorescence,1
erosion,1
hydroxypropylmethylcellulose,1
process_design,1
hybrid_artificial_intelligence,1
process_knowledge,1
computer_aided_instruction,1
flowcharting,1
hyper_graph,1
lie_algebra,1
quantum_tomography,1
von_neumann_equation,1
vectorization,1
matrix_algebra,1
neumann_equation,1
tomography,1
density_matrix,1
process_flowsheets,1
flowsheet_grammar_syntax_rule,1
basolateral_amygdala,1
avoidance_behavior,1
cognitive_coping,1
avoidance_learning,1
"diet,_high_fat",1
glutamatergic_transmission,1
palatability,1
shear_stress,1
bicarbonate,1
magnesium_stearate,1
glycerol_behenate,1
drug_dosage_form,1
tablet_thickness,1
tablet_disintegration_time,1
noradrenergic_transmission,1
aversion,1
norepinephrine,1
ecosystem_management,1
carbon_storage,1
integrated_approach,1
implementation_process,1
tourist_destination,1
lacustrine_deposit,1
xochimilco,1
eichhornia_crassipes,1
farming_system,1
computer_aided_flowsheet_synthesis,1
flowsheet_hypergraph,1
synthesis_design,1
domain_knowledge,1
safety_climate,1
total_quality_management,1
organizational_culture,1
primary_health_care,1
safety_culture,1
lake_xochimilco,1
bio_concentration_factor,1
sediment,1
bioaccumulation,1
anthropogenic_source,1
pollution_incidence,1
artificial_island,1
federal_law,1
emotional_stability,1
long_term_exposure,1
ventral_hippocampus,1
latifolia,1
element_concentration,1
potentially_toxic_element,1
chinampa,1
water_right,1
surface_water,1
france,1
cross_cultural_comparison,1
consumer_behavior,1
mapping,1
norway,1
cross_cultural_research,1
consumer_attitude,1
extraction_process,1
patient_safety,1
developed_country,1
"pathology,_oral",1
lake_water,1
colombian,1
caribbean,1
panthera,1
jaguar,1
caribbean_region,1
numerical_experiment,1
inverse_problem,1
inverse_laplace_transform,1
one_group_of_delayed_neutron,1
two_body_attachment,1
electron_transport_property,1
water_air,1
electron_ionization,1
dissociative_attachment,1
urticaria,1
three_body,1
dry_air,1
water_air_mixture,1
three_body_attachment,1
pulsed_townsend,1
cancer_diagnosis,1
precancer,1
"education,_dental",1
mouth_neoplasm,1
case_report,1
problem_based_learning,1
curriculum,1
dental_education,1
precancerous_condition,1
"schools,_dental",1
nanoparticle_surface,1
polymeric_nanoparticles,1
oral_potentially_malignant_disorder,1
mouth_tumor,1
triticale,1
rabbit,1
plant_breeding,1
infliximab,1
efalizumab,1
brodalumab,1
baricitinib,1
adalimumab,1
sarcoidosis,1
ustekinumab,1
behcet_disease,1
dermatitis,1
progesterone,1
crop_plant,1
etanercept,1
pemphigus,1
secukinumab,1
risankizumab,1
monoclonal_antibody,1
guselkumab,1
dermatology,1
nanosystems,1
lutetium_complex,1
rational_design,1
theranostics,1
nanoradiopharmaceutical,1
radioactivity,1
radiolabeled_nanoparticle,1
generation_rate,1
loss_of_coolant_accident,1
hydrogen_concentration,1
maturity,1
rational_synthesis,1
radioactive_atom,1
lutetium_compound,1
grain,1
beer_industry,1
brewer_spent_grain,1
in_silico,1
brewer_spent_grain_hydrolysate,1
silico_analysis,1
peptide_sequence,1
agro_industrial_waste,1
anti_inflammatories,1
habitat_type,1
microhabitat,1
sexual_dimorphism,1
hidalgo,1
fertilizer,1
digestibility,1
compost,1
coolant_injection,1
fission_product,1
potential_risk,1
accident_scenario,1
hydrogen_distribution,1
partial_recovery,1
core_generation,1
drywell,1
coolant,1
thyrotropin_receptor,1
leucine_rich_repeat,1
chorionic_gonadotropin,1
leucine_rich_repeat_protein,1
nervous_system_development,1
therapy_effect,1
taurine,1
supplementation,1
puberty,1
functional_food,1
behavior_assessment,1
adenosine_triphosphatase,1
prenatal_care,1
postnatal_care,1
interspecific_variation,1
phenotypic_plasticity,1
cognitive_flexibility,1
fat_mass,1
diet_restriction,1
habituation,1
diet_composition,1
el_chico_national_park,1
conformational_analysis,1
flexible_display,1
allosterism,1
medical_imaging,1
thyrotropin,1
rhodopsin,1
electron_microscope,1
"receptors,_fsh",1
cluster_analysis,1
cryoelectron_microscopy,1
navi–stoke–fourier,1
temperature_profile,1
exact_solution,1
erlang_capacity,1
erlang_b_formula,1
eigenvector_centrality,1
phospholipid,1
extracellular_loop,1
phosphorylcholine,1
transmembrane_domain,1
gonadotropin_hormone,1
correlation_analysis,1
trans_membrane_domain,1
follitropin_receptor,1
diet_therapy,1
rna_sequencing,1
queueing_network,1
differential_pulse_voltammetry,1
carbon_paste_electrode,1
active_principle,1
heart_disease,1
peppermint,1
stimulus,1
short_chain_fatty_acid,1
lactobacillus,1
cinnamon,1
rosemary,1
lavender,1
bioelectrical_impedance_analysis,1
steady_state,1
dilute_gas,1
polyatomics,1
immunoglobulin_blood_level,1
autoimmune_disease,1
lymphocyte_activation,1
density_gradient_centrifugation,1
lymphocyte_subpopulation,1
resource_allocation,1
admission_control,1
erlang_b,1
fractional_number,1
insensitivity_property,1
call_admission,1
blocking_probability,1
connection_level_analyze,1
fractional_number_of_server,1
queueing_theory,1
blocking,1
sinusitis,1
memory_b_lymphocyte,1
immunologic_memory,1
interleukin,1
immunological_memory,1
voltammetric,1
high_dose,1
anti_inflammatory_drug,1
drug_dosage,1
sodium_diclofenac,1
carbon_paste_electrode_modified,1
t_lymphocyte_subpopulation,1
bronchiectasis,1
granuloma,1
enteropathy,1
immunoglobulin_m_antibody,1
nociception,1
pupillometry,1
mydriasis,1
monotherapy,1
pain,1
lymphadenopathy,1
thrombocytopenic_purpura,1
memory_b_cell,1
discoid_lupus_erythematosus,1
solid_tumor,1
regulatory_t_lymphocyte,1
mixed_connective_tissue_disease,1
idiopathic_thrombocytopenic_purpura,1
immunoglobulin,1
common_variable_immunodeficiency,1
evans_syndrome,1
scirpus_lacustris,1
right_to_health,1
patient_attitude,1
patient_acceptance_of_health_care,1
vulnerable_population,1
multiple_factor_analysis,1
cross_cultural,1
food_preference,1
k_means++_clustering,1
factorial_analysis,1
surface_chemistry,1
matlab/_simulink,1
web_of_science,1
postoperative_period,1
bitch,1
cannabidiol,1
partition_coefficient,1
analgesia,1
infrared_radiation,1
olive,1
pain_assessment,1
biomonitoring,1
bird,1
wildlife_management,1
landscape,1
roadside_environment,1
amphibian,1
roadkill,1
cundinamarca,1
fentons_reagent,1
mathematical_phenomenon,1
photochemistry,1
wellbeing,1
scirpus,1
fentons_process,1
iohexol,1
limit_of_detection,1
oxytetracycline,1
fenton_reaction,1
fenton,1
schoenoplectus,1
light_dark_cycle,1
carbamazepine,1
initial_concentration,1
scirpi_lacustri,1
limit_of_quantitation,1
cyperaceae,1
monocotyledon,1
biosphere,1
structural_equation_modeling,1
sulfadimidine,1
adams_bashforth,1
adam–bashforth–moulton_method,1
cuda,1
fractional_differential_equation,1
program_processor,1
differential_equation,1
graphic_processing_unit,1
fractional_order_model,1
parallel_computing_algorithm,1
computer_graphic_equipment,1
parallel_com__puting,1
neutron_transport,1
forest_spatial_change,1
collagen_fiber_orientation,1
clinical_observation,1
collagen_fiber,1
conservation_biology,1
bootstrapping,1
vigilance/administrative_support_index,1
temperate_deciduous_forest,1
pasture,1
confusion_matrix,1
cropland,1
environmental_change,1
kernel_density_analysis,1
biosphere_reserve,1
spatial_analysis,1
tropical_rain_forest,1
cloud_forest,1
epithelial_mesenchymal_transition,1
collagen_fiber_size,1
microenvironment,1
mesenchymal_amoeboid_transition,1
safety_management,1
scoping_review,1
primary_medical_care,1
optical_band_gap,1
vat_dye,1
textile_blend,1
decolourization,1
physical_parameter,1
three_dimensional_cell_culture,1
extracellular_matrix,1
oncological_parameter,1
invasion_capacity,1
fungal_protease,1
rhizomucor_pusillu,1
submerged_culture,1
water_planning,1
social_policy,1
administrative_framework,1
apiculture,1
collective_action,1
generalized_nonlinear_schrödinge_equation,1
optical_kerr_effect,1
high_order_dispersion,1
higher_order_dispersion,1
tropical_dry_forest,1
overexploitation,1
scrub,1
matrix_metalloproteinase,1
zero_energy_building,1
zero_emission_carbon_building,1
renewable_energy,1
zero_carbon,1
water_management_strategy,1
atmospheric_pollution,1
toluca_valley,1
causal_attribution,1
central_mexico,1
climate_change_risk,1
commercial_development,1
industrial_development,1
cross_sectional_survey,1
mexico_city_metropolitan_area,1
caseinate,1
antioxidant_peptide,1
generalized_third_order_nlse,1
kerr_law,1
third_order,1
chromaffin_cell,1
nicotinic_receptor,1
protease_production,1
blakeslea_trispora,1
active_peptide,1
design_process,1
hotel,1
gas_emission,1
energy_efficiency,1
water_resource,1
energy_management,1
zero_emission,1
green_building,1
physician,1
nationality,1
government,1
genetic_conservation,1
conservation_genetics,1
cretaceous,1
coniacian,1
photovoltaic_energy_system,1
renewable_energy_source,1
energy_management_system,1
passive_heating,1
radiation_effect,1
soliton_solution,1
chromatic_dispersion,1
pure_cubic_optical_soliton,1
cubic_nonlinearities,1
polymorphism,1
modular_triangular_lattice_structure,1
infographic,1
lattice_structure,1
infographic_simulation,1
computer_aided_design,1
modulars,1
exocytosis,1
cytoskeleton,1
neurosecretion,1
catecholamine,1
chromaffin_granule,1
neighborhood,1
social_development,1
database,1
spatial_distribution,1
quasiparticle,1
ultracold_atom,1
quantum_statistic,1
fermi_liquid_theory,1
many_body_system,1
fermion,1
li_atom,1
paleoenvironment,1
turonian,1
new_specie,1
nuevo_leon,1
digital_model_and_physical_prototype,1
triangular_lattice,1
virtual_laboratory,1
coninpre_method,1
structural_design,1
digital_modeling,1
oral_hygiene,1
periodontal_pocket,1
educational_status,1
periodontal_index,1
ultraviolet_ray,1
mediated_interaction,1
photoelectron_spectroscopy,1
energy_storage_mechanism,1
simulink,1
sigmoid_transfer_function,1
storage_mechanism,1
vanadium_pentoxide,1
copper_content,1
amorphous_phasis,1
fermi_sea,1
health_resource,1
gross_domestic_product,1
health_care_planning,1
fermi_liquid,1
clustering,1
classification_model,1
unsupervised_classification,1
finance,1
risk_performance,1
latin_american_country,1
financial_performance,1
unsupervised_classification_model,1
environmental_performance,1
medicine,1
advanced_technology,1
probability:_distribution,1
face_detection,1
automatic_segmentation,1
face_landmark,1
face,1
coarse_grained,1
explicit_solvent,1
three_model,1
matrix_domain,1
coarse_grained_modeling,1
gag_protein,1
coarse_grained_molecular_dynamic_simulation,1
ma_domain,1
disease_management,1
economics,1
gross_national_product,1
health_care_financing,1
rotavirus_vaccine,1
buteo_jamaicensis,1
aquila_chrysaetos,1
semen_analysis,1
geometric_feature,1
geometric_electrodynamic,1
two_dimensional_material,1
contact_geometry,1
applied_electromagnetics,1
two_dimensional_superconductivity,1
dimensional_medium,1
geodesic_flow,1
superconducting_state,1
geodesy,1
disease_notification,1
thermal_image,1
sperm_length,1
urban_climate,1
rural_urban_comparison,1
boundary_layer,1
jalisco,1
nose,1
facial_region,1
region_of_interest,1
short_tsst,1
support_vector_machine,1
face_recognition,1
forehead,1
thermography,1
double_blind_method,1
rotavirus_infection,1
double_blind_procedure,1
scale_parameter,1
physionet,1
control_group,1
normalized_value,1
entropy_metric,1
entropy_estimation,1
ejaculate_volume,1
ejaculation,1
parabuteo_unicinctus,1
spermatozoon_density,1
phase_contrast_microscopy,1
raptor,1
freeze_thawing,1
semen_abnormality,1
semen_cryopreservation,1
fluorescence_microscopy,1
retinoic_acid,1
spermatocyte,1
spermatogonium,1
functional_status,1
basement_membrane,1
testis_tissue,1
puebla_[mexico],1
relative_humidity,1
air_temperature,1
puebla_[puebla_],1
guadalajara_[jalisco],1
maximum_entropy_model,1
singular_value_decomposition,1
gait,1
pattern_similarity,1
multiscale,1
vimentin,1
desquamation,1
seminiferous_tubule_epithelium,1
"fatty_acids,_unsaturated",1
silage,1
flax,1
linseed_oil,1
huntington_chorea,1
gait_dynamic,1
interval_sequence,1
neurofeedback,1
specification,1
walking,1
thiamazole,1
sertoli_cell,1
testis_weight,1
short_range_correlation,1
stochastic_model,1
heat_shock,1
larval_settlement,1
marine_ecosystem,1
national_park,1
velocity_distribution_function,1
hypertrophy,1
seminiferous_tubule,1
epididymis,1
spermatogenesis,1
cell_vacuole,1
thyroid_follicular_cell,1
meiosis,1
congenital_hypothyroidism,1
androgen_receptor,1
disabled_person,1
cohort_study,1
employment,1
logistic_model,1
tropical_condition,1
carboxylic_acid,1
citrus_pectin,1
fluctuation,1
dfa,1
ion_channel,1
long_range_correlation,1
inwardly_rectifying,1
deterministic_modeling,1
single_channel,1
channel_current,1
ionic_channel,1
nucleus_accumbens,1
mucuna_pruriens_extract,1
mesencephalon,1
neurobehavioral_severity_scale_revised,1
corpus_striatum,1
levodopa,1
neuroprotection,1
one_dimension,1
mean_square,1
gaussians,1
bessel_function,1
fokker_planck_equation,1
limiting_case,1
velocity_distribution,1
system_transport,1
health_status,1
health_survey,1
medically_uninsured,1
social_engagement,1
age_factor,1
household,1
multiple_chronic_condition,1
helical_structure,1
palm_oil,1
pectin,1
shellac,1
micro_particle,1
economical_method,1
polymer_additive,1
uronic_acid,1
protection,1
velvet_bean,1
supernova_remnant_–_x_ray,1
radio_continuum,1
individual_object,1
numerical___ism,1
kinematics,1
supernova,1
kinematic_and_dynamic_–_ism,1
x_ray_scattering,1
optimal_stopping,1
sequential_analysis,1
optimal_sampling,1
sequentially_planned_procedure,1
error,1
group_size,1
hypothesis_test,1
social_support,1
viral_capsid,1
model_i,1
patchy_model,1
central_atom,1
anderson,1
single_specie,1
lennard_jones_potential,1
time_interval,1
mesoscopic_simulation,1
dissipative_particle_dynamic,1
charged_protein,1
favipiravir,1
active_pharmaceutical_ingredient,1
bi_layer,1
protein_ligand_complex,1
supernova_remnant,1
amplitude,1
bayesian_analysis,1
subduction,1
thrust,1
tenofovir_alafenamide,1
electronic_health_record,1
emtricitabine,1
adenine,1
bictegravir,1
kinematics_and_dynamic,1
individual,1
electromagnetic_wave_emission,1
observatory,1
ism,1
polygon,1
lennard_jones,1
exponential,1
numerical_aspect,1
α_exponential_function,1
invariance,1
impulse_response,1
vector_space,1
time_varying_control_system,1
linear_time_invariant_system,1
antenna_feeder,1
neighbor,1
hard_particle,1
hard_core,1
hard_core_potential,1
core_potential,1
specific_time,1
it_standard,1
multiple_input,1
access_point,1
vivaldi,1
uwb,1
directional_pattern,1
"multiple_input,_multiple_output",1
induction_motor_control,1
biological_neural_network,1
real_time_system,1
cell_count,1
fused_heterocyclic_ring,1
metabolic_parameter,1
integrase,1
wilcoxon_signed_rank_test,1
bictegravir_plus_emtricitabine_plus_tenofovir_alafenamide,1
fractional_linear_system,1
action_research,1
electroencephalography,1
functional_neural_stimulation,1
stroke_patient,1
brain_mapping,1
transcranial_magnetic_stimulation,1
neurophysiology,1
magnetic_levitation,1
regression_tree,1
physiological_model,1
multiple_output,1
tarc,1
vivaldi_antenna,1
ultra_wideband,1
bandwidth,1
antenna_array,1
geriatric_assessment,1
nursing_home,1
mini_nutritional_assessment,1
likert_scale,1
frailty,1
grip_strength,1
health,1
arm_circumference,1
digital_image,1
smartphone_camera_fingerprint,1
machine_control_system,1
real___time_system,1
design_strategy,1
interactive_computer_system,1
embedded_system,1
electrotherapeutics,1
piezoelectric_response,1
semiconductor_doping,1
reference_image,1
camera_identification,1
digital_forensics,1
digital_camera,1
high_power_laser_beam,1
laser_energy,1
narrowband_interference_filter,1
plasma_induced,1
fugl_meyer_assessment,1
azimuth,1
green_function,1
mini_mental_state_examination,1
nursing_home_patient,1
nutrition_assessment,1
smart_phone_camera,1
smartphones,1
smart_phone,1
camera_in_image_trace,1
crime,1
two_degree_of_freedom,1
digital_camera_pattern,1
textile_dye,1
cobalt_content,1
azo_dye,1
fiber,1
sonochemical_synthesis,1
co_content,1
piezoelectric_property,1
phase_formation,1
pseudo_capacitance,1
in_space_propulsion,1
high_power_laser,1
helium_refrigerator,1
aluminum_target,1
plasma_plume,1
rocket,1
low_bound,1
livestock_farming,1
nature_conservation,1
conflict_management,1
tigecycline,1
ceftriaxone,1
listeria_monocytogenes,1
carbapenem,1
avibactam,1
mahalanobis_classifier,1
rifampicin,1
escherichia,1
blood_culture,1
neonatal_sepsis,1
cefotaxime,1
cephalosporin,1
bloodstream_infection,1
extended_spectrum_beta_lactamase,1
cefepime,1
amikacin,1
feeding_difficulty,1
tachypnea,1
multiplex_polymerase_chain_reaction,1
hospital_infection,1
klebsiella_oxytoca,1
erythrocyte_sedimentation_rate,1
klebsiella,1
azithromycin,1
clindamycin,1
fosfomycin,1
streptomyces,1
imipenem,1
klebsiella_variicola,1
ceftazidime,1
internal_migration,1
asylum_seeker,1
guerrero,1
decolonization,1
feminism,1
forced_migration,1
geopolitics,1
cervical_spine_dislocation,1
rattus_norvegicus,1
traffic_emission,1
solubility,1
co_nanoparticles,1
electrocatalysts,1
electrochemical_characterization,1
hydrogen_evolution_reaction,1
high_purity,1
supporting_electrolyte,1
electrochemical_synthesis,1
non_aqueous_solvent,1
nonaqueous_solution,1
cobalt_electronucleation,1
child_nutrition,1
community,1
infection_control,1
key_element,1
underweight,1
clinical_examination,1
world_health_organization,1
permanent_tooth,1
mouth_examination,1
pediatric_dentistry,1
tooth_eruption,1
protective_glass,1
disease_severity,1
real_fluid,1
thermodynamic_and_transport_property,1
triangular_well_fluid,1
thermodynamic_property,1
self_diffusion_coefficient,1
vapor_liquid,1
vascular_endothelial_cell,1
well_fluid,1
transport_property,1
hydrostatic_pressure,1
kriging,1
correlation,1
grijalva_basin,1
trmm,1
satellite_altimetry,1
downscaling,1
tropical_region,1
measurement_method,1
geostatistics,1
gauge,1
satellite_data,1
erbium_oxalate,1
serotonin_plasma_membrane_transport_protein,1
optical_amplification,1
integrated_platform,1
erbium,1
operation_band,1
critical_constraint,1
optical_gain,1
epidemiological_modeling,1
direct_contact,1
public_health_strategy,1
mass_action_law,1
additive_multiple_contact,1
contact_phenomenon,1
multiple_contact,1
epidemic_modeling,1
saturation_phenomenon,1
neutron_reflection,1
gelatin,1
vascular_disease,1
huvec_cell_line,1
von_willebrand_factor,1
gelatinase_a,1
umbilical_vein_endothelial_cell,1
pre_eclampsia,1
human_umbilical_vein_endothelial_cell,1
protein_creatinine_ratio,1
cell_activity,1
endothelial_dysfunction,1
physical_abuse,1
serotonin_transporter,1
psychopathy,1
symptomatology,1
two_phase_flow,1
neuroimaging,1
early_intervention,1
"polymorphism,_genetic",1
emotional_abuse,1
fear,1
antisocial_personality_disorder,1
genetic_trait,1
child_neglect,1
creatine_kinase,1
drug_response,1
gene_linkage_disequilibrium,1
creatine_kinase_mb,1
pharmacogenomics,1
genetic_analysis,1
bimodal_distribution,1
ovum,1
delta_distribution,1
neutron_scattering,1
beta_distribution,1
distributed_order_fractional_derivative,1
dirac_delta_distribution,1
reactor_startup,1
social_environment,1
psychological_distress,1
social_capital,1
dynamic_mathematical_modeling,1
fluid_temperature,1
c++,1
solar_thermal,1
solar_thermal_energy,1
absorber_tube,1
parkinsonism,1
psychosis,1
dysphagia,1
galactorrhea,1
biphasic_flow,1
thermal_solar,1
parabolic_trough_solar_thermal_concentrator,1
parabolic_trough,1
climate_model,1
first_order_phase_transition,1
molecular_dynamic_analysis,1
phase_transition,1
order_parameter,1
entropic_phase_transition,1
disinfection,1
peroxide,1
bipolar_disorder,1
aripiprazole,1
mastalgia,1
risperidone,1
toxocara_canis,1
disinfectant,1
orientational_helmholtz_free_energy,1
hexatic_transition,1
virial_expansion,1
homogeneous_system,1
compressibility,1
pade_approximants,1
quetiapine,1
headache,1
hypotension,1
heart_palpitation,1
side_effect,1
pharmacovigilance,1
extrapyramidal_symptom,1
clozapine,1
spider,1
causality,1
somnolence,1
obsessive_compulsive_disorder,1
mastitis,1
health_center,1
bradycardia,1
olanzapine,1
hypersalivation,1
oculogyric_crisis,1
muscle_rigidity,1
haloperidol,1
force_field_parameter,1
search_of_parameter,1
automated_workflow,1
molecular_interaction_parameter,1
density_of_liquid,1
insomnia,1
dizziness,1
hyperprolactinemia,1
paliperidone,1
adverse_drug_reaction,1
amenorrhea,1
sedation,1
akathisia,1
neuroleptic_agent,1
hypoprolactinemia,1
menstrual_irregularity,1
spain,1
gentrification,1
daphnia_magna,1
daphnia,1
peru,1
arid_environment,1
chihuahuan_desert,1
nutrient_cycling,1
wastewater_treatment_plant,1
water_absorption,1
attenuated_total_reflectance_fourier_transform_infrared_spectroscopy,1
wettability,1
oral_mucosal_disease,1
squamous_cell_carcinoma,1
mouth_squamous_cell_carcinoma,1
electrospinning,1
clonogenic_assay,1
k_ra_signaling,1
cell_cycle_progression,1
pseudopodium_assay,1
cell_proliferation_assay,1
polar_liquid,1
small_molecule,1
nematics,1
intermolecular_attraction,1
interaction_potential,1
nematic_phasis,1
mesogens,1
orientation_dependent,1
coarse_model,1
gay_berne_mesogen,1
colonialism,1
urban_health,1
nickel_alloy,1
nickel_titania_magnesium,1
bone_implant,1
magnesium_powder,1
"toxicity_tests,_acute",1
radioresistant_triple_negative_breast_cancer,1
angiogenesis,1
ra_activation_assay,1
epifluorescence_microscopy,1
cell_invasion_assay,1
vasculotropin,1
cell_cycle_assay,1
wound_healing_assay,1
exon,1
tumor_marker,1
deactivation_time_constant,1
hyperpolarization,1
electric_conductivity,1
genetic_screening,1
long_qt_syndrome,1
apoptosis_assay,1
concatenation_model,1
adomian_polynomial,1
laplace_adomian_decomposition,1
optical_depth,1
self_phase,1
optical_domain,1
radhakrishnan_kundu_lakshmanan_equation,1
urban_population,1
sleep_wake_disorder,1
sex_distribution,1
arrhythmogenesis,1
qtc_interval,1
electrocardiography,1
pedigree,1
multiplex_ligation_dependent_probe_amplification,1
titanium_alloy,1
cortical_bone,1
mechanical_milling,1
metal_implant,1
nickel_titanium,1
magnesium_alloy,1
hidroxiapatite,1
mechanical_characterization,1
structural_model,1
qt_prolongation,1
mink,1
green_laser,1
green_transition,1
multi_colors,1
terbium,1
stimulated_emission,1
channelopathies,1
channelopathy,1
risk,1
"arrhythmias,_cardiac",1
allele,1
heart_arrhythmia,1
repolarization,1
homozygosity,1
time_perception,1
molecular_diagnosis,1
adrenergic_stimulation,1
touch,1
fire,1
validation_study,1
olfactory_stem_cell,1
wnt_protein,1
loss_of_function_mutation,1
neovison_vison,1
family_history,1
electrophysiology,1
gain_of_function_mutation,1
terbium_compound,1
glass_transition,1
gain_value,1
light_emission,1
co_doped_glass,1
phosphate_glass,1
ytterbium_compound,1
bioenergy,1
splitring_resonator,1
double_negative_metamaterials,1
metamaterial_antenna,1
monopole_antenna,1
optical_resonator,1
ring_gage,1
multipotent_stem_cell,1
glutamatergic_receptor,1
purinergic_receptor,1
neuroepithelium_cell,1
receptor,1
neuropeptide_y_receptor,1
chemokine_receptor,1
gain_linewidth,1
microstrip_antenna,1
perpendicular_plane,1
mimo_antennas,1
size_reduction,1
simulated_result,1
slot_antenna,1
neuroepithelial_cell,1
gpcr_signaling,1
olfactory_network,1
nerve_cell_excitability,1
frizzled_protein,1
stem_cell,1
olfactory_neuroepithelial_cell,1
dopamine_receptor,1
pseudo_capacitance_specific,1
ytterbium_doping,1
