words,count
metabolism,100
chemistry,60
genetics,51
physiology,50
rat,46
pathology,33
mexico_[north_america],32
protein_expression,27
x_ray_diffraction,26
enzyme_activity,24
"rats,_wistar",24
wistar_rat,24
scanning_electron_microscopy,21
microbiology,21
blood,20
ph,19
electrode,19
kinetics,19
temperature,19
mouse,19
particle_size,19
concentration,18
synthesis,17
isolation_and_purification,17
glucose,17
water,17
density_functional_theory,17
diffusion,16
catalyst,16
adsorption,16
oxidation,16
risk_factor,16
pathophysiology,15
"growth,_development_and_aging",15
gene_expression,15
carbon,15
cell_culture,15
carbon_dioxide,14
complication,14
oxidative_stress,14
body_weight,14
dose_response,14
phylogeny,13
cytology,13
titanium_dioxide,13
transmission_electron_microscopy,13
protein,13
bioreactors,13
metal,13
cell_proliferation,13
aluminum,13
fermentation,13
prevalence,13
catalysis,13
antioxidant,13
nanoparticles,13
starch,12
veterinary,12
chemical_structure,12
immunohistochemistry,12
classification,12
catalyst_activity,12
mexico_city,12
dispersion,12
biomass,12
fungi,12
phenol,11
biodegradation,11
plant_extract,11
solution,11
federal_district_[mexico],11
bacteria,11
"dose_response_relationship,_drug",11
enzymology,11
cattle,11
hydrolysis,11
polymerase_chain_reaction,11
chemical_analysis,11
"disease_models,_animal",11
disease_model,11
chemically_induced,10
isotherm,10
newborn,10
genotype,10
bovine,10
bioreactor,10
enzyme,10
high_performance_liquid_chromatography,10
pregnancy,10
degradation,10
questionnaire,10
survey_and_questionnaire,10
thermodynamics,10
body_mass,10
cell_viability,10
mass_spectrometry,10
global_health,10
statistic_and_numerical_data,10
molecule,10
solvent,10
biosynthesis,9
age,9
cytotoxicity,9
activation_energy,9
culture_medium,9
psychology,9
dynamic,9
western_blotting,9
morphology,9
gene,9
polymer,9
enzyme_inhibition,9
statistical_model,9
hydrogen,9
ethnology,9
x_ray_photoelectron_spectroscopy,9
in_vivo_study,9
toxicity,9
cell_survival,9
reactive_oxygen_specie,9
obesity,9
diet,9
"cells,_cultured",9
apoptosis,9
nerve_cell,9
reactive_oxygen_metabolite,9
high_resolution_transmission_electron_microscopy,9
analog_and_derivative,9
substrate,9
magnetism,8
yarn,8
gene_expression_regulation,8
body_mass_index,8
geographic_distribution,8
human_immunodeficiency_virus_infection,8
calcium,8
bacterium,8
photoluminescence,8
amino_acid,8
lactic_acid,8
magnetic_resonance_imaging,8
"biodegradation,_environmental",8
bioremediation,8
stability,8
optimization,8
chemical_composition,8
demography,8
cholesterol,8
emulsification,8
ethanol,8
glucose_blood_level,8
nuclear_magnetic_resonance_imaging,8
photocatalysts,8
irradiation,8
precipitation,8
flow_cytometry,7
drug_structure,7
zinc,7
reconfigurable_hardware,7
aqueous_solution,7
neuron,7
alumina,7
photocatalysis,7
photodegradation,7
computer_simulation,7
insecticide,7
water_pollutant,7
antagonist_and_inhibitor,7
liver,7
antinociception,7
rate_constant,7
"water_pollutants,_chemical",7
escherichia_coli,7
genetic_variation,7
alcohol,7
disease_course,7
molecular_model,7
finite_element_method,7
"models,_molecular",7
time_series_analysis,7
ammonia,7
quantitative_analysis,7
sol_gels,7
drug_synthesis,7
monte_carlo_method,7
sol_gel_process,7
triacylglycerol,7
drug_screening,7
disease,7
blood_glucose,7
oxide,7
oxygen,7
geometry,7
protein_analysis,7
drug_efficacy,7
protein_function,7
phenotype,7
fruit,7
algorithm,7
thermoanalysis,7
adverse_effect,7
infrared_spectroscopy,7
messenger_rna,7
hydrodynamics,7
bioconversion,7
atomic_force_microscopy,7
drug_potentiation,7
growth_rate,7
cell_membrane,7
surface_property,7
genetic_association,7
optical_property,7
analysis_of_variance,7
latent_period,6
soil_pollutant,6
hydrogen_peroxide,6
immunology,6
nuclear_magnetic_resonance_spectroscopy,6
case_report,6
dna_sequence,6
"sequence_analysis,_dna",6
phosphorus,6
locomotion,6
chemical_activation,6
physical_activity,6
cell_count,6
cell,6
single_nucleotide_polymorphism,6
cohort_analysis,6
atmospheric_pressure,6
reaction_kinetics,6
acetic_acid,6
gene_frequency,6
molecular_structure,6
photocatalytic_activity,6
clay_mineral,6
reproducibility,6
reverse_transcription_polymerase_chain_reaction,6
sex_difference,6
fatty_acid,6
glass,6
energy_transfer,6
health_survey,6
fungus_growth,6
multiwalled_carbon_nanotube,6
enzyme_activation,6
upregulation,6
fluorescence,6
area_under_the_curve,6
electron,6
design,6
hydrogen_bond,6
human_experiment,6
zeolite,6
differential_scanning_calorimetry,6
numerical_model,6
down_regulation,6
physical_chemistry,6
cell_death,6
fourier_transform_infrared_spectroscopy,6
ion,6
hippocampus,6
enzyme_linked_immunosorbent_assay,6
waste_treatment,6
real_time_polymerase_chain_reaction,6
mortality,6
reduction,6
molecular_dynamic,6
erythrocyte,6
light_scattering,6
hydrogen_production,6
free_radical,6
glutathione,6
chemical_industry,6
granulation,6
differential_equation,5
polymerization,5
intelligent_system,5
tuberculosis,5
diarrhea,5
electrochemical_impedance_spectroscopy,5
population_density,5
allodynia,5
structure_activity_relation,5
thermogravimetric_analysis,5
environmental_monitoring,5
immunoreactivity,5
parasitology,5
drug_potency,5
heat_transfer,5
heart_rate_variability,5
diagnostic_imaging,5
oxidation_reduction,5
oxidation_reduction_reaction,5
fractal,5
performance_assessment,5
chlorine,5
chemical_modification,5
wastewater_treatment,5
serotonin,5
hydrodesulfurization,5
methanol,5
sol,5
carboxylic_acid,5
hydrogen_ion_concentration,5
sulfur,5
milk,5
yeast,5
thermoluminescence,5
drug_determination,5
atom,5
sewage,5
hydrophobicity,5
"cell_line,_tumor",5
lipid,5
amino_acid_sequence,5
cell_adhesion,5
disease_association,5
estradiol,5
nickel,5
copper,5
preschool_child,5
porous_material,5
very_elderly,5
mental_disease,5
multivariate_analysis,5
arsenic,5
chlorine_compound,5
distillation_column,5
plant,5
ester,5
tumor_cell_line,5
viscosity,5
genetic_predisposition_to_disease,5
light,5
effective_diffusivities,5
genetic_predisposition,5
middle_east,5
randomized_controlled_trial,5
principal_component_analysis,5
"animals,_newborn",5
electrochemical_electrode,5
enzyme_kinetics,5
distillation,5
rheology,5
flavonoid,5
fluid_dynamic,5
characterization,5
normal_human,5
histopathology,5
bin,5
corticosterone,5
metal_ion,5
physicochemical_property,5
molecular_weight,5
calibration,5
immune_response,5
specie_richness,5
student,5
linear_system,5
trend,5
virology,5
body_height,5
triacylglycerol_blood_level,5
malnutrition,5
quantum_theory,5
entropy,5
"polymorphism,_single_nucleotide",5
gene_amplification,5
chitosan,5
biological_marker,5
africa_south_of_the_sahara,5
cause_of_death,5
cholesterol_blood_level,5
liver_cell,5
solubility,5
united_state,5
anti_oxidant_activity,5
nutritional_status,5
dynamical_system,5
bat,5
chitin,5
recycling,5
climate_change,4
textural_property,4
nutritional_deficiency,4
malaria,4
newborn_disease,4
limit_of_detection,4
biotransformation,4
biodiversity,4
evolution,4
chiroptera,4
operating_condition,4
follow_up,4
drug_dependence,4
communicable_disease,4
health,4
signal_processing,4
particle_size_analysis,4
binding_site,4
pyridine,4
environmental_impact,4
chemical_reaction,4
cytokine,4
crystalline_material,4
quality_adjusted_life_year,4
raman_spectroscopy,4
sulfide,4
bacterial_strain,4
peroxyl_radical,4
volume_averaging,4
mammal,4
disabled_person,4
tumor_necrosis_factor_alpha,4
treatment_duration,4
analytical_expression,4
ozone,4
age_factor,4
nanomagnetics,4
magnetic_nano_particles,4
population_growth,4
gene_expression_profiling,4
molecular_docking,4
systolic_blood_pressure,4
age_distribution,4
environmental_exposure,4
"stress,_psychological",4
weight_gain,4
mortality_rate,4
boriding,4
thermodynamic_property,4
meta_analysis,4
signal_transduction,4
sex_factor,4
mental_stress,4
gene_identification,4
abundance,4
measurement_accuracy,4
temperature_programmed_reduction,4
cycloaddition,4
maize,4
sorption,4
cadmium,4
borides,4
numerical_method,4
randomization,4
random_allocation,4
insulin,4
"microscopy,_electron,_transmission",4
surface_area,4
solar_energy,4
nonradiative_energy_transfer,4
computational_fluid_dynamic,4
reactive_distillation,4
crude_oil,4
aging,4
genetic_association_study,4
absorption,4
lipid_peroxidation,4
iii_v_semiconductor,4
semiconductor_alloy,4
cerebellum,4
treatment_outcome,4
linear_model,4
europium,4
electrolyte,4
bacterium_culture,4
polyacrylamide_gel_electrophoresis,4
aspergillus,4
iron_compound,4
substance_related_disorder,4
biomarkers,4
cost_of_illness,4
population_structure,4
population_genetics,4
disability,4
corpus_striatum,4
seismology,4
mass_transfer,4
nanotube,4
binding_energy,4
water_pollution,4
dietary_supplement,4
lactation,4
chemical_oxygen_demand,4
antineoplastic_agent,4
fluorine_compound,4
luminescence,4
south_america,4
asia,4
comorbidity,4
peroxide,4
"rna,_messenger",4
generalized_gradient_approximation,4
time_series,4
progesterone,4
gold,4
nerve_cell_plasticity,4
alzheimer_disease,4
computer_model,4
cell_nucleus,4
neurologic_disease,4
topology,4
ultraviolet_spectrophotometry,4
prediction,4
essential_oil,4
proteomics,4
electronic_structure,4
growth_kinetics,4
energy_gap,4
cytokine_release,4
toxicity_testing,4
motor_activity,4
soil,4
semiconductor,4
sexual_behavior,4
feces,4
drug_activity,4
signal_to_noise_ratio,4
glutamic_acid,4
efficiency,4
heat_treatment,4
dna_damage,4
model,4
reduced_nicotinamide_adenine_dinucleotide_dehydrogenase,4
quality_of_life,4
ultraviolet_spectroscopy,4
device,4
equation_of_motion,4
animal_behavior,4
nitrogen,4
metal_nanoparticles,4
waste_water,4
poaceae,4
ethylene,4
sediment,4
genetic_analysis,4
spectroscopy,4
cell_interaction,4
lung,4
gulf_of_mexico,4
standard,4
citrus_fruit,4
pore_size,4
south_and_central_america,4
immunomodulation,4
mitochondrial_dna,4
boundary_condition,4
concentration_response,4
adhesion,4
additive,4
tin,4
energy_dispersive_spectroscopy,4
inflammation,4
pathogenicity,4
cellular_distribution,4
biocompatibility,4
larva,4
diabetes_mellitus,4
electrochemistry,4
pyridine_derivative,4
liver_cirrhosis,4
mutation,4
batch_cell_culture,4
"child,_preschool",4
maternal_disease,4
kinetic_parameter,4
bismuth,4
uncertainty_analysis,4
texture,3
cholesterol_diet,3
endocrine_disease,3
tropical_disease,3
educational_status,3
viscoelasticity,3
injury,3
chronic_respiratory_tract_disease,3
chronic_liver_disease,3
urogenital_tract_disease,3
temperature_dependence,3
serotoninergic_system,3
n_methylaspartate,3
n_methylaspartic_acid,3
neglected_disease,3
cardiovascular_disease,3
non_communicable_disease,3
parameter_estimation,3
enzymatic_hydrolysis,3
productivity,3
acetone,3
mitochondrion,3
ion_exchange,3
oral_drug_administration,3
"administration,_oral",3
economics,3
cyclic_amp,3
sugar,3
drug_mechanism,3
environmental_protection,3
cysteine,3
anemia,3
incidence,3
heart_failure,3
gastrointestinal_disease,3
malignant_neoplastic_disease,3
lower_respiratory_tract_infection,3
acquired_immune_deficiency_syndrome,3
pacific_island,3
automutilation,3
stirred_reactor,3
socioeconomics,3
mixture,3
deposition,3
mesoporous_material,3
silica,3
amorphous_material,3
muscle,3
engineered_escherichia_coli,3
hematologic_disease,3
bioethanol,3
electroencephalogram,3
steam,3
actinobacteria,3
pig,3
taste,3
mestizo,3
dna,3
covalent_bond,3
nanorod,3
alkalinity,3
haplotype,3
anatomy_and_histology,3
photoluminescence_spectrum,3
genetic_polymorphism,3
epidemiology,3
anticonvulsive_agent,3
drug_synergism,3
analgesic,3
analgesic_agent,3
validation_study,3
zinc_compound,3
quadrupole_interaction,3
aluminum_gallium_nitride,3
room_temperature,3
structural_characterization,3
metal_organic_framework,3
fish,3
chromaticity_coordinate,3
allele,3
theoretical_study,3
neuropathic_pain,3
fiber,3
vascularization,3
astacoidea,3
oxygen_reduction_reaction,3
electrolytic_reduction,3
liquid,3
growth_response,3
brazil,3
structure_analysis,3
vegetation,3
electron_microscopy,3
motor_coordination,3
water_absorption,3
rabbit,3
blood_sampling,3
lithium,3
poly_methacrylate,3
polyethylene_glycol,3
clinical_trial,3
mean_unsigned_error,3
hepatocytes,3
lowest_income_group,3
crayfish,3
seismic_response,3
lithium_compound,3
laser_ablation,3
animal_food,3
seismic_design,3
behavior_change,3
batch_reactor,3
polyelectrolyte,3
analytical_parameter,3
dosimetry,3
controller,3
anomalous_diffusion,3
fitting_parameter,3
animal_feed,3
clinical_evaluation,3
raman_spectrometry,3
brain,3
amide,3
acute_toxicity,3
frequency_domain_analysis,3
river,3
phytochemistry,3
phytotherapy,3
acetylation,3
aluminum_oxide,3
alanine_aminotransferase,3
charged_particle,3
magnetic_field,3
closed_loop_system,3
fungal_strain,3
antibiotic_resistance,3
grafting,3
polypropylene,3
cytoskeleton,3
structure_activity_relationship,3
gamma_ray,3
salt,3
spinal_cord_injury,3
drug_formulation,3
sensitivity_analysis,3
photocatalytic_property,3
heart_rate,3
electric_impedance,3
titanium,3
oxidation_reduction_state,3
superoxide_dismutase,3
autonomic_nervous_system,3
tank,3
orthostatic_stress,3
newborn_mortality,3
physiological_stress,3
"stress,_physiological",3
nutrition,3
forecasting,3
genetic_susceptibility,3
physic,3
"genetics,_population",3
dibenzothiophenes,3
cadmium_sulfide,3
gene_linkage_disequilibrium,3
genome_wide_association_study,3
drinking_behavior,3
africa,3
titanium_oxide,3
bagg_albino_mouse,3
winter,3
oaxaca,3
hemodynamics,3
antidiabetic_agent,3
molecular_docking_simulation,3
life_expectancy,3
metabolic_disorder,3
magnetite,3
desorption,3
water_vapor,3
catalytic_oxidation,3
cell_differentiation,3
drug_use,3
smoking,3
antiinflammatory_agent,3
non_insulin_dependent_diabetes_mellitus,3
antiinflammatory_activity,3
risk_assessment,3
alcohol_consumption,3
bioactivity,3
sheep,3
fungus_culture,3
laccase,3
heat,3
carbon_nanotube,3
antioxidant_capacity,3
x_ray_diffraction_analysis,3
hydrogel,3
phylogeography,3
excited_state,3
temperature_effect,3
drug_cytotoxicity,3
reaction_condition,3
magnetite_nanoparticles,3
simulation,3
coprecipitation_method,3
lipase,3
triacylglycerol_lipase,3
noradrenalin,3
neuronal_plasticity,3
"mice,_transgenic",3
seed,3
biogeography,3
carbonate,3
molecular_dynamic_simulation,3
surgery,3
reference_value,3
germination,3
transgenic_mouse,3
gout,3
asteraceae,3
cerium,3
fibroblast,3
soil_pollution,3
entamoeba_histolytica,3
protein_interaction,3
phagocytosis,3
cyclic_voltammetry,3
soil_microbiology,3
immunoglobulin_a,3
food_intake,3
fluorescent_antibody_technique,3
protein_folding,3
magnesium,3
energy_dispersive_x_ray_spectroscopy,3
actin,3
prasterone,3
testosterone,3
powder,3
experimental_evidence,3
flow_kinetics,3
calcium_carbonate,3
crystallinities,3
water_treatment,3
reproduction,3
cell_surface,3
"mice,_inbred_balb_c",3
low_density_lipoprotein_cholesterol,3
molecular_genetics,3
proton_nuclear_magnetic_resonance,3
molecular_sequence_data,3
health_risk,3
fossil_fuel,3
antibiotic,3
ejaculation,3
heart,3
latin_america,3
experimental_study,3
iron,3
pain_measurement,3
mineralization,3
macrophage,3
phylogenetics,3
interface,3
phase_interface,3
dehydroepiandrosterone,3
corrosion,3
medicinal_plant,3
platinum,3
genotoxicity,3
measurement_precision,3
cell_cycle_arrest,3
chain,3
transcriptome,3
dna_microarray,3
reaction_mechanism,3
single_crystal_x_ray_diffraction,3
single_crystal,3
hyperalgesia,3
formaldehyde,3
memory,3
nitrate,3
aromatic_compound,3
antineoplastic_activity,3
breast_neoplasm,3
dechlorination,3
dairying,3
validation_process,3
paracetamol,3
drug_solubility,3
polyester,3
biochemistry,3
theoretical_calculation,3
microbial_diversity,3
prenatal_exposure,3
prepuberty,3
phosphor,3
dietary_fiber,3
nuclear_reactor,3
reynolds_number,3
prenatal_exposure_delayed_effect,3
reactive_distillation_process,3
reactive_distillation_column,3
sexual_maturation,3
immobilization,3
glutathione_transferase,3
area_under_curve,3
sodium_chloride,3
anthozoa,3
waste_component_removal,3
"waste_disposal,_fluid",3
effluent,3
surface_treatment,3
gel,3
brain_cortex,3
sulfamethoxazole,3
elasticity,3
glutathione_peroxidase,3
waste_management,3
antiinfective_agent,3
city,3
anthocyanins,3
protein_conformation,3
regression_analysis,3
hiv_infection,3
electrochemical_oxidation,3
organic_compound,3
feeding_behavior,3
protein_phosphorylation,3
drug_blood_level,3
manganese,3
musculoskeletal_disease,3
calcium_sulfate,3
electrospinning,3
electric_resistance,3
forest,3
logistic_model,3
giardia_intestinalis,3
congenital_malformation,3
isomer,3
fabaceae,3
season,3
partition_coefficient,3
microrna,3
mouth_disease,3
american_indian,3
cyclodextrins,3
perception,3
anthropogenic_effect,3
phosphate,3
dna_extraction,3
lythraceae,3
nanocomposites,3
clay,3
reproducibility_of_result,3
fractal_analysis,3
molecular_analysis,3
surface_reaction,3
electrocatalysis,3
chemical_removal,3
thermogravimetry,3
legume,3
biological_activity,3
star,3
"models,_chemical",3
chemical_model,3
modeling,3
natural_product,3
caribbean,3
coral,3
saccharomyces_cerevisiae,3
europe,3
stochastic_system,3
bioassay,3
molecular_conformation,3
conformation,3
naphthalene,3
numerical_experiment,3
mean_square_error,3
quantum_chemistry,3
aspergillus_niger,3
aeration,3
agave_tequilana,3
gas_chromatography,3
liver_toxicity,3
surface_chemistry,3
zea_may,3
drop,3
nucleotide_sequence,3
oxidant,3
detrended_fluctuation_analysis,3
hybrid_material,3
onset_age,3
free_energy,3
desulfurization,3
food_storage,3
adaptation,3
ovary_follicle,3
corn_starch,3
biotechnology,3
liquid_chromatography,3
x_ray_powder_diffraction,3
polyphenol,3
gelation,3
sponge_cake,3
specie_diversity,3
algae,3
yarrowia_lipolytica,3
ovarian_follicle,3
catalyst_support,3
cobalt,3
memory_disorder,3
disease_duration,3
electroencephalography,3
three_phase_partitioning,3
nootkatone,3
adsorption_isotherm,3
neuralgia,3
serotonin_antagonist,3
conservation_of_natural_resource,3
saccharification,3
sex,3
lithium_ion_battery,3
anode,3
kinetics_and_mechanism,3
spectrophotometry,3
convalescence,3
neuroprotective_agent,2
recovery_of_function,2
mechanism,2
electrochemical_reaction,2
voltammetry,2
nerve_protein,2
experimental_technique,2
neuroprotection,2
pulque,2
chemical_contamination,2
liver_function,2
sodium_hydroxide,2
hydrothermal_synthesis,2
piperazine_derivative,2
metitepine,2
adenosine_triphosphate_sensitive_potassium_channel,2
spiro_compound,2
serotonin_blood_level,2
sex_hormone,2
immunoassay,2
high_cholesterol,2
battle_injury,2
long_term_memory,2
nerve_tissue_protein,2
cytoskeletal_protein,2
n_methyl_dextro_aspartic_acid,2
software,2
metal_interaction,2
equation_of_state,2
niobium_compound,2
tandem_mass_spectrometry,2
"gene_expression_regulation,_fungal",2
carbohydrate,2
luteinizing_hormone,2
ovary,2
suprachiasmatic_nucleus,2
morbidity,2
levetiracetam,2
electroencephalograph,2
volatile_fatty_acid,2
sulfur_determination,2
environmental_microbiology,2
"membranes,_artificial",2
stirred_tank_bioreactors,2
benzaldehyde_derivative,2
ferulic_acid,2
"chromatography,_high_pressure_liquid",2
benzaldehydes,2
disease_exacerbation,2
lamotrigine,2
topiramate,2
valproic_acid,2
piracetam,2
carbamazepine,2
morphological_characteristic,2
porphyrin,2
silica_gel,2
ovulation,2
annealing,2
caloric_intake,2
polyphenols,2
plant_leaf,2
bacterial_gene,2
high_density_lipoprotein,2
skinfold_thickness,2
"electrophoresis,_polyacrylamide_gel",2
nucleotide_metabolism,2
emission_spectroscopy,2
impurity,2
sensory_analysis,2
thermal_processing,2
sensory_property,2
porous_structure,2
heating_rate,2
whey_protein_isolate,2
atropine,2
commerce,2
xerogels,2
epidemiological_data,2
self_report,2
alga,2
microbial_activity,2
microbial_community,2
dysprosium_compound,2
indium_alloy,2
high_sensitivity,2
sensory_perception,2
mobile_telecommunication_system,2
modified_starch,2
electrochemical_method,2
carbohydrate_metabolism,2
zebra_fish,2
arsenopyrite,2
phase_equilibrium,2
arsenical,2
bacterial_protein,2
hemoglobin,2
carbon_source,2
organoarsenic_derivative,2
iron_derivative,2
electrophoresis,2
mineral,2
pulmonary_hypertension,2
transforming_growth_factor_beta,2
composite_material,2
artificial_membrane,2
oxidizing_agent,2
crude_oil_market,2
odontogenic_tumor,2
absorption_spectroscopy,2
chemical_bond,2
carboxylation,2
ameloblastoma,2
fungal_metabolism,2
smoothed_particle_hydrodynamics,2
science_and_engineering,2
root_mean_square_error,2
world_health_organization,2
risk,2
cell_structure,2
glucoamylase,2
respirometry,2
zebrafish,2
"biomarkers,_tumor",2
yttrium_compound,2
mutagenic_agent,2
tensor,2
porous_medium,2
boiling_water_reactor,2
molecular_simulation,2
nanocrystals,2
free_radical_scavenger,2
primary_antioxidant,2
oocyte,2
adsorption_free_energy,2
abstracting,2
circuit_simulation,2
food_microbiology,2
anaerobic_digestion,2
"drug_screening_assays,_antitumor",2
gene_mutation,2
tumor_marker,2
sleep_time,2
hemolysis,2
polysomnography,2
catalytic_result,2
open_system,2
lung_neoplasm,2
temperature_programmed_desorption,2
ssbauer_spectroscopy,2
aerodynamics,2
glycoside,2
formalin_test,2
matrix_assisted_laser_desorption_ionization_time_of_flight_mass_spectrometry,2
electrodeposition,2
transcription_factor,2
water_adsorption,2
bentonite,2
nanocomposite,2
pore_network,2
rhodium,2
sem_eds,2
swine,2
cell_communication,2
density_functionals,2
premature_mortality,2
foreign_body,2
mouth_tumor,2
theoretical_framework,2
degradation_rate,2
unindexed_drug,2
maternal_mortality,2
health_service,2
north_africa,2
south_asia,2
eastern_europe,2
cell_cycle,2
cancer,2
inhibition,2
atmosphere,2
cell_division,2
radiative_transfer,2
cadmium_compound,2
biosorption,2
pseudo_second_order_model,2
micrornas,2
breast_tumor,2
thickness_measurement,2
testing,2
adsorption_mechanism,2
cultural_factor,2
residence_characteristic,2
mexican_american,2
texas,2
migration,2
social_environment,2
"neovascularization,_pathologic",2
rna,2
neovascularization,2
failure,2
program_processor,2
inflammatory_disease,2
genetic_marker,2
phase_diagram,2
three_dimension,2
triazole_derivative,2
war,2
environmental_policy,2
urbanization,2
naproxen,2
diclofenac,2
aluminum_silicate,2
environmental_assessment,2
"evolution,_molecular",2
molecular_evolution,2
canada,2
western_europe,2
southeast_asia,2
north_america,2
global_disease_burden,2
rheumatoid_arthritis,2
adsorption_capacity,2
activated_sludge,2
diamond,2
activated_sludge_process,2
methane,2
high_selectivity,2
reactor,2
tropic_climate,2
aerobic_bacteria,2
metabolite,2
pesticide,2
biomineralization,2
identification_method,2
tropical_climate,2
emotion,2
electrical_resistance,2
electrode_resistance,2
bandpass_filter,2
polyvinylidene_fluoride,2
electrocardiography,2
coinfection,2
mixed_infection,2
musculoskeletal_pain,2
"indians,_central_american",2
interview,2
sex_ratio,2
social_status,2
rna_interference,2
gene_control,2
gene_function,2
osteoarthritis,2
mesostigmata,2
arthritis,2
tramadol,2
guinea_pig,2
low_dose,2
thermoluminescence_dosimetry,2
thermoluminescence_dosimeter,2
neoplasm,2
central_america,2
violence,2
geography,2
skin_disease,2
ixodida,2
ixodidae,2
system_stability,2
cell_stimulation,2
bacterium_isolation,2
gene_sequence,2
enthalpy,2
quenching,2
ligand_binding,2
ectoparasite,2
urban_population,2
urban_area,2
hydrolyzable_tannin,2
punicaceae,2
tannin,2
anthropometry,2
eating,2
depression,2
point_kinetics,2
pavona,2
granulosa_cell,2
follitropin,2
liquid_crystal,2
anisotropy,2
pollutant_removal,2
boron,2
waste_water_management,2
biological_water_treatment,2
hemoglobinopathy,2
accidental_injury,2
premature_labor,2
"mortality,_premature",2
childhood_mortality,2
highly_active_antiretroviral_therapy,2
cell_cycle_m_phase,2
ellagic_acid,2
anti_bacterial_agent,2
sulfonamide,2
tissue_engineering,2
lactic_acid_bacteria,2
immunoglobulin_receptor,2
vegetable,2
plastic,2
"spectrometry,_fluorescence",2
spectrofluorometry,2
protein_intake,2
protein_binding,2
functional_food,2
ecotoxicology,2
porites,2
scleractinia,2
pacific_ocean,2
organic_matter,2
electrochemical_analysis,2
death,2
sexually_transmitted_disease,2
vegetable_oil,2
"muscle,_smooth",2
smooth_muscle,2
glial_fibrillary_acidic_protein,2
spinal_cord,2
food_product,2
diffusion_in_liquid,2
manganese_superoxide_dismutase,2
malonaldehyde,2
insulin_blood_level,2
lactobacillus,2
process_design,2
computer_aided,2
integrated_process_design,2
driving_force,2
process_control,2
thermal_and_rheological_property,2
reaction_time,2
starch_granule,2
ultrasonics,2
microstructure,2
fluorescence_spectroscopy,2
endotoxemia,2
endotoxin,2
nucleation,2
impeller,2
pocillopora,2
mercury,2
scaffold,2
poly_lactic_acid,2
morris_water_maze_test,2
growth,2
acid_base_behavior,2
kaolinite,2
emulsion_polymerization,2
grain,2
moisture,2
fluidization,2
wave_function,2
brownian_dynamic_simulation,2
prenatal_stress,2
developmental_stage,2
turbomachine_blade,2
relative_standard_deviation,2
electric_inverter,2
bone,2
complexation,2
gelatinization_temperature,2
lactobacillus_plantarum,2
ferric_reducing_antioxidant_power_assay,2
mechanical_behavior,2
boride_coating,2
radical_scavenging_capacity,2
abts_radical_scavenging_assay,2
prebiotics,2
digital_storage,2
memory_kernel,2
effective_medium,2
scalability,2
generic_drug,2
linearity,2
fluidized_bed,2
oligonucleotide_array_sequence_analysis,2
nucleophilicity,2
sensor_location,2
complex_network,2
protein_serine_threonine_kinase,2
economic_and_social_effect,2
nonlinear_programming,2
vasculotropin,2
chlorophenols,2
gallium_alloy,2
thermodynamic_stability,2
drying,2
experimental_condition,2
chemical_stability,2
design_for_testability,2
catalytic_property,2
intestine_mucosa,2
digestibility,2
tyrosine,2
pain,2
electrophysiology,2
sensitization,2
fluorescein,2
uvomorulin,2
neuromodulation,2
nociception,2
seedling,2
magnetic_semiconductor,2
watershed,2
vicia_faba,2
promutagen,2
mutagenicity_test,2
"plants,_medicinal",2
metaphase,2
lymphocyte_culture,2
canid,2
behavioral_ecology,2
hexane,2
anti_proliferative_activity,2
disease_progression,2
weight_reduction,2
lipid_diet,2
leptin,2
amygdala,2
glucose_metabolism,2
lycopersicon_esculentum,2
mean_dissolution_time,2
halogenation,2
spatial_learning,2
protein_c_fo,2
nervous_system_development,2
fluid_intake,2
municipal_solid_waste,2
crystal_structure,2
phenol_photodegradation,2
free_radical_reaction,2
layered_double_hydroxide,2
cell_cycle_progression,2
lymphocyte,2
carbamic_acid_derivative,2
sister_chromatid_exchange,2
mutagen_testing,2
physicochemical_characteristic,2
catalase,2
pyrimidine,2
pyrimidine_derivative,2
oxide_semiconductor,2
prostate,2
cluster_analysis,2
low_concentration,2
peyer_patch,2
lamina_propria,2
secretion,2
platinum_compound,2
citric_acid,2
fractionation,2
confocal_microscopy,2
phytoestrogen,2
nitrogen_oxide,2
thiourea,2
oxytocin,2
methionine,2
acacia,2
plant_protein,2
orientational_order_parameter,2
electric_field,2
organic_polymer,2
silver,2
thin_film,2
crocodylus_acutus,2
symbiosis,2
testis,2
recovery,2
s.cerevisiae,2
anaerobiosis,2
degradation_mechanism,2
charge_transfer,2
crystallite_size,2
zirconium_alloy,2
"sexual_behavior,_animal",2
colloid,2
dynamic_light_scattering,2
tissue_distribution,2
monoclonal_antibody,2
framework,2
pathogen,2
clostridium,2
breast_cancer,2
histology,2
"spectroscopy,_fourier_transform_infrared",2
diet_restriction,2
diet_supplementation,2
diastolic_blood_pressure,2
high_density_lipoprotein_cholesterol,2
overweight,2
school_child,2
physiological_ph,2
lake,2
feasibility_study,2
ductility,2
thermochemical_treatment,2
machinery,2
phytoestrogens,2
dietary_intake,2
oxygen_evolution_reaction,2
crystalline_structure,2
nanoparticle,2
tunel_assay,2
incubation_time,2
metal_nanoparticle,2
correlation_analysis,2
germ_cell,2
peroxidase,2
secretory_component,2
humoral_immunity,2
"immunity,_humoral",2
epithelium_cell,2
generalized_langevin_equation,2
constant_magnetic_field,2
double_layer_capacitance,2
ultrastructure,2
endoplasmic_reticulum,2
electron_hole_pair,2
microscopy,2
survival,2
penicillium_dipodomyicola,2
penicillium_italicum,2
ammonium_sulfate,2
penicillium,2
brain_level,2
liver_injury,2
blood_pressure,2
antioxidant_assay,2
nixtamalization,2
contact_angle,2
genistein,2
laser_beam,2
cytoplasm,2
protein_transport,2
protein_structure,2
nonionic_surfactant,2
oil_in_water_emulsion,2
surface_active_agent,2
convergence_of_numerical_method,2
neutrophil,2
sympathetic_tone,2
glycogen,2
tissue_section,2
crocodylus_moreletii,2
guerrero,2
crocodylidae,2
hybridization,2
photo_catalytic_degradation,2
biomedical_application,2
hexapoda,2
amyloid_beta_protein,2
amyloid_beta_peptides,2
biochemical_composition,2
lamiaceae,2
community_structure,2
endemic_specie,2
aluminum_alloy,2
uric_acid,2
deionized_water,2
"fluorosis,_dental",2
fluoridation,2
dental_fluorosis,2
cell_migration,2
conserved_sequence,2
reservoir,2
two_dimensional_modeling,2
phase_transition,2
gamma_aminobutyric_acid,2
lauraceae,2
new_specie,2
longitudinal_study,2
sphere,2
new_record,2
habitat_fragmentation,2
xerostomia,2
lymphocyte_count,2
ecosystem,2
fungus_isolation,2
aspergillus_japonicus,2
phragmites_australis,2
enzyme_immobilization,2
enantioselectivity,2
medical_application,2
cross_linking,2
biocatalyst,2
disease_activity,2
cerebral_cortex,2
oligomer,2
synovium,2
dispersal,2
urea,2
steel,2
drug_response,2
sequence_analysis,2
theoretical_model,2
crocodilian,2
immunofluorescence,2
binding_affinity,2
medical_nanotechnology,2
coating,2
dissolution,2
drug_delivery_system,2
cell_counting,2
protein_localization,2
probability,2
morphometry,2
pollen,2
silicon_dioxide,2
blood_analysis,2
plasma,2
analytic_method,2
dopamine,2
panthera,2
habitat_use,2
software_radio,2
white_light_generation,2
solid_state_lighting_technology,2
neural_network,2
trajectory,2
spectroscopic_investigation,2
population_abundance,2
functionalized,2
white_light,2
lighting,2
glutamine,2
"mapt_protein,_human",2
tau_protein,2
"models,_theoretical",2
effect_of_temperature,2
ph_effect,2
autacoid,2
gamma_interferon,2
electronic_property,2
solid_state_fermentation,2
ruthenium_alloy,2
heat_tolerance,2
fungal_structure,2
hot_temperature,2
animalia,2
functionalizations,2
swelling,2
follow_up_study,2
temporal_variation,2
thermal_power,2
atom_transfer_radical_polymerization,2
stoichiometry,2
functional_magnetic_resonance_imaging,2
cell_shape,2
particulate_matter,2
"air_pollution,_indoor",2
nitride,2
maturation,2
antidiabetic_activity,2
adiponectin,2
peroxisome_proliferator_activated_receptor_alpha,2
lipogenesis,2
t_lymphocyte,2
inflammation_mediator,2
design_and_operation,2
amaranthus,2
pacific_coast_[mexico],2
transport_phenomenon,2
volume_averaging_method,2
cell_population,2
mixed_oxide_catalyst,2
parametric_sensitivity,2
electric_machine_control,2
nadph_oxidase,2
reduced_nicotinamide_adenine_dinucleotide_phosphate_oxidase,2
suspension,2
software_defined_radio,2
wireless_telecommunication_system,2
feces_analysis,2
reticulocyte,2
hispanic,2
flow_of_gas,2
leaching,2
chloride,2
resonance,2
electromagnetic_simulation,2
anoxic_condition,2
illumination,2
cardiovascular_parameter,2
wind,2
ecological_impact,2
peroxisome_proliferator_activated_receptor_gamma,2
complementary_dna,2
hypoglycemic_agent,2
anti_inflammatory_agent,2
procyonidae,2
group_by_age,2
pacific_coast_[north_america],2
morphological_change,2
fractional_derivative,2
pig_a_gene,2
salbutamol,2
adsorption_process,2
atomic_absorption_spectrometry,2
"intestine,_small",2
up_regulation,2
small_intestine,2
"receptors,_polymeric_immunoglobulin",2
lactoferrin,2
rhodophyta,2
indoor_air_pollution,2
adipose_tissue,2
brownian_particle,2
microorganism,2
precious_metal,2
ii_vi_semiconductor,2
echography,2
sensitivity_and_specificity,2
rheumatic_disease,2
childhood_obesity,2
motivation,2
monocyte,2
morphological_feature,2
oxidative_desulfurization,2
oxidation_state,2
nanofiber,2
photocatalytic_hydrogen_production,2
membrane_protein,2
caffeine,2
surface_diffusion,2
progesterone_blood_level,2
palladium,2
estradiol_blood_level,2
redundancy,2
mobile_communication,2
wireless_network,2
network_management,2
drinking_water,2
water_quality,2
electric_conductivity,2
hydrology,2
cycloaddition_reaction,2
colorectal_neoplasm,2
colorectal_cancer,2
cohort_study,2
gold_nanoparticle,2
piezoelectricity,2
ceramic_material,2
oyster,2
analytical_formula,2
prognosis,2
scavenger,2
complex_formation,2
height,2
agglomeration,2
predictor_variable,2
systematic_review,2
predictive_value,2
melt_quenching_technique,2
earthquake_event,2
ground_motion,2
time_domain_analysis,2
fungus_spore,2
hypocreales,2
microbial_viability,2
electrical_impedance_spectroscopy,2
centrifugation,2
cyclic_potentiometry,2
volume,2
zeta_potential,2
protein_bax,2
lipotoxicity,2
styrene,2
free_radical_polymerization,2
computer_assisted_tomography,2
spasticity,2
liver_function_test,2
stimulus_response,2
vibrio,2
graphic_method,2
gunshot_injury,2
nonparametric_test,2
wood,2
industrial_production,2
sustainable_development,2
ketoprofen,2
hydrogen_atom,2
photocatalytic_reaction,2
oxide_mineral,2
accuracy,2
actin_filament,2
vibrio_cholerae,2
ostreidae,2
shellfish,2
hamster,2
prostate_weight,2
imidazole,2
"calorimetry,_differential_scanning",2
tube,2
"spores,_fungal",2
solid_state_culture,2
lepidoptera,2
bioaccumulation,2
bacterial_count,2
intermethod_comparison,2
bivalve,2
atlantic_ocean,2
isoenzyme,2
cricetinae,2
isoenzymes,2
uv_vis_spectroscopy,2
prospective_study,2
fungus_identification,2
candida,2
water_flow,2
geology,2
imidazole_derivative,2
photoelectron_spectroscopy,2
synthesis_and_characterization,2
metallic_film,2
fluvial_geomorphology,2
glucosamine,2
energy_conservation,2
toxin_analysis,2
dna_fragmentation,2
mouth_mucosa,2
"statistics,_nonparametric",2
falling,2
formic_acid,2
odds_ratio,2
bilirubin,2
aspartate_aminotransferase,2
lipid_metabolism,2
neodymium,2
glutathione_disulfide,2
cholesterol_intake,2
scatter_factor_receptor,2
glutamate_cysteine_ligase,2
"cholesterol,_dietary",2
emulsion,2
capacitance,2
electric_impedance_measurement,2
ionizing_radiation,2
electric_network_parameter,2
electric_network_analysis,2
guideline,2
flood,2
cell_activation,2
endocytosis,2
candida_albicans,2
fungal_virulence,2
capillary_electrophoresis,2
sigma_opiate_receptor,2
antinociceptive_agent,2
ultraviolet_visible_spectroscopy,2
measurement_repeatability,2
chemical_compound,2
clinical_feature,2
probiotic_agent,2
bioactive_compound,2
acetamide_derivative,2
"receptors,_sigma",2
acetamide,2
food_contamination,2
milk_production,2
motor_performance,2
cell_loss,2
drug_design,2
plant_medicinal_product,2
extraction,2
sampling,2
ethnopharmacology,2
traditional_medicine,2
open_field_test,2
radiosensitivity,2
probiotic,2
wind_speed,2
feedback,2
spain,2
spray_drying,2
time_to_maximum_plasma_concentration,2
corticosterone_blood_level,2
broxuridine,2
spatial_memory,2
process_optimization,2
neodymium_compound,2
solid_state_reaction,2
ferrite,2
asian_continental_ancestry_group,2
rietveld_refinement,2
sensor,2
cell_heterogeneity,2
coulombic_interaction,2
reinforced_concrete,2
structural_stability,2
glass_transition,2
ethylene_glycol,2
laser_ablation_plasma,2
electron_transport_property,2
cell_and_cell_component,2
earthquake,2
geophysics,2
ablation,2
triglyceride,2
evaluation_study,2
graphene,2
dissolved_oxygen,2
phenol_derivative,2
soybean,2
amine,2
proto_oncogene_protein_c_met,2
degree_of_freedom,2
life_cycle,2
environment,2
carbon_footprint,2
energy_consumption,2
clinical_assessment,2
kinetically_controlled,2
procambarus,2
scale_down,2
fluorescence_analysis,2
biosensors,2
"osteoarthritis,_knee",2
population_modeling,2
biodegradability,2
bacterial_metabolism,2
ammonia/lithium_nitrate,2
leporidae,2
calcium_ion,2
monomer,2
cobalt_chloride,2
reaction_rate,2
maxwell_equation,2
resin,2
knee_osteoarthritis,2
articular_cartilage,2
relaxation_time,2
polyols,2
dna_base_composition,2
"dna,_mitochondrial",2
tin_oxide,2
firmicutes,2
taxonomy,2
environmental_management,2
life_cycle_assessment,2
me_xico,2
environmental_technology,2
greenhouse_gas,2
tubular_reactor,2
ascorbic_acid,2
safety,2
multilayer_film,2
doping,2
sulfate,2
gabapentin,2
mechanical_hyperalgesia,2
actimetry,2
labeling_index,2
tilapia,2
size_distribution,2
cichlid,2
harvesting,2
information_processing,2
ultraviolet_irradiation,2
fetus,2
ribosome_rna,2
base_composition,2
mitochondrial_genome,2
transfer_rna,2
"genome,_mitochondrial",2
correlated_color_temperature,2
organ_size,2
fetal_growth_retardation,2
mononuclear_cell,2
genetic_variability,2
cactus,2
peptide,2
protein_carbonylation,2
europium_compound,2
nanorods,2
socioeconomic_factor,2
walking,2
diagnosis,2
cost_benefit_analysis,2
diagnostic_test_accuracy_study,2
bismuth_compound,2
pregnancy_complication,2
maternal_nutrition,2
anticonvulsant,2
survival_rate,2
laboratory,2
exchange_correlation_functionals,2
electric_power_system_control,2
seasonal_variation,2
puerperium,2
body_composition,2
estrus,2
thiazole_derivative,2
thiazoles,2
functionals,2
animal_husbandry,2
white_light_emission,2
chi_square_distribution,2
conjugate_gradient_method,2
approximation_algorithm,2
cognition,2
child_development,2
biological_evolution,2
one_pot_synthesis,2
beverage,2
photocatalytic_performance,2
biomedical_material,2
biomedical_engineering,2
mechanical_property,2
statistical_analysis,2
hidalgo,2
cactaceae,2
brain_damage,2
nonlinear_analysis,2
mathematical_computing,2
transcription_regulation,2
creatinine_blood_level,2
nuclear_magnetic_resonance,2
creatinine,2
"dna,_bacterial",2
air_microbiology,2
bacterial_dna,2
bacillus,2
drug_retention,2
maximum_plasma_concentration,2
shear_stress,2
red_meat,2
fourier_transformation,2
autonomic_regulation,2
sesquiterpene_derivative,2
cell_line,2
power_transformer,2
acrylic_monomer,2
ground_state,2
color,2
low_back_pain,2
body_size,2
batch_cell_culture_technique,2
biomolecules,2
plasmid_dna,2
immunopathology,2
supine_position,2
nonlinear_system,2
theoretical_value,2
bio_ethanol_production,2
batch_data_processing,2
biochemical_reaction,2
nanostructured_material,2
antiprotozoal_agent,2
giardia_lamblia,2
surface_response_methodology,2
functional_property,2
consumer_attitude,2
thermo_dynamic_analysis,2
thermal_efficiency,2
ketone_derivative,2
kinetic_theory,2
plasmid,2
nutritional_disorder,2
valencene,2
phase_partitioning,2
mimosa,2
reperfusion,2
glia,2
reperfusion_injury,2
cerebrovascular_accident,2
primary_hepatocytes,2
dental_caries,2
cytoskeleton_protein,2
substrate_concentration,2
iron_deficiency_anemia,2
infection,2
cancer_epidemiology,2
phosphodiesterase,2
colombia,2
stirred_tank_reactor,2
temperature_distribution,2
nanosheets,2
specie_conservation,2
freezing,2
quality_control,2
image_analysis,2
storage_and_loss_modulus,2
methiothepin,2
stimulation,2
glibenclamide,2
katp_channel,2
cyclic_gmp,2
piperazine,2
genomic_dna,2
gene_flow,2
coevolution,2
digestive_system,2
mangiferin,1
ovary_follicle_cell,1
purine_derivative,1
serotonin_receptor,1
potassium_channel,1
piperidones,1
neuropathy,1
ng_nitroarginine_methyl_ester,1
nitric_oxide,1
tlds,1
x_ray_field,1
x_ray_system,1
radiation_dosage,1
"lif_mg,cu,p",1
x_ray_machine,1
lithium_derivative,1
thermoluminescent_dosimetry,1
x_irradiation,1
linear_voltammetry,1
coulometers,1
variable_structure_controller,1
seebeck_effect,1
solid_electrolyte,1
transient_ischemic_attack,1
diffusion_tensor_imaging,1
brain_infarction_size,1
fractional_anisotropy,1
stroke,1
brain_ischemia,1
dapsone,1
"receptors,_serotonin",1
xanthones,1
n_nitroarginine_methyl_ester,1
naloxone,1
textural_characteristic,1
creep_recovery_test,1
limited_availability_of_water,1
micro_structural_characteristic,1
kinetic_monte_carlo_method,1
solid_electrolyte_interphase_layer,1
quantum_mechanical_method,1
computational_study,1
electrochemical_instability,1
solid_electrolyte_interphase,1
interfacial_phenomenon,1
lipid_raft,1
cathodic_direction,1
spectrophotometric_study,1
spectrophotometer,1
absorption_maximum,1
sunspot_cycle,1
sunspot_activity,1
hurricane,1
sunspot,1
caribbean_sea,1
oscillation_period,1
n_methyl_dextro_aspartic_acid_receptor,1
robustness,1
dynamic_analysis,1
robustness_and_fragility,1
sliding_mode,1
ecology,1
open_loop_configuration,1
uncertainty_estimator,1
accommodation_disorder,1
chronoamperometry,1
membrane_microdomains,1
arc_protein,1
"receptors,_n_methyl_d_aspartate",1
galactose_permease,1
wild_type_strain,1
refraction_error,1
somalia,1
tension_headache,1
cancer_incidence,1
bayes_theorem,1
democratic_republic_congo,1
sliding_mode_technique,1
continuous_bioreactors,1
harmonic_analysis,1
spectrum_analysis,1
exploratory_analysis,1
genital_herpes,1
ascariasis,1
liberia,1
migraine,1
north_african,1
social_aspect,1
visual_impairment,1
funding,1
clinical_outcome,1
neck_pain,1
hearing_impairment,1
brain_protein,1
post_synaptic_density,1
"receptors,_ampa",1
postsynaptic_density,1
membrane_microdomain,1
chronic_disease,1
simulation_environment,1
trust_region_approach,1
binary_distillation_column,1
decision_variable,1
reduced_order_system,1
model_predictive_control,1
dynamic_model,1
gradient_information,1
derivative_free_optimization,1
experimental_system,1
synapse,1
synapsis,1
brain_homogenate,1
ampa_receptor,1
"vaccines,_dna",1
glucose_transport,1
metabolic_engineering,1
dna_vaccine,1
bottle,1
industrial_structure,1
policy_analysis,1
upper_respiratory_tract_infection,1
bayesian_learning,1
intermolecular_interaction,1
disulfide_bridge,1
cystine,1
molecular_crystal,1
van_der_waals_force,1
crystal_growth_inhibitor,1
van_der_waals,1
three_body,1
problem_solving,1
saddle_point_problem,1
mathematical_operator,1
iterative_method,1
mass_consistent_model,1
"rats,_sprague_dawley",1
total_interaction_energy,1
language_development,1
poverty_area,1
rural_population,1
poverty,1
animal_structure,1
terminology_a_topic,1
uganda,1
engineered_strain,1
escherichia_coli_protein,1
fetus_development,1
maternal_nutritional_physiological_phenomenon,1
lead_acetate,1
protein_deficiency,1
economic_growth,1
smegmamorpha,1
nomenclature,1
phenobarbital,1
phenytoin,1
p_glycoproteins,1
hydrogen_bond_network,1
innovation,1
elliptic_operator,1
mixed_finite_element_method,1
optimal_preconditioning,1
variational_formulation,1
myofibroblasts,1
myofibroblast,1
stroma_cell,1
bone_lesion,1
pharmacogenetic_variant,1
monotherapy,1
epilepsy,1
drug_monitoring,1
omeprazole,1
benzodiazepine_derivative,1
multidrug_resistance_protein,1
oxcarbazepine,1
pharmacogenomic_variant,1
brain_weight,1
lead_poisoning,1
organometallic_compound,1
stromal_cell,1
inokuti_hirayama_model,1
sprague_dawley_rat,1
fetal_development,1
lipid_brain_level,1
fetal_malnutrition,1
enhanced_absorption,1
giant_cell_granuloma,1
mandibular_disease,1
cortical_bone,1
logistic_regression_analysis,1
bone_destruction,1
calcitonin_receptor,1
giant_cell,1
glucocorticoid_receptor,1
bone_resorption,1
acceleration,1
ambulatory_monitoring,1
motion_analysis_system,1
multinuclear_cell,1
central_giant_cell_lesion,1
calcitonin,1
alpha_smooth_muscle_actin,1
"granuloma,_giant_cell",1
jaw_disease,1
mandible,1
maxilla,1
osteolysis,1
spindle_cell,1
radiography,1
"receptors,_glucocorticoid",1
glucocorticoid,1
layered_semiconductor,1
renewable_energy_source,1
titanium_dioxide_nanoparticle,1
photocatalytic_water_splitting,1
thermal_conductivity,1
blue_emission,1
spectroscopic_analysis,1
neurodegenerative_disease,1
gait,1
gait_analysis,1
electronics,1
accelerometer_sensor,1
clinical_protocol,1
error,1
distributed_computer_system,1
smartphone,1
thiamine_pyrophosphate,1
gait_parameter,1
computer_vision,1
wearable_inertial_based_system,1
camera,1
ambient_assisted_living,1
actigraphy,1
vision_system,1
"monitoring,_ambulatory",1
wearable_technology,1
assisted_living_facility,1
passive_vision_based_system,1
maxillary_disease,1
"receptors,_calcitonin",1
uv_light_irradiation,1
heterojunctions,1
corrosive_effect,1
semiconducting_bismuth_compound,1
incident_solar_radiation,1
oxidation_reduction_potential,1
decomposition,1
biodegradable_polymer,1
wearable_sensor,1
lactate_blood_level,1
protective_agent,1
artery_occlusion,1
arterial_carbon_dioxide_tension,1
hypoxia,1
calcium_blood_level,1
ischemia,1
cocarboxylase,1
uterus,1
heat_pump,1
operating_characteristic,1
double_effect_absorption,1
absorption_heat_pump,1
fetal_well_being,1
new_zealand_rabbit,1
biochemical_analysis,1
fetus_blood,1
fishery_modeling,1
demographic_transition,1
competition,1
electronic_walkway,1
chronic_constriction_injury,1
ultraviolet_radiation,1
solvothermal_method,1
corrosion_resistance,1
coordination_reaction,1
spinning,1
coordination_environment,1
electrospun_fiber,1
fluorescence_spectrum,1
structural_and_optical_property,1
acetone_test,1
sciatic_nerve,1
von_frey_test,1
environmental_perturbation,1
pharmacogenetics,1
asian,1
european,1
ethnic_difference,1
optimum_operating_condition,1
heat_pump_system,1
organo_montmorillonite,1
effective_activation_energy,1
iso_conversional_method,1
mass_balance_equation,1
water/lithium_bromide,1
femur,1
patella,1
torque,1
knee_joint,1
descriptive_research,1
observational_study,1
muscle_strength,1
quadriceps_muscle,1
"cartilage,_articular",1
knee,1
fish_culture,1
helmholtz_force,1
balance_equation,1
stress_tensor,1
electromagnetic_momentum,1
tibia,1
hamstring,1
quadriceps_femoris_muscle,1
thermal_gravimetric_analysis,1
unsaturated_polyester_resin,1
unsaturated_polymer,1
polymer_blend,1
curing,1
x_ray_scattering,1
gravimetric_analysis,1
non_isothermal_differential_scanning_calorimetry,1
non_isothermal_dsc,1
amino_acid_receptor_affecting_agent,1
conditioned_taste_aversion_test,1
mental_recall,1
avoidance_behavior,1
beta_adrenergic_receptor,1
exploratory_behavior,1
intercalation,1
curing_kinetics,1
polyester_resin,1
electromagnetic_wave,1
force_density,1
radiation_force,1
absorbing_material,1
electromagnetic_force_density,1
general_force,1
radiation_balance,1
swimming,1
nitric_oxide_synthase_type_i,1
catecholamine,1
neuronal_nitric_oxide_synthase,1
extracellular_space,1
memory_updating,1
microdialysis,1
child_nutrition_disorder,1
catering_service,1
health_status_disparity,1
hunger,1
nutrition_policy,1
food_supply,1
health_disparity,1
tonic_immobility,1
memory_retrieval,1
single_cell,1
dog,1
dog_disease,1
scabies,1
isoxazole_derivative,1
isoxazoles,1
polysulfones,1
luminescent_polymer,1
scanning_electron,1
luminescent,1
cell_to_cell_variability,1
neurotransmitter,1
recall,1
neurotransmission,1
amygdaloid_nucleus,1
excitatory_amino_acid_agent,1
retrofitting,1
vulnerability,1
seismic_retrofit,1
"immobility_response,_tonic",1
ionic_conductivity,1
amorphous_polymer,1
decomposition_temperature,1
lithium_hexafluorophosphate,1
material_conductivity,1
experimental_characterization,1
ionic_conduction,1
ether,1
avoidance_learning,1
conditioning,1
biosensor,1
redox_sensor_green,1
atomic_emission_spectroscopy,1
scale_effect,1
biological_noise,1
industrial_bioprocesses,1
heterogeneity,1
indicator,1
microbial_population_dynamic,1
phenotypic_heterogeneity,1
electron_transport_chain,1
dimethyl_sulfoxide,1
physico_chemical_and_mechanical_property,1
lithium_alloy,1
action_of_intense_earthquake,1
strength_and_stiffness,1
rc_jacketing,1
seismic_vulnerability,1
motor_system,1
granular_cell,1
substantia_nigra,1
respiratory_chain,1
anxiolytic_agent,1
tagetes_lucida_extract,1
patient_rehabilitation,1
retrofit_system,1
longitudinal_reinforcement,1
quantitative_evaluation,1
bridge,1
pier,1
electrical_pulse,1
cable,1
laserinduced_breakdown_spectroscopy,1
nd:yag_laser_beam,1
boronic_acid_derivative,1
elevated_plus_maze_test,1
yttrium_aluminum_garnet,1
temperature_evolution,1
electric_discharge,1
neodymium_laser,1
spark_discharge,1
discharge_voltage,1
pesticide_residue,1
organic_production_system,1
detection_method,1
boronic_acid,1
cell_damage,1
"toxicity_tests,_acute",1
tremor,1
brain_tissue,1
coupled_circuit,1
chiapas,1
organochlorine_pesticide,1
international_regulation,1
"chromatography,_gas",1
chlorinated_hydrocarbon,1
electron_capture_detector,1
organochlorine_compound,1
organic_production,1
organic_farming,1
organic_agriculture,1
"hydrocarbons,_chlorinated",1
laser_induced_breakdown_spectroscopy,1
signal_enhancement,1
autopsy,1
experimental_cns_injury,1
tranquilizing_agent,1
sedative_agent,1
exploratory_behavior_test,1
sedation,1
serotoninergic_transmission,1
tagetes_lucida,1
ultra_performance_liquid_chromatography,1
modified_nodal_analysis,1
squirrel_cage_induction_motor,1
squirrel_cage_motor,1
induction_motor,1
computer_implementation,1
stator,1
axisymmetric_finite_element,1
strong_coupling,1
magnetic_circuit,1
enzyme_production,1
submerged_culture,1
cosimulation,1
naoh_concentration,1
solid,1
taguchi_parameter_design,1
average_recovery,1
optimal_condition,1
phase_separation,1
dispersive_solid_phase_extraction,1
butylamine,1
solid_phase_extraction,1
time,1
electromagnetic_behavior,1
tranquilizing_activity,1
flumazenil,1
ethnobotany,1
tranquilizer,1
"medicine,_traditional",1
gabaergic_transmission,1
hole_board_test,1
cylinder_test,1
hypnosis,1
tagetes,1
stimulus_responsive_copolymer,1
"radiation,_ionizing",1
nocardia_asteroides,1
phagocyte,1
actinomadura_madurae,1
mononuclear_phagocyte,1
actinomadura,1
degree_of_acetylation,1
treatment_response,1
chitin_deacetylase,1
phytohormone,1
scanning_electronic_microscopy,1
amino_sugar,1
colletotrichum_gloeosporioides,1
fed_batch_culture,1
planform_migration,1
anabranching,1
geomorphic_process,1
migration_pattern,1
secondary_channel,1
peru,1
iquitos,1
diazepam,1
phytochemical,1
pre_irradiation_dose,1
radiation_grafting,1
seminal_vesicle,1
enzyme_structure,1
river_evolution,1
hydrodynamic_flow_field,1
loreto,1
channel_morphology,1
river_migration,1
amazon_river,1
antifungal_resistance,1
pichia_kudriavzevii,1
"candidiasis,_oral",1
candida_glabrata,1
mycosis,1
antifungal_agent,1
caprolactam,1
bacterium_colony,1
candida_tropicalis,1
antibiotic_sensitivity,1
fungal_colonization,1
fluconazole,1
"drug_resistance,_fungal",1
heterogeneous_reaction,1
axial_dispersion_coefficient,1
mass_transport_limitation,1
interfacial_mass_transport,1
poly_n_vinylcaprolactam,1
fourier_transform_infra_red,1
gamma_radiation,1
n_vinylimidazole,1
plastic_film,1
v._vulnificus,1
mollusc,1
dehydroepiandrosterone_benzimidazoyl_derivative,1
heterogeneous_modeling,1
reaction_temperature,1
cytolethal_distending_toxin,1
bacterium_isolate,1
campylobacter_jejuni,1
microtubule,1
amplicon,1
cell_transfer,1
thrush,1
cyclobutane_derivative,1
x_ray_photoemission_spectroscopy,1
water_contact_angle,1
poly_propylene_film,1
v._parahaemolyticus,1
vibrio_parahaemolyticus,1
alkaline_peptone_water,1
"lung_diseases,_interstitial",1
copper_oxide,1
strain,1
mycology,1
atmospheric_condition,1
conidium_production,1
order_of_magnitude,1
intrinsic_difference,1
galleria_mellonella,1
residence_time_distribution,1
heat_and_mass_transport,1
enrichment_culture,1
most_probable_number_method,1
cancer_prognosis,1
molar_ratio,1
higher_specific_area,1
catalyst_recycling,1
mesoporous_anatase,1
orange_ii,1
toxic_by_products,1
oxygen_vacancy,1
complex_coacervation,1
gum_arabic,1
production_process,1
petri_dish,1
sensitive_method,1
specific_primer,1
most_probable_number,1
commercial_specie,1
overall_survival,1
hydrogen_evolution,1
hydrazine,1
biopolymers,1
sedimentation_velocity,1
electric_capacitance,1
isoelectric_point,1
adhesive,1
sedimentation_rate,1
specific_frequency,1
zeta_potential_measurement,1
iso_electric_point,1
equivalent_circuit_parameter,1
capacitance_parameter,1
coacervation,1
neoplasm_staging,1
finite_element_simulation,1
transformer_tank,1
specialized_software,1
electric_transformer,1
stray_loss,1
metastasis,1
nose_cavity,1
mouth_cavity,1
mucosal_melanoma,1
cancer_localization,1
head_and_neck_tumor,1
head_and_neck_cancer,1
melanoma,1
head_and_neck_neoplasm,1
disease_free_survival,1
cancer_staging,1
sympathetic_nervous_system,1
stroop_test,1
sympathetic_function,1
adrenergic_system,1
galvanic_skin_response,1
cold_pressor,1
postural_stimulation,1
uranium_compound,1
hole_scavenger,1
photocatalytic_process,1
blue_light,1
sacrificial_electron_donor,1
photo_decomposition,1
conduction_band_electron,1
cd_photocatalyst,1
semiconducting_cadmium_compound,1
piezoelectric_transformer,1
piezoelectric_ceramic,1
potassium_compound,1
high_power_application,1
lead_free_piezoelectric_ceramic,1
piezoelectric_property,1
nitrogen_compound,1
cuo_doping,1
vibrio_vulnificus,1
food_quality,1
symptom_assessment,1
interstitial_lung_disease,1
transformer_design,1
distribution_transformer,1
heating,1
philosophical_aspect,1
response_spectrum,1
subduction_zone,1
diffuse_reflectance_spectrum,1
power_spectral_density,1
body_equilibrium,1
spectral_density,1
physical_stress,1
electrodermal_activity,1
cold_pressor_test,1
frequency_band,1
electric_arc,1
electrodermal_response,1
skin_conductance,1
operating_cost,1
computational_resource,1
mechanical_quality_factor,1
research_centre,1
geographic_proximity,1
policy_implication,1
public_policy,1
absorptive_capacity,1
health_status,1
peak_acceleration,1
source_characteristic,1
tsunami,1
mexican_subduction_zone,1
three_parameter,1
high_frequency_radiation,1
peak_ground_acceleration,1
damping,1
high_frequency_hf,1
ground_motion_prediction_equation,1
ultrasonography,1
pleura_thickening,1
pulmonary_fibrosis,1
fibrosing_alveolitis,1
connective_tissue_disease,1
ultrasound_transducer,1
clinical_practice,1
diagnostic_value,1
nickel_nanoparticle,1
characteristic_emission,1
kubelka_munk_equation,1
laser_excitation,1
semiconductor_behavior,1
paper_analysis,1
nonlocal,1
society_and_institution,1
nanofibers,1
lung_fibrosis,1
loading,1
organic_solvent,1
fertility,1
contraception,1
central_african_republic,1
hepatitis_b,1
universal_coverage,1
goal,1
insurance,1
"insurance,_health",1
health_status_indicator,1
health_insurance,1
melt_quenching_method,1
argon_laser,1
incipient_impregnation,1
evolution_of_hydrogen,1
visible_light,1
ni_nanoparticles,1
nanocatalyst,1
sanitation,1
cancer_risk,1
ethnicity,1
colorectal_tumor,1
gene_mapping,1
ohm_law,1
clinical_indicator,1
iceland,1
photo_deposition,1
copper_nanoparticle,1
photo_catalytic,1
experimental_animal,1
continuous_medium,1
parallel_resistance,1
composite_medium,1
diffusivity_ratio,1
nasua_narica,1
chaga_disease,1
eosinophil,1
wild,1
carnivore,1
"animals,_wild",1
blood_cell,1
mean_corpuscular_volume,1
hispanic_american,1
partial_decomposition,1
vanadium_pentoxide,1
air_pollution,1
alcohol_drinking,1
"africa,_northern",1
high_risk_behavior,1
dibenzothiophene_oxidation,1
mean_corpuscular_hemoglobin,1
zoonosis,1
trypanosoma_cruzi,1
raccoon,1
blood_protein,1
wild_animal,1
coati,1
plasma_protein,1
adipocyte,1
niacinamide,1
agastache_mexicana,1
high_sodium_intake,1
unsafe_sex,1
occupational_hazard,1
nicotinamide,1
streptozocin,1
short_course_therapy,1
aorta,1
summer,1
global_change,1
stunting,1
mortality_risk,1
"sodium,_dietary",1
underweight,1
administration_and_dosage,1
occupational_exposure,1
hypertension,1
metformin,1
"diabetes_mellitus,_experimental",1
agastache,1
hypolipidemic_agent,1
aortic_tissue,1
tilianin,1
antilipemic_agent,1
cell_adhesion_molecule,1
plecotus_mexicanus,1
sperm,1
mating_behavior,1
risk_taking,1
risk_reduction,1
health_behavior,1
sodium_intake,1
transition_state,1
"adaptation,_biological",1
streptozotocin_nicotinamide_induced_non_insulin_dependent_diabetes_mellitus,1
baseline_survey,1
historical_ecology,1
baja_california_[_mexico],1
haliotis,1
catch_statistic,1
knowledge,1
fishery_statistic,1
restoration_ecology,1
marine_ecosystem,1
haliotidae,1
silicon_carbon,1
doped_material,1
potential_ability,1
critical_feature,1
corn_stover,1
coriolaceae,1
cellulases,1
enzyme_release,1
fungal_enzyme,1
consecutive_reaction,1
silicon,1
selective_agent,1
sequestering_carbon,1
doped_carbon,1
single_walled_carbon_nanotube,1
cellulase,1
lignocellulose,1
lignocellulolytic_enzyme,1
heat_shock_response,1
fomes,1
proteinase,1
non_stoichiometric,1
micro_structural_property,1
nano_photocatalysts,1
visible_irradiation,1
solid_state_reaction_route,1
solid_nanoparticles,1
average_particle_size,1
zinc_sulfide,1
germanium,1
water_splitting_reaction,1
fast_injection_coprecipitation_method,1
enzyme_synthesis,1
fungus_hypha,1
hypha,1
temperature_stress,1
advanced_glycosylation_end_product_specific_receptor,1
biochemical_engineering,1
acetonitrile,1
lignin,1
epistemic_uncertainty,1
poisson_hypothesis,1
occurrence_probability,1
hazard_assessment,1
poisson_process,1
poisson_ratio,1
poissonian,1
poisson_distribution,1
time_frame,1
probabilistic_seismic_hazard_analysis,1
seismic_hazard,1
hazard,1
anti_cancer_drug_delivery,1
coprecipitation,1
iron_composition,1
phenolic_compound,1
hydrogen_abstraction_reaction,1
multi_reference,1
iron_dissolution,1
nociceptive_stimulation,1
advanced_glycation_end_product,1
immunoblotting,1
neurotoxicity,1
"ager_protein,_rat",1
surface_plasmon_resonance,1
oxidopamine,1
neuron_specific_nuclear_protein,1
advanced_glycation_end_product_receptor,1
plasma_stability,1
material_coating,1
inductively_coupled_plasma,1
phosphate_buffered_saline,1
citrate_sodium,1
symptom,1
radioactive_waste_vitrification,1
primary_amino_group,1
enzyme_engineering,1
agarose,1
immobilized_lipase,1
lipase_from_candida_rugosa,1
reaction_engineering,1
heterogeneous_catalyst,1
clea,1
magnetite_nanoparticle,1
long_term_depression,1
dopaminergic_neuron,1
long_term_synaptic_depression,1
dopamine_brain_level,1
glycoprotein,1
enzyme_mechanism,1
ploidy,1
water_content,1
blechnum,1
filicophyta,1
fern,1
measurement_method,1
spore,1
candida_rugosa,1
immobilization_protocol,1
reflux_coprecipitation_method,1
brain_depth_stimulation,1
basolateral_amygdala,1
dopaminergic_transmission,1
dopaminergic_nerve_cell,1
insula,1
synaptic_transmission,1
barkleyanthus_salicifolius,1
antiherbivore_defense,1
spodoptera_frugiperda,1
pupa,1
noctuidae,1
moth,1
juvenile,1
magnetic_resonance,1
nanosystems,1
dopaminergic_neurotransmission_dysfunction,1
cell_isolation,1
cell_vacuole,1
protein_modification,1
urate,1
biodistributions,1
superparamagnetic_iron_oxide_nanoparticles,1
colloidal_stability,1
physical_characterization,1
pinales,1
juniperus,1
oryctolagus_cuniculus,1
juniperus_deppeana,1
lagomorpha,1
zoochory,1
salvia_microphylla,1
long_term_potentiation,1
frequency_dependent,1
fecal_pellet,1
cupressaceae,1
coniferous_forest,1
microhabitat,1
aggregate,1
defecation,1
sylvilagus_cunicularius,1
trench,1
lagomorph,1
hydrotalcites,1
magnetic_fluid,1
relaxivity,1
carbonyl_derivative,1
"blotting,_western",1
reactive_nitrogen_specie,1
ternary_alloy,1
cell_ultrastructure,1
synoviocyte,1
crystal_violet,1
cytometry,1
fluorometry,1
nitrogen_derivative,1
explant,1
lutetium,1
secondary_product,1
magnesium_alloy,1
hydrotalcite_like_compound,1
mg_al_layered_double_hydroxide,1
x_ray_detector,1
hydrotalcite,1
phenol_degradation,1
ion_exchanger,1
spherical_particle_morphology,1
antioxidant_property,1
abts_radical_cation,1
scherrer_equation,1
protein_hydrolysate,1
synoviocytes,1
hyperthermia_cancer,1
lime,1
visco_elastic_behavior,1
physical_parameter,1
possible_mechanism,1
weak_acid_ion_exchanger,1
chemical_mechanism,1
crystallinity,1
thixotropy,1
water_tower,1
multivariate_empirical_mode_decomposition,1
multivariate_data,1
acoustic_resonance,1
safety_relief_valve,1
vibration_analysis,1
electrochemical_mechanism,1
thermal_analysis,1
carbohydrate_analysis,1
x_ray_pattern,1
blood_pressure_regulation,1
metabolic_syndrome_x,1
correlational_study,1
intervention_study,1
flow_induced_vibration,1
gelatin,1
fluctuating_pressure,1
infrared_laser,1
infrared_device,1
near_infrared_laser,1
spray_pyrolysis,1
hyperthermia_therapy,1
near_infra_red_laser_beam,1
nir_laser_irradiation,1
international_relation,1
power_relation,1
acoustic_damper,1
steam_piping_system,1
safety_valve,1
signal_analysis,1
dryer,1
valve,1
geopolitics,1
carbon_flux,1
culture_condition,1
production_cost,1
ethanol_fuel,1
biofuels,1
carbon_flow,1
yeast_metabolism,1
air,1
metal_extraction,1
prospective_application,1
antibiotic_resistant_microorganism,1
anodic_oxidation,1
active_chlorine,1
sexual_behavior_test,1
strong_resonance,1
density_measurement,1
bio_conjugated,1
sexuality,1
receptive_intercourse,1
olive_oil,1
estrogen_activity,1
estradiol_benzoate,1
coumestrol,1
mate_choice,1
experimental_design,1
neonate,1
hybrid,1
fecal_coliform,1
ciprofloxacin,1
political_power,1
hegemony,1
spleen,1
drug_labeling,1
maximum_concentration,1
drug_distribution,1
magnetic_nanoparticle,1
life_long_learning,1
learning_environment,1
enterobacteriaceae,1
dry_matter,1
digestion,1
cancer_tissue,1
medical_imaging,1
drug_conjugation,1
tissue,1
magnet,1
antibody,1
drug_elimination,1
waste,1
echo_technique,1
scattering_intensity,1
cross_correlation,1
slow_light,1
absolute_value,1
colloidal_system,1
coherence_factor,1
mechanical_stability,1
ensemble_averaged,1
hydrochloric_acid,1
ferric_ferrocyanide,1
cancer_model,1
systemic_distribution,1
breast_cancer_model,1
heterogeneous_system,1
apparent_viscosity,1
ubiquitous_learning,1
computer_aided_instruction,1
professional_training,1
personnel_training,1
empirical_approach,1
mobile_leaning,1
pervasive_learning,1
reusability,1
acetophenone,1
biocatalysis,1
enzyme_system,1
immobilized_enzyme,1
orthogonal_reaction,1
protein_stabilization,1
nitric_acid,1
electronic_waste,1
ambient_condition,1
copper_leaching,1
gold_recovery,1
organic_substance,1
gold_recycling,1
carbamate,1
turnover_time,1
acetic_acid_ester,1
turnover_frequency,1
enzyme_stability,1
racemic_mixture,1
nicotinamide_adenine_dinucleotide,1
alcohol_dehydrogenase,1
chirality,1
insulin_release,1
emulsion_stability,1
emulsifying_property,1
adsorption_dynamic,1
intrinsic_viscosity,1
hawthorn_pectin,1
intensive_research,1
zero_order_regular_approximation,1
negative_ion,1
catalytic_reduction,1
reaction_pathway,1
ozone_layer,1
relativistic_effect,1
catalytic_conversion,1
protein_assembly,1
ketone,1
citrate,1
chemical_fractionation,1
preliminary_treatment,1
electronic_waste_material,1
edetic_acid,1
copper_extraction,1
pirimicarb,1
boron_compound,1
calcium_transport,1
squash,1
cucurbita_ficifolia_extract,1
"microscopy,_confocal",1
inositol,1
islet_of_langerhans,1
diazoxide,1
boron_derivative,1
gene_activation,1
plant_genetics,1
epidemic_spreading,1
largest_eigenvalue,1
dichlorisoprenaline,1
calcium_signaling,1
potassium_channel_blocking_agent,1
cucurbita,1
potassium_channel_blocker,1
calcium_cell_level,1
cucurbita_ficifolia,1
human_prostate_cancer_cell,1
activation_barrier,1
geometrical_effect,1
sulfuric_acid,1
thiourea_solution,1
selective_isomerization,1
acidic_catalyst,1
lewis_acid_site,1
anticancer_compound,1
colorectal_adenocarcinoma,1
iminophosphoranes,1
solid_state_structure,1
non_symmetric_pincer_compound,1
ce_doped,1
luminance,1
moon,1
canis_lupus_baileyi,1
pancreas_islet_beta_cell,1
pancreas_islet,1
gene_replication,1
lymphocyte_activation,1
precipitation_method,1
binary_oxide,1
isomerization_reaction,1
heptane,1
isomerization_of_n_hexane,1
protein_targeting,1
angiogenesis,1
dna_repair,1
breast_cancer_cell_line,1
activity_pattern,1
canis_lupus,1
mammalia,1
periodicity,1
sunlight,1
light_intensity,1
adaptive_radiation,1
paraffin,1
process_monitoring,1
estimation,1
connectivity_matrix,1
randomly_distributed,1
state_estimation,1
spreading_dynamic,1
scale,1
state_distribution,1
probability_distribution,1
plant_root,1
meristem,1
glycidol,1
thermostability,1
phase_structure,1
isomerization,1
search_system,1
non_linear_optimization_problem,1
multi_agent_system,1
musical_composition,1
cell_motion,1
slit_protein,1
resveratrol,1
aurora_a_kinase,1
aurora_kinase_a,1
cell_cycle_s_phase,1
serum_amyloid_a,1
oncoprotein,1
cell_cycle_protein,1
rho_kinase_inhibitor,1
proto_oncogene_protein,1
zirconia,1
explosophoric_unit,1
pentaerythrityl_tetranitrate,1
composite_energetic_material,1
nitration,1
aromatic_nucleophilic_substitution,1
impact_sensitivity,1
eigenvalue_and_eigenfunctions,1
asymptotic_convergence,1
fcc_industrial_unit,1
stilbene_derivative,1
stilbenes,1
"antineoplastic_agents,_phytogenic",1
"aurka_protein,_human",1
nogo_a_antibody,1
cell_movement,1
information_transfer,1
carbon_nanotube_composite,1
composite_electrode,1
distilled_water,1
organic/inorganic,1
topology_structure,1
non_linear_optimization,1
network_topology,1
parity,1
goat,1
rumen,1
hemp,1
anthocyanins_and_antioxidant_activity,1
chemical_attribute,1
chemical_parameter,1
hibiscus_sabdariffa,1
energetic_compound,1
pentaerythritol,1
substitution_reaction,1
material_state,1
detonation_velocity,1
energetic_material,1
detonation,1
explosive,1
nucleophilic_aromatic_substitution,1
density,1
gab_model,1
dehydration,1
total_phenolic_content,1
voltammetric_determination,1
electrode_preparation,1
ibuprofen,1
linear_dynamic_range,1
industrial_water_treatment,1
effluent_treatment,1
industrial_effluent,1
uv_treatment,1
cod_removal,1
dichlorophenols,1
crossrelaxation,1
zinc_phosphate_glass,1
pumping,1
electric_dipole_dipole_interaction,1
european_broadcasting_union,1
luminescence_property,1
cross_relaxation_energy_transfer,1
roselle_calyx,1
fluidised_bed_dryer,1
offretite,1
selective_adsorption,1
sulfur_adsorption,1
coke,1
gasoline_range_hydrocarbon,1
commercial_catalyst,1
thiophene,1
experimental_method,1
mean_square_displacement,1
low_reynolds_number,1
three_dimensional_dynamic,1
self_propelled_particle,1
analytic_expression,1
condensed_matter_physic,1
photostimulation,1
photic_stimulation,1
grooming,1
puberty,1
computer_control_system,1
multi_element_system,1
hierarchical_decomposition,1
disturbance_rejection,1
auditory_stimulation,1
prepuce,1
copulation,1
penis_erection,1
water_soluble_initiator,1
hexadecyl_trimethyl_ammonium_bromide,1
particle_size_measurement,1
deterministic_analysis,1
moisture_determination,1
snack,1
critical_water_activity,1
lipopolysaccharide_induced_endotoxemia,1
lipopolysaccharides,1
drug_vehicle,1
coagulation,1
pickering,1
nucleation_and_coagulation,1
nucleation_mechanism,1
pickering_emulsion_polymerization,1
powder_dispersion,1
high_shear,1
viscous_dissipation,1
viscous_flow,1
de_agglomeration,1
two_phase_flow,1
cfd_simulation,1
acoustic_stimulation,1
crumb_microstructure,1
bread,1
gelatinized_flour,1
gaussian_beam,1
hermite_gaussian_beam,1
rotational_dynamic,1
main_parameter,1
electronic_beam,1
phase_singularity,1
laguerre_gaussian_mode,1
sinus_node,1
illness_behavior,1
lipopolysaccharide,1
body_temperature,1
telemetry,1
cholinergic_system,1
controlled_temperature,1
ultrasonic_treatment,1
granule_size_distribution,1
ultrasound_treatment,1
rheological_property,1
pasting_property,1
passive_smoking,1
smoke,1
tobacco_smoke_pollution,1
lipid_peroxide,1
emphysema,1
dyslipidemia,1
glutathione_reductase,1
cholinergic_receptor_stimulating_agent,1
rheological_characteristic,1
dough,1
drug_protein_binding,1
sodium_caseinate,1
whey_protein,1
pelargonidin,1
circular_dichroism,1
textural_analysis,1
compact_microstructure,1
"protein_structure,_secondary",1
tobacco,1
glucose_tolerance_test,1
lung_alveolus_macrophage,1
rat_model,1
polyethylene,1
plastic_container,1
ecotoxicity,1
environmental_concern,1
anthocyanin,1
lactoglobulins,1
milk_protein,1
beta_lactoglobulin,1
dairy,1
nocardiaceae,1
accelerated_oxidation,1
oxo_degradable,1
phytotoxicity,1
conventional_polyethylene,1
pro_oxidant_additive,1
elastomer,1
psammocora_profundacella,1
tobacco_smoke,1
abdominal_fat,1
experiment,1
casein,1
lactoglobulin,1
dichroism,1
population_dynamic,1
pavona_duerdeni,1
enteric_virus,1
norovirus,1
rotavirus,1
hepatitis_a_virus,1
bivalvia,1
virus_identification,1
fishery,1
enterovirus_infection,1
enterovirus,1
degradable_plastic,1
protein_secondary_structure,1
sphingosine,1
vasculotropin_a,1
lysophospholipid,1
follicle_stimulating_hormone,1
lysophospholipids,1
vascular_endothelial_growth_factor_a,1
enzyme_phosphorylation,1
vinculin,1
actin_polymerization,1
paxillin,1
acrosome_reaction,1
psammocora,1
connectivity,1
nocardia_wallacei,1
dyspnea,1
caseinate,1
phyllostomidae,1
macrotus_californicus,1
pharmacodynamics,1
drug_metabolite,1
plasma_concentration_time_curve,1
dipyrone,1
drug_tolerance,1
piece_wise,1
linear_control_system,1
f_actin,1
protein_protein_interaction,1
spermatozoon_capacitation,1
alpha_actinin,1
talin,1
x_ray_dose_distribution,1
standard_calibration,1
dissipative_system,1
switching_system,1
deciduous_forest,1
trombidiformes,1
thermoluminescent_material,1
detection_threshold,1
radiodiagnostic,1
fractional_order_derivative,1
transformation_w_plane,1
absolute_phase,1
zero_power,1
linear_analysis,1
stability_effect,1
sensory_dysfunction,1
focal_adhesion,1
sarcoptiformes,1
control_function,1
parameter_set,1
adsorption_kinetic_modeling,1
well_testing,1
disability_adjusted_life_year,1
disease_burden,1
health_care_policy,1
health_care,1
natural_disaster,1
healthy_life_expectancy,1
relative_sensitivity,1
chaotic_system,1
piecewise_linear_technique,1
multi_scroll_attractor,1
maximum_range,1
piece_wise_linear_system,1
killifish,1
oocyte_development,1
high_performance_thin_layer_chromatography,1
seminal_vesicle_weight,1
dehydroepiandrosterone_triazole_derivative,1
alkadiene,1
uncertainty,1
all_cause_mortality,1
disability_assessment,1
community,1
pain_intensity,1
rna_isolation,1
double_stranded_rna,1
small_interfering_rna,1
small_nucleolar_rna,1
saturated_function,1
langmuir_freundlich_isotherm,1
tracer_test,1
md_simulation,1
complementary_data,1
thermodynamics_property,1
interaction_range,1
interaction_potential,1
corresponding_state,1
coating_thickness,1
work,1
physical_capacity,1
physician,1
maya,1
fibromyalgia,1
pain_severity,1
oogenesis,1
structural_equation_modeling,1
column_chromatography,1
maximum_reaction_velocity,1
androstenedione,1
male_genital_tract_parameter,1
marijuana_abuse,1
suicide_attempt,1
cannabis,1
twin,1
disease_in_twin,1
suicidal_behavior,1
medline,1
psycinfo,1
suicide,1
cannabis_use,1
disability_evaluation,1
adsorption_parameter,1
produced_water,1
silicate,1
thermodynamic_constraint,1
radioactive_tracer,1
partition,1
oil_well,1
rock,1
local_group,1
reionization,1
acculturation,1
alcoholism,1
immigration,1
alcohol_use_disorder,1
alcohol_related_disorder,1
emigration_and_immigration,1
maternal_hypertension,1
pregnancy_disorder,1
abortion,1
parturition,1
peritonitis,1
ectopic_pregnancy,1
family_planning_service,1
cerebral_palsy,1
female_fertility,1
spontaneous_abortion,1
reproductive_health,1
acute_kidney_failure,1
sepsis,1
suicidal_ideation,1
"suicide,_attempted",1
coefficient_of_friction,1
leukocyte,1
cpg_island,1
guanine,1
smoking_cessation,1
heart_disease,1
maternal_death,1
thromboembolism,1
family_planning,1
birth,1
internal_consistency,1
prenatal_care,1
induced_abortion,1
uterus_rupture,1
disseminated_intravascular_clotting,1
bleeding,1
high_income_country,1
friction,1
sliding_wear_behavior,1
fracture,1
continuous_process,1
boron_diffusion,1
interfacial_fracture_energy,1
multi_pass,1
boriding_process,1
fracture_energy,1
wear_of_material,1
cosmology,1
lung_function,1
genetic_epigenesis,1
dna_methylation,1
epigenetics,1
transcriptomics,1
pseudo_second_order_rate,1
lead_removal,1
correlation_coefficient,1
cytosine,1
cell_by_body_anatomy,1
prevention_and_control,1
multicenter_study,1
"rna,_neoplasm",1
neoplasm_protein,1
tumor_protein,1
"receptors,_transforming_growth_factor_beta",1
transforming_growth_factor_beta_type_ii_receptor,1
transforming_growth_factor_beta_receptor,1
gene_location,1
"epigenesis,_genetic",1
electron_scattering,1
hysteretic_energy_spectrum,1
soil_dynamic,1
earthquake_engineering,1
seismicity,1
energy_reduction,1
seismic_record,1
spectrum,1
atmospheric_particulate_matter,1
protein_kinase_c_zeta,1
industrial_wastewater,1
langmuir_and_freundlich_isotherm_model,1
baker_yeast,1
saccharomyces,1
kinetics_of_biosorption,1
langmuir_and_freundlich_isotherm,1
dye,1
gas_dynamic,1
radiation_hydrodynamics_simulation,1
time_step,1
galaxy,1
intergalactic_medium,1
cosmics,1
supercomputer,1
cold_dark_matter,1
method:_numerical,1
ultrafiltration,1
siderastrea_siderea,1
earthquake_database,1
hysteretic_energy,1
hysteresis,1
energy_functionals,1
input_energy,1
security_framework,1
transcription_initiation,1
src_kinase,1
lung_epithelial_cell,1
cellular_pathway,1
protein_kinase_c,1
lung_alveolus_epithelium_cell,1
src_family_kinase,1
biological_organ,1
immune_evasion,1
pharmacology,1
soft_soil,1
seismic_energy,1
star_formation,1
ionization_of_gas,1
galaxy_formation,1
chemical_equilibrium,1
design_and_analysis,1
phase_transfer_catalyst,1
biphasic_system,1
modelling_framework,1
activity_coefficient_model,1
transcriptional_activation,1
protein_tyrosine_kinase,1
aerodynamic_diameter,1
cell_cycle_checkpoint,1
adsorption_desorption_isotherm,1
mesoporous_catalyst,1
sulfur_compound,1
surface_defect,1
diesel,1
architectural_design,1
propane_ammoxidation,1
activity_result,1
propane,1
methyl_group,1
ammoxidation_reaction,1
ethane,1
catalytic_system,1
radar_countermeasure,1
open_source_project,1
security,1
security_tactic,1
software_architecture,1
security_approach,1
architectural_approach,1
project_cost,1
open_source_software,1
cytolysin,1
ensifera,1
vasoconstriction,1
porites_astreoides,1
maximum_drug_effect,1
pseudodiploria_strigosa_extract,1
gel_filtration_chromatography,1
pseudodiploria_strigosa,1
insecticidal_activity,1
serine_proteinase,1
regioselectivity,1
daytime_somnolence,1
symptomatology,1
rem_sleep,1
sleep_disordered_breathing,1
sleep_disorder,1
catalytic_support,1
yttrium_deposit,1
gas_hourly_space_velocity,1
ammoxidation,1
methomyl,1
lymphocytotoxicity,1
biological_assay,1
mutagen,1
lymphocyte_proliferation,1
metabolic_activation,1
cytotoxic_concentration,1
dental_sac,1
endoglin,1
tooth_sac,1
capillary_density,1
multiphase_reaction,1
conventional_method,1
phase_matching,1
photoelectrochemical_response,1
precursor_particle,1
fusarium,1
dental_follicle,1
pathogenesis,1
"eng_protein,_human",1
dental_tissue,1
myxoma,1
ethanol_steam_reforming,1
nickel_deposit,1
lower_temperature,1
steam_reforming,1
_tpr,1
exhaust_gas,1
gilvocarcin_v,1
siderastrea_siderea_extract,1
hemolysis_assay,1
nematocyst,1
hyaluronidase,1
porites_astreoides_extract,1
enzyme_chemistry,1
tequila,1
yttrium,1
yttrium_alloy,1
cd_nanoparticles,1
ohmic_contact,1
biological_sensor,1
nanotube_array,1
successive_ionic_layer_adsorption_and_reaction,1
sulfurization,1
disturbance_estimation,1
diethylhexyl_phthalate,1
quantum_chemical_modeling,1
mass_fragmentography,1
half_life_time,1
butanediol,1
laccases,1
esterase,1
phthalic_acid_bi_ester,1
fusarium_culmorum,1
phthalate,1
electron_transport,1
diphthalate,1
ethanol_steam_reforming_reaction,1
alumina_catalyst,1
tricyclic_structure,1
"image_interpretation,_computer_assisted",1
tooth_germ_ameloblastoma,1
ameloblast,1
jaw_neoplasm,1
carcinoma,1
tooth_germ,1
computer_assisted_diagnosis,1
second_order_convergence,1
error_statistic,1
approximation_accuracy,1
consistency,1
kernel_consistency,1
higher_order_statistic,1
parametric_uncertainty,1
unmodelled_dynamic,1
trajectory_tracking,1
feeding,1
decarboxylation,1
synthetic_intermediate,1
gilvocarcin_e,1
quinone,1
stereoselective_manner,1
gilvocarcin_m,1
stereoselectivity,1
glycosidations,1
gilvocarcins,1
secretome,1
electric_generator,1
controller_robustness,1
electric_power_system,1
synchronous_generator,1
reference_trajectory,1
tooth_germ_ameloblastic_carcinoma,1
conformational_transition,1
salicylanilide_derivative,1
oscillation,1
salicylanilides,1
polyvinyl_alcohol,1
pharmaceutical_solution,1
closantel,1
solution_and_solubility,1
molecular_interaction,1
coelenterate_venom,1
lagoon,1
hyperplasia,1
dynamic_excitation,1
excitation_control,1
alcoholic_beverage,1
alcohol_production,1
flow_rate,1
sugar_intake,1
beacon_transmission,1
ad_hoc_network,1
hyperemia,1
intraocular_hemorrhage,1
juvenile_animal,1
paralysis,1
jellyfish,1
chrysaora_venom,1
hypertrophy,1
gill,1
convulsion,1
scyphozoa,1
echinocyte,1
toxic_arsenic,1
biofilm,1
venom,1
chrysaora,1
protein_family,1
bambi_protein,1
broiler,1
heart_right_ventricle,1
heart_right_ventricle_failure,1
cold,1
ascites,1
lifespan,1
age_of_onset,1
psychotic_disorder,1
cnidarian_venom,1
solid_state_cultivation,1
arsenic_derivative,1
orpiment,1
biofilms,1
genetically_modified_organism,1
microaerobic_process,1
pentose_phosphate_pathway,1
micro_aerobics,1
mental_health,1
charge_transfer_resistance,1
surface_analysis,1
acidithiobacillus_thiooxidans,1
pyrite,1
electrochemical_characterization,1
polysulfide,1
metal_recovery,1
cell_attachment,1
kinetics_and_mass_transfer,1
systematic_modeling,1
group_contribution,1
reacting_substance,1
petroleum_industry,1
time_dependent_data,1
innovative_design,1
product_formation,1
palm_oil,1
electrolyte_model,1
amylase,1
bakery_industry,1
water_binding_capacity,1
recovery_of_valuable_metal,1
arsenic_compound,1
sulfur_derivative,1
oxic_condition,1
creb_gene,1
coliform_bacterium,1
citric_acid_cycle,1
tricarboxylic_acid_cycle,1
vitreoscilla,1
pflb_gene,1
genetic_engineering,1
gene_inactivation,1
local_adaptation,1
carbon_source_responsive_b_protein,1
vgb_gene,1
arca_gene,1
bioprocess,1
microaerobic_condition,1
bio_oxidation,1
chrysoeriol,1
bignoniaceae,1
triacylglycerol_lipase_inhibitor,1
luteolin,1
respiratory_control,1
aerobic_respiratory_control_a_protein,1
poxb_gene,1
pentose_phosphate_cycle,1
ldha_gene,1
vitreoscilla_hemoglobin,1
sedentary_lifestyle,1
adipoq_gene,1
waist_circumference,1
lifestyle,1
waist_to_height_ratio,1
pparg_gene,1
electrochemical_decomposition,1
reference_electrode,1
particle,1
amino_acid_metabolism,1
nucleotide,1
trypsin,1
aspergillus_brasiliensis,1
"chromatography,_liquid",1
low_density_lipoprotein,1
fto_gene,1
apigenin,1
esterase_inhibitor,1
flavone,1
liquid_liquid_extraction,1
tecoma_stans,1
flavone_derivative,1
intelligent_transportation_system,1
vehicular_ad_hoc_network,1
broadcast_storm,1
critical_message,1
state_of_the_art_protocol,1
highway_traffic_control,1
wireless_ad_hoc_network,1
wireless_access_in_vehicular_environment,1
road_and_street,1
telecommunication_network,1
multiple_application,1
vehicular_adhoc_network,1
cobalt_molybdenum,1
molybdenum_compound,1
citric_acid_solution,1
electrochemical_treatment,1
lithium_niobate,1
system,1
american_institute_of_chemical_engineer,1
secretory_protein,1
calcium_pyrophosphate,1
wet_precipitation,1
orthophosphoric_acid,1
glow_curve_deconvolution,1
annealed_sample,1
deoxygenations,1
gel_formation,1
bakery,1
bakery_product,1
cristallinity,1
egg_white_protein,1
information_dissemination,1
alumina___titania,1
cobalt_promoter,1
molybdenum_oxide,1
sulfiding,1
octahedral_coordination,1
myoclonus_epilepsy,1
psychologic_test,1
photoluminescence_property,1
pressure_dependence,1
high_pressure,1
chromium,1
structural_phase_transition,1
crystal_field_theory,1
crystal_field_parameter,1
hydrostatic_pressure,1
spectroscopic_parameter,1
transcranial_electrical_stimulation,1
barcelona_test,1
trail_making_test,1
medical_history,1
whole_cell,1
volumetric_productivity,1
production_kinetics,1
cetyltrimethylammonium_bromide,1
gonadorelin_derivative,1
sex_hormone_determination,1
luteinizing_hormone_release,1
proestrus,1
receptor_blocking,1
annealed_powder,1
cobalt_compound,1
hydrodeoxygenation,1
absorption_and_emission,1
modified_silica,1
muscarinic_receptor_blocking_agent,1
diestrus,1
muscarinic_antagonist,1
muscarinic_receptor,1
lower_limb,1
hemangioblastoma,1
babinski_reflex,1
dysesthesia,1
holo_hydrosyringomyelia,1
controller_structure,1
distillation_design,1
pharmacoresistant_juvenile_myoclonic_epilepsy,1
drug_resistant_epilepsy,1
myoclonus_seizure,1
clonazepam,1
videorecording,1
transcranial_alternating_current_stimulation,1
tonic_clonic_seizure,1
recommended_drug_dose,1
needle,1
recurrent_disease,1
agoraphobia,1
conus_medullaris,1
hyperreflexia,1
sporadic_intramedullary_hemangioblastoma,1
syringomyelia,1
surface_functionalization,1
physicochemical_environment,1
free_basis,1
tetraphenyl_porphyrin,1
panic_disorder,1
international_cooperation,1
internationality,1
textural_characterization,1
coumaric_acid,1
vanillin,1
vanilla,1
plant_seed,1
continuous_stirred_tank_bioreactors,1
singular_perturbation_technique,1
model_error_estimation,1
mathematical_expression,1
von_hippel_lindau_disease,1
spastic_gait,1
epileptic_state,1
nerve_stimulator,1
circuit_simulator,1
electrical_analysis,1
food_packaging,1
cheese,1
extremum_seeking_control,1
proportional_integral,1
control_theory,1
perturbation_technique,1
two_term_control_system,1
adaptive_extremum_seeking_control,1
error_compensation,1
nonlinear_least_squares_fitting,1
scaling_behavior,1
linear_combination,1
nigeria,1
australia,1
total_density_of_state,1
hydroxyl_radical,1
boron_doped_diamond,1
boolean_function,1
new_zealand,1
panic,1
mixed_oxide,1
rh_catalyst,1
petroleum_analysis,1
network,1
nodal_voltage,1
electrical_circuit,1
work_environment,1
interactive_graphic,1
frequency_analysis,1
simulator,1
percolation,1
listeria_monocytogenes,1
food_control,1
perhydroxyl_radical,1
coumarins,1
coumarin,1
conventional_transition_state_theory,1
coumarin_derivative,1
branching_ratio,1
chalcone,1
inhibition_kinetics,1
fluctuation_function,1
power_law_function,1
adsorptive_property,1
hydrogen_abstraction,1
adsorption_energy,1
pigmented_nevus,1
skin_defect,1
oral_nevus,1
oocyte_maturation,1
perfluorooctanesulfonic_acid,1
gap_junction,1
alkanesulfonic_acid,1
connexins,1
gap_junction_protein,1
densitometry,1
fluorocarbon,1
structural_correlation,1
conditional_probability,1
variable_connectivity,1
percolation_threshold,1
correlation_length,1
wet_impregnation,1
methane_decomposition,1
catalyst_selectivity,1
atomic_composition,1
indometacin,1
fractal_dimension,1
percolation_cluster,1
parallel_processing_system,1
cancer_patient,1
hard_palate,1
keratinocyte,1
tumor_cell,1
antigen_retrieval,1
cheek_mucosa,1
gingiva,1
cutaneous_melanoma,1
electrochemical_parameter,1
drug,1
wastewater_treatment_plant,1
circular_cross_section,1
point_like_particle,1
effective_diffusion_coefficient,1
diffusion_equation,1
neumann_boundary_condition,1
theoretical_approximation,1
homogeneous_medium,1
biology,1
computational_biology,1
evolutionary_theory,1
geometrical_restraint,1
high_activity,1
neodymium_concentration,1
streptococcus_pneumonia,1
correlation,1
chemical_binding,1
evolutionary_algorithm,1
suffocation,1
cardiovascular_mortality,1
assault,1
dementia,1
pneumococcal_meningitis,1
sudden_infant_death_syndrome,1
ebola_hemorrhagic_fever,1
adverse_drug_reaction,1
thermal_exposure,1
ischemic_heart_disease,1
biological_method,1
treatment_train,1
gemfibrozil,1
drug_product,1
sewage_treatment_plant,1
bezafibrate,1
activated_sludge_reactor,1
electrolysis,1
chlorine_concentration,1
laboratory_method,1
sibling,1
urinary_tract_disease,1
pulmonary_aspiration,1
rotavirus_infection,1
enteritis,1
cancer_mortality,1
sickle_cell_anemia,1
gynecologic_disease,1
apamin,1
anisotropic_colloid,1
surface_chemical_modification,1
anisotropic_surface,1
colloidal_silica_particle,1
polycrystals,1
capillary_interaction,1
polycrystalline_solid,1
air/water_interface,1
capillary_attraction,1
global_burden_of_disease,1
virus_transmission,1
"antiretroviral_therapy,_highly_active",1
human_immunodeficiency_virus_prevalence,1
cold_exposure,1
hemolytic_anemia,1
seroepidemiology,1
biological_system,1
indomethacin,1
electrooxidation,1
pharmaceutical_compound,1
biodegradable_organic_matter,1
brain_endothelial_cell,1
basal_amygdala,1
health_care_survey,1
seroepidemiologic_study,1
transmission,1
ileum,1
cholinergic_receptor_blocking_agent,1
muscle_contraction,1
plant_oil,1
parasympatholytics,1
diffusion_coating,1
failure_mechanism,1
practical_adhesion,1
potassium_chloride,1
"oils,_volatile",1
bacterial_cell_wall,1
lactic_acid_bacterium,1
tbhq,1
acute_drug_administration,1
agavin,1
retention_time,1
tert_butylhydroquinone,1
fructose,1
hydroquinone_derivative,1
inulin,1
inhibitory_concentration,1
docking,1
isothermal_titration_calorimetry,1
chemically_modified,1
resistant_starch,1
granule_structure,1
sodium_trimetaphosphates,1
banana,1
ferric_reducing_antioxidant_power,1
oxygen_radical_absorbance_capacity,1
prebiotic_agent,1
agave,1
orac_assay,1
lactobacillus_casei,1
hydroquinones,1
diffusion_annealing,1
coating/substrate_system,1
scratch_testing,1
tight_junction,1
sleep_deprivation,1
cell_membrane_permeability,1
occludin,1
blood_brain_barrier,1
dextran,1
adherens_junction,1
endothelium_cell,1
gliosis,1
biogeochemistry,1
equilibrium_constant,1
hydrophobic_cavity,1
complexation_process,1
binding_enthalpy,1
complexation_thermodynamics,1
adenosine,1
cerebellum_vermis,1
volume_transition,1
electrostatic_energy,1
thermosensitive_microgels,1
poly_n_isopropyl_acrylamide,1
square_root_dependence,1
poisson_boltzmann_cell_model,1
increasing_function,1
electrostatic_property,1
polymer_template,1
thickness_of_the_film,1
therapeutic_property,1
gold_deposit,1
de_wetting,1
adhesion_resistance,1
out_of_equilibrium,1
fluctuation_relation,1
arsenic_acid_derivative,1
polymer_film,1
solid_solid_transformation,1
inter_particle_spacing,1
spontaneous_transformation,1
ostwald_ripening,1
reductive_dechlorination,1
mineralogy,1
dehydrogenation,1
chlorophenol,1
cylinder,1
energy_cost,1
electrostatics,1
evans_blue,1
anisotropic_fluid,1
orientational_ordering,1
granular_dynamic,1
biological_transport,1
cell_membrane_roughness,1
green_chemistry,1
biological_denitrification,1
denitrification,1
environmentally_friendly_process,1
transformation,1
biological_phenomenon_and_function_concerning_the_entire_organism,1
advanced_oxidation_process,1
biological_process,1
combined_system,1
crossed_electric_and_magnetic_field,1
time_dependent_electric_field,1
in_situ_nick_end_labeling,1
threonine,1
oxytocin_receptor,1
"receptors,_oxytocin",1
spine,1
behavior_assessment,1
electric_stimulation,1
electrostimulation,1
nayarit,1
surface_wave,1
arsenate,1
arsenic_acid,1
mean_squared_displacement,1
intermediate_scattering_function,1
electrostatic_repulsion,1
sub_monolayers,1
testis_atrophy,1
isoflavones,1
mesquite_pod_extract,1
isoflavone_derivative,1
spermatozoon_motility,1
spermatozoon,1
leucaena_leucocephala,1
"microscopy,_atomic_force",1
transport_at_the_cellular_level,1
fluorescent_dye,1
confocal_laser_scanning_microscopy,1
cell_transport,1
cellular_parameter,1
semen_analysis,1
sperm_quality,1
testis_weight,1
nectar,1
animal_distribution,1
feeding_method,1
plant_nectar,1
host_plant,1
animal_dispersal,1
plant_insect_interaction,1
bird,1
bioenergetics,1
trochilidae,1
spermatocyte,1
leucaena_extract,1
spermatid,1
prosopis,1
spermatozoon_count,1
mimosine,1
shrubland,1
time_increment,1
amplitude,1
shallow_water_equation,1
water_wave,1
jalisco,1
structural_geology,1
sliding,1
ground_elevation,1
physical_modelling,1
failure_surface,1
froude_number,1
two_dimensional_shallow_water_equation,1
rupture,1
acarus,1
host_selection,1
impulse_wave,1
landslide,1
quasi_one_dimensional_system,1
mite,1
vagotomy,1
collagen,1
tissue_fixation,1
innate_immunity,1
host_parasite_interaction,1
glycogen_analysis,1
"liver_abscess,_amebic",1
neutrophil_count,1
leukocyte_function,1
vagus_nerve,1
polyclonal_antibody,1
daidzein,1
saliva,1
"stimulation,_chemical",1
"killer_cells,_natural",1
lectin,1
macrophage_function,1
lymphocyte_function,1
parasite_identification,1
stomach_weight,1
liver_amebiasis,1
rabbit_antiserum,1
paraformaldehyde,1
protozoon_antibody,1
nectarivory,1
geomorphology,1
froude_similitude,1
reservoir_operation,1
specie_occurrence,1
caiman,1
caiman_crocodilus,1
tick_infestation,1
alligator_and_crocodile,1
"immunity,_innate",1
glycogen_liver_level,1
experimental_infection,1
natural_killer_cell,1
organ_weight,1
myeloperoxidase,1
cell_antibody,1
parasympathetic_innervation,1
secretion_rate,1
secretory_rate,1
salivation,1
surface_fraction,1
boundary_homogenization,1
reflecting_surface,1
dielectric_sphere,1
approximate_expression,1
diffusing_particle,1
non_uniform_boundary_condition,1
speed_control,1
adaptive_control_system,1
amphibia,1
parasite_infestation,1
reptile,1
tick,1
reptilia,1
amblyomma_dissimile,1
bos,1
light_emitting_diode,1
vertebrata,1
glutamate_decarboxylase,1
glutaminase,1
glutamate_ammonia_ligase,1
el_salvador_[central_america],1
fossil_record,1
paleontology,1
miocene,1
tree_ring,1
neotropical_kingdom,1
evergreen_tree,1
chemical_stimulation,1
low_probability,1
thermodynamic_quantity,1
diffusion_limited_reaction,1
methyltartronic_acid,1
fungal_extract,1
dpph_radical_scavenging_assay,1
free_radical_scavenging_assay,1
intraspecific_competition,1
surface_characterization,1
confocal_laser_microscopy,1
polyvinyl_chloride,1
inner_surface,1
outer_surface,1
polymer_grafting,1
catheter,1
urinary_catheter,1
light_source,1
electric_quadrupoles,1
light_emission,1
trajectory_tracking_control,1
thermodynamic_function,1
replica_exchange,1
first_order_phase_transition,1
structural_transition,1
configuration_space,1
transfer_matrix_method,1
toluene,1
transient_model,1
antioxidant_activity,1
aetal_ion_chelating_activity_assay,1
primordium,1
pleurotus_ostreatus_extract,1
mycelium,1
fruiting_body,1
reducing_power_assay,1
constraint_theory,1
ecological_phenomenon_and_function,1
puma,1
jaguar,1
segregation_analysis,1
ecological_niche,1
predatory_behavior,1
predation,1
fine_scale_habitat_use_segregation,1
specie_difference,1
distortion,1
navigation,1
adaptive_speed_control,1
operation_condition,1
dc_motor,1
model_free_control,1
chitinases,1
organofluorine_derivative,1
acetylene,1
digital_radio,1
surface_acoustic_wave,1
signal_theory,1
interference_canceling,1
acoustic_wave,1
efficient_protection,1
acoustic_surface_wave_device,1
wireless_communication,1
nonlinear_distortion,1
acoustic_surface_wave_filter,1
third_order,1
band_pass_sampling,1
cross_modulation,1
imago,1
oxidase_activity,1
oxygen_pulse,1
infectivity,1
rice,1
chitinase,1
degree_of_polymerization,1
lecanicillium_lecanii,1
fluorinated_hydrocarbon,1
depressurization,1
norflurane,1
oligosaccharide,1
critical_temperature,1
"hydrocarbons,_fluorinated",1
rapid_depressurization,1
supercritical_fluid,1
enzyme_purification,1
packed_bed_reactor,1
particle_diameter,1
adaptive_output_feedback,1
nonlinear_dynamical_system,1
real_time_measurement,1
robust_adaptive_tracking_control,1
b_spline_neural_network,1
walking_difficulty,1
tetrachloroethylene,1
supercritical_condition,1
torrubiella_confragosa,1
quality,1
cordyceps_bassiana,1
infectious_disease,1
bassiana,1
genomic_instability,1
phosphatidylinositol_glycan_class_a_protein,1
somatic_mutation,1
superoxide,1
conidium,1
tenebrio_molitor,1
solid_state,1
condition,1
beauveria_bassiana,1
limit_of_quantification,1
body_fluid,1
solvent_impregnated_resin,1
sorption/desorption,1
human_urine,1
international_health,1
photoacoustic_cell,1
functional_disease,1
flurbiprofen,1
crystallization_kinetics,1
polymer_composite,1
relative_crystallinity,1
dicarboxylic_acid,1
filled_polymer,1
photoacoustic_effect,1
pericarp,1
modulated_temperature,1
apparent_diffusion_coefficient,1
atomic_absorption_spectroscopy,1
neutron_density,1
source_term,1
neutron_precursor,1
neutron,1
gene_interaction,1
disease_severity,1
ossification,1
limb_weakness,1
thoracic_spine,1
limited_mobility,1
flow_velocity,1
packed_bed,1
reaction_front,1
multiple_steady_state,1
quantitative_study,1
mutation_rate,1
wistar_hannover_rat,1
genetic_damage,1
ethylnitrosourea,1
mutational_analysis,1
crosslinking,1
model_prediction,1
network_homogeneity,1
ligamentum_flavum,1
achondroplasia,1
spinal_cord_compression,1
ferrimagnetic_material,1
super_exchange_coupling,1
primary_crystallization,1
titanium_dioxide_particle,1
nonisothermal_crystallization,1
crystallization,1
food_deprivation,1
water_deprivation,1
chronic_unpredictable_stress,1
pancreas,1
neodymium_substitution,1
controlled_radical_polymerization,1
copolymerization,1
molar_mass_distribution,1
radical_copolymerization,1
nitroxide_mediated_radical_polymerization,1
polymer_network,1
thiobarbituric_acid_reactive_substance,1
alkaline_phosphatase,1
bile_acid,1
"met_protein,_human",1
"cholestasis,_intrahepatic",1
liver_x_receptor_alpha,1
immunoglobulin_enhancer_binding_protein,1
isotactic_polypropylene,1
secondary_crystallization,1
tropical_forest,1
statistic,1
knockout_mouse,1
retinoid_x_receptor,1
bilirubin_blood_level,1
microarray_analysis,1
mitogen_activated_protein_kinase,1
protein_kinase_c_delta,1
gel_mobility_shift_assay,1
"mice,_knockout",1
disorder_of_mitochondrial_function,1
lipid_oxidation,1
rare_earth_substitution,1
structural_property,1
strontium,1
rare_earth_compound,1
hydraulic_structure,1
pleurotus_ostreatus,1
biological_efficiency,1
proximate_analysis,1
water_hyacinth,1
intrahepatic_cholestasis,1
strategic_approach,1
research_work,1
apiculture,1
glycine_max,1
export,1
yucatan_peninsula,1
honey,1
agricultural_policy,1
agricultural_production,1
civil_society,1
duck,1
mwcnte,1
virtual_ground,1
patch_clamp,1
excitable_cell,1
electrode_characterization,1
interface_model,1
parameter_estimated,1
training_set,1
energy_difference,1
statistic_a_topic,1
chemical_family,1
least_square_fit,1
computational_strategy,1
informatics,1
information_science,1
niobates,1
lead_free_ceramic,1
iron_alloy,1
optical_activity,1
electron_spin_resonance_spectroscopy,1
paramagnetism,1
co_doping,1
canal,1
composting,1
atomic_absorption_spectrophotometry,1
different_substrate,1
feasible_alternative,1
heavy_metal,1
biomass_generation,1
sarcocystosis,1
sarcocystis,1
structural_change,1
genetically_modified,1
planet_formation,1
infrared:_star,1
stars:late_type,1
dust,1
solar_system,1
circumstellar_matter,1
collisional_erosion,1
african_continental_ancestry_group,1
black_person,1
"polymorphism,_genetic",1
costa_rica,1
american_native_continental_ancestry_group,1
perovskite,1
permittivity,1
wave_energy_conversion,1
pulsed_excitation,1
microwave_transmission_line,1
yttrium_iron_garnet_film,1
transmission_spectrum,1
wave_propagation,1
garnet,1
spin_wave,1
spin_wave_energy,1
ferroelectricity,1
optical_emission_spectroscopy,1
rietveld_method,1
paramagnetic_resonance,1
dielectric_permittivities,1
solid_solution,1
hydrolysis_condition,1
post_combustion_co,1
enhanced_recovery,1
magnetic_ceramic,1
solid_state_reaction_method,1
structural_analysis,1
strontium_alloy,1
hyperfine_parameter,1
hyperfine_interaction,1
strontium_hexaferrite,1
primary_reformer,1
life_cycle_analysis,1
protoplanetary_disk,1
confidence_level,1
magnonic_crystal,1
formation_and_evolution,1
experimental_confirmation,1
pyranocoumarin_derivative,1
calophyllum,1
pyranocoumarins,1
rehabilitation,1
phosphopyruvate_hydratase,1
tactile_stimulation,1
bromodeoxyuridine,1
adrenal_function,1
physical_stimulation,1
progeny,1
enolase,1
neurogenesis,1
learning_disorder,1
solar_neighbourhood,1
debris,1
flue_gas,1
thiol_derivative,1
touch,1
bacteroidetes,1
gastrointestinal_microbiome,1
molecular_typing,1
therapeutic_use,1
intestine_flora,1
"dietary_fats,_unsaturated",1
adiposity,1
healthy_diet,1
edible_oil,1
dysbiosis,1
asymptomatic_disease,1
bismuth_nanoparticles,1
propionates,1
light_absorption,1
biodiesel,1
biodiesel_production,1
viral_protein,1
n_hydroxysuccinimide_s_acetylthioacetate,1
biological_approach,1
matrix_assisted_laser_desorption/ionization,1
nucleation_center,1
succinimides,1
sulfhydryl_compound,1
biomimetic_material,1
"spectrum_analysis,_raman",1
thiol_group,1
electromagnetic_wave_absorption,1
n_succinimidyl_s_acetylthiopropionate,1
succinimide_derivative,1
propionic_acid_derivative,1
central_asian,1
measles,1
child_mortality,1
degree_of_substitution,1
phosphate_anion,1
anion,1
optical_characteristic,1
modification_in_situ,1
householder_transformation,1
indefinite_inner_product,1
inner_product_space,1
orthogonal_matrix,1
matrix_algebra,1
linear_transformation,1
algebra,1
clifford_algebra,1
stillbirth,1
intoxication,1
meningitis,1
highest_income_group,1
federated_state_of_micronesia,1
taiwan,1
encephalitis,1
computational_environment,1
transesterification,1
conceptual_design,1
computer_software,1
element_concept,1
reactive_residue_curve,1
wetland,1
water_temperature,1
hepatitis,1
practice_guideline,1
oil_well_flooding,1
process_simulation,1
emission,1
global_warming,1
petrochemical_industry,1
ammonia_formation,1
process_model,1
ammonia_process,1
ammonia_plant,1
temperate_forest,1
respiratory_tract_infection,1
united_arab_emirate,1
chronic_obstructive_lung_disease,1
protein_calorie_malnutrition,1
term_birth,1
lagrange_multiplier,1
brain_disease,1
tetanus,1
drowning,1
newborn_death,1
cerebrovascular_disease,1
pertussis,1
infant_mortality,1
newborn_sepsis,1
buckling_restrained_brace,1
structural_response,1
performance_based_seismic_design,1
seismic_design_method,1
structural_design,1
diaphragm_wall,1
intestine_infection,1
spontaneous_aggregation,1
dynamic_response,1
dual_system,1
buckling,1
high_surface_area,1
number_of_active_site,1
para_cresol,1
alumina_surface,1
titanium_alkoxides,1
photogenerated_electron,1
mechanical_resistance,1
polar_angle,1
hamiltonians,1
lagrangian_dynamic,1
storm,1
hamiltonian_dynamic,1
waterworks,1
volatile_component,1
jacobi_elliptic_function,1
charge_in_a_dipole_field,1
euler_and_lagrange_top,1
spherical_surface,1
lagrange_top,1
storme_problem,1
dipole_field,1
poxviridae_infection,1
orthopoxvirus,1
poxvirus_infection,1
cat,1
brewster_angle_microscopy,1
neutron_reflectometry,1
interfacial_layer,1
landraces,1
electroactive_specie,1
surface_concentration,1
alkaline,1
two_dimensional_domain,1
liquid/air_interface,1
dynamic_surface_tensiometry,1
interfacial_morphology,1
salting_out_effect,1
water_system,1
liquid_equilibrium,1
raoults_law,1
vapour_liquid_equilibrium,1
thermodynamic_consistency,1
activity_coefficient,1
concentration_level,1
temperature_uniformity,1
finite_volume_approach,1
optimal_distribution,1
geometric_optimization,1
self_assembly,1
system_geometry,1
aquaculture,1
cambarellus_montezumae,1
shelter,1
phenolic_composition,1
zea_maysl,1
highly_correlated,1
total_soluble_phenolic,1
tortilla,1
total_anthocyanin_content,1
cereal_product,1
carbon_capture_and_utilization,1
gas_emission,1
greenhouse_effect,1
carbon_capture,1
flue,1
post_combustion,1
enhanced_oil_recovery,1
power_control,1
identification,1
mean_field,1
rate_determining_step,1
fuel_cell,1
radiative_transfer_model,1
global_optimization_algorithm,1
thermo_chemical_reactor,1
global_optimization,1
pressure_effect,1
solvent_release,1
universal_behavior,1
electrolyte_concentration,1
primitive_model,1
force_component,1
key,1
lock,1
strong_correlation,1
entropy_approach,1
supramolecular_chemistry,1
mormoopidae,1
pteronotus_parnellii,1
neotropical_region,1
spatial_distribution,1
multi_scale_modeling,1
aluminium_hydroxide,1
adrenergic_beta_agonists,1
postpartum_period,1
beta_adrenergic_receptor_stimulating_agent,1
somatomedin_c,1
insulin_like_growth_factor_i,1
production_rate,1
neotropic_ecozone,1
thiazine,1
cyclohexanecarboxylic_acid,1
thiazine_derivative,1
meloxicam,1
"drug_therapy,_combination",1
cyclohexanecarboxylic_acid_derivative,1
cold_allodynia,1
combination_drug_therapy,1
stability_property,1
alternative_solution,1
active_power_generation,1
echolocation,1
water_availability,1
insectivory,1
michilia_biosphere_reserve,1
durango_[mexico],1
foraging_behavior,1
protected_area,1
thermal_programmed_desorption,1
amino_functionalization,1
zero_pressure,1
high_compression,1
phase_stability,1
pressure_derivative,1
plantain,1
upscaling,1
plantain_starch,1
batch_process,1
damaged_starch,1
isolation_process,1
metallic_surface,1
surface_measurement,1
asphaltene_aggregate,1
adhesion_force,1
metallic_compound,1
asphaltenes,1
neutrophil_migration,1
histamine,1
anti_inflammatory_activity,1
exchange_and_correlation,1
two_dimensional_model,1
arbitrary_geometry,1
meander,1
erosion,1
sediment_transport,1
bank,1
sediment_transport_process,1
resistance_training,1
gastrointestinal_tract,1
clinoptilolites,1
molecular_dimension,1
matrix_assisted_laser_desorption_ionization_mass_spectrometry,1
proteobacteria,1
genomics,1
"spectrometry,_mass,_matrix_assisted_laser_desorption_ionization",1
gluconacetobacter,1
exercise,1
wasting_syndrome,1
albumin,1
renal_dialysis,1
hemodialysis,1
triceps_brachii_muscle,1
potassium,1
grip_strength,1
meander_wavelength,1
telemac,1
river_morphodynamics,1
morphodynamics,1
river_bank,1
bank_erosion,1
sedimentation,1
meander_migration,1
amination,1
solid_state_nuclear_magnetic_resonance,1
desilication,1
asynchronous_generator,1
doubly_fed_induction_generator,1
passivity_based_control,1
passivity_based_controller,1
power_control_scheme,1
energy_policy,1
electrical_power_generation,1
steam_turbine,1
potassium_blood_level,1
albumin_blood_level,1
kidney_disease,1
fat_mass,1
quality_of_life_assessment,1
functionalized_nanoparticles,1
neuroblastoma,1
isothiocyanic_acid,1
protein_energy_wasting,1
impedance,1
hemoglobin_blood_level,1
agricultural_land,1
farm,1
primer_dna,1
rna_extraction,1
fructose_bisphosphate_aldolase,1
metronidazole,1
protozoal_genetics,1
midarm_muscle_circumference,1
adsorbent,1
functionalized_substrate,1
dna_nucleotidylexotransferase,1
aluminum_compound,1
amorphous_silicon,1
hydrothermal_crystallization,1
sodium_aluminate,1
dna_primer,1
"genes,_essential",1
housekeeping_gene,1
essential_gene,1
nitazoxanide,1
enhancement_factor,1
kinetic_property,1
analytical_form,1
non_uniform_scaling,1
gaussian_tail,1
heat_of_formation,1
platinum_acetylacetonate,1
energetic_and_exergetic_analysis,1
waste_heat,1
gas,1
combined_cycle,1
steam_generator,1
exergetic_analysis,1
supplementary_firing,1
waste_incineration,1
technological_development,1
hydroxylation,1
aminobutyric_acid,1
internalization,1
nanomaterial,1
titanium_dioxide_surface,1
gama_aminobutyric_acid,1
saligenin,1
gentisic_acid,1
sodium_hydroxide_solution,1
fluid_catalytic_cracking,1
heat_treated_product,1
crystalline_compound,1
silicon_compound,1
structural_rearrangement,1
pelletizing,1
sodium_carbonate,1
fluidized_bed_catalytic_cracking,1
sodium_bicarbonate,1
morphological_evolution,1
polarizabilities,1
dynamic_polarizabilities,1
amine_functionalization,1
heat_capacity_curve,1
temperature_induced,1
ground_state_geometry,1
hyperpolarizabilities,1
asymptotic_behavior,1
born_oppenheimer_molecular_dynamic,1
pyrethrins,1
cypermethrin,1
malondialdehyde,1
pyrethroid,1
energy_metabolism,1
fish_protein,1
carvacrol,1
salicylic_acid,1
acaricidal_activity,1
propyl_paraben,1
enhanced_biohydrogen_production,1
rushton_impeller,1
aortic_ring,1
alkynyl_group,1
methyl_paraben,1
arthropod_larva,1
carvacrol_methyl_ether,1
rhipicephalus_microplus,1
salicylic_acid_derivative,1
carvacrol_acetate,1
endothermic_effect,1
calorimeter,1
myceliophthora_thermophila,1
complex_dsc_profile,1
specific_heat,1
heat_capacity_data,1
aorta_medium,1
vascular_endothelium,1
reaction_analysis,1
vasodilatation,1
patient_transport,1
deconvolution,1
denaturation,1
sequential_reaction,1
radial_flow,1
biological_hydrogen,1
turbine,1
pitched_blade_turbine,1
rushton_turbine,1
photobiological_hydrogen_production,1
microbial_consortium,1
computer_fluid_dynamic,1
"muscle,_skeletal",1
consumer_acceptance,1
consumer_behavior,1
hamstring_muscle,1
water_holding_capacity,1
skeletal_muscle,1
gas_turbine,1
heat_recovery_steam_generator,1
heterogeneous_reaction_system,1
fourier_transform_method,1
phosphodiesterase_iv,1
rolipram,1
vasodilator_agent,1
polycyclic_aromatic_hydrocarbon_derivative,1
enoximone,1
ferrocene_derivative,1
immunofluorescence_test,1
dengue_virus,1
maternal_care,1
home_care,1
maternity_ward,1
qualitative_research,1
family_centered_care,1
hospital_care,1
maternal_welfare,1
inverse_emulsion_polymerization,1
copolymer,1
inverse_problem,1
rheological_modifier,1
brookfield_viscosity,1
crosslinked_copolymer,1
alkyl_group,1
volumetry,1
oxygen_transport,1
shear_rate,1
anionic_polymerization,1
product_specification,1
rotational_measurement,1
rheological_characterization,1
antimicrobial_cationic_peptide,1
leukocyte_activation,1
alpha_defensins,1
beta_defensin,1
alpha_defensin,1
human_cell_culture,1
protein_synthesis,1
promonocytic_cell,1
polypeptide_antibiotic_agent,1
oxygen_consumption,1
interfacial_mass_transfer,1
staphylococcus_epidermidis,1
cephalosporin_derivative,1
tylosin,1
virus_strain,1
beta_defensins,1
spot_welding,1
silicon_steel,1
associated_cost,1
electrical_steel,1
magnetization_curve,1
combined_core,1
core_loss,1
magnetic_core,1
conventional_steel,1
steady_state_operation,1
spherical_geometry,1
meat,1
technological_property,1
pork_quality,1
food_processing,1
cooking,1
sus_scrofa,1
consumer_acceptability,1
consumer_sensory,1
analytical_centrifugation,1
bifurcation,1
statistical_significance,1
volumetric_oxygen_transfer_coefficient,1
scale_up,1
transport_parameter,1
thermo_oxidative_stability,1
mastitis,1
staphylococcal_infection,1
"mammary_glands,_animal",1
drug_half_life,1
dairy_cattle,1
ceftiofur,1
cephalosporin,1
colostrum,1
tilmicosin,1
staphylococcus_infection,1
staphylococcus_aureus,1
"mastitis,_bovine",1
udder,1
bioconversion_process,1
catalytic_particle,1
finite_time_controller,1
bio_hydrogen,1
reaction_diffusion_process,1
effectiveness_factor,1
oil,1
azores,1
"dna_barcoding,_taxonomic",1
red_alga,1
algal_protein,1
portugal,1
atlantic_island,1
dna_barcoding,1
accelerated_storage,1
double_emulsion,1
microcapsules,1
thermo_oxidative_degradation,1
surfactant_molecule,1
o/w_emulsion,1
malathion,1
chlorthalidone,1
bovine_lactoferrin,1
"immunoglobulin_a,_secretory",1
secretory_immunoglobulin,1
quantitative_assay,1
homeostasis,1
intestinal_mucosa,1
chlorhexidine,1
equivalent_circuit,1
surfactant_concentration,1
sulphate_reduction,1
desulfovibrio,1
process_intensification,1
durability,1
immunoglobulin_heavy_chain,1
immunologic_factor,1
immobilization_stress,1
immunoglobulin_j_chain,1
acute_stress,1
stomach_secretion,1
immunoglobulin_a_antibody,1
canthotaxis,1
vapor,1
molecular_size,1
antihypertensive_drug,1
different_particle_size,1
fokker_planck_equation,1
generalized_diffusion_equation,1
phase_space_method,1
computation_theory,1
ergosterol,1
mechanism_and_kinetics,1
hardware,1
parallelism,1
dsbm_approach,1
delayed_intrusion,1
advanced_adsorption,1
electrocatalysts,1
electronic_modification,1
adsorbed_monolayers,1
carbon_monoxide,1
interaction_energy,1
selective_nucleation,1
catalytic_modification,1
platinum_nano_particles,1
reliable_detection,1
efficient_detection,1
radio_frequency_identification,1
tag_identification,1
monitoring_function,1
passive_radio_frequency_identification_system,1
missing_tag_detection,1
monitoring_process,1
diffusion_wave,1
co_diffusion,1
harmonic_wave,1
numerical_result,1
computational_kinetics,1
medicinal_mushroom,1
computational_chemistry,1
antioxidant_potential,1
metadata,1
agricultural_soil,1
enterobacter_amnigenus,1
morphological_characterization,1
planck_equation,1
stationary_state,1
dissipation_relation,1
langevin_dynamic,1
agriculture,1
endosulfans,1
flexibility,1
dependability,1
middleware,1
cluster_storage,1
virtual_storage,1
commodity_hardware,1
spherical_colloidal_particle,1
radio_wave,1
broadcast_message,1
precursor,1
cyclization,1
acid,1
electrophilicity,1
benzene,1
benzofuran,1
benzofuran_derivative,1
naphthoquinone,1
indole_derivative,1
lewis_acid,1
indoles,1
base,1
enaminone_derivative,1
stereoisomerism,1
endosulfan_sulfate,1
endosulfan,1
isomerism,1
enterobacter_cloaca,1
pesticide_concentration,1
biofiltration,1
hydrogen_sulfide,1
social_behavior,1
animal_welfare,1
translational_brownian_motion,1
optical_microscopy,1
intensity_fluctuation,1
translational_diffusion,1
translational_dynamic,1
scattering,1
interfacial_property,1
brownian_movement,1
translational_diffusion_coefficient,1
rotational_diffusion,1
microscopic_examination,1
rotational_diffusion_coefficient,1
diffusion_in_solid,1
fourier_series,1
optical_data_storage,1
plasma_enhanced_chemical_vapor_deposition,1
plasma_cvd,1
effective_medium_approximation,1
silicon_nitride_film,1
oxidized_surface,1
silicon_quantum_dot,1
ultrathin_film,1
bronchodilator_agent,1
gnaphaliin_a,1
semiconductor_quantum_dot,1
spectroscopic_ellipsometry,1
forward_analysis,1
remote_plasma_enhanced_chemical_vapor_deposition,1
refractive_index,1
ellipsometric_measurement,1
silicon_nitride,1
critical_property,1
attractive_force,1
intermolecular_potential,1
repulsive_force,1
phase_co_existence,1
linear_correlation,1
morse_potential,1
empirical_mode_decomposition,1
compressible_flow,1
beta_cyclodextrin,1
cyclomaltodextrin_glucanotransferase,1
linear_regression_analysis,1
bacillus_megaterium,1
electrospray_mass_spectrometry,1
bronchodilating_agent,1
muscle_relaxation,1
gnaphaliin_b,1
ipratropium_bromide,1
ipratropium,1
drug_antagonism,1
trachea,1
asthma,1
carbachol,1
compressibility_of_gas,1
slip_boundary_condition,1
boundary_value_problem,1
trachea_muscle,1
herb_drug_interaction,1
in_vitro_technique,1
albuterol,1
real_time_application,1
real_time_control,1
local_power_range_monitor,1
system_on_chip,1
decay_ratio,1
real_time_implementation,1
system_on_chip_platform,1
critical_task,1
application_specific_integrated_circuit,1
cake,1
physical_change,1
frozen_storage,1
damage_detection,1
quality_change,1
rarefied_gas_flow,1
expansion,1
solid_fluid_interface,1
apparent_permeability,1
micro_scale_structure,1
low_reynolds_number_flow,1
rotational_flow,1
petroleum_refining,1
intrinsic_permeability,1
two_dimensional,1
gas_flow,1
luminescence_characteristic,1
trickling_filter,1
acidic_condition,1
biomass_concentration,1
biofilters,1
filtration,1
anti_infective_agent,1
endosulfan_lactone,1
removal_efficiency,1
hyperbarism,1
germanium_oxide,1
orange_emission,1
white_emission,1
excitation_and_emission_spectrum,1
tellurium_compound,1
molecular_oxygen,1
pantanal,1
felidae,1
genetic_differentiation,1
yucatan,1
panthera_onca,1
image_texture,1
shrinkage,1
starch_retrogradation,1
ochtodes,1
caribbean_coast_[mexico],1
halide,1
microaggregate,1
plastid,1
gigartinales,1
ochtodes_secundiramea,1
incompressible_flow,1
tissue_homeostasis,1
anti_inflammatories,1
associative_mechanism,1
nitrogen_incorporation,1
rotating_disk,1
rate_controlling_step,1
integral_equation,1
whey_protein_concentrate,1
water_activity,1
degradation_reaction,1
chia_oil,1
storage_temperature,1
microencapsulation,1
zero_order_kinetics,1
oxidation_kinetics,1
polysaccharide_matrix,1
clay_interaction,1
maximum_elimination_capacity,1
pressure_drop,1
air_pollutant,1
biomass_detachment,1
bio_trickling_filter,1
pulsed_field_gel_electrophoresis,1
passive_filter,1
bacterial_population,1
immunological_function,1
palygorskites,1
antigen_antibody_reaction,1
inflammatory_activity,1
health_effect,1
monochromatic_camera,1
anti_inflammatory_mechanism,1
rotating_disk_electrode,1
vertical_ionization_energy,1
fixed_bed_reactor,1
chemical_reactor,1
anaerobic_digestion_process,1
reactor_startup,1
anaerobic_digester,1
pulp_digester,1
vinasses,1
monitoring,1
fractal_parameter,1
dynamic_characterization,1
industrial_implementation,1
surface_characteristic,1
grafting_copolymer,1
amazona_[brazil],1
hydrophobic_surface,1
sorption_isotherm,1
glycerol,1
radiation_induced_polymerization,1
tribology,1
chitosan_grafted,1
graft_polymerization,1
nuclear_track_in_solid,1
nanopores,1
sensor_structure,1
swift_heavy_ion,1
etched_ion_track,1
heavy_ion,1
ion_track,1
nuclear_analysis,1
etching,1
crotalaria_longirostrata_extract,1
acrylamide,1
cell_assay,1
epoxide,1
tissue_specificity,1
methacrylates,1
cell_dna,1
methacrylic_acid_derivative,1
epoxy_compound,1
kidney_cell,1
comet_assay,1
glycidyl_methacrylate,1
clastogen,1
nephrotoxicity,1
bone_marrow_cell,1
scratch_resistance,1
rhus_trilobata,1
lasianthaea_podocephala,1
bone_marrow_toxicity,1
veronica_americana,1
bursera_fagaroides_extract,1
annopentocina_a,1
euphorbia_pulcherrima_extract,1
asterohyptis_stellulata,1
holodiscus_dumosus,1
adoxaceae,1
dimorphocarpa_wislizeni,1
acalypha_monostachya,1
annona_purpurea,1
national_health_organization,1
bursera_fagaroides,1
colon_cancer,1
betulaceae,1
celastraceae,1
rosaceae,1
holodiscus_dumosus_extract,1
asterohyptis_stellulata_extract,1
linaceae,1
plantaginaceae,1
annona_muricata_extract,1
phoradendron_reichenbachianum,1
phrymaceae,1
rhus_trilobata_extract,1
viburnum_jucundum_extract,1
annona_diversifolia,1
annona_muricata,1
annonacin_a,1
avocado,1
penstemon_campanulatus,1
burseraceae,1
brassicaceae,1
experimental_model,1
dimorphocarpa_wislizeni_extract,1
vitex_trifolia,1
santalaceae,1
ambrosia_ambrosioides,1
plumeria_acutifolia_extract,1
hyptis_suaveolens,1
euphorbia_pulcherrima,1
cancer_therapy,1
rollinia_mucosa,1
ambrosia_ambrosioides_extract,1
salvia_leucantha,1
acacia_constricta_extract,1
effective_dose,1
helianthella_quinquenervis_extract,1
linum_scabrellum,1
annopentocin_b,1
hemiangium_excelsum,1
hyptis_verticillata,1
fluorensia_cernua,1
acalypha_monostachya_extract,1
viguiera_decurrens,1
hemiangium_excelsum_extract,1
alnus_jorulenssis,1
fluorensia_cernua_extract,1
cuphea_aequipetala,1
viguiera_decurrens_extract,1
crotalaria_longirostrata,1
annonaceae,1
hydrophilicity,1
amylose,1
reinforced_plastic,1
biodegradable_film,1
carbon_paste_electrode,1
detection_limit,1
herbaceous_agent,1
picramnia_antidesma,1
anacardiaceae,1
lasianthaea_podocephala_extract,1
euphorbiaceae,1
malpighiaceae,1
annomuricin_e,1
data_base,1
viburnum_jucundum,1
galphimia_glauca,1
hyptis_pectinata,1
mimulus_glabratus,1
alnus_jorulenssis_extract,1
annopentocin_c,1
penstemon_barbatus,1
annona_diversifolia_extract,1
plumeria_acutifolia,1
acacia_constricta,1
polyploidy,1
chromosome_segregation,1
amino_acid_motif,1
protein_motif,1
dna_replication,1
protein_domain,1
helianthella_quinquenervis,1
apocynaceae,1
workshop,1
organization,1
anti_retroviral_agent,1
lipodystrophy,1
protein_interaction_domain_and_motif,1
cytokinesis,1
maleic_anhydride,1
aromatization,1
toluene_derivative,1
oxazole_derivative,1
diels_alder_reaction,1
acylation,1
on_potential,1
complex_management,1
stakeholder,1
management_practice,1
analytical_performance,1
diffuse_reflectance,1
aqueous_medium,1
anti_inflammatory_drug,1
amylose_content,1
plasticizer,1
wettability,1
water_bonding,1
future_prospect,1
ontario_[canada],1
"ontario_,_canada",1
inland_water,1
impact_and_adaptation,1
delphi_analysis,1
disease_control,1
childhood_disease,1
transactivator_protein,1
nuclear_protein,1
tooth_abnormality,1
craniofacial_abnormality,1
medical_literature,1
atraumatic_restorative_treatment,1
tooth_development,1
congress_a_topic,1
antiretrovirus_agent,1
craniofacial_development,1
metropolitan_area,1
environmental_effect,1
plastic_waste,1
environmental_legislation,1
water_level,1
trent_severn_waterway,1
bioelectrical_signal,1
electrical_signal,1
electric_rectifier,1
nutritional_assessment,1
emotionality,1
araneae,1
introduced_specie,1
lycosidae,1
arthropoda,1
spider,1
aristida_stricta,1
eucalyptus,1
ploceinae,1
"arthritis,_rheumatoid",1
mhc_class_ii_transactivator_protein,1
"receptors,_immunologic",1
alumina_supported,1
communication_environment,1
trans_activators,1
allelic_discrimination_assay,1
territory,1
neoliberalism,1
social_movement,1
metabolic_network_and_pathway,1
ellagitannin,1
punicalin,1
punicalagin,1
pinus,1
pine,1
college_student,1
silver_electrode,1
conductive_material,1
mwcnts,1
in_vitro_assay,1
microbial_sensitivity_test,1
eating_and_appraisal_due_to_emotion_and_stress_questionnaire,1
self_concept,1
titratable_acid,1
melting_property,1
exopolysaccharides,1
ice_cream,1
melting,1
thermotolerant,1
ice_control,1
deep_hydrodesulfurization,1
high_resolution_transmission_electronic_microscopy,1
tungsten,1
photoelectronic_spectroscopy,1
peptic_ulcer,1
first_responder,1
priori_knowledge,1
communication_infrastructure,1
post_disaster,1
network_solution,1
survey,1
disaster,1
human_intervention,1
mycoplasmataceae,1
pet_animal,1
cockatiel,1
feces_microflora,1
erysipelotrichaceae,1
serratia,1
polysaccharide,1
delta_sigma_modulation,1
low_power_electronics,1
delta_modulation,1
acid_base_equilibrium,1
beneficial_effect,1
complex_process,1
mechanism_of_action,1
veterinary_medicine,1
physiological_condition,1
nanoferrihydrite,1
fighter_aircraft,1
octahedrally_coordinated,1
anti_inflammatory_response,1
eradication_therapy,1
helicobacter_infection,1
cost_control,1
biomonitoring,1
diatoma_hiemale,1
prasiola_mexicana,1
stomach_cancer,1
cost_effectiveness_analysis,1
delta_sigma_modulator,1
analog_to_digital_conversion,1
modulators,1
capacitor,1
cmos_integrated_circuit,1
low_voltage,1
sampling_frequency,1
common_source_amplifier,1
signal_to_noise_and_distortion_ratio,1
spice,1
switched_capacitor_circuit,1
resistance_increase,1
hydroxyapatite,1
fourier_transforms,1
elastic_modulus,1
cytotoxicity_test,1
disorder_of_higher_cerebral_function,1
mo_device,1
low_power,1
amplifier,1
magdalena_river_[colombia],1
bacillariophyta,1
human_activity,1
bioindicator,1
correspondence_analysis,1
navicula_cryptocephala,1
encyonema_silesiacum,1
nitzschia_rectum,1
conditioned_odor_avoidance_memory_task,1
memory_test,1
avoidance_memory,1
bone_graft_material,1
planothidium_lanceolatum,1
nitzschia,1
gomphonema_parvulum,1
nitzschia_palea,1
nostoc_parmelioides,1
environmental_quality,1
vaucheria_bursata,1
phormidium_autumnale,1
metal_oxide_semiconductor,1
research_report,1
chemical_interaction,1
hypothalamus_hypophysis_adrenal_system,1
adult_control_diet,1
glucose_homeostasis,1
iga_gene,1
alpha_chain,1
intestine,1
fasting,1
bacterial_colonization,1
corticosteroid_blood_level,1
bacterial_rna,1
liver_mucosa,1
pigr_gene,1
"rna,_bacterial",1
typhoid_fever,1
salmonellosis,1
benthos,1
desorption_process,1
hydrodynamic_condition,1
salmonella_enterica_serovar_typhimurium,1
salmonella_typhimurium,1
bacterial_load,1
salmonella_infection,1
transcytosis,1
corticosteroid,1
territoriality,1
flower,1
identity,1
foraging,1
resident,1
scheduling_and_control,1
scheduling,1
corticosterone_release,1
proline_dipeptidase,1
positive_correlation,1
"cybb_protein,_human",1
protein_content,1
process_uncertainty,1
reactive_optimization,1
simultaneous_solution,1
continuous_operation,1
optimization_formulation,1
large_scale_optimization,1
planning,1
chemical_reaction_system,1
control,1
corrosion_inhibition,1
physisorption,1
inhibition_efficiency,1
biogas,1
renewable_resource,1
economic_analysis,1
photo_reduction,1
fluorination,1
sodium_compound,1
sodium_sulfite,1
electrochemical_impedance,1
cartilage,1
xanthine_oxidase,1
tissue_level,1
dipeptidase,1
cryopyrin,1
pro_inflammatory_cytokine,1
inflammasomes,1
protein_expression_pattern,1
synovial_membrane,1
dipeptidases,1
inflammasome,1
inflammatory_process,1
membrane_glycoprotein,1
virulence,1
vibrio_alginolyticus,1
"genes,_bacterial",1
virulence_factor,1
"drug_resistance,_bacterial",1
spinal_ganglion,1
hypersensitivity,1
ketanserin,1
premedication,1
corrosion_velocity,1
corrosion_inhibitor,1
dna_binding_protein,1
"ganglia,_spinal",1
hind_paw,1
orange,1
three_phase_system,1
partitioning_bioreactors,1
product_inhibition,1
wild_type,1
nicotinic_acid,1
oil_shale,1
cofactor_regeneration,1
power_quality_improvement,1
current_ripple,1
switching_mode_power_supply,1
dc_dc_converter,1
switching_converter,1
mild_reaction_condition,1
island,1
switching,1
total_harmonic_distortion,1
gain_measurement,1
input_current_ripple,1
power_quality,1
x_ray_crystallography,1
combustion,1
porous_polymer,1
diabetes,1
suppressor_of_cytokine_signaling,1
japanese,1
ethnic_group,1
japan,1
heritability,1
exposure_time,1
alunite,1
vibration,1
suppressor_of_cytokine_signaling_protein,1
gene_locus,1
deprotonation_process,1
computational_protocol,1
chemical_complexity,1
quantum_mechanical,1
aromatic_specie,1
organometallics,1
c_n_bond_formation,1
structural_diversity,1
palladium_compound,1
palladium_complex,1
general_structure,1
lipophilicity,1
"spectrometry,_mass,_fast_atom_bombardment",1
sustainability,1
landfill,1
waste_disposal,1
alternative_energy,1
electricity_generation,1
harder_coating,1
exposed_to,1
propriety_mechanical,1
dehydrated_paste,1
iron_boride,1
hard_coating,1
mechanical,1
fracture_toughness,1
boride_layer,1
quartz,1
dehydroxylations,1
tg/dta,1
drifts_ms,1
stretching,1
mexico_[mexico_],1
mineralogical_characterization,1
effect_of_heat_treatment,1
fourier_transform_spectrometry,1
oh_stretching_vibration,1
spectrometry,1
dehydroxylation,1
computational_program,1
sigmoidal_curve,1
acidity,1
carbon_nuclear_magnetic_resonance,1
specie_comparison,1
factorial_design,1
chemical_shift,1
uv_visible_absorption_spectrum,1
acidity_constant,1
motor_dysfunction,1
gamma_glutamyltransferase,1
frontal_cortex,1
bumetanide,1
gamma_glutamyl_transferase_blood_level,1
trend_study,1
manganese_brain_level,1
adsorption_desorption,1
lithium_metasilicate,1
hydrothermal_condition,1
carrier_concentration,1
gtpase_activating_protein,1
rho_gtpase_activating_protein,1
rac_protein,1
protozoan_protein,1
proton_magnetic_resonance_spectroscopy,1
ester_derivative,1
fast_atom_bombardment_mass_spectrometry,1
androstanolone,1
tetra_ethyl_ortho_silicate,1
microwave_assisted_hydrothermal_synthesis,1
soil_microorganism,1
soil_property,1
rhizosphere,1
pollution_effect,1
micromycete,1
dose_response_relationship,1
ferric_oxyhydroxide,1
siderite,1
calcareous_soil,1
solubilization,1
collagen_type_i,1
severity_of_illness_index,1
dual_reciprocity_method,1
local_interpolation,1
convection_diffusion,1
rbf,1
mesh_less_method,1
drm,1
water_vapor_concentration,1
microwave_assisted_hydrothermal,1
carboxy_terminal_sequence,1
mdck_cell_line,1
rho_factor,1
protozoal_protein,1
erythrophagocytosis,1
guanosine_triphosphatase_activating_protein,1
angiotensin_i_converting_enzyme_inhibitory_activity,1
ph/temperature_sensitive,1
interpolation,1
three_order_of_magnitude,1
"microscopy,_electron,_scanning",1
environmental_impact_assessment,1
carbonic_acid_derivative,1
leachate,1
data_acquisition,1
reactivation,1
weather,1
ferric_compound,1
"scleroderma,_systemic",1
ferric_ion,1
mining,1
weathering,1
pyrimidinones,1
pyrimidinone_derivative,1
benzaldehyde,1
azide,1
triazoles,1
non_small_cell_lung_cancer,1
hepatoma_derived_growth_factor,1
"tumor_cells,_cultured",1
domain_decomposition_method,1
interpolation_function,1
rac_gtp_binding_protein,1
phosphatidic_acid,1
nerve_tract,1
glia_cell,1
antineoplastic_combined_chemotherapy_protocol,1
intercellular_signaling_peptide_and_protein,1
tumor_cell_culture,1
mitochondrial_membrane_potential,1
"carcinoma,_non_small_cell_lung",1
epigallocatechin_gallate,1
signal_peptide,1
catechin,1
angioscopy,1
microscopic_angioscopy,1
epiluminescence_microscopy,1
nail,1
systemic_sclerosis,1
dermoscopy,1
right_hemisphere,1
ferrous_compound,1
neural_pathway,1
methylprednisolone,1
neurotransmitter_agent,1
oligodendroglia,1
astrocyte,1
membrane_potential,1
neuroglia,1
polysynaptic_reflex,1
kainic_acid,1
spinal_cord_lesion,1
excitotoxicity,1
"agent_interacting_with_transmitter,_hormone_or_drug_receptor",1
white_matter,1
methylprednisolone_sodium_succinate,1
amyloid_precursor_protein,1
immediate_early_gene,1
monosynaptic_reflex,1
lumbar_vertebra,1
spinal_cord_nerve_cell,1
ferrous_ion,1
sensorimotor_recovery,1
brain_injury,1
stereotypic_time,1
movement_disorder,1
parameter,1
behavioral_recovery,1
brain_cortex_lesion,1
sensorimotor_function,1
pons,1
dentate_gyrus,1
nernstian_response,1
nanomolar_level,1
elemental_carbon,1
environmental_application,1
ambulatory_time,1
ferrous_chloride,1
left_hemisphere,1
resting_time,1
norepinephrine,1
nerve_cell_excitability,1
amyloid_beta_protein_precursor,1
maze_test,1
benzeneacetamides,1
maze_learning,1
benzeneacetamide_derivative,1
activity_regulated_cytoskeletal_associated_protein,1
control_rod,1
feedwater_analysis,1
sensibility_analysis,1
monte_carlos_simulation,1
activity_regulated_cytoskeleton_associated_protein,1
pedigree,1
zoo_animal,1
breeding,1
"animals,_zoo",1
potentiometer,1
mercury_determination,1
metal_complex,1
determination_of_mercury,1
potentiometric_study,1
ion_selective_electrode,1
aliphatic_chain,1
stiffness_reduction,1
concrete,1
isothermal_luminescence_decay_method,1
frequency_factor,1
mathematical_parameter,1
thermal_cleaning,1
analytical_approach,1
trace_element_content,1
c_analysis,1
organic_carbon,1
trace_element,1
carbonaceous_matter,1
aerosol,1
control_rod_pattern,1
thermal_hydraulic_process,1
natural_convection,1
trap_parameter,1
beo,1
electromagnetic_field_simulation,1
temperature_value,1
magnetic_field_uniformity,1
birdcage_coil,1
feedwater_system,1
reactor_control,1
stiffness,1
second_order_inelastic_analysis,1
structural_steel_member,1
beam_columns,1
standard_specification,1
building_material,1
steel_concrete_composite,1
design_methodology,1
predictive_value_of_test,1
pulmonary_artery_systolic_pressure,1
"lupus_erythematosus,_systemic",1
uric_acid_blood_level,1
echocardiography,1
c_reactive_protein,1
radiation_absorption,1
chemical_procedure,1
beryllium,1
luminescence_decay,1
glow_curve,1
decay,1
beryllium_oxide,1
trapping_parameter,1
isothermal_decay,1
chemical_reaction_kinetics,1
viscosity_estimation,1
cox_merz_rule,1
barrett_joyner_halenda_method,1
sodium_metallography,1
porosity,1
ion_exchange_treatment,1
erionite,1
specific_absorption_rate,1
scattering_parameter,1
biological_sample,1
electromagnetic_field,1
pulmonary_artery,1
arterial_pressure,1
allopurinol,1
"hypertension,_pulmonary",1
systemic_lupus_erythematosus,1
laboratory_test,1
delivery,1
superabsorbent_hydrogel,1
methacrylic_polymer,1
methyl_methacrylate_ester,1
second_order_kinetics,1
stimuli_sensitive,1
polyacrylates,1
macroscopic_model,1
frequency_estimation,1
food_material,1
oscillatory_fluid,1
steady_state_viscosity,1
phenomenological_model,1
kelvin_voigt_model,1
maxwell_model,1
nanoporosity,1
dubinin_astakhov,1
cationic_exchange,1
"radiography,_panoramic",1
odontogenic_cyst,1
cell_transformation,1
"carcinoma,_squamous_cell",1
biopsy,1
mandibular_neoplasm,1
"cell_transformation,_neoplastic",1
panoramic_radiography,1
parent_molecule,1
metal_ion_chelators,1
aided_design,1
agent,1
hyperuricemia,1
conformational_relaxation,1
hormone,1
internal_rate_of_return,1
water_supply,1
cost_effectiveness,1
cleaner_production,1
earnings,1
limited_water_supply,1
pollution_prevention,1
pollution_control,1
law_and_legislation,1
pollution,1
wastewater_discharge,1
environmental_regulation,1
cleaner_technology,1
environmental_economics,1
immunoglobulin_m,1
antibody_production,1
antibody_secreting_cell,1
aquifer,1
ground_state_energy,1
variational_treatment,1
quantum_confinement,1
many_electron_atom,1
sample_application,1
potential_barrier_height,1
neon,1
planar_boundary,1
planar_potential,1
malvaceae,1
dietary_protein,1
animal_nutritional_physiological_phenomenon,1
lung_fibroblast,1
two_dimensional_channel,1
channel_flow,1
approximate_analytical_expression,1
point_particle,1
electrocrystallization_process,1
crystal_growth,1
nucleation_kinetics,1
electrical_current,1
electrocrystallization,1
ex_situ_atomic_force_microscopy,1
optically_transparent_electrode,1
indium_tin_oxide_electrode,1
indium,1
plasma_cell,1
immunoglobulin_blood_level,1
hydrolysate,1
biological_material,1
ace_inhibition,1
dipeptidyl_peptidase_iv,1
inhibition_of_platelet_aggregation,1
anti_thrombotic_activity,1
q_factor_measurement,1
digestive_system_inflammation,1
b_lymphocyte,1
senescence,1
cell_aging,1
animal_cell_culture,1
proteasome_inhibition_induced_premature_senescence,1
senescence_associated_secretory_phenotype,1
telomere,1
galactosidase,1
computer_program,1
positron_emission_tomography,1
mesenchymal_stromal_cell,1
mesenchymal_stroma_cell,1
cell_separation,1
immunophenotyping,1
cryopreservation,1
peripheral_blood_stem_cell,1
rhizopus_oryzae,1
fungal_biomass,1
dechlorination_reaction,1
chlorinated_compound,1
stoichiometric_parameter,1
development_country,1
biomass_production,1
microbial_degradation,1
model_based_evaluation,1
refining,1
sugar_substitute,1
biofuel,1
methylation,1
pentachlorophenol,1
herbicide,1
alkylation,1
dechloration,1
chlorination,1
auditory_perception,1
connectome,1
blindness,1
music,1
hearing,1
cerebellum_degeneration,1
amino_terminal_sequence,1
bacterial_outer_membrane_protein,1
chicken,1
serum,1
congenital_glaucoma,1
cingulate_gyrus,1
music_therapy,1
visual_cortex,1
gyrus_cinguli,1
auditory_cortex,1
prefrontal_cortex,1
xylitol,1
process_configuration,1
biorefineries,1
integrated_operation,1
continuous_production,1
bioerosion,1
echinoderm,1
carbon_budget,1
environmental_disturbance,1
coral_reef,1
simultaneous_saccharification_and_co_fermentation,1
lignocellulosic_material,1
multicellular_system,1
salmonella_enterica_serovar_gallinarum,1
salmonella_enterica_serovar_enteritidis,1
two_dimensional_electrophoresis,1
heat_labile_serum,1
bacterial_outer_membrane,1
outer_membrane_protein_a,1
incubation_temperature,1
broth_dilution,1
mutual_inductance,1
experimental_validation,1
ex_vivo_imaging,1
saline_solution,1
macroscopic_scale,1
salient_feature,1
chloride_solution,1
fowl_typhoid,1
vasopressin_derivative,1
optical_density,1
cell_density,1
vasoactive_intestinal_polypeptide,1
vasoactive_intestinal_peptide,1
vasopressin,1
sodium_glutamate,1
glutamate_sodium,1
pregnancy_rate,1
diadema_mexicanum,1
echinoidea,1
oropharyngeal_neoplasm,1
mouth_neoplasm,1
epstein_barr_virus,1
wart_virus,1
kaposi_sarcoma,1
virus_infection,1
oropharynx_tumor,1
"sarcoma,_kaposi",1
papillomavirus_infection,1
oropharynx_cancer,1
epstein_barr_virus_infection,1
salmonella,1
outer_membrane_protein,1
diffuse_reflectance_spectroscopy,1
semiconductor_growth,1
herpes_simplex_virus,1
mouth_cancer,1
push_over_analysis,1
inelastic_response,1
displacement_control,1
serviceability_limit_state,1
failure_characteristic,1
cantilever_structure,1
baja_california,1
inelastic_analysis,1
analytical_study,1
tubular_steel_structure,1
pole,1
artificial_insemination,1
rr_interval,1
doppler_ultrasonography,1
estrus_cycle,1
controlled_clinical_trial,1
drug_administration_schedule,1
dinoprost,1
drug_administration,1
estrus_synchronization,1
"insemination,_artificial",1
titanium_compound,1
compositional_characterization,1
photocatalytic_application,1
raman_spectroscopy_and_scattering,1
semiconductor_material,1
optical_data_processing,1
sol_gel_growth,1
microalga,1
microalgae,1
ammonium,1
nutrient,1
visible_light_driven_photocatalysts,1
heart_hemodynamics,1
respiratory_sinus_arrhythmia,1
fetus_movement,1
b_scan,1
"ultrasonography,_prenatal",1
fetus_echography,1
fetal_breathing_akinesis,1
doppler_echocardiography,1
fetus_heart,1
intrauterine_growth_retardation,1
fetus_breathing,1
closure_problem,1
hydrodynamic_dispersion,1
mixing,1
effective_diffusion,1
transverse_component,1
"ultrasonography,_doppler",1
doppler_echography,1
three_dimensional_computer_graphic,1
imaginary_scators,1
quadratic_iteration,1
hypercomplex_number,1
mandelbrot_set,1
discrete_dynamical_system,1
domestic_waste,1
inoculation,1
piggery_wastewater,1
domestic_wastewater,1
platinum_group_metal,1
imaging_system,1
flexible_coil,1
image_acquisition,1
inductance,1
radio_frequency_coil,1
forest_product,1
ammonium_derivative,1
illuminated_reactor,1
micro_algae,1
biological_oxygen_demand_analysis,1
ammonium_compound,1
digestate,1
biochemical_oxygen_demand,1
laminar_flow,1
homogeneous_porous_medium,1
mass_transport_process,1
mass_transport,1
epididymis,1
sperm_maturation,1
spermatozoon_maturation,1
"gene_expression_regulation,_enzymologic",1
rem_sleep_deprivation,1
corticotropin,1
gastric_mucosa,1
recycled_aggregate,1
prediction_equation,1
analytical_process,1
virgin_material,1
mortar,1
stress_strain_behavior,1
concentration_field,1
radioisotope,1
compression_strength,1
ceramic_waste,1
construction_industry,1
ceramic_aggregate,1
stress_strain_curve,1
"spectrophotometry,_ultraviolet",1
chlorophyll_a,1
drug_carrier,1
chlorophyll,1
butadiene,1
fullerene,1
fullerene_derivative,1
propylene,1
alkene,1
fluoride_mineral,1
ground_water,1
hydrogeology,1
anthracenes,1
anthracene_derivative,1
radioisotope_decay,1
transport_modeling,1
pressure,1
radionuclide_migration,1
tracer,1
radioactivity,1
contaminant_transport,1
pollutant_transport,1
nonbiological_model,1
velocity,1
benchmarking,1
community_care,1
potable_water,1
groundwater_flow,1
undernutrition,1
fluoride,1
flow_charac_teristics,1
three_space_dimension,1
radioactive_decay,1
advection_diffusion_equation,1
advective_diffusion_equation,1
"water_pollutants,_radioactive",1
fluid_dynamic_equation,1
contamination,1
advection,1
"water_pollution,_chemical",1
logistic_regression_modeling,1
bisimide,1
filler,1
morphological_property,1
computer_architecture,1
virtualizations,1
mobile_computing,1
information_management,1
child_health,1
groundwater,1
dental_health,1
developing_country,1
water_well,1
rating_scale,1
thylstrup_fejerskov_index,1
toothpaste,1
hydrogeological_condition,1
absorption_system,1
refrigeration,1
lithium_nitrate,1
refrigeration_system,1
dewaxing,1
absorption_refrigeration,1
high_viscosity,1
fluoride_concentration,1
water_analysis,1
nanocomposite_polymer_electrolyte,1
sonication_technique,1
thermal_and_mechanical_property,1
anisotropic_conductivity,1
electric_battery,1
ionic_liquid,1
nanocomposite_electrolyte,1
catalytic_process,1
aluminum_sheet,1
theoretical_modeling,1
steady_state_energy,1
dew,1
good_correlation,1
condensation_rate,1
outdoor_experiment,1
relative_humidity,1
radiative_cooling,1
software_defined_networking,1
radio_access_network,1
network_architecture,1
programmable_and_re_configurable,1
self_organizing_network,1
programmable_control,1
overstrength,1
static_analysis,1
capacity_design_methodology,1
redundancy_factor,1
chevron_braced_frame,1
braced_frame,1
structural_redundancy,1
steel_brace,1
structural_frame,1
concrete_construction,1
mechanical_vapour_compression,1
industrial_scale_system,1
hydrocarbon,1
memory_effect,1
microwave_heating,1
sodium_ascorbate,1
finite_difference_scheme,1
green_function,1
linear_equation,1
green_function_approach,1
finite_difference_method,1
ordinary_differential_equation,1
mating,1
rostral_migratory_stream,1
experimental_behavioral_test,1
pentyl_acetate,1
olfactory_bulb,1
dew_collection,1
dew_condensation,1
condensation,1
wind_velocity,1
non_linear_static_analysis,1
synergism,1
drug_sensitivity,1
parasitic_disease,1
protozoa,1
albendazole,1
diarrheal_disease,1
trophozoite,1
parasite_viability,1
mastigophora,1
giardia,1
structural_simplification,1
thermal_load,1
partial_differential_equation,1
reaction_diffusion_equation,1
numerical_solution,1
analytical_and_numerical_solution,1
subventricular_zone,1
development_strategy,1
globalization,1
timber_certification,1
timber_market,1
aqua_regia_digestion,1
chloride_concentration,1
magnetite_ore,1
gold_ore_treatment,1
alternative_process,1
apparent_activation_energy,1
hydrometallurgy,1
tertiary_health_care,1
degenerative_disease,1
accessory_olfactory_bulb,1
giardiasis,1
grid_diagram,1
stochastic_model,1
intermediate_temperature,1
heat_exchanger_network,1
optimum_design,1
stream_flow,1
optimization_algorithm,1
heat_exchanger_network_synthesis,1
heat_exchanger,1
multistart,1
high_resolution_tem,1
point_of_zero_charge,1
hydrogenation_reaction,1
dibenzothiophene_hydrodesulfurization,1
catalytic_performance,1
hydrogenation,1
nocardia_farcinica,1
dipole_transition,1
oscillator_strength,1
variational_calculation,1
lifetime,1
variational_technique,1
hungary,1
cancer_inhibition,1
surface_charge,1
indonesia,1
high_grade_glioma,1
naturally_occurring,1
india,1
growth_increment,1
cell_growth_process,1
hydration,1
somatosensory_evoked_potential,1
visual_pathway,1
adsorbent_capacity,1
national_cancer_institute,1
glioma,1
growth_component,1
cell_growth,1
central_nervous_system,1
human_cancer_cell,1
argentina,1
polycyclic_aromatic_hydrocarbon,1
excitation_fluorescence,1
kocuria_palustris,1
emission_fluorescence,1
anthracene,1
microbacterium,1
enhanced_geothermal_system,1
flow_through_cell_method,1
synchronous_fluorescence,1
kocuria,1
microbacterium_testaceum,1
kocuria_rosea,1
"evoked_potentials,_auditory,_brain_stem",1
tibial_nerve,1
"evoked_potentials,_visual",1
brain_electrophysiology,1
neural_conduction,1
evoked_somatosensory_response,1
nerve_conduction,1
macaca_mulatta,1
somatosensory_system,1
visual_evoked_potential,1
visual_system,1
hospital_admission,1
traffic_accident,1
accidental_fall,1
firearm,1
lanthanum_aluminate,1
"evoked_potentials,_somatosensory",1
auditory_system,1
auditory_nervous_system,1
rhesus_monkey,1
evoked_brain_stem_auditory_response,1
evoked_visual_response,1
auditory_pathway,1
somatosensory_disorder,1
investment,1
energy_resource,1
dissolution_rate_constant,1
usp_paddle_method,1
drug_release,1
tracking_accuracy,1
tracking_method,1
voronoi,1
voronoi_tessellation,1
surface_discharge,1
target_tracking,1
most_likely,1
voronoi_diagram,1
virtual_node,1
tracking_technique,1
computational_geometry,1
surface_response,1
geriatrics,1
software_engineering,1
generalized_fibonacci_sequence,1
different_proportion,1
antimicrobial_peptide,1
nisin,1
transient_and_migrant,1
emigrant_and_immigrant,1
marriage,1
migrant,1
marital_status,1
iodometric_method,1
dimensionally_stable_anode,1
chlorine_evolution,1
film_growth,1
grain_growth,1
electrochemical_test,1
radiation_effect,1
praseodymium,1
medical_record_review,1
"accidents,_traffic",1
raman_spectroscopy_characterization,1
bacterium_contamination,1
food_poisoning,1
food_safety,1
disease_carrier,1
cholera_toxin,1
cholera,1
oxalate,1
partial_sum,1
convergence_property,1
real_matrix,1
matrix,1
personalized_medicine,1
molecular_diagnostic_technique,1
molecular_diagnosis,1
precision_medicine,1
electrostatic_image,1
low_air_pressure,1
dielectric_sheet,1
parallel_plate,1
field_calculation,1
positive_streamer,1
positively_charged,1
morpholine_derivative,1
enzyme_active_site,1
sigma_receptor_agonist,1
accelerated_life_test,1
spectral_sensitivity,1
helium,1
galerkin_finite_element_method,1
hartree_fock,1
inflammatory_pain,1
intraspinal_drug_administration,1
receptor_affinity,1
morpholines,1
catalytic_domain,1
morpholine,1
opiate_antagonist,1
reference_standard,1
"injections,_spinal",1
impregnated,1
total_organic_carbon,1
optoelectronic_property,1
_znal_ldh,1
confocal_fluorescence_microscopy,1
lactococcus_lactis_subsp._cremoris,1
calcium_alginate_bead,1
hexuronic_acid,1
banana_peel,1
industrial_co,1
compound_fiber,1
bagasse,1
coproduct,1
fiber_content,1
agroindustrial_co_product,1
fruit_processing,1
helium_atom,1
molecular_physic,1
confined_atom,1
total_energy,1
fluorescence_microscopy,1
thermal_logging,1
macroscopic_dynamic,1
monte_carlo_analysis,1
green_roof,1
slater_type_orbitals,1
hartree_fock_theory,1
hartree_fock_method,1
large_surface_area,1
crystallography,1
copper_compound,1
high_pore_volume,1
pharmaceutical_product,1
postsynthesis,1
glucuronic_acid,1
encapsulated_cell,1
semiconductor_doping,1
spray_dryer,1
pechinis_method,1
lanthanum_alloy,1
temperature_measurement,1
ultraviolet_c_radiation,1
pechini_method,1
glow_curve_analysis,1
europium_chloride,1
lactococcus_lactis,1
hydrogel_particle,1
environmental_stress,1
health_and_wellness,1
alginic_acid,1
alginates,1
drug_compounding,1
evapotranspiration,1
heat_transfer_process,1
roof,1
random_sample,1
building,1
green_roof_system,1
membrane_microparticle,1
sucrose,1
cell_derived_microparticles,1
retroperitoneal_fat,1
exosome,1
ingestion,1
mach_number,1
continuum_theory,1
vector_field,1
alginate,1
rain,1
dilute_gas,1
shock_wave,1
continuum_mechanic,1
shock_wave_solution,1
low_mach_number,1
mixed_forest,1
floristics,1
pine_oak_woodland,1
woody_plant,1
successional_stage,1
succession,1
vegetation_structure,1
woodland,1
abiotic_factor,1
quercus,1
pattern_recognition,1
emotion_processing,1
secondary_forest,1
sierra_madre_[mexico],1
conservation,1
sierra_madre_del_sur,1
relative_abundance,1
floristic_composition,1
forestry,1
land_use,1
biotic_province,1
geologic_sediment,1
microflora,1
spatio_temporal_analysis,1
sulfur_reducing_bacteria,1
gram_negative_anaerobic_bacteria,1
modulation,1
negative_modulation,1
acetic_acid_derivative,1
spatiotemporal_analysis,1
archaeon,1
archaea,1
fresh_water,1
acetate,1
microbiota,1
fractality,1
dfa,1
natural_landscape,1
cultural_influence,1
painting_technique,1
painting,1
pollock,1
energy_profile,1
trigonal_bipyramidal_geometry,1
image_processing,1
"models,_neurological",1
behavior,1
fear,1
stimulus,1
social_interaction,1
independent_component_analysis,1
brain_mapping,1
cognitive_process,1
face,1
biological_model,1
"pattern_recognition,_visual",1
neural_modulation,1
"image_processing,_computer_assisted",1
symmetrical_pattern,1
dimeric_complex,1
neural_dynamic,1
independent_component,1
olefin,1
aromatic_ring,1
decarboxylation_process,1
aldehyde,1
oxazolidinones,1
formation_mechanism,1
aromatic_aldehyde,1
reaction_intermediate,1
iridium,1
iridium_compound,1
orthometallation,1
diene_ligand,1
electric_charge,1
thermal_behavior,1
p_type_doping,1
metalorganic_framework,1
two_dimensional_solution,1
schiff_basis,1
tributyltin,1
"stenosis,_occlusion_and_obstruction",1
"constriction,_pathologic",1
morphine,1
narcotic_analgesic_agent,1
"analgesics,_opioid",1
naphthalene_derivative,1
arthritic_pain,1
central_core,1
arene_ligand,1
life_table,1
symmetric_complex,1
bridging_oxygen,1
serine_transfer_rna,1
chirostoma_humboldtianum,1
atherinopsidae,1
atheriniformes,1
health_promotion,1
condensation_reaction,1
antiproliferative_effect,1
electrical_behavior,1
multilayer_graphene,1
nanoporous_alumina,1
multilayers,1
few_layer_graphene,1
charge_concentration,1
europium_benzenetricarboxylate_metal_organic_framework_nanorod,1
java_programming_language,1
optoelectronic_device,1
luminescent_emission,1
hemicellulosic_fraction,1
environment_design,1
environmental_planning,1
traffic_and_transport,1
transportation,1
rainfall,1
fecundity,1
extreme_event,1
seed_bank,1
neobuxbaumia_polylopha,1
limiting_factor,1
recruitment,1
zimapan,1
seedling_establishment,1
population_bottleneck,1
asc_gsh_cycle,1
carbonylation,1
ascorbate_glutathione_cycle,1
ripening,1
photosynthetic_tissue,1
tomato,1
post_translational_modification,1
solanum_lycopersicum,1
fruit_ripening,1
sleep_stage,1
school,1
geographic_information_system,1
reagent,1
cathodic_charging,1
hydrogen_embrittlement,1
three_point_bend_test,1
focal_epilepsy,1
etiracetam,1
sleep_pattern,1
"epilepsies,_partial",1
transcranial_magnetic_stimulation,1
arousal,1
netherlands,1
extraction_method,1
tailing,1
mobility,1
graphite,1
mine_waste,1
acid_mine_drainage,1
multi_angle_light_scattering,1
size_exclusion_chromatography,1
branching_density,1
buffer_amplifier,1
wnt_signaling_pathway,1
cancer_cell,1
beta_catenin,1
apc_protein,1
plakoglobin,1
cytosol,1
alpha_catenin,1
protein_degradation,1
claudin,1
bioinformatics,1
tempering,1
effect_of_hydrogen,1
hybrid_system_model,1
initial_condition,1
linear_hybrid_automaton,1
continuous_dynamic,1
micro_structural_characterization,1
bending_stress,1
saw_tooth,1
archaeology,1
archeology,1
thermal_initiator,1
mid_chain_radical,1
acrylic,1
average_molar_mass,1
batch_polymerization,1
theoretical_method,1
rate_coefficient,1
androstane_derivative,1
androgen,1
androstenes,1
antineoplastic_hormone_agonist_and_antagonist,1
comparators,1
high_speed_response,1
input_resistance,1
flipped_voltage_follower,1
comparator_circuit,1
cmos_current_comparators,1
continuous_time_system,1
current_comparators,1
analog_integrated_circuit,1
low_power_application,1
low_voltage_application,1
continuous_time,1
extrusion_molding,1
concentration_limit,1
polystyrene,1
antibacterial_property,1
automaton_theory,1
mathematical_formulation,1
linear_hybrid_system,1
hybrid_system,1
dynamic_behavior,1
peripheral_blood_mononuclear_cell,1
flutamide,1
ketoconazole,1
lncap_cell_line,1
finasteride,1
antiproliferative_activity,1
prostate_tumor,1
machine_equipment,1
stress_concentration,1
cobalt_alloy,1
stainless_steel,1
"leukocytes,_mononuclear",1
prostatic_neoplasm,1
prostate_cancer_cell_line,1
"chemistry_techniques,_synthetic",1
androstenedione_derivative,1
alloy_element,1
cross_sectional_observation,1
nanoindentation_technique,1
parabolic_growth,1
treatment_time,1
xrd_analysis,1
silver_compound,1
ternary_compound,1
silver_content,1
transition_metal_compound,1
film_preparation,1
silver_vanadate,1
vanadium_oxide_thin_film,1
deposition_precipitation_method,1
injection_molding_process,1
silver_nanoparticles,1
metallic_precursor,1
silver_nitrate,1
injection_molding,1
recovery_period,1
compression_and_tension_strength,1
stainless_steel_plate,1
shielding_effect,1
osteosynthesis_plate,1
luminescent_property,1
luminescent_spectroscopy,1
luminescent_material,1
trimesic_acid,1
luminescence_efficiency,1
mathematical_analysis,1
purification,1
detoxification,1
xylose,1
titanium_alloy,1
internal_fixation,1
polyphenol_oxidase,1
phenylalanine_ammonia_lyase,1
pectin_methylesterase,1
vapor_deposition,1
oxide_film,1
optical_characterization,1
hybrid_deposition,1
material_science_and_technology,1
c,1
impregnation,1
pseudo_first_order_kinetics,1
organic_modifier,1
hydrodesulphurization,1
effect_of_addition,1
genetic_selection,1
"selection,_genetic",1
insect,1
"behavior,_animal",1
history,1
computer_aided_design,1
cell_clone,1
dna_mutational_analysis,1
exposure,1
high_throughput_sequencing,1
artifact,1
cell_mutant,1
dna_strand,1
dna_determination,1
oligonucleotide,1
high_throughput_nucleotide_sequencing,1
mutation_analysis_with_random_dna_identifier,1
next_generation_sequencing,1
leukocyte_antigen,1
dimethylbenz[a]anthracene,1
stem_cell_expansion,1
"antigens,_cd",1
signal_noise_ratio,1
brain_computer_interface,1
shape_feature,1
calibration_algorithm,1
executive_function,1
eye,1
vision,1
respiratory_mechanic,1
elevated_blood_pressure,1
respiratory_tract_parameter,1
respiratory_cycle_duration,1
breathing_pattern,1
posture,1
beat_to_beat_interval,1
blood_pressure_measurement,1
breathing_rate,1
aerated_condition,1
corncob,1
moderate_temperature,1
enzymatic_saccharification,1
organic_acid,1
acid_pretreatment,1
levenberg_marquardt_optimization,1
recycled_paper_sludge,1
"syncope,_vasovagal",1
blood_pressure_variability,1
head_up_tilt_test,1
faintness,1
respiratory_cycle,1
body_position,1
hemodynamic_parameter,1
signal_detection,1
feature_vector,1
"models,_statistical",1
likelihood_function,1
"signal_processing,_computer_assisted",1
event_related_potential,1
feature_extraction,1
vector,1
ultrasound_wave,1
preparation_condition,1
liquid_laser,1
ultrasound_field,1
nanostructures,1
nanometric_size,1
spherical_nanoparticles,1
absorption_characteristic,1
x_ray_spectroscopy,1
shape_and_size,1
tooth_wear,1
carbonated_beverage,1
data_distribution,1
fault_tolerance,1
resource_allocation,1
initial_settlement,1
time_efficiency,1
upgrade_procedure,1
adaptability,1
availability,1
fault_tolerant_scheme,1
virtualization_technique,1
large_scale_storage_system,1
garlic,1
mtt_formazan,1
upflow_reactor,1
formazans,1
tetrazolium_salt,1
formazan,1
tetrazolium,1
basic_helix_loop_helix_transcription_factor,1
s_allylcysteine,1
cell_hypoxia,1
performance,1
speed,1
database_system,1
narx_model,1
univariate,1
moving_average_model,1
multivariant_analysis,1
auto_regressive,1
aerobic_metabolism,1
multi_variate_analysis,1
wind_speed_prediction,1
autoregressive_integrated_moving_average,1
narx,1
moving_average,1
insensitive_munition,1
autooxidation,1
sludge,1
time_of_flight_mass_spectrometry,1
water_purification,1
aniline,1
tetramer,1
methanogen,1
p_nitroaniline,1
methanogenesis,1
three_phase_power_transformer,1
water_management,1
phenylenediamine_derivative,1
toxicity_assay,1
aniline_derivative,1
aniline_compound,1
anaerobic_growth,1
n_methyl_p_nitro_aniline,1
aromatic_amine,1
aromatic_nitro_compound,1
microbial_toxicity,1
anaerobic_biodegradation,1
nitroaromatic,1
acetoclastic_methanogen,1
anaerobic,1
mesalazine,1
cysteine_synthase,1
ammunition,1
trichoderma_atroviride,1
pyrazoles,1
pyrazole,1
pyrazole_derivative,1
enzyme_inhibitor,1
hydroxysteroid_dehydrogenase,1
geometric_mean_distance,1
electric_transformer_testing,1
magnetic_leakage,1
magnetic_material,1
winding,1
magnetic_flux_linkage,1
leakage_reactance,1
magnetic_potential,1
concentrated_solar_energy,1
transformer,1
short_circuit_test,1
magnetic_flux,1
transcription,1
bioelectric_potential,1
tryptophan,1
serine,1
transcriptional_regulator,1
dna_synthesis,1
bacterial_growth,1
cell_ph,1
succinic_acid,1
vaccine,1
transcriptional_response,1
osmolality,1
phenotypic_variation,1
genetic_algorithm,1
evolutionary_optimization,1
large_scale_bioreactors,1
metabolic_stress,1
sigma_factor_rpos,1
"snca_protein,_human",1
synaptotagmin,1
alpha_synuclein,1
heredity,1
synaptotagmin_xi,1
synaptotagmins,1
cross_cultural_comparison,1
parkin,1
cell_stress,1
parkinson_disease,1
power_generation,1
power_plant,1
cogeneration,1
performance_simulation,1
heat_storage,1
solar_power,1
solar_power_plant,1
solar_field,1
rankine_cycle,1
industrial_process,1
electrical_power,1
cogeneration_plant,1
trnsys,1
photoperiod,1
aquatic_environment,1
dna_replication_origin,1
sex_characteristic,1
water_table,1
running,1
burrow,1
photoperiodicity,1
procambarus_acanthophorus,1
circadian_rhythm,1
humidity,1
mesoporous_silica_nanoparticle,1
acetaldehyde,1
cholesterol_content,1
liver_mitochondrion,1
"diet,_high_fat",1
mitochondrial_damage,1
liver_cell_damage,1
industrial_poison,1
finite_sample,1
serial_correlation,1
endoplasmic_reticulum_stress,1
liver_microsome,1
hepatic_steatosis,1
nuclear_translocation,1
potential_mechanism,1
drug_stability,1
drug_absorption,1
drug_cost,1
first_order_derivative_spectroscopy,1
drug_quality,1
sexual_development,1
tilt_table_test,1
sympathetic_activity,1
nonlinear_dynamic,1
perch,1
bursera,1
non_linear_method,1
nonlinear_index,1
temporal_development,1
autonomics,1
cascade_control,1
temperature_sensor,1
research_problem,1
cascade_control_system,1
location,1
temperature_profile,1
temperature_sensitive,1
randomness,1
scaling_law,1
efficient_market_hypothesis,1
vaccinium_macrocarpon,1
larrea,1
cranberry,1
atmospheric_humidity,1
random_process,1
statistical_test,1
confidence_interval,1
cost,1
movement,1
thermal_stimulation,1
brownian_motion,1
motion,1
calculation,1
mechanic,1
mechanical_phenomenon,1
nurse,1
catalyst_precursor,1
glycosylated_hemoglobin,1
thioredoxin_interacting_protein,1
protective_factor,1
oxidoreductase,1
flycatcher,1
specialization,1
seed_dispersal,1
terbium_compound,1
excitation_wavelength,1
electromagnetic_wave_propagation,1
white_light_phosphor,1
primary_school,1
graduate_student,1
rhythm,1
undergraduate_student,1
dichlorophenoxyacetic_acid,1
ambystomatidae,1
nonlinear_technique,1
ethanol_concentration,1
operational_strategy,1
parametric_identification,1
xanthone_derivative,1
interlaminar,1
simple++,1
ca:al_ratio,1
hydrocalumite,1
acetate_anion,1
nitrogen_adsorption_desorption,1
photo_degradation,1
gas_adsorption,1
nitrate_anion,1
"hemoglobin_a,_glycosylated",1
nadh_dehydrogenase,1
dna_polymorphism,1
diabetic_patient,1
glucose_concentration,1
related_factor,1
"txnip_protein,_human",1
carrier_protein,1
protection,1
biological_application,1
mri_contrast_agent,1
magnetometry_measurement,1
shell,1
magnetic_property,1
magnetic_dead_layer,1
pomegranate,1
core_shell_nanoparticles,1
murine_fibroblast,1
curculionidae,1
population_biology,1
trichobaris_soror,1
tropane_alkaloid,1
datura_stramonium,1
plant_defense,1
natural_selection,1
pest_infestation,1
plant_life_cycle_stage,1
chrysomelidae,1
scopolamine,1
short_range_ordering,1
repeated_application,1
freeze_thaw_cycle,1
thawing,1
play,1
neighborhood,1
outdoor_recreation,1
pedestrian,1
education,1
sport,1
gender,1
participatory_approach,1
parental_care,1
"anthropology,_cultural",1
food_preference,1
decision_making,1
choice_behavior,1
ethnography,1
whiskey,1
pisces,1
attitude_to_health,1
white_wine,1
beer,1
red_wine,1
"health_knowledge,_attitudes,_practice",1
rum,1
brandy,1
vodka,1
craft_beer,1
awareness,1
cultural_anthropology,1
consumer,1
industrial_beer,1
restriction_fragment_length_polymorphism,1
desert,1
automation,1
soil_acidity,1
sodium,1
ordination_analysis,1
soil_microflora,1
granular_activated_carbon,1
granular_material,1
dispersive_interaction,1
molecular_computation,1
ionic_strength,1
intra_particle_diffusion,1
activated_carbon,1
river_ecosystem,1
bioaccumulation_factor,1
aquatic_toxicology,1
tula_river,1
orientational_frustration,1
discotic_liquid_crystal,1
water_resource,1
metal_toxicity,1
oreochromis_nilotica,1
surface_water,1
ubiquitination,1
zooplankton,1
flow_of_water,1
oreochromis_niloticus,1
ecosystem_health,1
atomic_absorption,1
river_pollution,1
river_water,1
manual_cell_counting,1
immunoratio_method,1
cyclin_a,1
tissue_homogenate,1
staining_and_labeling,1
clinical_effectiveness,1
medical_practice,1
modified_montmorillonite,1
ethylenedioxythiophenes,1
it_application,1
interstitial_space,1
montmorillonite_clay,1
polyethylenedioxythiophene,1
natural_montmorillonite,1
fluid,1
columnar_mesophases,1
bidisperse_mixture,1
molecular_thickness,1
alanine_aminotransferase_blood_level,1
liver_disease,1
binary_mixture,1
rainy_season,1
dry_season,1
cladosporium,1
air_sampling,1
"colony_count,_microbial",1
colony_forming_unit,1
hospital,1
aspergillus_fumigatus,1
cholesterol_liver_level,1
obstructive_cholestasis,1
liver_damage,1
bile_duct,1
aspartate_aminotransferase_blood_level,1
astronotus_ocellatus,1
genome_size,1
gene_order,1
paraneetroplus_synspilus,1
copper_zinc_superoxide_dismutase,1
filipin,1
cholestasis,1
non_alcoholic_steatohepatitis,1
bile_duct_ligation,1
liver_necrosis,1
premature_death,1
phospholipid_hydroperoxide_glutathione_peroxidase,1
jaundice,1
clinical_presentation,1
gamma_gc,1
fatty_liver,1
cyanobacteria,1
pleuronema,1
halteria,1
bursaridium,1
obstructive_jaundice,1
cholesterol_enriched_diet,1
anhydrous_condition,1
amine_functional_group,1
in_situ_ft_ir,1
humid_condition,1
humidity_condition,1
adsorption_capability,1
radical_scavenger,1
super_acid,1
nitrogen_atmosphere,1
reaction_control,1
cyanobacterium,1
haptorida,1
ciliophora,1
trophic_level,1
petenia_splendida,1
hypselecara_temporalis,1
external_surface,1
microporosity,1
inorganic_support,1
total_pore_volume,1
partial_blockage,1
high_resolution,1
microporous_material,1
cylindrospermopsis,1
ciliate,1
oligotrichs,1
psychometry,1
native_specie,1
plant_root_nodulation,1
divergence,1
prostomatida,1
lake_catemaco,1
cyrtolophosis,1
scuticociliatia,1
food_web,1
uronema,1
litonotus,1
cinetochilum,1
cyclidium,1
picoplankton,1
urotricha,1
eutrophic_environment,1
rhizobacterium,1
alphaproteobacteria,1
lutjanidae,1
pinjalo,1
social_care,1
rural_health,1
child_nutrition,1
diet_therapy,1
growth_disorder,1
public_assistance,1
social_condition,1
lost_to_follow_up,1
child_nutritional_physiological_phenomenon,1
nutrition_survey,1
alcohol_derivative,1
psychometrics,1
scatter_factor,1
lipid_analysis,1
lipid_storage,1
anti_oxidant_response,1
nonalcoholic_fatty_liver,1
rhizobium,1
symbiont,1
base_sequence,1
host_range,1
ensifer,1
betaproteobacteria,1
burkholderia,1
nodulation,1
nitrogen_fixation,1
preference_behavior,1
host_specificity,1
diffraction_grating,1
machzehnder_interferometer,1
doped_fiber,1
mode_propagation,1
encephalocele,1
pristipomoides,1
iran,1
interspecific_variation,1
shape,1
lutjanus_johni,1
size,1
lutjanus_lutjanus,1
perciform,1
discriminant_analysis,1
lutjanus,1
hepatocyte_growth_factor,1
abnormality,1
skull_malformation,1
"infant,_newborn",1
physical_examination,1
progesterone_reductase,1
protective_effect,1
protection_system,1
non_alcoholic_fatty_liver_disease,1
sensing_application,1
temperature_tuning,1
erbium,1
mach_zehnder_interferometer,1
interferometer,1
amplified_spontaneous_emission,1
long_period_fiber_grating,1
rate_equation_model,1
sex_hormone_binding_globulin_receptor,1
chloramphetamine,1
cell_surface_receptor,1
spermatogenesis,1
hormone_response,1
cephalomelia,1
niger,1
cerebellum_tumor,1
capillary_hemangioma,1
fever,1
fetal_disease,1
cartilaginous_tissue,1
fetus_disease,1
brain_hernia,1
occipital_lobe,1
occipital_bone,1
ribosome_dna,1
acid_resistance,1
colitis,1
lactobacillus_sanfranciscensis,1
cytokine_production,1
"dna,_ribosomal",1
specie_identification,1
"receptors,_androgen",1
serotonin_receptor_affecting_agent,1
spermatogonium,1
"receptors,_cell_surface",1
"bax_protein,_rat",1
"gene_expression_regulation,_developmental",1
p_chloroamphetamine,1
gonadotropin,1
spermatogonia,1
epithelial_cell,1
mu,1
bacterial_adhesion,1
acetic_acid_ethyl_ester,1
ovis_aries,1
artificial_diet,1
food_supplementation,1
serotonin_agent,1
sex_hormone_binding_globulin,1
hormone_blood_level,1
androgen_receptor,1
hydroxyindoleacetic_acid,1
serotonin_release,1
lactobacillus_brevis,1
lactobacillus_paracasei,1
lactobacillus_composti,1
mean_absolute_error,1
solid_state_synthesis,1
ceramic,1
low_temperature,1
solid_state_method,1
calcination_time,1
calcination,1
bacterial_viability,1
bacterium_adherence,1
inflammatory_bowel_disease,1
intestine_epithelium_cell,1
ibd,1
dinitrofluorobenzene,1
immuno_modulation,1
bile_salt,1
lysozyme,1
conservation_management,1
graph_g,1
intersection_graph,1
graph_theory,1
self_dual,1
clique_graph,1
constant_link,1
generalized_autoregressive_conditional_heteroskedasticity,1
algorithm_analysis,1
channel_occupancy,1
mobile_radio_system,1
cognitive_radio_network,1
cognitive_system,1
seasonal_autoregressive_integrated_moving_average,1
linear_algorithm,1
cognitive_radio,1
calcification,1
reef_formation,1
pocillopora_capitata,1
pocillopora_verrucosa,1
pavona_gigantea,1
pocillopora_damicornis,1
pocillopora_meandrina,1
nanometric_powder,1
astrophytum,1
astrophytum_capricorne,1
astrophytum_myriostigma,1
intergovernmental_panel_on_climate_change,1
reintroduction,1
endangered_specie,1
bioclimatology,1
niche_breadth,1
reduced_nicotinamide_adenine_dinucleotide_phosphate,1
gtp_binding_protein_alpha_subunit,1
morphogenesis,1
fungal_protein,1
oxidative_phosphorylation,1
cell_level,1
two_dimensional_difference_gel_electrophoresis,1
directed_graph,1
bijections,1
environmental_factor,1
porites_panamensis,1
gulf_of_tehuantepec,1
porites_lobata,1
coastal_zone,1
aragonite,1
sea_surface_temperature,1
dysprosium,1
x_ray_beam,1
radiation_dose,1
thermoluminescent_dosimeter,1
radiation_response,1
"lif:mg_,cu_,p",1
x_ray,1
pavona_varians,1
adenosine_triphosphate,1
penicillium_chrysogenum,1
pleckstrin_homology_domain,1
guanosine_triphosphatase,1
guanine_nucleotide_binding_protein_alpha_subunit,1
enzyme_regulation,1
purine_metabolism,1
pleckstrin,1
drug_tissue_level,1
piperidone_derivative,1
ovary_function,1
gonadal_steroid_hormone,1
"rats,_long_evans",1
estrogen_release,1
luteinizing_hormone_blood_level,1
hypothalamus_hypophysis_system,1
norfluoxetine,1
long_evans_rat,1
steroid,1
hypothalamo_hypophyseal_system,1
fluoxetine,1
single_drug_dose,1
steroid_blood_level,1
purine,1
spinal_nerve_ligation_injury,1
follitropin_blood_level,1
testosterone_blood_level,1
dosimeter,1
x_ray_measurement,1
controlability,1
approximate_controllability,1
diffusion_process,1
conjugate_gradient_algorithm,1
laplace_beltrami_operator,1
controllability,1
null_controllability,1
iterative_solution,1
ovary_follicle_development,1
"hybridization,_genetic",1
serotonin_uptake_inhibitor,1
