words,count
metabolism,69
genetics,47
mexico_[north_america],46
chemistry,43
physiology,38
rat,26
concentration,25
scanning_electron_microscopy,23
mouse,22
protein_expression,22
antioxidant,18
oxidative_stress,18
classification,18
risk_factor,18
mexico_city,17
microbiology,17
molecular_dynamic,17
catalyst,16
pathology,16
enzyme_activity,16
density_functional_theory,16
fourier_transform_infrared_spectroscopy,16
wistar_rat,15
mortality,15
"rats,_wistar",15
blood,15
prevalence,15
photocatalytic_activity,15
molecule,15
carbon_dioxide,15
isolation_and_purification,14
catalyst_activity,14
genetic_variation,14
kinetics,13
lithium_compound,13
non_insulin_dependent_diabetes_mellitus,13
oxygen,13
particle_size,13
temperature,13
synthesis,13
chemical_analysis,12
gene_expression,12
genotype,12
ph,12
energy_gap,12
gene_expression_regulation,12
reactive_oxygen_metabolite,12
x_ray_photoelectron_spectroscopy,12
methanol,11
oxidation,11
genetic_association,11
fermentation,11
pregnancy,11
polymerase_chain_reaction,11
water,11
immunohistochemistry,11
starch,11
x_ray_diffraction,11
glucose,11
cell_proliferation,11
complication,11
cell_viability,11
phylogeny,10
plant_extract,10
global_disease_burden,10
chlorine_compound,10
tumor_necrosis_factor,10
biomass,10
dispersion,10
follow_up,10
titanium_dioxide,10
atom,10
bioreactors,10
methane,10
hydrogen_production,10
diffusion,10
immunology,9
federal_district_[mexico],9
texture,9
gene,9
protein,9
antioxidant_activity,9
genetic_variability,9
high_resolution_transmission_electron_microscopy,9
global_burden_of_disease,9
bacterium,9
bacteria,9
substrate,9
preschool_child,9
decision_making,9
degradation,9
transmission_electron_microscopy,9
inflammation,9
hydrodynamics,9
hydrogen_bond,9
signal_transduction,9
demography,9
hydrogen,8
chemical_reaction,8
questionnaire,8
western_blotting,8
pathophysiology,8
algorithm,8
aluminum_oxide,8
very_elderly,8
phenotype,8
ammonia,8
disease_model,8
veterinary_medicine,8
messenger_rna,8
graphene,8
wastewater_treatment,8
nanoparticles,8
irradiation,8
photo_catalytic_degradation,8
simulation,8
"child,_preschool",8
mathematical_model,8
carbon,8
earthquake,8
forecasting,8
chemical_bond,8
iron_compound,8
adsorption,8
ii_vi_semiconductor,7
dietary_supplement,7
"disease_models,_animal",7
histology,7
binary_alloy,7
fatty_acid,7
phenol,7
glucose_blood_level,7
real_time_polymerase_chain_reaction,7
catalysis,7
escherichia_coli,7
alumina,7
bacterial_strain,7
geometry,7
lactic_acid,7
bovine,7
student,7
gene_frequency,7
developing_country,7
physicochemical_property,7
life_expectancy,7
obesity,7
molar_ratio,7
gene_sequence,7
global_health,7
psychology,7
educational_status,7
fungi,7
chemical_structure,7
biocompatibility,7
chemical_oxygen_demand,7
amino_acid,7
sulfur_compound,7
morphology,7
survey_and_questionnaire,7
cytokine,7
bioreactor,7
brain,7
pollutant_removal,7
electrode,7
electronic_structure,7
ozone,7
solvent,7
antiinflammatory_activity,7
spectrophotometry,7
flavonoid,7
copper_compound,7
calculation,7
biochemistry,7
cohort_analysis,7
pacific_ocean,7
blood_sampling,6
spectroscopy,6
single_nucleotide_polymorphism,6
kinetic_theory,6
heterojunctions,6
human_immunodeficiency_virus_infection,6
stability,6
oxide_mineral,6
"mice,_inbred_balb_c",6
bagg_albino_mouse,6
catalyst_selectivity,6
enzyme_linked_immunosorbent_assay,6
photodegradation,6
probiotic,6
drug_efficacy,6
pathogenesis,6
thermodynamics,6
apoptosis,6
diffuse_reflectance_spectroscopy,6
dna_extraction,6
disease_association,6
newborn,6
silicon,6
anti_inflammatory_agent,6
mixture,6
disease_severity,6
catalytic_oxidation,6
lithium_ion_battery,6
comorbidity,6
biodegradation,6
molecular_weight,6
seismic_response,6
city,6
fluoride,6
quantum_chemistry,6
electric_field,6
iron,6
risk_assessment,6
energy_transfer,6
building,6
"stress,_psychological",6
zinc,6
platinum,6
zinc_oxide,6
x_ray_powder_diffraction,6
thermogravimetric_analysis,6
biosynthesis,6
photoluminescence,6
oxidation_reduction_reaction,6
mental_stress,6
photocatalysis,6
poly,6
down_regulation,6
diabetes_mellitus,6
surface_area,6
cattle,6
numerical_method,6
population_research,6
body_mass,6
antiinflammatory_agent,6
upregulation,6
anaerobic_digestion,6
glass,6
fruit,6
numerical_model,6
hiv_infection,6
in_vivo_study,6
leaching,6
cytology,6
fluorescence,6
soil,6
immune_response,6
nutritional_status,6
body_weight,6
cell_culture,6
sol,6
hydrolysis,6
insulin,5
alkaloid,5
structural_analysis,5
electrochemical_analysis,5
rate_constant,5
electrolyte,5
drug_delivery_system,5
adverse_event,5
topology,5
triacylglycerol,5
regression_analysis,5
structural_damage,5
task_performance,5
sodium_compound,5
nuclear_magnetic_resonance,5
dose_response,5
nitric_oxide,5
ester,5
pathogenicity,5
zinc_compound,5
silica,5
water_treatment,5
statistical_model,5
epidemiology,5
gamma_interferon,5
cyclodextrins,5
"infant,_newborn",5
experimental_study,5
chemical_modification,5
immunoglobulin_enhancer_binding_protein,5
sol_gels,5
liquid,5
calcination,5
crystallinity,5
bayes_theorem,5
enzyme_inhibition,5
polymer,5
chemical_industry,5
light,5
metal_organic_framework,5
diagnostic_imaging,5
middle_income_country,5
gene_mutation,5
injury,5
bioremediation,5
color,5
histopathology,5
dna_sequence,5
spain,5
emission_spectroscopy,5
aluminum_compound,5
attitude_to_health,5
virology,5
"health_knowledge,_attitudes,_practice",5
water_supply,5
epidemic,5
blood_pressure,5
dental_fluorosis,5
quantum_optic,5
quantitative_analysis,5
organic_solvent,5
protein_function,5
recovery,5
"cell_line,_tumor",5
tumor_cell_line,5
breast_neoplasm,5
breast_tumor,5
urea,5
high_performance_liquid_chromatography,5
hydrogen_ion_concentration,5
ion,5
infrared_device,5
pig,5
ethylene,5
hypertension,5
mesoporous_material,5
mutation,5
solubility,5
polysaccharide,5
energy_efficiency,5
enzymology,5
social_determinant_of_health,5
drug_formulation,5
randomized_controlled_trial,5
reinforced_concrete,5
water_management,5
waste_water,5
multicenter_study,5
pore_size,5
binding_energy,5
steel_corrosion,5
dna,5
molecular_dynamic_simulation,5
excited_state,5
"growth,_development_and_aging",5
protein_content,5
human_experiment,5
antidiabetic_agent,5
hypoglycemic_agent,5
genetic_marker,5
electrochemical_technique,5
nickel,5
sodium_chloride,5
time_series_analysis,5
incidence,5
precipitation,5
flow_cytometry,5
chemical_compound,4
coronavirus,4
anthozoa,4
silver,4
maize,4
zea_may,4
temperature_measurement,4
lipopolysaccharide,4
theoretical_study,4
controller,4
benchmarking,4
evolutionary_algorithm,4
hematite,4
case_report,4
protein_phosphorylation,4
sprague_dawley_rat,4
bagasse,4
adaptation,4
hydrogen_atom,4
active_brownian_particle,4
unfolding,4
ground_state,4
mimo_system,4
organometallics,4
thermodynamic_stability,4
bioconversion,4
quercetin,4
united_state,4
adsorption_process,4
bioassay,4
metformin,4
quality_of_life,4
oaxaca,4
spatiotemporal_analysis,4
heavy_ion,4
sars_coronavirus,4
drug_stability,4
kinetic_parameter,4
socioeconomics,4
malnutrition,4
efficiency,4
operating_condition,4
cell,4
molecular_docking,4
genetic_structure,4
diarrhea,4
heat_transfer,4
economics,4
organic_pollutant,4
emulsification,4
parasitology,4
nonlinear_equation,4
dinger_equation,4
estimation_method,4
prospective_study,4
neural_network,4
velocity,4
age,4
decomposition,4
emulsion,4
toxicity,4
heat,4
isotherm,4
sodium,4
taxonomy,4
quality_adjusted_life_year,4
health_status,4
cell_survival,4
gas_chromatography,4
puebla_[mexico],4
decision_tree,4
porous_material,4
electrochemical_electrode,4
mixing,4
gulf_of_mexico,4
high_risk_population,4
statistic,4
interpolation,4
numerical_result,4
gestational_age,4
biogas,4
wound_and_injury,4
batch_reactor,4
theoretical_calculation,4
normal_human,4
"biodegradation,_environmental",4
energy_transfer_process,4
citrus_fruit,4
climate_change,4
clinical_trial,4
exercise,4
social_class,4
aromatization,4
magnetic_resonance_imaging,4
dog,4
bacterium_isolate,4
silicon_compound,4
combination_drug_therapy,4
american_indian,4
gene_amplification,4
metal_nanoparticles,4
dental_caries,4
"fluorosis,_dental",4
prediction,4
earthquake_damage,4
dynamic,4
amide,4
spectrum_analysis,4
anti_oxidant_activity,4
differential_scanning_calorimetry,4
quality_control,4
nanotube,4
nuclear_magnetic_resonance_spectroscopy,4
stress,4
"drug_therapy,_combination",4
genomic_dna,4
bacterial_protein,4
in_vitro,4
charge_transfer,4
ultrastructure,4
optical_property,4
deep_eutectic_solvent,4
eutectic,4
catalase,4
reaction_kinetics,4
oxidation_reduction,4
qualitative_analysis,4
motivation,4
brazil,4
parameter_estimation,4
image_enhancement,4
drug_delivery,4
nanocrystalline_material,4
molecular_structure,4
phenol_derivative,4
effluent,4
skeletal_muscle,4
water_pollutant,4
"water_pollutants,_chemical",4
ultraviolet_radiation,4
nitrogen,4
low_income_country,4
energy_metabolism,4
adsorption_property,4
cytokine_production,4
immunofluorescence,4
protein_localization,4
treatment_outcome,4
parkinson_disease,4
cell_membrane,4
chemical_composition,4
support_vector_machine,4
image_processing,4
protein_protein_interaction,4
thin_film,4
lake,4
optimization,4
drug_release,4
alcohol,4
probiotic_agent,4
acidity,4
spatial_analysis,4
glassy_carbon_electrode,4
total_organic_carbon,4
chemisorption,4
energy_dispersive_x_ray_spectroscopy,4
blocking_probability,4
hippocampus,4
clinical_feature,4
social_status,4
lipid_peroxidation,4
investment,4
intermethod_comparison,4
cognitive_radio,4
sol_gel_process,4
water_pollution,4
morbidity,4
liver,4
cathode,4
lipid_metabolism,4
raman_spectroscopy,4
cyclic_voltammetry,4
reaction_temperature,4
curcumin,4
macrophage,4
hydrogen_peroxide,4
antifungal_agent,4
peru,4
corticosterone,4
crystallite_size,4
electron,4
glutathione,4
biological_marker,4
colombia,4
glass_membrane_electrode,4
genetic_analysis,4
depression,4
magnetic_field,4
surface_property,4
conformation,4
actinobacteria,4
genotoxicity,3
drug_cytotoxicity,3
environmental_factor,3
neutron_diffusion_equation,3
cognitive_defect,3
extraction,3
copper,3
fossil_fuel,3
thrush,3
genetic_algorithm,3
synergistic_effect,3
nerve_cell_plasticity,3
complementary_dna,3
protein_binding,3
computer_simulation,3
dissolution,3
adenosine_triphosphate_sensitive_potassium_channel,3
coinfection,3
g_protein_coupled_receptor,3
proteobacteria,3
plant_growth,3
microbial_diversity,3
mathematical_technique,3
air_quality,3
lipopolysaccharides,3
particulate_matter,3
odontogenic_tumor,3
microbial_community,3
oxidation_reduction_state,3
drug_solubility,3
drug_determination,3
aging,3
human_immunodeficiency_virus_infected_patient,3
bat,3
pandemic,3
swift_heavy_ion_track,3
binding_affinity,3
bioinformatics,3
arsenic,3
health_risk,3
socioeconomic_factor,3
phagocytosis,3
fungal_protein,3
coronavirus_infection,3
infectious_disease,3
life_cycle_analysis,3
"pneumonia,_viral",3
reflection,3
bismuth_compound,3
response_surface_methodology,3
fluorescent_dye,3
nickel_compound,3
manganese_compound,3
biomarkers,3
extracellular_matrix,3
virus_pneumonia,3
cell_death,3
latin_america,3
peptide,3
starch_digestibility,3
mass_spectrometry,3
chemical_reactor,3
detection_method,3
microwave_antenna,3
theoretical_modeling,3
hydrogel,3
titanium_compound,3
antibiotic,3
sequencing_batch_reactor,3
alkalinity,3
antenna_array,3
slowly_digestible_starch,3
enzymatic_hydrolysis,3
multiwalled_carbon_nanotube,3
diclofenac,3
international_migration,3
model_predictive_control,3
methanol_conversion,3
zirconia,3
storage_condition,3
operational_bandwidth,3
microalga,3
algae,3
nonradiative_energy_transfer,3
thiobarbituric_acid_reactive_substance,3
sanger_sequencing,3
redox_reaction,3
morphological_property,3
tumor_marker,3
"biomarkers,_tumor",3
aspergillus,3
aspergillus_niger,3
underweight,3
methodology,3
blood_brain_barrier,3
juvenile,3
acid,3
nonlinear_system,3
blood_glucose,3
rna,3
pain,3
antibiotic_resistance,3
experimental_condition,3
high_throughput_sequencing,3
embryo,3
genetic_predisposition_to_disease,3
genetic_predisposition,3
fish,3
genetic_transcription,3
rna_extraction,3
population_density,3
phylogeography,3
"dose_response_relationship,_drug",3
hyperalgesia,3
glibenclamide,3
hydroxyl_radical,3
anode,3
saturated_fatty_acid,3
lipid,3
"cells,_cultured",3
cholesterol,3
oxidopamine,3
single_drug_dose,3
antidiabetic_activity,3
drinking_water,3
sperm,3
luminescence,3
electrodeposition,3
neurosecretory_system,3
structural_system,3
structural_stability,3
oxidation_reduction_potential,3
seismic_design,3
building_code,3
neuroendocrine_system,3
reactive_oxygen_specie,3
guerrero,3
microstructure,3
palladium_compound,3
monte_carlo_method,3
valley_of_mexico,3
ultraviolet_irradiation,3
pollution,3
energy_dispersive_spectroscopy,3
generalized_gradient_approximation,3
cerium_oxide,3
radio_system,3
atmospheric_pressure,3
swine,3
isomer,3
analgesic_agent,3
clinical_outcome,3
coprecipitation_method,3
drug_synthesis,3
spray_drying,3
sphere,3
distillation,3
indometacin,3
stoichiometry,3
proton_nuclear_magnetic_resonance,3
infrared_spectroscopy,3
ultraviolet_visible_spectroscopy,3
gelatinase_b,3
long_range_correlation,3
gas_adsorption,3
biotechnological_production,3
nanocatalysts,3
organic_carbon,3
ternary_alloy,3
electron_transport_property,3
nanocrystals,3
mathematical_analysis,3
cell_interaction,3
chemical_interaction,3
isothermal_titration_calorimetry,3
binding_site,3
metal,3
physical_activity,3
ethnology,3
viral_disease,3
enthalpy,3
monocyte,3
colony_forming_unit,3
phylogenetic_tree,3
digestion,3
chronic_disease,3
health_survey,3
qualitative_research,3
productivity,3
zinc_alloy,3
uv_light_irradiation,3
layered_double_hydroxide,3
staphylococcus_epidermidis,3
beverage,3
nucleotide_sequence,3
outpatient,3
ethnic_group,3
"rats,_sprague_dawley",3
van_der_waals_force,3
formaldehyde,3
sex_difference,3
enzyme_activation,3
dyslipidemia,3
peroxisome_proliferator_activated_receptor_alpha,3
drug_mechanism,3
peroxidase,3
electron_transport,3
ultraviolet_visible_spectrophotometry,3
low_temperature,3
dendrimers,3
epithelial_cell,3
entropy,3
attention_deficit_disorder,3
polyacrylamide_gel_electrophoresis,3
anthelmintic_agent,3
geographic_mapping,3
cancer_staging,3
calcium_compound,3
drug_screening,3
enzyme,3
proteomics,3
synthesis_and_characterization,3
acetone,3
zirconium_compound,3
non_covalent_interaction,3
peroxisome_proliferator_activated_receptor_gamma,3
nervous_system_inflammation,3
estradiol,3
superoxide,3
nuclear_magnetic_resonance_imaging,3
doping,3
dispersity,3
cytotoxicity,3
ascorbic_acid,3
"gene_expression_regulation,_neoplastic",3
sexual_behavior,3
electronic_property,3
gene_identification,3
arginine,3
testosterone,3
wave_function,3
treatment_duration,3
x_ray_photoelectron,3
silver_oxide,3
random_forest,3
damage_detection,3
predictive_analytics,3
teaching,3
health_care_disparity,3
x_ray_spectroscopy,3
chemical_stability,3
phytochemistry,3
aqueous_solution,3
brownian_movement,3
group_theory,3
morphometry,3
africa,3
atlantic_ocean,3
marriage,3
education,3
reduction,3
hexapoda,3
reservoir,3
decapoda,3
biomaterial,3
rhizopus_oryzae,3
herbicide,3
vibration,3
trajectory,3
mass_fragmentography,3
ecosystem,3
plasma,3
neoplasm,3
alkaline_phosphatase,3
allele,3
seismology,3
sleep_initiation_and_maintenance_disorder,3
insomnia,3
computational_fluid_dynamic,3
microscopy,3
electric_discharge,3
soliton,3
refractive_index,3
acrosome_reaction,3
embryology,3
geographic_distribution,3
animalia,3
polymerization,3
dichloromethane,3
antiproliferative_activity,3
antibacterial_activity,3
staphylococcus_aureus,3
follow_up_study,3
"neoplasm_recurrence,_local",3
tumor_recurrence,3
conservation_management,3
operational_condition,3
immunosuppressive_treatment,3
fungus_growth,3
enzyme_synthesis,3
multi_input_multi_output,3
quantum_theory,3
radiography,3
motion_tracking,3
heart,3
virus,3
litopenaeus_vannamei,3
gulf_of_california,3
corrosion_resistance,3
polarization,3
temperature_programmed_desorption,3
membrane,3
heavy_metal,3
dna_damage,3
spermatozoon,3
metabolic_syndrome_x,3
stiffness,3
environmental_impact,3
organic_polymer,3
milk,3
biofuel,3
swimming,3
multiobjective_optimization,3
potential_energy,3
tissue,3
bone,3
molecular_docking_simulation,3
hydrophobicity,3
diffusion_in_liquid,3
liver_protection,3
aspartate_aminotransferase,3
curriculum,3
new_approach,3
fluorine_compound,3
systolic_blood_pressure,3
waist_circumference,3
animal_behavior,3
"behavior,_animal",3
permittivity,3
cholesterol_blood_level,3
heart_failure,3
uncertainty,3
secondary_metabolism,3
iron_alloy,3
liquid_crystal,3
ultrasonics,3
oil_and_fat,3
boxbehnken_design,3
statistical_optimization,3
differential_equation,3
china,3
biodiesel,3
bleeding,3
epithelium_cell,3
cell_line,3
dissolved_oxygen,3
specie_diversity,3
specie_richness,3
marine_environment,3
learning_system,3
"sequence_analysis,_dna",3
microflora,3
microbiota,3
peroxide,3
urban_area,3
exploratory_research,3
water_purification,3
waste_water_management,3
infection_rate,3
system_stability,3
organic_loading_rate,3
"mice,_inbred_icr",3
polynomial_time,3
ecosystem_service,3
coral_reef,3
phenolic_compound,3
genomics,3
beetle,3
coleoptera,3
mexico_earthquake,3
polynomial_approximation,3
institute_for_cancer_research_mouse,3
effective_diffusion_coefficient,2
cell_component,2
lithium,2
calcium_carbonate,2
functional_change,2
thioureas,2
chemical_removal,2
degradation_rate,2
tungsten_compound,2
inflammasome,2
mouth_neoplasm,2
seed,2
plant_seed,2
growth_response,2
dibenzothiophenes,2
graph_theory,2
dairy,2
determination_coefficient,2
volatile_fatty_acid,2
solvent_accessible_surface_area,2
neurodegenerative_disease,2
radial_distribution_function,2
distribution_function,2
glycoprotein,2
functional_group,2
bacterial_dna,2
transportation,2
dynamic_programming,2
combinatorial_optimization,2
biomineralization,2
disturbance,2
growth,2
fractional_neutron_point_kinetic,2
mathematical_operator,2
higher_order,2
fibroblast,2
kinetic_energy,2
educational_attainment,2
perception,2
drug_elimination,2
penicillin_g,2
physical_examination,2
cathode_material,2
fetus_monitoring,2
information_processing,2
software,2
mechanical_system,2
mental_disease,2
ribosome_dna,2
traffic_and_transport,2
neuroimaging,2
photocatalytic_application,2
freeze_drying,2
pseudomonas_aeruginosa,2
stereomicroscopy,2
health_care_policy,2
carbon_source,2
cell_membrane_potential,2
salt,2
film,2
viscoelasticity,2
volume,2
integral_equation,2
reactor_dynamic,2
electromagnetic_wave_propagation,2
hot_temperature,2
"microscopy,_electron,_transmission",2
drug_carrier,2
nanoemulsion,2
concrete_beam_and_girder,2
repair,2
ostwald_ripening,2
renewable_energy,2
functional_material,2
railroad,2
europium_compound,2
luminescent_property,2
"dna,_ribosomal",2
"dna,_bacterial",2
environmental_microbiology,2
medical_abortion,2
misoprostol,2
abortive_agent,2
high_selectivity,2
sterol,2
polypyrroles,2
biomedical_application,2
real_time_reverse_transcription_polymerase_chain_reaction,2
epidemiological_data,2
computer_graphic_equipment,2
computer_graphic,2
boundary_value_problem,2
electric_potential,2
graphic_processing_unit,2
program_processor,2
zinc_phosphate_glass,2
calcium_oxide,2
cyclohexane,2
electromagnetic_wave,2
light_polarization,2
quasi_energy_spectrum,2
hamiltonians,2
anisotropy,2
linearly_polarized_light,2
mortality_rate,2
virus_transmission,2
scattering_matrix,2
health_behavior,2
social_isolation,2
echography,2
mifepristone,2
ultrasonography,2
protective_agent,2
global_warming,2
crystallization,2
infection_sensitivity,2
trend_study,2
cardiovascular_risk,2
dielectric_permittivities,2
thin_layer_chromatography,2
statistical_analysis,2
cancer_prognosis,2
ion_exchange,2
electrochemical_characterization,2
electrochemical_impedance_spectroscopy,2
platinum_compound,2
biodiesel_production,2
particle_size_analysis,2
mouth_infection,2
chronic_kidney_failure,2
ferroelectric_material,2
aspect_ratio,2
iterative_method,2
coronary_artery_disease,2
health_care_access,2
coronary_disease,2
protein_synthesis,2
bacterial_genome,2
glycine,2
waterfowl,2
winter,2
rural_area,2
railway,2
chlorogenic_acid,2
application_program,2
self_diffusion_coefficient,2
fungus_isolation,2
fluconazole,2
candida_albicans,2
gender,2
sensitivity_and_specificity,2
diagnostic_error,2
biogeography,2
genetic_differentiation,2
anthropogenic_effect,2
goat,2
fitness,2
skin_injury,2
antifungal_resistance,2
"candidiasis,_oral",2
energy_value,2
medical_application,2
molecular_model,2
protein_secondary_structure,2
hydrophobic_and_hydrophilic_interaction,2
womens_health,2
infection_prevention,2
insulin_release,2
experimental_diabetes_mellitus,2
"diabetes_mellitus,_experimental",2
calcium_ion,2
mrna_expression_level,2
alanine_aminotransferase,2
protein_blood_level,2
food_product,2
code,2
finite_element_method,2
wall_with_opening,2
lateral_stiffness,2
bovine_serum_albumin,2
ligand_binding,2
chemical_phenomenon,2
"protein_structure,_secondary",2
mouth_mucosa,2
hydroxymethylfurfural,2
biochemical_methane_potential,2
hexagonal_structure,2
forelimb,2
saponin,2
prosopis_laevigata,2
triterpene,2
tannin_derivative,2
spatial_memory,2
thermodynamic_equilibrium,2
critical_temperature,2
spinodal_decomposition,2
electrolyte_solution,2
design_for_testability,2
absorption_spectroscopy,2
computational_creativity,2
artificial_intelligence,2
cellulase,2
agave,2
solubilization,2
current_voltage_characteristic,2
polycyclic_aromatic_hydrocarbon,2
lateral_displacement,2
equivalent_frame,2
feature_extraction,2
solid_state_fermentation,2
fiber,2
saliva_analysis,2
nose,2
thermography,2
face,2
skin_temperature,2
enamel,2
tooth,2
time_delay,2
immunocytochemistry,2
spatial_learning,2
dietary_intake,2
blood_pressure_measurement,2
glial_fibrillary_acidic_protein,2
glycemic_control,2
self_care,2
btx_fraction,2
catalytic_performance,2
ubiquitin,2
frontal_lobe,2
nausea,2
adsorption_kinetics,2
electronegativity,2
culture_medium,2
naringenin,2
biotransformation,2
liquid_chromatography,2
vegetable,2
luteolin,2
social_network,2
chromium_steel,2
nickel_steel,2
seashore,2
coastal_zone,2
beach,2
bioactive_compound,2
biosynthetic_pathway,2
tandem_mass_spectrometry,2
bootstrapping,2
selenium,2
bacillus,2
graph_structure,2
clique_graph,2
poverty,2
social_support,2
primary_health_care,2
amelogenin,2
meta_analysis,2
lithium_ion_battery_cathode,2
metal_ion,2
fatty_acid_profile,2
linoleic_acid,2
waste_management,2
coronavirinae,2
environment,2
air_pollution,2
motion_control,2
virus_load,2
chromium_alloy,2
corrosive_effect,2
polarization_resistance,2
electrochemical_reaction,2
reference_trajectory,2
active_vibration_control,2
navigation,2
esterase,2
biomass_production,2
mean_square_displacement,2
langevin_dynamic,2
analytical_result,2
rotational_inertia,2
fetus,2
blind_source_separation,2
electrocardiography,2
electrochemical_corrosion,2
electric_machine_control,2
one_dimensional,2
touch,2
construction_industry,2
encoding,2
scheduling,2
signal_encoding,2
singular_value_decomposition,2
random_matrix_theory,2
spectral_fluctuation,2
concentration_process,2
dimensionless_number,2
different_operating_condition,2
ultrasonic_application,2
bacterial_growth,2
cyclophosphamide,2
conidium,2
hyperthermia,2
tooth_disease,2
butene,2
plant_leaf,2
proteus_mirabilis,2
total_active_reflection_coefficient,2
envelope_correlation_coefficient,2
mimo_application,2
governance_approach,2
adaptive_management,2
ecosystem_resilience,2
periurban_area,2
weakness,2
cardiorespiratory_fitness,2
diastolic_blood_pressure,2
ionization_of_gas,2
selective_recovery,2
zeolite,2
waste_component_removal,2
retention_time,2
caryophyllales,2
harmonic_analysis,2
frequency_estimation,2
real_time_estimation,2
biodiversity,2
endemic_specie,2
scarabaeinae,2
molecular_orientation,2
environmental_protection,2
aromatic_compound,2
gasoline,2
paraffin,2
mexico_[mexico_],2
ozone_formation_potential,2
naphthalene,2
anthelmintic,2
alopecia,2
erythema,2
corrosion,2
dog_disease,2
birefringent_fiber,2
optical_soliton,2
birefringence,2
nonlinear_optic,2
conjugate_gradient_method,2
signal_to_noise_ratio,2
volatile_organic_compound,2
land_use,2
cell_division,2
solid_state_reaction,2
sleep_time,2
frontal_cortex,2
geography,2
manufacturing,2
process,2
paper,2
hydrogen_sulfide,2
ellagic_acid,2
indium_compound,2
benzene,2
geometric_process,2
drug_safety,2
microencapsulation,2
biodegradable_fraction,2
waste_treatment,2
upflow_anaerobic_sludge_blanket,2
computer_model,2
wild_type,2
capillary_electrophoresis,2
enzyme_phosphorylation,2
normal_distribution,2
corrosion_resistant_coating,2
metalorganic_framework,2
mof_material,2
soft_soil,2
degree_of_freedom,2
random_variable,2
nicotiana_tabacum,2
sleep_deprivation,2
sleep_disordered_breathing,2
"sleep_apnea,_obstructive",2
emotion,2
biocompatible_material,2
biological_activity,2
spinal_cord_injury,2
long_evans_rat,2
copper_alloy,2
calcination_temperature,2
textural_property,2
equilibrium_constant,2
chemical_potential,2
temperature_dependent,2
virulence,2
anthropogenic_activity,2
endangered_specie,2
cancer_risk,2
low_risk_population,2
virus_replication,2
laplace_transforms,2
nutritional_assessment,2
anthropometric_parameter,2
cardiovascular_disease,2
tuberculosis,2
compressive_strength,2
spatial_variation,2
persistent_organic_pollutant,2
conservation,2
immune_system,2
hypocreales,2
metal_support_interaction,2
hydrodesulfurization,2
tilapia,2
cichlid,2
oxalic_acid,2
stochastic_system,2
gain_insight,2
tumor_necrosis_factor_alpha,2
edetic_acid,2
tumor_invasion,2
flow_pattern,2
nitrification,2
molecular_stability,2
"waste_disposal,_fluid",2
sulfide,2
sulfur_derivative,2
sewage,2
ammonium_derivative,2
ammonium_compound,2
morelos,2
classification_task,2
"models,_statistical",2
healthcare_disparity,2
ablation,2
photography,2
laser_ablation,2
penicillium_chrysogenum,2
electrophoresis,2
gene_expression_profiling,2
regulatory_mechanism,2
immunofluorescence_test,2
rare_earth,2
waste,2
sulfur_dioxide,2
catechin,2
season,2
trypanosoma_cruzi,2
chrysin,2
reduced_nicotinamide_adenine_dinucleotide_dehydrogenase,2
cancer_surgery,2
food_industry,2
androgen,2
epilepsy,2
coupling_strength,2
momentum_space,2
statistical_correlation,2
silver_nanoparticles,2
visible_light_irradiation,2
surface_plasmon_resonance,2
precipitation_method,2
machine_learning,2
momentum,2
oral_rehydration_therapy,2
gas,2
electroencephalography,2
"sexual_behavior,_animal",2
nanocomposites,2
ibuprofen,2
heterozygosity,2
amplicon,2
"indians,_north_american",2
velocity_profile,2
multiple_reference_frame,2
structural_frame,2
computation_theory,2
biometry,2
hepatocyte_growth_factor,2
scatter_factor,2
size_exclusion_chromatography,2
glioblastoma,2
glioblastoma_cell_line,2
estrogen_receptor,2
placebo,2
prognosis,2
impeller,2
mtt_assay,2
neoplasm_invasiveness,2
native_specie,2
gene_flow,2
evolutionary_biology,2
oncorhynchus_mykiss,2
conservation_genetics,2
feedback,2
lyapunov_method,2
boiling_water_reactor,2
levenberg_marquardt_algorithm,2
light_absorption,2
sol_gel,2
visible_light_absorption,2
indonesia,2
public_health,2
childhood_obesity,2
nanopharmaceutics,2
photon_correlation_spectroscopy,2
nanocarrier,2
hela_cell_line,2
acetylcholinesterase,2
spectro_photometric_method,2
gallic_acid,2
population_structure,2
cell_invasion,2
manganese_superoxide_dismutase,2
parkinsonian_disorder,2
dehydrogenation,2
ethane,2
antioxidant_capacity,2
enzyme_substrate,2
electrochemistry,2
parkinsonism,2
synergic_effect,2
probability_distribution,2
optical_emission_spectroscopy,2
laminectomy,2
"rats,_long_evans",2
ubiquitination,2
composite,2
anaerobic_treatment,2
phylogenetics,2
octopus_mimus,2
octopus,2
oscillator_strength,2
gene_linkage_disequilibrium,2
high_density_lipoprotein_cholesterol,2
newtonian_liquid,2
newtonian_fluid,2
oocyte_maturation,2
invasive_specie,2
copper_oxide,2
lower_temperature,2
high_temperature,2
iodine,2
randomization,2
dopamine,2
seasonal_variation,2
new_record,2
analytical_expression,2
dna_polymorphism,2
social_behavior,2
animal_distribution,2
acarus,2
animal_dispersal,2
neuroprotection,2
rat_model,2
cell_communication,2
fluorescence_intensity,2
dutasteride,2
gene_regulatory_network,2
cell_differentiation,2
carbon_nanotube,2
central_nervous_system_stimulant,2
symptom,2
central_stimulant_agent,2
school_child,2
enzyme_purification,2
slaughterhouse,2
pyrite,2
pediatric_obesity,2
nigeria,2
overweight,2
household,2
cameroon,2
lactobacillus_casei,2
survival_rate,2
bile_salt,2
habitat_use,2
photocatalytic_reaction,2
ppar_gamma,2
ppar_alpha,2
dyslipidemias,2
confocal_microscopy,2
surface_active_agent,2
radical,2
acid_base_balance,2
molecular_conformation,2
polyunsaturated_fatty_acid,2
sodium_hydroxide,2
physical_parameter,2
trace_element,2
polymer_brush,2
persistence_length,2
buffer,2
structural_design,2
"muscle,_skeletal",2
brownian_dynamic_simulation,2
position_dependent,2
toxicity_testing,2
alpha_glucosidase,2
alpha_glucosidase_inhibitor,2
alpha_glucosidases,2
material_property,2
reproducibility_of_result,2
nitrogen_oxide,2
survival,2
vulnerable_population,2
hospitalization,2
proportional_hazard_model,2
conventional_method,2
health_service,2
electric_power_utilization,2
hydrodynamic_performance,2
pancreas_islet_beta_cell,2
cell_size,2
quotient_group,2
numerical_value,2
experimental_validation,2
solar_power,2
school,2
sex_ratio,2
oral_health,2
food_intake,2
permeability,2
sulfur,2
inverse_problem,2
endothelium_cell,2
medical_history,2
observational_study,2
corrosion_inhibition,2
protective_capacity,2
electrostatics,2
corrosion_inhibition_efficiency,2
corrosion_inhibitor,2
food_control,2
bacterium_identification,2
fermented_food_and_beverage,2
coculture,2
cell_isolation,2
myeloperoxidase,2
ethnicity,2
hospital_sector,2
positive_ion,2
theoretical_approach,2
glycosylation,2
fractionation,2
reproducibility,2
emulsification_capacity,2
drug_product,2
genetic_distance,2
sleep_debt,2
endothelial_cell,2
tight_junction,2
brain_cortex,2
solubility_in_water,2
titration,2
cyclodextrin_derivative,2
sleep,2
huntington_disease,2
psychosis,2
psychotic_disorder,2
dopamine_receptor_stimulating_agent,2
spin_orbit_coupling,2
magnetic_moment,2
state_of_the_art,2
computer_network,2
sheep,2
food_microbiology,2
sensitivity_analysis,2
agro_industrial_waste,2
biotechnology,2
microorganism,2
hydrogenation,2
aluminum_alloy,2
thermostability,2
drug_isolation,2
abiotic_stress,2
skin,2
pharmacology,2
ground_water,2
water_recycling,2
phosphate,2
correlation_coefficient,2
spray_drying_process,2
process_intensification,2
purification,2
solvent_extraction,2
physiological_response,2
disease_incidence,2
huntington_chorea,2
spermatozoon_motility,2
male_fertility,2
ground_motion,2
receiver_operating_characteristic,2
estrogen_receptor_positive_breast_cancer,2
feasibility_study,2
two_phase_flow,2
electronic_band_structure,2
cognitive_system,2
nanoparticle,2
oligomers,2
analgesic,2
retinoic_acid,2
smoking,2
electron_hole_pair,2
anthocyanin,2
ethylene_glycol,2
electrochemical_deposition,2
"antigens,_neoplasm",2
markovian_process,2
design_principle,2
replica_exchange,2
melting_point,2
drop,2
physical_chemistry,2
eco_friendly,2
anion,2
pesticide,2
groundwater,2
river,2
powder_x_ray_diffraction,2
anthropometry,2
progesterone,2
seismic_performance,2
sulfamethoxazole,2
loss,2
energy_dissipation,2
electrochemical_reactor,2
markov_process,2
biogeochemistry,2
biofuels,2
crime,2
violence,2
carbohydrate,2
dark_fermentation,2
shannon_entropy,2
information_theory,2
chemical_shift,2
hydroperoxyl_radical,2
reaction_analysis,2
immunomodulation,2
oral_drug_administration,2
"administration,_oral",2
sanitation,2
south_america,2
doxorubicin,2
erbium,2
cognitive_radio_network,2
electrocatalysis,2
additive,2
administration_and_dosage,2
prebiotics,2
powder,2
hypothalamus,2
probability_density_function,2
tumor_antigen,2
fat_intake,2
cell_protection,2
triglyceride,2
substantia_nigra_par_compacta,2
nigroneostriatal_system,2
drug_activity,2
cactaceae,2
network_layer,2
wireless_network,2
analog_circuit,2
testing,2
reusability,2
fructose,2
metabolic_syndrome,2
biofilms,2
residence_time_distribution,2
drug_potentiation,2
katp_channel,2
phosphor,2
titanium_oxide,2
ruthenium_compound,2
cyclic_gmp,2
allodynia,2
cell_damage,2
cobalt_alloy,2
diffusion_controlled_growth,2
acrosome,2
spermatozoon_capacitation,2
sperm_capacitation,2
probability,2
yarrowia_lipolytica,2
cytochrome_b,2
immunoprecipitation,2
gene_silencing,2
dna_mutational_analysis,2
sensory_property,2
melting,2
chromosome,2
population_genetics,2
wastewater_treatment_plant,2
sewage_treatment_plant,2
modified_starch,2
starch_dispersion,2
estimation,2
software_engineering,2
mass_transfer,2
volume_averaging_method,2
photo_catalytic,2
hydrogen_production_rate,2
photogenerated_electron,2
mean_arterial_pressure,2
computer_science,2
carbon_nanostructures,2
geographical_distribution,2
energy_utilization,2
protein_kinase_b,2
health,2
serotonin,2
prenatal_exposure,2
prenatal_exposure_delayed_effect,2
eigenvalue_and_eigenfunctions,2
bound_states,2
italy,2
career,2
streptococcus,2
nonlinear_model_predictive_control,2
molecular_epidemiology,2
coati,2
phytotherapy,2
oxidoreductase,2
catalytic_application,2
electron_distribution,2
characterization_technique,2
photogenerated_hole,2
serotonin_transporter,2
nociception,2
serotonin_plasma_membrane_transport_protein,2
rodent,2
low_concentration,2
heat_of_vaporization,2
sex_factor,2
lifestyle,2
mammal,2
breast_cancer,2
"receptors,_g_protein_coupled",2
image_segmentation,2
encapsulation_efficiency,2
brain_function,2
hormone_release,2
placebo_effect,2
degree_of_substitution,2
bandwidth,2
biological_transport,2
transport_at_the_cellular_level,2
microstrip_antenna,2
slot_antenna,2
scenedesmus,2
greenhouse_gas,2
microalgae,2
gammaproteobacteria,2
lithium_metallography,2
adenosine_triphosphate,2
thinness,2
reinforcement_material,2
electrical_conductivity,2
haplotype,2
photocatalytic_performance,2
oxidation_and_reduction,2
cancer_growth,2
cellulose,2
starch_structure,2
photolysis,2
multiobjective_optimization_problem,2
constrained_optimization,2
data_analysis,2
electronic_structure_calculation,2
oxygen_vacancy,2
carbon_paste_electrode,2
electrochemical_behavior,2
labor_migration,2
immigrant,2
southern_europe,2
operating_cost,2
catalytic_evaluation,2
dna_methylation,2
radiator,2
microporous_material,2
population_growth,2
growth_rate,2
invertebrate,2
population_dynamic,2
fractional_bandwidth,2
mean_first_passage_time,2
shell,2
targeted_drug_delivery,2
controlled_drug_delivery,2
chlorine,2
electrochemical_process,2
organic_solid_waste,2
solid_waste,2
chemical_oxygen_demand_removal,2
scenedesmus_obtusiusculus,2
exponential_function,2
articular_cartilage,2
chondrocyte,2
proteoglycan,2
cartilage_degeneration,2
chromium,2
cadmium_chloride,2
mean_dissolution_time,2
carbamazepine,2
bioequivalence,2
phosphorylation,2
nitrogen_physisorption,2
etching,2
ftir_spectroscopy,2
fishery,2
wet_impregnation_method,2
solar_radiation,2
argentina,2
south_and_central_america,2
approximation_algorithm,2
manganese,2
osteoarthritis,2
actin,2
ether,2
evergreen_tree,2
correlation,2
drug,2
bet_surface_area,2
oleic_acid,2
lipase,2
triacylglycerol_lipase,2
quantum_confinement,2
postoperative_period,2
web_application,2
intestine_innervation,2
transforming_growth_factor_beta,2
clinical_effectiveness,2
drug_protein_binding,2
epigenetics,2
diet_supplementation,2
feeding,2
spectroscopic_analysis,2
dye,2
bayesian_network,2
virus_rna,2
solar_energy,2
optimal_control,2
solar_heating,2
quantum_yield,2
illumination,2
nuclear_reactor,2
heterozygote,2
drosophila,2
drosophila_protein,2
genetic_recombination,2
organic_solar_cell,2
organic_compound,2
charging,2
cobalt_compound,2
diet,2
body_constitution,2
lactation,2
subcutaneous_fat,2
crustacean,2
social_networking,2
prediction_model,2
timing_circuit,2
severity_of_illness_index,2
molecular_diagnosis,2
information_dispersal_algorithm,2
food_additive,2
polyacrylic_acid,2
erlotinib,2
powder_metal,2
defect,2
photoluminescence_spectroscopy,2
perovskite,2
vaccination,2
protein_purification,2
complex_formation,2
durango_[mexico],2
mapping_method,2
spatial_distribution,2
semiarid_region,2
electrochemical_oxidation,2
pollutant,2
environmental_exposure,2
body_mass_index,2
drug_dependence,2
hyperglycemia,2
ytterbium_compound,2
photon,2
penicillin_derivative,2
peroxisome,2
secretory_vesicle,2
cadmium,2
density,2
viral_protein,2
disease_treatment,2
feces,2
tablet_friability,2
metronidazole,2
penicillium,2
penicillin,2
penicillium_rubens,2
gelation,2
heart_rate,2
university_student,2
electron_transition,2
nonlinear_programming,2
predictive_control_system,2
solar_power_generation,2
control_problem,2
partial_differential_equation,2
kinesiotherapy,2
glutathione_peroxidase,2
phytochemical,2
antiretroviral_therapy,2
geriatric_assessment,2
sarcopenia,2
nursing_home,2
internet,2
hydrothermal_method,2
ribosome_rna,2
zinc_sulfide,2
engineering,2
multiplex_network,2
different_size,2
suspension_cell_culture,2
health_care_delivery,2
carrier_mobility,2
ordinary_differential_equation,2
nutrient,2
microbiome,2
greenhouse,2
metagenomics,2
plant_defense,2
hormesis,2
long_term_care,2
superoxide_dismutase,2
measurement_accuracy,2
paracetamol,2
measurement_precision,2
closed_loop_system,2
bacteroidetes,2
fabaceae,2
sequence_analysis,2
rhizosphere,2
biofilm,2
alphaproteobacteria,2
periodic_orbit,2
environmental_pollutant,2
factor_analysis,2
environmental_monitoring,2
heat_transfer_performance,2
tpa_induced_ear_edema,2
nf_kappa_b,2
mouth_tumor,2
vanadium_metallography,2
white_emission,2
it_application,2
skin_absorption,2
physical_quantity,2
protein_stability,2
hydrochloric_acid,2
activation_energy,2
wall,2
performance_level,2
age_distribution,2
cause_of_death,2
calcium,2
noise,2
mouth_disease,2
chiroptera,2
"rna,_messenger",2
dna_synthesis,2
graphic_method,2
recurrent_disease,2
mononuclear_cell,2
herbivory,2
"adaptation,_biological",2
azo_dye,2
dopaminergic_neuron,2
bench_mark_problem,2
world_health_organization,2
health_care_cost,2
hazard_assessment,2
school_building,2
dopaminergic_nerve_cell,2
betacoronavirus,2
biosorption,2
dynamical_system,2
image_analysis,2
neutron_diffusion,2
amygdala,2
boltzmann_equation,2
nuclear_fuel,2
neutron,2
micronucleus_test,2
adsorbent,2
micronucleus,2
herbivore,2
datura_stramonium,2
"immunity,_innate",2
yucatan_peninsula,2
diffusion_coefficient,2
brain_tissue,2
methionine,2
buddleja_cordata,2
protein_analysis,2
food_security,2
clinical_practice,2
graphene_oxide,2
innate_immunity,2
natural_selection,2
forestry,2
cost_function,2
levetiracetam,2
fractal_analysis,2
oxytocin,2
conditioning,2
functional_magnetic_resonance_imaging,2
erythrocyte,2
antineoplastic_agent,2
meta_analysis_a_topic,1
cell_aggregation,1
organisation_for_economic_co_operation_and_development,1
normoblast,1
cladribine,1
"micronuclei,_chromosome_defective",1
reticulocyte,1
dna_polymerase,1
brain_region,1
fear,1
slip_flow,1
volume_averaging,1
upscaling,1
reactive_transport,1
tensor,1
incompressible_newtonian_flow,1
heterogeneous_reaction,1
order_of_magnitude_estimate,1
slip,1
spatial_behavior,1
primate,1
tree,1
phenology,1
ateles_geoffroyi,1
ateles_sp.,1
foraging_efficiency,1
synaptic_transmission,1
algorithmic_problem,1
objective_function,1
vehicle_routing,1
soil_condition,1
deep_soft_soil,1
american_concrete_institute,1
earthquake_engineering,1
reconnaissance_mission,1
total_collapse,1
risk_mitigation,1
reproductive_fitness,1
solanaceae,1
genetic_selection,1
deciduous_tree,1
local_adaptation,1
minimization_problem,1
tree_cover,1
multiple_robot,1
whole_tree,1
robot,1
multi_agent_system,1
"selection,_genetic",1
local_field_potential,1
long_term_plasticity,1
long_term_depression,1
nerve_excitability,1
pilocarpine,1
dentate_gyrus,1
temporal_lobe_epilepsy,1
paired_pulse_facilitation,1
short_term_plasticity,1
pocilloporidae,1
environmental_disturbance,1
permutation_approach,1
oceanographic_condition,1
pacific_coast_[mexico],1
reef,1
structural_complexity,1
morphological_complexity,1
porites_panamensis,1
coral,1
eastern_tropical_pacific,1
community_composition,1
assembly_rule,1
tropic,1
complex_three_dimensional_structure,1
optimal_coverage,1
carbonate_precipitation,1
pacific_coast_[north_america],1
radio_interference,1
pocillopora_damicornis,1
pavona_gigantea,1
pocillopora_verrucosa,1
excitatory_postsynaptic_potential,1
hyperexcitability,1
long_term_potentiation,1
scrophulariaceae,1
hyper_parameter_space,1
hyper_parameter_optimization,1
iterated_f_race,1
genetic_programming_system,1
predictive_error,1
pocillopora_capitata,1
addiction,1
water_and_wastewater,1
sonophotocatalysis,1
analysis_technique,1
spherical_particle,1
sodium_citrate,1
metal_extraction,1
refractory_ore,1
refractory_metal,1
economic_geology,1
water_requirement,1
gold_ore_treatment,1
complex_sulfide,1
ph_adjustment,1
pre_treatment_solution,1
gold_and_silver,1
structural_element,1
construction_method,1
damage_intensity,1
universal_health_insurance,1
health_expenditure,1
degradation_kinetics,1
metallic_silver,1
symbolic_regression,1
genetic_programming,1
orexin_receptor,1
stereotactic_procedure,1
"injections,_intraventricular",1
intracerebroventricular_drug_administration,1
mesolimbic_dopaminergic_system,1
ventral_tegmentum,1
orexin_a,1
disability_adjusted_life_year,1
earthquake_event,1
building_material,1
psychostimulant_agent,1
drug_abuse,1
nerve_cell,1
lateral_hypothalamus,1
orexins,1
neuromodulation,1
dopamine_receptor,1
neuropeptide,1
orexin_b,1
orexin,1
material_quality,1
widespread_damage,1
design_and_construction_practice,1
input_data,1
through_the_wall,1
wind,1
nucleus_accumbens_shell,1
nucleus_accumbens,1
stereotaxic_technique,1
hydrocortisone,1
corticotropin,1
adrenocorticotropic_hormone,1
"palate,_soft",1
comfort_temperature,1
warm_climate,1
calcium_signaling,1
pancreas_islet_alpha_cell,1
potassium_current,1
electricity,1
plant_disease,1
photosynthesis,1
asteraceae,1
transcriptomics,1
rhizobium,1
geochemical_analysis,1
hemicellulose,1
plant_bacterium_interaction,1
rna_polymerase_ii,1
ascomycete,1
chaperonin,1
plant_root,1
inside_temperature,1
meteorological_variable,1
roof,1
thermal_performance,1
syphilis,1
soft_palate,1
averaging_theory,1
application,1
second_order_differential_equation,1
second_order_ordinary_differential_equation,1
periodic_solution,1
inventory_control,1
output_feedback_control,1
closed_loop_stability,1
state_feedback,1
chemical_reactor_engineering,1
tubular_reactor,1
flavobacterium,1
betaproteobacteria,1
domesticated_plant,1
"physical_conditioning,_animal",1
sitting,1
gastrocnemius_muscle,1
adaptive_controller,1
jacket_temperature,1
nonlinear_feedback,1
glass_fiber,1
pyroxylin,1
acetylsalicylic_acid,1
caffeine,1
pleiotropy,1
lean_body_weight,1
plant_pathogen_interaction,1
soil_microflora,1
symbiosis,1
tomato,1
performance_study,1
antibiotic_drug,1
carcinogenics,1
antifungal_activity,1
alternative_medicine,1
antifungal_therapy,1
photodynamic_therapy,1
wind_farm,1
hormone,1
frugivory,1
hand_strength,1
high_risk_behavior,1
mouth_hygiene,1
muscle_function,1
grip_strength,1
treadmill_exercise,1
secondary_structure,1
green_pea_flour,1
relative_crystallinity,1
plant,1
drying_temperature,1
substance_related_disorder,1
health_risk_behavior,1
cell_vacuole,1
micropexophagy,1
cytosol,1
kinetic_study,1
batch_study,1
fentons_process,1
process_kinetics,1
process_performance,1
kinetic_model,1
polymeric_complex_method,1
crystal_structure,1
autophagy,1
macropexophagy,1
vacuole,1
metabolic_network_and_pathway,1
tonoplast,1
peroxisomes,1
pexophagy,1
synthesis_condition,1
polymeric_substrate,1
strontium_titanates,1
ligand_to_metal_charge_transfer,1
property_of_the_powder,1
protein_digestibility,1
drying,1
attenuated_total_reflectance,1
light_related_phenomenon,1
antigenicity,1
hamster,1
screening,1
lethal_dose,1
type_iii_secretion_system,1
leptospira_interrogans,1
gspd_gene,1
secretin,1
leptospira,1
integrated_intensity,1
optical_band_gap_energy,1
photoluminescence_emission,1
diffuse_reflectance_spectrum,1
solar_cell,1
design_and_analysis,1
stability_and_convergence,1
indanone_derivative,1
difluoroboron_beta_diketonate,1
photophysical_property,1
energy_absorption,1
organoboron_derivative,1
microfibers,1
solution_concentration,1
carbonization,1
bet_specific_surface_area,1
carbonization_temperature,1
polyacrylonitrile,1
soybean_oil,1
fatty_acid_methyl_ester,1
synthetic_fuel,1
electromagnetic_spectrum,1
state_of_charge_estimation,1
"recombination,_genetic",1
hybridization,1
reproductive_isolation,1
chromosome_mapping,1
chromosomal_mapping,1
infertility,1
"hybridization,_genetic",1
efficient_numerical_scheme,1
finite_difference_method,1
radioactive_decay_constant,1
fractional_derivative,1
neutron_flux,1
fractional_order_derivative,1
numerical_experiment,1
state_estimation,1
kalman_filter,1
state_of_charge,1
battery_management_system,1
transesterification_reaction,1
inhibitor_concentration,1
quinazoline_derivative,1
hydrodynamic_condition,1
absorption_co_efficient,1
organic_photovoltaic_device,1
conducting_polymer,1
metal_carbene_complex,1
scanning_electronic_microscopy,1
space_charge_limited_current,1
photovoltaic_effect,1
carrier_transport,1
hydroxynitrile_lyases,1
catalyzed_synthesis,1
aldehyde,1
van_der_waals_volume,1
atomic_polarizability,1
birth,1
postpartum_period,1
puerperium,1
extended_state_observer,1
interpolating_polynomial,1
non_linear_relationship,1
open_circuit_voltage,1
performance_index,1
piecewise_linearization,1
two_term_control_system,1
proportional_integral,1
excipient_compatibility,1
parturition,1
soil_microbiology,1
carp,1
peptide_hydrolases,1
salt_tolerance,1
esterases,1
peptide_hydrolase,1
dehydration,1
substituted_benzaldehydes,1
enantiomeric_excess,1
agricultural_chemical,1
enantioselective_addition,1
pouteria_sapota,1
molecular_descriptor,1
agrochemical,1
nanoparticle_synthesis,1
solid_state_nuclear_magnetic_resonance,1
phosphoric_acid,1
grafting,1
micro_porous_structure,1
halloysite,1
thermal_regime,1
thermal_characterization,1
ranitidine,1
tablet_disintegration_time,1
tacrolimus,1
propranolol,1
drug_penetration,1
response_surface_method,1
tablet_hardness,1
drug_dosage_form,1
invertebrata,1
different_distribution,1
nanoreactors,1
value_added_chemical,1
mesoporous,1
molar_proportion,1
catalytic_test,1
glycerol,1
continuous_flow,1
nonionic_surfactant,1
redox_site,1
fixed_bed_reactor,1
smegmamorpha,1
microchemistry,1
selective_functionalization,1
kaolinite,1
mineralogy,1
contaminant_degradation,1
photochemical_method,1
rotifera,1
fuel_cell,1
otolithic_membrane,1
hydrogel_nanoparticles,1
quantitative_description,1
dynamical_density_functional_theory,1
fitting_parameter,1
feeding_structure,1
zooplankton,1
moina_macrocopa,1
simocephalus_mixtus,1
brachionus_angularis,1
moina,1
surface_current,1
methanotrophic_bacteria,1
halomonas,1
pseudofulvimonas,1
luteimonas,1
hyphomicrobium_sp.,1
methylophaga,1
bio_hydrogen,1
hydraulic_retention_time,1
bio_hydrogen_production,1
particulate_material,1
surface_analysis,1
reactive_radical,1
degradation_pathway,1
oxidation_potential,1
uv_c_irradiation,1
methylotrophic_bacterium,1
greenhouse_effect,1
rhodobacteraceae,1
methanogenesis,1
hyphomicrobium,1
methane_concentration,1
balneolaceae,1
antenna_lobe,1
spontaneous_emission,1
surface_propagation,1
antenna_feeder,1
uniplanar_compact_photonic_bandgap,1
radiation_efficiency,1
electromagnetic_dispersion,1
photonic_band_gap_structure,1
optical_resonator,1
pyrosequencing,1
diplorickettsiaceae,1
biomass_ratio,1
gemmatimonadetes,1
xanthomonadaceae,1
chlamydiae,1
microcosm,1
methanotrophy,1
parachlamydiaceae,1
biodegradation_rate,1
alishewanella,1
methylomicrobium,1
coculture_technique,1
methylocystaceae,1
bacterial_rna,1
greenhouse_gas_mitigation,1
argipressin,1
oxyphotobacteria,1
alkaline_environment,1
methanotrophic_bacterium,1
inorganic_carbon,1
longimicrobiaceae,1
carbon_uptake,1
multilayers,1
white_light_generation,1
inokuti_hirayama_model,1
excitation_and_emission_spectrum,1
electric_dipole_dipole_interaction,1
aluminum_metallography,1
white_light_emitting_diode,1
spectroscopic_evaluation,1
methylocystis,1
disease_outbreak,1
nasua_narica,1
cellular_immunity,1
canine_distemper,1
work_experience,1
permanent_employment,1
semi_structured_interview,1
job_market,1
arginine_vasopressin,1
"encephalomyelitis,_autoimmune,_experimental",1
cell_membrane_permeability,1
vasopressin_receptor,1
"rats,_inbred_lew",1
lewis_rat,1
experimental_autoimmune_encephalomyelitis,1
"receptors,_vasopressin",1
distemper,1
tropical_climate,1
"immunity,_humoral",1
humoral_immunity,1
antibody_titer,1
procyonidae,1
summer,1
epidemiological_monitoring,1
"immunity,_cellular",1
tropic_climate,1
canine_distemper_virus,1
erythrocyte_count,1
neotropics,1
"distemper_virus,_canine",1
monocyte_count,1
"animals,_wild",1
vitreoscilla,1
microtubule_associated_protein,1
cucurbita,1
squash,1
wild_animal,1
raccoon,1
virus_neutralization,1
zinc_metallography,1
two_stage_anaerobic_digestion,1
poor_performance,1
controlled_variable,1
closed_loop_performance,1
systematic_methodology,1
non_linear_model,1
anaerobic_digester,1
alkali,1
chromatin_immunoprecipitation_sequencing,1
plasmid,1
polycomb_group_protein,1
histone_lysine_methyltransferase,1
rna_dna_strand_exchange,1
"adaptation,_physiological",1
respiratory_chain,1
"gene_expression_regulation,_bacterial",1
reca_protein,1
oxoglutarate_dehydrogenase,1
hemoprotein,1
"vgb_protein,_bacteria",1
dna_binding_protein,1
rec_a_recombinases,1
escherichia_coli_protein,1
acetic_acid,1
tuberin,1
intellectual_disability,1
intellectual_impairment,1
gel_mobility_shift_assay,1
rna_synthesis,1
rna_strand_exchange_assay,1
isotope_labeling,1
"embryo,_nonmammalian",1
"feo_protein,_drosophila",1
histone_lysine_n_methyltransferase,1
nonmammalian_embryo,1
nucleic_acid_analysis,1
fly,1
filter_binding_assay,1
cryoelectron_microscopy,1
incubation_time,1
hemeproteins,1
chain_code,1
frozen_water,1
ice,1
sensory_perception,1
texture_property,1
glass_transition,1
thermal,1
textural_and_thermal_correlation,1
ice_cream,1
ice_cream_agave_fructan_sensory,1
fat_and_sugar_replacers,1
thermal_correlation,1
agave_fructans,1
genetic_association_study,1
tuberous_sclerosis,1
flow_distributor,1
maximum_velocity,1
microsatellite_dna,1
"dna,_mitochondrial",1
"genetics,_population",1
microsatellite_repeat,1
mitochondrial_dna,1
citric_acid_cycle,1
tricarboxylic_acid,1
glucose_oxidation,1
"reca_protein,_e_coli",1
transcriptome,1
truncated_hemoglobin,1
"hemoglobin_protein,_vitreoscilla",1
hemoglobin,1
glyoxylic_acid,1
membrane_aerated_biofilm_reactor,1
transport_phenomenon,1
flow_control,1
simple_operation,1
rotational_symmetry,1
pattern_recognition,1
invariant_property,1
public_database,1
amylolysis,1
estimation_of_parameter,1
least_square_problem,1
numerical_solution,1
first_order_kinetics,1
chemisorbed_oxygen,1
mass_transfer_simulation,1
reactor_performance,1
antiallodynic_activity,1
reaction_mechanism,1
nacl_concentration,1
thermodynamic_information,1
iridium_compound,1
oxygen_evolution_reaction,1
differential_electrochemical_mass_spectroscopy,1
surface_reaction,1
down_conversion,1
luminescence_spectrum,1
associated_electronics,1
hafnium_oxide,1
n_nitroarginine_methyl_ester,1
von_frey_test,1
drug_synergism,1
sewage_treatment,1
visible_spectrum,1
stenocereus_stellatus_extract,1
hierarchical_clustering,1
support_vector_machine_classifier,1
stenocereus_stellatus,1
pharmacological_property,1
genetic_basis,1
isobolographic_analysis,1
tactile_allodynia,1
mechanical_hyperalgesia,1
quinoxaline_derivative,1
levodopa,1
celecoxib,1
metabolic_activation,1
brain_damage,1
antihyperalgesic_activity,1
earthquake_ground_motion,1
severe_earthquake,1
motion_estimation,1
pue_attack,1
cellular_telephone,1
dynamic_spectrum_allocation,1
mobile_phone_base_station,1
radio_receiver,1
software_radio,1
location,1
primary_user_emulation_attack,1
radio,1
chemical_characterization,1
betalain,1
liquid_sample,1
drought,1
primary_user,1
software_testing,1
information_analysis,1
software_defined_radio,1
cross_layer_design,1
mobile_security,1
diffractograms,1
solvent_evaporation_technique,1
oxide_phosphor,1
luminescence_emission,1
green_emission,1
buckling,1
structure_performance,1
experimental_technique,1
experimental_program,1
structure_modeling,1
estrous_cycle,1
estrus_cycle,1
safety,1
dairy_product,1
inulin,1
delayed_release_formulation,1
delayed_action_preparation,1
bifidobacterium,1
prebiotic_agent,1
specific_substrate,1
metallic_film,1
co_electrodeposition,1
deposition_potential,1
carbon_film,1
controlled_deposition,1
potential_condition,1
concrete,1
shear_wall,1
data_gathering_and_analysis,1
concrete_shear_wall,1
concrete_building,1
reconstruction_program,1
building_performance,1
hydraulic_structure,1
buckling_restrained_brace,1
luteinizing_hormone,1
kisspeptins,1
gonadorelin,1
"infertility,_female",1
female_infertility,1
kisspeptin,1
gonadotropin_releasing_hormone,1
birth_death_process,1
chlorine_concentration,1
moment_resisting_steel_frame,1
historic_preservation,1
strong_earthquake_record,1
steel_construction,1
hysteretic_energy_dissipation,1
architectural_design,1
design_strategy,1
parametric_study,1
hysteresis,1
building_property,1
global_strategy,1
oxidizing_potential,1
chloride_concentration,1
masonry,1
earthquake_effect,1
peak_acceleration,1
focal_mechanism,1
faulting,1
earthquake_swarm,1
fluid_phase,1
two_dimension,1
local_symmetry,1
two_dimensional_system,1
orientational_order,1
hexatic_phase,1
melting_process,1
teletraffic_analysis,1
spectrum_utilization,1
exponential_growth,1
wireless_communication,1
hazard,1
peak_ground_acceleration,1
topographic_site_effect,1
amplification,1
earthquake_intensity,1
resilient_design,1
physical_and_chemical_property,1
photocatalytic_property,1
phosphate_anion,1
recombination_frequency,1
impregnation_method,1
broadband_amplification,1
seismic_instrumentation,1
crustal_structure,1
earthquake_recurrence,1
crustal_earthquake,1
frequency_analysis,1
viscosity,1
superficial_gas_velocity,1
viscosity_of_liquid,1
vertical_slug_flow,1
statistical_parameter,1
progesterone_receptor,1
predictiveness_curve,1
skewed_normal_distribution,1
non_gaussian_marker,1
copula_modeling,1
gaussian_copula,1
progesterone_receptor_gene,1
normal_fault,1
site_amplification,1
empirical_green_function,1
pipe_flow,1
dimensional_analysis,1
superficial_liquid_velocity,1
froude_number,1
modified_froude_number,1
uv_irradiation,1
negative_ion,1
local_density_approximation,1
spin_polarized_state,1
exchange_correlation,1
surface_magnetism,1
vanadium,1
tungsten,1
hybrid_functional,1
full_potential_linearized_augmented_plane_wave,1
inverse_relationship,1
sugar_industry,1
profitability,1
reactive_distillation,1
design_and_evaluation,1
matlab,1
design,1
electrodialysis_membrane,1
techno_economic_assessment,1
liquid_sugar,1
electrodialysis,1
whey_protein_isolate,1
protease,1
spherical_aggregate,1
thermal_modification,1
granulation,1
protease_treatment,1
adhesive,1
hi_maize,1
semolina_pasta,1
separation_and_purification_technology,1
downstream_processing,1
distillery,1
dialysis_membrane,1
strong_localization,1
drug_design,1
dopamine_agent,1
stoma,1
rootstock,1
citrus_latifolia,1
citrus_aurantium,1
bioproducts,1
operational_expenditure,1
cuticle,1
fruit_production,1
citrus,1
citrus_limon,1
citrus_aurantiifolia,1
organic_acid,1
citroncirus_webberi,1
mononuclear_specie,1
titrimetry,1
information_system,1
traversing_cost,1
windy_postman_problem,1
cost_structure,1
heavy_snowfall,1
whole_unripe_plantain_flour,1
dietary_fiber,1
intensive_care_unit,1
capillary_wall,1
brain_pericyte,1
structural_characterization,1
copper_complex,1
entropic_contribution,1
electron_spin_resonance_spectroscopy,1
structural_evidence,1
zinc_complex,1
electron_spin_resonance,1
isolation_procedure,1
pericytes,1
pericyte,1
microvasculature,1
tight_junction_protein,1
platelet_derived_growth_factor_beta_receptor,1
protein_processing,1
ex_vivo_study,1
"lupus_erythematosus,_systemic",1
ubiquitins,1
extracellular_trap,1
ultraviolet_spectrophotometry,1
anti_inflammatory_drug,1
thermodynamic_parameter,1
inhibition_kinetics,1
dispersion_corrected_density_functional,1
physisorption,1
birth_rate,1
census,1
mortality_risk,1
vulnerability,1
hospital_patient,1
antilipemic_agent,1
gene_control,1
"myoblasts,_skeletal",1
oleanolic_acid,1
adipocyte,1
high_conversion,1
photocatalytic_oxidation,1
functionalizations,1
amide_functional_group,1
cyanide,1
ft_ir_and_raman,1
prognostic_assessment,1
hospital_mortality,1
indigenous_people,1
live_birth,1
dendritic_cell,1
coefficient_of_restitution,1
organic_inorganic_hybrid,1
microwave_material_processing,1
textural_feature,1
organic_inorganic_material,1
microwave_assisted,1
hypolipidemic_agent,1
protein_transport,1
"pparg_protein,_mouse",1
skeletal_myoblast,1
"ppara_protein,_mouse",1
reverse_transcription_polymerase_chain_reaction,1
lipid_storage,1
adipocytes,1
lipid_degradation,1
energy_expenditure,1
imidazole,1
surfactant_removal,1
energy_conservation,1
high_temperature_calcination,1
microwave_processing,1
porosity,1
systemic_lupus_erythematosus,1
conformational_transition,1
gravity,1
material_science,1
velocity_distribution,1
granular_dynamic,1
acceleration_due_to_gravity,1
acceleration,1
granular_particle,1
particle_number,1
drug_quality,1
dissolution_efficiency,1
generic_drug,1
uniformity,1
laminar_flow,1
lepidine_c,1
pka,1
hydroxyl_group,1
scavenger,1
imidazole_derivative,1
lepidine_e,1
lepidine_a,1
adiabaticity,1
lepidine_d,1
lepidine_b,1
ionization,1
ball_search_field_task,1
behavior_assessment,1
psychomotor_performance,1
attention_deficit_disorder_with_hyperactivity,1
potassium_dihydrogen_phosphate,1
linearity,1
horizontal_velocity_component,1
polydisperse_polymer,1
interpretation_of_experiment,1
translational_entropy,1
force_spectroscopy,1
ellipsometry_measurement,1
aqueous_bicarbonate,1
basalt,1
carbon_sequestration,1
flow_through_cell_method,1
mineral_composition,1
competitive_inhibition,1
detoxification_mechanism,1
docking_simulation,1
carboxy_terminal_sequence,1
enamine,1
transferase_inhibitor,1
amino_terminal_sequence,1
virtual_screening,1
glutathione_transferase,1
electrophilicity,1
electrophilic_site,1
electrophilic_substrate,1
detoxification,1
methylphenidate,1
intelligence_quotient,1
dicotyledon,1
arecaceae,1
tenuipalpidae,1
starvation,1
enzymatic_assay,1
taenia_solium,1
non_sterile_condition,1
clay,1
mineral_transformation,1
bicarbonate,1
carbon_dioxide_process,1
continental_flood_basalt,1
ediacaran,1
mineral_industry,1
headspace_concentration,1
clay_mineral,1
octahedral_coordination,1
impregnation,1
air_atmosphere,1
zingiberaceae,1
carbenoxolone,1
oocyte_vitrification,1
gap_junction,1
cryoprotective_agent,1
cumulus_oophorus,1
microvillus,1
substantia_nigra,1
mite,1
host_plant,1
musaceae,1
dispersal,1
heliconiaceae,1
statistical_significance,1
heat_transfer_mechanism,1
fluorometric_detection,1
specific_interaction,1
molecule_adsorption,1
fluorescent_property,1
radioactivity,1
estradiol_benzoate,1
phospholipid_hydroperoxide_glutathione_peroxidase,1
neuroprotective_agent,1
corpus_striatum,1
random_allocation,1
glutathione_reductase,1
electrostatic_contribution,1
electrostatic_potential,1
basic_site,1
harmonic_interaction,1
repulsive_potential,1
interaction_information,1
rigorous_methodology,1
interactomics,1
circling_behavior,1
in_situ_formation,1
trolox_c,1
standard_solution,1
antioxidant_molecule,1
packed_bed_reactor,1
oxidative_dehydrogenation_reaction,1
oxidative_dehydrogenation_of_ethane,1
packed_bed,1
thermodynamic_consistency,1
heat_transport,1
baja_california,1
assessment_method,1
red_wine,1
trolox_equivalent_antioxidant_capacity,1
electrochemical_method,1
coffee,1
xanthine_oxidase,1
environmental_temperature,1
hypoxanthine,1
wine,1
tea,1
macrogol,1
ag_cell_line,1
gold_nanoparticle,1
cisplatin,1
indistinguishability,1
photobioreactors,1
negative_coefficient,1
temperature_change,1
lyapunov_exponent,1
reduced_order_model,1
nonlinear_stability_analysis,1
stability_region,1
reactivity_feedback,1
oncorhynchus_mykiss_nelsoni,1
salmonidae,1
oncorhynchus_chrysogaster,1
subspecies,1
sierra_madre_[mexico],1
sierra_madre_occidental,1
salmonid,1
conservation_status,1
computational_resource,1
many_body_technique,1
computational_chemistry,1
complex_transformation,1
cheminformatics,1
computational_power,1
photobioreactor,1
medial_prefrontal_cortex,1
sexual_maturation,1
latent_period,1
puberty,1
testosterone_blood_level,1
basolateral_amygdala,1
theta_rhythm,1
green_alga,1
gas_flow,1
three_body_interaction,1
mutual_information,1
correlation_measure,1
synergistic_interaction,1
three_body_potential,1
anticonvulsive_agent,1
pharmacogenomic_variant,1
breast_cancer_resistance_protein,1
pharmacogenetic_variant,1
mestizo,1
drug_blood_level,1
valproic_acid,1
scanning_and_transmission_electron_microscopy,1
material_process,1
current_capability,1
computing_technology,1
nitrite_oxidizing_bacteria,1
nitrifying_bacterium,1
nitrite_oxidizing_activity,1
structural_characteristic,1
earthquake_observation,1
prediction_accuracy,1
civil_engineering_student,1
building_assessment,1
sulfide_concentration,1
sludge,1
ammonium_oxidizing_bacteria,1
dmf_index,1
superoxide_anion_radical,1
anticonvulsant,1
lamotrigine,1
genotyping_technique,1
alloying_component,1
plate_metal,1
extreme_equilibrium,1
stability_condition,1
alloying_element,1
pipeline_failure,1
metabolic_adaptation,1
community_dynamic,1
ammonia_oxidizing_bacterium,1
microbial_activity,1
microbial_population_dynamic,1
microbial_consortium,1
bacterial_population,1
nitrate,1
nitric_acid_derivative,1
nitrite,1
prescription,1
barthel_index,1
internal_cavity,1
metallurgy,1
recording_station,1
damage_prediction_model,1
curve_carapace_length,1
linear_correlation,1
lepidochelys,1
turtle,1
sea_turtle,1
testudo,1
operation_condition,1
crack_propagation,1
metallurgical_process,1
mechanical_problem,1
kidney_failure,1
fluoxetine,1
depression_assessment,1
polypharmacy,1
functional_status_assessment,1
length_of_stay,1
physical_disability,1
thyroid_disease,1
physical_functional_performance,1
sertraline,1
nutrition_assessment,1
"statistics,_nonparametric",1
rheumatic_disease,1
geriatric_depression_scale,1
logistic_model,1
nursing_home_patient,1
dimensional_accuracy,1
manufacture,1
cylindrical_structure,1
honeycomb_structure,1
orthogonal_structure,1
proof_of_concept,1
takayasu_arteritis,1
tumor_necrosis_factor_inhibitor,1
aortic_arch_syndrome,1
proof_of_concept_study,1
infliximab,1
prescription_drug,1
home_for_the_aged,1
paroxetine,1
nonparametric_test,1
charlson_comorbidity_index,1
reynolds_number,1
flow_of_fluid,1
penalization_method,1
navier_stokes_equation,1
effective_medium,1
direct_numerical_simulation,1
stokes_equation,1
effective_medium_model,1
porous_medium_system,1
two_dimensional_incompressible_flow,1
different_pore_size,1
wollastonite,1
silicate_mineral,1
compression_testing,1
robocasting,1
manufacturing_technique,1
limited_distribution,1
insecticide,1
catalyst_surface,1
heat_treatment,1
surface_segregation,1
medium_strength,1
transesterification,1
ldhs,1
hydrotalcite_type,1
pitched_blade_turbine,1
hydrodynamic_behavior,1
system_improvement,1
hexavalent_chromium_removal,1
electroplating_industry,1
hydraulic_motor,1
electroplating_shop,1
error_compensation,1
differential_flatness,1
taylor_polynomial,1
dynamic_vibration_absorber,1
trajectory_tracking,1
lindane,1
aldrin,1
heptachlor_epoxide,1
polychlorinated_biphenyls,1
curve_carapace_width,1
chlorphenotane,1
atrazine,1
dde,1
alpha_hexachlorocyclohexane,1
blood_level,1
pcb,1
tetracycline,1
sulfonamide,1
fimh_gene,1
cervix_uterus,1
beta_lactam_antibiotic,1
chloramphenicol,1
qnra_gene,1
kinetic_rate_constant,1
triatomic_molecule,1
good_correlation,1
transference,1
grand_canonical_ensemble,1
electronic_charge,1
charge_transfer_model,1
hydration,1
fractional_charge,1
papc_gene,1
bacterial_virulence,1
bacterial_gene,1
aacii_gene,1
multiplex_polymerase_chain_reaction,1
aminoglycoside_antibiotic_agent,1
vaginitis,1
ompt_gene,1
iron_gene,1
"drug_resistance,_microbial",1
kpsmtii_gene,1
virulence_factor,1
bacterium_isolation,1
vaginal,1
tem_gene,1
trimethoprim,1
tumor_virus,1
acquired_immune_deficiency_syndrome,1
quinoline_derived_antiinfective_agent,1
uterine_cervix,1
hexachlorobenzene,1
tamaulipas,1
heptachlor,1
cheloniidae,1
endosulfan,1
statistically_significant_difference,1
organochlorine_pesticide,1
lepidochelys_kempii,1
europe,1
ultrasound_assisted_extraction,1
"transcription,_genetic",1
pathogenic_escherichia_coli,1
antiretrovirus_agent,1
cancer_screening,1
herpesviridae,1
mouth_cancer,1
clinical_research,1
oropharynx_cancer,1
papillomaviridae,1
herpes_virus_infection,1
head_and_neck_cancer,1
virus_infection,1
periodontal_disease,1
wart_virus,1
anti_retroviral_agent,1
opportunistic_infection,1
mouth_inflammation,1
periodontitis,1
projected_normal,1
slice_sampler,1
label_switching,1
scientific_discipline,1
posterior_probability,1
phosphorus,1
k_ra_protein,1
jaw_tumor,1
mitogen_activated_protein_kinase,1
"kras_protein,_human",1
jaw,1
parathyroid_hormone,1
secondary_hyperparathyroidism,1
jaw_neoplasm,1
mapk_signaling,1
hyperparathyroidism,1
corrosive_condition,1
epoxy_resin,1
meat,1
variable_torque,1
velocity_control,1
surface_permanent_magnet_synchronous_motor,1
motion_analysis,1
permanent_magnet_synchronous_motor,1
permanent_magnet,1
dynamic_output_feedback_control,1
synchronous_motor,1
parametric_uncertainty,1
feedback_control,1
reversible_jump,1
bayesian_mixture_model,1
performance_comparison,1
co_products,1
sausage,1
thermal_processing,1
symbiotic,1
gel,1
polychlorinated_biphenyl,1
planning,1
differential_model,1
decentralised,1
socio_economic_development,1
time_lag,1
infection_process,1
chemical_bonding,1
functionalized,1
adhesion,1
corrosion_performance,1
organic_fraction,1
tanks_in_series_model,1
municipal_solid_waste,1
axial_dispersion_model,1
up_flow_anaerobic_sludge_blanket_reactor,1
liquefied_gas,1
multiple_parameter,1
residence_time_distribution_curve,1
band_gap_energy,1
aluminum_oxide_matrix,1
sol___gel_synthesis,1
semiconductor_material,1
short_reaction_time,1
activated_alumina,1
neodymium_compound,1
moisture,1
isoxazole_derivative,1
visual_analog_scale,1
macrolide,1
isoxazoles,1
pustule,1
animal_scale,1
sarcoptes_scabiei,1
comedo,1
papule,1
skin_defect,1
macrolides,1
sarcoptic_mange,1
afoxolaner_plus_milbemycin_oxime,1
pruritus,1
tracer,1
radioactive_tracer,1
disease_assessment,1
scabies,1
milbemycin_oxime,1
epoxy_resin_substrate,1
functionalized_resin,1
anti_corrosive_coating,1
condensation_reaction,1
copper_corrosion,1
computational_cost,1
first_principle_model,1
theoretical_equation,1
specific_capacity,1
transport_parameter,1
electrode_composition,1
electrochemical_modeling,1
naphthalene_derivative,1
digital_image,1
digital_image_storage,1
secret_message,1
secret_image,1
scaled_conjugate_gradient,1
peak_signal_to_noise_ratio,1
computation_time,1
network_architecture,1
capacity_limitation,1
sensitive_information,1
cubic_law,1
function_expansion,1
nonlinear_refractive_index,1
integrability,1
non_linear_medium,1
afoxolaner,1
urban_population,1
atlantic_forest,1
mean_square_error,1
cathode_composition,1
hydrated_lime,1
calcium_fluoride,1
molecular_organization,1
microstructural_change,1
x_ray_photoelectron_spectrometry,1
calcium_carbide,1
cross_linking_structure,1
optical_micrographs,1
untreated_control,1
attenuated_total_reflection_fourier_transform_infrared,1
light_duty_gasoline_vehicle,1
steganography,1
hexane,1
urtica_urens,1
shigella_flexneri,1
minimum_inhibitory_concentration,1
heteroarylation,1
catalyst_addition,1
crystal_orientation,1
novel_strategy,1
power_conversion_efficiency,1
crystalline_arrangement,1
bhj_solar_cell,1
abundance,1
paraiba,1
joao_pessoa,1
neotropical_region,1
urbanization,1
salmonella_enterica_serovar_typhimurium,1
colchicine,1
dimethyl_sulfoxide,1
urtica,1
tunnel_emission,1
traffic_emission,1
reactive_specie,1
tunnel,1
light_weight_vehicle,1
reactivity_estimation,1
ozone_formation,1
exhaust_emission,1
velocity_measurement,1
antianemic_agent,1
bacillus_subtilis,1
urtica_urens_extract,1
methylprednisolone,1
fusarium,1
national_park,1
questionnaire_survey,1
local_participation,1
iztaccihuatl,1
community_resource_management,1
popocatepetl,1
surface_current_distribution,1
mimo_antenna,1
different_substrate,1
port_isolation,1
ultra_wideband,1
hematopoiesis,1
salmonella_enterica_serovar_typhi,1
antiinfective_agent,1
fusariosis,1
mixed_infection,1
cornea_injury,1
propidium_iodide,1
fusarium_falciforme,1
immunocompromised_patient,1
keratomycosis,1
ultrasonic_frequency,1
velocity_component,1
specific_power_consumption,1
fluid_dynamic,1
particle_image_velocimetries,1
liquid_fermentation_condition,1
axenic_culture,1
fusarium_culmorum,1
phthalic_acid,1
x_chromosome_inactivation,1
respiratory_tract_infection,1
recurrent_infection,1
hypotrichosis,1
dry_eye,1
eda_gene,1
morphotype,1
puntius_tetrazona,1
fish_culture,1
cyprinid,1
immunocompromised_host,1
keratitis,1
cornea,1
bacterial_keratitis,1
staphylococcus_aureus_infection,1
disease_predisposition,1
langevin_formalism,1
moment_of_inertia,1
diastema,1
conjunctivitis,1
penetrance,1
clinical_assessment,1
enzyme_degradation,1
phthalic_acid_bi_ester,1
zymography,1
comparative_analysis,1
vibration_control,1
squirrel_cage_motor,1
magnetic_flux,1
hypodontia,1
anhidrosis,1
hypohidrotic_ectodermal_dysplasia,1
method_of_delay,1
qrs_complex,1
fetal_electrocardiogram,1
statistical_difference,1
spatial_information,1
geodesy,1
planar_three_body_problem,1
numerical_exploration,1
finite_group,1
three_body_problem,1
jacobi_maupertui_metric,1
geodesic_billiard,1
%_reduction,1
poincare_map,1
inertial_effect,1
satellite,1
classifier,1
temporal_dynamic,1
rr_interval,1
automatic_classifier,1
fetal_heart_rate,1
preliminary_data,1
harmonic_vibration,1
vibration_attenuation,1
vibration_analysis,1
squirrel_cage_induction_motor,1
passivity_based_control,1
corrosion_mechanism,1
electrochemical_parameter,1
boriding,1
neutral_aqueous_solution,1
fetus_electrocardiography,1
mutation_rate,1
hepatitis_b_virus,1
s_gene,1
occult_hepatitis_b_virus_infection,1
hepatitis_b,1
hepatitis_b_surface_antigen,1
viral_load,1
virus_pathogenesis,1
virus_detection,1
virus_gene,1
isostructural,1
low_order,1
lithium_battery,1
lithium/sulfur_battery,1
polysulfides,1
neonatal_monitoring,1
natural_resource,1
environmental_management,1
extreme_weather_event,1
microplastic,1
environmental_service,1
steel_fiber,1
sodium_sulfate,1
potentiodynamic_polarization_technique,1
sodium_alloy,1
molybdenum_steel,1
crystallographic_texture,1
vanadium_steel,1
shrimp_culture,1
shrimp_white_spot_syndrome_virus,1
fishery_management,1
mutational_analysis,1
clinical_evaluation,1
malonyl_coenzyme_a,1
yarrowia,1
hydroxylation,1
bioconversion_process,1
ampelopsin,1
apigenin,1
taxifolin,1
whole_cell,1
marine_pollution,1
mean_concentration,1
plastic_waste,1
caribbean_sea,1
weather,1
marine_waste,1
systematic_method,1
commercial_production,1
abts_radical_scavenging_assay,1
borides,1
corrosion_behavior,1
adsorption_isotherm_model,1
textural_characteristic,1
bird,1
chromium_metallography,1
eggshell_membrane,1
pseudo_second_order_kinetic_model,1
environmental_problem,1
eriodictyol,1
myricetin,1
"chromatography,_liquid",1
aromadendrin,1
flavanone_derivative,1
short_time_fourier_transform,1
fast_independent_component_analysis,1
breathing_pattern,1
cross_correlation,1
independent_component_analysis,1
digitalization,1
crackle,1
social_change,1
capitalism,1
indigenous_population,1
community_organization,1
environmental_restoration,1
collective_action,1
purification_process,1
dpph_radical_scavenging_assay,1
flavanones,1
long_term_memory,1
cell_count,1
chromium_compound,1
freundlich_model,1
eichhornia_crassipes,1
saccharomyces_cerevisiae,1
hydrolase,1
bioethanol,1
lagoon,1
saccharification,1
sugar,1
alcohol_production,1
water_vapor,1
temporal_decorrelation_source_separation,1
autoanalysis,1
information_maximization,1
constant_temperature,1
temperature_control,1
vapour_equilibrium,1
pressure_and_temperature_profile,1
parallelepiped_shape,1
short_term_memory,1
passive_avoidance,1
metabolic_regulation,1
high_calorie_diet,1
learning_disorder,1
neuron_specific_nuclear_protein,1
mental_task,1
memory_disorder,1
mental_test,1
alpha_integrin,1
morris_water_maze_test,1
light_induced_transient_measurement,1
structural_difference,1
transient_absorption_spectroscopy,1
conversion_efficiency,1
operation_technology,1
potential_inhibitor,1
community_is,1
computer_agent,1
product_design,1
field_work,1
solar_cell_performance,1
perylene_derivative,1
dye_sensitized_solar_cell,1
efficiency_measurement,1
excited_state_lifetime,1
equilibrium_system,1
lactalbumin,1
chemical_parameter,1
spectrofluorometry,1
lignocellulosic_residue,1
total_carbohydrate,1
plant_residue,1
operational_variable,1
energy_balance,1
hydrothermal_pretreatment,1
hydrothermal_system,1
"serum_albumin,_bovine",1
alpha_helix,1
asymmetric_distribution,1
multiple_window,1
equivalent_opening,1
slenderness_ratio,1
population_distribution,1
carbonate,1
interaction_parameter,1
molecular_geometry,1
digital_storage,1
thermodynamic_and_transport_property,1
optimized_parameter,1
gromos_force_field,1
carbonation,1
propylene,1
propylene_carbonate,1
circular_dichroism,1
alpha_lactalbumin,1
static_quenching,1
beta_sheet,1
food_contamination,1
diabetic_patient,1
false_positive_result,1
candida,1
diabetic_nephropathy,1
mouth,1
voriconazole,1
"drug_resistance,_fungal",1
miconazole,1
debaryomyces_hansenii,1
fungal_colonization,1
hemodialysis,1
candida_parapsilosis,1
microbial_sensitivity_test,1
fungus_identification,1
disaster,1
bioethics,1
browsing,1
feral_organism,1
regeneration,1
mediterranean_sea,1
relative_abundance,1
majorca,1
grazing_pressure,1
teleost,1
identification_method,1
polymorphism,1
chirostoma,1
pisces,1
argentina_elongata,1
atherinopsidae,1
screening_test,1
hemoglobin_blood_level,1
horse_disease,1
horse,1
abattoir,1
eye_disease,1
nose_disease,1
animal_lameness,1
animal_welfare,1
organization_and_administration,1
organization_and_management,1
capra_hircus,1
palatability,1
balearic_island,1
mammalia,1
mountain_environment,1
habitat_fragmentation,1
fecal_pellet,1
electric_impedance,1
piezoelectric_coefficient,1
resonance,1
dielectric_material,1
piezoelectric_ceramic,1
renal_dialysis,1
candida_tropicalis,1
candidiasis,1
"renal_insufficiency,_chronic",1
antifungal_susceptibility,1
kidney_disease,1
candida_glabrata,1
nystatin,1
pichia_kudriavzevii,1
tobacco_use,1
candida_intermedia,1
"tumor_cells,_cultured",1
zirconates,1
elastic_compliance,1
piezoelectricity,1
ischemic_heart_disease,1
health_care_distribution,1
adverse_outcome,1
heart_infarction,1
secondary_prevention,1
physical_inactivity,1
rectangular_plate,1
shearing,1
ceramic,1
piezoelectrics,1
electromechanical_resonance,1
barium_titanate,1
unpaired_electron,1
activated_carbon,1
ft_ir_characterization,1
axial_coordination,1
commercial_activated_carbon,1
apparent_diffusion_coefficient,1
surface_diffusion,1
charge_transfer_resistance,1
corticosteroid,1
estrogen,1
neurosteroids,1
tumor_biopsy,1
tumor_cell_culture,1
neurosteroid,1
gliosarcoma_cell_line,1
finasteride,1
linearly_polarized,1
unitary_transformation,1
platinum_metal,1
capture_capability,1
water_adsorption,1
heart_surgery,1
robinson_mahoney_reactor,1
petroleum_industry,1
reaction_conversion,1
heterogeneous_catalyst,1
transesterification_process,1
lime,1
total_uptake,1
hydrophilicity,1
adsorption_desorption,1
two_layered_structure,1
evaporation,1
crystalline_silicon,1
surface_morphology,1
nanosecond_laser_pulse,1
enhanced_absorption,1
ultrafast_laser,1
topography,1
surface_topography,1
gaussians,1
nanosecond_pulsed_laser,1
visible_and_near_infrared,1
pulsed_laser,1
time_dependent_wave_function,1
strong_electric_field,1
stability_analysis,1
complex_coefficient,1
variable_curvature,1
important_feature,1
nitrogen_adsorption_isotherm,1
adsorbed_layer,1
condensation,1
phase_interface,1
adsorption_potential,1
optimized_condition,1
concrete_construction,1
external_beam,1
load_displacement_curve,1
repaired_beam,1
strengthening_technique,1
bottle,1
adsorption_isotherm,1
evaporation_condition,1
spectroscopic_investigation,1
photoluminescence_spectrum,1
co_doped_glass,1
light_generation,1
television_standard,1
heterogeneous_dielectric,1
cuda,1
parallel_multilevel,1
two_dimensional_grid,1
elliptic_partial_differential_equation,1
parallel_scalability,1
poisson_equation,1
finite_difference_operator,1
many_core_architecture,1
computer_architecture,1
capillary_condensation,1
fimbriaria_fasciolaris,1
necrosis,1
diorchis,1
polysorbates,1
cytotoxicity_test,1
heating,1
nanomaterial,1
inhibitory_concentration,1
nanostructures,1
lung_epithelial_cell,1
nanocarriers,1
dynamic_light_scattering,1
nanosystems,1
"calorimetry,_differential_scanning",1
visible_light,1
excitation_wavelength,1
membrane_reactor,1
fiber_optic_sensor,1
forced_through_flow,1
catalytic_wet_oxidation,1
polydispersity_index,1
polydispersity,1
polysorbate,1
strengthening,1
monotonic_loading,1
load_capacity,1
reinforced_concrete_beam,1
light_gauge,1
spatula_clypeata,1
intestine_injury,1
tetrameres_fissispina,1
australapatemon_burti,1
co_doping_effect,1
near_infrared_luminescence,1
photovoltaic_system,1
lactobacillus_plantarum,1
sustained_drug_release,1
encapsulation,1
alpha_tocopherol,1
zeta_potential,1
organic_functional_group,1
normal_hydrogen_electrode,1
solar_fuel,1
optoelectronic_property,1
conduction_band_minimum,1
multi_phase_reactor,1
gold_nanoparticles,1
au_nanoparticle,1
heterakis,1
hystrichis,1
streptocara,1
acanthocephala,1
ana_discors,1
strut_and_tie_model,1
design_equation,1
simple_method,1
stress_field,1
photovoltaic_cell,1
yttrium_oxide,1
ytterbium,1
erbium_compound,1
near_infrared_emission,1
photon_absorption,1
downshifting,1
population_movement_pattern,1
shear_design,1
cyclic_testing,1
shear_failure,1
flexural_behavior,1
truss,1
spatula_cyanoptera,1
notocotylus_seineti,1
mareca_americana,1
mareca_strepera,1
ana_platyrhynchos,1
gastrointestinal_infection,1
psilochasmus_oxyurus,1
nematode,1
trematode,1
ana_acuta,1
denitrification,1
industrial_microbiology,1
biomass_control,1
suspended_particulate_matter,1
disease_transmission,1
global_positioning_system,1
host_pathogen_vector_interaction,1
tick_infestation,1
rocky_mountain_spotted_fever,1
neighborhood,1
rhipicephalus_sanguineus,1
pet,1
herd_immunity,1
infection_control,1
population_size,1
pet_animal,1
activated_sludge_process,1
bioelectric_reactor,1
aerobic_metabolism,1
hexadecane,1
bioenergy,1
bioenergetics,1
biomass_yield,1
ecology,1
reference_electrode,1
electric_current,1
activated_sludge,1
bioelectric_energy_source,1
pseudomonas_denitrificans,1
electrostimulation,1
aerobiosis,1
pseudomonas,1
helminth,1
ulcer,1
capillaria_contorta,1
hyperplasia,1
calorimetry,1
neutron_reflectometry,1
water/air_interface,1
viscoelastic_film,1
cyclodextrin,1
physical_phenomenon,1
water_air_interface,1
biophysics,1
alpha_cyclodextrin,1
reflectometry,1
calorimeter,1
anionic_surfactant,1
sodium_dodecyl_sulfate,1
dilatational_modulus,1
dodecyl_sulfate_sodium,1
reflectometer,1
ellipsometry,1
neutron_reflection,1
pseudocorynosoma_constrictum,1
helminthiasis,1
acanthocephalan_filicollis,1
cloacotaenia_megalops,1
tetrameres,1
parasite_load,1
lymphoid_hyperplasia,1
cotylurus_magniacetabulus,1
zygocotyle_lunata,1
notocotylus_triserialis,1
digester_operation,1
ana_crecca,1
granuloma,1
amidostomum,1
oxyura_jamaicensis,1
echinuria_uncinata,1
gatrotaenia_cygni,1
ascaridia,1
epomidiostomum_uncinatum,1
capillaria,1
filicollis,1
nuclear_reactor_dynamic,1
fractional_differential,1
fractional_differential_operator,1
fractional_differential_equation,1
point_kinetics_equation,1
index_method,1
asteroid,1
hydrophobic_nature,1
fullerene,1
association_reaction,1
neurodegenerative_disorder,1
diethyl_malonates,1
dynamical_property,1
water_solubility,1
amyloid_beta_peptide,1
light_scattering,1
operating_variable,1
potential_reduction,1
experimental_evaluation,1
high_strength_waste,1
substrate_degradation,1
latitudinal_gradient,1
echinoderm,1
benthos,1
huatulco_bay,1
disabled_person,1
interlibrary_loan,1
information_service,1
design/methodology/approach,1
document_delivery_service,1
information_supply,1
physical_contact,1
information_and_communication_technology,1
information_resource,1
quantitative_method,1
echinoida,1
echinodermata,1
emotion_recognition,1
restricted_boltzmann_machine,1
deep_learning,1
photoluminescence_characteristic,1
solvothermal_technique,1
x_ray_fluorescence_spectroscopy,1
non_radiative_transition,1
fluorescence_spectroscopy,1
photoluminescence_property,1
non_exponential_behavior,1
diversity_index,1
echinoidea,1
latitude,1
community_structure,1
protected_area,1
zihuatanejo,1
polyketide_synthase,1
saccharomonospora,1
cysteine,1
forecasting_time_series,1
speech_recognition,1
city_planning,1
medical_device_contamination,1
device,1
urban_renewal,1
equipment_contamination,1
pruning,1
speech_emotion_recognition,1
classification_process,1
discriminative_information,1
learning_algorithm,1
multiclass_classification_problem,1
long_chain_fatty_acid_coenzyme_a_ligase,1
resident,1
duck,1
influenza_a_virus,1
wetland,1
canada,1
mississippi,1
influenza_in_bird,1
avian_influenza,1
genetic_reassortment,1
saccharomonospora_piscinae,1
open_reading_frame,1
type_strain,1
gene_cluster,1
nonribosomal_peptide_synthetase,1
dna_base_composition,1
enterococcus_faecium,1
enterococcus_faecalis,1
cecropia,1
glycogen_liver_level,1
collagen_fiber,1
liver_protective_agent,1
gluconeogenesis,1
glycogen_synthase,1
adiponectin,1
glycogen,1
liver_fibrosis,1
cecropia_obtusifolia_extract,1
streptozotocin_induced_diabetes_mellitus,1
peroxisome_proliferator_activated_receptor,1
cecropia_obtusifolia,1
cecropia_plant,1
inorganic_selenium,1
enterococcus_spp,1
habitat,1
maximum_likelihood_method,1
innovative_teaching,1
programming_environment,1
open_source_software,1
high_level_language,1
student_centered_learning,1
computer_code,1
digital_signal_processing,1
e_learning,1
open_source,1
leuconostoc_citreum,1
lactic_acid_bacteria,1
resistant_bacteria,1
huauzontle_protein,1
food_storage,1
catalyst_characterization,1
structural_modification,1
construction_sector,1
light_olefin,1
acidic_property,1
zeolitic_structure,1
aromatics_compound,1
zinc_incorporation,1
healthy_diet,1
public_health_insurance,1
practice_guideline,1
combinatorial_mathematics,1
clique_helly_graph,1
helly_property,1
feldspar,1
construction_waste,1
soil_testing,1
recycled_material,1
excavation_material,1
bending_resistance,1
digital_signal,1
user_friendly,1
foaming_property,1
protein_isolates,1
pseudo_cereal,1
foaming_capacity,1
secondary_protein_structure,1
gelling_property,1
functional_property,1
foaming_stability,1
random_matrix_ensemble,1
nonergodicity,1
mathematical_framework,1
singular_value_decomposition_method,1
heuristic_algorithm,1
meta_heuristic_algorithm,1
meta_heuristic,1
parallel_machine_scheduling_problem,1
particle_swarm_optimization,1
swarm_intelligence_algorithm,1
grouping_problem,1
machinery,1
parallel_machine_scheduling,1
combinatorial_optimization_problem,1
x_ray_diffraction_study,1
mineralogical_property,1
dodonaea_viscosa,1
lepidoptera,1
polysomnography,1
cognition,1
cortical_bone,1
parasomnia,1
wakefulness,1
sleep_stage,1
sleep_waking_cycle,1
nayarit,1
tobacco,1
agrarian_reform,1
state_owned_enterprise,1
agricultural_worker,1
wage,1
contract_farming,1
paper_industry,1
data,1
production_function,1
sleep_latency,1
catalytic_testing,1
promotion_effect,1
catalytic_material,1
steam_reforming,1
steam_reforming_of_methanol,1
nickel_metallography,1
bimetallic_sample,1
entomopathogenic_organism,1
biological_control,1
sapindales,1
sapindaceae,1
noctuidae,1
nonlocal,1
anomalous_diffusion_exponent,1
relaxation_time,1
temperature_feedback,1
water_use_efficiency,1
manufacturing_industry,1
water_conservation,1
water_technology,1
paper_and_pulp_industry,1
technology,1
capital,1
water_saving_technology,1
technological_characteristic,1
cobb_douglas_function,1
paper_manufacturing,1
water_saving,1
degradation_efficiency,1
global_public_health,1
amorphous_structure,1
nickel_oxide,1
persistent_organic_compound,1
insect,1
isaria,1
spodoptera_exigua,1
artificial_diet,1
shrub,1
natural_antioxidant,1
in_vitro_assay,1
diverse_application,1
electron_diffraction,1
advanced_oxidation_process,1
group_delay,1
cobalt_molybdenum,1
layered_semiconductor,1
octahedral_symmetry,1
surface_concentration,1
straight_run_gas_oil,1
chelation,1
silicon_solar_cell,1
deposition_temperature,1
low_substrate_temperature,1
dilution,1
silicon_solar_cell_technology,1
dichlorosilanes,1
plasma_cvd,1
elastic_recoil_detection_analysis,1
hydrogen_incorporation,1
plasma_enhanced_chemical_vapor_deposition,1
processing_plant,1
oxalate,1
acid_decomposition,1
reductive_leaching,1
solid/liquid_ratio,1
jarosites,1
least_square_method,1
bacterial_disease,1
variance_analysis,1
salmonid_fishery,1
multiple_regression,1
surface_impregnation,1
molybdenum,1
cobalt,1
molybdenum_compound,1
trimesic_acid,1
anaerobic_digestion_process,1
chitosan,1
aqueous_condition,1
hydrothermal_condition,1
optical_characteristic,1
visible_light_photocatalysts,1
photocatalytic_reduction,1
thermogravimetry,1
ambient_condition,1
colloidal_stability,1
biological_medium,1
reagent,1
static_electricity,1
bismuth,1
integration_technology,1
complexing_agent,1
microwave_radiation,1
photo_reduction,1
energy_cost,1
ethylenediamine,1
n_doped,1
optic,1
low_temperature_microwave,1
cupressus,1
technological_development,1
institutional_framework,1
research_work,1
ph_effect,1
vinasse,1
alcoholic_beverage,1
temperature_sensitivity,1
ph_and_temperature_effect,1
absorbing_boundary,1
vegetation_type,1
tyrannus,1
passerine,1
behavioral_response,1
foraging_behavior,1
tyrannus_vociferans,1
intraspecific_competition,1
vegetation_structure,1
bacterial_viability,1
gram_staining,1
syndemic,1
wasting_syndrome,1
thailand,1
botswana,1
innovation,1
cordia_morelosana_extract,1
"toxicity_tests,_acute",1
insulin_sensitivity,1
nicotiflorin,1
acarbose,1
plant_medicinal_product,1
column_chromatography,1
"toxicity_tests,_subchronic",1
drug_metabolite,1
cordia_morelosana,1
fatty_acid_transporter,1
oral_glucose_tolerance_test,1
gene_overexpression,1
particle_trajectory,1
reflecting_boundary,1
effective_diffusivities,1
rearing,1
oreochromis_niloticus,1
independent_living,1
jew,1
linear_model,1
community_participation,1
protein_degradation,1
bacterial_count,1
digestion_resistant_lactic_acid_bacterium,1
pepsin_a,1
fermented_beverage,1
cordia,1
fatty_acid_binding_protein,1
rosmarinic_acid,1
ethnopharmacology,1
methyl_rosmarinate,1
xylitol,1
dynamic_mathematical_model,1
liquid_vapor,1
liquid_vapor_coexistence_curve,1
square_well_potential,1
critical_density,1
lactobacillus_pentosus,1
fermented_milk_drink,1
volumetry,1
photoreactivity,1
non_existence,1
initial_density,1
hard_sphere,1
feeding_mechanism,1
nursery_ground,1
aquaculture,1
titania_nanotube,1
candida_guilliermondii,1
immobilized_biomass,1
sugar_substitute,1
parametric_test,1
parametric_sensitivity_analysis,1
external_mass_transfer,1
optimal_operation_condition,1
bioprocesses,1
calcium_alginate,1
biomass_fermentation,1
immobilized_microorganism,1
meyerozyma_guilliermondii,1
immobilized_cell,1
sugarcane,1
sugar_cane,1
candida_antarctica,1
esterification,1
slitlike_pore,1
isotropic_phase,1
wetting,1
isotropic_fluid,1
wetting_behavior,1
minimum_surface,1
drying_wetting,1
spherocylinders,1
strong_metal_support_interaction,1
exposed_surface,1
pt_nanoparticles,1
reduced_catalyst,1
vapor_phase_impregnation,1
naphthalene_hydrogenation,1
plum,1
enzymatic_reaction,1
anthocyanins,1
instability_problem,1
lipase_b_from_candida_antarctica,1
prunus_domestica,1
enzymatic_esterification,1
recombination_rate,1
interlayer_space,1
layer_structure,1
molar_concentration,1
satellite_data,1
accuracy_assessment,1
synthetic_aperture_radar,1
cinnamates,1
potential_source,1
salinity,1
enzyme_inhibitor,1
"genome,_bacterial",1
cyanobacteria,1
sodium_azide,1
lipase_b,1
enzymatic_synthesis,1
glucoside,1
"lipase_b,_candida_antarctica",1
cinnamic_acid_derivative,1
drug_purity,1
tert_butyl_alcohol,1
acylation,1
total_anthocyanin_content,1
magnetic_resonance_spectroscopy,1
anthocyanoside,1
non_alcoholic_fatty_liver_disease,1
design_of_experiment,1
hannemania,1
biotic_stress,1
water_analysis,1
hylidae,1
biosphere,1
canopy,1
trombiculidae,1
tlalocohyla_smithii,1
water_temperature,1
batrachochytrium_dendrobatidis,1
ranavirus,1
chytridiomycosis,1
eutrombicula_alfreddugesi,1
cyanobacterium,1
biomass_concentration,1
biodegradability,1
cell_wall_composition,1
thermochemical_pretreatment,1
microalgal_biomass,1
soluble_organic_matter,1
sentinel,1
structural_geology,1
basin_evolution,1
indicator_indicator,1
grijalva_basin,1
satellite_imagery,1
hedonic_analysis,1
acapulco,1
price_dynamic,1
housing_market,1
ferromagnetic_property,1
bulk_superconductivity,1
structural_defect,1
magnetoelectric_coupling,1
barium_compound,1
grain_boundary,1
superconducting_property,1
re_entrant_superconductivity,1
quantum_uncertainty,1
hydrogenic_system,1
coulomb_blockade,1
kullback_leibler,1
shannon_information_entropy,1
kullback_leibler_distance,1
coulomb_potential,1
cell_disruption,1
potentiostatic_electrodeposition,1
electrolytic_bath,1
surface_distribution,1
water_gas_shift_reaction,1
mapping,1
precious_metal,1
mixed_oxide,1
water_gas_shift,1
pressure_and_temperature,1
atmospheric_temperature,1
gallium_compound,1
noble_metal_catalyst,1
low_temperature_water_gas_shift,1
ferromagnetism,1
yttrium_barium_copper_oxide,1
spatial_inversion_symmetry,1
human_activity,1
interdisciplinary_approach,1
participant_observation,1
nickel_metal_hydride_battery,1
co_alloy,1
western_diet,1
liver_cell,1
carbohydrate_intake,1
"lipi_protein,_human",1
nonalcoholic_fatty_liver,1
cellular_effect,1
cell_level,1
unsaturated_fatty_acid,1
hepatocytes,1
steatosis,1
potential_dependence,1
filamin_a,1
quantitative_data,1
participatory_method,1
todos_santos_bay,1
academic_research,1
environmental_indicator,1
pressure_effect,1
baja_california_[_mexico],1
ensenada,1
impact_on_the_environment,1
document_analysis,1
oceanography,1
learning_community,1
strategic_approach,1
surf_zone,1
participatory_approach,1
fokker_planck_equation,1
homotopy_analysis,1
general_expression,1
motion,1
riemannian_manifold,1
dunkin_hartley_guinea_pig,1
aminoquinoline_derivative,1
pyrimidine_derivative,1
guinea_pig,1
actin_cytoskeleton,1
f_actin,1
cytoskeleton,1
actin_filament,1
aminoquinolines,1
pyrimidine,1
actin_polymerization,1
online_monitoring,1
ozonation,1
lactuca_sativa,1
sacrificial_reagent,1
hydrozincite,1
composite_material,1
homotopy_analysis_method,1
"diet,_western",1
mouse_model,1
cell_function,1
"diet,_mediterranean",1
mediterranean_diet,1
"fatty_acids,_unsaturated",1
torque,1
general_situation,1
non_euclidean_geometry,1
pain_measurement,1
formalin_test,1
"receptors,_serotonin",1
airflow,1
effect_of_temperature,1
packed_column_bioreactors,1
metarhizium,1
temperature_dependence,1
fermentation_process,1
respirometric_analysis,1
metarhizium_robertsii,1
conidium_production,1
aeration,1
biological_control_agent,1
plastic_container,1
plastic_industry,1
lithology,1
boundary_and_initial_condition,1
large_scale_system,1
hydrological_modeling,1
two_facies,1
heterogeneous_porous_medium,1
theoretical_formulation,1
solute_transport,1
photosynthetically_active_radiation,1
irradiance,1
accumulation_rate,1
antinociception,1
thalamus,1
rattus_norvergicus,1
serotonin_receptor,1
tonic_pain,1
osteosarcoma,1
micrornas,1
petrophysics,1
one_equation,1
arrival_time,1
heterogeneous_reservoir,1
vi_spectroscopy,1
phenol_oxidation,1
oxide_reduction,1
polycrystalline_material,1
"drug_resistance,_bacterial",1
alouatta,1
rainforest,1
rain_forest,1
domestic_animal,1
petrophysical_property,1
transcritical,1
exergy_analysis,1
refrigeration_capacity,1
exergoeconomic_analysis,1
refrigeration,1
optimized_operation,1
produce,1
ph_level,1
paper_residue,1
biotechnological_process,1
citric_acid,1
cancer_recurrence,1
bone_tumor,1
bone_neoplasm,1
bone_metastasis,1
microrna,1
limiting_value,1
barrier_height,1
linear_potential,1
higher_dimension,1
space_dimension,1
temperature_behavior,1
mtbe,1
experimental_value,1
effective_force_field,1
methyl_tert_butyl_ether,1
parametric__analysis,1
vapour_compression_refrigeration,1
cooling_system,1
transcritical_refrigeration_cycle,1
cost_benefit_analysis,1
compressor_discharge_pressure,1
university_sector,1
ddt,1
degradation_product,1
firmicutes,1
soil_chemistry,1
dechlorination,1
dissimilatory_iron_reduction,1
biogeochemical_process,1
bacterial_consortium,1
reductive_degradation,1
lignocellulose_degradation,1
reductive_dechlorination,1
reductive_dehalogenation,1
transition_path,1
diffusing_particle,1
asymptotic_behavior,1
circularly_polarized,1
normal_mode_analysis,1
random_network,1
gaussian_orthogonal_ensemble,1
nearest_neighbor_spacing_distribution,1
employment,1
brain_drain,1
"animals,_domestic",1
diffusion_controlled_process,1
voltammetric,1
novel_methodology,1
differential_pulse_voltammetry,1
chemical_specie,1
pretreatment_method,1
gold_compound,1
social_mobility,1
circularly_polarized_light,1
multiphoton_resonance,1
electronic_parameter,1
particle_beam,1
activation_analysis,1
selectivity_enhancement,1
cerium_compound,1
hydrogen_selectivity,1
surface_adsorption,1
partial_oxidation_of_methanol,1
solar_thermal_power_plant,1
magnetic_material,1
matrix_algebra,1
conduction_band,1
rotating_wave_approximation,1
circular_polarization,1
positively_charged_surface,1
transition_metal,1
mesoporous_catalyst,1
ultraviolet_spectroscopy,1
milk_production,1
herbaceous_agent,1
dna_isolation,1
ewe,1
dna_determination,1
gestation_period,1
choline,1
ram,1
milk_quality,1
herbal_choline,1
electromagnetic_field,1
electronic_transition,1
diarylheptanoids,1
cytoplasm,1
neuronal_network,1
machine_learning_model,1
gait_parameter,1
fall_risk,1
f_score,1
mixed_variable,1
disease,1
older_people,1
neuron,1
dynamic_bayesian_network,1
hetero_juction,1
vanadium_pentoxide,1
surface_active_specie,1
transition_metal_oxide,1
catalyst_support,1
slave_system,1
bilateral_control,1
design_and_implementation,1
observer_based_control,1
lyapunov_function,1
trajectory_tracking_problem,1
robotics,1
tele_operated_system,1
adaptive_control_system,1
delta_robot,1
adaptive_observer,1
"models,_molecular",1
cell_nucleus,1
heptane_derivative,1
molecular_imaging,1
"rna,_guide",1
"rev_gene_products,_human_immunodeficiency_virus",1
crispr_ca_system,1
virus_isolation,1
genetic_transfection,1
"gene_expression_regulation,_viral",1
catalytic_cracking,1
precursor_salt,1
methane_decomposition,1
neodymium,1
wet_impregnation,1
catalytic_decomposition_of_methane,1
pyridine_adsorption,1
tpo_determination,1
gamma_alumina,1
methane_cracking,1
magnetism,1
fluorescence_transition,1
stark_splitting,1
fluorescent_magnetic_particle,1
magnetic_nanoparticles,1
gadolinium_compound,1
gene_editing,1
long_terminal_repeat,1
virus_inactivation,1
virus_genome,1
crispr_cas_system,1
rev_protein,1
regulatory_sequence,1
"tat_gene_products,_human_immunodeficiency_virus",1
guide_rna,1
transactivator_protein,1
exponential_type,1
quantum_chemical,1
pekeris_approximation,1
equation_of_state,1
effective_potential,1
nucleation_seed,1
fluorescent_material,1
decision_variable,1
desired_condition,1
reject_disturbance,1
solar_thermal_plant,1
solar_power_plant,1
thermoelectric_power_plant,1
uncertainty_analysis,1
robust_control,1
biochemical_change,1
electrochemical_sensor,1
spectrophotometer,1
ionic_strength,1
quantification,1
spectrophotometric_measurement,1
electrochemical_oxidation_and_reduction,1
detection_and_quantification_limit,1
rutin,1
soil_pollution,1
hard_rock,1
environmental_risk,1
urban_sprawl,1
topsoil,1
diatomic_molecule,1
potential_model,1
bound_state_solution,1
synaptotagmin_i,1
psacalium,1
zapteryx_xyster,1
finfish,1
reproduction,1
rhinobatidae,1
fecundity,1
time_dependent_behavior,1
nanofluidics,1
robust_model_predictive_control,1
toxic_substance,1
vehicle_emission,1
emission,1
exhaust_gas,1
air_pollutant,1
batoidea,1
chalcopyrite_leaching,1
copper_smelting,1
chalcopyrite,1
covellite,1
copper_concentrate,1
sulfuric_acid,1
sulfide_mineral,1
leaching_process,1
i_kappa_b_kinase_alpha,1
sesquiterpene_derivative,1
sesquiterpenes,1
cacalol_acetate,1
sesquiterpene,1
psacalium_decompositum,1
cacalol,1
i_kappa_b_kinase,1
ethylenediaminetetraacetic_acid,1
air_sampling,1
atmospheric_pollution,1
electronic_equipment,1
perpendicular_orientation,1
discotic_liquid_crystal,1
potential_of_mean_force,1
plasma_interaction,1
test_particle,1
slab_geometry,1
reaction_coordinate,1
orientational_dependence,1
"antiretroviral_therapy,_highly_active",1
polyols,1
temperature_and_pressure,1
pregnant_leach_solution,1
biological_availability,1
mine_waste,1
nutrient_availability,1
mining,1
agricultural_soil,1
tailing,1
tissue_distribution,1
bioaccumulation,1
"metals,_heavy",1
data_assimilation,1
pharmacokinetics,1
agriculture,1
soil_pollutant,1
beta_catenin,1
wnt_signaling_pathway,1
wnt_signaling,1
transmittance_spectrum,1
high_electron_mobility,1
granular_morphology,1
characteristic_peak,1
strongly_connected,1
dynamic_programming_algorithm,1
planar_graph,1
minimum_cost,1
postman_problem,1
mixed_graph,1
graph_algorithm,1
ultra_low_sulfur_diesel,1
sustainable_process,1
middle_distillate,1
hidalgo,1
bioavailability,1
light_emitting_diode,1
photoluminescence_excitation_spectrum,1
photoluminescence_emission_spectrum,1
raman_and_ftir_spectrum,1
elemental_mapping,1
microcrystals,1
tetragonal_phasis,1
highly_active_antiretroviral_therapy,1
kaposi_sarcoma,1
immune_reconstitution_inflammatory_syndrome,1
vinblastine,1
bleomycin,1
hairy_leukoplakia,1
oxide_film,1
microcrystallinity,1
vanadium_dioxide,1
disease_burden,1
positive_end_expiratory_pressure,1
chile,1
positive_end_expiratory_pressure_ventilation,1
continuous_culture,1
acteoside,1
growth_curve,1
plant_cell_culture,1
dry_weight,1
cell_growth,1
buddleja,1
photoperiodicity,1
bluish,1
chromaticity_coordinate,1
silver_metallography,1
correlated_color_temperature,1
health_service_accessibility,1
awareness,1
patient_compliance,1
private_health_insurance,1
"leukocytes,_mononuclear",1
inflammasomes,1
symptom_flare_up,1
gout,1
cryopyrin,1
interface_state,1
photogenerated_charge_carrier,1
charge_carrier_trapping,1
continuous_positive_airway_pressure,1
apnea_hypopnea_index,1
telephone_interview,1
social_security,1
emulsification_property,1
octenyl_succinic_anhydride,1
gelatinization,1
mean_particle_size,1
oxalis_tuberosa,1
tuber_size,1
tube,1
pseudoplastic,1
sociology,1
newton_raphson_method,1
pareto_principle,1
jacobian_matrix,1
hessian_matrix,1
local_search,1
hypervolume_indicator,1
memetic_algorithm,1
history_of_computing,1
baltimore,1
university_of_florida,1
harold_mcintosh,1
heart_stroke_volume,1
vagus_nerve_stimulation,1
photocatalytic_hydrogen_evolution,1
palladium,1
semi_conducting_property,1
photocatalytic_hydrogen_production,1
quantum_chemical_modeling,1
marcus_hush_theory,1
systemic_vascular_resistance,1
heart_output,1
auricular_acupuncture,1
native_starch,1
polymeric_composite,1
heat_exchanger,1
cost_effective_design,1
optimal_system,1
solution_algorithm,1
design_optimization,1
optimal_utility,1
heat_exchanger_network,1
integer_programming,1
cost_effectiveness,1
design_evolution,1
mixed_integer_nonlinear_programming_model,1
synthesis_methodology,1
history,1
international_recognition,1
me_xico,1
open_circuit_potential,1
degradation_mechanism,1
standard_procedure,1
manganese_phosphate,1
tribo_corrosion,1
phosphate_coating,1
manganese_alloy,1
military_application,1
microhardness,1
characteristic_band,1
conventional_material,1
vickers_microhardness,1
carbon_nanotube_composite,1
electric_conductivity,1
polymer_matrix_composite,1
filled_polymer,1
spermadhesin,1
chemical_fractionation,1
lactadherin,1
acrosin,1
testicular_angiotensin_converting_enzyme,1
manganese_steel,1
flow_battery,1
electron_transfer_rate_constant,1
reorganization_energy,1
voltammetric_analysis,1
epidermal_growth_factor_receptor,1
afatinib,1
ecog_score,1
wear_of_material,1
thermochemical_treatment,1
sliding_wear_test,1
colloidal_particle,1
phase_diagram,1
micelle,1
square_well,1
morphological_phase_diagram,1
self_assembly,1
lipid_raft,1
acrosin_binding_protein,1
carbohydrate_binding_protein,1
seminal_plasma_glycoprotein,1
membrane_microdomains,1
membrane_microdomain,1
lectin_binding,1
succinyl_coa_ligase_subunit_beta,1
lectin,1
seminal_plasma_sperm_motility_inhibitor_precursor,1
quantum_chemistry_method,1
molecular_electrostatic_potential,1
quantum_computer,1
solvent_effect,1
classical_molecular_mechanic,1
complexation,1
stereochemistry,1
inclusion_compound,1
chemistry_analysis,1
amphiphiles,1
model_complex,1
worm_like_micelle,1
different_geometry,1
phase_co_existence,1
monolayers,1
self_assembling,1
secondary_dentition,1
cross_cultural_comparison,1
child_behavior,1
social_comparison,1
child_development,1
individuality,1
altruism,1
progression_free_survival,1
overall_survival,1
lung_metastasis,1
scoring_system,1
advanced_cancer,1
cancer_chemotherapy,1
resource_allocation,1
cultural_factor,1
quantum_theory_of_atom_in_molecule,1
epididymis,1
blood_testis_barrier,1
testis,1
"microscopy,_confocal",1
blue_dextran,1
ejaculation,1
fertility,1
evans_blue,1
compression_force,1
mechanical_response,1
unequal_length,1
dmft_index,1
tooth_brushing,1
body_height,1
group_by_age,1
candy,1
atomic_absorption,1
microemulsions,1
nitrogen_removal,1
petroleum_chemistry,1
simulated_distillation,1
x_ray_scattering,1
spherical_morphology,1
resin,1
scanning_transmission_electron_microscopy,1
x_ray_energy_dispersion,1
crude_oil,1
inverse_micro_emulsion,1
chlorella_vulgaris,1
food_supplementation,1
brachionus_calyciflorus,1
fluorescein_sodium,1
tissue_section,1
antibody,1
antigen,1
host_resistance,1
chaga_disease,1
thermodynamic_constraint,1
light_source,1
methanol_production,1
formic_acid,1
photocatalytic_material,1
visible_light_region,1
reaction_rate,1
radiation_condition,1
photoreduction_reaction,1
hydrocracking,1
asphaltenes,1
ex_vivo,1
epitope,1
seroprevalence,1
centrifugation,1
anti_trypanosoma_cruzi_antibody,1
optical_density,1
gefitinib,1
non_small_cell_lung_cancer,1
epicatechin,1
perimetry,1
sham_procedure,1
enrofloxacin,1
myofibril,1
ketoprofen,1
proteasome_endopeptidase_complex,1
muscle_mass,1
glow_discharge_optical_emission_spectroscopy,1
acid_corrosion,1
steel,1
hypothesis_test,1
simple_sampling,1
sequential_probability_ratio_test,1
random_process,1
suitable_condition,1
sequential_testing,1
general_theory,1
optimal_sequential,1
structural_optimization,1
probability_of_error,1
random_error,1
bacteriostatic_agent,1
topical_delivery,1
souslin_line,1
cellular_compact_metrizable_space,1
human_capital,1
financial_crisis,1
skilled_labor,1
potentiometry,1
scale_accumulation,1
",_sweep_voltammetry",1
morphology_and_composition,1
scale,1
calcium_alloy,1
sulfate,1
carbon_steel,1
spontaneous_process,1
glow_discharge,1
impedance_spectroscopy,1
"rna,_fungal",1
sporogenesis,1
mucorales,1
rna_seq,1
weakly_lindelof_space,1
cellular_compact_space,1
cellulars,1
muscle_fibril,1
spinal_cord_transsection,1
muscle_atrophy,1
enzyme_regulation,1
pseudocompact_space,1
lusin_space,1
cellular_sequentially_compact_space,1
cellular_countably_compact_space,1
feebly_compact_space,1
"restraint,_physical",1
liposome,1
autacoid,1
nitrosative_stress,1
amylomyces_rouxii,1
rna_sequence,1
ribonuclease,1
fungus_culture,1
fungal_strain,1
fungal_rna,1
deoxyribonuclease_i,1
rna_degradation,1
monophenol_monooxygenase,1
filamentous_fungus,1
basidiomycete,1
phanerochaete,1
heart_rate_variability,1
autonomic_regulation,1
dimer,1
inflammation_mediator,1
immobilization_stress,1
proteasome,1
muscular_atrophy,1
transcription_factor_fkhr,1
praseodymium,1
liquid_crystal_display_screen,1
high_power_ultrasonics,1
amorphous_oxide,1
leached_residue,1
interleukin_receptor,1
perivascular_macrophage,1
glymphatic_system,1
cardiovascular_function,1
orthostatic_intolerance,1
hyperventilation,1
dizziness,1
shivering,1
head_up_tilt_test,1
supine_position,1
time_series,1
anxiety,1
respiratory_amplitude,1
beat_to_beat_interval,1
cardiorespiratory_interaction,1
high_blood_pressure,1
interaction_analysis,1
orthostatic_stress,1
headache,1
longitudinal_diffusion,1
gaseous_dielectric,1
sulfur_hexafluoride,1
electric_field_intensity,1
low_energy_electron_scattering,1
maxillary_neoplasm,1
pleomorphic_adenoma,1
cementoma,1
"adenoma,_pleomorphic",1
carcinoma,1
maxilla_tumor,1
pressoreceptor_reflex,1
body_position,1
delta_plot_analysis,1
bivariate_time_series,1
plot_analysis,1
sustainability,1
binary_mixture,1
trifluoroiodomethane,1
swarm_parameter,1
critical_field_strength,1
electron_scattering,1
electronic_waste,1
iron_metallography,1
magnetic_behavior,1
gadolinium,1
liquid_crystal_display,1
inductively_coupled_plasma,1
vibration_sample_magnetometry,1
extraction_process,1
magnetic_separation,1
amorphous_silicon,1
"microscopy,_atomic_force",1
bacterial_cell_wall,1
drug_excretion,1
drug_transport,1
atomic_force_microscopy,1
palladium_nanoparticles,1
electrochemical_formation,1
income_distribution,1
attitude_to_illness,1
electrodeposition_mechanism,1
nucleation,1
simultaneous_reduction,1
potentiostatic_technique,1
social_participation,1
alternative_energy,1
stakeholder,1
socioeconomic_status,1
health_impact,1
glycosylated_hemoglobin,1
diabetes,1
noma,1
order_statistic,1
receiver_complexity,1
signal_interference_plus_noise_ratio,1
spurious_signal_noise,1
successive_interference_cancellation,1
interoperations,1
multiple_access,1
signal_interference,1
multiple_access_interference,1
cell_compartmentalization,1
multivesicular_body,1
discharge_capacity,1
fluorine_doped,1
fluorine,1
glycated_hemoglobin_a,1
low_density_lipoprotein_cholesterol,1
goal,1
sulfonylurea,1
total_quality_management,1
"cholesterol,_ldl",1
health_care,1
dipeptidyl_peptidase_iv_inhibitor,1
health_program,1
insulin_derivative,1
integrated_approach,1
primary_medical_care,1
human_insulin,1
third_trimester_pregnancy,1
fetus_heart_rate,1
hysterography,1
correlational_study,1
fetal_heart,1
uterus,1
cardiotocography,1
fetus_heart,1
pregnant_woman,1
"pregnancy_trimester,_third",1
evidence_based_medicine,1
cross_polarization,1
oxygen_evolution,1
lithium_metal_oxide,1
dems,1
ab_initio_calculation,1
continuity_equation,1
spatial_derivative,1
linear_oscillation,1
first_order_approximation,1
first_order_derivative,1
potential_function,1
molecular_physic,1
wave_energy_conversion,1
energy_spatial_distribution,1
data_visualization,1
virtual_reality,1
signal_processing,1
abnormal_respiratory_sound,1
health_center,1
waveform,1
"heart_rate,_fetal",1
recurrence_relation,1
chaos_theory,1
bicliques,1
telehealth,1
generalized_anxiety_disorder,1
panic,1
major_depression,1
catabolism,1
"electrophoresis,_polyacrylamide_gel",1
complexity,1
analysis_of_variance,1
carbohydrate_metabolism,1
industrial_production,1
aspergillus_brasiliensis,1
solid,1
nucleotide,1
first_trimester_pregnancy,1
component_wise,1
biclique,1
graph_dynamic,1
ordered_pair,1
nonadjacent_vertex,1
intersection_graph,1
home_care,1
disease_control,1
elderly_population,1
coherent_transport,1
coherent_scattering,1
cauchy_distribution,1
poisson_distribution,1
invariant_density,1
sample_to_sample_fluctuation,1
antirheumatic_agent,1
"arthritis,_rheumatoid",1
hot_plate_test,1
liquid_phase_hydrogenation,1
bimetallic_catalyst,1
geraniol_and_nerol,1
monoterpenes,1
unsaturated_alcohol,1
monometallic_catalyst,1
tin_alloy,1
antiemetic_agent,1
narcotic_agent,1
ambulatory_care,1
"pregnancy_trimester,_first",1
abortifacient_agent,1
open_study,1
pyrrole_derivative,1
motor_activity,1
malva,1
arthralgia,1
rheumatoid_arthritis,1
kaolin,1
malva_parviflora_extract,1
monarthritis,1
carrageenan,1
experimental_arthritis,1
carrageenan_induced_inflammation,1
"arthritis,_experimental",1
thermal_hyperalgesia,1
methotrexate,1
antiarthritic_activity,1
malva_parviflora,1
drug_therapy,1
chemical_precipitation,1
multimodality_cancer_therapy,1
plasticity,1
physicochemical_characteristic,1
neuromodulin,1
radiation_response,1
spinal_cord_regeneration,1
gas_laser,1
exercise_therapy,1
biopolymers,1
convalescence,1
polypyrrole,1
myelin_basic_protein,1
environmental_planning,1
astrocytosis,1
intraspinal_drug_administration,1
nervous_tissue,1
"lasers,_gas",1
biopolymer,1
enriched_environment,1
myelination,1
scattering_structure,1
chaotic_attractor,1
composite_scaffold,1
scaffold,1
biomechanics,1
cell_culture_model,1
spinning,1
bone_tissue_engineering,1
functional_polymer,1
cell_adhesion,1
"injections,_spinal",1
rehabilitation_care,1
combined_modality_therapy,1
nerve_regeneration,1
biomolecules,1
functional_recovery,1
motor_performance,1
environment_design,1
hindlimb,1
argon_plasma_coagulation,1
pyrroles,1
recovery_of_function,1
combined_treatment,1
patient_rehabilitation,1
morphometric_analysis,1
astrocyte,1
many_objective_optimization,1
haemonchus,1
anthelmintic_activity,1
larva,1
electrospray,1
confocal_laser_scanning_microscopy,1
haemonchosis,1
nematicidal_activity,1
prosopis,1
haemonchus_contortus,1
ivermectin,1
prosopis_laevigata_extract,1
ovum,1
ovicidal_activity,1
isorhamnetin,1
beta_tubulin,1
peripartum_period,1
body_composition,1
perinatal_period,1
exploration_tool,1
recent_trend,1
decision_making_process,1
composite_structure,1
physico_chemical_characterization,1
cytotoxicity_effect,1
electron_charge,1
boundary_condition,1
splittings,1
position_coordinate,1
scalarization_method,1
global_search_algorithm,1
entire_solution,1
sulfur_determination,1
pore_structure,1
adsorption_experiment,1
lewis_acid_site,1
quinoline,1
different_si/al_ratio,1
forehead,1
correlation_analysis,1
thermoregulation,1
chin,1
psychologic_test,1
social_stress,1
physiological_stress,1
cheek,1
psychological_test,1
body_temperature_regulation,1
bulimia_nervosa,1
exon,1
missense_mutation,1
bulimia,1
"enam_protein,_human",1
scleroprotein,1
enam_gene,1
extracellular_matrix_protein,1
dental_health,1
dna_sequencing,1
sample_size,1
colorado,1
durango_[colorado],1
langmuir_and_freundlich_adsorption,1
aluminum,1
heterocyclic_nitrogen,1
prediction_based,1
separation_principle,1
whole_exome_sequencing,1
endurance,1
idiopathic_disease,1
short_stature,1
molecular_evolution,1
population_growth_estimation,1
"evolution,_molecular",1
human_genome,1
american_native_continental_ancestry_group,1
effective_population_size,1
exome,1
gene_ontology,1
obsessive_compulsive_disorder,1
anorexia_nervosa,1
crowding,1
population_abundance,1
large_time_delay,1
chemical_process,1
prediction_error,1
observation_protocol,1
benchmark_case_study,1
property,1
space_splitting,1
spectras,1
perfluorohexanesulfonic_acid,1
dna_fragmentation,1
perfluorooctanesulfonic_acid,1
seminal_plasma,1
process_control,1
time_delayed_process,1
maxilla,1
mandible,1
mandible_resection,1
systematic_review,1
incisional_biopsy,1
odontogenesis,1
vascularization,1
dentinogenesis,1
hand,1
community_succession,1
corynebacterium,1
microbial_interaction,1
propionibacterium_acne,1
acinetobacter,1
specie_composition,1
rna_gene,1
cheese,1
cla_isomer,1
dry_matter,1
dynamic_thermogravimetric_analysis,1
interchain_interaction,1
electronic_conductivity,1
electrochemical_stability,1
electrochemical_performance,1
lithium_diffusivities,1
superexchange_interaction,1
myxoma,1
swelling,1
epithelium,1
vimentin,1
tooth_development,1
calretinin,1
capillary_attraction,1
oil/water_interface,1
water_oil_cream,1
long_range_interaction,1
cluster,1
particle_beam_dynamic,1
competing_interaction,1
fluidity,1
mean_squared_displacement,1
colloid,1
inter_particle_interaction,1
chia_seed,1
monounsaturated_fatty_acid,1
fat_content,1
cla_content,1
conjugated_linoleic_acid,1
condition,1
endogenous_enzyme,1
bread_making,1
cookie,1
economic_aspect,1
recycling,1
global_economic_activity,1
water_contamination,1
short_period,1
bathing_beach,1
noise_abatement,1
environmental_pollution,1
indirect_effect,1
sustainable_development,1
environmental_noise,1
noise_reduction,1
torsion,1
carbocyanines,1
congenital_heart_disease,1
heart_development,1
cell_labeling,1
immunodetection,1
"microscopy,_electron,_scanning",1
retroposon,1
male_infertility,1
amylase,1
triticale,1
sweetness,1
natural_sweetener,1
amylase_activity,1
cereal_grain,1
resting_condition,1
mesenchyme_cell,1
cell_lineage,1
organogenesis,1
mesoderm,1
heart_atrium,1
cycline,1
chick_embryo,1
atrioventricular_canal,1
myocardium,1
troponin_i,1
proliferating_cell_nuclear_antigen,1
chicken,1
cardiac_muscle_cell,1
interventricular_septum,1
explant,1
heart_left_ventricle,1
maximum_concentration,1
reactor_design,1
dissolved_solid,1
acidogenesis_reaction,1
solid_waste_management,1
reactor_operation,1
fruit_and_vegetable_waste,1
disintegration,1
volatile_agent,1
organic_nitrogen,1
solid_retention_time,1
shear_stress,1
anaerobic_sludge,1
heart_right_ventricle_outflow_tract,1
carbocyanine,1
cardiac_muscle,1
anatomy_and_histology,1
eutheria,1
placental_mammal,1
prevention,1
forearm,1
rehabilitation,1
bacterial_microbiome,1
plant_metabolism,1
biological_pest_control,1
plant_growth_promoting_bacterium,1
siderophore,1
neobuxbaumia_polylopha,1
echinocactus_platyacanthus,1
flow_rate,1
solid_state,1
solid_state_reactor,1
functionalized_ligand,1
epiphysis_plate,1
thoracic_limb,1
sesamoid_bone,1
anteater,1
vibrating_system,1
on_line_estimation,1
harmonic_component,1
multiple_frequency,1
b_spline_neural_network,1
electric_oscillation,1
safety_culture,1
dental_student,1
dentist,1
medical_error,1
cingulata,1
unemployment_rate,1
atomistic_simulation,1
replica_exchange_molecular_dynamic_simulation,1
coil_to_globule_transition,1
n__isopropylacrylamide,1
acrylic_monomer,1
seismic_simulation,1
displacement,1
residual_displacement,1
simple_expression,1
maximum_displacement,1
single_degree_of_freedom_system,1
non_covalent_bonding,1
physical_chemical_interaction,1
cavity_dimension,1
toxic_material,1
scheduling_and_control,1
computational_solution,1
optimization_problem,1
planning_and_scheduling,1
nmpc,1
decomposition_strategy,1
economic_analysis,1
industrial_output,1
economic_variable,1
commerce,1
capital_investment,1
economic_recession,1
detrended_fluctuation_analysis,1
cycling_behavior,1
economic_activity,1
financial_market,1
model_based_clustering,1
non_parametric_mixture_model,1
probability_measure,1
bayesian_estimation,1
density_estimation,1
bayesian_nonparametrics,1
convergence_property,1
preferential_adsorption,1
pristine_material,1
continuous_symmetry,1
superintegrability,1
functional_form,1
hamiltonian_system,1
bertrand,1
boundedness,1
optimization_formulation,1
local_extinction,1
ceratozamia,1
zamiaceae,1
divergence,1
clinical_competence,1
patient_safety,1
dental_education,1
"education,_dental",1
risk_reduction,1
convenience_sample,1
speech,1
patient_harm,1
computational_geometry,1
inbreeding,1
cycadopsida,1
decay,1
floor,1
knowledge,1
gemfibrozil,1
pleurotus,1
lignin,1
lignin_peroxidase,1
bezafibrate,1
manganese_peroxidase,1
polyporaceae,1
indomethacin,1
laccase,1
health_care_survey,1
scale_up,1
oral_rehydration_solution,1
fluid_therapy,1
sudan,1
antiparasitic_agent,1
hopane,1
beta_amyrin_palmitate,1
cnidoscolus_spinosus,1
triterpene_derivative,1
hopanoid,1
glycoside_hydrolase_inhibitor,1
yeast,1
glycosidase_inhibitor,1
euphorbiaceae,1
"abortion,_induced",1
induced_abortion,1
"abortifacient_agents,_steroidal",1
medical_record_review,1
confidence_interval,1
"abortifacient_agents,_nonsteroidal",1
wave_interference,1
laserinduced_breakdown_spectroscopy,1
time_resolved_spectroscopy,1
fast_photography,1
dynamic_variation,1
anaerobic_degradation,1
temperature_condition,1
environmental_pollution_problem,1
energy_management,1
value_added_product,1
levenberg_marquardt_method,1
leishmania_mexicana,1
triterpenes,1
crystallography,1
phytosterol,1
antiparasitic_activity,1
propulsion_force,1
propulsion,1
curvature_effect,1
one_dimension,1
computational_tool,1
molecular_mechanism,1
driving_force,1
van_der_waals_interaction,1
energy_efficient,1
plume_dynamic,1
spark_discharge,1
optical_characterization,1
laser_spectroscopy,1
laser_produced_plasma,1
narrowband_interference_filter,1
libs,1
diagnostic_agent,1
leukopenia,1
lymphocytosis,1
abdominal_pain,1
activity_bactericidal_assay,1
bactericidal_activity,1
chemoluminescence,1
bacterium_culture,1
neutrophilia,1
blood_bactericidal_activity,1
nutritional_disorder,1
gentamicin,1
leukocytosis,1
toll_like_receptor,1
curved_substrate,1
one_dimensional_channel,1
horseradish_peroxidase,1
bacteriological_technique,1
microbiological_examination,1
infant_nutrition_disorder,1
serum_bactericidal_activity,1
zymosan,1
hank_balanced_salt_solution,1
integral_parameter,1
renormalization_group_theory,1
rotational_speed,1
complex_geometry,1
magnetorheological_fluid,1
rotating_ring,1
statistical_mechanic,1
circulation_time,1
androgen_receptor_antagonist,1
liver_function_test,1
liver_injury,1
bile_flow,1
bile_salt_export_pump,1
biliary_epithelium,1
gamma_glutamyl_transferase_blood_level,1
basolateral_membrane,1
cystic_fibrosis_transmembrane_conductance_regulator,1
liver_parenchyma,1
abc_transporter,1
alkaline_phosphatase_blood_level,1
scatter_factor_receptor,1
aspartate_aminotransferase_blood_level,1
liver_histology,1
"cholestasis,_intrahepatic",1
gamma_glutamyltransferase,1
macitentan,1
pulmonary_artery,1
phospholipase_c,1
biological_product,1
experimental_modeling,1
diverse_technique,1
thrombin_inhibition,1
denaturation,1
solubilizers,1
anti_coagulant_drug,1
molecular_coupling,1
coupling_energy,1
intrahepatic_cholestasis,1
bilirubin,1
"hgf_protein,_mouse",1
alanine_aminotransferase_blood_level,1
xanthohumol,1
poultry_product,1
aurantiin,1
soybean_milk,1
polyphenol,1
citrulline,1
inositol_trisphosphate,1
aubergine,1
riociguat,1
docosahexaenoic_acid,1
resveratrol,1
genistein,1
blueberry_extract,1
capsaicin,1
endothelin,1
acetylcysteine,1
antihypertensive_activity,1
myosin_light_chain_kinase,1
icosapentaenoic_acid,1
baicalein,1
lipoxygenase,1
lung_vascular_resistance,1
physical_capacity,1
ambrisentan,1
thymoquinone,1
myosin_light_chain,1
myosin_light_chain_phosphatase,1
fibrosis,1
guanosine_phosphate,1
isoflavone,1
propolis,1
pulmonary_hypertension,1
lung_artery_pressure,1
argininosuccinate_synthase,1
vascular_smooth_muscle_cell,1
allicin,1
sulforaphane,1
myoglobin,1
thrombocyte_aggregation,1
thymol,1
gelatinase_a,1
vasculotropin,1
pulmonary_arterial_hypertension,1
terpene,1
acetylcholine,1
gastric_inhibitory_polypeptide,1
beetroot_juice,1
guanylate_cyclase,1
arterial_pressure,1
endothelial_nitric_oxide_synthase,1
hyperpolarization,1
angiogenesis,1
nutraceutical,1
berberine,1
monocrotaline,1
cell_metabolism,1
prevention_and_control,1
androgen_antagonist,1
androgen_receptor,1
brain_neoplasm,1
brain_tumor,1
cyproterone,1
androstanolone,1
androstenedione,1
mango_kernel_extract,1
mango_fruit,1
fungicide,1
vasodilatation,1
lactate_dehydrogenase,1
aldehyde_oxidase,1
heart_protection,1
atrial_natriuretic_factor,1
amino_acid_transporter,1
prostanoid_receptor,1
artery_wall,1
watermelon,1
intestine_flora,1
propofol,1
grape_juice,1
prostacyclin,1
zebrafish,1
survivin,1
cancer_stem_cell,1
aurora_kinase_b,1
solid_solution,1
catalytic_property,1
bifunctional_material,1
moderate_temperature,1
mars_van_krevelen_mechanism,1
chemical_sorption,1
metal_substitution,1
copper_reduction,1
crystalline_structure,1
colletotrichum_brevisporum,1
anti_fungal_activity,1
cultivation,1
"incenp_protein,_human",1
"chromosomal_proteins,_non_histone",1
nonhistone_protein,1
neoplastic_stem_cell,1
androgen_synthesis,1
antiandrogen,1
flutamide,1
hormone_action,1
hydrodynamic_parameter,1
shear_thinning,1
tank,1
shear_thinning_fluid,1
shear_flow,1
aurora_b_kinase,1
"aurkb_protein,_human",1
zebra_fish,1
mean_excitation_energy,1
dipole_property,1
high_pressure,1
excitation_spectrum,1
spectrum_property,1
static_dipole_polarizabilities,1
artisanal_fishery,1
octopodidae,1
octopus_hubbsorum,1
electromagnetic_pulse,1
inter_molecular_force,1
functionalized_carbon_nanotube,1
nanostructure_material,1
mechanical_and_electrical_property,1
polystyrene,1
styrene,1
eucoccidiida,1
ranidae,1
coccidia,1
florida,1
hepatozoon,1
protozoon,1
trypanosoma,1
waist_to_height_ratio,1
"polymorphism,_single_nucleotide",1
genome_wide_association_study,1
homeostasis_model_assessment,1
"cholesterol,_hdl",1
insulin_resistance,1
critical_pressure,1
high_pressure_effect,1
crossing_point,1
recurrence_quantification_analysis,1
electronic_component,1
multivariable_control_system,1
power_quality_disturbance,1
mode_decomposition,1
micro_grid,1
economic_and_social_effect,1
candelilla_wax,1
bakery,1
short_range_ordering,1
trade_off_problem,1
viscoelastic_property,1
blood_smear,1
parasite,1
tabasco,1
blood_parasite,1
calcium_binding_protein,1
electric_activity,1
distribution_feeder,1
power_quality,1
real_measured_data,1
non_newtonian_flow,1
viscous_flow,1
elasticity,1
viscous_dissipation,1
laminar_mixing,1
fluid_rheology,1
geometric_ratio,1
titanium_surface,1
nitrogen_monoxide,1
monitoring,1
disturbance_classification,1
electromagnetic_simulation,1
numerical_data,1
policy_implementation,1
insurance_system,1
natural_hazard,1
flood_control,1
mitigation,1
following_problem,1
metric_space,1
complete_solution,1
bounded_space,1
free_topological_group,1
topological_space,1
scattered_space,1
metrizable_space,1
intracellular_space,1
reactor_startup,1
ofmsw,1
inoculation,1
semi_continuous_feeding,1
acclimation,1
operational_parameter,1
inoculum_acclimatization,1
semi_continuous,1
methane_production,1
semi_continuous_reactor,1
noise_figure,1
absorption_rate,1
surface_coil,1
q_factor_measurement,1
coil_design,1
phantom_image,1
terbium_compound,1
continuous_process,1
experimental_parameter,1
removal_efficiency,1
acetaminophen,1
solar_galvanic_fenton,1
optimal_condition,1
galvanic_fenton,1
reflexive,1
pseudocompact,1
hausdorff,1
abelian_group,1
convergent_sequence,1
precompact,1
pointwise_convergence,1
baire_property,1
morula,1
inhalant_abuse,1
homeless_person,1
mental_disorder,1
luminescence_property,1
single_crystal,1
praseodymium_compound,1
isostructural_material,1
modulation,1
single_crystal_and_powder,1
enhanced_fluorescence,1
fourier_transform_infrared,1
characteristic_emission,1
rare_earth_element,1
bioactivity,1
triclinic_space_group,1
blastocyst,1
cloning,1
"cloning,_organism",1
collagenase,1
skin_culture,1
embryonic_development,1
blastomere,1
oxygen_molecule,1
pollutant_molecule,1
adsorption_energy,1
ozone_layer,1
nitrogen_dioxide,1
titanium,1
oocyte,1
mammalian_embryo,1
bighorn_sheep,1
elvitegravir,1
nevirapine,1
atazanavir,1
lopinavir,1
human_immunodeficiency_virus,1
antiviral_resistance,1
osa_modification,1
pickering_emulsion,1
maize_starch_nanocrystals,1
oil_in_water_emulsion,1
starch_nanocrystals,1
cosmetic_product,1
embryo_transfer,1
"sheep,_bighorn",1
"embryo,_mammalian",1
embryo_development,1
biological_property,1
acrylamide,1
darunavir,1
"drug_resistance,_viral",1
efavirenz,1
nonnucleoside_reverse_transcriptase_inhibitor,1
raltegravir,1
conventional_system,1
queueing_theory,1
game_theory,1
secondary_user,1
queuing_theory,1
adaptive_coding_scheme,1
dolutegravir,1
anti_hiv_agent,1
anti_human_immunodeficiency_virus_agent,1
methacrylic_acid,1
polymethacrylic_acid,1
ph_sensitive_hydrogel,1
toxicity_test,1
aortic_endothelial_cell,1
hemolysis,1
n_isopropylacrylamide,1
n_isopropylacrylamides,1
acrylamide_derivative,1
ph_sensor,1
blood_cell,1
copolymer,1
field_emission_scanning_electron_microscopy,1
methacrylates,1
polymethacrylic_acid_derivative,1
material_testing,1
per_unit,1
spectroscopic_method,1
detection_assay,1
limit_of_quantitations,1
organophos_phorus_pesticide,1
environmental_water_sample,1
effluent_treatment,1
recycling_experiment,1
fluorescence_technique,1
photogenerated_charge,1
dimethoate,1
limit_of_detection,1
organic_matter,1
variation_coefficient,1
biological_characterization,1
synthesized_particle,1
exchange_and_correlation,1
temperature_increase,1
structural_behavior,1
archaea,1
root_mean_square_deviation,1
archaeon,1
pyrococcus,1
o_methylguanine_dna_methyltransferase,1
periodic_boundary_condition,1
hyperthermophilic_archaeon,1
dna_methyltransferases,1
methylated_dna_protein_cysteine_methyltransferase,1
structure_transformation,1
bottleneck_effect,1
cell_parameter,1
magnesium_compound,1
molecular_modeling,1
biological_environment,1
conformational_behavior,1
dendritic_derivative,1
hydroxyl_radical_formation,1
rhodium_compound,1
rhb_photodegradation,1
surface_plasmon_resonance_effect,1
microwave_assisted_hydrothermal,1
rhodamine_b,1
local_parameter,1
extended_system,1
parametrizations,1
varying_parameter,1
expansion_behavior,1
linear_response,1
adsorption_mechanism,1
co_adsorption,1
o_ring,1
periodic_density_functional_theory,1
hydroxo_group,1
pi_interaction,1
thermal_equilibrium,1
constant_magnetic_field,1
langevin,1
langevin_equation,1
charged_particle,1
deterministics,1
bohr_van_leuuwen_theorem,1
conformational_search,1
amphiphilic_structure,1
amphiphilic_character,1
butyrylcholinesterase,1
hemodynamics,1
glucose_tolerance_test,1
"receptors,_cholinergic",1
cholinesterase,1
organ_weight,1
semen_abnormality,1
sperm_count,1
protein_carbonylation,1
mitochondrial_enzyme,1
stereology,1
ferric_reducing_antioxidant_power,1
cholinergic_system,1
nicotinamide,1
cholinergic_receptor,1
niacinamide,1
drug_urine_level,1
immunomodulating_agent,1
peroxy_radical,1
selenium_compound,1
free_radical_scavenging_assay,1
deprotonation,1
primary_antioxidant,1
diffusion_limited,1
physiological_ph,1
selenium_derivative,1
acid_dissociation_constant,1
different_mechanism,1
peroxyl_radical,1
water_economics,1
water_resource,1
aryldialkylphosphatase,1
growth_disorder,1
niger,1
"chromatography,_high_pressure_liquid",1
drug_transformation,1
volume_of_distribution,1
sphaeralcea_angustifolia_extract,1
reference_standard,1
malvaceae,1
scopoletin,1
coumarin_derivative,1
sphaeralcic_acid,1
standard,1
tomentin,1
pharmacokinetic_parameter,1
coumarin,1
coumarins,1
transfer_matrix_method,1
reflectivity_spectrum,1
mirror,1
near_infrared_range,1
interface_scattering,1
dielectric_layer,1
omnidirectional_mirror,1
yemen,1
pakistan,1
afghanistan,1
lowest_income_group,1
southeast_asia,1
hygiene,1
childhood_disease,1
india,1
ethiopia,1
shotgun_proteomics,1
cell_signaling,1
sewer,1
pipe_water,1
defecation,1
bottle_water,1
surface_water,1
rain,1
well_water,1
child_death,1
natural_spring,1
dam,1
measurement_of,1
wavelength_range,1
porous_silicon,1
te_polarization,1
isothermal_compressibility,1
dipole_moment_density,1
liquid_vapor_interface,1
dipole_moment,1
volumetric_expansion,1
theoretical_value,1
theoretical_expression,1
scattering_region,1
locally_periodic_system,1
delayed_response,1
optical_modeling,1
pentachlorophenol_degradation,1
degradation_process,1
proteomic_study,1
methyltransferases,1
proteomic_analysis,1
sperm_quality,1
testis_tumor,1
orchidopexy,1
kit_gene,1
cardiotoxicity,1
judgment,1
trastuzumab,1
melanin,1
specie_difference,1
imago,1
scorpion,1
exoskeleton,1
animal_shell,1
ultraviolet_ray,1
specie_specificity,1
lennard_jones_parameter,1
pediatric_patient,1
cryptorchism,1
ar_gene,1
tumor_diagnosis,1
orchiectomy,1
germ_cell_tumor,1
body_weight_gain,1
mitochondrial_membrane_potential,1
nanotoxicology,1
testis_tissue,1
single_walled_nanotube,1
cell_membrane_depolarization,1
reproductive_toxicity,1
multi_walled_nanotube,1
epididymal_tissue,1
glutathione_disulfide,1
renewables,1
energy_consumption,1
olefin,1
range_expansion,1
scarabaeidae,1
electron_confinement,1
uncertainty_relation,1
confined_quantum_system,1
hydrogenic_atom,1
fisher_information,1
fisher_information_matrix,1
complexity_measure,1
aluminophosphates,1
hydrocarbon,1
acid_function,1
methanol_to_hydrocarbons,1
noradrenalin,1
dental_enamel_hypoplasia,1
incisor,1
enamel_hypoplasia,1
mother,1
densitometry,1
dosimetry,1
lung_alveolus_epithelium_cell,1
alveolar_epithelial_cell,1
proto_oncogene_protein_c_akt,1
reactivity,1
headspace_technique,1
evaporative_emission,1
flame_ionization_detector,1
combustion_emission,1
gasoline_vapor,1
longevity,1
life_style,1
all_cause_mortality,1
healthy_aging,1
alcohol_consumption,1
integer_index,1
laguerres_polynomial,1
ladder,1
algebraic_solution,1
polynomial,1
relativistics,1
generalisation,1
vector_space,1
extra_variable,1
energy_eigenstates,1
norepinephrine,1
anaerobiosis,1
fossil_fuel_deposit,1
manure,1
suidae,1
life_cycle_assessment,1
environmental_benefit,1
energy_yield,1
gas_flaring,1
fertilizer,1
environmental_impact_assessment,1
photooxidation,1
developing_world,1
pig_manure,1
alcohol_drinking,1
hazard_ratio,1
drinking_behavior,1
transient_expression,1
cell_motion,1
cancer_cell,1
protein_expression_level,1
environmental_assessment,1
electricity_production,1
swine_manure,1
energy_production,1
agricultural_land,1
energy_use,1
photochemical_oxidation,1
medium_scale,1
life_cycle,1
composting,1
anaerobic_growth,1
eutrophication,1
homeostasis,1
academic_medical_center,1
natriuretic_peptide,1
natriuretic_factor,1
atrial_appendage,1
cell_movement,1
cyclic_amp_dependent_protein_kinase,1
"receptors,_estrogen",1
transcription_factor_ets,1
neoplasm_metastasis,1
codon,1
mutagenesis,1
ci_acting_element,1
ets_motif,1
metastasis,1
ets_domain,1
transformer_design,1
similar_pattern,1
hotspot_temperature,1
comsol_multiphysics,1
model_based_opc,1
high_operating_temperature,1
finite_element_simulation,1
arthropod,1
temporal_variation,1
environmental_gradient,1
dry_season,1
altitudinal_zonation,1
pseudoscorpiones,1
arachnida,1
heart_atrium_appendage,1
university_hospital,1
electrophysiological_property,1
macroscopic_current,1
shape_based_segmentation,1
segmentation_process,1
contour_measurement,1
subcutaneous_adipose_tissue,1
segmentation_algorithm,1
shape_based_interpolation,1
active_contour,1
automatic_segmentation,1
three_dimensional_computer_graphic,1
sars_virus,1
wastewater_based_epidemiological_monitoring,1
"rna,_viral",1
water_microbiology,1
ann_prediction,1
mucilage,1
sesame_oil,1
sesamum,1
flow,1
electrophysiology,1
intelligent_system,1
"models,_theoretical",1
relative_contribution,1
qualitative_model,1
electrical_activity,1
insulin_secreting_cell,1
theoretical_model,1
membrane_potential,1
electrophysiological_model,1
action_potential,1
optimization_procedure,1
organ_transplantation,1
ovalbumin,1
opiate,1
psychoneuroimmunology,1
neurobiology,1
brain_stem,1
associative_learning,1
capsule,1
microcapsule,1
drug_compounding,1
dietary_fat,1
tamarind_seed_mucilage,1
plant_mucilage,1
tamarindus,1
tamarind,1
sesame_seed_oil,1
plastic,1
equipment,1
extraction_method,1
allergy,1
malignant_neoplasm,1
efferent_nerve,1
immunostimulation,1
sensory_nerve,1
"conditioning,_psychological",1
immunocompetent_cell,1
reinforcement,1
cyclosporine,1
polyinosinic_polycytidylic_acid,1
lymphocyte_antibody,1
lithium_chloride,1
autoimmune_disease,1
"bsg_protein,_human",1
monocyte_culture,1
essential_oil,1
maltodextrins,1
microcapsules,1
peroxide_index,1
methanol_electrochemical_oxidation,1
core_shell_nanoparticles,1
shell_nanoparticles,1
voltammetric_cycle,1
silver_alloy,1
steady_state_current,1
methanol_oxidation_reaction,1
electrocatalysts,1
switching_potential,1
ruthenium_alloy,1
atmospheric_model,1
supercomputer,1
rheological_property,1
weight_hourly_space_velocity,1
nanocrystalline_zeolite,1
product_distribution,1
ozone_water_treatment,1
glass_substrate,1
ceria_film,1
catalytic_ozonation,1
spray_pyrolysis,1
spray_pyrolysis_method,1
ozonization,1
toc_removal,1
psoriasis,1
basigin,1
cost,1
photo_electrocatalysis,1
tin_oxide,1
photoelectrochemicals,1
grain_size_and_shape,1
modified_zeolite,1
ion_exchange_technique,1
lie_algebra,1
angular_momentum,1
synthetic_spectrum,1
effective_temperature,1
stellar_atmosphere,1
star,1
wolf_rayet_star,1
terminal_velocity,1
hertzsprung_russell_diagram,1
physico___chemical_parameter,1
water_quality,1
statistical_method,1
constraint_handling,1
multi_objective_evolutionary_algorithm,1
descent_direction,1
bi_objective_optimization,1
local_search_engine,1
population_based_algorithm,1
search_engine,1
efficient_computation,1
pulse_plating_electrodeposition,1
fluorine_doped_tin_oxide,1
degradation_of_pollutant,1
pollutant_degradation,1
photoelectrochemical_application,1
biochemical_oxygen_demand,1
geostatistics,1
geo_statistics,1
kriging,1
kriging_interpolation,1
spatial_and_temporal_variation,1
water_quality_parameter,1
visco_elastic_parameter,1
resistant_starch,1
chondrocytes,1
nutrient_dynamic,1
spatial_and_temporal_variability,1
puebla_[puebla_],1
geostatistical_analysis,1
leave_one_out_cross_validation,1
petroleum_reservoir,1
band_gap_value,1
cu_content,1
blue_emission,1
doped_glass,1
energy_eigenvalue,1
dipole_matrix_element,1
time_independent,1
potential_parameter,1
comparison_theorem,1
radial_matrix_element,1
strong_dependence,1
acceleration_system,1
simple_system,1
management,1
technological_change,1
automotive_engineering,1
giemsa_stain,1
public_transport,1
urban_transport,1
social_exclusion,1
gender_relation,1
metropolitan_area,1
"blotting,_western",1
immunophenotyping,1
three_dimensional_cell_culture,1
urban_planning,1
accessibility,1
cu+_doped_glass,1
optical_band_gap,1
cu_doped,1
cold_bluish_white_and_blue,1
cooper_ion,1
data_handling,1
abdominal_surgery,1
glutamine,1
c_reactive_protein,1
intestinal_fistula,1
skin_fistula,1
intestine_fistula,1
recurrence,1
digestive_system_surgical_procedure,1
postoperative_complication,1
cutaneous_fistula,1
preoperative_care,1
disease_resistance,1
pond,1
testing_method,1
maternal_mortality,1
intestine_fluid,1
small_intestine,1
plasma_cell,1
"intestine,_small",1
innervation,1
mucosal_immunity,1
immunoglobulin_a,1
intestinal_mucosa,1
posterior_subdiaphragmatic_vagotomy,1
vagotomy,1
data_collection,1
computer_programming,1
learning_of_programming,1
basic_concept,1
it_architecture,1
control_structure,1
baby_food,1
density_response,1
reactivity_index,1
protonation_site,1
perturbative_model,1
perturbative_expansion,1
electronic_system,1
quantum_description,1
protonation,1
cell_suspension,1
lamina_propria,1
peyer_patch,1
"immunity,_mucosal",1
intestine_mucosa,1
cytofluorometry,1
vagus_nerve,1
tryptophan_residue,1
proton_transport,1
hydrogen_transfer,1
kinetic_and_thermodynamic_study,1
tyrosine_residue,1
free_radical_reaction,1
repair_mechanism,1
tryptophan,1
computational_kinetics,1
computational_thermodynamics,1
lanthanum,1
infant_nutrition,1
artificial_milk,1
infant_nutritional_physiological_phenomenon,1
infant_food,1
infant_formula,1
pramipexole,1
motor_dysfunction,1
aromatic_hydrocarbon,1
theoretical_chemistry,1
rational_design,1
induced_magnetic_field,1
electron_delocalization,1
mineral_oil,1
bonding_analysis,1
aromaticities,1
electronic_effect,1
energy,1
proton,1
single_electron_transfer,1
superoxide_radical_anion,1
tyrosine,1
authorship_identification,1
negative_predictive_value,1
confusion_matrix,1
classification_model,1
amount_of_information,1
osteoporosis,1
host_microbial_interaction,1
peptide_and_protein,1
favipiravir,1
molecular_analysis,1
deferoxamine,1
tofacitinib,1
observed_probability,1
dopamine_agonist,1
antiparkinson_agent,1
par_compacta,1
blastocystis,1
opossum,1
blastocystosis,1
molecular_typing,1
protozoal_dna,1
bulk_driven,1
low_voltage_analog_circuit,1
drain_current,1
alternative_design,1
cmos_integrated_circuit,1
quasi_floating_gate,1
integrated_circuit_design,1
low_voltage_design,1
bulk_transistor,1
capacitive_coupling,1
automatic_algorithm,1
er_models,1
narrative_generation,1
plot_evaluation,1
similarity_graph,1
database_course,1
entity_relationship,1
teaching_learning_process,1
er_diagram,1
uruguay,1
residence_characteristic,1
blastocystis_lapemi,1
rodentia,1
host_specificity,1
"dna,_protozoan",1
blastocystis_infection,1
host_range,1
second_law_of_thermodynamics,1
initial_configuration,1
telomere_length,1
asymptomatic_disease,1
huntingtin,1
cellular_senescence,1
telomere_shortening,1
huntingtin_protein,1
"htt_protein,_human",1
trinucleotide_repeat,1
correlation_of_data,1
symptom_assessment,1
cell_aging,1
trinucleotide_repeat_expansion,1
dna_repair,1
knowledge_based_system,1
finite_field,1
linear_transformation,1
key_operation,1
theoretical_point,1
inverse_transformation,1
fault_tolerant,1
input_and_output,1
massive_storage_system,1
dispersion_coefficient,1
effective_dispersion_coefficient,1
fluid_mechanic,1
general_fluid_mechanic,1
asymptotic_analysis,1
mixing_and_dispersion,1
convergence_of_solution,1
hydrodynamic_dispersion,1
short_pulse,1
dark_optical_soliton,1
dark_soliton,1
computation_work,1
mobile_cellular_network,1
higher_order_statistic,1
handoff_failure_probability,1
system_level_performance,1
forced_termination_probability,1
mobile_telecommunication_system,1
time_interval_variable,1
distributed_random_variable,1
performance_sensitivity,1
coefficient_of_variation,1
random_access_storage,1
mathematical_transformation,1
bread,1
euphorbia,1
wax,1
food_handling,1
taste,1
flour,1
food_quality,1
organic_chemical,1
rapeseed_oil,1
activity_of_daily_living,1
exercise_test,1
daily_life_activity,1
physical_fitness,1
exact_solution,1
substitution_method,1
discretizations,1
carboxymethylcellulose,1
tetraethoxysilane,1
nanocomposite,1
nanogel,1
conservative_treatment,1
amputation,1
outcome_assessment,1
diabetic_retinopathy,1
epithelization,1
edema,1
diuretic_agent,1
heart_muscle_ischemia,1
nanomedicine,1
losartan,1
granulation_tissue,1
oleogels,1
frequency_domain_analysis,1
electromagnetic_radiation,1
radiation_scattering,1
molecular_marker,1
raman_spectrometry,1
expensive_equipment,1
electromagnetic_reflection,1
measurement,1
minimally_invasive,1
hyperkeratosis,1
biguanide,1
titanium_dioxide_nanoparticle,1
diabetic_foot,1
silica_nanoparticle,1
iron_oxide,1
copper_nanoparticle,1
hybrid_configuration,1
metal_incorporation,1
sputtering_plasma,1
deposition,1
effective_charge,1
electrochemical_study,1
thermoanalysis,1
crystal_size,1
impedance_measurement,1
genetic_medicine,1
impedance,1
quantitative_value,1
radiofrequency,1
economical_method,1
scattering_parameter,1
ribosomal_subunit,1
cellulosic_ethanol,1
waste_technology,1
steam_explosion,1
camera,1
musculoskeletal_system,1
security_system,1
classification_methodology,1
camera_angle,1
surveillance_video,1
skeletonization,1
people_recognition,1
multicomponent_thin_film,1
index_of_refraction,1
structural_and_optical_property,1
laser_ablation_plasma,1
structural_metal,1
set_theory,1
cosmic_space,1
m_diagonal,1
second_countable_space,1
metrizable_compact_space,1
countably_compact_space,1
domination,1
domination_by_a_separable_metric_space,1
inhibitor,1
biological_method,1
combined_severity_factor,1
microbiotas,1
chemical_pre_treatment,1
rumen,1
hydrothermal_activity,1
hydrochemistry,1
rectal_temperature,1
weaning,1
physiological_process,1
blood_gas,1
calf,1
breathing_rate,1
mineral_balance,1
water_buffalo,1
red_meat,1
separable_metric_space,1
cosmics,1
compact_space,1
the_space_p_of_irrational,1
lindelof_σ_space,1
cosmology,1
metrizability,1
aggrecan,1
glycosaminoglycan,1
interstitial_collagenase,1
weak_story,1
concentration_factor,1
shear_strength,1
nonlinearity,1
soft_story,1
dynamic_analysis,1
ductility_demand,1
structural_response,1
story_drift,1
ductility,1
cattle_farming,1
skin_surface,1
gas_exchange,1
plastic_hinge,1
non_structural_element,1
epicentral_region,1
dynamic_response,1
design_procedure,1
damage_assessment,1
steel_building,1
steel_structure,1
cell_culture_technique,1
three_dimensional_culture,1
"cartilage,_articular",1
metalloproteinase,1
dangerous_good,1
metalloproteases,1
hazardous_substance,1
stromelysin,1
sonochemical_synthesis,1
formation_mechanism,1
electron_microscopy,1
naoh_concentration,1
trichome,1
dependent_variable,1
heat_transfer_process,1
generation_iv_nuclear,1
diffusion_theory,1
pebble_bed_reactor,1
equality_constraint,1
search_space,1
unconstrained_problem,1
constrained_multi_objective_optimization,1
evolutionary_multiobjective_optimization,1
objective_space,1
trna_si_gene,1
trna_w_gene,1
interface_structure,1
sonochemistry,1
metal_oxide,1
ostwald_ripening_process,1
protein_interaction,1
interferon_induced_protein_with_tetratricopeptide_repeat,1
medicine,1
protein_kinase_r,1
chloroquine,1
ruxolitinib,1
drug_development,1
boron_compound,1
alkaline_solution,1
hydrothermal_synthesis,1
octopus_cyanea,1
genetic_code,1
length,1
mitochondrial_genome,1
callistoctopus_minor,1
amphioctopus_marginatus,1
octopus_bimaculatus,1
vampyroteuthis_infernalis,1
trna_gene,1
trna_f_gene,1
trna_a_gene,1
catch_selectivity,1
amphioctopus_aegina,1
trna_h_gene,1
trna_g_gene,1
trna_q_gene,1
cytb_gene,1
argonauta_hians,1
octopus_fitchi,1
octopus_conispadiceus,1
trna_c_gene,1
trna_i_gene,1
trna_y_gene,1
trna_k_gene,1
pigmy_specie,1
trna_v_gene,1
trna_r_gene,1
rrna_gene,1
gene_order,1
amphioctopus_fangsiao,1
trna_e_gene,1
trna_d_gene,1
membrane_formation,1
membrane_material,1
environmental_change,1
united_kingdom,1
ecological_theory,1
analytical_framework,1
trna_p_gene,1
trna_n_gene,1
transfer_rna,1
callistoctopus_luteus,1
trna_m_gene,1
octopus_bimaculoides,1
trna_t_gene,1
octopus_vulgaris,1
tremoctopus_violaceus,1
taxonomic_rank,1
welfare,1
zebu,1
survival_analysis,1
bullock,1
desert,1
osteoblast,1
rank_ligand,1
osteoclast_differentiation_factor,1
osteoprotegerin,1
osteoclast,1
swift_heavy_ion,1
biosensors,1
weak_organic_acid,1
capacitive_current,1
optimum_efficiency,1
nanostruct,1
thesaurus,1
dissimilarity_measure,1
on_the_fly,1
automatic_validation,1
pointwise_mutual_information,1
lexical_resource,1
compositionality,1
hybrid_photocatalysts,1
hybrid_material,1
microwave_irradiation,1
uranium_metallography,1
optimal_material,1
cold_stress,1
drinking,1
comfort,1
housing,1
oligosaccharide,1
enzyme_glycosylation,1
protein_acetylation,1
carbohydrate_synthesis,1
lecanicillium_lecanii,1
mannose,1
"amelx_protein,_human",1
intracellular_signaling_peptide_and_protein,1
signal_peptide,1
"odam_protein,_human",1
carrier_protein,1
pancreas,1
islet_of_langerhans,1
pancreas_islet,1
pancreas_islet_cell,1
cell_contact,1
paramagnetic_center,1
key_characteristic,1
population_statistic,1
socio_cultural,1
economic_characteristic,1
socio_economics,1
spreader,1
complex_network,1
separator,1
gross_domestic_product,1
n_acetylglucosamine,1
n_acetyllactosamine,1
n_acetyl_beta_glucosaminidase,1
acetylglucosaminidase,1
submerged_cell_culture,1
acetylation,1
bridge_construction,1
dental_procedure,1
stain_removal,1
sodium_fluoride,1
degree_of_circular_polarization,1
gallium_alloy,1
electrospinning,1
recombination_mechanism,1
conduction_band_electron,1
iii_v_semiconductor,1
excitons,1
spin_polarization,1
spin_dependent_recombination,1
zeeman_contribution,1
semiconductor_alloy,1
oblique_magnetic_field,1
disease_course,1
fluid_intake,1
pollution_exposure,1
groundwater_pollution,1
smooth_domain,1
control_engineering,1
minimality,1
quasi_convexity,1
diffeomorphic,1
calculus_of_variation,1
bridge,1
time_dependent,1
stochastic_uncertainty,1
fragility_curve,1
fragility_assessment,1
cumulative_damage,1
somatic_cell,1
gene_expression_level,1
goat_disease,1
staphylococcus_infection,1
breast_cell,1
interleukin_derivative,1
staphylococcus_chromogenes,1
mammary_gland,1
staphylococcus,1
staphylococcal_infection,1
mastitis,1
durango,1
water_use,1
carcinogenicity,1
carcinogen,1
government,1
gate_voltage,1
source_drain,1
facebook,1
social_medium_marketing,1
online_audience,1
public_figure,1
marketing,1
metadata_information,1
membrane_protein,1
intracellular_signaling,1
pancreas_cancer,1
transgene,1
pancreatic_cancer_cell_line,1
cancer_inhibition,1
experimental_infection,1
interleukin,1
network_efficiency,1
fractal_dimension,1
density_wave_oscillation,1
local_power_range_monitor,1
unstable_oscillation,1
higuchi_fractal_dimension,1
non_linear_stability,1
scientific_community,1
conventional_power,1
external_voltage,1
oxide_layer,1
ion_track,1
niobium_compound,1
high_energy_ball_milling,1
amyl_acetate,1
ball_milling,1
rotation,1
electron_nuclear_dynamic,1
nuclear_reaction,1
theory,1
glycine_molecule,1
stopping_cross_section,1
scc_dftb,1
vibrational_contribution,1
dynamic_emergence,1
interaction_network,1
emergent_phenomenon,1
flocking_behavior,1
collective_motion,1
swarm_intelligence,1
topological_rule,1
topological_interaction,1
antibiotic_therapy,1
tuberculostatic_agent,1
rifampicin,1
multidrug_resistance,1
drug_megadose,1
lung_tuberculosis,1
multidrug_resistant_tuberculosis,1
"tuberculosis,_multidrug_resistant",1
rifampin,1
toxic_hepatitis,1
isoniazid,1
radiation_energy,1
density_functional_tight_binding,1
ab_initio_quantum_chemistry,1
chemical_binding,1
random_phase_approximation,1
exchange_correlation_potential,1
second_order_perturbation,1
lowest_unoccupied_molecular_orbital,1
derivative_discontinuity,1
molecular_orbitals,1
electron_affinity,1
approximate_inclusion,1
liver_toxicity,1
chemical_and_drug_induced_liver_injury,1
"antibiotics,_antitubercular",1
bacterial_load,1
mycobacterium_tuberculosis,1
"hgf_protein,_human",1
recombinant_scatter_factor,1
liver_function,1
lung,1
stress_analysis,1
realistic_simulation,1
movement_simulation,1
prototype,1
proportion,1
ab_resin,1
geometric_analysis,1
movement,1
max_sat,1
fixed_number,1
model_approach,1
empirical_investigation,1
team_composition,1
team_formation,1
negative_electron_affinity,1
perturbation_correction,1
vortex_flow,1
cross_linking_agent,1
in_vitro_digestion,1
starch_chain,1
crosslinking,1
amylose,1
succinic_acid,1
molar_mass,1
digestibility,1
amylopectin,1
cross_linking_reagent,1
amylose_content,1
octenyl_succinic_acid,1
hook,1
geometric_morphometrics,1
wing,1
directional_pattern,1
figure_of_merit,1
operating_bandwidth,1
design_frequency,1
mold,1
cost_reduction,1
transient_numerical_simulation,1
large_eddy_simulation,1
low_energy_consumption,1
physical_experiment,1
internal_flow_pattern,1
turbulence_model,1
square_cross_section,1
submerged_entry_nozzle,1
nozzle,1
hydrodynamic_analysis,1
geometry_relaxation,1
solid_electrolyte_interface,1
capacitance,1
series_capacitor,1
electrochemical_surface,1
quantum_capacitance,1
kohn_sham_formalism,1
applied_potential,1
thermal_engineering,1
correlation_method,1
thermal_model,1
model_result,1
single_basin_solar_still,1
professional_engineering,1
outlet_conduit,1
experimental_result,1
infectious_hypodermal_and_hematopoietic_necrosis_virus,1
cake_quality,1
sensory_attribute,1
sensory_quality,1
protein_coagulation,1
gelatinization_temperature,1
quality_property,1
holomorphic_function,1
isometric_condition,1
quantum_measurement,1
dimensional_space,1
hypercomplex_variable,1
higher_dimensional,1
complex_variable,1
complex_exponential_function,1
solid_electrolyte,1
contact_angle,1
human_colon,1
sustained_release,1
drug_encapsulation,1
water_repellence,1
gastric_condition,1
withania_somnifera,1
tinospora_cordifolia,1
ocimum_tenuiflorum,1
blood_biochemistry,1
lymphocyte_count,1
lamb,1
neutrophil_count,1
atomic_absorption_spectrometry,1
hematocrit,1
breeding_population,1
nitrifying_consortium,1
batch_cell_culture_technique,1
nitrifying_bacteria,1
biological_water_treatment,1
microspheres,1
agave_tequilana,1
antivirus_agent,1
virus_entry,1
antiviral_agent,1
drug_repositioning,1
virus_attachment,1
protein_interaction_map,1
masitinib,1
sorafenib,1
retinoic_acid_inducible_protein_i,1
fructans,1
electrode_modification,1
concentration_polarization,1
graphical_analysis,1
numerical_approach,1
time_delay_system,1
nonlinear_time_delay_system,1
stability_criterion,1
stabilization,1
complex_dynamical_system,1
delay_control_system,1
robust_stability,1
delay_free_system,1
biotransformation_process,1
ampicillin,1
biological_process,1
batch_cell_culture,1
hypha,1
"dna,_fungal",1
fungus_hypha,1
new_specie,1
fungal_dna,1
mycorrhiza,1
fungus_spore,1
glomeromycota,1
ribosomal_spacer_dna,1
mimosa_luisana,1
arbuscular_mycorrhiza,1
bode_diagram,1
electrode_composite,1
graphical_approach,1
in_situ_technique,1
composite_electrode,1
consumer_behavior,1
food_labeling,1
consumer_attitude,1
food,1
food_packaging,1
choice_behavior,1
tensile_strength,1
pravastatin,1
skin_penetration,1
spore,1
mycorrhizae,1
legume,1
"spores,_fungal",1
desert_climate,1
"rna,_ribosomal",1
"dna,_ribosomal_spacer",1
detection_limit,1
fractional_feedback_control,1
delta_operator,1
mittag_leffler,1
discrete_fractional_calculus,1
discrete_system,1
caputo_delta_difference,1
chaotics,1
pulse_control,1
fractional_order,1
controlling_chaos,1
lead_zirconate_titanate,1
dielectric_loss_tangent,1
dielectric_loss,1
temperature_distribution,1
ion_beam,1
s_function,1
local_density_of_state,1
electron_density_measurement,1
statistical_property,1
scattering_medium,1
disordered_conductor,1
carrier_concentration,1
quasi_one_dimensional,1
observation_point,1
scattering_property,1
propoxur,1
trace_level_determination,1
ion_selective_electrode,1
potentiometric,1
linear_interval,1
acetylcholinesterase_enzyme,1
half_life,1
uterine_cervix_tumor,1
siha_cell_line,1
antineoplastic_activity,1
nadh_dehydrogenase,1
ubiquitin_protein_ligase,1
ca_ski_cell_line,1
half_life_time,1
hela_cell,1
up_regulation,1
gene_knockout,1
resonance_state,1
low_index_surface,1
empirical_tight_binding_method,1
band_structure,1
tight_binding,1
health_equity,1
macronutrient_intake,1
interview,1
structured_questionnaire,1
micronutrient_intake,1
food_preference,1
caloric_intake,1
virus_cell_interaction,1
ore_analysis,1
thermal_pre_treatment,1
shrinking_particle_model,1
apparent_activation_energy,1
thiosulfate,1
performance_assessment,1
filtration,1
uterine_cervical_neoplasm,1
sacrificial_agent,1
precursor_material,1
solvothermal_method,1
rietveld_refinement,1
power_generation,1
polyfurfuryl_alcohol,1
curing_kinetics,1
reduced_graphene_oxide,1
ptoluenesulfonic_acid,1
curing,1
polymerization_reaction,1
catalytic_effect,1
polyfurfuryl,1
international_aid,1
equity,1
evidence_based_practice,1
brain_injury,1
cell_structure,1
porphyromonas_gingivalis_lipopolysaccharide,1
rhodobacter_sphaeroides_lipopolysaccharide,1
area_postrema,1
circumventricular_organ,1
bacterium_lipopolysaccharide,1
fuzzy_number,1
separability,1
function,1
zadehs_extension,1
skorokhod_metric,1
shrinkage,1
fuzzy_set,1
semiflow,1
hutchinson_operator,1
reorientation_time,1
equivalent_shear,1
floor_system,1
predator_prey_interaction,1
tropical_forest,1
panthera_onca,1
felidae,1
puma_concolor,1
felid,1
prey_preference,1
escherichia_coli_lipopolysaccharide,1
brain_infection,1
median_eminence,1
subfornical_organ,1
skeleton_analysis,1
microglia,1
site_directed_mutagenesis,1
olfactory_receptor,1
odorant_binding_protein,1
molecular_ecology,1
coralline_alga,1
larval_development,1
gamete,1
pocillopora,1
pavona,1
sexual_reproduction,1
sclerite,1
scleractinia,1
habitat_quality,1
recruitment,1
porites,1
swimming_speed,1
spatial_structure,1
confined_diffusion,1
dispersion_relation,1
reaction_diffusion_system,1
body_patterning,1
confined_system,1
reaction_diffusion_model,1
pattern_formation,1
turing_instability,1
binding_protein,1
recombinant_protein,1
"receptors,_odorant",1
solvation,1
lipocalin,1
molecular_recognition,1
"mutagenesis,_site_directed",1
last_interglacial,1
niche,1
talinopsis_frutescens,1
paleoclimate,1
maternal_welfare,1
malpractice,1
reproductive_health,1
reproductive_right,1
neglect,1
health_care_personnel,1
narrative,1
chiapas,1
disrespect,1
childbirth,1
politics,1
state_of_mexico,1
optimality_system,1
equilibrium_state,1
cryogenics,1
stable_equilibrium_state,1
inductively_coupled,1
electromagnetic_induction,1
josephson_junction_device,1
cryogenic_memory,1
josephson_junction,1
hilbert_space,1
memory_operator,1
climate_effect,1
arid_environment,1
north_america,1
last_glacial_maximum,1
angiosperm,1
langmuir_blodgett_film,1
biosorbents,1
sorption,1
ecotoxicity,1
raman_scattering,1
fungal_biomass,1
freundlich_isotherm,1
internuclear_separation,1
binary_interaction,1
interaction_potential,1
spatial_confinement,1
interatomic_potential,1
geometric_boundary,1
hydrogen_molecule,1
confinement_effect,1
conjugate_gradient_algorithm,1
common_control_channel,1
medium_access_control,1
decision_making_function,1
redundancy,1
computer_software,1
fault_tolerance,1
reed_solomon_code,1
opportunistic_spectrum_access,1
multiplex_social_network,1
single_layer,1
benchmark_network,1
vertex_separator,1
structural_measure,1
giant_component,1
naproxen,1
kinetic_modeling,1
computer_system_recovery,1
dc_dc_converter,1
waste_heat_utilization,1
thermoelectricity,1
thermoelectric_equipment,1
thermoelectric_energy_conversion,1
escherichia_coli_infection,1
kidney,1
urinary,1
bladder,1
urinary_tract,1
urinary_bladder,1
proteus_infection,1
urinary_tract_infection,1
discrete_event_simulator,1
statistical_decision_making,1
entrepreneur,1
gerona_[catalonia],1
local_economy,1
rural_economy,1
emporda,1
electric_power_system,1
waste_heat,1
strain_measurement,1
electrical_power,1
input_voltage,1
heat_collection,1
dc_dc_boost_converter,1
seebeck_effect,1
operation_temperature,1
waste_heat_recovery_system,1
thermoelectric_generator,1
cephalosporin,1
acremonium,1
metabolite,1
secondary_metabolite,1
cephalosporin_derivative,1
rotational_movement,1
mechanical_joint,1
human_body,1
bio_mechanical_model,1
computerized_axial_tomography,1
computerized_tomography,1
abduction/adduction,1
descriptive_geometry,1
immigrant_population,1
labor_market,1
catalonia,1
binary_system,1
inhibitory_effect,1
fermentative_hydrogen_production,1
cellulosic_waste,1
sodium_polyacrylate,1
batch_bioreactors,1
disposable_diaper,1
sodium_polyacrylates,1
butyric_acid,1
waste_to_energy,1
aflatoxin,1
cephalosporin_c,1
aspergillus_terreus,1
acremonium_chrysogenum,1
mevinolin,1
"gene_expression_regulation,_fungal",1
cytotoxic_agent,1
emission_intensity,1
synthesised,1
cytoxicity,1
quantum_dot,1
drug_structure,1
diagnosis,1
age_factor,1
chemical_state,1
heparin,1
drug_interaction,1
multiple_bond,1
water_absorption,1
stable_state,1
reactive_state,1
drug_combination,1
triacylglycerol_blood_level,1
dietary_carbohydrate,1
carbohydrate_diet,1
aorta,1
high_density_lipoprotein_cholesterol_level,1
systole,1
genotoxicity_assay,1
dot_synthesis,1
opuntia_ficus_indica,1
cytotoxicity_assay,1
carbon_nanoparticle,1
bone_marrow_cell,1
maximum_emission,1
nopal,1
carbon_dot,1
genotoxic,1
anticholesteremic_agent,1
hypercholesterolemia,1
intelligent_agent,1
electrochemical_capacitor,1
graphitic_material,1
graphite_oxide,1
coupling_agent,1
dicyclohexylcarbodiimide,1
structural_and_electrical_property,1
hexafluorophosphates,1
high_resolution_electron_microscopy,1
graphite,1
electronic_mobility,1
doping_process,1
small_interfering_rna,1
rna_interference,1
nutrition,1
myoblast,1
hypocholesterolemic_agent,1
drug_liberation,1
in_vitro_technique,1
"administration,_cutaneous",1
needle,1
povidone,1
maleic_acid_derivative,1
cutaneous_drug_administration,1
biodegradable_plastic,1
breaking_strength,1
polyethylene_derivative,1
maleate,1
atorvastatin,1
polyethylene,1
mitochondrion,1
palmitic_acid,1
palmitic_acid_derivative,1
hydroquinone_derivative,1
palmitates,1
muscle,1
pathophysiological,1
industrial_poison,1
tert_butylhydroquinone,1
damage,1
deterioration,1
myoblasts,1
chronic_oxidative_stress,1
signaling_pathway,1
sodium_palmitates,1
synergistic_activation,1
oncogene_c_myc,1
two_dimensional_electrophoresis,1
protein_fingerprinting,1
cancer_diagnosis,1
isthmus_of_tehuantepec,1
philopatry,1
spawning,1
open_water,1
isthmus_of_panama,1
mugil_cephalus,1
panama_[central_america],1
pleistocene,1
hydroquinones,1
fatty_acid_synthesis,1
activation,1
free_fatty_acid,1
polymer_film,1
optical_material,1
harmonic_generation,1
organic_film,1
oriented_polymer,1
diacetylenes,1
chromophore,1
non_linear_optical,1
resonant_condition,1
non_linear_optical_property,1
push_pull,1
organic_material,1
cohort_study,1
autoantibody,1
carcinoembryonic_antigen,1
roc_curve,1
refraction_index,1
laplace_transform,1
memory,1
bolivia,1
skill,1
thinking,1
critical_thinking,1
"education,_nursing,_baccalaureate",1
ecuador,1
case_study,1
central_america,1
problem_based_learning,1
nursing_student,1
nursing_education,1
group_dynamic,1
nursing_education_research,1
target_registration_error,1
coherent_point_drift,1
skull,1
supervised_machine_learning,1
geometry_based_algorithm,1
fetus_echography,1
artifact,1
fetal_monitoring,1
brain_size,1
automatic_registration,1
fetus_brain,1
"ultrasonography,_prenatal",1
automated_pattern_recognition,1
probabilistic_learning,1
head_circumference,1
multiple_acquisition,1
continental_population_group,1
black_person,1
genetic_risk,1
gaussian_distribution,1
membership_probability,1
"imaging,_three_dimensional",1
limit_of_quantitation,1
image_registration,1
head,1
fetus_growth,1
"pattern_recognition,_automated",1
brain_growth,1
"image_processing,_computer_assisted",1
three_dimensional_imaging,1
fetal_well_being,1
gaussian_mixture_model,1
crop_improvement,1
autocorrelation,1
crop_yield,1
germplasm,1
rainfed_agriculture,1
selective_breeding,1
agrometeorology,1
null_allele,1
caucasian,1
european,1
costa_rican,1
african_continental_ancestry_group,1
american,1
ancestry_group,1
european_continental_ancestry_group,1
central_american,1
drone,1
quadrotor_helicopter,1
antenna,1
nonlinear_dynamical_system,1
skin_neoplasm,1
"melanoma,_amelanotic",1
amelanotic_melanoma,1
skin_tumor,1
melanoma,1
conventional_oral_melanoma,1
immunoreactivity,1
udder,1
"mastitis,_bovine",1
bovine_mastitis,1
"mammary_glands,_animal",1
irrigation_system,1
nerve_injury,1
neural_stem_cell,1
ketamine,1
apomorphine_test,1
nerve_cell_degeneration,1
stem_cell,1
transplantation,1
stereotaxic_surgery,1
dopamine_transporter,1
xylazine,1
stem_cell_transplantation,1
denervation,1
apomorphine,1
disturbance_suppression,1
aircraft_detection,1
trajectory_tracking_control,1
cycloaddition,1
diels_alder,1
diels_alder_cycloadditions,1
dimerization,1
computer_assisted_diagnosis,1
classification_rate,1
beta_amyloid,1
white_matter,1
anatomical_change,1
healthy_control,1
alzheimers_disease,1
mild_cognitive_impairment,1
alzheimer_disease,1
plasma_concentration,1
"image_interpretation,_computer_assisted",1
enteric_nervous_system,1
bamboo_like_structure,1
pyrrolic,1
benzoate,1
benzoic_acid,1
vitamin,1
cyanocobalamin,1
hyperhomocysteinemia,1
hip_circumference,1
folic_acid_deficiency,1
fasting,1
homocysteine,1
cystathionine_beta_synthase,1
restriction_fragment_length_polymorphism,1
cycloadducts,1
c_c_bond,1
synthetic_route,1
conditioned_reflex,1
double_periodicity,1
mutual_interaction,1
tungsten_disulfide,1
pristine_structure,1
symmetry_operation,1
standard_expansion,1
twisted_bilayers,1
aerosol,1
nitrogen_doped_carbon_nanotube,1
aerosol_assisted_chemical_vapor_deposition,1
nitrogen_functionality,1
silicon_carbide_material,1
silicon_carbide,1
slag,1
chemical_vapor_deposition,1
nose_spray,1
physical_attractiveness,1
nasal_spray,1
saliva,1
controlled_clinical_trial,1
olfactory_perception,1
smelling,1
rate_controlling_step,1
mineralogical_analysis,1
limonitic_laterite,1
dissolution_kinetics,1
ore,1
sodium_chloride_solution,1
ordered_arrangement,1
effective_diffusion,1
disordered_array,1
nerve_cell_inhibition,1
olfactory_cortex,1
cuneus,1
corpus_callosum,1
mini_mental_state_examination,1
stimulation,1
temporal_lobe,1
cingulum,1
impulsive_behavior,1
crossover_procedure,1
association,1
olfactory_nucleus,1
calcarine_sulcus,1
stimulus_response,1
"conditioning,_classical",1
hormone_response,1
cerebellum,1
bold_signal,1
lisdexamfetamine_dimesylate,1
dorsolateral_prefrontal_cortex,1
odorants,1
parietal_lobe,1
diffusion_weighted_imaging,1
supramarginal_gyrus,1
functional_neuroimaging,1
primary_motor_cortex,1
posterior_cingulate,1
functional_connectivity,1
cross_over_study,1
episodic_memory,1
tractography,1
chocolate,1
seasonality,1
group_behavior,1
ingestion,1
hemispheric_dominance,1
neural_inhibition,1
gyrus_cinguli,1
numerical_estimation,1
absorbent_material,1
clofarabine,1
gemcitabine,1
cue,1
lisdexamfetamine,1
impulsiveness,1
fragrance,1
cingulate_gyrus,1
precuneus,1
region_of_interest_analysis,1
tnfa_gene,1
rorc_gene,1
gene_function,1
"rorc_protein,_human",1
non_atopic_asthma,1
biological_model,1
t_lymphocyte_activation,1
superior_temporal_gyrus,1
transport_property,1
incompressible_flow,1
longitudinal_dispersion_coefficient,1
reaction_rate_coefficient,1
darcy_law,1
homogeneity,1
porous_medium,1
plant_defense_against_herbivory,1
genetic_fitness,1
plant_herbivore_interaction,1
asthma,1
"rorc_protein,_mouse",1
lymphocyte_differentiation,1
promoter_region,1
retinoid_related_orphan_receptor_gamma,1
"promoter_regions,_genetic",1
"models,_immunological",1
causality,1
adipose_tissue,1
volunteer,1
left_hemisphere,1
baby,1
single_blind_procedure,1
