words,count
metabolism,76
chemistry,63
physiology,50
genetics,41
mexico_[north_america],37
rat,32
scanning_electron_microscopy,30
x_ray_diffraction,27
kinetics,24
protein_expression,24
diffusion,22
blood,21
catalyst,21
pathology,20
"rats,_wistar",20
risk_factor,20
oxidation,20
wistar_rat,20
isolation_and_purification,20
synthesis,19
concentration,19
enzyme_activity,19
mouse,18
classification,18
carbon_dioxide,17
cytology,17
immunology,16
microbiology,16
glucose,16
pathophysiology,16
adsorption,16
mexico_city,14
fourier_transform_infrared_spectroscopy,14
photocatalysis,14
electrode,14
photoluminescence,13
phenol,13
particle_size,13
antioxidant,13
plant_extract,13
disease_model,12
enzyme,12
dose_response,12
biosynthesis,12
oxygen,12
protein,12
"child,_preschool",12
preschool_child,12
density_functional_theory,12
"disease_models,_animal",12
sol_gels,12
statistic_and_numerical_data,12
prevalence,12
oxidative_stress,12
nanoparticles,12
physical_chemistry,11
fungi,11
catalyst_activity,11
gene_expression,11
biomass,11
ph,11
degradation,11
infrared_spectroscopy,11
titanium_dioxide,11
mass_transfer,11
bacteria,11
thermodynamics,11
glucose_blood_level,11
lactic_acid,11
temperature,11
carbon,11
glass,10
biological_marker,10
chemically_induced,10
high_performance_liquid_chromatography,10
luminescence,10
chemical_structure,10
fermentation,10
phylogeny,10
sol_gel_process,10
"dose_response_relationship,_drug",10
in_vivo_study,10
reaction_kinetics,10
mortality,10
bacterium,10
chemical_analysis,10
hydrogen_production,10
biomarkers,10
cyclic_voltammetry,10
"growth,_development_and_aging",10
complication,10
thermogravimetric_analysis,10
bioremediation,9
polymer,9
hydrogen,9
inflammation,9
age,9
copper,9
cell_culture,9
aqueous_solution,9
tumor_necrosis_factor,9
psychology,9
charge_transfer,9
socioeconomics,9
enzymology,9
newborn,9
medicinal_plant,9
photocatalytic_activity,9
water,9
cytokine,9
very_elderly,9
velocity,9
chemical_composition,9
optical_property,8
wastewater_treatment,8
cell_viability,8
environmental_impact,8
genotype,8
methanol,8
federal_district_[mexico],8
solvent,8
geometry,8
cell,8
chemical_reaction,8
catalysis,8
protein_blood_level,8
cell_proliferation,8
biodegradation,8
gene_expression_regulation,8
pregnancy,8
starch,8
disease_association,8
electrochemical_impedance_spectroscopy,8
drug_mechanism,8
calcium,8
zinc_compound,8
energy_dispersive_x_ray_spectroscopy,8
light,8
energy_transfer,8
questionnaire,8
analog_and_derivative,8
thermoanalysis,7
phenol_derivative,7
soil,7
real_time_polymerase_chain_reaction,7
school_child,7
mixture,7
zinc,7
signal_transduction,7
zinc_oxide,7
body_weight,7
aluminum,7
aromatic_compound,7
reproducibility,7
anomalous_diffusion,7
cattle,7
genetic_variability,7
dynamic,7
demography,7
physicochemical_property,7
high_resolution_transmission_electron_microscopy,7
bacterial_strain,7
tumor_cell_line,7
sulfur,7
"cell_line,_tumor",7
antineoplastic_agent,7
immunohistochemistry,7
heat_transfer,7
escherichia_coli,7
color,7
morphology,7
drug_efficacy,7
electrochemical_technique,7
insulin,7
bioreactor,7
crystal_structure,7
differential_equation,7
porous_material,7
reactive_oxygen_metabolite,7
algorithm,7
bioreactors,7
flow_of_fluid,7
diabetes_mellitus,7
bovine,7
water_pollutant,7
toxicity,7
gene,7
water_pollution,7
binding_site,7
x_ray_spectroscopy,7
energy_dispersive_spectroscopy,7
dna_sequence,7
ecosystem,6
antiinflammatory_activity,6
messenger_rna,6
obesity,6
global_disease_burden,6
activation_energy,6
atom,6
heart_rate,6
antiinflammatory_agent,6
gamma_interferon,6
sulfur_compound,6
reverse_transcription_polymerase_chain_reaction,6
treatment_outcome,6
epidemiology,6
molecular_structure,6
cadmium_sulfide,6
energy_utilization,6
physical_parameter,6
genetic_association,6
health,6
breast_cancer,6
"water_pollutants,_chemical",6
"biodegradation,_environmental",6
differential_scanning_calorimetry,6
veterinary,6
hydrogen_bond,6
emulsion,6
microbial_activity,6
socioeconomic_factor,6
extraction,6
computer_simulation,6
biological_model,6
dye,6
drug_synthesis,6
efficiency,6
electrochemistry,6
health_risk,6
global_burden_of_disease,6
tumor_necrosis_factor_alpha,6
lipid,6
drug_blood_level,6
decision_making,6
triacylglycerol,6
reduction,6
electrolyte,6
hydrocarbon,6
iron,6
solution,6
body_mass,6
bifurcation,6
nuclear_magnetic_resonance_spectroscopy,6
fatty_acid,6
survey_and_questionnaire,6
ii_vi_semiconductor,6
enzyme_linked_immunosorbent_assay,6
antioxidant_activity,6
poly,6
disease,6
probability,6
outcome_assessment,5
alumina,5
nerve_cell,5
reaction_analysis,5
animal_behavior,5
promoter_region,5
drug_release,5
photocatalysts,5
environmental_exposure,5
economics,5
sustainable_development,5
transmission_electron_microscopy,5
brain,5
diagnostic_imaging,5
upregulation,5
randomized_controlled_trial,5
"polymorphism,_single_nucleotide",5
nucleotide_sequence,5
"cells,_cultured",5
molecular_model,5
case_report,5
urea,5
magnetic_field,5
magnetism,5
metal,5
corrosion,5
europium,5
binary_alloy,5
animalia,5
biology,5
fluid_dynamic,5
dietary_supplement,5
brazil,5
single_nucleotide_polymorphism,5
molecular_docking,5
calculation,5
normal_human,5
hydrodynamics,5
microbial_degradation,5
perception,5
gene_frequency,5
isotherm,5
apoptosis,5
physic,5
"plants,_medicinal",5
polymerase_chain_reaction,5
x_ray_powder_diffraction,5
sprague_dawley_rat,5
gelation,5
risk_assessment,5
molecule,5
epilepsy,5
chronic_kidney_failure,5
crystalline_material,5
regression_analysis,5
antiinfective_agent,5
chlorine_compound,5
triacylglycerol_blood_level,5
physical_activity,5
surface_property,5
electron,5
"rats,_sprague_dawley",5
reaction_rate,5
adaptation,5
substrate,5
follow_up,5
sex_difference,5
removal_efficiency,5
dna,5
cell_and_cell_component,5
flower,5
growth_kinetics,5
nucleation,5
educational_status,5
global_health,5
cause_of_death,5
soil_pollution,5
blood_glucose,5
monte_carlo_method,5
reactive_oxygen_specie,5
doping,5
x_ray_photoelectron_spectroscopy,5
pig,5
glass_transition,5
flavonoid,5
united_state,5
ion,5
electrochemical_electrode,5
glycerol,5
cholesterol_blood_level,5
area_under_the_curve,5
hydrogen_peroxide,5
cell_differentiation,5
aspergillus,5
"infant,_newborn",5
trend,5
randomization,5
heart_rate_variability,5
surface_area,5
proton_nuclear_magnetic_resonance,5
microorganism,5
incidence,5
alcoholism,5
zinc_sulfide,5
precipitation,5
bioconversion,5
neuron,5
parkinson_disease,5
carbohydrate,5
membrane,5
free_radical,5
theoretical_study,5
numerical_method,5
finite_element_method,5
electroencephalography,4
numerical_model,4
carbon_nuclear_magnetic_resonance,4
antiproliferative_activity,4
life_cycle,4
seasonal_variation,4
process_optimization,4
motivation,4
pacific_ocean,4
point_kinetics,4
liver,4
dna_extraction,4
equation_of_motion,4
adipose_tissue,4
recycling,4
exercise,4
milk,4
organic_carbon,4
"models,_biological",4
heart,4
electrochemical_nucleation,4
nonradiative_energy_transfer,4
emission_spectroscopy,4
waste_water_management,4
analytical_expression,4
neurotoxicity,4
oxidoreductase,4
hydrogen_ion_concentration,4
high_density_lipoprotein_cholesterol,4
drug_dependence,4
red_meat,4
mineralization,4
specie_diversity,4
specie_richness,4
biochemistry,4
neuroprotection,4
esterification,4
ester,4
anode,4
polyelectrolyte,4
cell_density,4
rate_constant,4
x_ray_analysis,4
paracetamol,4
microbial_consortium,4
sexual_behavior,4
bacterial_growth,4
river,4
clinical_trial,4
blood_pressure,4
laplace_transforms,4
swine,4
ibuprofen,4
hemoglobin,4
boiling_water_reactor,4
anatomy_and_histology,4
lithium_compound,4
citric_acid,4
uncertainty_analysis,4
calcination,4
cohort_analysis,4
nitrate,4
mineralogy,4
thermo_dynamic_analysis,4
allele,4
measurement_accuracy,4
drug_determination,4
light_absorption,4
age_distribution,4
life_expectancy,4
pathogenicity,4
membrane_protein,4
mexican_american,4
electrochemical_oxidation,4
citrus_fruit,4
gas,4
powder,4
energy_efficiency,4
cactaceae,4
particulate_matter,4
ph_effect,4
antibiotic_resistance,4
longitudinal_study,4
single_drug_dose,4
copper_zinc_superoxide_dismutase,4
volume_averaging_method,4
bacterial_protein,4
anti_inflammatory_agent,4
microbial_sensitivity_test,4
non_newtonian_flow,4
environmental_management,4
genomic_dna,4
statistical_model,4
cholesterol,4
dental_fluorosis,4
continuous_casting,4
liquid_chromatography,4
optimization,4
solid_state_fermentation,4
moisture,4
liquid,4
nitric_oxide,4
heterojunctions,4
antibiotic,4
intelligent_system,4
alzheimer_disease,4
elastic_modulus,4
disease_activity,4
down_regulation,4
jaw_tumor,4
jaw_neoplasm,4
middle_income_country,4
lipid_peroxidation,4
chemical_modification,4
spinal_cord_injury,4
chemical_oxygen_demand,4
biotechnology,4
phytotherapy,4
phosphorus,4
organic_compound,4
random_allocation,4
zirconium_alloy,4
hydroxyapatite,4
coral_reef,4
fluoride,4
"fluorosis,_dental",4
biofilms,4
microbial_community,4
bacterial_dna,4
cytotoxicity,4
chemical_removal,4
water_treatment,4
oxidation_reduction_reaction,4
deposition,4
theoretical_model,4
molecular_docking_simulation,4
latin_america,4
fruit,4
oxidation_reduction,4
genetic_variation,4
boriding,4
animal_welfare,4
granulation,4
sewage,4
energy_gap,4
drug_design,4
polycyclic_aromatic_hydrocarbon,4
action_potential,4
experimental_study,4
dynamical_system,4
cell_adhesion,4
glibenclamide,4
"dna,_bacterial",4
metabolite,4
amino_acid,4
environmental_condition,4
quantum_theory,4
clay_mineral,4
c_reactive_protein,4
systolic_blood_pressure,4
"models,_molecular",4
model,4
molecular_dynamic,4
sequence_analysis,4
reproducibility_of_result,4
western_blotting,4
conceptual_design,4
"behavior,_animal",4
noncommunicable_disease,4
non_communicable_disease,4
aging,4
body_composition,4
hydrodesulfurization,4
photodegradation,4
plant,4
drug_formulation,4
catalyst_selectivity,4
diffuse_reflectance_spectroscopy,4
waste_water,4
mineral,4
mathematical_model,4
vimentin,4
drug_screening,4
uvomorulin,4
photosynthesis,4
information_processing,4
emulsification,4
oral_health,4
south_and_central_america,4
gender,4
environmental_factor,4
diet,4
neutron,4
nuclear_reactor,4
disease_severity,4
layered_double_hydroxide,4
hydrolysis,4
caffeine,3
zirconium_oxide,3
polymerization,3
education,3
electronic_structure,3
numerical_result,3
signal_processing,3
photoelectrochemical_cell,3
nitrogen,3
hydration,3
algae,3
"diabetes_mellitus,_experimental",3
antidiabetic_agent,3
hypoglycemic_agent,3
drug_structure,3
indometacin,3
quality_adjusted_life_year,3
communicable_disease,3
molecular_biology,3
recovery,3
endothelium_cell,3
air_pollution,3
health_promotion,3
quality_of_life,3
essential_oil,3
permeability,3
irradiation,3
dispersion,3
spectroscopic_analysis,3
pathogenesis,3
observational_study,3
insulin_like_growth_factor_i,3
organic_solvent,3
fluorescence_spectroscopy,3
epithelium_cell,3
major_depression,3
parasitology,3
estradiol,3
carbon_source,3
product_design,3
reaction_time,3
health_care_delivery,3
endothelial_cell,3
amino_acid_sequence,3
decomposition,3
dna_polymorphism,3
dual_energy_x_ray_absorptiometry,3
body_fat,3
harmonic_analysis,3
multivariate_analysis,3
surfactant,3
motor_activity,3
ppar_gamma,3
secretion,3
calcium_cell_level,3
pioglitazone,3
chitin,3
phenotype,3
soft_soil,3
earthquake,3
system_stability,3
evaluation_study,3
health_care_cost,3
fluorescence,3
histopathology,3
mandible,3
gestational_age,3
immunoassay,3
corn_starch,3
interferon_gamma,3
progesterone,3
pah,3
cardiovascular_disease,3
peroxisome_proliferator_activated_receptor_gamma,3
laminar_flow,3
antimicrobial_activity,3
organic_acid,3
inhibition,3
secondary_metabolite,3
nozzle,3
tetanus,3
newborn_disease,3
turkey,3
uterus_cancer,3
diarrhea,3
gallbladder_disease,3
ethylene_glycol,3
distribution_function,3
ameloblastoma,3
polyols,3
electronic_property,3
cost,3
sugar,3
operating_condition,3
"models,_theoretical",3
nanotube,3
uterine_cervix_cancer,3
testis_cancer,3
ischemic_heart_disease,3
low_income_country,3
diphtheria,3
inguinal_hernia,3
measles,3
biliary_tract_disease,3
carbon_monoxide,3
appendicitis,3
pertussis,3
tuberculosis,3
china,3
abdominal_wall_hernia,3
cerebrovascular_disease,3
peptic_ulcer,3
saliva,3
yarn,3
statistic,3
mouth_cancer,3
disease_course,3
injury,3
neural_tube_defect,3
acute_lymphoblastic_leukemia,3
brain_ischemia,3
rheumatic_heart_disease,3
rectum_cancer,3
atmospheric_pollution,3
niger,3
hodgkin_disease,3
standardization,3
femoral_hernia,3
brain_hemorrhage,3
bulimia,3
dengue,3
feedback,3
stability,3
thiobarbituric_acid_reactive_substance,3
environmental_monitoring,3
industrial_waste,3
electrocatalysts,3
momentum_transfer,3
mechanical_permeability,3
momentum_transport,3
colon_cancer,3
leukemia,3
non_newtonian_liquid,3
viscoelasticity,3
lithium,3
electric_battery,3
lithium_ion_battery,3
correlated_color_temperature,3
white_light_emission,3
height,3
metal_nanoparticles,3
plasmid,3
"gene_expression_regulation,_bacterial",3
social_class,3
childhood_obesity,3
shear_strength,3
zirconia,3
rheumatoid_arthritis,3
malaria,3
acute_myeloid_leukemia,3
quenching,3
ultraviolet_radiation,3
relaxation_time,3
absorption_spectroscopy,3
ruthenium,3
insecticide,3
respiratory_chain,3
thermodynamic_stability,3
virology,3
population_abundance,3
acetic_acid,3
light_emission,3
spray_drying,3
leaching,3
phosphor,3
cathode,3
sex_factor,3
displacement_control,3
prediction,3
low_density_lipoprotein_cholesterol,3
waste_management,3
ethylene,3
adipocytokine,3
adipokines,3
cobalt,3
greenhouse_gas,3
neuroprotective_agent,3
hydrogen_peroxide_concentration,3
huntington_chorea,3
nf_kappa_b,3
immunoglobulin_enhancer_binding_protein,3
senescence,3
solid_electrolyte,3
elongation_at_break,3
boolean_function,3
tensile_strength,3
"health_knowledge,_attitudes,_practice",3
inheritance,3
design,3
reproduction,3
nonlinear_programming,3
exchange_current_density,3
mitochondrion,3
calcium_channel,3
fractal,3
total_organic_carbon,3
electrooxidation,3
metabolic_syndrome_x,3
corticosterone,3
"sequence_analysis,_dna",3
season,3
health_behavior,3
energy,3
gene_mutation,3
consumer_attitude,3
consumer,3
consumer_behavior,3
oscillation,3
zinc_phosphate_glass,3
drug_synergism,3
drug_potentiation,3
analgesic_agent,3
gas_chromatography_mass_spectrometry,3
computation_theory,3
complexation,3
positive_ion,3
effectiveness_factor,3
terminos_lagoon,3
blood_sampling,3
propranolol,3
enzyme_kinetics,3
wave_function,3
sorption,3
effluent,3
attitude_to_health,3
chromatography,3
mass_spectrometry,3
phosphate,3
me_xico,3
remediation,3
bioassay,3
stiffness,3
concrete,3
electrochemical_corrosion,3
corrosion_resistance,3
hamiltonians,3
cell_line,3
non_insulin_dependent_diabetes_mellitus,3
correlation_method,3
relative_abundance,3
biofuels,3
campeche,3
"administration,_oral",3
antinociception,3
oral_drug_administration,3
calcium_carbonate,3
crude_oil,3
shear_flow,3
logistic_model,3
fluoridation,3
glassy_carbon_electrode,3
anthozoa,3
steel_casting,3
conjugated_linoleic_acid,3
thermochemistry,3
glass_membrane_electrode,3
salvia,3
student,3
software,3
combination_drug_therapy,3
magnetic_resonance_spectroscopy,3
geographical_distribution,3
drug_compounding,3
community_structure,3
health_survey,3
separation,3
anti_infective_agent,3
evolution,3
copper_oxide,3
photogenerated_charge_carrier,3
valence_band,3
validation_study,3
catalytic_performance,3
nitrogen_compound,3
gold,3
palladium,3
drug_delivery_system,3
meat,3
nuclear_protein,3
genetic_risk,3
volume_averaging,3
prognosis,3
polypyrrole,3
curcumin,3
chemical_model,3
"models,_chemical",3
terrorism,3
acquired_immune_deficiency_syndrome,3
thermodynamic_property,3
progeny,3
"chemistry_techniques,_synthetic",3
amide,3
polarization,3
economic_and_social_effect,3
viscosity,3
chemical_reactor,3
rheology,3
drop,3
enzyme_inhibition,3
food_product,3
distillation,3
superoxide_dismutase,3
genetic_marker,3
chemical_activation,3
measurement_precision,3
food_control,3
food_microbiology,3
aerobic_bacteria,3
soil_pollutant,3
toluene,3
public_health,3
nanoparticle,3
catalase,3
kinetic_parameter,3
genetic_polymorphism,3
giardia_intestinalis,3
fungus_growth,3
fungal_protein,3
lignin,3
time_to_maximum_plasma_concentration,3
minimum_inhibitory_concentration,3
peptide,3
biological_activity,3
soil_microbiology,3
heritability,3
aluminum_oxide,3
climate_change,3
mass_fragmentography,3
echinoderm,3
treatment_response,3
genetic_predisposition_to_disease,3
adiponectin,3
genetic_predisposition,3
breast_neoplasm,3
sludge,3
gentamicin,3
fish,3
ecosystem_restoration,3
waste,3
computational_fluid_dynamic,3
wound_healing,3
interview,3
phenanthrene,3
organic_pollutant,3
thin_film,3
electrochemical_method,3
quantitative_analysis,3
structural_design,3
heredity,3
ultraviolet_spectroscopy,3
mathematical_technique,3
glutathione,3
diesel_fuel,3
specie_difference,3
"stress,_physiological",3
physiological_stress,3
neoplasm,3
geographic_distribution,3
scavenger,3
specie_specificity,3
dna_damage,3
power_transformer,3
streptomyces,3
drug_stability,3
structure_activity_relation,3
ethnology,3
residence_characteristic,3
echinodermata,3
desert,3
human_immunodeficiency_virus_infection,3
cell_damage,3
estrus,3
characterization,3
charge_transfer_resistance,3
anthropogenic_effect,3
fractional_derivative,3
cell_engineering,3
mean_square_displacement,3
scaffold,3
skin,3
tissue,3
cell_growth,3
nickel,3
energy_dispersive_x_ray_analysis,3
textural_property,3
low_temperature,3
acrylic_monomer,3
chain,3
styrene,3
catalyst_support,3
somatomedin_c,3
cytokine_production,3
thermogravimetry,3
immune_response,3
cell_isolation,3
body_mass_index,3
disabled_person,3
trace_element,3
finite_difference_method,3
membrane_potential,3
growth_rate,3
plant_medicinal_product,3
macrophage,3
mtt_assay,3
pyrene,3
photocatalytic_property,3
hydrozincite,2
metal_support_interaction,2
microscopy,2
solvothermal,2
forecasting,2
core_shell_composite,2
dna_repair,2
ultraviolet_spectrophotometry,2
spermatozoon_motility,2
spermatozoon,2
diffusion_in_liquid,2
photogenerated_electron,2
health_hazard,2
peak_acceleration,2
ion_exchange,2
arsenic,2
earthquake_prediction,2
time_series_analysis,2
long_range_correlation,2
electroencephalogram,2
"signal_processing,_computer_assisted",2
biomechanics,2
cable,2
generalized_equation,2
mesoporous_material,2
hydrotalcites,2
oil_spill,2
factor_analysis,2
petroleum_pollution,2
glutamic_acid,2
dopamine,2
control_group,2
cucurbita,2
column_chromatography,2
cancer_cell_line,2
geometric_quantity,2
neurodegenerative_disease,2
combustion,2
asteraceae,2
sesquiterpene,2
sesquiterpenes,2
squash,2
green_function,2
employment,2
photo_catalytic_degradation,2
visible_light_irradiation,2
macrophage_activation,2
drug_isolation,2
aerial_plant_part,2
flow_modeling,2
swelling,2
life_history_trait,2
cyprinodontiformes,2
nanofibers,2
limit_of_quantitation,2
hydrodeoxygenation,2
phytochemical,2
edema,2
coumaric_acid,2
alloxan,2
stochastic_system,2
feces_analysis,2
adsorption_desorption,2
enthalpy,2
micropores,2
medium_chain_fatty_acid,2
phosphatidylcholines,2
phosphatidylcholine,2
mathematical_analysis,2
porous_medium,2
single_phase_flow,2
feces,2
lean_body_weight,2
conformation,2
ovulation,2
mycobacterium_tuberculosis,2
melting_point,2
dry_matter,2
performance_assessment,2
biochemical_composition,2
world_health_organization,2
age_factor,2
directed_graph,2
positive_integer,2
atomic_force_microscopy,2
tissue_engineering,2
plasma_polymerization,2
pyrrole,2
hybrid_material,2
air,2
protein_kinase_b,2
heart_left_ventricle_ejection_fraction,2
heart_failure,2
protein_phosphorylation,2
desorption,2
cycloaddition,2
styrene_derivative,2
haplotype,2
grafting,2
chemical_bond,2
redox_reaction,2
nitrile,2
polymeric_scaffold,2
niws,2
sonophotocatalysis,2
diagnostic_and_statistical_manual_of_mental_disorder,2
electric_energy,2
energy_resource,2
enantiomer,2
stereochemistry,2
ionic_liquid,2
wetting,2
colloid,2
arrhenius_equation,2
social_behavior,2
conceptual_framework,2
nitrogen_oxide,2
poverty,2
melatonin,2
catalytic_efficiency,2
semi_conducting_property,2
free_energy,2
nucleation_frequency,2
gibbs_free_energy,2
deep_eutectic_solvent,2
eutectic,2
raman_spectroscopy,2
self_concept,2
clinical_evaluation,2
italy,2
mammal,2
qualitative_research,2
stereoisomerism,2
"chromatography,_high_pressure_liquid",2
seizure,2
temporal_lobe_epilepsy,2
shear_stress,2
vitreoscilla_hemoglobin,2
vitreoscilla,2
"hemoglobin_protein,_vitreoscilla",2
truncated_hemoglobin,2
heat_and_mass_transport,2
compressibility_of_gas,2
drug_identification,2
drug_receptor_binding,2
ftir,2
mouth_hygiene,2
urban_area,2
mental_stress,2
systematic_review,2
health_disparity,2
mouth_examination,2
health_status_disparity,2
antidiabetic_activity,2
drug_potency,2
device,2
free_radical_scavenger,2
trolox_c,2
industrial_production,2
algal_growth,2
qualitative_analysis,2
municipal_solid_waste,2
microalga,2
microalgae,2
glycoprotein,2
structure_activity_relationship,2
severity_of_illness_index,2
focus_group,2
public_policy,2
mucilage,2
water_holding_capacity,2
packed_bed,2
cactus,2
r/s_analysis,2
aggregate,2
sediment,2
solar_power_generation,2
photovoltaic_cell,2
spectrophotometry,2
"immunity,_innate",2
innate_immunity,2
adsorption_energy,2
theoretical_calculation,2
nucleophilicity,2
hematocrit,2
"muscle,_skeletal",2
colombia,2
skeletal_muscle,2
modified_nodal_analysis,2
electric_network_analysis,2
equilibrium_constant,2
electrophilicity,2
nanocomposites,2
asphalt,2
neotropical_region,2
cave,2
dissociation,2
temperature_distribution,2
composite,2
"promoter_regions,_genetic",2
recombinant_protein,2
thermally_stable,2
imine,2
reynolds_number,2
probiotic_agent,2
probiotic,2
phenanthrene_derivative,2
phenanthrenes,2
oxidation_reduction_state,2
fenton_reaction,2
biogeography,2
taxonomy,2
ophiuroidea,2
voltage_clamp_technique,2
calcium_ion,2
muscarinic_receptor,2
cytoplasm,2
glutathione_transferase,2
shell,2
sexuality,2
hiv_infection,2
protein_content,2
abundance,2
spatial_distribution,2
oocyte,2
illumination,2
photoperiodicity,2
drug_resistance,2
tin_oxide,2
carrier_mobility,2
controller,2
lipopolysaccharides,2
photoperiod,2
beta_hydroxybutyrate,2
lipopolysaccharide,2
biodiversity,2
pacific_coast_[north_america],2
pacific_coast_[mexico],2
epiphyte,2
soil_analysis,2
salinity,2
phylogenetic_tree,2
bacterium_identification,2
specie,2
drug_targeting,2
progesterone_receptor,2
oxide_film,2
cancer_combination_chemotherapy,2
cyclophosphamide,2
estrogen_receptor,2
mycorrhiza,2
nonlinear_analysis,2
sheep,2
flow_control,2
porosity,2
governing_equation,2
multi_scale_system,2
breast_tumor,2
leptin,2
enzyme_inhibitor,2
timing_circuit,2
heat_flux,2
energy_conservation,2
metal_organic_framework,2
analytical_parameter,2
muscle,2
jalisco,2
city,2
multiple_regression,2
guadalajara_[jalisco],2
food_safety,2
diet_supplementation,2
health_care_personnel,2
prescription,2
sensitivity_and_specificity,2
batch_reactor,2
fungal_biomass,2
convalescence,2
sinus_node,2
viscous_flow,2
maximum_plasma_concentration,2
drug_solubility,2
water_management,2
pollutant_removal,2
solution_and_solubility,2
quadrupole_interaction,2
chromaticity_coordinate,2
electrochemical_analysis,2
water_purification,2
vaccination,2
plant_leaf,2
aerobic_metabolism,2
aerobiosis,2
reduced_nicotinamide_adenine_dinucleotide_dehydrogenase,2
gene_targeting,2
glomeromycota,2
arbuscular_mycorrhiza,2
transmission,2
intestine_mucosa,2
protein_analysis,2
intestinal_mucosa,2
flow_pattern,2
intestine,2
eddy_current,2
kanamycin,2
symbiosis,2
grass,2
sugarcane,2
malate_dehydrogenase,2
laboratory,2
bacterium_isolate,2
antibiotic_agent,2
farm,2
meat_product,2
agricultural_land,2
clinical_feature,2
cervix_uterus,2
gene_amplification,2
healthy_volunteer,2
uterine_cervix,2
central_nervous_system,2
"mice,_inbred_balb_c",2
production_rate,2
cellulose,2
ant,2
fungus_isolation,2
nerve_protein,2
threonine,2
protein_localization,2
base_sequence,2
patch_clamp_technique,2
bagg_albino_mouse,2
complementary_dna,2
nerve_tissue_protein,2
staphylococcus_aureus,2
"rna,_messenger",2
electron_transport,2
morphine,2
chronic_disease,2
chile,2
recovery_of_function,2
virulence,2
ecology,2
actinobacteria,2
gene_sequence,2
binary_mixture,2
bagasse,2
maximum_drug_effect,2
arthritis,2
corpus_striatum,2
effective_diffusivities,2
montmorillonite,2
x_ray,2
all_cause_mortality,2
location,2
classifier,2
waist_circumference,2
soil_microflora,2
ghost,2
genomics,2
soil_conservation,2
metagenomics,2
soil_remediation,2
parameter_estimation,2
iterative_method,2
ethane,2
degradation_efficiency,2
protein_bax,2
vibration,2
parametric_identification,2
nutritional_disorder,2
algebra,2
silicon,2
food_preservation,2
acute_coronary_syndrome,2
electromagnetic_wave_absorption,2
plasma,2
"oils,_volatile",2
nanotechnology,2
drug_metabolism,2
cancer_antibody,2
hematoxylin,2
nuclear_magnetic_resonance,2
diet_restriction,2
eosin,2
histology,2
"antibodies,_neoplasm",2
amygdala,2
prenatal_exposure,2
copulation,2
natural_disaster,2
mortality_rate,2
conflict,2
functional_property,2
ground_motion,2
integral_equation,2
gait,2
descriptive_research,2
linear_system,2
mixing,2
corrosion_inhibitor,2
hela_cell_line,2
hela_cell,2
basolateral_amygdala,2
prenatal_exposure_delayed_effect,2
"sexual_behavior,_animal",2
light_dark_cycle,2
analysis_of_variance,2
immobilization,2
accuracy,2
iodine,2
albumin_blood_level,2
autacoid,2
odds_ratio,2
genome_wide_association_study,2
gingivitis,2
dental_health,2
community_living,2
community_ecology,2
texas,2
spectrum_analysis,2
electric_potential,2
encapsulation,2
lipoprotein_blood_level,2
gelatinase_a,2
leukocyte_count,2
scoring_system,2
high_density_lipoprotein,2
zeta_potential,2
soil_structure_interaction,2
submerged_entry_nozzle,2
mold,2
continuous_casting_process,2
structural_analysis,2
lake,2
physical_experiment,2
eigenvalue_and_eigenfunctions,2
valproic_acid,2
co_catalyst,2
oxidation_resistance,2
hydrogen_generation,2
simulation,2
sol___gel_synthesis,2
cobalt_compound,2
photocatalytic_hydrogen_production,2
charge_carrier,2
sodium,2
inflammation_mediator,2
sepiolite,2
hydroxyl_radical,2
gene_transfer,2
transport_property,2
cognitive_radio,2
evolutionary_biology,2
biological_evolution,2
characterization_technique,2
titania,2
hydrogenation,2
albumin,2
diastolic_blood_pressure,2
nanocomposite,2
x_ray_fluorescence,2
magnetic_resonance,2
conduction_band,2
thickness,2
fluid_flow,2
temperature_dependent,2
chemical_stability,2
charge_transfer_process,2
delta_function,2
dental_caries,2
transfer_function,2
time_domain_analysis,2
heterogeneous_reactor,2
convergence_of_numerical_method,2
drug_product,2
cancer_patient,2
tangential_component,2
regulatory_mechanism,2
radiation_response,2
cell_survival,2
vegetable_oil,2
reactive_distillation_process,2
umbilical_cord_blood,2
electrocardiogram,2
invertebrata,2
hydrotalcite,2
gas_adsorption,2
anaerobic_digestion,2
biochemical_oxygen_demand,2
biosensors,2
swift_heavy_ion_track,2
etched_ion_track,2
glucose_oxidase,2
heavy_ion,2
enzymatic_reaction,2
population_structure,2
spatial_analysis,2
genetic_analysis,2
invasive_specie,2
gold_nanoparticles,2
continuous_casting_of_steel,2
billet,2
infection,2
malnutrition,2
ammonia,2
sensory_characteristic,2
visible_photoluminescence,2
principal_component_analysis,2
proton_magnetic_resonance_spectroscopy,2
metabolomics,2
potassium,2
correlation_analysis,2
hemoglobin_blood_level,2
protein_secretion,2
dissolution,2
computer_network,2
artifact,2
alcohol,2
graphite,2
lactation,2
"linoleic_acids,_conjugated",2
carbamazepine,2
acetone,2
haunched_beam,2
reinforcement,2
crack,2
reinforced_concrete,2
litopenaeus_vannamei,2
environmental_risk,2
concrete_testing,2
reinforced_concrete_beam,2
college_student,2
aluminum_compound,2
goat,2
plant_seed,2
deformation_capacity,2
concrete_beam_and_girder,2
cyclic_load,2
silver,2
static_electricity,2
nanostructured_material,2
atlantic_ocean,2
environment,2
lifestyle,2
photochemistry,2
drug_bioavailability,2
docosahexaenoic_acid,2
pain,2
gulf_of_mexico,2
spawning,2
pain_measurement,2
"drug_therapy,_combination",2
transcription_factor,2
fungal_strain,2
oscillator_strength,2
lagrange_multiplier,2
quantum_confinement,2
microflora,2
capsicum_annuum,2
crystallization,2
hispanic,2
stem_cell,2
exon,2
reproductive_health,2
electrochemical_behavior,2
coastal_lagoon,2
tropical_environment,2
manganese,2
design_of_experiment,2
alcohol_consumption,2
limb_malformation,2
self_propulsion,2
rabies,2
detrended_fluctuation_analysis,2
physiological_model,2
asymmetric_correlation,2
terbium,2
luminescent_emission,2
spectroscopic_technique,2
structural_characteristic,2
heart_disease,2
methane,2
public_attitude,2
national_identity,2
spain,2
survey,2
attitude,2
phase_transition,2
metal_ion,2
population_dynamic,2
secondary_battery,2
fluorine_compound,2
quantum_optic,2
open_field_test,2
fluorspar,2
calcite,2
lime,2
calcium_fluoride,2
drinking_water,2
forestry,2
environmental_indicator,2
testosterone,2
a_particles,2
non_newtonian_fluid,2
anodic_oxidation,2
gas_chromatography,2
friction,2
crystallographic_structure,2
amine,2
analgesic,2
breakdown,2
momentum,2
shannon_entropy,2
information_theory,2
analgesic_activity,2
water_vapor,2
binding_affinity,2
n_nitroarginine_methyl_ester,2
starch_film,2
inorganic_compound,2
solid_polymer_electrolyte,2
elemental_carbon,2
electrolysis,2
boron_doped_diamond,2
thermostability,2
aromatization,2
sinus_rhythm,2
ammonium_derivative,2
equilibrium_potential,2
"adaptation,_physiological",2
liver_cell,2
citric_acid_cycle,2
calibration,2
electrocardiography,2
feasibility_study,2
glassy_carbon,2
thermodynamics_and_kinetics,2
correlation_coefficient,2
pilot_study,2
mechanical_property,2
composting,2
immobilized_enzyme,2
enzyme_immobilization,2
"enzymes,_immobilized",2
beta_galactosidase,2
sunlight,2
food_preference,2
choice_behavior,2
taste,2
maize,2
density,2
creatine_kinase,2
mevinolin,2
culture_medium,2
aspergillus_terreus,2
microbial_respiration,2
lovastatin_production,2
bacterial_gene,2
drug,2
plant_protein,2
alcohol_drinking,2
primary_health_care,2
womens_health,2
mental_disease,2
submerged_fermentation,2
electron_transport_property,2
aeration,2
lovastatin,2
insulin_blood_level,2
wind_load,2
wind,2
transmission_tower,2
cytosol,2
clay,2
phenolic_compound,2
anti_oxidant_activity,2
chemical_compound,2
beer,2
drinking_behavior,2
suspension,2
electromagnetic_field,2
constitutive_equation,2
school_health_service,2
sex,2
nuclear_magnetic_resonance_imaging,2
metabolic_syndrome,2
acetic_acid_derivative,2
anti_bacterial_agent,2
acetate,2
ultrasonic_application,2
sibling,2
relativistic_kinetic_theory,2
rodent,2
virus_transmission,2
zoonosis,2
potentiometry,2
adhesive,2
wind_stress,2
push_over_analysis,2
breathing_rate,2
binder,2
pyrethrins,2
pyrethroid,2
bin,2
uncertainty,2
probability_distribution,2
propionates,2
huntington_disease,2
laplace_transform,2
bird,2
bee,2
fluid,2
ionic_conduction,2
crystal_microstructure,2
emission_spectrum,2
photoluminescence_property,2
linear_relationship,2
neutron_flux,2
fuel,2
aerodynamic_load,2
dynamic_load,2
entropy,2
trajectory,2
hydroquinone_derivative,2
nitro_derivative,2
cellular_distribution,2
nitro_compound,2
rankine_cycle,2
tower,2
electric_power_transmission,2
tamarind_seed_mucilage,2
luminescent_property,2
acute_leukemia,2
silica,2
maternal_mortality,2
environmental_protection,2
oxygen_consumption,2
melt_quenching_technique,2
display_device,2
behavior,2
tert_butylhydroquinone,2
textile,2
ph_measurement,2
molecular_weight,2
health_status,2
spider,2
hyaluronidase,2
rna,2
ovulation_induction,2
biomolecules,2
dna_structure,2
fast_reactor,2
horse,2
numerical_experiment,2
fractional_order_derivative,2
propionic_acid_derivative,2
hydroquinones,2
diffusing_particle,2
malonaldehyde,2
alkane,2
electric_current,2
structural_transition,2
biological_availability,2
bioavailability,2
topology,2
echography,2
gram_negative_bacteria,2
aerobic_bacterium,2
oxygen_tension,2
dissolved_oxygen,2
dissolved_oxygen_tension,2
alkalinity,2
anogenital_distance,2
quality_control,2
oxide,2
titanium,2
aspergillus_niger,2
boron,2
coliform_bacterium,2
anti_bacterial_activity,2
cell_organelle,2
maternal_hypertension,2
attention_deficit_disorder,2
aortic_aneurysm,2
amphetamine_dependence,2
frequency_domain_analysis,2
reactor_dynamic,2
two_phase_flow,2
closed_loop_stability,2
sonora,2
girl,2
extensive_simulation,2
protein_calorie_malnutrition,2
traffic_accident,2
asthma,2
cysticercosis,2
male_infertility,2
yellow_fever,2
liver_cancer,2
nematodiasis,2
liver_cirrhosis,2
zea_may,2
electrolytic_reduction,2
pt_nanoparticles,2
prostate_cancer,2
paratyphoid_fever,2
uterus_myoma,2
duodenitis,2
newborn_jaundice,2
ectopic_pregnancy,2
herpes_zoster,2
chickenpox,2
visceral_leishmaniasis,2
kidney_cancer,2
trachea_cancer,2
periodontal_disease,2
incompressible_flow,2
oxygen_reduction_reaction,2
platinum,2
aspergillus_brasiliensis,2
cell_membrane,2
wound_and_injury,2
pyoderma,2
drowning,2
conduct_disorder,2
uterus_rupture,2
nasopharynx_cancer,2
gallbladder_cancer,2
down_syndrome,2
ascariasis,2
pelvic_organ_prolapse,2
african_trypanosomiasis,2
agriculture,2
standard,2
health_care_access,2
heterogeneous_medium,2
heterogeneous_porous_medium,2
groundwater,2
groundwater_flow,2
iodine_deficiency,2
inflammatory_bowel_disease,2
interstitial_lung_disease,2
spontaneous_abortion,2
falling,2
pancreas_cancer,2
chronic_obstructive_lung_disease,2
intestine_obstruction,2
intoxication,2
anorexia_nervosa,2
anxiety_disorder,2
chronic_lymphatic_leukemia,2
chronic_respiratory_tract_disease,2
non_melanoma_skin_cancer,2
congenital_heart_malformation,2
titanium_oxide,2
n_hexadecane,2
hexapoda,2
melanoma,2
abortion,2
myocarditis,2
urinary_tract_infection,2
hepatitis_c,2
leishmaniasis,2
thyroid_cancer,2
premature_labor,2
osteoarthritis,2
mesothelioma,2
automutilation,2
chronic_liver_disease,2
atrial_fibrillation,2
health_care_quality,2
maternal_disease,2
health_service_accessibility,2
haemophilus_influenzae_type_b_meningitis,2
pneumoconiosis,2
chlamydiasis,2
nonhodgkin_lymphoma,2
pulmonary_aspiration,2
echinococcosis,2
zika_fever,2
stomach_cancer,2
silicosis,2
eating_disorder,2
health_care_disparity,2
health_status_indicator,2
malignant_neoplasm,2
saccharum,2
air_pollutant,2
perinatal_asphyxia,2
alcoholic_cardiomyopathy,2
motor_neuron_disease,2
brain_cancer,2
encephalitis,2
decubitus,2
physical_violence,2
hemolytic_anemia,2
ovary_cancer,2
gastrointestinal_disease,2
assessment_of_human,2
health_insurance,2
lower_respiratory_tract_infection,2
endometriosis,2
gonorrhea,2
syphilis,2
bronchus_cancer,2
gastritis,2
gunshot_injury,2
paralytic_ileus,2
cardiomyopathy,2
cocaine_dependence,2
newborn_sepsis,2
biliary_tract_cancer,2
larynx_cancer,2
lung_sarcoidosis,2
schistosomiasis,2
cellulitis,2
esophagus_cancer,2
opiate_addiction,2
maternal_death,2
acute_glomerulonephritis,2
group_by_age,2
upper_respiratory_tract_infection,2
high_income_country,2
population_density,2
otitis_medium,2
typhoid_fever,2
asbestosis,2
multiple_myeloma,2
ebola_hemorrhagic_fever,2
chronic_myeloid_leukemia,2
lip_cancer,2
foreign_body,2
multiple_sclerosis,2
heart_atrium_flutter,2
hepatitis_b,2
interstitial_nephritis,2
endoglin,2
wireless_network,2
atmospheric_pressure,2
medical_application,2
health_care_policy,2
prostate_hypertrophy,2
bladder_cancer,2
endocarditis,2
neglected_disease,2
lung_cancer,2
iron_deficiency_anemia,2
chaga_disease,2
pancreatitis,2
ameloblastic_carcinoma,2
polyethylene_glycol,2
biomedical_application,2
pneumococcal_meningitis,2
acute_hepatitis_a,2
sudden_infant_death_syndrome,2
cancer_localization,2
surface_treatment,2
antinuclear_antibody,2
sjoegren_syndrome,2
systemic_lupus_erythematosus,2
human_experiment,2
protein_function,2
metastasis,2
growth,2
odontogenic_tumor,2
keratin,2
epithelium,2
nonlinear_equation,2
digital_storage,2
"kidney_failure,_chronic",2
primordial_odontogenic_tumor,2
absorption_and_photoluminescence,2
interferon,2
"antibodies,_antinuclear",2
ro_antibody,2
low_dimensionality,2
sulfide,2
response_surface_methodology,2
starch_digestibility,2
digestibility,2
ultrasonic_cavitation,2
pregnant_woman,2
anxiety,2
association,2
economic_analysis,2
transformer_winding,2
chemical_characterization,2
radial_distribution_function,2
navier_stokes_equation,2
boundary_condition,2
growth_regulator,2
transient_condition,2
silicon_carbide,2
glyburide,2
insulin_release,2
ss_a_antibody,2
statistic_a_topic,2
"lupus_erythematosus,_systemic",2
hypertension,2
tribology,2
fabaceae,2
decay_ratio,2
buckling_restrained_brace,2
buckling,2
luminescence_property,2
peroxisome_proliferator_activated_receptor_gamma_agonist,2
chlorogenic_acid,2
adipocyte,2
cell_structure,2
biological_material,2
mesenchyme_cell,2
fiber,2
immunofluorescence,2
up_regulation,2
breast_cancer_cell_line,2
cadherins,2
antineoplastic_activity,2
consultation,2
adipocytes,2
computational_biology,2
agonist,2
nude_mouse,2
cadherin,2
validation_process,2
animal_feed,2
animal_nutritional_physiological_phenomenon,2
tumor_volume,2
"mice,_nude",2
error,2
hippocampus,2
physician,2
protein_conformation,2
child_growth,2
"blotting,_western",2
cell_ultrastructure,2
chaos_theory,2
water_supply,2
environmental_health,2
sex_ratio,2
disability_adjusted_life_year,2
ethanol,2
multiobjective_optimization,2
alouatta_palliata,2
animal_food,2
"microscopy,_electron,_scanning",2
succinic_acid,2
cardiometabolic_risk,2
sex_distribution,2
avoidance_behavior,2
municipal_wastewater_treatment,2
hydraulic_retention_time,2
membrane_permeability,2
sleep_deprivation,2
noradrenalin,2
uric_acid,2
coronary_care_unit,2
methionine,2
leporidae,2
rabbit,2
specie_identification,2
alouatta_pigra,2
ribosome_dna,2
alouatta,2
estrus_cycle,2
drug_administration_schedule,2
monomer,2
"dna,_ribosomal",2
st_segment_elevation_myocardial_infarction,2
clinical_outcome,2
hospital_admission,2
microrna,2
micrornas,2
locomotion,2
depression,2
gene_expression_profiling,2
tumor_differentiation,2
mg_al_hydrotalcite,2
data_mining,2
sodium_sulfite,2
morphological_property,2
reaction_intermediate,2
heterogeneous_modeling,2
lysine,2
process_simulation,2
investment,2
energy_consumption,2
bioactivity,2
iron_compound,2
biofilm,2
filtration,2
dna_base_composition,2
genome,2
drug_administration,2
mathematical_operator,2
south_america,1
neutron_reflection,1
fractional_dynamic,1
current_law,1
asia,1
microcosm,1
estradiol_benzoate,1
dopaminergic_neuron,1
substantia_nigra,1
photocatalytic_process,1
interfacial_charge_transfer,1
cultural_factor,1
social_support,1
coping_behavior,1
chronic_pain,1
thematic_analysis,1
social_network,1
italian,1
locus_of_control,1
immigrant,1
adaptive_behavior,1
chinese,1
sphingobacterium,1
corynebacterium_glutamicum,1
comprehensive_assessment,1
fed_batch_fermentation,1
stirred_reactor,1
techno_economic_and_environmental_evaluation,1
morning_dosage,1
hydrated_lime,1
material_evaluation,1
geochemical_method,1
chinese_medicine,1
ketoprofen,1
limb,1
finite_ring,1
constacyclic_code,1
length_of_a_module,1
product_recovery,1
upstream_processing,1
fermentation_reactor,1
molasses,1
ovary_cycle,1
hopelessness,1
process_design,1
oxygen_affinity,1
raman_spectrometry,1
confocal_microscopy,1
"microscopy,_confocal",1
arsenopyrite,1
chemical_cleaning,1
fouling_layer,1
water_filtration,1
pore_blocking_mechanism,1
batch_fermentation,1
l_lysine_production,1
downstream_processing,1
nicotinamide_adenine_dinucleotide_phosphate,1
nootkatone,1
four_phase,1
partitioning_bioreactors,1
interfacial_coefficient,1
disperse_phase_fraction,1
interfacial_mass_transfer,1
wurtzite_type_hexagonal_structure,1
fed_batch_culture,1
reactor_operation,1
microbial_fermentation,1
profitability,1
process_modeling,1
text_identification,1
state_of_the_art_performance,1
deception_detection,1
amount_of_information,1
profile_based_representation,1
detection_of_deception,1
character_recognition,1
claudin,1
interendothelial_junction,1
irreversible_fouling,1
membrane_autopsy,1
equipment,1
lamellar_structure,1
sodium_compound,1
photocatalytic_reduction,1
photoactivity,1
long_term_care,1
climbing,1
"animals,_newborn",1
swimming,1
clomipramine,1
"depressive_disorder,_major",1
reptile,1
"animals,_wild",1
entamoeba,1
iguana,1
solid_ameloblastoma,1
genetic_regulation,1
puerperium,1
uranium_metallography,1
lattice_vibration,1
mgal,1
host_parasite_interaction,1
cardiovascular_mortality,1
st_elevation_myocardial_infarction,1
register,1
heart_muscle_reperfusion,1
registry,1
myocardial_reperfusion,1
vanadium_metallography,1
oral_biopsy,1
unicystic_ameloblastoma,1
rna_analysis,1
teratoma,1
antidepressive_agent,1
forced_swim_test,1
immobility,1
antidepressant_activity,1
cardiovascular_risk,1
cell_activation,1
spleen_cell,1
interphotoreceptor_retinoid_binding_protein,1
beta_adrenergic_stimulation,1
neuroimmunomodulation,1
adoptive_transfer,1
salbutamol,1
postpartum_period,1
wild_animal,1
antidepressant_agent,1
length,1
hydrophilicity,1
tension,1
hydrophobicity,1
entamoeba_insolita,1
ultrafiltration_membrane,1
occludin,1
"microscopy,_electron,_transmission",1
blood_brain_barrier,1
cell_junction,1
immunomodulation,1
conditioning,1
mitogenic_agent,1
immunosporin,1
immunosuppressive_agent,1
antigen_specificity,1
freund_adjuvant,1
length_of_stay,1
uric_acid_blood_level,1
percutaneous_coronary_intervention,1
hyperuricemia,1
number_of_electron,1
indicator,1
electronic_system,1
state_function,1
reactivity_indicator,1
thermal_change,1
chemical_process,1
conditioned_reflex,1
uveitis,1
autoimmune_disease,1
pertussis_toxin,1
cyclosporine,1
cyclosporin_a,1
thermo_gravimetric,1
fouling,1
ultrafiltration,1
plantago,1
fat,1
inbreeding,1
population_genetics,1
microsatellite_repeat,1
discriminative_power,1
organoarsenic_derivative,1
bioethanol,1
technological_project,1
sugar_substitute,1
epinephrine,1
saccharin,1
"conditioning,_classical",1
autoimmune_uveitis,1
taste_discrimination,1
external_potential,1
occupational_disease,1
behavior_assessment,1
economic_potential,1
safety_index,1
lignosulfonates,1
feedstock,1
xylitol_production,1
economic_value,1
product_distribution,1
refining,1
cladistics,1
molecular_phylogeny,1
gluten_free_diet,1
"diet,_gluten_free",1
flour,1
cicer,1
brain_capillary_endothelial_cell,1
actin,1
endothelial_cells,1
fluorescein,1
intercellular_junction,1
fluctuation_mode,1
singular_value_decomposition,1
scale_invariant,1
random_matrix_theory,1
normal_mode_analysis,1
unfolding_procedure,1
spectral_fluctuation,1
population_growth,1
growth_disorder,1
smoking,1
metabolic_disorder,1
patient_counseling,1
program_evaluation,1
"education,_medical",1
cell_function,1
cell_physiological_phenomenon,1
chemical_phenomenon,1
correlation,1
experimental_design,1
recombination,1
selective_breeding,1
occupational_exposure,1
low_birth_weight,1
metabolic_disease,1
fluorescein_sodium,1
neuron_specific_nuclear_protein,1
tight_junction_protein,1
dependent_variable,1
iliac_bone,1
anthropometry,1
controlled_clinical_trial,1
elbow,1
skinfold,1
calf,1
"absorptiometry,_photon",1
singular_value_decomposition_method,1
random_variable,1
scale_invariance,1
hydrophobic_and_hydrophilic_interaction,1
protein_folding,1
endothelium,1
tight_junction,1
sleep_restriction,1
palmitic_acid,1
defluvibacter_lusatiensis,1
acinetobacter_bouvetii,1
xanthomonas_sp.,1
marine_ecosystem,1
shewanella_sp.,1
particle_displacement,1
drift_velocity,1
time_dependence,1
surface_transport,1
cancer_inhibition,1
epithelial_mesenchymal_transition,1
aquaculture_system,1
accuracy_assessment,1
biceps_brachii_muscle,1
independent_variable,1
prasterone,1
cell_migration,1
tumor_invasion,1
transcription_factor_snail,1
xenograft_model_antitumor_assay,1
cell_invasion,1
photon_absorptiometry,1
skinfold_thickness,1
triceps_brachii_muscle,1
linear_regression_analysis,1
validity,1
arm_circumference,1
acidithiobacillus_thiooxidans,1
iron_derivative,1
assessment_method,1
spectroscopy,1
galaxy:halo,1
dark_matter_halo,1
filamentary_structure,1
systematic_exploration,1
method:_numerical,1
density_distribution,1
galaxy,1
cosmology:_theory,1
tumor_burden,1
tumor_xenograft,1
nerve_cell_adhesion_molecule,1
clinical_effectiveness,1
medical_education,1
counseling,1
mitochondrial_respiration,1
enzyme_metabolism,1
burn,1
full_thickness_burn,1
collagenous_fiber,1
dehydroepiandrosterone,1
snail_family_transcription_factor,1
weak_interaction,1
aligned_electrospun_fiber,1
spinning,1
arbitrary_value,1
particle_drift_velocity,1
transport_problem,1
travel,1
diffusivity,1
bulk_mediated_surface_diffusion,1
crystallinity_change,1
ultrasonics,1
fibroblast_culture,1
modified_chitosan,1
efficient_energy_transfer,1
luminescence_material,1
electrospinning,1
europium_complex,1
composite_fiber,1
biological_response,1
fibroblast,1
drug_concentration,1
peroxisome_proliferator_activated_receptor_alpha,1
fatty_acid_transport_protein,1
protein_targeting,1
antilipemic_agent,1
fatty_acid_transporter,1
peroxisome_proliferator_activated_receptor_alpha_agonist,1
lyapunov_function,1
largest_lyapunov_exponent,1
dual_system,1
seismic_sequence,1
seismology,1
biocompatible_material,1
mechanical_performance,1
biomaterial,1
skin_transplantation,1
tissue_scaffold,1
protective_cover,1
tropoelastin,1
cell_interaction,1
tissue_section,1
chitosan,1
cell_contact,1
branched_structure,1
semiconductor_quantum_wire,1
quantum_interference_phenomenon,1
transfer_matrix_method,1
closed_form_expression,1
single_molecule_electronics,1
transmission_coefficient,1
microabrasion,1
tribological_performance,1
abrasion,1
micro_abrasion_wear,1
silicon_compound,1
histological_evaluation,1
bwr_stability,1
lyapunov_method,1
reduced_order_model,1
stainless_steel,1
sprayed_coating,1
wear_mode,1
carbohydrate_metabolism,1
insulin_sensitizing_agent,1
ppar_alpha,1
sledai,1
galaxy_evolution,1
dark_matter,1
shape_feature,1
mangrove,1
"labor,_obstetric",1
osteocalcin,1
april_protein,1
beta_interferon,1
third_trimester_pregnancy,1
open_boundary,1
pipe_flow,1
series_expansion,1
real_function,1
thanatephorus_cucumeris,1
guideline,1
growth_response,1
biomass_allocation,1
dicotyledon,1
pigment,1
eysenhardtia_polystachya,1
sclerotium_cepivorum,1
outflow_boundary_condition,1
wear_resistance,1
deionized_water,1
industrial_sector,1
liquefied_gas,1
model_optimization,1
extended_simple_point_charge_model,1
symmetrical_potential,1
boltzmann_inversion,1
coarse_grained_particle,1
density_of_gas,1
hierarchical_system,1
outlet_boundary_condition,1
outflow,1
incompressible_navier_stokes,1
smoothed_particle_hydrodynamics,1
wave_equation,1
electric_conduit,1
channel,1
periodic_boundary_condition,1
total_reducing_sugar,1
anthocyanins,1
antioxidant_property,1
copyright,1
in_rush_current,1
energy_spectral_density,1
time_frequency_representation,1
spectral_density,1
total_harmonic_distortion,1
euler_number,1
distribution_space,1
set_theory,1
asymptotic_analysis,1
generalized_function,1
coarse_grained_potential,1
downhill_simplex_optimization,1
single_phase_transformer,1
fourier_series,1
coupling_energy,1
adhesive_for_wood,1
experimental_value,1
reactive_force_field,1
lignin_adhesive,1
reaxff_oligolignol_cellulose_complex,1
adhesive_formulation,1
structure_property_relation,1
wood,1
brewing,1
chili,1
blue_corn,1
hierarchical_clustering,1
antioxidant_capacity,1
ultrasound_technology,1
ultrasound_treatment,1
stromelysin,1
smooth_muscle_cell,1
psychometrics,1
correlation_function,1
dynamic_analysis,1
petrochemical_polymer,1
polyhydroxybutyrate,1
techno_economic_evaluation,1
productivity,1
cd_nanoparticles,1
electric_fault_current,1
inter_turn_fault,1
transformer_diagnostics,1
transformer,1
operation_strategy,1
feeding_strategy,1
biodegradable_polymer,1
process_requirement,1
"interferon_lambda,_human",1
glucocorticoid,1
antiphospholipid_syndrome,1
corticosteroid_therapy,1
chirality,1
molecular_self_assembly,1
liquid_crystalline_mesophases,1
liquid_crystalline_phasis,1
"spectrum_analysis,_raman",1
arsenical,1
uterus_contraction,1
sonication,1
down_flow,1
macroscopic_model,1
excision,1
cone_beam_computed_tomography,1
molar,1
stabilization,1
photo_electronic_device,1
template,1
experimental_procedure,1
single_walled_carbon_nanotube,1
capping_agent,1
one_dimensional_structure,1
photoluminescence_signal,1
computer_communication_network,1
information_technology,1
process_development,1
columnar_epithelium,1
"radiography,_panoramic",1
deciduous_tooth,1
unerupted_tooth,1
reticulum_cell,1
molar_tooth,1
panoramic_radiography,1
non_newtonian_viscosity,1
experimental_data,1
information_model,1
relative_velocity,1
fluidized_bed,1
closure_problem,1
different_geometry,1
transport_in_porous_medium,1
fluidization,1
mwcnts,1
mouth_neoplasm,1
saliva_level,1
cancer_staging,1
fractional_order_calculus,1
maxwell_model,1
frequency_sweep,1
storage_and_loss_modulus,1
nonlinear_differential_equation,1
first_harmonic_analysis,1
carbon_fiber_epoxy,1
aspect_ratio,1
coupling_agent,1
polyamidoamines,1
epoxy_resin_composite,1
chemical_treatment,1
labor,1
b_cell_activating_factor,1
odontogenic_epithelium,1
podoplanin,1
capillary_density,1
"neovascularization,_pathologic",1
tooth_germ,1
cancer_prognosis,1
neovascularization,1
movement,1
paramecium,1
didinium,1
metapopulation,1
temperature_gradient,1
electrostatics,1
carbon_fiber,1
hamiltonian_cycle,1
vertex_disjoint,1
alternating_cycle,1
surface_treated,1
multiwalled_carbon_nanotube,1
epoxy_resin,1
surface_modification,1
nitric_acid,1
electrostatic_attraction,1
patient_acuity,1
animal_fur,1
fur,1
myometrium,1
psychometry,1
osteopontin,1
herpesvirus_entry_mediator_ligand,1
different_precursor,1
preparation_of_nanoparticles,1
hexamethyl_disiloxane,1
angiogenesis,1
trichuriasis,1
intestine_infection,1
lymph_node_metastasis,1
neoplasm_staging,1
fisher_exact_test,1
squamous_cell_carcinoma,1
distant_metastasis,1
mouth_tumor,1
mouth_squamous_cell_carcinoma,1
"carcinoma,_squamous_cell",1
multigraphs,1
np_complete,1
refraction_error,1
alternating_hamiltonian,1
accommodation_disorder,1
glaucoma,1
suffocation,1
acne_vulgaris,1
trichomoniasis,1
immunoreactivity,1
membrane_glycoprotein,1
lymph_vessel,1
"pdpn_protein,_human",1
"pregnancy_trimester,_third",1
interstitial_collagenase,1
functional_polymer,1
chemical_group,1
nanoparticle_surface,1
dermatitis,1
urticaria,1
tension_headache,1
alopecia_areata,1
lymphangiogenesis,1
cancer_cell,1
cellular_radio_system,1
queueing_theory,1
new_call_blocking_probability,1
blocking_probability,1
intra__and_inter_cell_handoff,1
forced_termination_probability,1
channel_holding_time,1
congestion_control,1
cellular_network,1
handoff_failure_probability,1
trachoma,1
hookworm_infection,1
macular_degeneration,1
conventional_polymer,1
insurance,1
west_african,1
hematologic_disease,1
quality_of_health_care,1
reaction_diffusion_equation,1
colonization_speed,1
one_dimensional,1
colonisation,1
prey_specie,1
linear_equation,1
extinction,1
predator_prey,1
quantum_interference,1
parity,1
erlang_capacity,1
mobile_telecommunication_system,1
quality_of_service,1
cell_dwell_time,1
hospital_bed,1
latent_tuberculosis,1
maternal_hemorrhage,1
fungal_skin_disease,1
schizophrenia,1
skin_leishmaniasis,1
mucocutaneous_leishmaniasis,1
drug_resistant_tuberculosis,1
retinol_deficiency,1
mouth_malformation,1
triticum_aestivum,1
quantum_interference_device,1
spectral_singularity,1
multi_branched_molecule,1
epidemic_meningitis,1
thalassemia,1
pruritus,1
hepatitis,1
food_borne_trematodiasis,1
viral_skin_disease,1
cataract,1
gene_flow,1
endangered_specie,1
ambystomatidae,1
"genetics,_population",1
microsatellite_dna,1
endocrine_disease,1
performance_measurement_system,1
geographic_mapping,1
neonatal_encephalopathy,1
autism,1
asperger_syndrome,1
turner_syndrome,1
leprosy,1
female_infertility,1
south_asia,1
south_korea,1
universal_coverage,1
middle_east,1
death_certificate,1
"crops,_agricultural",1
incineration,1
oxygen_consumption_rate,1
predator_prey_system,1
crop,1
gross_national_product,1
low_back_pain,1
intellectual_impairment,1
reflection_amplitude,1
allee_effect,1
predator_prey_modeling,1
model_based_opc,1
accidental_injury,1
east_african,1
africa_south_of_the_sahara,1
skin_carcinoma,1
neurologic_disease,1
adverse_drug_reaction,1
platinum_nano_particles,1
effective_permeability,1
upscaling,1
local_mechanical_equilibrium,1
hierarchical_porous,1
psoriasis,1
neck_pain,1
hearing_impairment,1
scabies,1
peru,1
large_scale_modeling,1
health_care_system,1
fertility,1
black_carbon,1
agricultural_emission,1
lipoperoxidation,1
intrinsic_stacking_fault,1
metal_doped,1
strong_metal_support_interaction,1
coated_electrode,1
fungus_spore,1
biomass_production,1
poaceae,1
genital_herpes,1
healthy_life_expectancy,1
morbidity,1
peripheral_occlusive_artery_disease,1
acute_hepatitis_e,1
domestic_waste,1
crop_plant,1
urogenital_tract_disease,1
healthcare_quality_and_access_index,1
molecular_chirality,1
numerical_evidence,1
equilibrium_configuration,1
sensitivity_and_uncertainty_analysis,1
sensitivity_analysis,1
relative_standard_deviation,1
thermal_fluid,1
single_input_variable,1
trematodiasis,1
migraine,1
bipolar_disorder,1
meningitis,1
porous_structure,1
mechanical_equilibrium,1
mass_transport,1
platinum_metal,1
male_genital_system,1
"genitalia,_male",1
central_force_field,1
one_parameter_family,1
gravitational_interaction,1
single_particle,1
singularity,1
potential_energy_function,1
sickle_cell_trait,1
congenital_disorder,1
onchocerciasis,1
dysthymia,1
landscape_structure,1
ciliophora,1
predator_prey_interaction,1
self_assembly,1
anal_canal,1
body_height,1
head,1
female_genital_system,1
body_size,1
frequency_domain_method,1
doppler,1
void_fraction,1
gout,1
premenstrual_syndrome,1
dracunculiasis,1
carbon_emission,1
biomass_burning,1
crystallite_size,1
carbon_carbon_composite,1
heterojunction_interface,1
point_kinetics_equation,1
atws,1
negibacteria,1
neutral_radical_specie,1
surface_reaction,1
lymphatic_filariasis,1
coal_worker_pneumoconiosis,1
center_of_mass,1
collision,1
differentiability,1
potential_energy,1
rietveld_refinement,1
accident,1
anticipated_transient_without_scrams,1
fnpk,1
liquid_control,1
dna_synthesis,1
genetic_modification,1
talc,1
polysaccharide,1
anti_inflammatory_activity,1
antibiotic_resistant_bacteria,1
phosphatase,1
edta,1
"genitalia,_female",1
color_coordinate,1
"spores,_fungal",1
molecular_oxygen,1
fungal_metabolism,1
hexadecane,1
electric_conductivity,1
coated_wire_electrode,1
radiation,1
heterogeneous_photo_fenton,1
mitochondrial_respiratory_chain,1
coacervate,1
gum_arabic,1
whey_protein_isolate,1
spray_dried,1
cytochrome,1
micro_aerobic_culture,1
rna_extraction,1
bactericidal_property,1
magnesium,1
bactericide,1
testing,1
dna_modification,1
pentose_phosphate_pathway,1
institutionalization,1
pentose_phosphate,1
plasmid_dna,1
microaerobic_condition,1
dna_supercoiling,1
flux_balance,1
pdna_sequence_fidelity,1
pigmentation,1
paleontology,1
"adaptation,_biological",1
protolytic_titration,1
classical_representation,1
cellular_stress_response,1
solid_state_lighting_application,1
brownian_dynamic_simulation,1
organic_matter,1
spider_venom,1
aphonopelma,1
nhandu_chromatus,1
poecilotheria_vittata,1
fertilization_in_vitro,1
macrophage_colony_stimulating_factor,1
endometrium_cell,1
chorionic_gonadotropin_beta_subunit,1
embryo_implantation,1
leukemia_inhibitory_factor,1
in_vitro_fertilization,1
nidation,1
heart_beat,1
endometrium,1
gestational_sac,1
embryo_transfer,1
sexual_crime,1
conservation_of_natural_resource,1
iceland,1
"child_abuse,_sexual",1
rwanda,1
central_african_republic,1
turbidity,1
zymography,1
polyacrylamide_gel_electrophoresis,1
poecilotheria_ornata,1
poecilotheria_rufilata,1
turbidimetry,1
ceratogyrus_darlingi,1
poecilotheria_regalis,1
brachypelma_epicureanum,1
lasiodora_klugi,1
nerve_cell_degeneration,1
textile_wastewater,1
ferrous_gluconate,1
copper_alloy,1
particle_diffusivity,1
tube,1
lao,1
sweden,1
lesotho,1
silica_nanoparticles,1
brachypelma_boehmei,1
hyaluronoglucosaminidase,1
bonnetina_papalutlensis,1
brachypelma_smithi,1
arthropod_protein,1
grammostola_porteri,1
asparaginase,1
doxycycline,1
child_sexual_abuse,1
newborn_mortality,1
somalia,1
afghanistan,1
goal_attainment,1
cambodia,1
equatorial_guinea,1
singapore,1
sex_offense,1
infant_mortality,1
lighting,1
co_doped_glass,1
excitation_and_emission_spectrum,1
cell_nucleus,1
herpes_simplex,1
doxorubicin,1
cytarabine,1
herpes_simplex_virus,1
stomatitis,1
etoposide,1
randomized_controlled_trial_a_topic,1
zirconia_nanoparticles,1
aluminum_substrate,1
epoxy_silica_hybrid,1
hybrid_adhesive,1
adhesively_bonded,1
vincristine_sulfate,1
vincristine,1
"candidiasis,_oral",1
mucosa_inflammation,1
low_temperature_energy,1
industrial_emission,1
industrial_processing,1
fossil_fuel,1
hurricane,1
analytical_study,1
varying_temperature,1
model_equation,1
acid_concentration,1
shrinking_particle,1
sintering,1
methotrexate,1
daunorubicin,1
induction_chemotherapy,1
prednisone,1
thrush,1
metropolitan_area,1
village,1
ilmenite,1
synergistic_effect,1
iron_extraction,1
magnetite,1
kinetic_analysis,1
sodium_thiosulfate,1
alfred,1
neutronics,1
lead_cooled_fast_reactor,1
direction_independent,1
first_passage_time,1
probability_density,1
astrocytosis,1
robust_optimal_design,1
nectar,1
plant_nectar,1
pollination,1
pollen,1
traditional_composition,1
electronic_conduction,1
electrochemical_performance,1
charge_transfer_band,1
pechini_method,1
solid_state_method,1
sintering_temperature,1
crystal_impurity,1
high_temperature_solid_state_method,1
photoluminescence_spectroscopy,1
statistical_analysis,1
rural_urban_comparison,1
percolation,1
larva,1
rhipicephalus_sanguineus,1
tick_control,1
biological_pest_control,1
"pest_control,_biological",1
heterogeneity,1
human_settlement,1
public_space,1
lifepo,1
segregation,1
pvdf,1
upper_and_lower_bound,1
uncertain_condition,1
transcription_initiation,1
inhibition_concentration,1
blending_ratio,1
complex_coacervates,1
"myocytes,_cardiac",1
adenosine_diphosphate,1
"mitochondria,_liver",1
structural_safety,1
jejunal_wall_thickness,1
erythrocyte_count,1
acute_abdomen,1
intestine_parameter,1
laparotomy,1
jejunal_manipulation,1
intestine_resection,1
ionic_transport,1
percolation_threshold,1
interconnected_network,1
intestine_injury,1
peromyscus_maniculatus,1
virus_cell_interaction,1
hantavirus,1
peromyscus,1
infrared_photography,1
metarhizium,1
limonene,1
terpene,1
cyclohexenes,1
cypermethrin,1
cyclohexene_derivative,1
neutrophil_count,1
lymphocyte_count,1
blending,1
titration,1
dipodomys,1
foraging,1
host_pathogen_interaction,1
hormesis,1
antihypertensive_agent,1
heart_function,1
metabolic_effect,1
nitrate_consumption,1
bicarbonate,1
denitrification,1
denitrification_process,1
beta_lactams,1
ultrasound_transducer,1
intestine_surgery,1
echograph,1
pain_assessment,1
extraction_condition,1
spice,1
extraction_technique,1
first_degree_relative,1
heart_arrest,1
autopsy,1
genetic_screening,1
tilt_table_test,1
color_removal_efficiency,1
particle_charge,1
kaluzas_theory,1
velocity_field,1
boltzmann_equation,1
thermodynamic_force,1
charged_fluid,1
thermoelectric_and_thermomagnetic_effect,1
kinetic_theory,1
insulin_resistance,1
pediatric_obesity,1
predictive_value_of_test,1
"subcutaneous_fat,_abdominal",1
child_health_care,1
child_health_service,1
nitrate_reduction,1
ampicillin,1
inhibitory_effect,1
thermodynamic_flux,1
working_fluid,1
low_temperaure,1
optimal_system,1
bromide,1
statistically_significant_difference,1
lymphocyte,1
satureja_macrostema,1
sensory_system,1
leisure,1
habit,1
cardiac_muscle_cell,1
calcium_excretion,1
calcium_signaling,1
abdominal_subcutaneous_fat,1
mental_disorder,1
organization_and_management,1
psychologist,1
emotional_disorder,1
primary_medical_care,1
mental_health_service,1
thermoelectricity,1
aox_gene,1
intraabdominal_fat,1
predictive_value,1
intra_abdominal_fat,1
lumbar_vertebra,1
failure,1
structural_behaviour,1
failure_characteristic,1
electrical_transmission,1
cell_membrane_permeability,1
sodium_calcium_exchanger,1
image_processing,1
compound_parabolic_concentrator,1
uv_radiation_source,1
color_removal,1
solvent_extraction,1
point_mutation,1
treadmill_test,1
resuscitation,1
diagnostic_error,1
protein_assembly,1
qtc_interval,1
indigo_blue,1
silicone,1
immobilization_protocol,1
radioactive_waste_vitrification,1
woman,1
social_stigma,1
need_assessment,1
healthcare_disparity,1
respiration,1
fungal_gene,1
adsorbent,1
lactose,1
cost_reduction,1
biotechnological_production,1
alternative_respiration,1
alternative_oxidase,1
mitochondrial_protein,1
electron_transport_chain,1
excitement,1
drinking,1
extraction_method,1
satureja,1
maize_cane,1
titrimetry,1
chromium_derivative,1
pseudo_second_order_model,1
galactosidases,1
galacto_oligosaccharides,1
transgalactosylation,1
kluyveromyces,1
galactose,1
optimal_reaction_condition,1
covalent_immobilization,1
general_device,1
cognition,1
shopping,1
chromium_compound,1
industrial_effluent,1
chromium,1
elemental_composition,1
adsorption_property,1
agave_bagasse,1
oxidant,1
plastic,1
nucleation_rate,1
proton_reduction,1
arrhenius_plot,1
transfer_coefficient,1
current_density,1
pilot_project,1
receiver_operating_characteristic,1
dermatomyositis,1
myositis,1
roc_curve,1
polymyositis,1
yeast,1
oligosaccharide,1
enzyme_concentration,1
sodium_calcium_exchange_protein,1
reduced_nicotinamide_adenine_dinucleotide,1
calcium_dynamic,1
mitochondrial_calcium_uniporter,1
mitochondrial_permeability_transition_pore,1
purkinje_fiber,1
endoplasmic_reticulum_membrane,1
glycolysis,1
mitochondrial_membrane,1
—sympathetic_predominance,1
—orthostatism,1
time_series,1
scaling_behaviour,1
supine_position,1
renal_dialysis,1
film,1
experimental_investigation,1
degradation_mechanism,1
"death,_sudden,_cardiac",1
protein_structure,1
romano_ward_syndrome,1
faintness,1
next_generation_sequencing,1
dna_mutational_analysis,1
long_qt_syndrome,1
ammonium_compound,1
denim_waste_water,1
autonomic_regulation,1
dialysis,1
—scaling_behavior,1
patient_positioning,1
haemodialysis,1
dizziness,1
—mean_heart_rate,1
hemodialysis,1
chronic_renal_failure,1
rr_interval,1
—chronic_renal_failure,1
hemodialyzer,1
standing,1
—hemodialysis,1
cresol,1
nitrification,1
ammonium,1
freundlich_isotherm_model,1
mutual_information,1
heat_and_mass_transfer_phenomenon,1
aromatic_fragment,1
melting,1
yttrium_oxide,1
melting_method,1
evaporation_method,1
order_of_addition,1
electrochemical_stability,1
durango_[mexico],1
nonionic_surfactant,1
iron_electrode,1
batch_data_processing,1
copper_electrode,1
boron_doped_diamond_anode,1
nonylphenols,1
configuration_system,1
nonylphenol,1
nonylphenol_decaethoxylate,1
thermal_processing,1
gelatinization_temperature,1
acid_esterification,1
plantain_flour,1
conditioning_treatment,1
retrogradation,1
diamond,1
cotton_fabric,1
lithium_perchlorate,1
electrical_conductivity,1
preparation_process,1
michaelis_menten_kinetics,1
hepatocytes,1
liver_mitochondrion,1
electronic_energy_level,1
luminescence_study,1
dissociation_constant,1
ship,1
microbial_eco_system,1
desulfovibrionaceae,1
gamma_aminobutyric_acid,1
hyperalgesia,1
xanthones,1
katp_channel,1
formaldehyde,1
cyclic_gmp,1
gabapentin,1
nonmethane_hydrocarbon,1
pollution_exposure,1
emission,1
atmospheric_modeling,1
resistant_starch,1
geometric_mechanic,1
phase_space_method,1
radial_coordinate,1
refractive_index,1
potential_function,1
semiconductor_quantum_well,1
paw,1
interstellar_space,1
insoluble_remnant,1
film_preparation,1
water_vapor_permeability,1
mangiferin,1
cyclohexanecarboxylic_acid,1
structural_property,1
tissue_specificity,1
sarcoplasmic_reticulum_calcium_transporting_adenosine_triphosphatase,1
cyclohexanecarboxylic_acid_derivative,1
xanthone_derivative,1
antihyperalgesic_effect,1
allodynia,1
nitric_oxide_cyclic_gmp_adenosine_triphosphate_sensitive_potassium_channel,1
adenosine_triphosphate_sensitive_potassium_channel,1
ng_nitroarginine_methyl_ester,1
formalin_induced_pain,1
antiallodynic_effect,1
mechanical_hyperalgesia,1
homozygosity,1
heating,1
pyrolysis,1
lignin_pyrolysis,1
breakdown_mechanism,1
bio_oil,1
azo_dye,1
iridium,1
oxidation_product,1
launching_angle,1
searching_strategy,1
electric_excitation,1
interstellar_medium,1
electronic_excited_state,1
systematic_search,1
gas_phase_methanol,1
methanol_formation,1
computational_chemistry,1
chemical_route,1
byproduct,1
linear_aliphatic_carboxylic_acid,1
dy,1
coulomb_friction,1
hodograph_method,1
inclined_plane,1
dissipation,1
drag,1
yield_stress,1
exact_result,1
free_flight,1
equity,1
policy_implementation,1
elite_capture,1
pseudo_first_order,1
surface_roughness,1
dimensionally_stable_anode,1
favorable_condition,1
constant_current_density,1
europium_oxide,1
emission_peak,1
microbial_corrosion,1
betaproteobacteria,1
carbon_steel,1
sulfate,1
general_corrosion_rate,1
knowledge_management,1
conservation,1
hyperactivity,1
ejaculation,1
mating,1
tranquilizing_activity,1
time_of_flight,1
projectile,1
projectile_motion,1
florida,1
red_alga,1
periodicity,1
experience,1
hormone_determination,1
sorption/desorption,1
limestone,1
concentration_profile,1
treatment_system,1
forest_conservation,1
forest_management,1
social_heterogeneity,1
environmental_policy,1
steel_corrosion,1
pitting,1
excitation_peak,1
rna_splicing,1
optical_system,1
vector_space,1
optical_,1
particle_transport,1
oscillating_potential,1
particle_separator,1
substrate_binding_site,1
biological_membrane,1
membrane_transport,1
oscillation_frequency,1
fluoride_concentration,1
removal_mechanism,1
seaweed,1
"rbcl_protein,_plastid",1
rhodophyta,1
steel,1
hydrocarbon_biodegradation,1
sessile_specie,1
rate_capability,1
hexacyanoferrates,1
galvanostatic_intermittent_titration_technique,1
solid_solution_process,1
monoclinic_structure,1
fluorite,1
contaminated_water,1
potable_water,1
geochemical_system,1
cumulative_residual_entropy,1
association_reaction,1
quantum_system,1
correlation_measure,1
endothelial_dysfunction,1
algal_protein,1
ribulosebisphosphate_carboxylase,1
ribulose_bisphosphate_carboxylase,1
network_function_virtualization,1
cath_ode_material,1
anaerolineae,1
gammaproteobacteria,1
smithella,1
corrosion_rate,1
biotransformation,1
microbial_community_analysis,1
biocorrosion,1
gasoline,1
sulfate_removal_rate,1
syntrophy,1
edible_plant,1
"plants,_edible",1
word_association,1
food_technology,1
synthetic_hydroxyapatite,1
impedance_electrochemical,1
intermetallics,1
zinc_hexacyanoferrate,1
solid_solution,1
colony_forming_cell,1
venous_thrombosis,1
cell_aging,1
human_cell_culture,1
ephrin_receptor,1
vein_thrombosis,1
venous_thromboembolism,1
hamiltonian_dynamic,1
hamiltonian_optic,1
geometrical_optic,1
ray_path,1
cylindrical_symmetry,1
ray_optic,1
genotyping,1
group_theory,1
hydrothermal_route,1
hafnium_oxide,1
methane_oxidation_activity,1
citizenship,1
social_change,1
social_representation,1
research,1
edible_flower,1
physiological_signal,1
congestive_heart_failure,1
sol,1
optical_band_gap,1
optical_band_gap_energy,1
calcium_deficient_hydroxyapatite,1
luminescent_spectrum,1
electric_dipole_transition,1
access_mechanism,1
dysautonomia,1
heterozygote,1
pedigree,1
carnitine,1
heart_repolarization,1
sudden_cardiac_death,1
grin_device_with_cylindrical_symmetry,1
peripheral_vascular_disease,1
nutrition_disorder,1
newborn_infection,1
skin_disease,1
disaster,1
chromosome_aberration,1
respirometry,1
empty_bed_residence_time,1
atmospheric_chemistry,1
methane_emission,1
biofilm_model,1
biofiltration,1
biofilters,1
comprehensive_analysis,1
acceleration/deceleration,1
normal_sinus_rhythm,1
squamous_cell_skin_carcinoma,1
child_death,1
pharynx_cancer,1
brain_disease,1
vascular_intestinal_disorder,1
motorcyclist_road_injury,1
enteropathy,1
pedestrian_road_injury,1
cardiology,1
self_driven,1
self_propelled_particle,1
brownian,1
probability_density_function,1
overdamped,1
dementia,1
respiratory_tract_infection,1
sickle_cell_anemia,1
sexually_transmitted_disease,1
dystocia,1
cyclist_road_injury,1
geography,1
drug_susceptible_tuberculosis,1
hepatitis_e,1
sepsis,1
nervous_system_cancer,1
pregnancy_complication,1
time,1
orofacial_cleft,1
tropical_disease,1
hemoglobinopathy,1
multidrug_resistant_tuberculosis,1
congenital_malformation,1
sulfobetaine_group,1
attenuated_total_reflection_fourier_transform_infrared,1
experimental_analysis,1
poly_methacrylate,1
ft_ir_characterization,1
structural_characterization,1
polymer_electrolyte,1
sub_critical_water,1
subcritical_water_treatment,1
shrimp_waste,1
meningococcosis,1
urogenital_tract_malformation,1
anemia,1
urolithiasis,1
bleeding,1
extensively_drug_resistant_tuberculosis,1
droplet_digital_polymerase_chain_reaction,1
loss_of_function_mutation,1
caucasian,1
liver_tissue,1
genetic_susceptibility,1
isoprotein,1
intermetallic_alloy,1
deproteinization,1
chitin_extraction,1
benthos,1
estuary,1
decadal_variation,1
environmental_change,1
ovary_polycystic_disease,1
adverse_event,1
ionic_conductivity,1
born_oppenheimer_approximation,1
spheroidal_cavity,1
lagrange_mesh,1
quantitative_assay,1
gene_control,1
candida_glabrata,1
shrimp_cephalothorax,1
shellfish,1
crystalline_domain,1
durapatite,1
crustacea,1
crystalline_phasis,1
rna_sequencing,1
somatomedin_b,1
insulin_like_growth_factor_ii,1
rna_splice_site,1
aspartic_acid_endopeptidases,1
scanning_electron_microscopy_image,1
zno_catalyst,1
particle_agglomerate,1
physicochemical_technique,1
benthic_environment,1
molecular_system,1
molecular_ion,1
one_electron_system,1
molecular_stability,1
deltaproteobacteria,1
metabolome,1
metabolite_level,1
pepper,1
lagrange_mesh_method,1
mesh_generation,1
infrared_and_raman_spectroscopy,1
direct_esterification,1
stomach_protection,1
stomach_injury,1
nociception,1
formalin_test,1
drug_safety,1
analytic_method,1
spacer_dna,1
"polymorphism,_genetic",1
"gene_expression_regulation,_fungal",1
regulatory_sequence,1
candidiasis,1
"regulatory_sequences,_nucleic_acid",1
phenotypic_variation,1
aspartic_proteinase,1
optically_active,1
photoactivation,1
cadmium_compound,1
thioglycolic_acid,1
horse_radish_peroxidase,1
isobolography,1
stomach,1
naproxen,1
mugil_curema,1
teleost,1
genetic_structure,1
lagoon,1
genetic_differentiation,1
catalytic_mechanism,1
vanadium_compound,1
oxidative_esterifications,1
glycosylated_hemoglobin,1
protein_isoforms,1
illumina_sequencing,1
europe,1
european_continental_ancestry_group,1
rehabilitation,1
photostimulation,1
eye,1
international_normalized_ratio,1
nonparametric_test,1
habituation,1
photic_stimulation,1
nutritional_status,1
bias,1
nanocrystals,1
silicon_dioxide,1
resorufin,1
sensor,1
cd_quantum_dot,1
mass,1
quartz,1
genetic_procedure,1
quantum_dot,1
dispersed_system,1
spectrometric_method,1
c._annuum_serrano_pepper,1
metabolomic_profiling,1
statistical_bias,1
iron_alloy,1
passive_film,1
corrosion_product,1
x_ray_energy_dispersion,1
"spectroscopy,_fourier_transform_infrared",1
heterotrophic_bacteria,1
glycol,1
heat_treatment,1
infrared_heating,1
amplex_red,1
cadmium_derivative,1
silanized_silica,1
hybridization,1
oxazines,1
immobilization_effect,1
hybrid_nanomaterials,1
biosensing_technique,1
nanomaterial,1
semiconductor_quantum_dot,1
photochemical_process,1
lower_bound,1
cardinality,1
integer_n,1
acyclic_subdigraph,1
upper_bound,1
cracking_pattern,1
increasing_cyclic_loading,1
simply_supported_beam,1
microspheres,1
quartz_crystal_microbalance,1
horseradish_peroxidase,1
oxazine_derivative,1
microsphere,1
homogeneous_distribution,1
crystallization_process,1
fourier_transform_infra_red_spectroscopy,1
egg,1
inbreeding_depression,1
mining_industry,1
coating,1
infrared_drying,1
consolidation_process,1
bacterial_inhibition,1
semiconductor_doping,1
energy_dissipation,1
synaptic_potential,1
aluminum_alloy,1
corrosion_behavior,1
acid_corrosion,1
corrosion_resistant_alloy,1
rumen,1
bipartite_tournament,1
gravitational_force,1
geometric_approach,1
gravitation,1
covariant,1
particle_on_surface,1
curve_on_surface,1
axisymmetric,1
differential_geometry,1
gravitational_field,1
metronidazole_benzoate,1
transverse_reinforcement,1
stiffness_degradation,1
crustacean,1
breeding_population,1
reproductive_success,1
hatching,1
stomach_juice,1
drug_dosage_form,1
intestine_fluid,1
sulfuric_acid,1
peroxide_decomposition,1
sulfuric_acid_solution,1
chalcopyrite,1
dissolution_kinetics,1
chalcopyrite_concentrate,1
copper_smelting,1
chalcopyrite_leaching,1
hazard_management,1
sonora_river,1
hermosillo,1
disaster_management,1
euclidean_space,1
surface_stabilization,1
derivative,1
seed,1
light_amplifier,1
exponential_behavior,1
aluminosilicate_glass,1
optical_switch,1
near_infrared_photoluminescence,1
amplifier,1
aluminosilicates,1
infrared_device,1
full_width_at_half_maximum,1
radiative_probability,1
amorphous_like_structure,1
emission_cross_section,1
pepsin_a,1
fluorescent_cytometry_assay,1
chondrocytes,1
cytokine_release,1
superoxide,1
"fatty_acids,_nonesterified",1
cooked_sausage,1
peroxide,1
shrinking_particle_model,1
bandwidth,1
color_vision,1
feedback_arc_set,1
van_der_waals_interaction,1
complex_derivative,1
van_der_waals_force,1
electrografting,1
oxidation_process,1
gas_emission,1
life_cycle_assessment,1
carbon_capture,1
ammonia_production,1
green_emission,1
optical_material,1
lithium_alloy,1
cytokine_immunoassay,1
cytometry,1
hyperlipidemia,1
chondrocyte,1
accelerometer,1
video_game,1
capsicum,1
low_density_lipoprotein,1
sodium_blood_level,1
mobile_ad_hoc_network,1
number_of_cluster,1
critical_feature,1
topological_change,1
routing_protocol,1
cluster_stability,1
nutrition,1
descriptive_analysis,1
sensory_analysis,1
functional_food,1
r_index,1
sensory_characterization,1
healthy_food,1
functional_ingredient,1
sensory_attribute,1
gas_industry,1
regularity,1
differential_operator,1
quintana_roo,1
island_biogeography,1
cozumel,1
araneae,1
theraphosidae,1
enhanced_oil_recovery,1
american_petroleum_institute,1
oil_well_flooding,1
global_warming,1
global_warming_impact,1
carbon_balance,1
environmental_study,1
enhanced_recovery,1
cluster_head_election,1
memory_cell,1
b_lymphocyte,1
cell_population,1
artificial_ventilation,1
si,1
langmuir_type_adsorption,1
fiber_optic_sensor,1
network_routing,1
telecommunication_network,1
mobile_adhoc_network,1
clustering_protocol,1
statistical_feature,1
weak_solution,1
continuous_wavelet_transform,1
admissible_function,1
wavelet_transforms,1
yucatan_peninsula,1
extinction_risk,1
brachypelma_vagans,1
genetic_isolation,1
applied_potential,1
nucleation_process,1
silicon_wafer,1
underpotential_deposition,1
heat_removal,1
thermal_behavior,1
geometrical_configuration,1
accident_prevention,1
user_interface,1
computational_algorithm,1
child_nutrition_disorder,1
lymphocyte_activation,1
decentralized_wastewater_management,1
biological_oxygen_demand,1
septic_tank,1
upflow_anaerobic_sludge_blanket_septic_tank,1
tank,1
low_cost,1
total_suspended_solid,1
green_diesel,1
overpotential_deposition,1
etched_track,1
diffusion_kinetics,1
analytes,1
confined_space,1
track_radius,1
antisymmetric_stretching,1
mg_al_layered_double_hydroxide,1
steel_manufacturing,1
graphical_user_interface,1
guaiacol_and_catechol_radical,1
electron_affinity,1
grand_canonical_ensemble,1
chemical_potential,1
partial_derivative,1
hydrotreating,1
"gene_expression_regulation,_neoplastic",1
non_small_cell_lung_cancer,1
survival_time,1
cancer_resistance,1
radiation_tolerance,1
electron_hole_pair,1
nitrogen_adsorption_isotherm,1
soluble_chemical_oxygen_demand,1
gene_function,1
radiation_exposure,1
"carcinoma,_non_small_cell_lung",1
computer_software,1
fuel_oil,1
reactive_distillation,1
phase_equilibrium,1
high_free_fatty_acid,1
process_intensification,1
non_edible_vegetable_oil,1
calmodulin,1
calmodulin_binding_protein,1
asymptomatic_disease,1
molecular_pathology,1
microfluidics,1
continuous_casting_machine,1
multidimensional_flow,1
transport_phenomenon,1
interfacial_transition_region,1
interface_condition,1
macroscopic_length,1
domain_representation,1
gene_ontology,1
radiosensitivity,1
carcinoma_cell,1
"neoplasm_recurrence,_local",1
gene_activation,1
radiation_dose,1
tumor_marker,1
tumor_recurrence,1
"biomarkers,_tumor",1
lung_cancer_cell_line,1
model_based_control,1
point_reactor_kinetics,1
working_electrode,1
urinary,1
diclofenac,1
modified_simplex_method,1
differential_pulse_voltammetry,1
electrochemical_process,1
premenopause,1
cancer_survival,1
recurrence_free_survival,1
ionizing_radiation,1
lung_neoplasm,1
cancer_radiotherapy,1
tumor_suppressor_gene,1
"genes,_tumor_suppressor",1
lifetime_measurement,1
spin_glass,1
coordination_reaction,1
electron_spin_resonance_spectroscopy,1
electron_paramagnetic_resonance,1
small_particle_size,1
convective_transfer,1
graphite_electrode,1
voltammetry,1
linear_programming,1
oxidation_peak,1
first_ionization_potential,1
electronic_chemical_potential,1
temperature_feedback,1
linear_control_system,1
neutron_transport,1
solvothermal_method,1
zirconium,1
photocatalytic_efficiency,1
bismuth,1
semiconducting_bismuth_compound,1
semiconductor,1
uv_and_visible_light,1
environmental_chemistry,1
chemical_industry,1
nanorods,1
chilean,1
"obesity,_abdominal",1
abdominal_obesity,1
breast_density,1
exciton_transition,1
dual_luminescence,1
sedentary_lifestyle,1
life_style,1
protein_protein_interaction,1
troponin_i,1
specific_heat,1
one_dimensional_ising_model,1
analytic_description,1
critical_exponent,1
quasi_one_dimensional_system,1
universality_class,1
conformational_transition,1
heat,1
paramagnetic_resonance,1
synthesis_process,1
production_of_hydrogen,1
nanorod,1
hydrogenation_activity,1
gold_deposit,1
intermediate_product,1
trimetallic_catalyst,1
indium,1
"selection,_genetic",1
layered_semiconductor,1
hole_recombination,1
catalyst_characterization,1
composite_photocatalysts,1
bismuth_compound,1
strong_confinement,1
nearest_neighbor_interaction,1
self_report,1
accelerometry,1
sedentary_behavior,1
call_buffering,1
natural_resource_management,1
spectrum_adaptation,1
resource_management,1
preemptive_priority,1
dpph,1
polyphenols,1
valorization,1
paulinella_chromatophora,1
bioengineering,1
synechococcus,1
mutation,1
cercozoa,1
speciation,1
cyanobacterium,1
ising_model,1
doped_hydroxyapatites,1
steady_state,1
gel,1
ultraviolet_irradiation,1
stoichiometry,1
cyanobacteria,1
genetic_drift,1
hexose,1
endosymbiont,1
genetic_selection,1
fractional_order_model,1
fractional_order,1
subdiffusion,1
maximum_hardness_principle,1
ionization_potential,1
dirac_delta_function,1
analytical_formulation,1
nonlinear_characteristic,1
inflammatory_response,1
regulation,1
therapeutic,1
palygorskite,1
pro_inflammatory_cytokine,1
murinae,1
anti_inflammatory_effect,1
acute_kidney_injury,1
amino_terminal_pro_brain_natriuretic_peptide,1
kidney,1
gelatinase_b,1
creatinine,1
lipoxin_a,1
peroxidase_activity,1
carrier_separation,1
tin_derivative,1
hydrogen_production_rate,1
surface_defect,1
separation_technique,1
cobalt_derivative,1
two_neuron_discrete_time_recurrent_neural_network,1
empirical_analysis,1
bifurcation_analysis,1
calcium_deficiency,1
photoluminescence_emission,1
surface_impedance,1
nonlinear_surface_impedance,1
magnetic_material,1
nonlinear_magnetic_field,1
magnetic_flux_penetration,1
fern_spore,1
bifurcation_manifold,1
space_structure,1
single_neuron_discrete_time_recurrent_neural_network,1
discrete_time_recurrent_neural_network,1
recurrent_neural_network,1
dynamic_behavior_analysis,1
neural_network,1
dynamic_behavior,1
synaptic_weight,1
continuous_time_recurrent_neural_network,1
global_dynamic_behavior,1
artificial_neural_network,1
ortho_aminophenol,1
active_compound,1
photocatalytic_reaction,1
iii_v_semiconductor,1
optical_response,1
aromatic_ring,1
parent_compound,1
spectroscopic_characterization,1
vegetation,1
selaginella,1
sporogenesis,1
pteridaceae,1
polypodiaceae,1
fern,1
rain,1
evaporation,1
humidity,1
llavea_cordifolia,1
cheilanthes_notholaenoides,1
communication_modeling,1
namibia,1
organization,1
cloud_forest,1
canopy,1
plant_dispersal,1
lycopodium,1
mildella_intramarginalis,1
charge_localization,1
subband_structure,1
optical_transition,1
laser,1
selection_rule,1
parabolic_band,1
charge_polarization,1
blue_emitting,1
heterogeneous_traffic,1
resource_allocation,1
nonideal_binary_mixture,1
heat_of_vaporization,1
driving_force,1
minimum_energy,1
separation_efficiency,1
free_diffusion,1
nesting_behavior,1
nesting,1
tag_identification,1
distributed_identification,1
distributed_approach,1
supply_chain_management,1
efficient_communication,1
rf_id_tag,1
ground_condition,1
response_parameter,1
seismic_retrofit,1
strength_capacity,1
dynamic_response,1
economic_benefit,1
surface_state,1
superlattices,1
energy_eigenvalue,1
radio_frequency_identification,1
identification_process,1
agroindustrial_by_product,1
indazoles,1
giardia_lamblia,1
radio,1
spectrum_aggregation,1
non_structural_element,1
hospital,1
multistorey_building,1
cost_benefit_analysis,1
very_soft_soil,1
virus,1
circular_cross_section,1
electrical_potential,1
cross_sectional_area,1
diffusion_equation,1
torsional_stress,1
level_fluctuation,1
structural_stability,1
energy_and_mass_transfer,1
symmetry_condition,1
hydrodynamic_study,1
cardiorenal_syndrome,1
acute_kidney_failure,1
urea_nitrogen_blood_level,1
creatinine_blood_level,1
kidney_function,1
cardio_renal_syndrome,1
potassium_blood_level,1
gastrointestinal_tract,1
drug_industry,1
eudragit,1
drug_purification,1
drug_carrier,1
excipient,1
earthquake_engineering,1
lifecycle_cost,1
hospital_sector,1
disease_exacerbation,1
nerve_stimulator,1
nerve_stimulation,1
electrotherapy,1
facial_nerve,1
magnetic_facial_nerve_stimulation,1
rating_scale,1
electric_stimulation_therapy,1
transcranial_magnetic_stimulation,1
nervous_system_parameter,1
frenet_serret_frame,1
human_immunodeficiency_virus,1
nanocapsules,1
nanosphere,1
microemulsion,1
nanocapsule,1
radio_transmission,1
radio_system,1
hemispheric_dominance,1
prefrontal_cortex,1
functional_laterality,1
indazole_derivative,1
"anti_inflammatory_agents,_non_steroidal",1
trichomonas_vaginalis,1
candelaria_[texas],1
phytoplankton,1
biogeochemical_cycle,1
el_nino,1
periodontitis,1
cognitive_defect,1
self_microemulsifying_drug_delivery_system,1
excipients,1
self_evaluation,1
dental_procedure,1
pelagic_ecosystem,1
flux_measurement,1
drought,1
bottom_up_control,1
bacterioplankton,1
palizada_river,1
primary_production,1
crocodilian,1
alligator_and_crocodile,1
elastic_traffic,1
performance_analysis,1
transmission_delay,1
delay_tolerant_network,1
cognitive_radio_network,1
independent_living,1
multicenter_study,1
hispanic_american,1
colonic_neoplasm,1
"sympk_protein,_human",1
cancer_risk,1
cancer_susceptibility,1
edentulousness,1
frail_elderly,1
xerostomia,1
quality_of_life_assessment,1
tooth_calculus,1
marriage,1
tooth_prosthesis,1
daily_life_activity,1
periodontics,1
chemical_reactor_engineering,1
reactive_mass_transfer,1
addition_reaction,1
rotational_symmetry,1
turing_pattern,1
medium_heterogeneity,1
concentration_pattern,1
functional_form,1
chemical_system,1
condensed_matter_physic,1
pyrroles,1
population_research,1
independence,1
activity_of_daily_living,1
oral_health_impact_profile,1
health_care_utilization,1
diffusion_magnetic_resonance_imaging,1
apparent_diffusion_coefficient,1
functional_assessment,1
nuclear_magnetic_resonance_scanner,1
langmuir,1
sympk_gene,1
colorectal_cancer,1
colon_tumor,1
african_american,1
asian_continental_ancestry_group,1
diffusion_driven_instability,1
diffusion_coefficient,1
protein_interaction_map,1
grace_score,1
effective_medium_model,1
reaction_rate_coefficient,1
entamoeba_histolytica,1
wakefulness,1
prenatal_stress,1
amygdalin,1
barrier_height,1
transit_time,1
fixed_interval,1
neurologic_disease_assessment,1
drug_implant,1
tissue_preservation,1
nervous_tissue,1
basso_beattie_and_bresnahan_scale,1
pyrrole_derivative,1
fractional_anisotropy,1
diffusion_weighted_imaging,1
tissue_injury,1
construct_validity,1
spinal_cord_independence_measure_iii,1
lower_extremity_motor_score,1
mode_mixing,1
langmuir_adsorption_model,1
perezone,1
inhibitor_concentration,1
hydrodynamic_condition,1
electrochemical_study,1
"chemistry,_physical",1
mean_first_passage_time,1
end_point,1
"drug_evaluation,_preclinical",1
nonsteroid_antiinflammatory_agent,1
preclinical_study,1
antiprotozoal_agent,1
symmetric_top,1
constant_angular_velocity,1
moment_of_inertia,1
euler_angle,1
jacobi_elliptic_function,1
lagrange_top,1
teaching,1
nutation_angle,1
walking_index_for_spinal_cord_injury_ii,1
body_equilibrium,1
walk_test,1
criterion_related_validity,1
postural_balance,1
six_minute_walk_test,1
mobilization,1
test_retest_reliability,1
codon,1
"genome,_mitochondrial",1
mitochondrial_gene,1
chiroptera,1
bat,1
"genes,_mitochondrial",1
bacillus_pumilus,1
beverage,1
pulque,1
intrinsic_mode_function,1
mixer_circuit,1
instantaneous_frequency,1
spurious_signal_noise,1
ensemble_empirical_mode_decomposition,1
nonstationary_signal,1
empirical_mode_decomposition,1
molecular_ordering,1
amazonian_rhizome,1
amazonian_region,1
earthquake_load,1
short_span_bridge,1
realistic_condition,1
local_load,1
seismic_demand,1
highway_bridge,1
design_assessment,1
rotation,1
symmetrics,1
differential_equation_of_motion,1
jacobi_theta_function,1
mitochondrial_genome,1
gene_order,1
squamous_cell_metaplasia,1
beta_catenin,1
bacteriology,1
gastrointestinal_stress,1
hemolytic_activity,1
truck,1
seismic_design,1
live_load,1
traffic_flow,1
steel_bridge,1
medial_prefrontal_cortex,1
brain_wave,1
stillbirth,1
birth_rate,1
functional_characteristic,1
crystallinity,1
soil_testing,1
surfactant_property,1
contaminated_soil,1
total_petroleum_hydrocarbon,1
water_surface_tension,1
isophthalic_acid,1
anionic_surfactant,1
reference_value,1
advanced_glycation_end_product,1
blood_level,1
radioimmunoassay,1
impaired_glucose_tolerance,1
diagnostic_value,1
cohort_study,1
"glycation_end_products,_advanced",1
disease_marker,1
diphenhydramine,1
solid_phase_extraction,1
syrup,1
visible_region,1
crosslinked,1
polyfuran,1
clobazam,1
complex_partial_seizure,1
lamotrigine,1
benign_childhood_epilepsy,1
anticonvulsant,1
labeling_index,1
necrosis,1
oil_contaminated_soil,1
petroleum_chemistry,1
biophysics,1
pharmacogenetics,1
tonic_clonic_seizure,1
amplicon,1
anticonvulsant_therapy,1
atonic_seizure,1
drug_resistant_epilepsy,1
pharmacogenetic_variant,1
intron,1
drug_saliva_level,1
levetiracetam,1
pharmacogenomics,1
childhood_absence_epilepsy,1
surface_tension,1
tph_removal,1
lippia,1
plant_oil,1
optical_property_of_thin_film,1
optical_film,1
statistical_calculation,1
plasma_enhanced_chemical_vapor_deposition,1
chemical_vapor_deposition,1
vapor_deposition,1
plasma_cvd,1
substrate_temperature,1
silicon_nanoparticles,1
silicon_nitride_thin_film,1
optoelectronic_device,1
visible_luminescence,1
electron_microscopy,1
phenytoin,1
topiramate,1
primidone,1
registration,1
diatom,1
schrodinger_equation,1
exponential_type_potential,1
mathematical_parameter,1
canonical_analysis,1
conference_paper,1
international_system,1
learning_system,1
multiple_instruction,1
multiple_degree_of_freedom,1
vibration_control,1
active_vibration_control,1
trajectory_tracking_control,1
anticonvulsive_agent,1
size_distribution,1
soil_microorganism,1
co_metabolic_degradation,1
anaerobiosis,1
silicon_nitride,1
histogenesis,1
amelogenin,1
survivin,1
epithelial_membrane_antigen,1
tooth_development,1
large_flexible_structure,1
closed_loop_parameter,1
polygonal_surface,1
natural_killer_cell,1
vaporization,1
separation_problem,1
survival_rate,1
desulfobacteraceae,1
soil_treatment,1
zero_valent_iron,1
anaerobic_growth,1
chlorphenotane,1
soil_amendment,1
desulfosporosinus_auripigmenti,1
organochlorine_insecticide,1
sulfate_reducing_bacteria,1
biostimulation,1
nonlinear_system,1
parameter_estimation_process,1
identification,1
flexible_structure,1
mechanical_system,1
degree_of_freedom,1
acidity_complaint,1
sleep_initiation_and_maintenance_disorder,1
request_score,1
cosubstrates,1
ddt,1
oxygenase,1
anoxic_condition,1
rhodococcus_ruber,1
capacitance_variation,1
content_reduction,1
capacitance,1
lithium_chloride,1
insoluble_starch,1
biopolymer_electrolyte,1
potential_cycle,1
shrimp_fishery,1
"quantitative_trait,_heritable",1
glutathione_s_transferase_pi,1
genetic_linkage,1
inheritance_pattern,1
harvesting,1
decapoda,1
breeding,1
coastal_zone,1
gastroesophageal_reflux,1
fasting,1
lower_abdominal_complaint,1
fibrinogen,1
abdominal_discomfort,1
nausea,1
stomach_disease,1
symptom,1
nickel_compound,1
tpr_s,1
hrtem,1
molybdenum_metallography,1
sleep_disorder,1
genetic_correlation,1
extended_family,1
recovery_function,1
backward_bifurcation,1
treatment_measure,1
infectious_disease,1
simple_structure,1
nonlinear_function,1
endemic_state,1
epidemic_modeling,1
linkage_analysis,1
concentration_distribution,1
state_estimation,1
continuous_time_system,1
convergence_condition,1
detectability,1
extended_version,1
laryngeal_cancer,1
parallel_processing_system,1
metadata,1
sequential_oligogenic_linkage_analysis_routine_program,1
genetic_trait,1
quantitative_trait,1
subcutaneous_fat,1
temperature_programmed_reduction,1
nimos_phase,1
nickel_molybdenum_catalyst,1
dielectric_continuum,1
quantum_chemistry,1
hartree_fock,1
small_angle_x_ray_diffraction_pattern,1
junction_point,1
clay_concentration,1
fourier_transform_infra_red,1
increasing_temperature,1
hip_circumference,1
family,1
lod_score,1
quantitative_trait_locus,1
decision_table,1
childhood_mortality,1
tubular_reactor,1
extended_kalman_filter,1
electron_transport_chain_complex_protein,1
mitochondrial_complex_iv,1
multienzyme_complex,1
tetragonal_structure,1
molybdenum_compound,1
zirconium_metallography,1
rheological_property,1
hydrogel,1
temperature_range,1
mean_diameter,1
particle_diameter,1
heterogeneous_reaction,1
motoneuron,1
dendritic_spine,1
basis_set,1
confined_atom,1
rpob_gene,1
vapor_liquid_phase_equilibrium,1
narcotic_analgesic_agent,1
"analgesics,_opioid",1
pharmacokinetic_assay,1
drug_tolerance,1
xanthan_gum,1
mitochondrial_complex_ii,1
enzyme_activation,1
mitochondrial_energy_transfer,1
copper_sulfate,1
mitochondrial_complex_v,1
succinate_dehydrogenase,1
metallothionein,1
oxidative_phosphorylation,1
cytochrome_c_oxidase,1
noramidopyrine,1
drug_elimination,1
exact_solution,1
electron_energy_level,1
elementary_particle,1
electronic_activation,1
electromagnetic_wave,1
pharmacodynamics,1
multiple_data_stream,1
performance_measure,1
microcrystalline_cellulose,1
leucoagaricus_gongylophorus,1
solid_state_culture,1
bootstrapping,1
differentiation,1
soda_gene,1
phenylalanine,1
oryctolagus_cuniculus,1
mexneurin,1
protein_precursor,1
endorphin,1
gram_negative_bacterium,1
bacteriostasis,1
jatropha_neopauciflora,1
fructose,1
jatropha,1
gram_positive_bacterium,1
antifungal_activity,1
latex,1
gram_positive_bacteria,1
acute_disease,1
dipyrone,1
fungus_hypha,1
carboxymethylcellulose,1
sugar_cane_bagasse,1
fungus_culture,1
agar,1
hypha,1
fungus_identification,1
proline,1
letter,1
protein_degradation,1
"protein_processing,_post_translational",1
evoked_response,1
in_situ_hybridization,1
antibody_affinity,1
proteolysis,1
serine,1
actinomyces_meyeri,1
uterine_cervix_carcinoma_in_situ,1
clinical_protocol,1
actinomyces_viscosus,1
actinomyces_israelii,1
residue_analysis,1
open_reading_frame,1
cysteine,1
protein_processing,1
evoked_potential,1
sequence_alignment,1
observer,1
measurement_information,1
numerical_simulation_study,1
temperature_measurement,1
sensor_location,1
cervical_intraepithelial_neoplasia,1
actinomycosis,1
actinomyces,1
uterine_cervix_tumor,1
uterine_cervical_neoplasm,1
actinomyces_odontolyticus,1
dna_fragmentation,1
bacterium_detection,1
agar_gel_electrophoresis,1
bacterial_chromosome,1
tobramycin,1
hydroxybenzoic_acid,1
xylose,1
sensory_perception,1
supply_chain,1
welfare_friendly_product,1
quasi_static_condition,1
minkowski,1
macroscopic_maxwell_equation,1
sultamicillin,1
citrate_synthase,1
base_composition,1
acinetobacter,1
streptomycin,1
spectinomycin,1
acinetobacter_schindleri,1
acetate_coenzyme_a_ligase,1
cefepime,1
amikacin,1
meropenem,1
exudate,1
immunology_test_kit,1
leaf_cutting_ant,1
lignocellulosic_biomass,1
fungal_structure,1
lignocellulose,1
agaricales,1
formicidae,1
symbiont,1
atta_mexicana,1
leucoagaricu_gongylophorus,1
bacterial_genome,1
ceftazidime,1
maxwell_equation,1
electromagnetics,1
angular_momentum,1
graduate_student,1
undergraduate_student,1
nondestructive_examination,1
low_frequency_case,1
eddy_current_problem,1
magnetic_field_intensity,1
eddy_current_testing,1
ferromagnetic_material,1
multiply_connected_domain,1
aminoglycoside_antibiotic_agent,1
vanillic_acid,1
malic_acid,1
antibiotic_sensitivity,1
arabinose,1
pathogen,1
growth_activity,1
glucan_synthase,1
atta,1
turbulence,1
parametric__analysis,1
"bacteria,_aerobic",1
disease_control,1
bacteriocins,1
butyric_acid,1
short_chain_fatty_acid,1
carp,1
electromagnetic_angular_momentum,1
balance_equation,1
electromagnetic_momentum,1
displacement_current,1
finite_element_formulation,1
electric_transformer_testing,1
transformer_tank,1
magnetic_leakage,1
fish_disease,1
anti_microbial_activity,1
spoilage,1
tilapia,1
bacterial_load,1
propionic_acid,1
pond,1
microbiota,1
"immunoglobulin_a,_secretory",1
secretory_immunoglobulin,1
immunoglobulin_a,1
low_conductivity,1
mold_flow,1
slab_continuous_casting_mold,1
geometric_dimension,1
quasi_steady_condition,1
small_intestine,1
corticosterone_blood_level,1
lactoferrin,1
intestine_epithelium_cell,1
intestinal_secretion,1
"immunity,_mucosal",1
electrospun_nanofibers,1
hydroxyapatite_nanoparticles,1
strain_measurement,1
tensile_testing,1
electrospun_composite,1
electrospun_scaffold,1
mechanical_response,1
lactococcus_lactis,1
bacteriocin,1
pond_water,1
polymer_blend,1
columnar_and_equiaxed,1
solidification,1
computer_screen,1
chilling,1
grain_morphology,1
grain_nucleation,1
computational_routine,1
steel_solidification,1
computational_model,1
cellular_automaton,1
grain_growth,1
structure_formation,1
steel_metallurgy,1
mucosal_immunity,1
"intestine,_small",1
virus_antibody,1
swine_disease,1
veterinarian,1
hemagglutination_inhibition_test,1
seroepidemiology,1
influenza_a_virus,1
"influenza,_human",1
orthomyxoviridae_infection,1
seroepidemiologic_study,1
"antibodies,_viral",1
polarizabilities,1
dynamic_polarizabilities,1
pressure_effect,1
excitation_energy,1
micro_mechanical,1
micromechanical_behavior,1
dengue_fever,1
basic_reproduction_number,1
mean_excitation_energy,1
cylinder,1
dipole_polarizabilities,1
static_polarizabilities,1
excitation_transition,1
high_pressure_effect,1
cavity,1
shrub,1
agricultural_ecosystem,1
agronomy,1
field_method,1
rhizosphere,1
vine,1
grain_size_and_shape,1
disease_vector,1
immunity,1
descriptive_geometry,1
rapid_prototyping,1
beetle,1
numerical_value,1
shape_and_size,1
geometric_morphometrics,1
complex_geometric_structure,1
cartesian_space,1
serotype,1
cross_protection,1
primary_infection,1
mosquito,1
secondary_infection,1
serotypes,1
operation_technology,1
rna_interference,1
gene_silencing,1
parasite_viability,1
nadhox_gene,1
peak_viscosity,1
mosquito_vector,1
serogroup,1
dengue_vaccine,1
mosquito_population,1
disease_incidence,1
dengue_virus,1
seroprevalence,1
disease_transmission,1
virus_strain,1
cross_immunity,1
ductility,1
stress_strain_curve,1
multi_color_emission,1
energy_transfer_efficiency,1
inokuti_hirayama_model,1
selective_electrode,1
breakthrough_curve,1
atomic_absorption_spectrometry,1
vaccine,1
specific_effect,1
transmission_dynamic,1
plant_material,1
granulation_process,1
zone_settling_velocity,1
granular_medium,1
inherent_variability,1
breakthrough,1
agricultural_waste,1
heavy_metal_removal,1
mercury_compound,1
onion,1
mercury,1
pseudo_second_order_kinetics,1
allium_cepa,1
biosorbents,1
mercury_adsorption,1
chemical_detection,1
environmental_remediation,1
atomic_absorption_spectroscopy,1
epidemic,1
collapse_mechanism,1
overstrength,1
metzner_otto_constant,1
shear_deformation,1
aqueous_medium,1
electrochemical_determination,1
real_time,1
water_contamination,1
laboratory_device,1
systematic_error,1
bioequivalence,1
intermethod_comparison,1
mean_residence_time,1
subarachnoid_hemorrhage,1
stroke,1
medical_information_system,1
"databases,_factual",1
factual_database,1
source_sink_relationship,1
sinoatrial_node,1
interdigitations,1
nerve_cell_network,1
heart_atrium,1
intracranial_hemorrhage,1
health_policy,1
cfd_simulation,1
impeller,1
average_shear_rate,1
three_dimensional_flow,1
newtonian_fluid,1
turbine,1
flow_measurement,1
rushton_turbine,1
direct_calculation,1
conduction_path,1
synchrony,1
nerve_cell_plasticity,1
neuronal_plasticity,1
long_evans_rat,1
thoracic_vertebra,1
motor_neuron,1
"rats,_long_evans",1
ionization_of_gas,1
active_oxygen_specie,1
core_shell_catalyst,1
core_shell_structure,1
reaction_temperature,1
organosulfur_compound,1
liminal_length,1
conductance_value,1
activated_sludge_process,1
cellulase,1
endoglucanases,1
cultivation,1
oxic_condition,1
"waste_disposal,_fluid",1
aerobic_reactor,1
chemical_parameter,1
health_personnel,1
alternative_medicine,1
analytical_method,1
novel_methodology,1
synthetic_urine,1
cetyl_trimethyl_ammonium_bromide,1
hemimicelles,1
neutral_aqueous_solution,1
lactic_acid_bacteria,1
starter_culture,1
sa_node,1
nerve_net,1
consensus,1
health_practitioner,1
nurse,1
respiratory_tract_disease,1
digestive_system_disease,1
herbal_medicine,1
pharmacist,1
pasting_temperature,1
gyrb_gene,1
nocardia,1
greywater,1
aerobic_granule,1
netilmicin,1
listeria_sp.,1
precursor,1
chloramphenicol,1
safety_engineering,1
strain,1
lipoprotein,1
penicillin_derivative,1
inoculation,1
tyramine,1
food_processing,1
enterocin,1
amino_acid_decarboxylase,1
cadaverine,1
tetracycline,1
erythromycin,1
tryptophan,1
soybean_meal,1
soybean_oil,1
bacterium_isolation,1
virulence_factor,1
"drug_resistance,_bacterial",1
enterococcus,1
enterocin_operon,1
listeria,1
histamine,1
bioconservation,1
cell_wall,1
protein_aggregation,1
signal_encoding,1
putrescine,1
neomycin,1
digestive_system_disorder,1
river_pollution,1
river_water,1
school,1
food_policy,1
enterococcus_faecium,1
encoding,1
pheromone,1
cytogenetics,1
safety_determinant,1
tyrosine_decarboxylase,1
bacillus,1
vancomycin,1
semen_analysis,1
sperm_quality,1
environmental_temperature,1
urban_economy,1
catering_service,1
food_supply,1
food_availability,1
commerce,1
abies_religiosa,1
infrared_imagery,1
danau_plexippus,1
longissimus_muscle,1
spermatozoon_density,1
vitamin,1
fatty_acid_metabolism,1
environmental_health_impact,1
ecological_modeling,1
simple_lineal_regression_model,1
enterobacteriaceae,1
juniperus,1
aerial_photography,1
spatial_resolution,1
pest_damage,1
toxicity_testing,1
chronic_toxicity,1
chapalichthys_pardalis,1
ecotoxicity,1
high_energy_consumption,1
super_oxide_dismutase,1
socioeconomic_condition,1
puerto_vallarta,1
commercial_phenomenon,1
strategic_approach,1
neighborhood,1
food_market,1
silver_nanoparticles,1
industrial_poison,1
metal_nanoparticle,1
metabolic_biomarker,1
gill,1
aquatic_organism,1
protein_oxidation,1
integrated_biomarker_response,1
goodeidae,1
macromolecule,1
biochemical_analysis,1
visual_analysis,1
pixel,1
detection_method,1
coniferous_forest,1
monarch_butterfly_biosphere_reserve,1
hydrometallurgical_process,1
cyclic_potentiometry,1
biomarker,1
toxicity_test,1
acute_toxicity,1
anthropogenic_contamination,1
time_dependent_solution,1
gray_scott_model,1
bautin_bifurcation,1
numerical_continuation,1
global_bifurcation,1
spatially_homogeneous,1
takens_bogdanov_bifurcation,1
local_bifurcation,1
silver_nanoparticle,1
macromolecular_biomarker,1
green_roof_system,1
longitudinal_steel,1
cation,1
fuchsine,1
black_eriochrome_t,1
crystal_violet,1
redox_property,1
leaching_medium,1
closed_circuit_hydrometallurgical_process,1
citrate,1
closed_circuit,1
metal_recovery,1
performance,1
economic_geology,1
citrate_sodium,1
electrowinning,1
multiple_perturbation,1
fundamental_analysis,1
accelerator_mass_spectrometry,1
morelos,1
cuernavaca,1
metal_reduction,1
electronic_waste,1
citrate_solution,1
sodium_citrate,1
abiotic_material,1
controlled_environment,1
green_roof,1
heat_transfer_model,1
roof,1
cooling_system,1
homogeneous_material,1
compact_granular_biomass,1
response_evaluation_criterion_in_solid_tumor,1
"receptors,_leptin",1
neuraminidase,1
sialidase,1
trans_sialidase,1
trypanocidal_agent,1
sanger_sequencing,1
reliability,1
frequency_domain,1
engineering_application,1
closed_loop_control_system,1
perturbation_rejection,1
single_input_multiple_output_system,1
theoretical_development,1
tracking_control,1
agricultural_development,1
carotenoid,1
ecotype,1
sulfur_determination,1
permeability_tensor,1
seepage,1
mechanical_energy_equation,1
reaction_under,1
shear_reinforcement,1
target_displacement,1
shear_resisting_mechanism,1
cyclic_testing,1
sequencing_batch_reactor,1
settling_velocity,1
sludge_volume_index,1
organic_loading_rate,1
numerical_implementation,1
fractional_calculus,1
temporal_variation,1
carbon_isotope,1
aerosol,1
source_apportionment,1
environmental_issue,1
averaging,1
spatial_variation,1
flow_in_porous_medium,1
attitudinal_survey,1
agricultural_market,1
livestock_farming,1
literature_review,1
agricultural_economics,1
consumption_behavior,1
structural_frame,1
moment_resisting_frame,1
foundation,1
prevention_and_control,1
vehicle_emission,1
local_model,1
global_modeling,1
local_effect,1
information_concerning,1
fukui_function,1
inorganic_chemistry,1
charge_transfer_mechanism,1
traffic_and_transport,1
transportation,1
logistic_equation,1
correct_solution,1
desmodus_rotundus,1
bovine_paralytic_rabies_infection,1
virus_carrier,1
river_discharge,1
land_use_change,1
el_nino_southern_oscillation,1
global_change,1
dynamic_soil_structure_interaction,1
flexible_foundation,1
steel_frame,1
steel_construction,1
dynamic_non_linear_analysis,1
inelastic_analysis,1
pile_foundation,1
mat_foundation,1
pile,1
leptin_receptor,1
fluorouracil,1
"drug_resistance,_neoplasm",1
terrestrial_environment,1
habitat_type,1
herb,1
oeceoclades_maculata,1
velamen,1
humid_environment,1
reproductive_strategy,1
volatile_organic_compound,1
exhaust_gas,1
habitat,1
virus_load,1
infection_prevention,1
disease_surveillance,1
glomeromycetes,1
soil_biota,1
community_composition,1
fenhexamid,1
pesticide,1
mexico_[mexico_],1
watershed,1
mesoamerica,1
ecoregion,1
orchidaceae,1
anatomy,1
chiapas,1
"adipoq_protein,_human",1
epirubicin,1
cancer_adjuvant_therapy,1
glucose_level,1
vineyard,1
agricultural_soil,1
ecosystem_resilience,1
mycorrhizae,1
arbuscular_mycorrhizas,1
ecotoxicology,1
folpel,1
leaf,1
stoma,1
microhabitat,1
soconusco,1
light_intensity,1
pesticide_effect,1
fenhexamids,1
specie_composition,1
pesticide_residue,1
patch_dynamic,1
lung_embolism,1
mitral_valve_regurgitation,1
transthoracic_echocardiography,1
pulmonary_valve_insufficiency,1
vein_puncture,1
mitral_valve_insufficiency,1
photosensitivity,1
funneliformis_mosseae,1
microbial_diversity,1
soil_quality,1
deltamethrin,1
claroideoglomus_claroideum,1
claroideoglomus_etunicatum,1
france,1
glomerales,1
toxic_material,1
adsorptive_property,1
reversible_potential,1
organic_degradation,1
energy_relationship,1
lead_oxide,1
surface_coverage,1
anode_material,1
oxytocin,1
respiratory_rate,1
telemetry,1
endotoxemia,1
pocillopora_damicornis,1
fauna,1
coral,1
ecosystem_function,1
cholinergic_system,1
lipopolysaccharide_induced_endotoxemia,1
cardiorespiratory_fitness,1
hyperventilation,1
rodent_model,1
phb_accumulation,1
nucleotide,1
rhodopseudomonas_palustris,1
waste_treatment,1
rhodopseudomonas,1
hydroxybutyric_acid,1
denaturing_gradient_gel_electrophoresis,1
dark_fermentation_effluent,1
nephelometry,1
valvular_heart_disease,1
ruthenium_alloy,1
organic_solar_cell,1
external_disturbance,1
cascade_control_system,1
temperature_dynamic,1
robust_control,1
control_equipment,1
energy_use,1
photoheterotroph,1
hydroxybutyrates,1
rhodobacter_capsulatus,1
pcr_dgge_analysis,1
biological_oxygen_demand_analysis,1
poly_beta_hydroxybutyrate,1
photoheterotrophic,1
vegetation_type,1
cluster_analysis,1
chihuahuan_desert,1
foliage,1
oogenesis,1
cumulus_cell,1
peroxidase,1
sus,1
cell_protein,1
heterotrophy,1
polyester,1
bioaccumulation,1
estrogen_receptor_positive_breast_cancer,1
postmenopause,1
polymer_solar_cell,1
electric_equivalent_circuit,1
molecular_orbitals,1
organic_polymer,1
deep_desulfurization,1
sexual_partner,1
government_regulation,1
pleasure,1
glutathione_peroxidase,1
oocyte_development,1
in_vitro_oocyte_maturation,1
meiosis,1
glucosephosphate_dehydrogenase,1
cloud,1
female_genital_tract_parameter,1
aves,1
community_response,1
plant_community,1
wetland,1
vegetation_cover,1
steroid_hormone,1
vagina_cytology,1
heptachlor,1
reproductive_toxicology,1
organochlorine,1
rattus_norvegicus,1
diestrus,1
in_vitro,1
sublethal_effect,1
trolox,1
oocyte_maturation,1
malathion,1
porcine,1
catalytic_oxidation,1
refractory_material,1
catalyst_nano_particle,1
glandular_epithelium,1
steroid_hormone_receptor,1
weaning,1
endocrine_disruptor,1
rattus,1
progesterone_blood_level,1
genital_system,1
vagina_smear,1
immunochemistry,1
estradiol_blood_level,1
gene_overexpression,1
estrogen_receptor_alpha,1
"receptors,_progesterone",1
organochlorines,1
endocrine_disruptors,1
vaginal_opening,1
ontogeny,1
catfish,1
development,1
phenotypic_plasticity,1
advection,1
sodium_ion,1
pancreas_islet_beta_cell,1
ion_current,1
sex_hormone,1
puberty,1
glandular_stomach,1
weight_reduction,1
steroid,1
toxicology,1
cell_death,1
persistent_organic_pollutant,1
glucose_metabolism,1
spatiotemporal_analysis,1
hodgkin_huxley_equation,1
electrophysiological_procedure,1
potassium_ion,1
frequency,1
motion,1
autonomic_nervous_system,1
vagus_nerve_stimulation,1
di_branched_isomer,1
biological_trait,1
reaction_diffusion_model,1
pseudoplatystoma,1
body_growth,1
correlational_study,1
environmental_parameter,1
n_heptanes,1
hydro_isomerization,1
reduction_treatment,1
heptane,1
isomerization,1
skeletal_isomerization,1
isomer,1
ophiactidae,1
dispersal,1
type_locality,1
ophiocomidae,1
new_record,1
specie_inventory,1
intracellular_space,1
membrane_steady_potential,1
electric_activity,1
immobilized_cell,1
conservation_status,1
interface,1
incipient_wetness_impregnation_method,1
electrochemical_characterization,1
impregnation,1
cuo_content,1
annealing,1
diffusion_annealing,1
borides,1
boride_layer,1
extended_model,1
theoretical_value,1
diffusion_model,1
mass_balance_equation,1
heteropoly_acid,1
antitrypanosomal_agent,1
lowest_unoccupied_molecular_orbital,1
highest_occupied_molecular_orbital,1
equivalent_circuit,1
solar_cell,1
conductive_film,1
transparent_conductive_substrate,1
human_activity,1
bioindicator,1
water_quality,1
radical_trapping,1
n_ethylacetamide,1
candida_orthopsilosis,1
salt_tolerance,1
coffee,1
polynuclear_aromatic_hydrocarbon,1
fusarium_oxysporum,1
microbial_growth,1
seawater,1
bean,1
loofah_fiber,1
sea_water,1
green_coffee_bean,1
rural_population,1
prostitution,1
sex_worker,1
anacardiaceae,1
model_uncertainty,1
trophozoite,1
drug_development,1
double_stranded_rna,1
base_pairing,1
hindlimb,1
hyperthermia,1
luffa,1
pseudomonas_putida,1
seawater_effect,1
anthracene,1
agro_industrial_waste,1
luffa_aegyptiaca,1
rhodotorula_mucilaginosa,1
halotolerance,1
klebsiella,1
moisture_determination,1
fusarium_solani,1
aromatic_hydrocarbon,1
klebsiella_variicola,1
distilled_water,1
acetaminophen,1
"analgesics,_non_narcotic",1
arylation,1
quinone_derivative,1
animal_salmonellosis,1
poultry_disease,1
"salmonella_infections,_animal",1
cecum,1
salmonella_enterica_serovar_enteritidis,1
salmonella_enteritidis,1
bird_disease,1
chicken,1
incision,1
meningocele,1
treatment_refusal,1
lumbosacral_region,1
linear_fractional_differential_equation,1
reactor_stability,1
gas_transport,1
aprotic_solvent,1
functional_group,1
copolyamide,1
clinical_examination,1
x_ray_computed_tomography,1
consanguinity,1
"twins,_conjoined",1
"limb_deformities,_congenital",1
umbilical_hernia,1
conjoined_twin,1
notomelia,1
dura_mater,1
oxidizing_agent,1
gas_transport_property,1
good_film_forming_ability,1
gas_permeability,1
trifluoromethyl,1
frequency_estimation,1
algebraic_approach,1
estimation_scheme,1
initial_condition,1
multiple_frequency,1
computational_result,1
micro_swimmer,1
transition_time,1
isotropic_diffusion,1
low_reynolds_number,1
brownian_dynamic,1
neutron_density,1
antimicrobial_cationic_peptide,1
gene_vector,1
gene_cassette,1
streptomyces_venezuelae,1
growth_inhibition,1
cationic_antimicrobial_peptide,1
thiostrepton,1
polypeptide_antibiotic_agent,1
thiostrepton_resistance_marker,1
peptide_synthesis,1
copolymer,1
aramides,1
fractional_free_volume,1
copolyamides,1
fluorine_nuclear_magnetic_resonance,1
aromatic_polyamide,1
transition_zone,1
electronic_structure_of_semiconductor,1
ito_glass,1
patient_acceptance_of_health_care,1
zeroth_order_regular_approximation,1
gold_alloy,1
natural_bond_orbital,1
spin_multiplicity,1
zero_shear_viscosity,1
temperature_dependence,1
shear_viscosity,1
intercalated_structure,1
parametric_estimation,1
electric_power_system,1
simultaneous_estimation,1
cloning_vector,1
three_phase_winding,1
short_circuit_condition,1
end_winding,1
phosphine_derivative,1
genetic_vector,1
streptomyces_lividans,1
viscoelastic_response,1
viscoelastic,1
time_temperature_superposition_principle,1
asphalt_mixture,1
rutting,1
biogeographical_region,1
index_method,1
macroinvertebrate,1
enclave,1
protected_area,1
stress_parameter,1
unloading,1
slaughterhouse,1
zebu_welfare,1
abattoir_assessment,1
abattoir,1
linear_model,1
stocking_density,1
fluorescence_microscopy,1
montmorillonites,1
electric_winding,1
magnetic_circuit,1
magnetic_field_system,1
strong_coupling_method,1
winding,1
computational_cost,1
cauchy_problem,1
integrodifferential_equation,1
finite_element_discretization,1
boundary_control_problem,1
antagonist_and_inhibitor,1
benzoate,1
electrical_motor,1
pi_speed_controller,1
tracking_performance,1
electric_machine_control,1
current_consumption,1
mechanical_and_electrical,1
transient_response_analysis,1
transition_element,1
anesthesia,1
logistic_regression_modeling,1
european_broadcasting_union,1
chemical_property,1
heavy_oil,1
mast_cell,1
trichinellosis,1
trichinosis,1
duodenum,1
trichinella_spiralis,1
scalar_relativistic_effect,1
silver_alloy,1
bimetallic_cluster,1
bridge_configuration,1
optimal_control,1
stable_numerical_solution,1
cost_function,1
input_output_program,1
caribbean_region,1
quorum_sensing,1
micromonospora,1
marine_bacterium,1
bacterial_metabolism,1
alga,1
asymmetric_oscillation,1
speed_control,1
anti_windup_scheme,1
dc_motor,1
terbium_compound,1
dysprosium_compound,1
light_emitting_phosphor,1
white_light,1
cross_relaxation_process,1
relaxation_process,1
linear_and_nonlinear_optical_property,1
conjugated_polymer,1
phonons,1
correlation_detector,1
nonlinear_optic,1
brillouin_zone,1
linear_optical_property,1
urban_planning,1
governance_approach,1
asphaltene,1
scattering,1
urban_health,1
feeding_and_eating_disorder,1
invertebrate,1
gordonia,1
caribbean,1
conservation_management,1
interception,1
photosynthetically_active_radiation,1
myrtillocactus_geometrizans,1
neutron_activation_analysis,1
reproductive_status,1
fruit_production,1
biological_uptake,1
orientation,1
excitons,1
non_linear_optical_property,1
linear_absorption_spectrum,1
photon,1
optical_relaxation_time,1
third_order_nonlinear_optical_property,1
optical_correlation,1
single_phase_transition,1
structure_and_microstructures,1
cyclability,1
desorption_isotherm,1
mindfulness_meditation,1
rescaled_range_analysis,1
fractal_scaling,1
large_scale_system,1
white_noise,1
hurst_exponent,1
land_use_planning,1
urban_development,1
urban_service,1
land_classification,1
local_government,1
informal_settlement,1
carbon_black,1
activated_carbon,1
carbothermal_reduction,1
solar_energy,1
thermochemical_production,1
redox_chemistry,1
tungsten,1
powder_metal,1
metal_oxide,1
reducing_agent,1
high_specific_surface_area,1
carbonaceous_material,1
preparation_condition,1
electrode_fabrication,1
electrode_preparation,1
solid_state_reaction,1
boride_coating,1
energy_dispersive_x_ray_spectrometry,1
electrochemical_impedance_spectroscopy_technique,1
cobalt_alloy,1
electrochemical_reaction,1
eis_technique,1
spectrometry,1
boriding_process,1
cobalt_boride,1
spin_potential,1
transition_metal,1
representative_sample,1
molecular_physic,1
concentrated_solar_energy,1
thermogravimetric_reactor,1
carbide,1
oil_holding_capacity,1
physicochemical_characteristic,1
transition_metal_compound,1
pairing_energy,1
theoretical_point,1
dissociation_energy,1
entropic_contribution,1
lawesson_reagent,1
hybrid_exchange,1
experimental_suggestion,1
conceptual_dft,1
indole_derivative,1
indoles,1
packed_bed_tubular_reactor,1
equivalent_electrical_circuit,1
electrochemical_corrosion_behavior,1
alkalinization,1
operational_condition,1
nutrient_dynamic,1
nutrient,1
confined_many_electron_atom,1
correlation_functionals,1
first_row_transition_metal,1
self_interaction_error,1
transition_metal_cation,1
trypanosoma_cruzi,1
benzoic_acid_derivative,1
emigrant_and_immigrant,1
migrant,1
substance_related_disorder,1
patient_attitude,1
rural_area,1
processing,1
cooking_temperature,1
secondary_production,1
polishing,1
sustainable_process,1
municipal_wastewater_treatment_plant,1
phosphorus_derivative,1
thylstrup_and_fejerskov_index,1
saliva_analysis,1
fluorinated_water,1
antifungal_agent,1
biological_production,1
biodiesel,1
nutrient_recycling,1
wastewater_reclamation,1
fertilizer,1
streptozocin,1
experimental_diabetes_mellitus,1
drug_evaluation,1
glucose_tolerance_test,1
municipal_wastewater,1
municipal_secondary_effluent,1
environmental_regulation,1
biofuel,1
micro_algae,1
biofertilizer,1
protection,1
peroxy_radical,1
sex_work,1
nixtamalization,1
commercial_product,1
processing_temperature,1
ethnicity,1
health_service,1
latin_american_medicine,1
social_determinant_of_health,1
protein_domain,1
guanosine_triphosphate,1
fracture,1
flow_of_gas,1
transport_coefficient,1
tensor,1
disease_assessment,1
oral_glucose_tolerance_test,1
g_protein_coupled_receptor,1
thiazolidinediones,1
nicotinamide,1
insulin_dependent_diabetes_mellitus,1
mepyramine,1
flavone,1
cholinergic_receptor_blocking_agent,1
spasmogen,1
spasmolytic_agent,1
"receptors,_g_protein_coupled",1
carboxyl_group,1
protein_quaternary_structure,1
gtp_binding_protein,1
protein_multimerization,1
"protein_structure,_quaternary",1
guanine_nucleotide_binding_protein,1
environmental_friendly,1
emulsifying_property,1
emulsifying_stability,1
lowest_income_group,1
agastache,1
agastache_mexicana_ssp._xolocotziana_extract,1
guinea_pig,1
electrostimulation,1
papaverine,1
ileum,1
in_vitro_technique,1
hexamethonium,1
general_methodology,1
thermal_conductivity_tensor,1
apparent_permeability,1
homogeneous_porous_medium,1
thermal_conductivity_of_gas,1
macroscopic_transport,1
smooth_muscle,1
acacetin,1
tilianin,1
prostaglandin,1
food_quality,1
contusion,1
vacuum,1
africa,1
nonlinear_iteration,1
finite_element_equation,1
simultaneous_solution,1
parasympatholytics,1
agastache_mexicana_ssp._mexicana_extract,1
flavone_derivative,1
verapamil,1
gastrointestinal_motility,1
"muscle,_smooth",1
atropine,1
acetylation,1
protein_hydrolysate,1
astaxanthin,1
oxalic_acid,1
lactobacillus_brevis,1
radical_scavenging_activity,1
genetic_transfection,1
aerobic_capacity,1
gfp_gene,1
muscle_contraction,1
tilanin,1
agastache_mexicana_ssp._mexicana,1
agastache_mexicana_ssp._xolocotziana,1
glycoside,1
nitric_oxide_synthase,1
ileum_contraction,1
cho_cell,1
animal_cell_culture,1
vgb_gene,1
carbon_metabolism,1
green_fluorescent_protein,1
vitreoscilla_stercoraria,1
mammal_cell,1
lactate,1
glutamine,1
cricetulus,1
energy_metabolism,1
commercial_software,1
low_frequency,1
field_circuit_coupling,1
coupled_problem,1
rhizopus_oligosporus,1
scale_free_behavior,1
electrode_implant,1
rough_set_theory,1
long_term_recording,1
electrical_activity,1
two_dimensional_modeling,1
transport_equation,1
transient_feature,1
river_morphodynamics,1
bedload,1
morphodynamics,1
simulated_evolution,1
sediment_transport_model,1
sedimentation,1
immunofluorescence_microscopy,1
cho_cell_line,1
thylstrup_and_fejerkov_index,1
adolescence,1
tooth,1
facial_expression,1
microporosity,1
transient_expression,1
electric_quadrupoles,1
multicolor_luminescence,1
photoluminescence_spectrum,1
white_light_emitting,1
"chromatography,_reverse_phase",1
reversed_phase_liquid_chromatography,1
inosine,1
cyanohydrin,1
adenosine,1
uridine,1
bentonite,1
inclusion,1
phyllosilicate,1
madagascar,1
tetrahedral_sheet,1
epidermal_growth_factor_receptor,1
isomorphic_substitution,1
dominican_republic,1
fluvial_geomorphology,1
different_boundary_condition,1
sediment_transport,1
temporal_evolution,1
socioeconomic_status,1
appearance,1
questionnaire_survey,1
upper_front_teeth,1
electric_discharge,1
chronoamperometric_response,1
diffusion_controlled_growth,1
critical_nucleus_size,1
three_dimensional_growth,1
borate_glass,1
attenuated_total_reflectance_fourier_transform_infrared,1
dysprosium,1
gravimetric_analysis,1
surface_charge,1
specific_adsorption,1
cancer,1
surface_structure,1
behavioral_research,1
human_cancer,1
cellular_proliferation,1
food_and_agricultural_organization,1
radiative_transition_probability,1
optical_glass,1
stretching,1
supersaturation,1
photoluminescence_excitation,1
simultaneous_thermal_analysis,1
pharmacokinetic_parameter,1
new_zealand_rabbit,1
photocatalytic_hydrogen,1
photocatalytic_performance,1
photocatalytic_water_decomposition,1
processing_variable,1
photocatalytic_application,1
semiconductor_growth,1
chain_chain_interaction,1
industrial_research,1
water_diffusion_coefficient,1
melatonin_derivative,1
semen_preservation,1
sperm_preservation,1
sperm_motility,1
semen,1
povidone,1
dimethyl_sulfoxide,1
cryoprotective_agent,1
core_shell_morphology,1
amber,1
membrane_water_interface,1
fruit_and_vegetable,1
biochemical_characterization,1
purification,1
thermal_inactivation,1
vegetable,1
salt_intake,1
fluorophosphate,1
"sodium_chloride,_dietary",1
at_rich_sequence,1
"genome,_plastid",1
plastid_genome,1
likelihood_function,1
"dna,_chloroplast",1
assisted_model_building_with_energy_refinement,1
oligomers,1
coil_to_globule_transition,1
phase_interface,1
molecular_dynamic_simulation,1
switching_temperature,1
ozone_pollution,1
mexico_city_metropolitan_area,1
long_term_correlation,1
atmospheric_contamination,1
industrial_activity,1
ozone,1
semi_continuous_process,1
emulsion_polymerization,1
batch,1
azeotropes,1
terpolymers,1
microwave_irradiation,1
fruit_juice,1
polyphenol_oxidase,1
malus_domestica,1
fast_protein_liquid_chromatography,1
conjugate_gradient_method,1
numerical_solution,1
race,1
occupation,1
social_psychology,1
social_medicine,1
decarboxylation,1
carboxylic_acid,1
track,1
detection_sensitivity,1
swift_heavy_ion,1
macroalga,1
chloroplast_dna,1
conserved_sequence,1
chlorophyta,1
green_alga,1
semi_continuous_emulsion_polymerization,1
semi_continuous,1
azeotropy,1
seeded_emulsion_polymerization,1
polymer_composition,1
terpolymerization,1
glucose_sensor,1
polyethylene_terephthalates,1
enzyme_sensor,1
etching,1
segmented_sensor,1
confined_solution,1
two_loop_control,1
compositionerature_loop,1
multiple_steady_state,1
error_compensation,1
nopal,1
gulf_of_california,1
bottom_water,1
bahia_de_los_angeles,1
chlorophyll_a,1
baja_california_[_mexico],1
gorgonocephalidae,1
aspergillus_oryzae,1
double_helix_structure,1
value_engineering,1
physicochemical_transformation,1
physico_chemical_change,1
structural_change,1
asakura_oosawa_model,1
wall,1
colloidal_particle,1
multi_objectives_optimization,1
integer_programming,1
vapor_liquid_interface,1
nvt_molecular_dynamic,1
corresponding_state,1
polymer_concentration,1
colloid_polymer_mixture,1
lipid_oxidation,1
lemon,1
desiccation,1
shelf_life,1
citrus,1
prosopis,1
plant_gum,1
plant_mucilage,1
microencapsulation,1
environmental_assessment,1
optimization_formulation,1
scenedesmus_obtusiusculus,1
photobioreactors,1
biotechnological_application,1
microcapsule,1
capsule,1
prosopis_gum,1
phenylethylamines,1
chiral_ionic_liquid,1
imidazolium,1
condensation_reaction,1
moderate_concentration,1
electrochemical_window,1
physical_chemical_property,1
ammonium_hydroxide,1
scenedesmus,1
lower_temperature,1
coexistence_curve,1
aqueous_suspension,1
replica_exchange,1
phase_co_existence,1
colloidal_suspension,1
chp,1
damage_detection,1
heat_storage,1
cogeneration_system,1
domestic_cogeneration,1
thermal,1
optimal_design,1
decentralized_energy_resource,1
cogeneration_plant,1
binge_eating_disorder,1
generalized_anxiety_disorder,1
comorbidity,1
bipolar_i_disorder,1
posttraumatic_stress_disorder,1
lifespan,1
bipolar_ii_disorder,1
consumption_rate,1
atmospheric_composition,1
carbon_fixation,1
photobioreactor,1
microalgal_cultivation,1
photosynthetic_activity,1
biomass_concentration,1
concentration_variation,1
industrial_scale_application,1
corruption,1
culture,1
election,1
democracy,1
anaerobic_co_digestion,1
organic_municipal_solid_waste,1
codigestion,1
organic_fraction_of_municipal_solid_waste,1
wide_temperature_range,1
social_phobia,1
oppositional_defiant_disorder,1
separation_anxiety,1
alcohol_abuse,1
panic,1
developed_country,1
developing_country,1
pseudo_first_order_kinetics,1
average_efficiency,1
indigoid_dye,1
electrochemical_reactor,1
chloride_concentration,1
bandpass_filter,1
uv_visible_absorption_spectrum,1
active_chlorine,1
physical_change,1
agoraphobia,1
intermittent_explosive_disorder,1
ultrasonic_testing,1
orange_ii,1
ultrasonic_frequency,1
spherical_geometry,1
adsorption/desorption,1
interference_competition,1
behavioral_response,1
hymenoptera,1
apis_mellifera,1
native_specie,1
megachilidae,1
feeding_behavior,1
lithurgus_littoralis,1
arid_environment,1
methanation,1
aerobic_pre_treatment,1
biological_activity_measurement,1
anaerobic_digestion_process,1
solid_waste,1
ofmsw,1
chlorine,1
specific_activity,1
metal_complex,1
reference_catalyst,1
vi_spectroscopy,1
nickel_acetylacetonate,1
hydrotreating_catalyst,1
tnfalpha_gene,1
microenvironment,1
serotonin,1
coffee_bean,1
fractal_analysis,1
physio_chemical,1
dynamic_change,1
roasting_process,1
agonistic_behavior,1
opuntia,1
neuromodulin,1
bdnf_gene,1
brain_derived_neurotrophic_factor,1
ifnalpha_gene,1
immunization,1
scar_formation,1
scar,1
spinal_cord,1
cicatrix,1
transforming_growth_factor_beta,1
disproportionations,1
behavioral_ecology,1
honeybee,1
apoidea,1
apidae,1
solvent_effect,1
nitrogen_source,1
hexamethyldisilazane,1
gold_compound,1
microwave_integrated_circuit,1
festuca_arundinacea,1
lewia,1
endophyte,1
genetic_transcription,1
gene_repression,1
fmn_binding_fluorescent_protein,1
photoprotein,1
genetic_code,1
neuropeptide,1
tgfbeta_gene,1
spinal_cord_regeneration,1
neuropeptides,1
peptide_and_protein,1
"transcription,_genetic",1
crayfish,1
circadian_rhythm,1
electroretinography,1
astacoidea,1
hemolymph,1
"ganglia,_spinal",1
spinal_ganglion,1
retina,1
classical_technique,1
latter_complex,1
hydrohydrazination,1
terminal_alkyne,1
alkyne,1
carbenes,1
interglacial,1
refugium,1
ecological_niche,1
tropic_climate,1
holocene,1
population_model,1
"genes,_plant",1
population_differentiation,1
tropical_climate,1
late_quaternary,1
plant_dna,1
luminescent_protein,1
bacterium_culture,1
escherichia_coli_protein,1
gene_expression_system,1
synthetic_biology,1
chemical_grafting,1
dermatology,1
quasi_transitive_digraph,1
dominating_set,1
minimum_dominating_set,1
graph_theory,1
membrane_current,1
nerve_membrane,1
spike_wave,1
cadmium,1
pacemaker_nerve_cell,1
root_locus,1
closed_loop_feedback,1
dynamic_characteristic,1
"dna,_plant",1
chloroplast,1
nitromethane,1
sodium_azide,1
plant_gene,1
last_glacial_maximum,1
phylogeography,1
homoclinic_orbit,1
equilibrium_point,1
chaotic,1
ion_channel,1
helix,1
helix_aspersa,1
tetrabutylammonium,1
carboxylation,1
carbon_surface,1
electronic_structure_calculation,1
carboxylate_anion,1
serum_albumin,1
prognostic_assessment,1
anti_adipogenic_effect,1
adenylate_kinase,1
blueberry_plant,1
blueberry_extract,1
phytochemical_fractionation,1
inhibition_efficiency,1
corrosion_process,1
organic_inhibitor,1
huisgen_cycloaddition,1
langmuir_isotherm,1
triazole_derivative,1
benzaldehyde_derivative,1
pyridine,1
beta_nitrostyrene_derivative,1
intracellular_signaling,1
adipogenesis_inhibition,1
vaccinium,1
adipogenesis,1
fermented_product,1
loreto_bay,1
baja_california_sur,1
whale,1
tourism_management,1
marine_policy,1
mesoporous_silica_nanoparticle,1
hospital_patient,1
predictor_variable,1
new_onset_heart_failure,1
hospital_mortality,1
kidney_failure,1
wildlife_management,1
national_park,1
cetacea,1
ecotourism,1
democratization,1
electoral_geography,1
party_politics,1
social_movement,1
conflict_management,1
political_power,1
soliton,1
fractionation,1
serratia,1
lowbush_blueberry,1
proadipocyte,1
catechol,1
stationary_solution,1
exciting_frequency,1
excitation_frequency,1
dispersion_relation,1
response_frequency,1
gonadosomatic_index,1
urogenital_system_parameter,1
adrenal_somatic_index,1
organ_size,1
chronic_stress,1
germ_cell,1
boating,1
balaenoptera_musculus,1
econometrics,1
specie_conservation,1
recreational_activity,1
spermatogenesis,1
water_immersion,1
corticosteroid,1
neoplasm_protein,1
granulocyte_macrophage_colony_stimulating_factor,1
secretory_pathway,1
serum,1
tumor_protein,1
senescence_associated_secretory_phenotype,1
mechanical_characteristic,1
boron_coating,1
surface_wave,1
driving_frequency,1
faraday_instability,1
pearson_correlation_analysis,1
faraday_effect,1
three_temperature,1
optimal_classification,1
tool_steel,1
thermochemical_treatment,1
mechanical_characterization,1
rheumatoid_factor,1
"arthritis,_rheumatoid",1
cyclic_citrullinated_peptide_antibody,1
clinical_study,1
autoantigens,1
interleukin_derivative,1
corticosteroid_blood_level,1
testosterone_blood_level,1
testis,1
seminiferous_tubule,1
cold_stress,1
autoantigen,1
acute_phase_protein,1
interleukin,1
direct_contact,1
increased_lovastatin_production,1
water_availability,1
physiology_of_solid_medium,1
stimulus,1
environmental_cue,1
direct_contact_with_air,1
support_stimulus,1
tool,1
chemical_element,1
diffusion_coating,1
adherence,1
nano_identation,1
magnetodynamics,1
electromagnetic_transient_program,1
circuit_equation,1
competitive_performance,1
conducting_material,1
time_discretization,1
circuit_simulation,1
magnetic_core,1
iterative_solution,1
first_principle_calculation,1
semiconductor_compound,1
protein_binding,1
type_iii_interferon,1
mutant_protein,1
antibody_titer,1
autoantibody,1
human_fibroblast,1
poly_scaffold,1
artificial_organ,1
polymeric_biomaterials,1
artificial_skin,1
blood_donor,1
organic_extract,1
inorganic_support,1
organic_molecule,1
effect_of_size,1
zeolite,1
inorganic_substrate,1
liquid_culture,1
ferroresonance,1
transient,1
time_delay,1
staudinger_reaction,1
gamma_glutamyltransferase,1
acid,1
enzyme_active_site,1
structural_parameter,1
ab_initio_calculation,1
reconstructed_surface,1
relaxation_procedure,1
structural_and_electronic_property,1
electronic_band_structure,1
monocyte,1
domination_number,1
vertex_partition,1
transitive_tournament,1
acidic_proton,1
modified_layer,1
chloride,1
antibacterial_activity,1
beta_lactam_derivative,1
resazurin_assay,1
macrophage_cell_line,1
cytotoxicity_test,1
chrysin,1
gold_complex,1
anthelmintic_agent,1
ovis_aries,1
livestock,1
logistic_regression_analysis,1
alcohol_related_disorder,1
emigration_and_immigration,1
economic_aspect,1
migration,1
p_values,1
finite_metric_space,1
median_function,1
minimax_criterion,1
mean_function,1
finite_sequence,1
dynamic_strategy,1
sorption_isotherm,1
structure_degradation,1
crystal_stability,1
structure_stability,1
computer_model,1
beta_lactamase,1
antimycobacterial_agent,1
trypan_blue_assay,1
rifampicin,1
rhodamine,1
quantum_yield,1
stereospecificity,1
imidazopyridine_derivative,1
crystal,1
chloroacetic_acid,1
anestrus,1
body_weight_and_measure,1
anthropometric_parameter,1
hand_strength,1
fat_mass,1
egg_laying,1
caenorhabditis_elegans,1
new_result,1
simple++,1
consensus_function,1
leg,1
calf_circumference,1
physical_performance,1
morphometry,1
grip_strength,1
skeletal_muscle_mass_index,1
pelobacter,1
natural_attenuation,1
petroleum_hydrocarbon,1
electrokinesis,1
burkholderia,1
molecular_analysis,1
superficial_velocity,1
sorption_capacity,1
sorption_experiment,1
binding_energy,1
droplet,1
surface_active_agent,1
bio_surfactants,1
diesel,1
mass_transfer_mechanism,1
flow_velocity,1
significance_level,1
bubble_column_bioreactors,1
airflow,1
at_hook_transcription_factor,1
dna_binding_protein,1
parotid_enlargement,1
sjogrens_syndrome,1
"akna_protein,_human",1
sarcopenia,1
walking_speed,1
sampling,1
rough_interface,1
reaction_diffusion_system,1
inverse_problem,1
laplace_equation,1
finite_element_approximation,1
coupling,1
mizoroki_heck,1
conventional_heating,1
marker_gene,1
parasite_isolation,1
rain_forest,1
ssurdna_gene,1
blastocystosis,1
bubble_column,1
air_velocity,1
enthalpy_of_adsorption,1
nanoencapsulation,1
non_symmetrical_pincer,1
microwave,1
iminophosphoranes,1
mizoroki_heck_reaction,1
suzuki_miyaura,1
palladium_compound,1
heck_coupling_reaction,1
poly_l_lactic_acid,1
biomaterials,1
size_at_maturity,1
tcat,1
porous_medium_system,1
pedagogical_approach,1
collapse,1
elementary_reaction,1
electrocatalytic_behavior,1
experimental_condition,1
nonlinear_optimization_solver,1
low_temperature_heat_recovery,1
stochastic_optimization_approach,1
stochastic_optimization_problem,1
heat_source,1
stochasticity,1
blastocystis,1
host_range,1
microbial_gene,1
molecular_genetics,1
blastocystis_infection,1
host_specificity,1
computational_calculation,1
x_ray_crystallography,1
ferulic_acid,1
"crystallography,_x_ray",1
"nuclear_magnetic_resonance,_biomolecular",1
reduction_kinetics,1
chemical_interaction,1
oxidation_reduction_potential,1
terephthalic_acid,1
absorption,1
plant_root,1
nanoemulsion,1
drug_distribution,1
oxygen_evolution_reaction,1
transfer_function_model,1
anodic_polarization_curve,1
rate_controlling_step,1
echinacea,1
phytochemistry,1
echinacea_angustifolia_extract,1
benzothiazole_derivative,1
alloxan_induced_diabetes_mellitus,1
picric_acid,1
sulfonic_acid_derivative,1
carrageenan,1
sulfonic_acid,1
biphenyl_derivative,1
picrates,1
abts_radical_scavenging_assay,1
trade_off,1
waste_heat,1
organic_mixture,1
heat_source_temperature,1
ceramic_material,1
prediction_of_property_of_mortar,1
caffeic_acid,1
carrageenan_induced_paw_edema,1
echinacea_extract,1
traditional_medicine,1
dpph_radical_scavenging_assay,1
echinacea_angustifolia,1
biphenyl_compound,1
"antineoplastic_agents,_phytogenic",1
echinacea_purpurea_extract,1
nanoparticle_structure,1
aqueous_phase_reforming,1
palladium_catalyst,1
high_resolution_electron_microscopy,1
benzothiazoles,1
carbon_nanofibers,1
calcination_temperature,1
monometallic_catalyst,1
electron_diffraction,1
selected_area_electron_diffraction,1
nanocatalysts,1
recycled_aggregate,1
sustainable_material,1
construction,1
friendly_construction,1
demolition,1
property,1
construction_sector,1
ceramic_recycled_aggregate,1
interaction_diagram,1
ceramic,1
complexity,1
thermodynamically_constrained_averaging_theory,1
porous_medium_model,1
priori_parameter_estimation,1
polypyrroles,1
cyprinodontoidei,1
cyprinid,1
annual_variation,1
carbonization_temperature,1
non_noble_electrocatalysts,1
low_temperature_fuel_cell,1
meso__and_microporosities,1
rotating_disk,1
nitrogen_doped_carbon_nanofibers,1
carbonization,1
fuel_cell,1
oleanolic_acid,1
hexane,1
"plant_components,_aerial",1
dichloromethane,1
ear_edema,1
ursolic_acid_derivative,1
dihydroursolic_acid,1
recycled_mortar,1
mortar,1
concrete_aggregate,1
construction_industry,1
ceramic_aggregate,1
variational_approach,1
"epilepsy,_temporal_lobe",1
scaling_exponent,1
mathematical_complexity,1
triterpenes,1
triterpene,1
salvia_connivens,1
formazans,1
mtt_formazan,1
tetrazolium,1
tetrazolium_salt,1
tuberculostatic_agent,1
"colony_count,_microbial",1
electrocatalytic_activity,1
dental_plaque,1
oral_hygiene,1
tooth_brushing,1
tooth_plaque,1
toothbrushing,1
methylene_chloride,1
reaction_step,1
dioxane_derivative,1
magallanesine,1
aldehyde_moiety,1
lennoxamine,1
structural_diversity,1
indole_alkaloid,1
condensation_process,1
efficient_synthesis,1
dioxanes,1
diversity_oriented_synthesis,1
ursolic_acid,1
otitis,1
tetradecanoylphorbol_acetate,1
eupatorin,1
salvia_connivens_extract,1
cholestanol,1
cholestane_derivative,1
diosgenin,1
incubation_time,1
phase_separation,1
ring_opening,1
green_chemistry,1
aminolysis,1
epoxidation,1
aminoalcohol,1
spirostan_derivative,1
ethnobotany,1
antitubercular_agent,1
bacterial_count,1
formazan,1
diels_alder_cycloadditions,1
regioselectivity,1
fourier_transform_infrared_photoacoustic_spectroscopy,1
rutile,1
tin_compound,1
nsaid,1
pharmaceutical_drug,1
annealing_temperature,1
synthesized_material,1
oxide_mineral,1
tin,1
ammonium_sulfite,1
ammonium_sulfate,1
synthetic_strategy,1
nuevamine,1
chemosensitivity,1
epoxide,1
inelastic_neutron_scattering,1
photolytic_oxidation,1
thermochemical_cycle,1
neutron_scattering,1
raman_scattering,1
solar_hydrogen_production,1
radiation_spectrum,1
prenatal_nutritional_physiological_phenomenon,1
nervous_system_development,1
placebo,1
medication_compliance,1
obstetric_delivery,1
patient_compliance,1
secondary_analysis,1
breast_milk,1
cholestanols,1
benzyl_alcohol,1
drug_milk_level,1
lipid_blood_level,1
maternal_nutrition,1
apolipoprotein_b,1
zingiberales,1
unit_cell,1
boundary_value_problem,1
nonlinear_boundary_value_problem,1
scientific_achievement,1
scientific_contribution,1
jump_condition,1
biography,1
cisplatin,1
protein_induction,1
inelastic_neutron,1
"models,_neurological",1
fractional_parameter,1
cerium_compound,1
good_correlation,1
pentacoordinated,1
catalytic_support,1
oxygen_deficient,1
cadinane_derivative,1
unindexed_drug,1
i_kappa_b_kinase_alpha,1
drug_cytotoxicity,1
colorectal_carcinoma,1
cadinane,1
heterotheca_inuloides,1
sitosterols,1
hydroxybenzoates,1
benzyl_alcohol_derivative,1
glycogen_liver_level,1
acidolysis,1
molar_ratio,1
phospholipase_a,1
structured_phosphatidylcholine,1
loading,1
phosphatidyl_choline,1
acidolysis_reaction,1
i_kappa_b_kinase_beta,1
ephemeral_pool,1
biological_development,1
reproductive_cycle,1
diapause,1
axon,1
alzheimers_disease,1
monocotyledon,1
central_america,1
andes,1
neotropic_ecozone,1
tillandsia,1
satisfaction,1
publication,1
health_care_planning,1
participant_observation,1
comparative_effectiveness,1
human_relation,1
liver_glycogen,1
sitosterol_derivative,1
salicin,1
hydroxybenzoic_acid_derivative,1
glucoside,1
geochronology,1
quaternary,1
speleology,1
geomorphology,1
diamicton,1
pseudokarst,1
dating_method,1
ignimbrite,1
radiative_transfer,1
finite_volume_method,1
solar_equipment,1
radiative_heat_transfer,1
enzyme_loading,1
phylogenetics,1
brazilian_shield,1
bromeliaceae,1
solar_reactor,1
cerium_oxide,1
reactor_modeling,1
average_residence_time,1
stochastic_model,1
potentiostatic_current_transient,1
stochastic_simulation,1
chelation,1
acid_base_balance,1
tryptophan_metabolism,1
iron_chelation,1
pka,1
dating_violence,1
multivariate_analysis_of_variance,1
aggression,1
speleothem,1
glutamate_receptor,1
taste_aversion,1
"receptors,_glutamate",1
amino_acid_receptor_blocking_agent,1
insula,1
mental_recall,1
beta_adrenergic_receptor,1
avoidance_learning,1
neuromodulation,1
valine,1
recall,1
brain_cortex,1
thermochemical_reduction,1
anisotropic_scattering,1
surface_temperature,1
continuous_operation,1
nerve_tract,1
cerebral_cortex,1
memory,1
excitatory_amino_acid_antagonist,1
microdialysis,1
norepinephrine,1
structure_analysis,1
polyallylamine,1
allylamine,1
phospholipid,1
metabolic_pathway,1
multivariant_analysis,1
molecular_basis,1
neural_pathway,1
gustatory_cortex,1
conditioned_taste_aversion_test,1
tumor,1
biological_behavior,1
clinical_application,1
bone,1
giant_cell_tumor,1
propylene_carbonate,1
electrochromism,1
electrochromic_device,1
flexible_electrochromic_device,1
polyaniline,1
gallic_acid,1
dispersability,1
cytotoxicity_assay,1
electrochromic_cell,1
extracellular_matrix,1
central_nucleus,1
whole_cell,1
biological_water_treatment,1
environmental_restoration_and_remediation,1
biocatalysis,1
mass_transfer_limitation,1
emulsifying_agent,1
airlift_reactor,1
electricity,1
aliphatic_hydrocarbon,1
electric_field,1
pyrene_derivative,1
lanthanum_compound,1
thiele_modulus,1
mass_transfer_resistance,1
metabolic_profiling,1
multi_variate_analysis,1
resistin,1
sodium_glutamate,1
air_lift_bioreactors,1
biocatalyst,1
whole_cell_biocatalyst,1
chemical_reaction_kinetics,1
insoluble_material,1
overall_property,1
opacity,1
ultrasonic_vibration,1
water_vapour_permeability,1
mechanical_stability,1
barrier_property,1
gonadotropin_releasing_hormone,1
estrus_synchronization,1
delayed_release_formulation,1
electrochemical_test,1
ultraviolet_visible_spectroscopy,1
ovarian_follicle,1
"insemination,_artificial",1
delayed_action_preparation,1
gonadorelin,1
artificial_insemination,1
ovary_follicle,1
animal_husbandry,1
dinoprost,1
pregnancy_rate,1
chronic_inflammation,1
cucurbita_ficifolia_extract,1
"ifng_protein,_mouse",1
immunoregulation,1
experimental_obesity,1
kinetic_energy,1
amyloid_beta_protein,1
glutamate_sodium,1
cucurbita_ficifolia,1
ketoconazole,1
pregnenolone_derivative,1
finasteride,1
imidazole_derivative,1
toluenesulfonic_acid_derivative,1
mibolerone,1
pregnenolone,1
androgen_receptor,1
x_ray_photoelectron,1
material_characterization,1
cerium,1
phenol_photodegradation,1
salvia_ballotiflora,1
magnesium_compound,1
permselectivities,1
gas_permeable_membrane,1
liquid_membrane,1
alumina_support,1
supported_ionic_liquid_membrane,1
carbamate_stability,1
non_steady_condition,1
computational_fluid_dynamic_technique,1
line_integral_convolution,1
rotating_machinery,1
normal_probability_plot,1
convolution,1
inverted_truncated_cone,1
experimental_technique,1
scaling_law,1
mechanical_torsion,1
biomechanical_phenomenon,1
fractional_cable_equation,1
"torsion,_mechanical",1
visual_impairment,1
astrocyte,1
amyloid_beta_peptides,1
blood_vessel,1
glial_fibrillary_acidic_protein,1
visual_cortex,1
tau_protein,1
striate_cortex,1
icetexone,1
diterpene,1
chloroform,1
]+_catalyst,1
chlorophenols,1
photocatalytic_degradation,1
effective_solution,1
toxic_compound,1
mg/al_ratio,1
rift_zone,1
seismic_source,1
focal_mechanism,1
seismic_attenuation,1
earthquake_mechanism,1
fluorescent_antibody_technique,1
benzene_combustion,1
neurology,1
"electrodes,_implanted",1
scale_invariance_property,1
seismic_hazard,1
earthquake_magnitude,1
anion_exchange_resin,1
ion_exchange_membrane,1
produced_water,1
hybrid_ion_exchange,1
chemical_contamination,1
pollution_control,1
arsenic_removal,1
membrane_electrolyte,1
ion_exchange_resin,1
anion_exchange_membrane,1
mg/al_mixed_oxide,1
trichlorophenol,1
paper_and_pulp_industry,1
solgel,1
water_splitting,1
resin_regeneration,1
environmental_and_health_risk,1
comarca_lagunera,1
water_sampling,1
risk_perception,1
ground_water,1
composition_of_mineral,1
baseline_condition,1
fluorine,1
parameter,1
mobility,1
arsenic_compound,1
mineralogical_characterization,1
arsenic_concentration,1
seismograph,1
master_slave_synchronization,1
surface_soil,1
water_analysis,1
environmental_behavior,1
electrochemical_cell,1
synthesis_method,1
photo_anodes,1
free_electrolyte,1
reflection,1
hydrogen_sulfide,1
photoelectrochemical_hydrogen_production,1
bet_specific_surface_area,1
stream_flow,1
dissolved_organic_carbon,1
composite_material,1
ternary_alloy,1
wheat_germ_agglutinin,1
aspergillus_flavus,1
trichoderma_asperellum,1
soil_bioremediation,1
cleanup,1
enterobacter,1
rhizomucor_variabilis,1
bio_augmentation,1
stenotrophomonas_maltophilia,1
master_slave_configuration,1
external_electrical_stimulation,1
hindmarsh_rose_neuron,1
physiological_mechanism,1
synchronization,1
robust_synchronization,1
synchronization_method,1
thermal_expansion,1
catalyst_loading,1
sonocatalysis,1
operating_parameter,1
cationic_dye,1
color_degradation,1
color_image_processing,1
catalytic_process,1
mobile_terminal,1
pore_size,1
bimodal_pore_size_distribution,1
degradation_of_phenol,1
limit_of_detection,1
retention_time,1
mefenamic_acid,1
cryopreservation,1
luminescent_material,1
quenching_effect,1
anti_microbial_effect,1
gadolinium,1
luminescent_intensity,1
multifunctional_composite,1
cancer_growth,1
liver_carcinogenesis,1
diethylnitrosamine,1
robustness_property,1
expansion,1
subchannel_analysis,1
fuel_assembly,1
lead_cooled_reactor,1
elsy,1
annular_fuel,1
phenylbutazone,1
antiarthritic_activity,1
heliopsis_longipes_extract,1
adsorption_isotherm,1
tamarindus_indica,1
entropy_compensation,1
moisture_sorption,1
sorption_property,1
water_activity,1
adsorption_process,1
thermodynamic_sorption,1
network_node,1
exposure_problem,1
mobile_user,1
location_privacy,1
mobile_node,1
isotonic_regression,1
gas_compressor,1
artificial_intelligence,1
genetic_algorithm,1
data_driven_approach,1
condition_monitoring,1
exhaust_gas_temperature,1
genetic_programming,1
failure_analysis,1
gas_turbine,1
local_search,1
liver_cell_carcinoma,1
cholesterol_diet,1
acetylcysteine,1
freund_adjuvant_induced_arthritis,1
heliopsis_longipes,1
photodegradation_of_methylene_blue,1
spinel,1
coelenterate_venom,1
microinjection,1
gene_transfer_technique,1
biological_assay,1
cnidarian_venom,1
"chromatography,_liquid",1
brain_protein,1
protein_purification,1
neurotoxicity_syndrome,1
xenopus_laevis,1
semantics,1
execution_environment,1
geometric_semantics,1
turbogenerator,1
electrophysiology,1
neurotoxin,1
brachyura,1
crab,1
cubozoa,1
carybdea_marsupialis,1
oh_group,1
adsorption_site,1
indium_compound,1
degree_of_confinement,1
phenomenological_model,1
bioconversion_process,1
data_driven_model,1
hydroxide,1
methylene_blue,1
hydrotalcite_like_compound,1
adsorption_capacity,1
polyurethane,1
"sheep,_domestic",1
mucous_membrane,1
parasite_egg_count,1
weight_gain,1
ivermectin,1
nematoda,1
parasite_identification,1
proanthocyanidin,1
nematode,1
mucosa,1
venom,1
microinjections,1
"chromatography,_gel",1
size_exclusion_chromatography,1
domestic_sheep,1
tannin_derivative,1
stellate_cell,1
material_coating,1
huvec_cell_line,1
polylactic_acid,1
coated_scaffold,1
coculture,1
immunofluorescence_test,1
liver_model,1
n_methyl_dextro_aspartic_acid_receptor,1
immunoblotting,1
adsorption_thermodynamics,1
physio_chemical_property,1
adsorption_capability,1
polymeric_membrane,1
iridescence,1
simple_method,1
soil_and_water,1
colloidal_substrate,1
iron_nanoparticle,1
diffraction,1
magnetic_property,1
colloidal_silica,1
iron_nanoparticles,1
silica_nanoparticle,1
large_specific_surface_area,1
semiconductor_alloy,1
haemonchiasis,1
proanthocyanidins,1
sheep_disease,1
tannin,1
north_america,1
pollution,1
harbor,1
staining_and_labeling,1
hawk,1
sperm,1
aspergillus_fumigatus,1
barium_compound,1
natural_selection,1
non_fickian_diffusion,1
transport_resistance,1
desulfurization,1
hydrotreatment,1
fixed_bed_catalytic_reactor,1
lipid_peroxidation_assay,1
nanomagnetics,1
zinc_alloy,1
photoelectrochemical_characterization,1
university_hospital,1
medical_specialist,1
medical_practice,1
gonadal_disease,1
disorder_of_sex_development,1
morphological_parameter,1
surface_characterization,1
hydrodesulfurization_catalyst,1
support_effect,1
numerical_validation,1
mass_conservation,1
dispersion_degree,1
catalytic_combustion_of_benzene,1
benzene,1
dehydrogenation,1
temperature_observation,1
darcy_forchheimer_equation,1
movnbteo,1
oxidative_dehydrogenation_of_ethane,1
packed_bed_reactor,1
rna_sequence,1
mycobacterium_bovis,1
heart_left_ventricle_function,1
automated_classification,1
"ventricular_dysfunction,_left",1
"arrhythmias,_cardiac",1
cardiac_dyssynchrony,1
heart_arrhythmia,1
automatic_data_processing,1
angiography,1
radionuclide_ventriculography,1
ventricular_contraction,1
heart_contraction,1
mechanical_contraction,1
"ventricular_function,_left",1
heart_ventricle_contraction,1
cardiac_resynchronization_therapy,1
electric_conduction,1
medical_informatics,1
patient_treatment,1
heart_ventricle,1
heart_conduction_system,1
automation,1
functional_classification,1
volunteer,1
myocardial_contraction,1
heart_muscle_conduction_system,1
left_ventricular_ejection_fraction,1
nepal,1
earthquake_effect,1
gorkha,1
indo_gangetic_plain,1
strong_motion,1
motion_estimation,1
peak_ground_velocity,1
earthquake_sequence,1
earthquake_intensity,1
gandaki,1
peak_ground_displacement,1
peak_ground_acceleration,1
fault_displacement,1
geophysics,1
ground_motion_prediction_equation,1
teleseismic_wave,1
aftershock,1
gangetic_plain,1
strong_ground_motion,1
future_prospect,1
intermediate_frequency,1
lactate_blood_level,1
extracellular_calcium,1
concanavalin_a,1
calcium_mobilization,1
de_novo_synthesis,1
aspartate_aminotransferase_blood_level,1
ornithine_carbamoyltransferase,1
damage,1
rat_liver_enzyme,1
liver_enzyme,1
heparanase,1
calcium_channel_blocking_agent,1
glutamate_dehydrogenase,1
liver_regeneration,1
liver_injury,1
liver_perfusion,1
protein_synthesis,1
calcium_channel_blocker,1
regional_blood_flow,1
intracellular_distribution,1
alanine_aminotransferase,1
alanine_aminotransferase_blood_level,1
"endothelium,_vascular",1
blood_flow,1
isolated_liver,1
glycocalyx,1
malondialdehyde,1
"mechanotransduction,_cellular",1
enzyme_release,1
vascular_endothelium,1
surgery,1
aspartate_aminotransferase,1
alanine_transaminase,1
mechanotransduction,1
flow_rate,1
ascomycete,1
germination,1
filamentous_fungus,1
guanine_nucleotide_binding_protein_alpha_subunit,1
ascomycota,1
gtp_binding_protein_alpha_subunit,1
fungal_development,1
photovoltaic_system,1
photovoltaics,1
evaporative_cooling_system,1
ventilation_rate,1
agriculture_sector,1
cooling,1
greenhouse,1
evaporative_cooling,1
electrical_energy,1
greenhouse_temperature,1
high_quality_solution,1
computational_efficiency,1
heuristic_method,1
evolutionary_algorithm,1
population_based_algorithm,1
artificial_bee_colony,1
particle_swarm_optimization,1
design/methodology/approach,1
computational_experiment,1
districting,1
simulated_annealing,1
musical_composition,1
air_quality,1
thermal_power,1
atomic_emission_spectroscopy,1
exhaust_emission,1
power_plant,1
wind_direction,1
trace_metal,1
para_[brazil],1
petrochemical_industry,1
altamira,1
ionization,1
chemical_environment,1
safety,1
peripheral_blood_mononuclear_cell,1
liquid_chromatography_mass_spectrometry,1
dna_methylation,1
nucleotide_repeat,1
industrial_area,1
urban_population,1
underweight,1
dna_lyase,1
comet_assay,1
cpg_island,1
dna_methyltransferase,1
acenaphthene,1
indene_derivative,1
benzo[b]fluoranthene,1
atomic_emission_spectrometry,1
repetitive_dna,1
dna_glycosyltransferase,1
pyrosequencing,1
"repetitive_sequences,_nucleic_acid",1
vanadium,1
long_interspersed_repeat,1
dinucleotide,1
petroleum_reservoir,1
chemical_specie,1
petroleum_reservoir_engineering,1
thermodynamic_equilibrium,1
transport_parameter,1
longitudinal_mass,1
closure_scheme,1
in_situ_combustion,1
visible_light_absorbance,1
core_shell_particle,1
photoelectron_spectrum,1
photoelectrochemicals,1
directional_electron,1
magnetic_semiconductor,1
effect_of_the_support,1
photoelectrochemical_performance,1
photoelectron_spectroscopy,1
hetero_nanostructures,1
thermooxidation,1
sodium_sulfide,1
horizontal_pipeline,1
particle_laden_flow,1
velocity_distribution,1
computational_method_in_fluid_dynamic,1
deposition_velocity,1
multiphase_flow,1
flow_in_pipe,1
pressure_drop,1
fanning_friction_factor,1
slurry,1
petroleum_transportation,1
relative_deviation,1
heavy_oil_production,1
solid_concentration,1
hypercholesterolemia,1
bioadhesion,1
post_wetting_bioadhesion,1
skin_absorption,1
atorvastatin,1
dyslipidemia,1
canis_lupus_baileyi,1
captivity,1
canidae,1
environmental_stress,1
canid,1
acetamiprid,1
tautomer,1
zero_point_energy,1
imidacloprid,1
thiacloprid,1
plasma_diagnostics,1
reference_frame,1
thermal_agitation,1
thermal_dissipation,1
plasma_dynamic,1
relativistic_effect,1
nonneutral_plasma,1
single_component,1
heat_conduction,1
phagocytosis,1
bacterial_cell,1
bactericidal_activity,1
lactobacillus,1
molecular_recognition,1
salmonella_enterica_serovar_typhimurium,1
zymosan,1
immunostimulation,1
lactobacillus_rhamnosus,1
lactobacillus_casei,1
transcription_factor_rela,1
lactobacillus_helveticus,1
family_characteristic,1
family_size,1
sensory_dysfunction,1
behavior_disorder,1
neurodevelopmental_disorder,1
maternal_age,1
ethnic_group,1
mood_disorder,1
sensation_disorder,1
mother,1
child_behavior_disorder,1
alkaloid,1
lycopodiaceae,1
acetylcholinesterase,1
cholinesterase_inhibitor,1
huperzine_a,1
huperzia,1
higher_co_dimension,1
non_linear_dynamic,1
steady_state_multiplicity,1
bifurcation_diagram,1
dynamic_capability,1
reactive_separation,1
distillation_column,1
ultra_low_sulfur_diesel,1
hurwitz_polynomial,1
characteristic_polynomial,1
hurwitz_matrix,1
piecewise_linear_technique,1
multi_scroll_attractor,1
piece_wise_linear_system,1
polynomial,1
dissipative_system,1
linear_differential_equation,1
interval_polynomial,1
mesoporous,1
uv_vis_diffuse_reflectance_spectroscopy,1
uv_light_irradiation,1
protein_metabolism,1
experimental_disease,1
giardiasis,1
meriones_unguiculatus,1
kramecyne,1
conservation_biology,1
dc_dc_converter,1
voltage_control,1
proton_exchange_membrane_fuel_cell,1
pulse_width_modulation_converter,1
small_signal_model,1
power_electronics_converter,1
continuous_conduction_mode,1
dc_power_converter,1
pemfc_system,1
steady_state_analysis,1
power_conversion,1
synergetic_effect,1
catalytic_material,1
catalyst_acidity,1
acidity,1
spillover_effect,1
xps_characterization,1
wet_impregnation,1
nutrient_availability,1
digestion,1
food_composition,1
deer,1
food_intake,1
speed_distribution,1
sub_monolayers,1
non_maxwellian_distribution,1
granular_dynamic,1
circling_behavior,1
glutathione_disulfide,1
dopaminergic_nerve_cell,1
mptp_induced_parkinsonism,1
dopamine_brain_level,1
apomorphine_test,1
neostriatum,1
manganese_superoxide_dismutase,1
microbial_antagonism,1
sensitization,1
fnpk_equation,1
marine_sediment,1
metalloid,1
iron_ore,1
heavy_metal,1
numerical_analysis,1
catalytic_particle,1
non_isothermal_condition,1
alternative_catalyst,1
insulator_material,1
advanced_oxidation_process,1
klebsiella_pneumoniae,1
aspergillus_nomius,1
benzo[a]pyrene,1
code,1
nilpotency,1
two_direction,1
coding_error,1
antagonism,1
antibiosis,1
induced_response,1
nonlinear_reaction_rate,1
fractional_diffusion,1
diffusion_in_solid,1
bacillus_cereus,1
carbon_sequestration,1
mineral_oil,1
mixed_degrading_consortium,1
pseudomonas_aeruginosa,1
rhizomucor,1
