words,count
metabolism,70
chemistry,43
genetics,40
mexico_[north_america],39
scanning_electron_microscopy,37
rat,36
mouse,30
physiology,27
protein_expression,26
wistar_rat,25
pathology,23
"rats,_wistar",22
glucose,21
prevalence,19
synthesis,19
ph,18
molecule,18
gene_expression,18
body_mass,17
enzyme_activity,17
plant_extract,17
density_functional_theory,17
mexico_city,16
high_performance_liquid_chromatography,16
cell_culture,16
isolation_and_purification,16
cell_viability,16
real_time_polymerase_chain_reaction,16
x_ray_diffraction,16
fourier_transform_infrared_spectroscopy,16
particle_size,15
concentration,15
risk_factor,15
atom,15
blood,15
kinetics,14
immunohistochemistry,14
obesity,13
numerical_method,13
water,13
western_blotting,13
chlorine_compound,12
molecular_docking,12
molecular_dynamic,12
protein,12
signal_transduction,12
time_series_analysis,12
microbiology,12
starch,12
veterinary_medicine,12
enzyme_linked_immunosorbent_assay,11
human_experiment,11
morphology,11
nuclear_magnetic_resonance_spectroscopy,11
antioxidant,11
cell_proliferation,11
hydrogen_bond,11
triacylglycerol,11
ion,11
bacterium_culture,11
gene,11
in_vivo_study,11
pathophysiology,11
tumor_necrosis_factor,11
nanoparticles,10
escherichia_coli,10
dose_response,10
complication,10
carbon,10
fermentation,10
preschool_child,10
crystal_structure,10
cholesterol,10
messenger_rna,10
bacterial_strain,10
"growth,_development_and_aging",10
oxidative_stress,10
me_xico,10
bacteria,10
titanium_dioxide,10
physicochemical_property,10
catalyst_activity,10
newborn,9
hydrodynamics,9
biodegradation,9
pregnancy,9
inflammation,9
chemical_structure,9
temperature,9
quantum_chemistry,9
infrared_spectroscopy,9
polymer,9
disease_severity,9
heart_rate,9
soil,9
histology,9
simulation,9
sex_difference,9
biomass,9
chemical_analysis,9
adsorption,9
clinical_feature,9
cell,9
wastewater_treatment,9
federal_district_[mexico],8
cytotoxicity,8
incidence,8
histopathology,8
ecosystem,8
ground_state,8
glutathione,8
plant_leaf,8
efficiency,8
fruit,8
bioreactors,8
follow_up,8
mortality,8
bovine,8
case_report,8
energy_transfer,8
nonlinear_equation,8
crystallinity,8
single_crystal,8
degradation,8
sensitivity_and_specificity,8
precipitation,8
immunology,8
mtt_assay,8
enzyme,8
body_weight,8
x_ray_photoelectron_spectroscopy,8
risk_assessment,8
thermodynamics,8
oxide_mineral,8
gene_expression_regulation,8
catalyst,8
data_analysis_software,8
charge_transfer,8
theoretical_study,8
time_series,8
algorithm,8
polymerase_chain_reaction,8
nitrate,8
detection_method,8
substrate,8
cohort_analysis,8
chemical_composition,8
down_regulation,8
surface_property,8
entropy,8
drug_screening,7
"cell_line,_tumor",7
diffusion,7
disease_model,7
rna,7
effluent,7
energy,7
bioreactor,7
mathematical_model,7
methane,7
glass,7
"child,_preschool",7
age,7
animal_behavior,7
amino_acid,7
"cells,_cultured",7
non_insulin_dependent_diabetes_mellitus,7
glucose_blood_level,7
biological_marker,7
molecular_structure,7
binding_energy,7
tumor_cell_line,7
cobalt_compound,7
real_time_reverse_transcription_polymerase_chain_reaction,7
cattle,7
urea,7
spectrophotometry,7
numerical_model,7
electrode,7
oxidation,7
cytokine,7
metabolite,7
copper,7
animal_welfare,7
stochastic_system,7
wave_function,7
bacterial_growth,7
drug_synthesis,7
biosynthesis,7
"dose_response_relationship,_drug",7
quantitative_analysis,7
insulin,7
immunofluorescence,7
probability,7
electron,7
electronic_structure,7
hydrogen,7
electrochemical_impedance_spectroscopy,7
oaxaca,7
molecular_docking_simulation,7
ammonia,7
iron,7
energy_gap,7
genetic_variability,7
aromatic_compound,7
binary_alloy,7
genotype,7
silicon,7
diabetes_mellitus,7
triacylglycerol_blood_level,7
"disease_models,_animal",7
upregulation,7
synthesised,7
chromium_compound,7
disease_association,7
crystallization,7
carbon_dioxide,7
seasonal_variation,7
nitrogen,7
nickel_compound,7
questionnaire,7
epidemiology,7
sodium_chloride,6
brain,6
agricultural_robot,6
infrared_device,6
physical_activity,6
fish,6
hypertension,6
zinc,6
methanol,6
silica,6
photocatalytic_activity,6
bacterium,6
biotransformation,6
calcium,6
body_mass_index,6
spectroscopy,6
population_statistic,6
software,6
dye,6
limit_of_detection,6
prospective_study,6
depression,6
single_nucleotide_polymorphism,6
chemical_oxygen_demand,6
hydrogen_production,6
thermogravimetric_analysis,6
gene_frequency,6
gelation,6
age_distribution,6
observational_study,6
antiinfective_agent,6
lactic_acid,6
optical_property,6
cadmium,6
adverse_event,6
biomarkers,6
hippocampus,6
maize,6
principal_component_analysis,6
solvent,6
drug_formulation,6
magnetic_field,6
socioeconomics,6
fluorescence,6
dna,6
united_state,6
binding_site,6
soliton,6
pig,6
organometallics,6
cell_differentiation,6
gene_overexpression,6
cytology,6
pore_size,6
bioremediation,6
phylogeny,6
creatinine,6
flow_cytometry,6
evolutionary_algorithm,6
prediction,6
quantum_theory,6
liquid,6
toxicity_testing,6
copper_compound,6
powder,6
analytic_method,6
spatiotemporal_analysis,6
demography,6
ethanol,6
sewage,6
microrna,6
irradiation,6
cell_survival,6
antineoplastic_agent,6
antiinflammatory_activity,6
aluminum_alloy,6
"mice,_inbred_balb_c",5
nutritional_status,5
agriculture,5
corrosion_inhibitor,5
]+_catalyst,5
differential_scanning_calorimetry,5
antiinflammatory_agent,5
particle_size_analysis,5
organic_solvent,5
structure_activity_relation,5
thermoanalysis,5
biology,5
stochastic_model,5
oxidation_reduction_reaction,5
reverse_transcription_polymerase_chain_reaction,5
glutathione_disulfide,5
aluminum_oxide,5
protein_phosphorylation,5
batch_cell_culture,5
exercise,5
adsorption_isotherm,5
protein_synthesis,5
viscosity,5
apoptosis,5
mrna_expression_level,5
porous_material,5
alanine_aminotransferase,5
alumina,5
blood_sampling,5
body_weight_gain,5
lithium_compound,5
microorganism,5
anti_bacterial_agent,5
condition,5
helium,5
season,5
liquid_crystal,5
laplace_transforms,5
reynolds_number,5
sulfur_compound,5
survival,5
carbon_nuclear_magnetic_resonance,5
biodiversity,5
poly,5
diagnostic_imaging,5
optical_soliton,5
adsorption_capacity,5
water_pollutant,5
dynamical_system,5
phytochemistry,5
refractive_index,5
genomic_dna,5
genetic_variation,5
heavy_metal,5
biomass_production,5
dna_extraction,5
environmental_factor,5
proton_nuclear_magnetic_resonance,5
rna_extraction,5
molecular_model,5
genetic_association,5
disease,5
luminescence,5
"microscopy,_electron,_scanning",5
light,5
electrodeposition,5
bioaccumulation,5
citrus_fruit,5
very_elderly,5
free_energy,5
"water_pollutants,_chemical",5
biofilms,5
biochemistry,5
pathogenicity,5
electrochemical_corrosion,5
virology,5
statistical_model,5
"models,_molecular",5
milk_production,5
child_health,5
crystal,5
inoculation,5
nanoparticle,5
single_drug_dose,5
acute_toxicity,5
measurement_accuracy,5
scaffold,5
geometry,5
enthalpy,5
ii_vi_semiconductor,5
dispersion,5
equation_of_motion,5
enzyme_inhibition,5
oocyte,5
"rats,_sprague_dawley",5
velocity,5
sprague_dawley_rat,5
computer_simulation,5
acetic_acid,5
molar_ratio,5
additive,5
oxygen,5
reaction_kinetics,5
alcohol,5
bagg_albino_mouse,5
micrornas,5
earthquake,5
climate_change,5
biofilm,5
phenol,4
phytochemical,4
polarization,4
pentobarbital,4
promoter_region,4
property,4
graph_theory,4
electric_field,4
graphic_method,4
gene_expression_profiling,4
nanocrystalline_material,4
electroencephalography,4
prognosis,4
confocal_microscopy,4
impedance_spectroscopy,4
polymerization,4
nucleation,4
longitudinal_study,4
dairy_cattle,4
antinociception,4
machine_learning,4
leaching,4
deterioration,4
harmonic_analysis,4
cell_membrane,4
neuralgia,4
bioactive_compound,4
membrane,4
ester,4
mass_spectrometry,4
cellulose,4
feeding_behavior,4
sex_ratio,4
survey_and_questionnaire,4
testosterone,4
reinforced_concrete,4
educational_status,4
optimization,4
manganese,4
fractal,4
epididymis,4
limit_of_quantitation,4
amino_acid_sequence,4
dynamic_response,4
extraction,4
pain,4
stiffness,4
seismic_design,4
drug_mechanism,4
uncertainty_analysis,4
titanium,4
nitric_oxide,4
predictive_value,4
land_cover,4
pregnant_woman,4
computer_model,4
cholesterol_blood_level,4
"biodegradation,_environmental",4
spermatozoon,4
thermogravimetry,4
extracellular_matrix,4
aqueous_solution,4
moisture,4
coprecipitation_method,4
gamma_interferon,4
protein_function,4
genetic_susceptibility,4
zinc_oxide,4
oocyte_maturation,4
novel_object_recognition_test,4
energy_dispersive_x_ray_spectroscopy,4
differential_equation,4
metformin,4
nucleotide_sequence,4
grip_strength,4
x_ray_powder_diffraction,4
orbitals,4
high_resolution_transmission_electron_microscopy,4
cattle_disease,4
memory,4
polycyclic_aromatic_hydrocarbon,4
blood_pressure,4
clinical_trial,4
population_density,4
smoothed_particle_hydrodynamics,4
hydroxyapatite,4
descriptive_research,4
alzheimer_disease,4
long_term_exposure,4
growth_rate,4
food_supply,4
bismuth_compound,4
computational_biology,4
calculation,4
albumin,4
adomian_decomposition,4
biodiesel,4
photon,4
pilot_study,4
pandemic,4
drug_potency,4
cell_death,4
nonlinear_optic,4
protein_kinase_b,4
mortality_rate,4
comorbidity,4
violence,4
"rna,_messenger",4
boundary_value_problem,4
normal_human,4
"infant,_newborn",4
mesoporous_material,4
absorption,4
education,4
positive_ion,4
specie_richness,4
validation_process,4
catalysis,4
gene_sequence,4
excited_state,4
staphylococcus_aureus,4
cell_adhesion,4
nerve_cell,4
porous_medium,4
kinetic_energy,4
carbohydrate,4
binding_affinity,4
metronidazole,4
aspartate_aminotransferase,4
performance,4
emission_spectroscopy,4
bacterium_identification,4
correlation_coefficient,4
immunoreactivity,4
germination,4
productivity,4
oxidation_reduction,4
reduction,4
hydrogen_peroxide,4
drug_structure,4
microbial_community,4
brain_cortex,4
mitochondrion,4
reactive_oxygen_metabolite,4
structure_activity_relationship,4
quercetin,4
oxygen_consumption,4
monotherapy,4
antiproliferative_activity,4
topology,4
meat,4
nuclear_magnetic_resonance_imaging,4
color,4
macrophage,4
column_chromatography,4
molecular_dynamic_simulation,4
complexation,4
fracture,4
chromium_metallography,4
porosity,4
mesencephalon,4
copper_alloy,4
electrospinning,4
eutectic,4
deep_eutectic_solvent,4
developing_country,4
epithelium_cell,4
measurement_precision,4
antibiotic_resistance,4
spectras,4
hydrophobicity,4
vertebrata,4
molecular_weight,4
indometacin,4
cisplatin,4
hydrogen_ion_concentration,4
light_absorption,4
ampicillin,4
carrageenan,4
nanocomposites,4
bacterial_gene,4
microbial_sensitivity_test,4
anti_bacterial_activity,4
ameloblastoma,4
enzymology,4
swine,4
crystal_atomic_structure,4
thermodynamic_property,3
phase_separation,3
shear_flow,3
temperature_range,3
river,3
oxidation_reduction_state,3
gulf_of_mexico,3
hemoglobin,3
global_health,3
chitosan,3
brownian_movement,3
ribosome,3
economics,3
health_disparity,3
reproduction,3
sequence_analysis,3
multicenter_study,3
heterojunctions,3
socioeconomic_factor,3
diclofenac,3
crystal_orientation,3
oscillator,3
graph_g,3
eigenvalue_and_eigenfunctions,3
markov_chain,3
sodium_compound,3
dichloromethane,3
mouth_mucosa,3
dairy,3
death,3
gender,3
emulsification,3
mouth_disease,3
nitrite,3
collagen,3
pregnancy_complication,3
protein_expression_level,3
family,3
gelatinase_b,3
non_invasive_procedure,3
gene_amplification,3
gelatinase_a,3
mestizo,3
drop,3
uric_acid,3
lymphocyte,3
adipocyte,3
parkinson_disease,3
oral_glucose_tolerance_test,3
pollutant_removal,3
plastic_bottle,3
iron_metallography,3
city,3
all_cause_mortality,3
oil_and_fat,3
photoluminescence,3
traditional_medicine,3
africa_south_of_the_sahara,3
electrochemical_technique,3
emission_spectrum,3
electrochemical_analysis,3
perinatal_period,3
magnesium,3
sustainable_development,3
morris_water_maze_test,3
endemic_specie,3
latent_period,3
plasma,3
vaccination,3
quantum_system,3
lactation,3
oxide,3
spatial_memory,3
phonons,3
molecular_simulation,3
uncertainty,3
isotherm,3
population_distribution,3
organic_carbon,3
bacterium_isolate,3
bacterium_isolation,3
polyester,3
specie_diversity,3
physiological_response,3
spring,3
cumulus_cell,3
silicate,3
spain,3
dna_damage,3
glycerol,3
embryo_development,3
trans_mexican_volcanic_belt,3
trace_element,3
fertilization,3
pesticide,3
dental_caries,3
electrical_conductivity,3
testis,3
in_vitro_fertilization,3
oligosaccharide,3
tissue_distribution,3
sars_coronavirus,3
enzymatic_hydrolysis,3
angiotensin_ii,3
tumor_necrosis_factor_alpha,3
protein_structure,3
antidepressant_agent,3
liver,3
antidepressive_agent,3
solubility,3
salvia,3
digestion,3
earthquake_damage,3
aerial_plant_part,3
degree_of_freedom,3
decision_making,3
protein_secondary_structure,3
pathogenesis,3
antidepressant_activity,3
nickel,3
fucose,3
livestock,3
agricultural_worker,3
public_health,3
public_policy,3
anti_microbial_activity,3
trend_study,3
informed_consent,3
high_density_lipoprotein,3
catalase,3
superoxide_dismutase,3
scatter_factor_receptor,3
clinical_assessment,3
"behavior,_animal",3
parasitology,3
hartree_fock_equation,3
information_theory,3
many_electron_atom,3
fertilizer,3
membrane_protein,3
optical_fiber,3
lactic_acid_bacteria,3
hispanic,3
livelihood,3
outcome_assessment,3
follow_up_study,3
nonlinear_fiber_optics,3
hematoxylin,3
biocompatibility,3
corticosterone,3
sediment,3
tetracycline,3
mental_health,3
body_composition,3
chemical_bond,3
physisorption,3
potassium,3
epithelial_cell,3
polarization_curve,3
steel_corrosion,3
crystalline_structure,3
"polymorphism,_single_nucleotide",3
pipe_inclination,3
bioassay,3
pain_measurement,3
%_reduction,3
sulfur,3
cell_line,3
biotechnology,3
stoichiometry,3
insula,3
genetic_analysis,3
health_hazard,3
image_processing,3
perciform,3
corpus_striatum,3
hypothalamus,3
catalyst_support,3
actinobacteria,3
alcohol_consumption,3
peptide,3
electrochemical_electrode,3
vegetation,3
gravity,3
supramolecular_chemistry,3
fisher_information_matrix,3
molecular_scaffold,3
cell_structure,3
watershed,3
trajectory,3
in_vitro,3
bacterial_protein,3
aspect_ratio,3
anthropogenic_effect,3
atlantic_ocean,3
fisher_information,3
ethylene,3
antioxidant_activity,3
annealing,3
structural_response,3
zinc_alloy,3
seismic_response,3
waste_water_management,3
creatinine_blood_level,3
cobalt,3
batch_reactor,3
alkalinity,3
liver_tissue,3
colony_forming_unit,3
liver_cell,3
combination_drug_therapy,3
drug_efficacy,3
pseudomonas_aeruginosa,3
open_circuit_potential,3
clinical_effectiveness,3
immunoglobulin_g,3
genetic_transfection,3
ammonium_derivative,3
peripheral_blood_mononuclear_cell,3
rna_isolation,3
urban_area,3
protein_blood_level,3
mammalia,3
microarray_analysis,3
rna_purification,3
cluster_analysis,3
bioinformatics,3
small_interfering_rna,3
support_vector_machine,3
chiroptera,3
drug_design,3
interpolation,3
bat,3
tailing,3
colombia,3
thermo_dynamic_analysis,3
gelatin,3
haplotype,3
"spectroscopy,_fourier_transform_infrared",3
desorption,3
hysteresis,3
coordination_compound,3
physiological_stress,3
biological_model,3
commerce,3
chloroform,3
phosphorylation,3
student,3
hyperalgesia,3
neuropathic_pain,3
aging,3
"physical_conditioning,_animal",3
titanium_compound,3
mouth,3
zirconia,3
odontogenic_tumor,3
virulence_factor,3
operating_condition,3
nonlinear_analysis,3
dynamic,3
location,3
vascular_resistance,3
antibiotic_sensitivity,3
performance_assessment,3
virulence,3
bacterial_virulence,3
thulium_compound,3
two_phase_flow,3
culture_medium,3
video_game,3
bacteriology,3
water_contamination,3
immune_system,3
plant_stem,3
correlation,3
light_intensity,3
yeast,3
hopf_bifurcation,3
multiobjective_optimization,3
shannon_entropy,3
propionic_acid,3
ground_state_energy,3
brownian_dynamic_simulation,3
power,3
skin,3
winter,3
ammonium_compound,3
lung_embolism,3
diet,3
crop,3
ecology,3
polyethylene,3
surgical_technique,3
protein_analysis,3
nutrient,3
guatemala,3
aspergillus,3
slaughterhouse,3
contusion,3
optical_,3
luminescent_property,3
texture,3
ruxolitinib,3
antenna,3
europium_compound,3
secondary_structure,3
linear_control_system,3
tpa_induced_ear_edema,3
edema,3
immunoglobulin_enhancer_binding_protein,3
fractionation,3
ultraviolet_spectrophotometry,3
anti_inflammatory_agent,3
database,3
heart,3
carrageenan_induced_paw_edema,3
heparin,3
injury,3
gene_identification,3
drug_blood_level,3
gel,3
polypyrroles,3
europium,3
food_intake,3
physic,3
genetic_risk,3
plasma_polymerization,3
azo_dye,3
tissue,3
nitrification,3
bioconversion,3
density_functionals,3
simple++,3
timing_circuit,3
memory_consolidation,3
long_term_memory,3
protein_tyrosine_kinase,3
microbial_activity,3
reaction_mechanism,3
dissolution,3
energy_dissipation,3
transmission_electron_microscopy,3
forecasting,3
fourier_transform_infra_red,3
thin_layer_chromatography,3
fungus_growth,3
breathing_rate,3
oxygen_saturation,3
cancer_growth,3
gas_chromatography,3
trichomonas_vaginalis,3
chemical_interaction,3
cactus,3
clinical_evaluation,3
glutamic_acid,3
plant,3
spectrofluorometry,3
spatial_analysis,3
static_electricity,3
protein_binding,3
gas_adsorption,3
drug_stability,3
amyloid_beta_protein,3
microbial_diversity,3
amine,3
pacific_ocean,3
error_measure,3
electronic_property,3
metal_organic_framework,3
metal,3
nanocrystals,3
human_immunodeficiency_virus_infection,3
analgesic,3
analgesic_agent,3
neural_network,3
grain,3
mean_dissolution_time,3
antihypertensive_agent,3
experimental_study,3
follitropin,3
biomolecules,3
logistic_regression,3
seizure,3
brazil,3
geographic_distribution,3
microflora,3
indazole_derivative,3
ion_exchange,3
sampling,3
activation_energy,3
active_site,3
kinetic_theory,3
volatile_fatty_acid,3
growth,3
navier_stokes_equation,3
conformation,3
carbon_source,3
nutrition,3
memory_disorder,3
electrocardiogram,3
electroencephalogram,3
dynamic_simulation,3
animal_husbandry,3
electrophysiology,3
electromyography,3
nickel_metallography,3
surface_reaction,3
coronavirus,3
rural_area,3
innate_immunity,3
hemodynamics,3
pah,3
mineral,3
hydraulic_retention_time,3
immunoglobulin_blood_level,3
toxicity,3
microstructure,3
protein_protein_interaction,3
holstein_cattle,3
photocatalytic_hydrogen_production,3
remission,3
proportional_hazard_model,3
flow_of_gas,3
flow_pattern,3
superficial_liquid_velocity,3
pressure_gradient,3
global_burden_of_disease,2
difference_equation,2
global_disease_burden,2
acetone,2
wild_animal,2
orthogonal_function,2
spinal_cord_injury,2
polynomial,2
spinal_cord,2
fertility,2
molecular_biology,2
tensor,2
calcination_temperature,2
zeolite,2
self_assembly,2
mortality_risk,2
monte_carlo_method,2
feeding_and_eating_disorder,2
gestational_weight_gain,2
cardiovascular_disease,2
deterministic_system,2
birth_length,2
birth_weight,2
eating_disorder,2
adolescent_mother,2
progeny,2
psychology,2
linear_model,2
factor_analysis,2
child_development,2
gene_mutation,2
meta_analysis,2
"models,_biological",2
diffusion_in_liquid,2
graphite,2
information_processing,2
light_scattering,2
electron_transport_property,2
dissociation,2
high_income_country,2
cause_of_death,2
health_care_delivery,2
supine_position,2
power_law,2
health_care_access,2
physical_chemistry,2
group_by_age,2
electron_density_measurement,2
polarons,2
life_table,2
quantum_optic,2
self_diffusion_coefficient,2
infection_prevention,2
amphibia,2
computational_cost,2
infant_mortality,2
population_abundance,2
dry_season,2
laser_ablation,2
complex_formation,2
abundance,2
validation_study,2
hydrochemistry,2
groundwater,2
latin_america,2
randomized_controlled_trial,2
alpha_l_fucosidase,2
fragmentation,2
cloud_forest,2
body_height,2
china,2
medical_research,2
oleanolic_acid,2
diazepam,2
terpene,2
anti_anxiety_agent,2
mass_fragmentography,2
forced_swim_test,2
water_availability,2
biomedical_research,2
salvia_elegans_extract,2
evaluation_study,2
maze_test,2
world_health_organization,2
elevated_plus_maze_test,2
tranquilizing_activity,2
fern,2
maze_learning,2
swimming,2
salvia_elegans,2
habitat,2
open_field_test,2
anxiolytic_agent,2
institute_for_cancer_research_mouse,2
"mice,_inbred_icr",2
n_acetylmuramoylalanine_amidase,2
nonlinear_schrödinge_equation,2
enzyme_active_site,2
molecular_cloning,2
single_mode_optical_fibre,2
panthera,2
protein_domain,2
biocatalyst,2
recombinant_protein,2
shannon_information_entropy,2
continuous_wave,2
n_acetylmuramoyl_l_alanine_amidase,2
genetic_transcription,2
transcriptome,2
"promoter_regions,_genetic",2
birefringence,2
adiponectin,2
alpha_levo_fucosidase,2
thermotoga_maritima,2
strong_earthquake,2
transcription_factor,2
genetic_structure,2
"transcription,_genetic",2
terbium_compound,2
n_methyl_dextro_aspartic_acid_receptor,2
confinement,2
rainy_season,2
hydrogenic_atom,2
waste_water_treatment_plant,2
gill,2
cadmium_compound,2
neodymium_compound,2
noninvasive_technique,2
economic_and_social_effect,2
benzimidazole_derivative,2
judd_ofelt_analysis,2
behavioral_research,2
"receptors,_n_methyl_d_aspartate",2
inducible_nitric_oxide_synthase,2
receiver_operating_characteristic,2
analgesic_activity,2
quantum_mechanic,2
model,2
linear_irreversible_thermodynamics,2
avoided_crossing,2
electric_impedance,2
tunel_assay,2
cracking,2
structural_analysis,2
loss_of_function_mutation,2
reinforcement,2
compressive_strength,2
seismology,2
primate,2
protected_area,2
scopoletin,2
impedance,2
organic_pollutant,2
cyanobacteria,2
uterine_cervix_cancer,2
hela_cell_line,2
immunoprecipitation,2
iron_compound,2
one_dimensional,2
catalytic_oxidation,2
luciferase_assay,2
genetic_screening,2
diffusivity,2
carbamazepine,2
multiplex_ligation_dependent_probe_amplification,2
trinucleotide_repeat,2
ethnicity,2
reactivity_index,2
tumor_volume,2
financial_market,2
anticonvulsive_agent,2
antineoplastic_activity,2
drug_potentiation,2
propidium_iodide_assay,2
xenograft_model_antitumor_assay,2
correlation_method,2
"metals,_heavy",2
dow_jones,2
cytotoxicity_assay,2
genetic_algorithm,2
speciation,2
matrix,2
writhing_test,2
white_noise,2
correlation_analysis,2
organic_matter,2
water_purification,2
"plant_components,_aerial",2
water_management,2
anaerobiosis,2
anaerobic_growth,2
modeling,2
anoxic_condition,2
solvent_extraction,2
heuristic,2
agricultural_waste,2
mixed_oxide,2
butyric_acid,2
tall_building,2
environmental_monitoring,2
tungsten_compound,2
ethanol_production,2
flow_of_water,2
mandible,2
cross_coupling_reaction,2
superoxide,2
maxilla,2
dentist,2
obstetrics,2
sugar,2
drug_development,2
mass_transfer,2
chromosome,2
solid_state_fermentation,2
translation_regulation,2
structural_characteristic,2
pincer_complex,2
estuary,2
didelphis_virginiana,2
rickettsia,2
nickel_complex,2
lamotrigine,2
autonomic_nervous_system,2
palladium_compound,2
rodent,2
pyrroles,2
smoking,2
lysozyme,2
bone_and_bone,2
fetus_heart_rate,2
bone,2
classification,2
microwave_irradiation,2
endothelial_nitric_oxide_synthase,2
"databases,_factual",2
drug_repositioning,2
imatinib,2
pyrrole,2
immobilized_enzyme,2
mathematical_analysis,2
factual_database,2
identification_method,2
biodegradable_polymer,2
oxygen_consumption_rate,2
adhesive,2
stem_cell,2
ultra_performance_liquid_chromatography,2
mannitol,2
pyrrole_derivative,2
polyacrylamide_gel_electrophoresis,2
aeration,2
triosephosphate_isomerase,2
sucrose,2
chlorpyrifos,2
adsorption_kinetics,2
antiprotozoal_activity,2
reduced_nicotinamide_adenine_dinucleotide,2
bioavailability,2
polyvinylidene_fluoride,2
plasma_gas,2
plasmid,2
disease_burden,2
disease_registry,2
muramidase,2
bi_layer,2
graphene,2
kinetic_parameter,2
dodecyl_sulfate_sodium,2
lizard,2
chemical_shift,2
aggression,2
surface_water,2
integral_equation,2
health_care_disparity,2
south_and_central_america,2
radar_imaging,2
dry_reforming_of_methane,2
synthetic_aperture_radar,2
interferometry,2
cellulase,2
"enzymes,_immobilized",2
grazing,2
aspergillus_niger,2
shear_strain,2
electric_potential,2
triacylglycerol_lipase,2
metal_complex,2
heat_stress,2
udder,2
palladium_complex,2
physicochemical_characteristic,2
breast_feeding,2
temperature_stress,2
auditory_stimulation,2
gene_locus,2
school_child,2
mammal,2
heat_convection,2
acclimatization,2
lung,2
weed_control,2
acetylcholinesterase,2
eosin,2
sperm_quality,2
wheat_flour,2
guatemala_[central_america],2
chickpea_flour,2
experimental_approach,2
blastocyst,2
chemical_stability,2
plasticizer,2
dissolved_oxygen,2
maternal_age,2
homeostasis,2
water_molecule,2
building_blockes,2
dietary_intake,2
chemical_speciation,2
chronic_stress,2
tail_length,2
pipeline_bend,2
nano_structured,2
relative_crystallinity,2
x__ray_diffraction,2
meat_product,2
consumer_behavior,2
cross_cultural_comparison,2
consumer_attitude,2
energy_dispersive_spectroscopy,2
phosphate_buffered_saline,2
ternary_alloy,2
taste,2
large_eddy_simulation,2
borides,2
correlated_wave_function,2
magnetic_resonance_imaging,2
charge_transfer_resistance,2
olive_tail_moment,2
activated_sludge,2
granular_material,2
cold_stress,2
inhibition,2
helicobacter_pylorus,2
adhesin,2
polypropylene,2
multifactorial_inheritance,2
cerebellum,2
decision_tree,2
differential_evolution,2
cultural_factor,2
lagrange_mesh_method,2
dual_energy_x_ray_absorptiometry,2
long_chain_fatty_acid,2
anaerobic_digestion,2
in_vitro_oocyte_maturation,2
hydroxychloroquine,2
confocal_laser_scanning_microscopy,2
relative_error,2
striate_cortex,2
bandwidth,2
antiretroviral_therapy,2
fractal_analysis,2
real_time_system,2
liver_cell_carcinoma,2
neuroimaging,2
multi_scale_analysis,2
mild_cognitive_impairment,2
monitoring,2
antenna_array,2
palmitic_acid,2
natural_frequency,2
fatty_acid_blood_level,2
scatter_factor,2
anticoagulant_agent,2
wild_type,2
luminoi_efficiency_of_radiation,2
herbicide,2
tectons,2
high_risk_patient,2
carbon_paste_electrode,2
anaerobic_co_digestion,2
different_energy_source,2
molecular_organization,2
palladium,2
extreme_environment,2
chelation,2
diagnostic_test_accuracy_study,2
immunocytochemistry,2
plastic,2
electrochemical_method,2
laboratory_method,2
catalytic_performance,2
leukocyte,2
survey,2
monocyte,2
reliability,2
central_america,2
seafood,2
diagnosis,2
pipe_joint,2
agroforestry,2
spatial_distribution,2
sea_food,2
conservation_status,2
x_ray_diffraction_analysis,2
radiator,2
insulin_blood_level,2
health_impact,2
mine_waste,2
intestine_flora,2
hydroxybutyric_acid,2
melting_point,2
cost_benefit_analysis,2
organic_compound,2
polysaccharide,2
sodium_dodecyl_sulfate,2
nanostructures,2
atmospheric_pollution,2
ecotoxicology,2
directional_pattern,2
octenyl_succinic_anhydride,2
spatial_learning,2
glucose_oxidase,2
hydrothermal,2
frequency_modulation,2
sodium_dodecyl_sulphate,2
zinc_compound,2
ground_motion,2
educational_institution,2
sodium,2
monolayers,2
social_interaction,2
corn_starch,2
film_preparation,2
fear,2
moisture_determination,2
redox_reaction,2
"stress,_physiological",2
lactoferrin,2
electrolyte,2
thin_film,2
anxiety,2
mannose,2
social_support,2
nervous_system,2
sperm_maturation,2
encapsulation_efficiency,2
glucocorticoid,2
sialic_acid,2
sexual_behavior,2
life,2
isoflurane,2
hepatocytes,2
spermatozoon_maturation,2
systemic_sclerosis,2
nonalcoholic_steatohepatitis,2
sedentary_lifestyle,2
malnutrition,2
"antineoplastic_agents,_phytogenic",2
medicinal_plant,2
tumor_cell_culture,2
social_norm,2
tyrosine,2
sodium_hydroxide,2
spermatozoon_head,2
operation_condition,2
mesoporous,2
enolase,2
n_acetylglucosamine,2
surface_area,2
digital_technology,2
cheese,2
"medicine,_traditional",2
inhibition_efficiency,2
breast_cancer,2
uv_vis_spectrophotometry,2
premenopause,2
radiation_dose,2
"tumor_cells,_cultured",2
genetic_code,2
electron_correlation,2
childhood_mortality,2
child_mortality,2
spatio_temporal_analysis,2
granulocyte_colony_stimulating_factor,2
bayes_theorem,2
heart_stroke_volume,2
cotrimoxazole,2
natural_killer_cell,2
dft_calculation,2
fetus,2
conducting_polymer,2
homeostasis_model_assessment,2
polystyrene,2
heart_output,2
pasta,2
heart_rhythm,2
low_density_lipoprotein,2
fungi,2
hamiltonians,2
thermoluminescence,2
stream_wise_velocity,2
standing,2
cefalotin,2
metal_nanoparticles,2
excitation_wavelength,2
solid_state_reaction,2
fluoride,2
social_behavior,2
pefloxacin,2
growth_kinetics,2
signal_noise_ratio,2
spectro_photometric_method,2
nucleation_and_growth,2
myoblast,2
pioglitazone,2
transport_process,2
condensation,2
seismic_wave,2
caffeine,2
treatment_response,2
electric_discharge,2
atomic_force_microscopy,2
displacement,2
market,2
fossil_fuel,2
magnetite,2
larva,2
gram_positive_bacterium,2
antidiabetic_agent,2
thermostability,2
calcination,2
lipoprotein_blood_level,2
polyurethane,2
oxide_film,2
hypoglycemic_agent,2
excitation,2
carrier_mobility,2
mixture,2
dental_health,2
channel_gating,2
cancer_cell,2
analytical_prediction,2
reference_trajectory,2
antidiabetic_activity,2
seroepidemiology,2
boundary_homogenization,2
elasmobranch,2
experimental_evidence,2
multi_objective_evolutionary_algorithm,2
multi_objective,2
energy_utilization,2
gelatinase,2
rearing,2
glibenclamide,2
protein_content,2
anti_oxidant_activity,2
analytical_expression,2
elasmobranchii,2
multivariate_analysis,2
limit_cycle,2
endosulfan,2
soil_pollutant,2
myoblasts,2
soil_microbiology,2
lymphocyte_count,2
disease_classification,2
phenotype,2
wood,2
algebra,2
environmental_exposure,2
lung_parenchyma,2
three_phase,2
smoke,2
cobalt_alloy,2
phosphate,2
autumn,2
three_phasis,2
calcium_carbonate,2
raman_spectroscopy,2
summer,2
soil_sample,2
corrosion_inhibition,2
fluorescence_resonance_energy_transfer,2
water_monitoring,2
rain,2
teratoma,2
feces,2
stability,2
seismic_rehabilitation,2
heart_rate_variability,2
mouth_tumor,2
morphological_property,2
parameter_estimation,2
tin,2
carboxy_terminal_sequence,2
emission_intensity,2
batch_cell_culture_technique,2
vascular_endothelium,2
brain_region,2
refraction_index,2
conformational_change,2
structural_stability,2
fasciola_hepatica,2
soil_survey,2
analytical_parameter,2
optical_communication,2
glass_transition,2
fermented_food_and_beverage,2
spectroscopic_analysis,2
borate_glass,2
mouth_neoplasm,2
rna_sequencing,2
phosphor,2
disk_diffusion,2
pemphigus_vulgaris,2
erbium_compound,2
urinary_tract_infection,2
hoof_and_claw,2
leukoplakia,2
glass_system,2
kidney,2
gadolinium_compound,2
gentamicin,2
anthropometric_parameter,2
iron_oxide,2
spatial_resolution,2
rare_earth_element,2
cefotaxime,2
brownian,2
hybrid_material,2
reproducibility_of_result,2
traffic_and_transport,2
catering_service,2
sol,2
strain,2
crystal_symmetry,2
elongation_at_break,2
"animals,_wild",2
sitosterol,2
cost,2
online_system,2
mutual_information,2
reproducibility,2
mof_material,2
case_study,2
beverage,2
charged_particle,2
non_steroidal_anti_inflammatory_drug,2
drug,2
rotifera,2
metal_recovery,2
"gene_expression_regulation,_bacterial",2
elasticity,2
cylindrical_membrane,2
sex_distribution,2
carbon_nitrogen_ratio,2
ftir,2
emerging_contaminant,2
drug_cytotoxicity,2
cell_metabolism,2
spectrum_analysis,2
osteoarthritis,2
pharmacokinetic_parameter,2
solid_state_culture,2
microbial_growth,2
measurement,2
asymmetric_synthesis,2
geographic_mapping,2
solid_state,2
sorghum,2
european_union,2
wheat,2
low_income_country,2
tensile_strength,2
laser_excitation,2
poverty,2
quality_control,2
conservation_management,2
motion,2
disintegration,2
wastewater_treatment_plant,2
sewage_treatment_plant,2
refining,2
algae,2
population_size,2
tannery_wastewater,2
copper_oxide,2
it_application,2
kinematics,2
closed_form_solution,2
embedded_discontinuity,2
strain_localization,2
brachionus,2
interferon,2
electrophilic_attack,2
chemisorption,2
flavonoid,2
interaction_potential,2
sodium_alginate,2
gestational_age,2
electrochemical_treatment,2
atmospheric_pressure,2
mean_square_displacement,2
transport_phenomenon,2
steady_state,2
food_product,2
corrosion,2
insulin_resistance,2
anammox_bacterium,2
behavior_change,2
ab_initio_calculation,2
lignin,2
biofuels,2
numerical_approach,2
insular_cortex,2
hydrodeoxygenation,2
"recognition,_psychology",2
multistorey_building,2
comparison_with_experiment,2
two_dimensional,2
position_dependent,2
pyrazole_derivative,2
enzyme_inhibitor,2
indole_derivative,2
middle_income_country,2
indoles,2
cell_aging,2
mitochondrial_dynamic,2
transport_property,2
mitochondrial_membrane_potential,2
ammonium,2
microbial_degradation,2
permeability,2
low_toxicity,2
remote_sensing,2
fluorine_compound,2
mild_reaction_condition,2
extraction_procedure,2
pyrite,2
zinc_sulfide,2
halophilic_bacterium,2
durum_wheat,2
deformation,2
electric_conductivity,2
genomics,2
european,2
allele,2
proteinase_inhibitor,2
chemical_phenomenon,2
drug_therapy,2
ultraviolet_radiation,2
ultraviolet_visible_spectrophotometry,2
nanocomposite,2
amygdala,2
photocatalysis,2
photodegradation,2
diffuse_reflectance_spectroscopy,2
energy_balance,2
viscosity_of_liquid,2
superficial_gas_velocity,2
coating,2
bacillus_subtilis,2
catalytic_reforming,2
silver_metallography,2
synthesis_and_characterization,2
candida_albicans,2
nitrogen_compound,2
metal_ion,2
alcoholism,2
trabecular_bone,2
health_service,2
circular_cylinder,2
chromium,2
internal_diameter,2
turbulent_flow,2
dissipation_rate,2
liquefied_gas,2
turbulence,2
turbulent_kinetic_energy,2
neuron,2
avoidance_behavior,2
nerve_cell_plasticity,2
avoidance_learning,2
pisces,2
parallel_implementation,2
myoclonus,2
dc_dc_converter,2
aliphatic_compound,2
pickering_emulsion,2
ostwald_ripening,2
sesquiterpenes,2
sesquiterpene,2
fourier_analysis,2
real_time,2
face_recognition,2
signal_processing,2
arterial_pressure,2
d_dimer,2
body_temperature,2
platelet_count,2
fibrinogen,2
leukocyte_count,2
hospital_admission,2
nasopharyngeal_swab,2
ionization_potential,2
ferritin,2
cellulosic_ethanol,2
high_density_lipoprotein_cholesterol,2
tocilizumab,2
severity_of_illness_index,2
c_reactive_protein,2
charlson_comorbidity_index,2
artificial_ventilation,2
emergency_ward,2
endotracheal_intubation,2
lactate_dehydrogenase,2
hospitalization,2
biodiesel_production,2
physicochemical_technique,2
transesterification,2
petroleum_industry,2
heterogeneous_catalyst,2
ultrastructure,2
lipid,2
proto_oncogene_protein_c_akt,2
glycolysis,2
growth_differentiation_factor,2
liver_neoplasm,2
calibration,2
liver_tumor,2
steroid,2
population_research,2
ontology,2
thermal_conductivity,2
gamma_glutamyltransferase,2
tissue_level,2
atomic_absorption_spectrometry,2
alanine_aminotransferase_blood_level,2
bagasse,2
lignocellulosic_biomass,2
cactaceae,2
intraperitoneal_drug_administration,2
"injections,_intraperitoneal",2
dopamine,2
lithium_ion_battery,2
hydrolysis,2
rhizophoraceae,2
coastal_zone,2
flour,2
marine_environment,2
heterogeneity,2
milling,2
image_analysis,2
chemical_modification,2
sulfonamide,2
magnetic_resonance_spectroscopy,2
sequence_homology,2
degradation_mechanism,2
cathode,2
motor_activity,2
occupation,2
building,2
sulfur_dioxide,2
vasculotropin_a,2
hypoxia,2
cytoskeleton,2
heat_treatment,2
ultrasonics,2
pigment,2
opuntia_ficus_indica,2
candida,2
mugil_curema,2
mugilidae,2
hydrogenation,2
sol_gel_process,2
sol_gels,2
van_der_waals_force,2
protein_conformation,2
electrostatics,2
vegetable_oil,2
medical_history,2
intensive_care_unit,2
phase_diagram,2
contour_plot,2
surface_plot,2
impaired_glucose_tolerance,2
error_plot,2
room_temperature,2
differential_diagnosis,2
vaccination_coverage,2
immunization,2
microscopy,2
metabolic_syndrome_x,2
pharmacology,2
complex_network,2
regression_analysis,2
soil_pollution,2
hidalgo,2
forest,2
styrene,2
conservation_of_natural_resource,2
population_growth,2
drug_megadose,2
low_drug_dose,2
piperazine,2
terrestrial_ecosystem,2
allodynia,2
tropic,2
longevity,2
caenorhabditis_elegans,2
bixa_orellana,2
water_pollution,2
oxygen_therapy,2
fever,2
scoring_system,2
dexamethasone,2
hemodynamic_parameter,2
structure_analysis,2
mercury,2
mental_disease,2
mathematical_technique,2
sphere,2
hot_temperature,2
immune_response,2
humidity,2
albumin_blood_level,2
heat,2
backpropagation,2
energy_storage,2
environmental_management,2
drug_release,2
genetic_epigenesis,2
drug_solubility,2
pyroxylin,2
reaction_analysis,2
influence_of_ph,2
second_generation,2
controlled_drug_delivery,2
neurophysiology,2
non_covalent_interaction,2
quantum_theory_of_atom_in_molecule,2
delocalizations,2
quantum_state,2
propionic_acid_derivative,2
ultraviolet_spectroscopy,2
systolic_blood_pressure,2
calcium_channel_blocking_agent,2
"epigenesis,_genetic",2
flower,2
vasodilatation,2
lipid_peroxidation,2
numerical_result,2
follicle_stimulating_hormone,2
dna_fragmentation,2
antioxidant_property,2
plasmid_dna,2
liver_weight,2
vitreoscilla_hemoglobin,2
modulation,2
single_channel,2
sperm_viability,2
ground_state_property,2
screened_coulomb_potential,2
linear_system,2
piecewise_linear_technique,2
androgen_receptor,2
analytic_expression,2
probability_distribution,2
random_matrix_ensemble,2
hydrophilicity,2
cell_size,2
electrospray_mass_spectrometry,2
bee,2
tropic_climate,2
altitude,2
tropical_climate,2
dynamic_load,2
transition_metal,2
cardiometabolic_risk_factor,2
chromium_alloy,2
organic_polymer,2
optimal_condition,2
internal_consistency,2
spermatozoon_motility,2
laminar_flow,2
cylinder,2
computational_fluid_dynamic,2
wake,2
elastomer,2
drag,2
flow_modeling,2
embryo,2
geography,2
government,2
jalisco,2
electronic_structure_calculation,2
meat_quality,2
abattoir,2
skeletal_muscle,2
biological_activity,2
carcinoma,2
ameloblastic_carcinoma,2
tooth_germ,2
cytoplasm,2
metabolic_disorder,2
cefuroxime,2
dentate_gyrus,2
catecholamine,2
autacoid,2
inflammation_mediator,2
vehicle,2
ultra_wideband,2
embedded_system,2
electronic_conductivity,2
breathing,2
rietveld_refinement,2
thermography,2
diabetes,2
"pregnancy_complications,_cardiovascular",2
fokker_planck_equation,2
constant_magnetic_field,2
simulation_approach,2
hydraulics,2
psychosis,2
norclozapine,2
clozapine,2
inositol,2
sensory_nerve,2
short_term_memory,2
response_surface_methodology,2
potential_energy,2
cadherins,2
wound_healing,2
cadherin,2
triple_negative_breast_cancer,2
triple_negative_breast_neoplasm,2
recovery_of_function,2
convalescence,2
cerebrovascular_accident,2
motor_evoked_potential,2
corticospinal_tract,2
stroke,2
functional_electric_stimulation,2
transcranial_magnetic_stimulation,2
feature_extraction,2
mean_square_error,2
lactone,2
"gene_expression_regulation,_neoplastic",2
tumor_suppressor_protein,2
layered_double_hydroxide,2
zinc_metallography,2
copper_metallography,2
chromatin_structure,2
electromagnetic_field,2
partial_differential_equation,2
hydroxylation,2
estimation,2
developed_country,2
virus,2
multifractal_detrended_fluctuation_analysis,2
matlab,2
testosterone_blood_level,2
fluorescence_microscopy,2
disturbance,2
sleep_disorder,2
sleep,2
antiprotozoal_agent,2
giardia_intestinalis,2
homosexual_female,2
life_expectancy,2
systematic_review,2
organic_acid,2
secondary_metabolite,2
ketone,2
lipid_diet,2
chemical_reactor,2
lower_temperature,2
catalyst_selectivity,2
magnesia,2
nickel_oxide,2
furosemide,2
arginine,2
listeria_monocytogenes,2
computational_chemistry,2
dyspnea,2
numerical_solution,2
satellite_imagery,2
"models,_statistical",2
differentiation,2
gilt,2
choline,2
methionine,2
seroepidemiologic_study,2
granulocyte_macrophage_colony_stimulating_factor,2
immunoglobulin_a,2
"intestine,_small",2
small_intestine,2
osteoporosis,2
drinking_water,2
bone_density,2
amyloid_beta_peptides,2
glycoprotein,2
hydrocortisone,2
microbiota,2
dipeptidyl_carboxypeptidase_inhibitor,2
virus_replication,2
viral_protein,2
ytterbium_compound,2
treatment_duration,2
endometrium_cell,2
campylobacter_fetus,2
phononic_crystal,2
taxonomy,2
life_cycle,2
particulate_matter,2
asteraceae,2
thyrotropin,2
testis_tissue,2
ether,2
diet_supplementation,2
gluten,2
denitrification,2
"diagnosis,_differential",2
desulfurization,2
fusarium,2
endocrine_disruptor,2
phenol_derivative,2
environmental_protection,2
environmental_impact,2
computer_assisted_tomography,2
early_diagnosis,2
mass,2
female_wistar_rat,2
sarcopenia,2
muscle,2
stress,2
body_fat,2
quality_of_life,2
aluminum_compound,2
anesthesia,2
prostaglandin,2
sperm_motility,2
peroxisome_proliferator_activated_receptor_delta,2
mitogen_activated_protein_kinase,2
in_vitro_digestibility,2
micro_structural,2
biomedical_signal_processing,2
finite_difference_method,2
slowly_digestible_starch,2
pollutant,2
environmental_pollutant,2
kinetics_and_thermodynamics,2
chemical_characteristic,2
solid_fluid_interface,2
search_engine,2
sciencedirect,2
experimental_condition,2
fatty_acid,2
temperature_effect,2
fault_detection,2
coremaking,2
hydrogen_evolution,2
hematite,2
enzyme_activation,2
high_density_lipoprotein_cholesterol_level,2
brain_computer_interface,2
electroencephalogram_signal,2
microvasculature,2
vascularization,2
microvessels,2
thrombosis,2
"spike_glycoprotein,_coronavirus",2
coronavirus_spike_glycoprotein,2
copper_sulfate,2
excipient,2
drug_compounding,2
tablet,2
excipients,2
expert_system,2
friction,2
darcy_law,2
arrhenius_plot,2
thermal_annealing,2
radiation_damage,2
ion_track_etching,2
heavy_ion,2
etching,2
irradiated_polymer,2
newtonian_liquid,2
newtonian_fluid,2
single_phase_flow,2
flow_in_porous_medium,2
photocatalytic_property,2
fracture_toughness,2
silica_nanoparticles,2
mechanical_alloying,2
corrosion_protection,2
functionalized,2
metabolomics,2
blood_glucose,2
triticum,2
exosome,2
fibroblast,2
cardiometabolic_risk,2
citric_acid,2
elastic_modulus,2
zno,2
pentacyclic_triterpene,2
sugar_cane,1
specific_key,1
process_analysis,1
temperature_time_series,1
cane_sugar_crystallization,1
different_substrate,1
multi_layered_system,1
multilayers,1
multilayer_film,1
multi_layer_thin_film,1
pulsed_laser,1
pulsed_laser_deposition,1
crossed_beam,1
buckling_restrained_brace,1
reinforced_concrete_structure,1
conventional_brace,1
earthquake_event,1
electric_circuit_breaker,1
hospital,1
buckling,1
hospital_structure,1
structural_performance,1
ecotourism,1
community_development,1
irrigation_system,1
estrus_cycle,1
proestrus,1
diestrus,1
zona_pellucida,1
oocyte_development,1
oocyte_viability,1
water_immersion,1
cestode,1
cestodiasis,1
cestoda,1
cestode_infection,1
biological_ontology,1
natural_language_processing,1
systematized_nomenclature_of_medicine,1
sexual_and_gender_minority,1
maternal_care,1
disability,1
bayesian_analysis,1
benzyl_alcohol,1
steel,1
acid_corrosion,1
eis_study,1
acid_corrosion_inhibitor,1
high_viscosity_oil,1
superficial_liquid,1
liquid_viscosity,1
flow_pattern_transition,1
annular_flow_pattern,1
dorsal_hippocampus,1
epileptic_state,1
olfactory_cortex,1
nucleus_accumbens,1
amino_acid_receptor_blocking_agent,1
cell_counting,1
inferior_colliculus,1
status_epilepticus,1
general_anesthesia,1
somatosensory_cortex,1
tonic_clonic_seizure,1
kainic_acid,1
pyramidal_nerve_cell,1
standardized_uptake_value,1
clonus,1
glucose_intake,1
glucose_brain_level,1
wet_dog_shake,1
radiopharmaceutical_agent,1
positron_emission_tomography,1
cingulate_gyrus,1
motor_cortex,1
thalamus,1
entorhinal_cortex,1
neuropathology,1
medial_prefrontal_cortex,1
hypermetabolism,1
visual_cortex,1
auditory_cortex,1
radiopharmaceutical,1
association_cortex,1
orbital_cortex,1
excitatory_amino_acid_antagonist,1
brain_metabolism,1
layered_material,1
capacity_fade,1
reconstruction_method,1
eis,1
degradation_process,1
graphical_reconstruction,1
irreversible_degradation,1
graphical_approach,1
lco,1
bode_diagram,1
two_dimensional_modeling,1
faraday_wave,1
surface_wave,1
oscillation,1
surface_tension,1
rigidity,1
biosurfactant,1
feedback_control,1
civil_application,1
modeling_error_compensation,1
reduced_order_modelling,1
nonlinear_feedback,1
clean_energy,1
bwr,1
boiling_water_reactor,1
reduced_order_model,1
lumped_modeling,1
nuclear_reactor_control,1
model_error,1
error_compensation,1
intrinsic_factor,1
structural_functional,1
vitro_digestibility,1
granulation,1
andean_grain,1
starch_granule,1
mean_diameter,1
amaranthus_caudatus,1
physico_chemicals,1
eutectic_mixture,1
ethylene_glycol,1
rotating_disk,1
solvent_influence,1
angular_speed,1
levich_equation,1
choline_chloride,1
rotating_disk_electrode,1
potentiodynamics,1
ferrocyanide,1
cell_protection,1
sertoli_cell,1
spleen_tissue,1
lymphoid_tissue,1
urea_blood_level,1
seminiferous_tubule,1
metallothionein,1
ferric_ferrocyanide,1
sublethal_dose,1
heart_tissue,1
kidney_tissue,1
leydig_cell,1
systemic_disease,1
thallium,1
heavy_metal_poisoning,1
kidney_injury,1
ph_time_series,1
multiscale_fractal,1
monitoring_system,1
chemical_reaction,1
bio_chemicals,1
real__time,1
indirect_monitoring,1
ph_measurement,1
myosin_i,1
immunofluorescence_microscopy,1
leukemia_remission,1
acute_lymphoblastic_leukemia,1
optical_density,1
bone_marrow_biopsy,1
immunophenotyping,1
diaminobenzidine,1
relapse,1
farm_size,1
globalization_effect,1
indigenous_population,1
system,1
reduced_size,1
key_informant,1
agroforestry_system,1
household_survey,1
putumayo,1
profitability,1
census,1
personnel,1
global_transformation,1
indigenous_community,1
family_structure,1
economic_indicator,1
production_cost,1
operating_cost,1
surfactant_assisted,1
dermal_irritation,1
cationic_surfactant,1
hydroxyapatite_nanoparticles,1
nanorods,1
structural_and_morphological_property,1
cetyltrimethylammonium_bromide,1
homogeneous_rod,1
bovine_lactoferrin,1
hypophysis_adrenal_system,1
neuroendocrine_system,1
behavior,1
hypothalamus_hypophysis_adrenal_system,1
neurotransmitter,1
hypothalamus_hypophysis_system,1
pituitary_adrenal_system,1
signaling_pathway_analysis,1
hypothalamo_hypophyseal_system,1
opioid_nervous_system,1
neurosecretory_system,1
corticotropin_releasing_factor,1
angiotensin_blood_level,1
nerve_ligation,1
peptide_fragment,1
lumbar_spine,1
ma_receptor,1
mechanical_allodynia,1
pain_threshold,1
analgesia,1
renin_angiotensin_aldosterone_system,1
spinal_nerve,1
angiotensin_i,1
tactile_allodynia,1
vibrio_vulnificus,1
pvsa_gene,1
vibrio,1
vibrio_mimicus,1
wcra_gene,1
hemolytic_cytolysin,1
lafa_gene,1
vibrio_alginolyticus,1
collagenase,1
cytolysin,1
carbenicillin,1
thermolabile_hemolysin,1
tlh_gene,1
vibrio_parahaemolyticus,1
iut_a_gene,1
vppc_gene,1
gmhd_gene,1
hemolysin,1
food_poisoning,1
wza_gene,1
pvua_gene,1
toxr_gene,1
vvha_gene,1
mota_gene,1
vmh_gene,1
virulence_gene,1
bacillus_thuringiensis,1
heat_shock_treatment,1
medium_composition,1
polyurethane_foam,1
high_substrate_concentration,1
polyurethan,1
rigid_foamed_plastic,1
"spores,_bacterial",1
galleria_mellonella,1
polyurethan_foam,1
microbiological_examination,1
bacteriological_technique,1
bacterial_spore,1
lepidoptera,1
cluster_organization,1
network_energy_consumption,1
mobile_telecommunication_system,1
multi_objective_optimization_problem,1
wireless_sensor_network,1
data_acquisition,1
cluster_head_selection,1
efficient_strategy,1
performance_comparison,1
crustacean,1
heritability,1
efficiency_measurement,1
litopenaeus_vannamei,1
estimation_method,1
achromobacter,1
insecticide,1
horticulture,1
bacillus,1
h_bridges,1
power_electronics,1
cross_phase_connection,1
electric_transformer,1
harmonic_current,1
bridge_circuit,1
hybrid_distribution_transformer,1
energy_quality,1
power_quality,1
equilateral_triangle,1
gravitational_attraction,1
constant_angular_velocity,1
non_linear_stability,1
gravitation,1
arnold_theorem,1
specific_value,1
stability_of_equilibrium,1
four_body_problem,1
angular_velocity,1
security,1
intercropping,1
energy_yield,1
potato,1
spectroscopic_study,1
network_modifier,1
optical_and_thermal_property,1
non_bridging_oxygen,1
green_emission,1
nanostructured_particle,1
luminescence_intensity,1
thenoyltrifluoroacetone,1
hybrid_system,1
luminescent_system,1
luminescence_property,1
enhanced_luminescence,1
sapium,1
lupeyl_palmitate,1
euphorbia_extract,1
sapium_lateriflorum,1
triterpene_derivative,1
molecular_recognition,1
cycloeucalenol,1
lupeyl_acetate,1
stigmasterol,1
etoposide,1
generalized_difference_operator,1
infinite_matrix,1
recurrent_sequence,1
hypergeometric,1
orthogonal_polynomial,1
complex_parameter,1
first_order_difference,1
generalized_moment,1
recurrence_coefficient,1
unified_construction,1
nicotiana_tabacum,1
emotionality,1
social_environment,1
child_welfare,1
illicit_drug,1
health_survey,1
neighborhood,1
physical_development,1
drug_abuse,1
drug_user,1
drug_dependence,1
psychotropic_agent,1
numeracy,1
learning,1
secondary_analysis,1
social_aspect,1
substance_related_disorder,1
domestic_violence,1
investment,1
south_asia,1
health_care_system,1
sustainable_development_goal,1
health_care_quality,1
newborn_mortality,1
newborn_care,1
neonatal_health,1
perinatal_care,1
malaria,1
congenital_disorder,1
diarrhea,1
lower_respiratory_tract_infection,1
epidemiological_data,1
habitat_structure,1
community_composition,1
ichthyofauna,1
mitigation,1
landscape_ecology,1
nature_conservation,1
panthera_onca,1
habitat_loss,1
native_specie,1
blechnum,1
colonization,1
water_stress,1
photon_flux_density,1
hypolepis,1
macrothelypteris_torresiana,1
polystichum,1
light_quality,1
invasive_specie,1
saturable_absorber,1
linear_birefringence,1
nonlinear_birefringence,1
fiber_laser,1
polarization_evolution,1
ultrashort_pulse,1
twisted_optical_fiber,1
circular_birefringence,1
recovery_process,1
global_statistic,1
structural_health_monitoring_program,1
structural_health_monitoring,1
focus_of_attention,1
seismic_resilience,1
built_environment,1
reconstruction_process,1
internet_activity,1
privacy,1
unauthorized_access,1
behavior_based_tracking,1
behavior_based,1
domain_name_system,1
http,1
distributed_strategy,1
privacy_concern,1
user_reidentification,1
internet_user,1
internet_protocol,1
gastric_mucosa,1
stomach_gland,1
chemoluminescence,1
ischemia,1
intestine_ischemia,1
electric_resistance,1
laparotomy,1
apoptosis_assay,1
stomach_mucosa,1
reperfusion_injury,1
bioenergy,1
ischemia_time,1
channel_reduction,1
transverse_force,1
two_dimensional_diffusion,1
gravitational_force,1
diffusion_coefficient,1
asymmetric_channel,1
effective_diffusion_coefficient,1
external_field,1
interpolation_formula,1
symmetric_channel,1
creativity,1
voice,1
microphotography,1
diterpenes,1
"anti_inflammatory_agents,_non_steroidal",1
salvia_ballotiflora_extract,1
nonsteroid_antiinflammatory_agent,1
membrane_stabilization,1
cytokine_release,1
diterpenoid,1
arthritis,1
facility_location,1
game_approach,1
crowdsourcing,1
pareto_set,1
human_computer_interaction,1
facility_location_problem,1
serious_game,1
demand_center,1
multiobjective_optimization_problem,1
set_problem,1
current,1
micro_biological_parameter,1
acid_concentration,1
agricultural_by_products,1
water_soluble_carbohydrate,1
antifungal_effect,1
internal_temperature,1
acetabulum,1
total_hip_replacement,1
device_removal,1
production_rate,1
submerged_fermentation,1
invertase_production,1
catabolic_repression,1
extracellular,1
inulinase,1
sucrose_concentration,1
extracellular_enzyme,1
didelphimorphia,1
bassariscus_astutus,1
peromyscus_gratus,1
friend,1
ixodes,1
ixodes_dampfi,1
carnivora,1
peromyscus,1
tissue_engineering,1
nanofiber,1
composite_biomaterials,1
adhesive_property,1
osteoconductive_property,1
biodegradable_polyester,1
bone_regeneration,1
iodine,1
polylactic_acid,1
biomaterial,1
bone_tissue_engineering,1
bone_cell,1
osteogenic_differentiation,1
tissue_scaffold,1
leporidae,1
hematopoietic_stem_cell,1
durapatite,1
rabbit,1
cell_isolation,1
poly_lactic_acid,1
biomaterials,1
polylactide,1
bone_tissue,1
polypyrrole,1
bone_marrow_stem_cell,1
ni_o_active_site,1
long_term_stability,1
water_gas_shift,1
dry_reforming,1
langmuir_hinshelwood,1
kinetic_model,1
phospholipase_c,1
beta_glucosidase,1
hexose,1
lower_complexity,1
hydrolyzable_tannin,1
low_purity,1
glucosidase,1
phospholipase,1
culture_condition,1
ellagitannin,1
solvation,1
mycelium,1
complexity,1
tannin,1
ellagitannase,1
fungal_enzyme,1
biochemical_characteristic,1
tannase,1
ellagic_acid,1
collagen_synthesis,1
interstitial_collagenase,1
magnoliopsida,1
cell_damage,1
angiosperm,1
lung_disease,1
lung_fibroblast,1
flood,1
short_term_time_series,1
satellite_image,1
synthetic_aperture_radar_data,1
coatzacoalcos_river,1
tracking_radar,1
flood_monitoring,1
radar_data,1
space_based_radar,1
acetylation,1
packaging_application,1
deacetylation,1
degree_of_deacetylation,1
biological_method,1
algebraic_connectivity,1
complement_graph,1
token_graph,1
doubled_johnson_graph,1
laplacian_spectrum,1
adjacency_spectrum,1
binomial_matrix,1
doubled_odd_graph,1
laplacian_eigenvalue,1
normal_distribution,1
short_range_application,1
surface_measurement,1
container_tracking,1
near_surface_measurement,1
radio_network,1
shipping_container,1
medium_range,1
path_loss,1
over_water,1
home_security,1
internet_of_thing,1
chirp_modulation,1
calcium_mobilization,1
blood_glucose_monitoring,1
n_acetamide,1
thiazolidinediones,1
alloxan_induced_diabetes_mellitus,1
ethylacetate,1
glycemic_control,1
peroxisome_proliferator_activated_receptor_gamma_agonist,1
pancreas_cell,1
$gamma@_irradiated,1
emission_band,1
deconvolutions,1
beryllium,1
irradiated_sample,1
dosimetry,1
gamma_irradiation,1
deconvolution,1
beryllium_oxide,1
excitation_spectrum,1
$gamma@_radiation,1
ionizing_radiation,1
beryllia,1
multiband_application,1
directive_antenna,1
slot_radiator,1
resonant_loop,1
frequency_range,1
multiband_antenna,1
loop_array,1
loop_slot,1
shaped_slot,1
wide_band_frequency,1
slot_antenna,1
rectangular_loop,1
sulfuric_acid,1
fluidization,1
plantago,1
mechanical_test,1
water_permeability,1
musa,1
reagent,1
musa_x_paradisiaca,1
bleaching,1
j_t_baker,1
eucalyptus,1
reflectance_confocal_microscopy,1
nanocellulose,1
"membranes,_artificial",1
microcrystalline_cellulose,1
banana,1
artificial_membrane,1
data_processing,1
data_handling,1
structural_damage_assessment,1
damage_detection,1
risk_management,1
residual_deformation,1
plastic_deformation,1
residual_displacement,1
measurable_parameter,1
simple_single_degree_of_freedom,1
emergency_management,1
quantitative_information,1
quantitative_measure,1
temperature_programmed_reduction,1
metal_support_interaction,1
impregnation,1
impregnation_solution,1
hydrodesulfurization_catalyst,1
sulfidation_degree,1
structural_dynamic,1
hydrodesulfurization,1
consecutive_impregnation,1
structural_control,1
structure_and_activity,1
eating_disorder_examination_interview,1
dsm_iv,1
knowledge,1
university_student,1
eating_disorder_examination_questionnaire,1
brief_questionnaire_for_disordered_eating_behavior,1
hepatocyte_growth_factor,1
proteasome,1
transcription_regulation,1
cytochrome_b_group,1
nadph_oxidase,1
multifractal_analysis,1
cyba_gene,1
reduced_nicotinamide_adenine_dinucleotide_phosphate_oxidase,1
proto_oncogene_protein_c_met,1
"cyba_protein,_mouse",1
protein_subunit,1
molecular_mechanic,1
protein_biosynthesis,1
protein_interaction,1
cell_culture_technique,1
protein_processing,1
protein_degradation,1
cytochrome_b,1
search_technique,1
performance_and_scalability,1
computational_resource,1
cell_engineering,1
electrospuns,1
plasma_polymers,1
infrared:_spectroscopy,1
three_dimensional_substrate,1
neural_cell,1
electrospun_scaffold,1
neural_tissue_engineering,1
tissue_development,1
climatology,1
social_impact,1
severe_acute_respiratory_syndrome,1
pollution_effect,1
leachates,1
real_liquor,1
parasitic_reaction,1
ni_cd_battery,1
overpotential,1
co[sbnd]ni_alloy,1
ni_content,1
nickel_alloy,1
ni_alloy,1
positive_electrode,1
sugar_substitute,1
current_density,1
nickel_cadmium_battery,1
three_dimensional_computer_graphic,1
sketching_application,1
terrain_modeling,1
architecture,1
co_located_collaboration_setting,1
sketchings,1
"computers,_handheld",1
co_located_collaboration,1
novice_user,1
landforms,1
modeling_architecture,1
animation,1
terrain_modeling_architecture,1
heterogeneous_mobile_device,1
personal_digital_assistant,1
augmented_reality,1
ruthenium,1
fundamental_study,1
catalytic_functionality,1
other_property,1
high_activity,1
c_o_cleavage,1
ruthenium_compound,1
ru_catalyst,1
oxygen_vacancy,1
revalorization,1
environmental_policy,1
guatemala_[guatemala_],1
emission_control,1
deforestation,1
land_use/cover_change,1
explanatory_variable,1
land_management,1
business_as_usual,1
usumacintum_watershed,1
carbon_sequestration,1
poverty_alleviation,1
harvest,1
reduce_deforestation_and_degradation,1
project_management,1
land_use,1
trans_boundary,1
carbon_emission,1
saba_protein,1
transcription_initiation,1
ferric_uptake_regulator,1
soft_agar_motility_assay,1
oleic_acid,1
flab,1
cytotoxin,1
immunodiffusion,1
salmonella_enterica,1
vibrio_cholerae,1
flagellin,1
regulator_gene,1
chey,1
urease,1
arsr,1
bacterial_colonization,1
cagl,1
peptidoglycan,1
cagm,1
vaca,1
type_iv_secretion_system,1
cell_adhesion_assay,1
helicobacter_infection,1
linoleic_acid,1
oligonucleotide,1
ag_cell_line,1
fluorescence_analysis,1
mycobacterium_tuberculosis,1
crdr,1
toxin,1
hspr,1
flgr,1
mray,1
linolenic_acid,1
hsra,1
nikr,1
migration,1
hup,1
south_america,1
vampyrum_spectrum,1
temporal_distribution,1
north_america,1
phyllostomidae,1
"calorimetry,_differential_scanning",1
sorption/desorption,1
esterification,1
guggenheim_anderson_de_boer_model,1
gelatinisation,1
water_sorption,1
succinic_anhydride,1
sorption_isotherm,1
gelatinization_degree,1
normal_corn_starch,1
sorption_characteristic,1
octenyl_succinic_anhydride_modified_starch,1
zea_may,1
phosphatidylserine,1
glycocalyx,1
spermatozoon_tail,1
cpg_island,1
breast_biopsy,1
menopause,1
cancer_tissue,1
tumor_gene,1
methylation,1
dna_isolation,1
ethylenedioxythiophenes,1
electrical_behavior,1
optical_bandgap,1
vapor_treatment,1
post_treatment,1
diketonate_complex,1
optical_band_gap,1
composite_film,1
poly_polystyrene_sulphonate,1
electronics_application,1
magnesium_compound,1
color_center,1
f_centers,1
tm_doped,1
thermodynamic_stability,1
gamma_photon,1
radiosensitivity,1
phosphorescence,1
fluoroperovskites,1
glow_curve,1
fluoroperovskite,1
thermal,1
gamma_radiation,1
thulium,1
potassium_compound,1
colour_center,1
perovskite,1
majorana,1
d_dimension,1
helium_like_ion,1
mass_effect,1
finite_mass_effect,1
rational_function,1
majoranum_solution,1
finite_mass,1
analyticity,1
coyote,1
temperate_deciduous_forest,1
fox,1
urocyon_cinereoargenteus,1
food_chain,1
competition,1
lagomorph,1
pelvic_girdle,1
telangiectasia,1
bull,1
limb_injury,1
calcification,1
jaundice,1
injury_severity,1
thoracic_limb,1
beef,1
bleeding,1
virus_transmission,1
wild,1
swine_disease,1
marsh,1
avian_influenza,1
influenza_in_bird,1
influenza_a_virus,1
poultry,1
duck,1
virus_strain,1
agricultural_land,1
dapsone,1
orthology,1
small_nuclear_ribonucleoprotein,1
specie_difference,1
guanosine_triphosphatase,1
eukaryote,1
ribosome_protein,1
elongation_factor,1
genetic_complementation,1
chimera,1
protein_family,1
gene_duplication,1
biogenesis,1
"evolution,_molecular",1
"ribosome_subunits,_large,_eukaryotic",1
alternative_splicing,1
molecular_evolution,1
eukaryota,1
"sbds_protein,_human",1
sequence_alignment,1
peptide_elongation_factor,1
genetic_conservation,1
alternative_rna_splicing,1
shwachman_bodian_diamond_syndrome_protein,1
pseudoeurycea_leprosa,1
salamandroidea,1
pseudoeurycea_robertsi,1
connectivity,1
landscape_structure,1
climate_effect,1
metabolic_equivalent,1
fat_free_mass,1
indirect_calorimetry,1
resting_energy_expenditure,1
nutritional_counseling,1
bibliometrics,1
publication,1
non_governmental_organization,1
inheritance,1
jaguar,1
legislation_and_jurisprudence,1
specie_distribution,1
yucatan,1
ecological_niche,1
yttrium_compound,1
phenomenological_description,1
trivalents,1
scientific_research,1
doped_oxide,1
cerium_compound,1
ligand_to_metal_charge_transfer,1
zirconium_compound,1
photo_luminescent_spectrum,1
charge_transfer_state,1
optical_absorption_spectrum,1
least_square_approximation,1
near_infrared_laser_application,1
near_infrared_laser,1
neodymium,1
cadmium_vanadate,1
vanadium_pentoxide,1
band_gap_energy,1
semiconductor_laser,1
saguinus_oedipus,1
saguinus_imperator,1
extinction_risk,1
conservation_planning,1
saguinus_leucopus,1
ecological_modeling,1
refugium,1
tertiary_care_center,1
anticonvulsant,1
phenytoin,1
epoxide_hydrolase,1
"drug_therapy,_combination",1
pregnane_x_receptor,1
epilepsy,1
personalized_medicine,1
precision_medicine,1
epoxide_hydrolases,1
treatment_outcome,1
hot_plate_test,1
experimental_ear_edema,1
"macrophages,_peritoneal",1
lipopolysaccharide,1
clonazepam,1
peritoneum_macrophage,1
asclepias,1
naloxone,1
licking,1
antiparasitic_activity,1
trimethylsilyl_derivative,1
asclepias_curassavica_extract,1
trypan_blue,1
motor_coordination,1
sedation,1
lipopolysaccharides,1
asclepias_curassavica,1
drug_activity,1
tramadol,1
exploratory_study,1
rate_acceleration,1
signal_averaging,1
deceleration,1
uterine_contraction,1
acceleration,1
moderate_premature_labor,1
foetal_heart_rate,1
autonomic_nervous,1
labor,1
"labor,_obstetric",1
acceleration_and_deceleration,1
phase_rectified_signal_averaging,1
neonatal_monitoring,1
multiscale_asymmetry,1
"heart_rate,_fetal",1
azotobacter_vinelandii,1
multiple_reaction_monitoring,1
parameter,1
sucrose_metabolism,1
respiratory_chain,1
flow_rate,1
ecuador,1
costa_rica,1
hair,1
drought,1
goat_breed,1
pasture,1
sociodemographics,1
dairy_goat,1
body_constitution,1
heart_right_ventricle_hypertrophy,1
pulmonary_arterial_hypertension,1
cold_temperature,1
pulmonary_hypertension,1
protein_rna_binding,1
cold,1
pulmonary_arterial_medial_wall_thickness,1
cold_exposure,1
arterial_wall_thickness,1
electronics_engineering,1
boost_converter,1
stored_energy,1
series_capacitor,1
industrial_electronics,1
design_method,1
input_current_ripple,1
harmonic_oscillator_brownian_motion,1
brownian_motion_across_a_magnetic_field,1
ornstein_uhlenbeck_process,1
langevin_equation,1
langevin,1
langevin_approach,1
fluctuating_force,1
ornstein_uhlenbeck_type_process,1
mechanical_stress,1
reversible_change,1
bistable_switch,1
single_crystal_and_powder,1
tetraphenylethylene,1
grinding,1
photophysical_study,1
bathochromic_shift,1
carbonic_acid,1
enamel,1
raman_spectrometry,1
micro_raman_spectroscopy,1
"spectrum_analysis,_raman",1
dental_fluorosis,1
diagnostic_value,1
"fluorosis,_dental",1
tooth,1
discriminant_analysis,1
carbonate,1
leukotrienes,1
raynaud_phenomenon,1
raynaud_disease,1
saliva_analysis,1
microscopic_angioscopy,1
nail,1
saliva,1
fatty_acid_analysis,1
clinical_examination,1
pathogen,1
angioscopy,1
scleroderma,1
"scleroderma,_systemic",1
capillaroscopy,1
leukotriene,1
vitrification,1
"protein_conformation,_beta_strand",1
water_absorption,1
water_structure,1
cooking,1
sheet_structure,1
chickpea,1
semolina,1
cicer,1
thiol,1
starch_structure,1
gluten_free_pasta,1
beta_sheet,1
triticum_durum,1
plant_protein,1
lipoprotein_receptor,1
"receptors,_lipoprotein",1
hypertriglyceridemia,1
hyperlipoproteinemia_type_iv,1
angiopoietin_like_protein,1
apolipoprotein_a_v,1
dyslipidemia,1
apolipoprotein_a_ii,1
apolipoproteins_b,1
triglyceride,1
apolipoprotein_c_ii,1
"lpl_protein,_human",1
lpl_gene,1
familial_disease,1
lipoprotein_lipase,1
angiopoietin_related_protein,1
protein_homeostasis,1
biochemical_analysis,1
fibroblast_growth_factor,1
regulator_protein,1
apolipoprotein_b,1
cellular_immunity,1
hispanic_american,1
helper_cell,1
cytotoxic_lymphocyte,1
dash_diet,1
lymphocyte_subpopulation,1
waist_circumference,1
dietary_pattern,1
"immunity,_cellular",1
dietary_approach_to_stop_hypertension,1
low_density_lipoprotein_cholesterol,1
metabolic_parameter,1
intra_abdominal_fat,1
glucose_metabolism,1
amorphizations,1
pyridine_ligand,1
irreversible_transition,1
total_loss,1
crystal_field_theory,1
coordination_geometry,1
amorphization,1
axial_position,1
amorphous_phasis,1
monocrystalline,1
base_isolation,1
soil_structure_interaction_effect,1
seismic_isolation,1
foundation,1
seismic_protection,1
flexible_foundation,1
mexico_[mexico_],1
fixed_base,1
site_response,1
site_response_spectrum,1
short_period,1
response_spectrum,1
soil_structure_interaction,1
conducting_polymer_hydrogel,1
hydrotropic_agent,1
capacitance_retention,1
solid_electrolyte,1
synthesis_method,1
hydrotropes,1
enhanced_conductivity,1
supercapacitor,1
doping_mechanism,1
capacitance,1
polymer_hydrogel,1
technical_requirement,1
environmental_regulation,1
building_material,1
cradle_to_handover,1
interior_partition,1
interior_wall,1
multi_layers,1
constructive_system,1
partition_wall,1
residential_sector,1
environmental_performance,1
research_analysis,1
corrosion_resistance,1
diffusion_annealing,1
exposed_to,1
pack_boriding,1
boride_layer,1
cocrmo_alloy,1
corrosion_susceptibility,1
diffusion_annealing_process,1
hank_solution,1
cobalt_boride,1
visible_luminescence,1
correlated_color_temperature,1
color_purity,1
lightemitting_diode,1
light_emitting_diode,1
fluorescence_trait,1
orange_light_emitting_diode,1
citizenship,1
lupinus_campestris,1
root_colonization,1
cerdia,1
pleosporales,1
pioneer_specie,1
tagetes_lunulata,1
asphodelus_fistulosus,1
pennisetum_villosum,1
alternaria,1
cortaderia_selloana,1
agricultural_emission,1
endophytes,1
endophyte,1
high_education,1
educational_innovation,1
e_learning,1
educational_practice,1
manager,1
c,1
engineering_education,1
three_dimension,1
school_culture,1
educational_system,1
chaperonin,1
chaperonins,1
dentigerous_cyst,1
cardiovascular_function,1
neiguan_acupoint,1
faintness,1
orthostatic_stress,1
cardiovascular_response,1
mean_arterial_pressure,1
heart_left_ventricle_ejection_time,1
paper_analysis,1
de_boer,1
ellipsoidal_pore,1
geometrical_feature,1
instability_characteristic,1
adsorbed_layer,1
capillary_condensation,1
allee_effect,1
tumour_cell,1
immunoediting,1
system_component,1
bautin_bifurcation,1
numerical_continuation,1
cancer_model,1
immune_model,1
pixel,1
topography,1
unmanned_vehicle,1
soil_erosion_modeling,1
lower_resolution,1
soil_erosion,1
discharge,1
unmanned_aerial_vehicle,1
soil_loss,1
image_resolution,1
model_resolution,1
erosion,1
digital_terrain_model,1
resampling,1
rain_gage,1
food,1
residence_characteristic,1
acquired_immune_deficiency_syndrome,1
communicable_disease,1
nutritional_disorder,1
clinical_outcome,1
neoplasm,1
national_mortality,1
socioeconomic_development,1
maternal_death,1
transport_injury,1
adolescent_death,1
regional_mortality,1
automutilation,1
asia,1
non_communicable_disease,1
conflict,1
interpersonal_violence,1
year_of_potential_life_lost,1
maternal_disease,1
global_mortality,1
sexually_transmitted_disease,1
acetonitrile,1
carbohydrate_synthesis,1
glycosylation,1
reaction_system,1
biocatalysis,1
fucosylation,1
optimum_condition,1
dimethyl_sulfoxide,1
reaction_medium,1
trans_glycosylation_activity,1
transglycosylation_reaction,1
transglycosylation,1
von_frey_test,1
amantadine,1
nociception,1
acute_drug_administration,1
nerve_cell_excitability,1
paracetamol,1
hypersensitivity,1
benzathine_penicillin,1
long_term_care,1
drug_dose_increase,1
chronic_drug_administration,1
thoracic_vertebra,1
paw_withdrawal_threshold,1
pharmaceutical_preparation,1
polarizing_power,1
non_aqueous_system,1
galvanostatics,1
open_framework_structure,1
technology_based,1
li_+,1
structural_interaction,1
indium,1
interaction_phenomenon,1
ion_battery,1
hexacyanoferrates,1
phagocytosis,1
histocompatibility_antigen_class_i,1
regulatory_mechanism,1
primary_cell_culture,1
cellular_senescence,1
calreticulin,1
calretinin,1
mlf_cell_line,1
demethylation,1
phenol_production,1
acid_strength,1
titania_content,1
coke_precursor,1
high_temperature_engineering,1
sulfur_iodine_cycle,1
nuclear_power_plant,1
cogeneration_plant,1
atomic_energy_agency,1
nuclear_fuel,1
internal_heat_exchanger,1
power_conversion_system,1
simulator,1
helium_gas_turbine,1
gas_cooled_reactor,1
high_temperature_engineering_test_reactor,1
zero_dimensional_model,1
nuclear_energy,1
heat_exchanger,1
dynamic_simulator,1
high_temperature_gas_reactor,1
solid,1
protein_immobilization,1
sepharose,1
egg_white,1
rational_design_of_immobilized_derivative,1
soil_mechanic,1
long_water_wave,1
shear_modulus,1
liquefaction,1
water_wave,1
vertical_displacement,1
physical_parameter,1
horizontal_displacement,1
pore_pressure,1
soil_liquefaction,1
governing_equation,1
eigenvalue_problem,1
stratified_fluid,1
poroelasticity,1
poroelastic_soil,1
cell_phone,1
chemical_inhibitor,1
selective_recovery,1
citrate_phosphate,1
polychlorinated_biphenyls,1
eco_friendly,1
electronic_waste,1
ph_effect,1
ammonium_phosphate,1
sodium_citrate,1
metallic_surface,1
corrosive_effect,1
low_concentration,1
corrosion_resistant_coating,1
cast_iron,1
grey_cast_iron,1
fourier_transformed_infrared_spectroscopy,1
gray_cast_iron,1
synergic_effect,1
genetic_procedure,1
coumaric_acid,1
ferulic_acid,1
biosensing_technique,1
dead_box_rna_helicases,1
ribonuclease_e,1
"hfq_protein,_e_coli",1
helicase,1
dna_sequencing,1
rna_degradosome,1
dead_box_protein,1
bacterial_rna,1
half_life_time,1
protein_localization,1
escherichia_coli_protein,1
rna_stability,1
housekeeping,1
environmental_change,1
"rna,_bacterial",1
rna_degradation,1
"rhlb_protein,_e_coli",1
endoribonucleases,1
ribosomal_subunit,1
ribonuclease,1
multienzyme_complex,1
outflow_boundary_condition,1
engineering_application,1
three_space_dimension,1
streamline_curvature,1
helically_coiled_pipe,1
critical_value,1
ionization,1
electron_correlation_effect,1
hartree_fock_energy,1
plasma_theory,1
finite_element_grid,1
molecular_physic,1
finite_element_analysis,1
electron_correlation_energy,1
ionization_threshold,1
crystallographic_orientation,1
martensitic_transformation,1
simple_cubic_symmetry,1
pattern_characteristic,1
chiral_liquid_crystal,1
characteristic_length,1
orientational_order_parameter,1
argentina_elongata,1
proales,1
endangered_specie,1
atherinidae,1
chirostoma_estor,1
aquaculture_system,1
invertebrate,1
brachionus_ibericus,1
fiber_optic,1
supercontinuum_spectrum,1
symmetrized_split_step_fourier_method,1
non_linear_response,1
ultrafast_laser,1
high_order_dispersion,1
split_step_fourier_method,1
electromagnetic_pulse,1
step_size_control,1
femtosecond_pulse_propagation,1
formaldehyde,1
high_fructose_diet,1
protein_secretion,1
complementary_dna,1
fructose,1
hormone_release,1
adipogenesis,1
famine,1
suspended_particulate_matter,1
aerobic_granular_sludge,1
oxic_condition,1
volatile_suspended_solid,1
sequencing_batch_reactor,1
famine_phase_length,1
settling_velocity,1
sludge_volume_index,1
organic_loading_rate,1
biodegradability,1
substrate_uptake,1
environmental_parameter,1
degranulation,1
granular_sludge,1
activated_sludge_process,1
mixed_integer_problem,1
process_system_engineering,1
epsilon_constrained_method,1
engineering_optimization_problem,1
constrained_optimization,1
constraint_handling_technique,1
process_engineering,1
engineering_problem,1
differential_evolution_algorithm,1
benzene,1
consecutive_reaction,1
palladium_nanoparticles,1
homogeneous_catalyst,1
catalytic_evaluation,1
colloidal_aggregation,1
catalyst_preparation,1
sonogashira_reaction,1
alkaline_condition,1
methylene_blue_adsorption,1
solvothermal,1
methylene_blue,1
solvothermal_synthesis,1
alkalines,1
fetal_development,1
short_term,1
cardiac_coupling,1
symbolic_dynamic,1
maternal_fetal_interaction,1
human_labor,1
physiological_process,1
childbirth,1
joint_symbolic_dynamic,1
third_trimester_pregnancy,1
mother_fetus_relationship,1
brownian_particle,1
effective_diffusivities,1
particle_diffusion,1
approximate_analytical_expression,1
orthogonal_design,1
mole_ratio,1
red_phosphor,1
calcite,1
red_emission,1
domain_wall,1
dynamic_equation,1
nanoparticle_concentration,1
nanoparticles_self_assembly,1
lag_period,1
phase_separation_sorting,1
two_dimensions,1
conserved_and_nonconserved_field,1
model_c,1
gold_nanoparticles,1
order_parameter,1
united_atom_model,1
ionic_conductivity,1
hydrocarbon_group,1
ionic_liquid,1
negative_ion,1
clustering_algorithm,1
polarizable_force_field,1
room_temperature_ionic_liquid,1
clustering_process,1
dmf_index,1
overweight,1
natalidae,1
population_genetics,1
natalus,1
habitat_fragmentation,1
gene_flow,1
two_parameter,1
efficient_power,1
maximum_efficiency,1
carnot_cycle,1
characteristic_value,1
comparative_performance_analysis,1
ecological_function,1
maximum_power,1
thermal_cycling,1
palmitic_acid_ethyl_ester,1
antimycobacterial_agent,1
cleoserrata_serrata_extract,1
acid_hydrolysis,1
gamma_sitosterol,1
antibacterial_activity,1
cleomaceae,1
kaempferol,1
cleoserrata_serrata,1
phytol_acetate,1
leishmanicidal_activity,1
polyphenol,1
phytol,1
"histiocytosis,_langerhans_cell",1
hard_palate,1
gingiva,1
multidisciplinary_team,1
langerhans_cell_histiocytosis,1
soft_tissue,1
protein_solubility,1
vitro_starch_digestibility,1
schiff_base_ligand,1
suzuki_miyaura_coupling,1
symmetrics,1
bond_formation,1
non_symmetric_pincer_complex,1
schiff_base,1
temperature_difference,1
cylindrical_heat_source,1
counter_rotating_vortex,1
smoothed_particle_hydrodynamics_model,1
maximum_flow_velocity,1
root_mean_square_error,1
solar_energy,1
solar_thermochemical_process,1
endothermic_reaction,1
impregnation_process,1
hydrogen_fuel,1
thermo_chemical_process,1
thermal_performance,1
thermophysical_characterization,1
solar_thermal_conversion,1
droplet_coalescence,1
high_methoxyl_pectin,1
natural_ingredient,1
rheological_property,1
integrability,1
time_evolution,1
driving_frequency,1
parameter_regime,1
longitudinal_magnetic_field,1
two_point_function,1
transverse_magnetic_field,1
cell_division,1
microfilament,1
oocyte_vitrification,1
sperm,1
actin_filament,1
cellular_distribution,1
biochemical_characterization,1
risk_to_consumer,1
bacteriocins,1
food_microbiology,1
heat_resistance,1
lactobacillus,1
bacteriocin,1
food_control,1
spoilage,1
spoilage_microorganism,1
health_risk,1
antibacterial_protein,1
azospirillum_brasilense,1
dry_mass,1
respirometry,1
laboratory,1
industrial_microbiology,1
scale_up,1
theoretical_model,1
unicellular_microorganism,1
aerobic_metabolism,1
dimensionless_number,1
intermittent_mixing,1
"models,_theoretical",1
controlled_condition,1
bacterial_viability,1
comparative_genomic_hybridization,1
terrestrial_specie,1
siderophore,1
indole,1
saccharomonospora,1
nonribosomal_peptide_synthetase,1
gene_cluster,1
dna_dna_hybridization,1
polyketide_synthase,1
ectoine,1
genome_analysis,1
homoserine,1
phylogenetic_tree,1
nocardia_brasiliensis,1
balance_diagram,1
hardness_measurement,1
phase,1
phase_present,1
scanning_electron,1
white_zone,1
neurodegenerative_disease,1
magnetic_resonance,1
cognitive_defect,1
diffusion_weighted_magnetic_resonance,1
classification_performance,1
alzheimers_disease,1
modal_analysis,1
cognitive_dysfunction,1
multimodal_analysis,1
neurodegenerative_disorder,1
receiver_operating_characteristic_curve,1
superoxide_anion_radical,1
super_oxide_dismutase,1
structural_similarity,1
crystallographic_study,1
scavenging_activity,1
electron_deficient,1
counteranion_effect,1
fractal_parameter,1
different_time_scale,1
superficial_velocity,1
multi_phase_system,1
complex_time_series,1
pipeline,1
flow_pattern_identification,1
petroleum_transportation,1
motion_tracking,1
linear_dynamical_system,1
vibration_analysis,1
on_line_parameter_estimation,1
vibration_control,1
signal_analysis,1
active_vibration_control,1
dc_motor,1
harmonic_disturbance,1
accurate_estimation,1
engineering_system,1
uncertain_parameter,1
water_supply,1
trachinotus_falcatus,1
water_quality_index,1
criterion_continuous_concentration,1
agro_industrial_waste,1
municipal_waste,1
amplitude_modulation,1
conductance,1
water_quality,1
covalent_bond,1
agricultural_activity,1
stereochemistry,1
environmental_stress,1
multivariant_analysis,1
multivariate_statistical_technique,1
runoff,1
human_activity,1
lake,1
lake_chapala,1
multivariate_technique,1
agro_industrial_effluent,1
descriptive_statistic,1
correspondence_analysis,1
water_hardness,1
humic_acid,1
differential_pulse_polarography,1
ionic_strength,1
monitoring_and_assessment,1
ex_smoker,1
adolescent_smoking,1
tobacco_use,1
sex_factor,1
quality_adjusted_life_year,1
disability_adjusted_life_year,1
current_smoker,1
cigarette_smoking,1
sequential_batch,1
equilibrium_constant,1
phytotoxicity_assay,1
batch_process,1
l_fusiformis,1
batch_culture,1
saturation_concentration,1
diuron,1
acclimatisation,1
lactuca_sativa,1
lysinibacillus_fusiformis,1
lettuce,1
dechlorination,1
bacillaceae,1
biosorption_diuron,1
langmuir_and_freundlich_isotherm,1
acclimation,1
lysinibacillus,1
biosorption,1
biomass_yield,1
phytotoxicity,1
liquid_culture,1
chloride_ion,1
human_immunodeficiency_virus_antibody,1
hiv_infection,1
mauritania,1
human_immunodeficiency_virus_prevalence,1
human_immunodeficiency_virus_infected_patient,1
mozambique,1
anti_human_immunodeficiency_virus_agent,1
anti_hiv_agent,1
prenatal_care,1
hiv_antibody,1
"africa,_northern",1
lesotho,1
africa,1
health_care_planning,1
particle_position,1
pressure_equalization,1
optimal_partitioning,1
engine,1
computing_fundamental,1
critical_number,1
work_extraction,1
asymptotic_value,1
statistical_physic,1
liquid_medium,1
colloidal_interaction,1
optical_tweezer,1
advanced_application,1
cell_mechanic,1
microrheology,1
cutting_edge,1
single_molecule,1
calibration_technique,1
single_cell,1
periodic_solution,1
reaction_diffusion_model,1
control_parameter,1
two_dimensional_space,1
linear_stability_analysis,1
voltage_level,1
active_network,1
dynamical_evolution,1
quantitative_agreement,1
ordinary_differential_equation,1
electrocatalysis,1
different_treatment,1
light_source,1
tin_oxide,1
photo_electrocatalysis,1
semiconducting_bismuth_compound,1
photoelectrochemical_performance,1
photocurrents,1
mott_schottky_plot,1
fluorine_doped_tin_oxide,1
temperature_sensor,1
heterogeneous_reactor,1
temperature_measurement,1
tubular_reactor,1
cascade_control_system,1
external_perturbation,1
sensitive_zone,1
reactor_modeling,1
axial_dispersion,1
cascade_controller,1
total_organic_carbon_removal,1
photocatalytic_membrane_reactor,1
pseudo_first_order,1
apparent_kinetics,1
rate_constant,1
electroosmosis,1
reaction_condition,1
photo_fenton_process,1
permeation,1
optimal_operation,1
stationary_state,1
metastability,1
probability_density_function,1
continuous_bioreactors,1
haldane_kinetics,1
nonlinear_stochastic_dynamic,1
information_theoretic_measure,1
nuclear_charge,1
field_strength,1
hydrogenic_system,1
external_electric_field,1
radiative_transfer,1
recalcitrant_organic_pollutant,1
reaction_rate,1
photocatalytic_application,1
differential_reaction,1
photocatalytic_process,1
photocatalytic_reactor,1
mass_transfer_analysis,1
experimental_methodology,1
catalyst_concentration,1
sdrc_gene,1
periodontitis,1
ebps_gene,1
staphylococcal_infection,1
"drug_resistance,_multiple,_bacterial",1
gingivitis,1
cefepime,1
sdrd_gene,1
pulsed_field_gel_electrophoresis,1
sdre_gene,1
fnbb_gene,1
penicillin_derivative,1
multidrug_resistance,1
erythromycin,1
fnba_gene,1
dicloxacillin,1
disk_diffusion_antimicrobial_test,1
"antigens,_bacterial",1
"electrophoresis,_gel,_pulsed_field",1
cna_gene,1
clfb_gene,1
methicillin_resistant_staphylococcus_aureus,1
streptococcal_protective_antigen,1
staphylococcus_infection,1
levofloxacin,1
bbp_gene,1
icaab_gene,1
map_eap_gene,1
kirby_bauer_method,1
coenzyme_a,1
bacterial_antigen,1
"adhesins,_bacterial",1
restriction_fragment,1
spa_gene,1
meticillin,1
methomyl,1
nuclear_bud,1
binucleated_cell,1
prescription,1
cell_degeneration,1
tail_intensity,1
dimethoate,1
pyknosis,1
dimpylate,1
methamidophos,1
karyolysis,1
smoking_habit,1
mucosa_cell,1
carbofuran,1
cholinesterase,1
dicofol,1
oxamyl,1
comet_assay,1
chromosome_analysis,1
maneb,1
karyorrhexis,1
michoacan,1
paraquat,1
cyhalothrin,1
tail_moment,1
chromatin_condensation,1
cytogenetic_analysis,1
cyfluthrin,1
malathion,1
micronucleus_test,1
aldrin,1
cytokinesis,1
bifenthrin,1
occupational_exposure,1
cheek_cell,1
acephate,1
cellular_parameter,1
cytogenetics,1
azinphos_methyl,1
confounding_variable,1
suspension_culture,1
municipal_wastewater_treatment,1
electric_capacitance,1
in__situ_monitoring,1
bacterium_adherence,1
microbial_biomass,1
ureolysis,1
maturation,1
straight_forward_method,1
suspension_cell_culture,1
enrichment_culture,1
reference_electrode,1
biofilters,1
lysis,1
operon,1
halomonas,1
bacterial_genome,1
marine_bacterium,1
type_strain,1
ribosome_rna,1
halomonas_venusta,1
transfer_rna,1
continuous_time_markov_chain,1
point_of_interest,1
stochastic_simulation,1
basin_of_attraction,1
continuous_time_system,1
minimal_interaction,1
minimum_model,1
human_immune_system,1
dinuclear,1
organotin_compound,1
macrocyclics,1
metallum_macrocyclic_chemistry,1
self_assembly_with_dinuclear_building_block,1
coordination_reaction,1
inorganic_compound,1
dosy_nmr,1
nmr_spectroscopy,1
dosy_nmr_spectroscopy,1
tin_metallography,1
hydrotalcite_type,1
photogenerated_hole,1
triethanolamine,1
photo_catalytic_degradation,1
rhodamine_b,1
simulated_solar_light,1
superoxide_radical,1
electron_electron_correlation,1
plasma_electron_density,1
screening_model,1
correlation_effect,1
ionization_limit,1
cross_sectional_area,1
commercial_software,1
brunaue–emmett–teller_model,1
probe_molecule_cross_sectional_area,1
geometrical_surface,1
true_surface_area,1
aluminosilicates,1
brunauer_emmett_teller,1
invariant_manifold,1
collision_orbit,1
astrophysics,1
celestial_mechanic,1
transversality,1
equilibrium_point,1
hamiltonian_system,1
heteroclinic_connection,1
two_degree_of_freedom,1
"receptors,_glycine",1
"receptors,_tumor_necrosis_factor,_type_ii",1
"rna,_small_interfering",1
tumor_necrosis_factor_alpha_receptor,1
nf_kappa_b,1
adipocytokine,1
"adipoq_protein,_mouse",1
glycine,1
adipocytes,1
"receptors,_tumor_necrosis_factor,_type_i",1
glycine_receptor_beta,1
glycine_receptor,1
plastic_recycling,1
polyacrylonitrile,1
beach_sediment,1
commercial_fish,1
microplastic_pollution,1
microplastic,1
polyvinyl_chloride,1
polyvinylchloride,1
sea,1
commercial_specie,1
seashore,1
urban_transportation,1
microplastics,1
urban_estuary,1
pollution_monitoring,1
tourism,1
polyamide,1
food_web,1
polyethylene_terephthalate,1
wet_season,1
environmental_matrix,1
demand_analysis,1
anthropogenic_source,1
estuarine_environment,1
nylon,1
polycarbonate,1
sem_eds,1
spatial_variation,1
methane_production,1
methane_yield,1
anaerobic_sequencing_batch_reactor,1
microalgal_biomass,1
organic_load,1
microalga,1
whey,1
particulate_fraction,1
methane_content,1
transient_analysis,1
transient_stability_analysis,1
electric_machine_theory,1
high_temperature_superconducting,1
high_temperature_superconductors,1
three_phase_short_circuit,1
modelling_framework,1
electric_generator,1
superconducting_coil,1
lumped_parameter_modeling,1
conventional_machine,1
lumped_parameter_network,1
electric_power_transmission_network,1
wind_generator_system,1
initial_structure,1
functional_group,1
electron_transfer,1
catechol_methyltransferase,1
bond_dissociation_energy,1
neuroprotective_agent,1
computer_assisted,1
para_coumaric_acid,1
drug_protein_binding,1
pka,1
transfer_mechanism,1
electron_transport,1
cholesterol_liver_level,1
tgf_beta_signaling,1
growth_factor,1
diet_induced_obesity,1
hepatocellular_carcinoma_cell_line,1
overall_survival,1
liver_fibrosis,1
tumor_vascularization,1
cholesterol_diet,1
jak_stat_signaling,1
cancer_prognosis,1
western_diet,1
liver_carcinogenesis,1
deposition,1
thin_films,1
chemical_bath_deposition,1
chemical_bath,1
thioureas,1
stability_diagram,1
iv_vi_semiconductor,1
semiconducting_tin_compound,1
citrate_precursor,1
equilibrium_chemical,1
thin_film_deposition,1
energy_correction,1
muonic_hydrogen,1
confinement_model,1
negative_muon,1
first_order_perturbation_theory,1
high_compression,1
dinger_equation,1
perturbation_technique,1
sustainability,1
index_method,1
mixteca_baja,1
goat,1
organic_farming,1
poblana,1
compliance,1
puebla,1
farm,1
cardiolipin_antibody,1
phospholipid_antibody,1
azathioprine,1
methotrexate,1
prednisone,1
mycophenolic_acid,1
immunoglobulin_m,1
hydroxymethylglutaryl_coenzyme_a_reductase_inhibitor,1
antiphospholipid_syndrome,1
"antibodies,_antiphospholipid",1
bond_strength,1
di_peptides,1
linear_correlation,1
hydrogen_bond_network,1
static_dipole_polarizabilities,1
plasma_screening_effect,1
generalized_oscillator_strength,1
excitation_energy,1
electronic_ground_state,1
mean_excitation_energy,1
electronic_stopping_cross_section,1
dipole_polarizabilities,1
environmental_condition,1
womens_status,1
gender_disparity,1
transportation_development,1
gender_role,1
public_transport,1
convective_transport,1
blending,1
bovine_serum_albumin,1
amphiphilic_block_copolymer,1
ethyl_methacrylates,1
surface_segregation,1
hemodiafiltration,1
phema,1
contact_angle,1
amphiphilic_co_polymers,1
antifouling_property,1
block_copolymer,1
cell_culture_substrate,1
surface_modified,1
fibrous_scaffold,1
pancreatic_beta_cell,1
fiber,1
degree_of_crystallinity,1
average_fiber_diameter,1
polyhydroxybutyrate,1
electrospun_fiber,1
mechanical_polishing,1
electroactive_surface,1
non_alcoholic_beverage,1
alcoholic_beverage,1
torpedo,1
cage_compound,1
ladder_structure,1
hydrolysis_reaction,1
trinuclear,1
organotins,1
ladder,1
co_crystals,1
virus_detection,1
specie_coexistence,1
rural_population,1
vampire_bat,1
desmodus_rotundus,1
urbanization,1
maternal_welfare,1
complementary_feeding,1
child_growth,1
social_status,1
pregnancy_outcome,1
oman,1
united_arab_emirate,1
saudi_arabia,1
kuwait,1
bahrain,1
flavone,1
tillandsia_usneoides,1
tillandsia_usneoides_extract,1
tillandsia,1
flavone_derivative,1
glucose_tolerance_test,1
desorption_behavior,1
mesoporous_support,1
physicochemical_feature,1
reference_catalyst,1
spectroscopic_technique,1
cerium_oxide,1
wet_impregnation_method,1
fourier_transform_infrared,1
aortic_valve_calcification,1
oscillometry,1
sympathetic_function,1
heart_function,1
qrs_complex,1
aortic_valve_stenosis,1
parasympathetic_tone,1
rr_interval,1
transthoracic_echocardiography,1
autonomic_nervous_system_function,1
kolmogorov_smirnov_test,1
energy_dispersive_x_ray_analysis,1
total_solid,1
alginate,1
calcium_alginate,1
xerogels,1
amorphous_structure,1
starch_chain,1
layered_structure,1
ftir_analysis,1
biogeography,1
gastrointestinal_microbiome,1
bacterial_structure,1
biological_variation,1
"biological_variation,_individual",1
stomach_mucus,1
colon,1
infancy,1
metagenomics,1
microbial_population_dynamic,1
molecular_pathology,1
datasets_a_topic,1
salivary_gland_neoplasm,1
salivary_gland_tumor,1
pichia,1
benzofuran,1
benzofuran_derivative,1
antifungal_agent,1
diaryl_ketone,1
isopropyl_group,1
benzothiazole_derivative,1
active_compound,1
boronic_acid_derivative,1
pocop_pincer_complex,1
single_crystal_x_ray_diffraction_analysis,1
benzaldehyde_derivative,1
steric_property,1
efficient_catalyst,1
quantum_oscillator,1
higher_order_moment,1
higher_order_correlation,1
continuous_variable,1
statistical_correlation,1
interparticle_potential,1
radio,1
multiresolution_analysis,1
probability_of_success,1
software_radio,1
signal_to_noise_ratio,1
cognitive_radio,1
impulse_noise,1
higuchi_fractal_dimension,1
vinylphenol,1
software_defined_radio,1
real_time_control,1
detail_coefficient,1
multi_band_spectrum,1
real_time_implementation,1
sudden_change,1
primary_user,1
edge_detection,1
fractal_dimension,1
co_evolutionary_process,1
causal_relationship,1
digital_storage,1
number_of_factor,1
out_of_equilibrium,1
multi_dimensional,1
annual_time_series,1
structural_transformation,1
system_dynamic_model,1
economic_analysis,1
gene_regulatory_network,1
compartment_model,1
antirheumatic_agent,1
deposition_precipitation,1
tomentin,1
sphaeralcic_acid,1
firmicutes,1
immunomodulation,1
malvaceae,1
plant_medicinal_product,1
advanced_cancer,1
sphaeralcea_angustifolia_extract,1
sphaeralcea_angustifolia,1
hydrophobic_interaction,1
long_range_repulsive_interaction,1
volatile_composition,1
short_range_attraction,1
sedimentation_rate,1
mesoporous_silica_nanoparticles,1
volatile_profile,1
α__terpineol,1
structure_and_dynamic,1
hydrophobic_particle,1
hydrophobic_solvent,1
multifunctional_nanoparticle,1
orientation_dependent,1
amphophile,1
effective_interaction,1
enterococcus_faecalis,1
soybean,1
vortex_motion,1
goat_milk,1
vinorelbine_tartrate,1
yellow_laser,1
tumor_invasion,1
yellow_emission,1
nonradiative_energy_transfer,1
lifetime_data,1
dysprosium,1
energy_transfer_efficiency,1
phosphor_application,1
spectroscopic_parameter,1
electromagnetic_wave_propagation,1
luminescent_glass,1
polymerase_chain_reaction_restriction_fragment_length_polymorphism,1
lactobacillus_rhamnosus,1
samarium,1
corynebacterium_lactis,1
two_photon_absorption_spectrum,1
transition_dipole_moment,1
computational_result,1
two_photon_process,1
oscillator_strength,1
excited_electronic_state,1
two_photon_absorption,1
vibrational_coupling,1
electronic_state,1
two_photon_excitation,1
absorption_spectrum,1
absorption_spectroscopy,1
e_+s_+c_optical_band_amplifier,1
saccharomyces_carlsbergensis,1
near_infrared_emission,1
cancer_radiotherapy,1
pan_troglodyte,1
chlorocebus,1
papio_anubis,1
cebu,1
ateles_geoffroyi,1
macaca,1
fruit_consumption,1
gorilla_gorilla,1
feeding_ecology,1
alouatta_caraya,1
pan_paniscus,1
food_availability,1
well_defined_nanoparticles,1
alouatta,1
fermented_product,1
vacuum,1
experimental_value,1
atomic_physic,1
hexadecyl_trimethyl_ammonium_bromide,1
synthetic_water,1
mesoporous_nanoparticle,1
targeted_drug_delivery,1
resource_efficient,1
glioblastoma_cell,1
molecular_characterization,1
beer,1
photobiore_actor,1
synthesized_material,1
adsorption_efficiency,1
nano_scale,1
bioproducts,1
bioeconomy,1
urea_method,1
photoelectrochemical_characterization,1
composite_structure,1
photocatalysts,1
primary_energy_source,1
hydrogen_production_rate,1
structural_characterization,1
chemical_precipitation,1
photogenerated_charge,1
partial_transformation,1
interface_state,1
zno@tio,1
softening_bar,1
continuum_damage_mechanic,1
pregnancy_in_adolescence,1
close_form_solution,1
fracture_energy,1
adolescent_behavior,1
continuum_damage_model,1
strain_localization_problem,1
continuum_damage,1
embedded_discontinuity_model,1
constitutive_model,1
binge_eating_disorder,1
venous_blood,1
lymphocyte_antigen,1
systemic_lupus_erythematosus,1
density_gradient_centrifugation,1
adolescent_pregnancy,1
urea_nitrogen_blood_level,1
forced_vital_capacity,1
maternal_behavior,1
nephritis,1
myxovirus_resistance_protein_a,1
tea,1
corrosive_solution,1
epicatechin_gallate,1
genetic_polymorphism,1
metallic_material,1
bronze,1
mini_mental_state_examination,1
stratification,1
quantum_mechanical_calculation,1
two_dimensional_model,1
effective_potential,1
molecular_interaction_model,1
mthfr_gene,1
molecular_parameter,1
molecular_interaction,1
liquid_solid_transition,1
phase_equilibrium,1
predictive_capacity,1
eustoma_grandiflorum,1
unified_parkinson_disease_rating_scale,1
immobilized_microorganism,1
conventional_treatment,1
parallel_plate_reactor,1
fractional_correlation,1
biological_treatment,1
activated_carbon_treatment,1
chemical_treatment,1
removal_efficiency,1
reclamation,1
fractional_fluctuation–dissipation,1
ozone,1
electrochemical_process,1
olefin,1
fluctuation_dissipation,1
reaction_pathway,1
aerobic_oxidation,1
nanoclusters,1
allylic_oxidation,1
catalytic_reaction,1
gold_metallography,1
reaction_product,1
gold_nanoclusters,1
oxidation_reaction,1
ordered_mesoporous_material,1
ammonium_chloride,1
nanocatalysts,1
magnetic_response,1
silicon_based_nanostructures,1
lithium,1
chemical_bonding,1
aromatization,1
aromaticities,1
electron_counting,1
aromatic_unit,1
aromatic_cluster,1
silicon_compound,1
triazole_derivative,1
ammonium_concentration,1
benzotriazole_derivative,1
ammonium_oxidizing_bacteria,1
aquatic_environment,1
sludge,1
ammonium_monooxygenase,1
unspecific_monooxygenase,1
fractional_density,1
fractional_fluctuation,1
thiourea_derivative,1
waste_component_removal,1
linear_viscoelasticity,1
heterotrophy,1
nitrifying_bacterium,1
benzotriazoles,1
viscoelasticity,1
nitrification_process,1
co_metabolism,1
fractional_transport_equation,1
benzotriazole,1
non_equilibrium,1
correlation_function,1
specific_inhibitor,1
triazoles,1
inhibitory_effect,1
confinement_effect,1
energy_evolution,1
variational_treatment,1
two_dimensional_electron_gas,1
excitons,1
spheroidal_cavity,1
controller_parameter,1
carrier_concentration,1
numerical_procedure,1
coherent_population,1
time_delay,1
delay_control_system,1
a_stability,1
closed_curve,1
quasiparticle,1
time_delay_system,1
controller,1
exciton_polariton,1
histone_acetylation,1
"receptor,_trkb",1
brain_derived_neurotrophic_factor_receptor,1
lowest_energy_state,1
pyridine_derivative,1
entinostat,1
many_body_theory,1
histone_code,1
two_dimensional_semiconductor,1
brain_derived_neurotrophic_factor,1
"memory,_long_term",1
pyridine,1
"bdnf_protein,_mouse",1
histone_deacetylase_inhibitor,1
benzamide_derivative,1
nonequilibrium_theory,1
membrane_glycoprotein,1
benzamides,1
confining_wall,1
rod_like_particle,1
nonspherical_particle,1
nonlinear_optical_response,1
nonperturbative,1
molecular_area,1
cylindrical_particle,1
three_dimensional_system,1
libs,1
target_temperature,1
glycyrrhetinic_acid,1
cryogenics,1
excitation_temperature,1
thermal_insulation,1
pyrazoles,1
specific_heat,1
ablation_plasma,1
scattered_radiation,1
optical_parameter,1
numerical_integration,1
optical_transport_property,1
single_particle,1
photocatalytic_reaction,1
extinction_coefficient,1
high_power_laser,1
integrating_sphere,1
cost_effectiveness,1
kinetic_characteristic,1
estuarine_sediment,1
uncultured_anaerobic_bacterium,1
cryogenic_condition,1
candidatus_jettenia,1
uncultured_bacterium,1
nitrogen_removal,1
laser_beam,1
helium_refrigerator,1
municipal_wastewater,1
uncultured_ammonia_oxidizing_bacterium,1
microbial_community_analysis,1
community_structure,1
polymerase_chain_reaction_denaturing_gradient_gel_electrophoresis,1
ammonia_oxidizing_bacteria,1
nitrogen_concentration,1
degradation_dynamic,1
vacuum_environment,1
sustainable_process,1
metallic_target,1
physiological_model,1
saturation_index,1
anaerobic_ammonium_oxidation,1
silver_compound,1
further_treatment,1
acetonitrile_ligand,1
water_rock_interaction,1
thermal_condition,1
geothermometry,1
n_heterocyclic_carbenes,1
catalytic_application,1
antimony_compound,1
hydrosilylation,1
zinc_metallurgy,1
electrodissolution,1
sphalerite_particle,1
electrooxidation,1
mineral_exploration,1
zinc_concentrate,1
anodic_dissolution,1
reservoir_temperature,1
geothermal_spring,1
volcano,1
hydro_geochemistry,1
spring_in,1
hot_spring,1
ultra_high_performance_mortar,1
carbon_fibre_reinforced_polymer,1
cfrp_wrapping,1
testing_programme,1
carbon_fiber_reinforced_plastic,1
isotopic_analysis,1
loading,1
software_testing,1
beam___column_connection,1
damping,1
steel_fiber,1
displacement_control,1
mortar,1
experimental_testing,1
two_beam,1
rehabilitation_of_reinforced_concrete_element,1
damaged_beam,1
glycosylated_hemoglobin,1
"quantitative_trait,_heritable",1
european_continental_ancestry_group,1
ancestry_group,1
gene_linkage_disequilibrium,1
gene_set_analysis,1
physical_chromosome_mapping,1
east_asian,1
genetic_heterogeneity,1
water_temperature,1
south_asian,1
human_genome,1
genome_wide_association_study,1
thermal_water,1
caucasian,1
quantitative_trait_locus,1
african_american,1
genetic_trait,1
chromosomal_mapping,1
quantitative_trait,1
"genome,_human",1
glycated_hemoglobin_a,1
hemoglobin_blood_level,1
hydrogeochemistry,1
gene_mapping,1
isotope,1
stable_isotope,1
antivirus_agent,1
antiviral_agent,1
drug_discovery,1
protease_inhibitor,1
kallikreins,1
kallikrein,1
acetylene,1
thermal_spring_water,1
hydrogen_bonding,1
hydrophobic_and_hydrophilic_interaction,1
surface_charge,1
photooxidation,1
study_site,1
electronic_equipment,1
pore_volume,1
electrical_parameter,1
sol_gel,1
catalytic_efficiency,1
arsenic,1
tungsten,1
serotonin_receptor_affecting_agent,1
arsenic_trioxide,1
imipramine,1
ketanserin_tartrate,1
ultraviolet_irradiation,1
arsenic_acid,1
pore_size_distribution,1
agaraspirol,1
tungsten_oxide_nanomaterial,1
nanomaterial,1
nanofabrication,1
photocurrent_response,1
molybdenum_blue_method,1
drug_interaction,1
titanium_dioxide_nanoparticle,1
serotonin_agent,1
arsenite,1
tumor_recurrence,1
"neoplasm_recurrence,_local",1
fibroma,1
model_based_opc,1
oxygen_uptake_rate,1
newton_second_law,1
rosifoliol,1
running,1
maximum_distance,1
vanadium_dioxide,1
mathematical_derivation,1
energy_conservation,1
maximal_oxygen_uptake,1
experimental_database,1
empirical_analysis,1
empirical_correlation,1
barnea,1
"cloning,_molecular",1
peptidoglycan_hydrolase,1
flow_transition,1
earthquake_prediction,1
lactobacillaceae,1
iterative_solution,1
transition_model,1
graphene_oxide,1
gene_encoding,1
metal_nanoparticle,1
catalytic_domain,1
agar,1
silver,1
amidase,1
silver_carbonate,1
latilactobacillus_sakei,1
cloning,1
inhibition_effect,1
antimicrobial_spectrum,1
graphitic_material,1
anti_infective_agent,1
l_alanine,1
rna_seq,1
dysphagia,1
skin_ulcer,1
amelanotic_melanoma,1
medical_record,1
pyogenic_granuloma,1
oral_surgical_procedure,1
antineoplastic_combined_chemotherapy_protocol,1
"rna,_long_noncoding",1
receptor_type_tyrosine_protein_phosphatase_c,1
melanin,1
disease_free_survival,1
oral_surgery,1
lymph_node_metastasis,1
lip_tumor,1
"chemotherapy,_adjuvant",1
oral_amelanotic_melanoma,1
"ctcf_protein,_human",1
alpha_smooth_muscle_actin,1
alveolar_ridge,1
adjuvant_chemotherapy,1
"melanoma,_amelanotic",1
skin_swelling,1
tongue_tumor,1
cervical_lymph_node_metastasis,1
jaw_tumor,1
lymphatic_metastasis,1
melan_a,1
soft_palate,1
vimentin,1
gingiva_tumor,1
mouth_cancer,1
neck,1
lymph_node,1
dopaminergic_nerve_cell,1
kinetic_energy_dissipation,1
transcription_factor_ctcf,1
cylinder_array,1
human_embryonic_stem_cell,1
pressure_drop,1
nucleotide_motif,1
isotropic_porous_medium,1
ccctc_binding_factor,1
chromatin,1
energy_dissipation_rate,1
local_pressure,1
pore_scale,1
long_untranslated_rna,1
homogeneity_time,1
dopaminergic_neuron,1
"inhibition,_psychological",1
lattice_plane,1
basolateral_amygdala,1
protein_c_fo,1
disclination_line,1
"extinction,_psychological",1
lateral_amygdala,1
stabilized_blue_phase,1
grain_boundary,1
basolateral_nuclear_complex,1
proto_oncogene_protein_c_fos,1
monodomain_polymer,1
psychological_extinction,1
exercise_intensity,1
brain_nerve_cell,1
central_nucleus,1
mycelial_growth,1
citrinin,1
soft_crystal,1
potato_starch,1
food_processing,1
ipomoea,1
aspergillus_flavus,1
pepper,1
ochratoxin,1
spice,1
immunoadsorption,1
photonic_soft_crystal,1
aflatoxin,1
liquid_chromatography,1
polymer_stabilized,1
soybean_oil,1
vomitoxin,1
mycotoxin,1
degradable_plastic,1
limited_degradation,1
blue_phase,1
pro_oxidant_additive,1
waste_management_system,1
natural_environment,1
physical_integrity,1
land_fill,1
high_molecular_weight,1
chemically_modified,1
oxali_tuberosa,1
emulsion,1
emulsification_index,1
computation_theory,1
emulsion_stability,1
food_grade,1
emulsifying_property,1
water_in_oil_emulsion,1
emulsion_morphology,1
long_term_development,1
support_vector_classifier,1
anti_ulcer_agent,1
eupatilin,1
antiulcer_agent,1
text_processing,1
artemisia,1
"mice,_inbred_strain",1
stomach_ulcer,1
gastritis,1
inbred_mouse_strain,1
scale_invariance,1
fully_connected_neural_network,1
fourier_series,1
long_range_correlation,1
ellipsoidal_particle,1
granular_system,1
detrended_fluctuation_analysis,1
active_matter,1
magnetic_particle,1
facial_recognition,1
authentication_system,1
texture_technique,1
classification_task,1
local_analysis,1
attention_mechanism,1
computer_technology,1
liquid_hold_ups,1
gas_liquid_flow,1
consistency_check,1
engineering_process,1
machine_learning_technique,1
signal_processing_analysis,1
voltage_measurement,1
slug_flow,1
high_dispersion,1
statistical_algorithm,1
personality_characteristic,1
weight_gain,1
blood_pressure_monitoring,1
herbivore,1
thalassia,1
thalassia_testudinum,1
defense_mechanism,1
scaridae,1
oxalate,1
seagrass,1
biological_product,1
creatine_kinase,1
chaotic_dynamic,1
"respiration,_artificial",1
ensemble_forecasting,1
fibrin_fragment_d,1
fibrin_degradation_product,1
molecular_analysis,1
rc_beam,1
electronic_medical_record,1
lopinavir_plus_ritonavir,1
rc_concrete_section,1
structural_component,1
parameterization,1
effective_flexural_stiffness,1
cracked_moment_of_inertia,1
intensive_care,1
immunoglobulin,1
concrete_structure,1
tensile_reinforcement,1
health_care_need,1
chronic_kidney_failure,1
parametric_study,1
dynamic_analysis,1
troponin_i,1
earthquake_engineering,1
fibrin_fibrinogen_degradation_product,1
azithromycin,1
r.c_beam,1
photometry,1
ferritin_blood_level,1
bending,1
effective_moment_of_inertia,1
building_code,1
concrete,1
bending_stiffness,1
cyanobacterium,1
nonlinear_program,1
tissue_factor_pathway_inhibitor,1
sodium_nitrate,1
catalytic_transesterification,1
protein_c_jun,1
rna_immunoprecipitation,1
conversion_rate,1
mixed_metal_oxide,1
nonlinear_programming,1
gene_knockdown,1
calcium_oxide,1
canola_oil,1
adenosine_triphosphate,1
endoplasmic_reticulum,1
bone_morphogenetic_protein,1
lipid_homeostasis,1
propidium_iodide,1
matrilysin,1
mammalian_target_of_rapamycin,1
tor_serine_threonine_kinase,1
target_of_rapamycin_kinase,1
canonical_wnt_signaling,1
transcriptomics,1
recessive_ataxia,1
fxn_gene,1
iron_binding_protein,1
disease_course,1
spastic_paraplegia,1
mutation,1
sporadic_cerebellar_ataxia,1
mtor_signaling,1
lipogenesis,1
steroid_metabolism,1
"carcinoma,_hepatocellular",1
mevalonic_acid,1
event_representation,1
ambient_intelligence,1
ontological_modeling,1
friedreich_ataxia,1
academic_environment,1
use_case_scenario,1
case_based_reasoning,1
event_driven_approach,1
it_focus,1
context_representation,1
ontology_based_context,1
transport_coefficient,1
temperature_distribution,1
temperature_dependence,1
boltzmann_equation,1
anderson,1
thermal_force,1
heat_flux,1
rest_mass,1
constitutive_equation,1
genetic_testing,1
extent,1
pseudocomplete_space,1
hewitt_extension,1
function_space,1
subspace_of_an_ordinal,1
cofinally_polish_space,1
pseudocompact_space,1
hereditary_motor_sensory_neuropathy,1
genetic_counseling,1
gluconate_copper,1
compact_metric_space,1
drug_tissue_level,1
drug_half_life,1
gamma_glutamyl_transferase_blood_level,1
heavy_metal_blood_level,1
intravenous_drug_administration,1
gluconates,1
"injections,_intravenous",1
area_under_the_curve,1
sendograph_metric,1
gluconic_acid,1
maximum_concentration,1
plasma_concentration_time_curve,1
oral_drug_administration,1
"administration,_oral",1
samarium_compound,1
fermentable_sugar,1
environmental_scanning_electron_microscopy,1
lignocellulose,1
lignocellulolytic_enzyme,1
agaricales,1
"chromatography,_gas",1
"gene_expression_regulation,_fungal",1
fungal_protein,1
xylanase_activity,1
ant,1
sugar_cane_bagasse,1
"gene_expression_regulation,_enzymologic",1
carbon_substrate,1
metric_space,1
lignocellulosic_substrate,1
recruitment,1
cephalocereus,1
set_theory,1
indicator_indicator,1
seed_bank,1
granivory,1
herbivory,1
seedling_establishment,1
exclusion_experiment,1
expansive_property,1
nurse_plant,1
chihuahuan_desert,1
seed_dormancy,1
noradrenalin_release,1
gustatory_cortex,1
interoception,1
taste_aversion,1
neurochemistry,1
physical_stimulation,1
lithium_chloride,1
locally_compact,1
cross_correlations,1
dopamine_release,1
comovement,1
appetitive_behavior,1
noradrenalin,1
alpha_adrenergic_receptor,1
econophysicss,1
cerebral_cortex,1
stimulus_response,1
norepinephrine,1
"campeche_,_mexico",1
market_condition,1
bioconcentration_factor,1
coastal_water,1
detrended_cross_correlations_analysis,1
laguncularia_racemosa,1
time_varying,1
conocarpus_erectus,1
mangrove,1
essential_metal,1
metal_contamination,1
trading_volume,1
surface_sediment,1
market_participant,1
sediment_water_interface,1
environmental_assessment,1
contamination,1
campeche,1
vertebrate,1
belize_[central_america],1
u_stock_market,1
red_list,1
transport_parameter,1
hygroscopic_swelling,1
swelling_behavior,1
water_vapor_adsorption,1
polysaccharide_matrix,1
market_efficiency,1
image_analysis_tool,1
singular_value_decomposition,1
efficient_market_hypothesis,1
gravimetric_method,1
water_accessibility,1
water_vapor,1
metabolic_stability,1
enzyme_inhibitor_interaction,1
value_distribution,1
androstanes,1
value_decomposition,1
lncap_cell_line,1
cancer_cell_line,1
microsome,1
heteronuclear_multiple_bond_correlation,1
prostate_tumor,1
oxidoreductase_inhibitor,1
androstane_derivative,1
cytotoxic_agent,1
androsterone,1
singular_value,1
entropy_approach,1
prostatic_neoplasm,1
hydroxysteroid_dehydrogenase,1
heteronuclear_single_quantum_coherence,1
nuclear_overhauser_effect,1
liver_microsome_metabolism,1
drug_binding_site,1
androsterone_derivative,1
predictability,1
financial_data_processing,1
feces_analysis,1
high_throughput_sequencing,1
dorsal_subiculum,1
amnesia,1
industrial_performance,1
dysbiosis,1
greenhouse_experiment,1
phytostabilization,1
naturally_occurring,1
rhizosphere,1
baccharis_sarothroides,1
rhizospheric_bacteria,1
acacia_farnesiana,1
rhizosphere_microbe,1
pseudognaphalium_leucocephalum,1
brickellia_coulteri,1
plant_growth_promotion,1
rhizosphere_bacteria,1
mining_operation,1
ftir_spectroscopy,1
secondary_amine,1
tertiary_amine,1
adsorption_behavior,1
experimental_investigation,1
molecular_material,1
desorption_cycle,1
"waste_disposal,_fluid",1
computational_calculation,1
particulate_inorganic_matter,1
drug_metabolizing_enzyme,1
whole_genome_sequencing,1
immunofluorescence_assay,1
design_philosophy,1
cancer_resistance,1
design_demand,1
false_discovery_rate,1
peroxidase,1
metallothionein_ii,1
architectural_design,1
differential_gene_expression,1
alternative_medicine,1
cell_stress,1
liver_cancer_cell_line,1
tumor_microenvironment,1
tumor_hypoxia,1
organic,1
functional_food,1
thermal_processing,1
soil_condition,1
quality_property,1
soft_soil,1
ultrasound_treatment,1
compound_property,1
steel_construction,1
axial_demand,1
shelf_life,1
steel_structure,1
physico_chemical_characterization,1
seawater,1
neotropical_region,1
alvarado_lagoon,1
tamiahua_lagoon,1
caribbean_sea,1
concentrically_braced_frame,1
laguna_madre_[texas],1
steel_column,1
laguna,1
braced_steel_frame,1
balsa_river,1
salinity,1
migratory_behavior,1
habitat_use,1
syngas_production,1
sol__gel_method,1
xrd,1
structural_frame,1
coke,1
seismic_demand,1
gas_production,1
capacity_design,1
quenching,1
"spectrometry,_fluorescence",1
anti_cancer_agent,1
workflow,1
computational_approach,1
photodynamic_therapy,1
binding_thermodynamics,1
isoindoles,1
energy_calculation,1
hydrophobic_contact,1
fluorescence_quenching,1
computational_analysis,1
fostamatinib,1
phthalocyanine,1
molecular_mechanism,1
coordination_complex,1
isoindole_derivative,1
sorption,1
biomedicine,1
iso_kinetic_temperature,1
nopal_mucilage,1
enthalpy_entropy_compensation,1
sigmoidal_shape,1
sorption_process,1
moisture_sorption_property,1
hydrogel,1
moisture_sorption_isotherm,1
pitolisant,1
biostatistics,1
telmisartan,1
patient_identification,1
disease_surveillance,1
logistic_model,1
diagnostic_accuracy,1
demographic,1
public_health_problem,1
hospital_bed_capacity,1
"neural_networks,_computer",1
intubation,1
treatment_planning,1
artificial_neural_network,1
hard_disc,1
ttr_protein,1
disc_structure,1
hard_ellipse,1
packing,1
close_packed_structure,1
intelligent_system,1
hard_wall,1
structural_transition,1
monte_carlos_simulation,1
dense_packing,1
release_plan_rescheduling_problem,1
multi_objectives_optimization,1
disruptive_event,1
software_program,1
software_design,1
project_plan,1
scra,1
project_development,1
dynamic_process,1
rescheduling_problem,1
gallium_arsenide,1
spin_polarization,1
conductivity_measurement,1
photodetectors,1
polarization_analysis,1
iii_v_semiconductor,1
indium_alloy,1
semiconducting_gallium_arsenide,1
gallium_alloy,1
magnetic_moment,1
light_polarization,1
engineered_defect,1
detection_scheme,1
direct_measurement,1
dilute_nitride,1
spin_dependent_recombination,1
conduction_electron,1
dark_soliton,1
numerical_algorithm,1
network_analysis,1
alteplase,1
apixaban,1
motor_dysfunction,1
decamethonium,1
chlorpromazine,1
enoxaparin,1
diphtheria_pertussis_tetanus_vaccine,1
respiratory_tract_infection,1
diphtheria_tetanus_acellular_pertussis_vaccine,1
child_hospitalization,1
dabigatran_etexilate,1
ambulatory_care,1
hospital_readmission,1
pertussis,1
whooping_cough,1
endocytosis,1
tranexamic_acid,1
material_testing,1
dehydrogenation,1
disease_control,1
cell_aggregation,1
cardiac_function,1
ovary_cancer,1
cardiomyocytes,1
de_differentiation,1
plasma_synthesis,1
infrared_spectrum,1
monomer,1
cardiac_muscle_cell,1
hydroxyl_group,1
heart_ventricle,1
platelet_derived_growth_factor_b,1
cell_aggregate,1
cardio_vascular_disease,1
"myocytes,_cardiac",1
ring,1
cell_dedifferentiation,1
assortativity,1
nearest_neighbor,1
gemfibrozil,1
first_order_transition,1
non_monotonic_function,1
degree_distribution,1
degree_degree_correlation,1
model_constraint,1
degree_correlation,1
bimodal_degree_distribution,1
coconut_oil,1
kinematics_viscosity,1
medicine,1
diesel–biodiesel_blend,1
physical_chemical_characterization,1
iodine_index,1
basic_catalysis,1
high_calorific_value,1
ore,1
alkaline_pretreatment,1
gold_extraction,1
gold_compound,1
gold_ore_treatment,1
arsenic_extraction,1
refractory_material,1
economic_geology,1
gold_mining,1
arsenopyrite,1
deionized_water,1
arsenic_removal,1
low_grade,1
oxalic_acid,1
arsenic_concentration,1
pre_treatments,1
sodium_bicarbonate,1
refractory_gold_ore,1
environmental_restoration_and_remediation,1
geochemistry,1
pharmacokinetics,1
zimapan,1
edetic_acid,1
calcareous_soil,1
soil_remediation,1
edoxaban,1
biological_availability,1
system_medicine,1
ecosystem_restoration,1
external_surface,1
intercrystalline_mesoporosity,1
ulcerative_colitis,1
dizziness,1
rivaroxaban,1
insulin_detemir,1
metal_organic_framework_material,1
experimental_parameter,1
tert_butylhydroperoxide,1
reaction_temperature,1
styrene_oxidation,1
metal_testing,1
additive_effect,1
piperazine_derivative,1
drug_synergism,1
sigma_opiate_receptor,1
chorea,1
drug_dose_comparison,1
apolipoprotein_e,1
gabapentin,1
memantine,1
evidence_based_practice,1
sciatic_nerve_chronic_constriction_injury,1
tenecteplase,1
ligation,1
constriction,1
somatomedin_b,1
synergistic_effect,1
"receptors,_sigma",1
knowledge_base,1
comparative_effectiveness,1
caenorhabditis_elegans_protein,1
bixin,1
vitamin_e,1
drug_targeting,1
"tocotrienol,_delta",1
carotenoid,1
inflammatory_bowel_disease,1
caloric_restriction,1
bixa_orellana_extract,1
gamma_tocotrienol,1
alpha_tocopherol,1
lifespan,1
bixaceae,1
somatomedin,1
fondaparinux,1
selective_adsorption,1
solvothermal_method,1
multicomponent_mixture,1
drug_product,1
drug_delivery,1
pseudo_second_order_kinetics,1
magnetite_nanoparticles,1
clu_protein,1
thermodynamic_study,1
social_class,1
mother,1
dental_pulp_exposure,1
tooth_pulp_disease,1
respiratory_failure,1
hospital_patient,1
emergency_health_service,1
opcml_protein,1
baricitinib,1
app_protein,1
unmet_medical_need,1
high_flow_nasal_cannula_therapy,1
acute_heart_infarction,1
neutrophil_lymphocyte_ratio,1
monoclonal_antibody_therapy,1
adverse_outcome,1
deep_vein_thrombosis,1
data_mining,1
noninvasive_ventilation,1
hemophagocytic_syndrome,1
survival_rate,1
corticosteroid_therapy,1
weaning,1
narcolepsy,1
equipment,1
bubalus,1
separation,1
walking,1
dislocation,1
dirac_delta_function,1
hinge_development,1
failure,1
failure_process,1
delta_function,1
strain_energy,1
material_failure,1
donepezil,1
immobilization,1
streptokinase,1
game_addiction,1
addiction,1
international_classification_of_disease,1
plau_protein,1
internet,1
diagnostic_and_statistical_manual_of_mental_disorder,1
"behavior,_addictive",1
engineering,1
progesterone,1
equation_and_inequality,1
stability_analysis,1
caputo_and_riemann_liouville_derivative,1
mittag_leffler,1
laplace_transformation,1
lyapunov_stability,1
surface_sphere,1
spherical_surface,1
interacting_particle,1
network_based_drug_repurposing_and_exploration,1
entropic_effect,1
dynamic_study,1
curved_surface,1
methanol_dissociation,1
alkaline_metal,1
sodium_silicate,1
li$++$,1
methanol_adsorption,1
lithium_silicate,1
heterogeneous_basic_catalyse,1
hybrid_nanocomposites,1
hydrotalcites,1
pre_agglomeration_reduction_method,1
nano_zero_valent_iron–polyacrylic_acid_hybrid,1
agglomeration,1
fe–polyacrylic_acid–znal_hybrid_nanocomposite,1
nano_zero_valent_iron,1
immobilizer,1
substrate_specificity,1
enzyme_specificity,1
thermotoga,1
tumor_necrosis_factor_receptor,1
heat_injury,1
insulin_glulisine,1
mononuclear_cell,1
huntington_chorea,1
heat_shock_response,1
model_validation,1
heat_stress_disorder,1
"leukocytes,_mononuclear",1
relative_humidity,1
betahistine,1
"receptors,_tumor_necrosis_factor",1
bemiparin,1
optimal_structure,1
prkn_protein,1
optimal_topology,1
structural_optimization,1
satisfactory_prediction,1
neural_network_model,1
insulin_receptor,1
slug_frequency,1
statistical_test,1
urokinase,1
fluoxetine,1
measurement_linearity,1
advil_lift,1
huntingtin,1
fizzy_related_protein,1
ibuprofen,1
pharmacological_parameter,1
dissolution_efficiency,1
drug_determination,1
product_recovery,1
drug_capsule,1
dihydroxyacetone_phosphate,1
free_radical_reaction,1
adduct_formation,1
single_electron_transistor,1
peroxyl_radical,1
health_benefit,1
free_radical_scavenging_activity,1
radical_adduct_formation,1
single_electron_transfer,1
indicator,1
protein_targeting,1
sesamol_derivative,1
hydrogen_atom_transfer,1
free_radical,1
trichomoniasis,1
peroxy_radical,1
number_of_contact,1
psychiatric_disorder,1
large_cavity,1
isomerase_inhibitor,1
binding_point,1
risperidone,1
triose_phosphate_isomerase,1
succinate_dehydrogenase,1
trichomonas_infection,1
quantum_chemical_calculation,1
molecular_library,1
husimi_function,1
quantum_localization,1
unbounded_space,1
hstim_protein,1
boson,1
phase_space_method,1
high_performance_virtual_screening,1
energy_shell,1
degree_of_localization,1
indoleacetic_acid,1
propionates,1
tryptophan,1
phytohormone,1
parasite_cultivation,1
indoleacetic_acid_derivative,1
bacterial_metabolism,1
giant_component,1
computer_science,1
in_network,1
higher_education_system,1
vertex_separator,1
benchmark_network,1
computer_programming,1
centrality_measure,1
down_shifting_emission,1
down_conversion_emission,1
photonic_application,1
quantum_efficiency,1
quadrupole_interaction,1
doped_glass,1
diode,1
downconversion,1
emission_property,1
silicon_solar_cell,1
praseodymium_compound,1
wled_and_crystalline_silicon_solar_cell_application,1
antitrichomonal_agent,1
antihypertensive_activity,1
guanylate_cyclase,1
"rats,_inbred_shr",1
spontaneously_hypertensive_rat,1
nitric_oxide_synthase_type_iii,1
quinoxalines,1
sesquiterpene_lactone,1
n_nitroarginine_methyl_ester,1
hexane,1
oxadiazoles,1
high_throughput_screening,1
epimer,1
vasodilator_agent,1
amlodipine,1
twisted_bilayers,1
oxadiazole_derivative,1
adsorption_energy,1
aorta,1
achillea,1
achillin,1
leucodin,1
endothelium_intact_aortic_ring,1
blood_vessel_permeability,1
bilayer_graphene,1
calcium_channel_blocker,1
achillea_millefolium,1
[carbonyl,1
membrane_depolarization,1
diastolic_blood_pressure,1
ng_nitroarginine_methyl_ester,1
calcium_channel,1
ex_vivo_study,1
quinoxaline_derivative,1
secondary_flow,1
turbulence_intensity_profile,1
water_flow,1
smoothing,1
turbulent_fluctuation,1
turbulent_water_flow,1
root_mean_square_deviation,1
electronic_property_of_graphene,1
smoothed_particle_hydrodynamics_method,1
molecule_adsorption,1
granulosa_cell,1
twist_angle,1
moire_fringe,1
vascular_endothelial_growth_factor_a,1
language_development,1
birth_order,1
ethyl_lactate,1
sonication,1
green_solvent,1
probe_sonication,1
probe,1
moire_pattern,1
isopropyl_acetate,1
micro_aerobics,1
genetic_element,1
microaerobic_promoter,1
preculture,1
intrasexual_interaction,1
engineered_strain,1
squamata,1
dna_production,1
micro_aerobic_culture,1
sceloporus,1
microaerobic_induction,1
q_factors,1
radial_velocity,1
nonlinear_phase_noise,1
along_track_interferometric_synthetic_aperture_radar_image,1
maximum_likelihood,1
bit_error_ratio,1
coherent_system,1
performance_enhancement,1
synthetic_aperture_radar_image,1
q_factor_measurement,1
phase_noise,1
per_symbol,1
canis_lupus_baileyi,1
new_mexico,1
habitat_selection,1
home_range,1
arizona,1
sierra_madre_occidental,1
sierra_madre_[mexico],1
ungulate,1
canidae,1
population_modeling,1
texas,1
ungulata,1
canid,1
electron_localization,1
onicescu_information_energy,1
potential_function,1
coulomb_blockade,1
ocean_surface,1
plasma_condition,1
velocity_imaging,1
plasma_environment,1
screening_function,1
system_stability,1
velocity_bunching,1
path_curve,1
radar_velocity,1
connected_set,1
multi_scroll_attractor,1
piece_wise_linear_system,1
piecewise_linear_controller,1
newton_method,1
"receptors,_androgen",1
cryptorchism,1
cryptorchidism,1
"ar_protein,_human",1
adjacency_matrix,1
self_consistent_equation,1
effective_theory,1
matrix_algebra,1
newton_raphson_method,1
jordan,1
cumulant_generating_function,1
joint_distribution,1
interferometric_synthetic_aperture_radar,1
nonlinear_integral,1
asymmetric_coupling,1
multi_objective_design,1
bi_level_optimization,1
environmental_concern,1
integer_programming,1
biobjectives,1
hydrogen_storage,1
economic_concern,1
pareto_principle,1
supply_chain,1
multi_objective_strategy,1
storage_facility,1
mixed_integer_linear_programming_problem,1
hydrogen_supply_chain,1
strawberry,1
fragaria,1
povidone,1
polyvinyl_alcohol,1
rhizopus_stolonifer,1
food_packaging,1
rhizopus,1
smart_material,1
radish_extract,1
fungal_plant_disease,1
radish,1
raphanus,1
dentate_gyrus_granular_layer,1
vesicular_glutamate_transporter,1
drug_toxicity,1
cochlea_prosthesis,1
temporal_lobe_epilepsy,1
pilocarpine,1
synapse_vesicle,1
levetiracetam,1
interneuron,1
health_status,1
benzaldehyde,1
aniline,1
cell_cycle,1
tubulin_polymerization_assay,1
paclitaxel,1
chromatography_by_mobile_phase,1
oxidative_coupling,1
microtubule,1
microtubule_assembly,1
abts_radical_scavenging_assay,1
molecular_hybridization,1
colchicine,1
tone_recognition,1
distillation,1
nocodazole,1
electron_impact_mass_spectrometry,1
drug_purity,1
radiography,1
densitometry,1
bright_field_microscopy,1
dpph_radical_scavenging_assay,1
atmospheric_pressure_chemical_ionization_mass_spectrometry,1
beta_tubulin,1
co_film,1
surface_active_area,1
cobalt_metallurgy,1
gold_deposit,1
surface_structure,1
active_area,1
outer_sphere_electron_probe,1
co_electrodeposition,1
active_surface_area,1
lead_underpotential_deposition,1
potential_condition,1
greenhouse_effect,1
medical_parameter,1
pollinator,1
cochlear_response,1
hearing_disorder,1
fauna,1
global_warming,1
auditory_evoked_potential,1
scrub,1
pollination,1
electric_machine_control,1
induction_motor_control,1
motion_planning,1
adaptive_control_system,1
harmonic_distortion,1
three_phase_induction_motor,1
induction_motor,1
total_harmonic_distortion,1
mechanical_oscillation,1
effectiveness_and_efficiency,1
power_converter,1
large_induction_motor,1
torque_measurement,1
navigation,1
voltage_source_converter,1
electrical_current,1
energy_efficiency,1
bound_electron,1
circular_polarization,1
incidence_angle,1
paramagnetic_center,1
arsenic_compound,1
semiconductor_alloy,1
electrical_measurement,1
polarization_sensitive,1
hyperfine_interaction,1
degree_of_circular_polarization,1
cochleovestibular_function,1
cochlear_nerve,1
gibbs_free_energy,1
molecular_orbitals,1
number_of_electron,1
ligand_field,1
electronic_transition,1
crystallization_kinetics,1
acoustic_intensity,1
"evoked_potentials,_auditory",1
mg_al_hydrotalcite,1
kinetic_expression,1
diffusional_control,1
catalytic_property,1
shortest_processing_time,1
process_control,1
magnesium_alloy,1
dynamic_range_of_electrical_current,1
intermediate_temperature,1
high_conversion,1
pleistocene,1
panama_[central_america],1
genetic_marker,1
polymorphism,1
isthmus_of_panama,1
evolutionary_biology,1
recording_system,1
stationary_phase,1
fermentation_inhibitor,1
detoxification,1
furan_derivative,1
furaldehyde,1
furfural,1
specific_growth_rate,1
acetate,1
central_frequency,1
acinetobacter,1
benzyl_alcohol_dehydrogenase,1
lignocellulosic_hydrolysate,1
aldehyde,1
furan,1
transcriptional_analysis,1
alcohol_oxidoreductase,1
alcohol_dehydrogenase,1
sole_carbon_source,1
furfuryl_alcohol,1
aryl_alcohol_dehydrogenase,1
electrode_current,1
auditory_threshold,1
square_cross_section,1
tone_pip,1
sound_processor_gain,1
finite_volume_method,1
fluid_mechanic,1
vortex_shedding,1
gap_spacing,1
electromyographic_activity,1
main_cylinder,1
venustaconcha_ellipsiformis,1
reynold_number,1
navier_stokes,1
oscillating_force,1
rod_geometry,1
auditory_response,1
square_cylinder,1
congenital_bilateral_cortipathy,1
physical_feature,1
hartree_approximation,1
electron_charge_density,1
electron_electron_repulsion,1
tsallis_entropy,1
three_parameter,1
geometry_interaction,1
cofacial_p_p_stacking,1
planar_conformation,1
sound_related_phenomenon,1
title_compound,1
hydrocyanation,1
double_bond,1
pyrrolinone,1
homoconjugation,1
carbonization_temperature,1
adsorption_measurement,1
adsorption_enthalpy,1
oxygen_functional_group,1
carbonization,1
microfibers,1
cryogenic_temperature,1
hysteresis_loop,1
health_status_disparity,1
management,1
policy_making,1
tone_pip_intensity_level,1
cochlear_implant,1
health_behavior,1
sedentary_behavior,1
guadalajara_[jalisco],1
microphone_sensitivity,1
age_determination,1
screen_time,1
puerto_vallarta,1
household_income,1
television,1
television_viewing,1
habit,1
crystal_lattice,1
confined_environment,1
interstitial_space,1
radioactivity,1
quantum_measurement,1
nonexponential_decay,1
vacuum_polarization,1
responsiveness_to_electrical_current_of_the_auditory_nerve_portion,1
anti_zeno_effect,1
post_mortem_assessment,1
cattle_welfare,1
iceberg_indicator,1
claw_disorder,1
white_line,1
bilateral_hearing_loss,1
production_system,1
foot_disease,1
evidence_based,1
"muscle,_skeletal",1
electrical_cochlear_response,1
sea_ice,1
testing,1
toxicity_assay,1
growth_inhibition,1
electrical_potential,1
amphidinium_operculatum_extract,1
amphidinium_operculatum,1
artemia_salina,1
sulforhodamine_b,1
algal_extract,1
dinoflagellate,1
carrier_protein,1
audiometry,1
intermediate_risk_population,1
kruskal_wallis_test,1
lipid_droplet,1
odontogenic_epithelium,1
rank_sum_test,1
fat_droplet,1
adipophilin,1
disease_exacerbation,1
metabolome,1
long_term_potentiation,1
dietary_sucrose,1
high_sucrose_diet,1
perforant_nerve_tract,1
nomifensine,1
brain_dysfunction,1
fasting,1
object_location_memory_test,1
catecholaminergic_system,1
experimental_behavioral_test,1
glucose_intolerance,1
sugar_intake,1
disease_progression,1
metabolic_syndrome,1
executive_function,1
cell_activation,1
urate,1
synoviocytes,1
synoviocyte,1
nuclear_magnetic_resonance,1
chondrocyte,1
nitrogen_derivative,1
gout,1
chondrocytes,1
nerve_growth_factor,1
confidence_interval,1
information_dissemination,1
information_sharing,1
age_factor,1
predictive_analytics,1
information_analysis,1
memory_size,1
multiple_task,1
sensor_information,1
small_vehicle,1
end_effector,1
uwb_sensor,1
transport_mechanism,1
normalized_difference_vegetation_index,1
phenological_stage,1
classification_result,1
high_resolution_image,1
near_infrared_region,1
normalized_difference_water_index,1
optical_remote_sensing,1
digital_information,1
mollusca,1
coral,1
bivalvia,1
leiosolenus,1
steironepion,1
vermicularia,1
ecosystem_approach,1
muricopsis,1
gastropod,1
gastropoda,1
bivalve,1
conus_nux,1
gastrochaena_ovata,1
bostrycapulus_aculeatus,1
nasa,1
mar_orbit,1
harvard,1
orbit,1
planet,1
co_ordinate_system,1
geometric_method,1
keplerian_orbit,1
undergraduate_student,1
classical_mechanic,1
interplanetary_flight,1
observational_data,1
liquid_gas_mixture,1
performance_analysis,1
empirical_mode_decomposition,1
geometrical_optimization,1
mechanical_energy,1
salt,1
single_crystal_x_ray_diffraction,1
degradation_of_the_material,1
carboxylic_acid,1
diffraction_pattern,1
gas,1
carboxylation,1
lanthanide_contraction,1
powder_metal,1
alanine,1
lanthanide,1
powder_x_ray_diffraction,1
secondary_building_unit,1
total_pressure_gradient,1
heart_ventricle_remodeling,1
ventricular_remodeling,1
"diabetes,_gestational",1
pregnancy_diabetes_mellitus,1
bax_gene,1
mechanistic_model,1
hypertrophic_cardiomyopathy,1
congestive_cardiomyopathy,1
"cardiomyopathy,_dilated",1
"cardiomyopathy,_hypertrophic",1
heart_hypertrophy,1
mineralogy,1
niger,1
atrazine_concentration,1
filamentous_fungi,1
agricultural_industry,1
atrazine_mineralization,1
groundwater_source,1
optimal_treatment,1
atrazine_biodegradation,1
self_medication,1
accessibility,1
consultation,1
public_access,1
urban_rural_difference,1
medically_uninsured,1
diabetic_patient,1
insurance,1
"insurance,_health",1
health_insurance,1
health_care_utilization,1
health_service_accessibility,1
time_dependent_coefficient,1
precise_solution,1
characteristic_function_method,1
solution_method,1
astrocyte,1
characteristic_function,1
time_dependent,1
harmonic_oscillator,1
brain_cell,1
droplet_stability,1
oxidative_phosphorylation,1
resource_allocation,1
long_chain,1
chemical_potential_gradient,1
convergence_of_numerical_method,1
nano_emulsions,1
miniemulsions,1
costabilizers,1
shorter_chain,1
health_care_policy,1
drug_metabolism,1
genotyping,1
clinician,1
tobacco_consumption,1
drug_use,1
pharmacogenetics,1
homozygote,1
drug_related_side_effect_and_adverse_reaction,1
predictive_validity,1
psychotic_disorder,1
drinking_behavior,1
adverse_drug_reaction,1
neuroleptic_agent,1
alcohol_drinking,1
geostatistical_analysis,1
antipsychotic_agent,1
n_acetylaspartic_acid,1
diffusion_tensor_imaging,1
radial_diffusivity,1
image_quality,1
brain_size,1
medial_nerve_somatosensory_evoked_potential,1
fractional_anisotropy,1
visual_evoked_potential,1
diffusion_weighted_imaging,1
anemia,1
somatosensory_evoked_potential,1
hemoglobin_determination,1
nerve_conduction_velocity,1
evoked_brain_stem_auditory_response,1
primary_somatosensory_cortex,1
axial_diffusivity,1
working_memory,1
apparent_diffusion_coefficient,1
glutamine,1
bregma,1
visual_stimulation,1
vulnerable_population,1
tibial_nerve_somatosensory_evoked_potential,1
waste_activated_sludge,1
municipal_residue,1
independent_variable,1
waste_disposal,1
sodium_polyacrylates,1
sludge_digestion,1
experimental_validation,1
mutamba,1
temperature_optimum,1
low_molecular_weight,1
"protein_structure,_secondary",1
electronics,1
protein_structure_analysis,1
protein_backbone,1
local_distortion,1
protein_segment,1
guazuma_ulmifolia,1
epithelial_mesenchymal_transition,1
crystal_violet,1
breast_cancer_cell_line,1
cell_motion,1
tumor_growth,1
low_cost_adsorbent,1
transwell_assay,1
uvomorulin,1
tumor_xenograft,1
water_treatment_plant,1
nerve_cell_adhesion_molecule,1
prasterone,1
cell_migration,1
nude_mouse,1
sewage_pumping_plant,1
micropollutants,1
wortmannin,1
dehydroepiandrosterone,1
spatial_structure,1
cell_movement,1
luminescence_europium,1
transform_infrared_spectroscopy,1
tetragonal_phase,1
hydrothermal_method,1
magnet,1
quantum_magnet,1
pyramidal_tract,1
objective_estimation,1
event_related_desynchronization,1
measurement_error,1
stroke_rehabilitation,1
event_related_desynchronization_synchronization_and_coherence,1
magnetic_frustration,1
data_accuracy,1
cortical_synchronization,1
functional_connectivity,1
upper_limb,1
clinical_assessment_tool,1
action_research_arm_test,1
hemisphere,1
magnetic_polarons,1
beta_rhythm,1
antiferromagnetic_material,1
feasibility_study,1
regression_tree_ensemble,1
magnetism,1
motor_control,1
high_temperature_superconductivity,1
tree,1
microscopic_property,1
upper_extremity,1
brain_ischemia,1
sensorimotor_cortex,1
forestry,1
impurity_in,1
crystal_impurity,1
recovery,1
pinch_strength,1
clinical_research,1
physiological_information,1
strongly_correlated_material,1
fugl_meyer_assessment,1
fugl_meyer_assessment_for_the_upper_extremity,1
traffic_flow,1
fundamental_diagram,1
traffic_data,1
flow_density,1
dense_gas,1
length_effect,1
platyhelminth,1
perciformes,1
trematodiasis,1
fish_disease,1
trematode_infection,1
diaphragm_wall,1
design_consideration,1
flexible_diaphragm,1
irregular_structure,1
updated_information,1
torsion,1
seismic_performance,1
damaged_structure,1
earthquake_magnitude,1
antiferromagnets,1
methylated_dna_protein_cysteine_methyltransferase,1
angiogenesis,1
temporal_lobe,1
dna_repair_enzyme,1
preoperative_evaluation,1
medical_record_review,1
"agt_protein,_human",1
astrocytoma,1
exon,1
angiotensinogen,1
tumor_localization,1
lichen_planus,1
dna_methyltransferase,1
dna_modification_methylases,1
brain_tumor,1
untranslated_region,1
brain_neoplasm,1
"mgmt_protein,_human",1
germline_mutation,1
dna_ligase,1
cancer_grading,1
cohort_study,1
frontal_lobe,1
simply_supported,1
vibration,1
poisson_statistic,1
rectangular_thin_plate,1
numerical_prediction,1
plate,1
poisson_distribution,1
rectangular_plate,1
normal_mode_vibration,1
hyperplasia,1
secondary_battery,1
electrochemical_study,1
electrochemical_behavior,1
psoriasis,1
"leukoplakia,_oral",1
prussian_blue_analogue,1
electrochemical_reaction,1
cobalt_metallography,1
salivary_gland,1
electrochemical_activity,1
energy_storage_technology,1
anode,1
atmospheric_monitoring,1
dynamical_characteristic,1
mexico_city_metropolitan_area,1
high_population_density,1
human_respiratory_system,1
multifractal_behavior,1
metropolitan_area_network,1
respiratory_system,1
luciferin,1
gpi_linked_protein,1
lentivirus_vector,1
metastasis,1
mammary_gland,1
metastasis_inhibition,1
metastatic_breast_cancer,1
neural_stem_cell,1
neoplasm_metastasis,1
cell_cycle_protein,1
glycosylphosphatidylinositol_anchored_protein,1
cancer_survival,1
glioblastoma,1
primary_tumor,1
"mammary_glands,_human",1
flight_control_system,1
sliding_region,1
filippov,1
piecewise_linear_control,1
hydrochloric_acid,1
warfarin,1
agitation,1
electric_magnetic,1
hertz_potential,1
maxwell_equation,1
electromagnetic_equation,1
electric_monopole,1
heaviside,1
scalar_and_vector_potential,1
symmetry,1
magnetic_symmetry,1
vector,1
linear_superposition,1
vector_potential,1
aphthous_stomatitis,1
computational_efficiency,1
pleomorphic_adenoma,1
numerical_experiment,1
one_group_of_delayed_neutron,1
approximation_technique,1
nuclear_reactor,1
neutron_flux,1
efficient_numerical_method,1
fractional_derivative,1
radioactive_decay_constant,1
numerical_technique,1
neutron_diffusion_equation,1
fence,1
magnetic_bubble,1
low_lying_state,1
energy_and_wave_function,1
expectation_value,1
standard_deviation,1
tissue_injury,1
stereoselectivity,1
maximum_possible_effect,1
paroxetine,1
stereoisomerism,1
semiclassical_method,1
dimensional_constant,1
quantum_particle,1
extended_phase_space,1
effective_quantum_theory,1
effective_dynamic,1
gravitational_field,1
phase_space,1
squamous_cell_carcinoma,1
rural_health,1
urban_health,1
measles,1
measles_vaccination,1
vaccination_refusal,1
head_and_neck_tumor,1
vaccine,1
sialolithiasis,1
mouth_squamous_cell_carcinoma,1
immunity,1
international_cooperation,1
internationality,1
healthcare_disparity,1
switched_reluctance_motor,1
linearization,1
linear_motor,1
exact_l_linearization,1
linearisation,1
zero_dynamic,1
reluctance_motor,1
non_linear_modelling,1
switched_reluctance_motor___srm,1
"carcinoma,_squamous_cell",1
single_phase_model,1
exact_linearization,1
linear_modeling,1
simplified_model,1
fascioliasis,1
n_acetylneuraminic_acid,1
head_and_neck_neoplasm,1
basal_cell,1
lectin,1
acetylglucosamine,1
microvillus,1
spermatozoon_density,1
epithelium,1
mouth_floor,1
social_isolation,1
questionnaire_survey,1
sleep_efficiency,1
leukocyte_differential_count,1
daytime_somnolence,1
sleep_quality,1
coronavirinae,1
depression_assessment,1
lung_lavage,1
disease_incidence,1
sleep_time,1
neutrophil_count,1
pittsburgh_sleep_quality_index,1
anxiety_assessment,1
sleep_latency,1
economic_aspect,1
epidemic,1
macrophage_count,1
parasitic_sensitivity_test,1
cheminformatics,1
indazoles,1
carboxyhemoglobin,1
ultrasound,1
entamoeba_histolytica,1
giardia_lamblia,1
drug_sensitivity,1
self_report,1
tissue_inhibitor_of_metalloproteinase,1
beck_depression_inventory,1
sexual_harassment,1
sexual_orientation,1
femininity,1
fatigue,1
gonorrhea,1
virus_load,1
exploratory_factor_analysis,1
guinea_pig,1
short_term_exposure,1
men_who_have_sex_with_men,1
posttraumatic_stress_disorder,1
transgender,1
social_determinant_of_health,1
awareness,1
food_insecurity,1
verbal_hostility,1
homophobia,1
eosinophil_count,1
phenolic_compound,1
bronchoalveolar_lavage_fluid,1
coryphantha_macromeris,1
displacement_based_design,1
structural_estimation,1
performance_based_seismic_design,1
earthquake_resistant,1
environmental_cost,1
preliminary_design,1
performance_based_design,1
displacement_based,1
chemical_component,1
binary_mixture,1
free_energy_of_hydration,1
hydrogen_bonding_interaction,1
hydrocarbon_chain,1
average_absolute_error,1
number_of_carbon_atom,1
challenge,1
liquid_liquid_phase_separation,1
odor,1
"diet,_high_fat",1
gene_silencing,1
technology_development,1
ventral_hippocampus,1
adolescence,1
aversion,1
task_performance,1
double_dissociation,1
obesogenic_diet,1
fixed_bed_reactor,1
latin_american,1
nickel_aluminosilicates,1
weak_interaction,1
propylene,1
template_ion_exchange,1
stakeholder,1
catalyst_deactivation,1
low_temperature_production,1
gas_phase_reaction,1
phase_interface,1
propene_production,1
direct_conversion,1
rhenium_alloy,1
molybdenum_metallography,1
molybdenum_compound,1
production_and_consumption,1
gaussian_model,1
hydrogen_atom,1
two_electron_atom,1
time_independent,1
non_equilibrium_statistical_mechanic,1
moment_of_inertia,1
statistical_mechanic,1
fokker_planck,1
boltzmann,1
noninteracting,1
velocity_distribution,1
kinetic_energy_density,1
positivity_condition,1
reduced_density_gradient,1
density_gradient,1
exchange_energy_functional,1
interpolation_function,1
total_kinetic_energy,1
generalized_gradient_approximation,1
catholicism,1
postgraduate_education,1
embryo_donation,1
"reproductive_techniques,_assisted",1
homosexual_male,1
religion,1
heterosexuality,1
embryonic_stem_cell,1
infertility_therapy,1
cryopreservation,1
embryo_transfer,1
embryo_disposition,1
production_of_hydrogen,1
small_particle,1
ethanol_steam_reforming,1
tungsten_oxide,1
ni_and_co_catalyst,1
quality_regulation,1
hydrotalcite_catalyst,1
law_and_legislation,1
carbon_nucleation,1
steam_reforming,1
laminar_airflow,1
tablet_friability,1
xalostoc,1
current_energy,1
generic_drug,1
tablet_hardness,1
drug_quality,1
bioequivalence,1
citrate_synthase,1
maximum_likelihood_method,1
ctenocephalides_felis_felis,1
rickettsia_asembonensis,1
ctenocephalides,1
didelphis,1
"typhus,_endemic_flea_borne",1
ctenocephalides_felis,1
rickettsia_typhi,1
outer_membrane_protein_b,1
outer_membrane_protein,1
rickettsia_felis,1
murine_typhus,1
rickettsia_senegalensis,1
nucleation_process,1
chronoamperometry,1
confocal_fluorescence_microscopy,1
"cu_zn,_cu_zn/agnp_metal_composite",1
grafting,1
characterization_study,1
gallic_acid,1
bacterial_inhibition,1
antimicrobial_material,1
seed,1
mimosa,1
ecological_restoration,1
environmental_restoration,1
seed_moisture_content,1
seedling_growth,1
cultivation,1
seedling_survival,1
seed_germination,1
ecosystem_service,1
restoration,1
germination_percentage,1
arid_region,1
odd_prime,1
lower_and_upper_bound,1
regular_graph,1
packing_chromatic_number,1
incidence_graph,1
generalized_quadrangle,1
vertex_coloring,1
industrial_production,1
water_resource,1
manufacturing,1
water_economics,1
resource_availability,1
ptosis,1
clothianidin,1
thiacloprid,1
brain_histology,1
gait_disorder,1
ataxia,1
mental_deterioration,1
potential_range,1
hippocampal_tissue,1
environmental_fluctuation,1
lotka_volterra_system,1
boundedness,1
silver_nanoparticles,1
stochastic_control_system,1
lotka_volterra_predator_prey_model,1
mean_value,1
lotka_volterra_model,1
predator_prey_system,1
stochastics,1
optimal_control_system,1
strong_convergence,1
family_characteristic,1
family_size,1
food_industry,1
monoculture,1
crop_production,1
"crops,_agricultural",1
ascorbic_acid,1
nutritional_parameter,1
nutritional_self_sufficiency,1
squash,1
cropping_system,1
phaseolus_vulgaris,1
retinol,1
silver_alloy,1
growth_mechanism,1
vicia_faba,1
food_security,1
household,1
cyanocobalamin,1
milpa,1
evolutionary_approach,1
scheduling,1
resource_constrained_project_scheduling_problem,1
solution_representation,1
optimization_problem,1
mathematical_programming,1
resource_constrained_project_scheduling,1
state_of_the_art_algorithm,1
evolutionary_framework,1
heart_valve,1
leave_ventricular_ejection_time,1
systole,1
ventricular_ejection,1
main_heart_sound,1
de_noising,1
aortic_valve,1
single_channel_independent_component_analyse,1
channel_independent,1
left_ventricular,1
heart_contraction,1
heart_sound,1
independent_component_analysis,1
blood_vessel,1
echocardiography,1
cardiology,1
pre_ejection_period,1
myocardial_contraction,1
parametric_identification,1
differential_algebra,1
cu_zn_alloy,1
linear_transformation,1
on_line_algebraic_identification,1
non_linear_stiffness,1
non_linear_vibrating_system,1
algebraic_approach,1
hilbert_transformation,1
on_line_identification,1
mechanic,1
mathematical_transformation,1
cartilaginous_fish,1
olfactory_bulb,1
auricle,1
evolution,1
brain_fourth_ventricle,1
anatomy_and_histology,1
multivariate_analysis_of_variance,1
biological_evolution,1
neuroanatomy,1
fertilization_in_vitro,1
embryo_culture,1
acrosome_reaction,1
embryonic_development,1
immunolocalization,1
saturated_calomel_electrode,1
gamete,1
oocyte_cleavage,1
sperm_capacitation,1
boar,1
hard_sphere,1
soft_sphere,1
rarefied_gas,1
wave_profile,1
wave_field,1
shock_wave_structure,1
fourier_transform,1
shock_wave,1
temperature_profile,1
temperature_control,1
data_point,1
substitution_reaction,1
ion_exchange_membrane,1
nucleophilic_substitution_reaction,1
well_defined_structure,1
quaternary_ammonium,1
alkaline_fuel_cell,1
open_circuit_voltage,1
anion_exchange_membrane,1
methanol_fuel,1
direct_methanol_fuel_cell,1
ion_exchange_capacity,1
functionalizations,1
thermal_and_mechanical_stability,1
thermomechanical_stability,1
morelos,1
literature_review,1
racism,1
asian_immigrant,1
cuernavaca,1
immigrant_population,1
national_security,1
social_exclusion,1
sovereignty,1
social_movement,1
political_power,1
cultural_geography,1
sitagliptin_phosphate,1
amino_acid_blood_level,1
choline_deficiency,1
sitagliptin,1
homocysteine,1
composite_coating,1
methionine/choline_deficient_diet,1
nucleation_mechanism,1
nonalcoholic_fatty_liver,1
vitamin_deficiency,1
acylcarnitine,1
non_alcoholic_fatty_liver_disease,1
muscle_hypertonia,1
abdominal_cancer,1
artemia,1
bariatric_surgery,1
brain_asymmetry,1
cerebral_palsy,1
reflex,1
muscle_hypotonia,1
cell_adhesion_molecule,1
hypothermia,1
padgem_protein,1
chocolate,1
annona,1
nervous_system_disease,1
genetic_disorder,1
congenital_heart_disease,1
lipoxin_a,1
coffee,1
asthma,1
neurologic_disease,1
dysautonomia,1
nerve_cell_differentiation,1
gastrointestinal_motility_disorder,1
pyramidal_sign,1
pathological_reflex,1
docosahexaenoic_acid,1
prenatal_injury,1
asphyxia,1
minimal_brain_dysfunction,1
alpha_interferon,1
head_injury,1
"immunoglobulin_a,_secretory",1
secretory_immunoglobulin,1
"drug_screening_assays,_antitumor",1
"mammary_neoplasms,_experimental",1
experimental_mammary_neoplasm,1
corticosterone_blood_level,1
"stress,_psychological",1
immunoglobulin_g_antibody,1
mental_stress,1
immunoglobulin_heavy_chain,1
secretory_component,1
immobilization_stress,1
immunoglobulin_j_chain,1
immunoglobulin_a_antibody,1
efficient_protection,1
pseudoternary_phase_diagram,1
beta_carotene,1
liquid_crystalline,1
lyotropic_liquid_crystal,1
nutraceuticals,1
hydrophilic_lipophilic_balance,1
denervation,1
femur,1
"plants,_medicinal",1
cortical_bone,1
bone_development,1
innervation,1
femur_metaphysis,1
sympathetic_nerve_cell,1
cell_density,1
cadmium_chloride,1
cancellous_bone,1
transportation_system,1
micro_computed_tomography,1
litter_size,1
autonomic_denervation,1
calcitonin_gene_related_peptide,1
femur_diaphysis,1
osteolysis,1
nerve_fiber,1
osteocalcin,1
bone_marrow,1
protein_aggregate,1
vortex_flow,1
therapeutic_potential,1
parallel_magnetic_field,1
amyloid_beta_peptide,1
experimental_strategy,1
pharmacological_treatment,1
environmental_enrichment,1
neuroblastoma_cell_line,1
design_and_construction,1
lordosis,1
hypotension,1
chlorpheniramine,1
artificial_heart_pacemaker,1
"pacemaker,_artificial",1
sinus_rhythm,1
practice_guideline,1
apis_mellifera,1
"arrhythmias,_cardiac",1
ejaculation,1
heart_arrhythmia,1
bradycardia,1
resuscitation,1
electrocardiography,1
airway,1
atropine,1
shock,1
insect_bite,1
epinephrine,1
face_edema,1
insect_bite_and_sting,1
ranitidine,1
thorax,1
honeybee,1
sexual_behavior_test,1
pulse_oximetry,1
anaphylaxis,1
bee_sting,1
healthy_volunteer,1
ambient_air,1
idiopathic_pulmonary_fibrosis,1
phonocardiography,1
mount_latency,1
fibrosing_alveolitis,1
thiazide_diuretic_agent,1
impedance_cardiography,1
cardiac_output,1
speed,1
traffic_infrastructure,1
traffic_regulation,1
highway_planning,1
bus_stop,1
car_following_behavior,1
bus_terminal,1
automobile,1
bus,1
road_design,1
traffic_light,1
average_travel_speed,1
speed_bump,1
statistic,1
circular_data,1
gibbs_sampler,1
spherical_data,1
radial_projection,1
gamma_distribution,1
directional_data,1
multivariate_distribution,1
simulated_datasets,1
cyprinodontoidei,1
color_morph,1
predator,1
type_locality,1
citrus_sinensis,1
phenotypic_plasticity,1
geographical_distribution,1
molecular_fragmentation,1
molecular_hydrogen,1
center_of_mass_energy,1
fragmentation_reaction,1
low_energy_irradiation,1
atomic_projectile,1
density_functional_tight_binding_method,1
energy_equation,1
mathematical_structure,1
volume_averaging,1
effective_parameter,1
liquid_metal_cooled_fast_reactor,1
fuel_assembly,1
liquid_metal,1
reactor_core,1
fuel,1
model_result,1
fast_reactor,1
mitochondrial_antiviral_signaling_protein,1
light_dark_cycle,1
virus_gene,1
stimulator_of_interferon_gene_protein,1
beta_interferon,1
virus_immunity,1
virus_pathogenesis,1
omega_interferon,1
"animals,_newborn",1
virus_genome,1
mdck_cell_line,1
parvovirus_infection,1
miconazole,1
candida_tropicalis,1
candida_glabrata,1
drug_resistance,1
situ_drift,1
co_adsorption,1
cyclability,1
highly_stable,1
joint_density,1
electrochemical_interface,1
lead_oxide,1
oxide_surface,1
grand_canonical,1
chemical_potential,1
average_number,1
adsorbed_water,1
density_of_state,1
electronic_nature,1
nest_predation,1
vegetation_structure,1
edge_effect,1
dry_forest,1
predation_risk,1
rodentia,1
landscape,1
artificial_nest,1
fluorspar,1
estradiol_benzoate,1
near_infrared_luminescence,1
calcium_fluoride,1
luminescence_quenching,1
visible_light_excitation,1
energy_transfer_process,1
optical_characteristic,1
photoluminescence_emission,1
energy_transfer_mechanism,1
vehicle_type,1
horse,1
multi_variable,1
transportation,1
abnormality,1
straw,1
sheep,1
behavioral_response,1
enclosure_experiment,1
hormone,1
"phantoms,_imaging",1
excitation_experiment,1
simulated_result,1
parallel_plate_waveguide,1
anatomical_structure,1
imaging_phantom,1
equipment_design,1
ultra_high_field,1
device,1
biomimetics,1
phantom,1
radiofrequency_radiation,1
image_acquisition,1
waveguide,1
electromagnetic_simulation,1
semi_anechoic_chamber,1
ultra_high_field_magnetic_resonance_imaging,1
saline_solution,1
radio_wave,1
gingiva_pain,1
reference_memory,1
carcinoma_in_situ,1
acantholysis,1
acantholytic_dyskeratosis,1
incisional_biopsy,1
tooth_plaque,1
mouth_cavity,1
mouth_examination,1
fluocinolone_acetonide,1
disease_duration,1
deflazacort,1
corticosteroid,1
situ_chemical_polymerization,1
polyaniline,1
stripping,1
adsorption_process,1
adsorption_and_desorption,1
initial_concentration,1
macroporous_foam,1
suckling_animal,1
postnatal_growth,1
campylobacter,1
salmonella_enterica_serovar_typhimurium,1
campylobacter_infection,1
cell_invasion,1
endometrium,1
campylobacteriosis,1
host_pathogen_interaction,1
flexural_frequency,1
timoshenkos_beam_theory,1
acoustic_resonance_spectroscopy,1
elastic_bending,1
resonance,1
frequency_filter,1
bending_wave,1
declarative_memory,1
poincare_map,1
particle_beam,1
poincare_map_method,1
frequency_spectrum,1
nematics,1
transition,1
thermotropic_liquid_crystal,1
topological,1
calamitics,1
isotropics,1
disclinations,1
smectics,1
weak_solution,1
continuous_wavelet_transform,1
inversion_formula,1
regularity_property,1
wavelet_transforms,1
radial_function,1
linear_partial_differential_equation,1
continuous_wavelet,1
rocky_desertification,1
rocky_shore,1
turnover,1
nestedness,1
time_spent_in_open_arm,1
carangidae,1
serranidae,1
latitudinal_gradient,1
specie_inventory,1
pacific_coast_[north_america],1
reef,1
labridae,1
pacific_coast_[mexico],1
muraenidae,1
"lipc_protein,_human",1
lipc_gene,1
lipase,1
dna_polymorphism,1
"cholesterol,_hdl",1
reporter_gene,1
gene_function,1
mediation_analysis,1
rat_model,1
carcinogen,1
tire,1
photoautotroph,1
soot,1
quantum_transport_simulation,1
electrical_component,1
electronic_oscillator,1
su_schrieffer_heeger_model,1
transport_protocol,1
quantum_computer,1
electronic_platform,1
reconfigurable_network,1
operational_amplifier,1
scalable_quantum_computing,1
simulation_platform,1
pancreas_islet_delta_cell,1
single_channel_patch_clamp,1
action_potential,1
membrane_potential,1
whole_cell_patch_clamp,1
potassium_channel,1
voltage_clamp_technique,1
process_model,1
ion_current,1
xenopus_laevis,1
environmental_fate,1
soil_analysis,1
soil_contaminant,1
clinical_chemistry,1
specie_differentiation,1
pyrene,1
soluble_fraction,1
soil_moisture,1
phenanthrene,1
soil_chemistry,1
sequential_extraction,1
anthracene,1
hydrocarbon,1
paraffin,1
watersoluble,1
sequential_solvent_extraction,1
electrochemistry,1
organic_contaminant,1
hexadecane,1
soil_treatment,1
fungus_spore,1
hypocreales,1
biological_pest_control,1
"pest_control,_biological",1
"spores,_fungal",1
insect,1
"cuticle_proteins,_insect",1
insect_protein,1
insecta,1
semiconductor_quantum_well,1
photoluminescent_spectrum,1
chemical_shift_modeling,1
nano_powder,1
nanocrystalline_powder,1
anatase_structure,1
vi_spectroscopy,1
f_f_transition,1
photoluminescence_property,1
photoluminescence_spectroscopy,1
gamma_rhythm,1
slow_wave_sleep,1
calea_zacatechichi,1
cognition,1
nonrem_sleep,1
sleep_waking_cycle,1
dry_cell_weight,1
calea_zacatechichi_extract,1
rem_sleep,1
sedative_agent,1
"sleep,_rem",1
clomipramine,1
anxiety_disorder,1
grass,1
marker_gene,1
maximum_permissible_dose,1
causal_attribution,1
genotoxicity,1
photoautotrophy,1
thyroid_disease,1
subclinical_hypothyroidism,1
micronucleus,1
glassy_carbon_electrode,1
silver_electrodeposition,1
electrochemical_measurement,1
scanning_electron_microscopy_image,1
electric_battery,1
dealloying,1
silver_oxide,1
glass_membrane_electrode,1
diffusion_controlled_growth,1
morphology_and_composition,1
conjugation_length,1
photophysics,1
maldi_tof_mass_spectrometry,1
oligomers,1
phenylene_ethynylenes,1
step_by_step_approach,1
chromophore,1
boron_dipyrromethene,1
phenyleneethynylene,1
electron_communication,1
theoretical_calculation,1
family_income,1
waist_to_height_ratio,1
alkaline_phosphatase,1
globulin,1
curcuma_longa,1
carcass,1
mineral_supplementation,1
curcumin,1
synechococcus_elongatus,1
growth_performance,1
animunin_powder,1
lamb,1
mean_corpuscular_hemoglobin_concentration,1
ph_control,1
polyherbal_mixture,1
starvation,1
naringenin,1
pasteurella,1
piper_longum,1
neutrophil,1
bobact,1
solanum_virginianum,1
ocimum_tenuiflorum,1
microbiological_parameter,1
liveweight_gain,1
soybean_meal,1
phosphorus,1
herbaceous_agent,1
vitamin_supplementation,1
longissimus_muscle,1
morphometry,1
bilirubin,1
vitamin,1
data_analysis,1
wheat_bran,1
koptisin_ovine,1
clostridium,1
saline_soil,1
acidithiobacillus_thiooxidans,1
compost,1
bacterial_specie,1
non_sterile_condition,1
chemical_impact,1
soil_salinity,1
composting,1
chemical_property,1
acidithiobacillus,1
organic_fertilizer,1
fertilizer_application,1
inoculum,1
dissolution_kinetics,1
controlling_factor,1
decomposition_process,1
effect_of_temperature,1
heterogeneous_particle,1
shrinking_core_model,1
dissolution_reaction,1
decomposition_reaction,1
bioreactor_configuration,1
packed_bed_bioreactors,1
two_stage_bioreactors,1
dry_cell,1
denitrifying_condition,1
biogas,1
nitric_acid_derivative,1
packed_bed,1
mass_balance,1
bacterial_community_composition,1
synechococcus,1
hydrogen_sulfide,1
synthetic_biogas,1
two_stage_bioreactor,1
biofuel,1
mineral_salt_medium,1
nitrogen_mass_balance,1
hydroxybutyrates,1
nitrate_reduction,1
exopolysaccharide,1
fusarium_oxysporum,1
fungal_biomass,1
esterases,1
phthalic_acid_dibutyl_ester,1
esterase,1
dibutyl_phthalate,1
fusarium_culmorum,1
pollution,1
nutrient_availability,1
separation_process,1
design_and_evaluation,1
process_configuration,1
value_added_product,1
lignocellulosic_waste,1
energy_consumption_and_production,1
population_dynamic,1
chronic_toxicity,1
sublethal_concentration,1
endocrine_disruptors,1
ecotoxicity,1
"toxicity_tests,_chronic",1
plationus_patulus,1
zooplankton,1
brachionus_havanaensis,1
morphological_trait,1
active_ingredient,1
poly_beta_hydroxybutyrate,1
diurnal_variation,1
metropolitan_area,1
atomic_absorption_spectroscopy,1
instrumentation,1
measurement_method,1
satellite_data,1
three_phase_system,1
distributed_energy_resource,1
function_block,1
design_methodology,1
energy_resource,1
pulse_voltage,1
voltage_source,1
input_output,1
output_value,1
reactive_component,1
constituent_element,1
pick_theorem,1
interview_protocol,1
area_calculation,1
study_design,1
technology_resource,1
ipriflavone,1
benzimidazoles,1
giardicidal_activity,1
ligand_binding,1
benatoprazole,1
virtual_reality,1
fabomotizole,1
albendazole,1
carbamic_acid_derivative,1
lobendazole,1
in_vitro_technique,1
carbamate,1
isoflavones,1
isoflavone_derivative,1
nitazoxanide,1
flux_balance_analysis,1
phosphoenolpyruvate,1
type_ii_site_specific_deoxyribonuclease,1
high_cell_density_culture,1
pykf_protein,1
vitreoscilla,1
pyruvate_kinase,1
fed_batch_culture,1
anaplerotic_pathway,1
pyka_protein,1
acetyl_coenzyme_a,1
overflow_metabolism,1
microaerobic_condition,1
phosphotransferase,1
oxaloacetic_acid,1
primary_culture,1
intracellular_bacterium,1
infectious_agent,1
varanidae,1
subsidy_system,1
economic_activity,1
santa_catarina,1
neoliberalism,1
rural_economy,1
particle_diameter_distribution,1
oil_encapsulation,1
phb_polymer,1
amylose_content,1
surface_alteration,1
diameter_distribution,1
particle_diameter,1
cat,1
cat_disease,1
suicide,1
upscaling,1
solute_transport,1
motivation,1
interstitial_lung_disease,1
echography,1
citrus,1
lung_ultrasound_score,1
beta_fructopyranose,1
urine_volume,1
antinociceptive_agent,1
glucopyranoside,1
diuretic_agent,1
indomethacin,1
diuretic_activity,1
eryngium_carlinae_extract,1
dextro_glucose,1
naproxen,1
d_mannose_[per],1
eryngium,1
parabens,1
"models,_animal",1
methyl_paraben,1
cell_expansion,1
chemical_element,1
pollutant_source,1
aerosol,1
dimerization,1
diclofenac_complex,1
clinical_condition,1
aspartate_aminotransferase_blood_level,1
delay,1
intensity,1
vasculotropin,1
quality,1
damage,1
thermodynamic_cycle,1
sport,1
stability_constant,1
rantes,1
serum_concentration,1
dft_protocol,1
biochemical_parameter,1
cu,1
physical_capacity,1
nonsteroidal_anti_inflammatory_drug,1
low_intensity_exercise,1
physical_exercise,1
optical_lattice,1
chromatic_coordinate,1
molecular_modeling,1
sodium_aluminate,1
light_emission,1
ultrasonic_application,1
surface_morphology,1
spray_pyrolysis,1
violet_blue_emission,1
ultrasonic_spray_pyrolysis_technique,1
doping_concentration,1
white_light_emission,1
semiconductor_doping,1
chemical_speciation_of_cu/diclofenac,1
neurobiology,1
toll_like_receptor,1
nuclear_factor,1
morphine,1
corticotropin,1
propofol,1
thiopental,1
anorexia,1
growth_hormone,1
dexmedetomidine,1
surgical_stress,1
midazolam,1
immunopathology,1
lidocaine,1
vasopressin,1
luteinizing_hormone,1
triiodothyronine_derivative,1
alicyclic_compound,1
drowsiness,1
thyroxine,1
acepromazine,1
body_position,1
aldosterone,1
neurosecretory_cell,1
adipose_tissue,1
prostaglandin_synthase,1
serotoninergic_nerve_cell,1
tilia_americana_var._mexicana,1
serotonin,1
exploratory_behavior,1
tilia,1
immobility_time,1
isoquercetin,1
chromatography,1
phloroglucinol,1
ketanserin,1
serotoninergic_system,1
serotonergic_neuron,1
drug_transformation,1
bipolar_disorder,1
gabaergic_transmission,1
predictor_variable,1
gene_product,1
drug_response,1
genetic_risk_score,1
organophosphorus_compound,1
metabolic_ratio,1
talc,1
brucite,1
unclassified_gram_positive_bacteria,1
antibiotic_resistant_bacteria,1
membrane_type,1
listeria,1
saponite,1
posibacteria,1
negibacteria,1
salmonella,1
gram_positive,1
antibiotic,1
salmonella_typhimurium,1
salmonella_typhi,1
barium,1
sepiolite,1
colloid,1
lipid_metabolism,1
glutamatergic_synapse,1
azadirachta_indica,1
animal_food,1
milk,1
mapk_signaling,1
immunoglobulin_production,1
cell_nucleus_receptor,1
gene_ontology,1
blood_chemistry,1
andrographis_paniculata,1
arachidonic_acid_metabolism,1
tight_junction,1
focal_adhesion,1
hippo_signaling,1
epididymal_tissue,1
temefos,1
vascular_smooth_muscle,1
trachyspermum_ammi,1
thyroid_hormone,1
peroxisome_proliferator_activated_receptor_alpha,1
arachidonic_acid,1
reproductive_toxicity,1
colocynth,1
smooth_muscle_contraction,1
achyrantes_aspera,1
pantothenic_acid,1
mucin,1
structural_and_mechanical_characterization,1
cu_alloy,1
electrical_test,1
membrane_lipid,1
polysome,1
molecular_conformation,1
deterministic_problem,1
reciprocal_theorem,1
method_of_reflection,1
polyribosomes,1
translation_process,1
conformational_cycle,1
macromolecule,1
automatic_method,1
time_frequency_feature,1
tissue_metabolism,1
automatic_selection,1
stroke_patient,1
manual_measurement,1
intermethod_comparison,1
"evoked_potentials,_motor",1
surface_analysis,1
inhibitor_concentration,1
dispersion_corrected_density_functional,1
metal_analysis,1
basis_set,1
helium_atom,1
regular_mesh,1
free_basis,1
numerical_code,1
sperm_function,1
finasteride,1
sesame_seed_oil,1
prostate_hypertrophy,1
androgen,1
organ_system,1
androstanolone,1
protein_determination,1
cytosol,1
competitive_binding_assay,1
mibolerone,1
drug_analysis,1
syrian_hamster,1
flank_organ_test,1
prostate_weight,1
glycogen_liver_level,1
scanning_electron_micrographs,1
short_range_ordering,1
heating_temperature,1
gelatinization_temperature,1
middle_east_respiratory_syndrome_coronavirus,1
increasing_temperature,1
heating,1
organ_size,1
testis_descent,1
seminal_vesicle,1
antioxidant_assay,1
sars_virus,1
sexual_maturation,1
steam_explosion,1
prepuce,1
male_genital_system,1
delayed_puberty,1
"bridged_bicyclo_compounds,_heterocyclic",1
methyl_orange,1
polyvinyl_derivative,1
environmental_stability,1
total_carbohydrate,1
effluent_treatment,1
fused_heterocyclic_ring,1
entropy_and_enthalpy,1
polyvinyls,1
recirculating_filtration,1
anion,1
biofuel_production,1
azo_compound,1
adsorption/desorption,1
san_pedro_[paraguay],1
el_alto,1
simulated_annealing,1
forest_management,1
multiobjective_programming,1
paraguay,1
operation_technology,1
wood_quality,1
zoning_policy,1
la_paz_[bolivia],1
bolivia,1
casein,1
interfacial_interaction,1
biofunctional_peptide,1
angiotensin_converting_enzyme,1
intestinal_epithelium,1
equilibrium_molecular_dynamic,1
phospholipid_molecule,1
physiological_function,1
phospholipid,1
lipid_bilayers,1
free_energy_landscape,1
gaussian_copula,1
cumulative_incidence,1
semiparametric_model,1
maximum_likelihood_estimation,1
information_criterion,1
logistic_regression_modeling,1
proportional_hazard,1
time_varying_effect,1
hazard,1
fluid,1
biomass_structure,1
momentum_equation,1
apparent_permeability,1
domain_approach,1
no_slip_condition,1
validation_with_experimental_data,1
flow_situation,1
safe_operating_condition,1
shear_stress,1
fluidized_bed_furnace,1
inverse_problem,1
particle_reynolds_number,1
eulerian_eulerian_approach,1
supersaturation,1
fluidized_bed,1
fluidized_bed_reactor,1
unsteady_laminar_flow,1
threedimensional,1
industrial_sector,1
starch_molecule,1
stirring_speed,1
vitro_activity,1
α_amylase_activity,1
sugar_constituent,1
deactivation,1
amide,1
amylase_activity,1
industrial_research,1
amylase,1
scopus,1
enzymatic_degradation,1
chiapas,1
baja_california,1
oaxaca_cheese,1
raw_milk,1
panela_cheese,1
nutritional_value,1
food_contamination,1
food_legislation,1
pasteurization,1
severity_factor,1
guanajuato,1
metaphase,1
"membrane_potential,_mitochondrial",1
sulfonic_acid_derivative,1
sulfonic_acid,1
meiotic_spindle,1
perfluorohexanesulfonic_acid,1
gap_junction,1
germinal_vesicle,1
cell_communication,1
bright_soliton,1
birefringent_fiber,1
soliton_solution,1
cubic_nonlinearities,1
adomian_decomposition_method,1
traveling_wave,1
four_wave_mixing,1
emerging_country,1
farm_animal,1
cross_cultural_study,1
attitude,1
socio_demographic_variable,1
educational_level,1
optical_profilometry,1
enzymatic_hydrolysis_condition,1
silicon_carbide,1
mechanical_device,1
abrasive,1
abrasive_wear_behavior,1
archards_law,1
ball_cratering,1
abrasion,1
geomorphology,1
controlled_volume,1
morone,1
pretreatment_condition,1
vascular_remodeling,1
morone_saxatilis,1
arachis_hypogaea,1
pollution_exposure,1
juvenile,1
animalia,1
electric_power_system_protection,1
multiterminal_transmission_line,1
time_domain_analysis,1
power_system_protection,1
vascular_disease,1
accurate_performance,1
alternative_transient_program,1
electromagnetic_transient_program,1
transmission,1
fault_detection_and_location,1
conventional_protection,1
electric_power_transmission,1
terminal_measurement,1
electric_line,1
organic_fraction_of_municipal_solid_waste,1
water_hyacinth,1
renewable_energy,1
volatile_solid,1
municipal_solid_waste,1
thermophilic_condition,1
biochemical_methane_potential,1
phase_change,1
omnidirectional_radiation_pattern,1
monopole_antenna,1
circular_monopole,1
mimo_antenna,1
microwave_antenna,1
mimo_system,1
orthogonal_property,1
envelope_correlation_coefficient,1
frequency_band_width,1
multiple_input_multiple_output_antenna,1
interleukin_derivative,1
optical_kerr_effect,1
chromatic_dispersion,1
fiber_core,1
core_material,1
pulse_propagation,1
dispersion_contribution,1
germanium_oxide,1
control_nonlinearities,1
in_fiber,1
fibre_dispersion,1
iterative_method,1
fused_silica,1
sellmeier_equation,1
electron_distribution,1
two_component,1
charge_concentration,1
momentum_space,1
complexity_measure,1
electric_charge,1
microbial_consortium,1
stoichiometric_ratio,1
extracellular_polymeric_substance,1
metal_concentration,1
anaerobic_condition,1
lactobacillus_brevis,1
pyrimethamine_sulfadiazine,1
toxoplasmosis,1
acute_toxoplasmosis,1
cytokine_production,1
pyrimethamine,1
cyst,1
toxoplasma,1
toxoplasma_gondii,1
parasite_load,1
antiviral_activity,1
hydrodistillation,1
antimalarial_activity,1
folinic_acid,1
chloroquine,1
sulfadiazine,1
ocular_toxoplasmosis,1
seroprevalence,1
clindamycin,1
trypanosoma_cruzi,1
cerebral_toxoplasmosis,1
natural_product,1
antimicrobial_activity,1
human_population,1
precipitation_data,1
regional_scale,1
susceptible_infected_susceptible,1
metapopulation_model,1
climate_model,1
migration_rate,1
climate_variability,1
bread,1
critical_temperature,1
high_temperature,1
food_handling,1
food_texture,1
food_technology,1
dry_heat,1
barthel_index,1
nutritional_assessment,1
hand_strength,1
grooming,1
nutrition_assessment,1
urine_incontinence,1
ethnology,1
chronic_disease,1
daily_life_activity,1
married_person,1
immunoassay,1
vitamin_d_deficiency,1
vitamin_d,1
independent_living,1
vitamin_blood_level,1
community_dwelling_person,1
heterogeneous_photocatalysis,1
"infusions,_parenteral",1
metallurgical_waste,1
slag,1
experimental_factor,1
analysis_of_variance,1
factorial_experimental_design,1
acetic_acid_concentration,1
x_ray_fluorescence,1
"endothelium,_vascular",1
hydrogen_generation,1
drug_combination,1
fusion_protein,1
transforming_growth_factor_beta,1
cancer_combination_chemotherapy,1
autophagy_related_protein,1
cell_protein,1
enzyme_regulation,1
autophagy,1
intracellular_signaling_peptide_and_protein,1
interleukin,1
colorectal_neoplasm,1
doxorubicin,1
cell_vacuole,1
colorectal_cancer,1
cell_stimulation,1
protein_modification,1
signal_peptide,1
sodium_oxamate,1
triple_drug_combination,1
protein_hyperlipidation,1
colorectal_tumor,1
general_hospital,1
curve_fitting,1
markov_chain_monte_carlo_method,1
glucose_tolerance,1
binary_classification,1
fusobacterium_nucleatum,1
streptococcus_oralis,1
bifidobacterium,1
probiotic_agent,1
bifidobacterium_animalis,1
bifidobacterium_longum_subsp._infantis,1
porphyromonas_gingivalis,1
probiotic,1
bacterial_dna,1
bifidobacterium_longum,1
periodontal_disease,1
dna_hybridization,1
bacterial_count,1
plastic_energy,1
seismic_energy,1
ductility,1
low_cycle_fatigue,1
structural_damage,1
fatigue_damage,1
ductility_demand,1
hysteretic_energy,1
decidability_property,1
intersection_graph,1
graph_structure,1
clique_graph,1
first_order,1
robot,1
finite_automaton,1
bounded_degree_graph,1
automatic_structure,1
goniotomy,1
glaucoma,1
hla_a_antigen,1
trabeculoplasty,1
beta_adrenergic_receptor_blocking_agent,1
eye_examination,1
optic_nerve_lesion,1
visual_field,1
trabeculectomy,1
retina_malformation,1
carbonate_dehydratase_inhibitor,1
slit_lamp_microscopy,1
hla_b_antigen,1
major_histocompatibility_complex,1
open_angle_glaucoma,1
gonioscopy,1
visual_acuity,1
retinal_nerve_fiber_layer,1
congenital_glaucoma,1
eye_drop,1
optical_coherence_tomography,1
intraocular_pressure,1
reinforced_concrete_beam,1
structural_element,1
concrete_beam_and_girder,1
reinforced_concrete_member,1
effective_stiffness,1
fundamental_principle,1
rational_equation,1
supporting_condition,1
concrete_construction,1
state_of_the_art_performance,1
single_trial,1
competitive_performance,1
convolutional_neural_network,1
parenteral_drug_administration,1
detection_rate,1
mathematical_computing,1
network_architecture,1
driving_force,1
value_of_life,1
event_related_potential,1
convolution,1
sulbactam,1
tobramycin,1
ceftriaxone,1
chloramphenicol,1
chylothorax,1
carbapenem,1
ertapenem,1
tazobactam,1
amoxicillin_plus_clavulanic_acid,1
klebsiella_pneumoniae,1
pediatrics,1
ceftolozane,1
ceftaroline,1
cefazolin,1
avibactam,1
nitrofuran,1
polymyxin,1
doripenem,1
phoosphomycin,1
broth_dilution,1
morphological_adaptation,1
quinolone,1
cefotetan,1
transgestational_urinary_infection,1
glycycline,1
mcfarland_scale,1
sepsis,1
multidrug_resistant_bacterium,1
amikacin,1
meropenem,1
nitrofurantoin,1
centrifugation,1
escherichia_fergusonii,1
cefaclor,1
ceftibuten,1
piperacillin_plus_tazobactam,1
swabbing,1
aminoglycoside,1
cefoperazone,1
cefpodoxime,1
phosphonic_acid_derivative,1
netilmicin,1
tigecyclin,1
molecular_identification,1
beta_lactam,1
penicillin_g,1
genotype_phenotype_correlation,1
imipenem,1
ceftazidime,1
query_language,1
developing_platform,1
institutional_repository,1
semantic_web_technology,1
metadata,1
semantic_web,1
educational_material,1
educational_metadata,1
open_educational_resource,1
information_service,1
resource_description,1
procalcitonin,1
culture,1
placenta_tissue,1
placental_endothelium,1
prothrombin_time,1
vascular_endothelial_cadherin,1
von_willebrand_factor,1
fluorescence_intensity,1
endothelium,1
convenience_sample,1
decidua,1
"pregnancy_complications,_infectious",1
placenta,1
microangiopathy,1
interpersonal_communication,1
immunofluorescence_test,1
negotiating,1
chorion_villus,1
leukocyte_antigen,1
microvascular_injury,1
fluorescein_isothiocyanate,1
"antigens,_cd",1
isoleucine,1
radioactive_iodine,1
beta_arrestin,1
hypergonadotropic_hypogonadism,1
receptor_binding,1
thyrotoxicosis,1
missense_mutation,1
threonine,1
ethinylestradiol_plus_norelgestromin,1
"mutation,_missense",1
"receptors,_fsh",1
cyclic_amp,1
immunoblotting,1
recombinant_follitropin,1
pedigree,1
graf_disease,1
ovary_insufficiency,1
fshr_gene,1
sanger_sequencing,1
medroxyprogesterone_acetate,1
amino_acid_substitution,1
hypothyroidism,1
amenorrhea,1
hormone_substitution,1
"fshr_protein,_human",1
levothyroxine,1
hormone_determination,1
premature_ovarian_failure,1
mutational_analysis,1
primary_ovarian_insufficiency,1
follitropin_receptor,1
medroxyprogesterone,1
cyclic_amp_dependent_protein_kinase,1
sulfide_mineral,1
bacterial_attachment,1
surface_modified_sample,1
electrochemical_monitoring,1
microbial_inoculation,1
ore_deposit,1
microbial_concentration,1
mineral_interaction,1
powder_diffraction,1
working_temperature,1
reaction_model,1
shellfish,1
high_pressure,1
normal_condition,1
dosidicus_gigas,1
decapodiformes,1
carbohydrate_conformation,1
chitin,1
non_isothermal_data,1
mollusc,1
nitrogen_atmosphere,1
sensitivity,1
medium,1
analytical_performance,1
vi_spectrophotometry,1
detection,1
amperometry,1
detection_and_quantification_limit,1
supramolecular_inclusion_complex,1
cyclic_voltammetry,1
dissociation_constant,1
ab,1
quantification_limit,1
inclusion_complex,1
dark_optical_soliton,1
integration_scheme,1
biopsy,1
mouth_lesion,1
comprehension,1
lymphocytic_infiltration,1
virus_spike_protein,1
dry_cough,1
lip_biopsy,1
minor_saliva_gland,1
lip_disease,1
perception,1
bullous_skin_disease,1
"skin_diseases,_vesiculobullous",1
lip,1
keratinocyte,1
sweetening_agent,1
intestinal_mucosa,1
intestine_mucosa,1
b_lymphocyte,1
relative_deviation,1
electromagnetic_field_effect,1
uniform_approximation,1
significant_digit,1
parametric_function,1
quadrupole_moment,1
positron,1
mesh_generation,1
uniform_magnetic_field,1
borel_resummation,1
riccati_equation,1
sulfur_hexafluoride,1
laboratory_test,1
ostracism,1
electronic_energy_state,1
gadolinium_oxide,1
fluxing_agent,1
ceramic_particle,1
upconversion_property,1
visible_region,1
polystyrene_film,1
judgment,1
organization,1
fibrosis,1
chaga_disease,1
dipole_moment_of_minimun_density,1
sulfamethoxazole,1
hydroxylamine,1
biological_water_treatment,1
dipotassium_hydrogen_phosphate,1
enzyme_kinetics,1
consumption_rate,1
bicarbonate,1
waste_water,1
clofibrate,1
incubation_time,1
nitroimidazole,1
triclosan,1
ammonium_oxidation,1
nitrifying_activity,1
cell_wall,1
anaerobic_bacterium,1
nitrate_production,1
molybdenum,1
propranolol,1
ofloxacin,1
biological_process,1
oxygen_concentration,1
ecophysiology,1
nitrite_oxidation,1
potassium_dihydrogen_phosphate,1
tricalcium_silicate,1
penetration_test,1
hydration_product,1
hydration,1
calcium_silicate,1
physical_and_chemical_property,1
polycarboxylate_based_superplasticizer,1
hydrated_product,1
cement,1
hardening_property,1
hardening,1
dominating_set,1
product_graph,1
tight_bound,1
domination_number,1
cardinality,1
special_class,1
np_hard,1
sulfide,1
sulfur_oxidizer,1
alicyclipilus,1
pseudomonas,1
thiomiscropira,1
thiobacillus,1
truepera,1
hormesis,1
stress_generation,1
liver_histology,1
metabolic_bone_disease,1
processing,1
forelimb,1
osteosarcopenic_obesity,1
tert_butylhydroquinone,1
density,1
"bone_diseases,_metabolic",1
fluid_intake,1
muscle_strength,1
hydroquinone_derivative,1
body_weight_loss,1
gastrocnemius_muscle,1
exercise_training,1
muscle_mass,1
high_calorie_diet,1
bone_mineral_density,1
combined_treatment,1
sarcopenic_obesity,1
hydroquinones,1
multi_dimensional_model,1
asymptotic_theory,1
asymptotic_analysis,1
interfacial_region,1
coupled_modeling,1
flow_of_fluid,1
friction_coefficient,1
fluid_porous_interface,1
jump_condition,1
electromagnetic_spectrum,1
nonlinearity,1
lv_phase_equilibrium,1
momentum,1
asymptotic_model,1
environmental_contamination,1
"cells,_immobilized",1
biotechnological_application,1
microbial_strain,1
heavy_metal_removal,1
immobilized_cell,1
cell_immobilization,1
industrial_emission,1
plant_life_extension,1
suspension,1
support_surface,1
bioconversion_of_cr,1
cell_suspension,1
electrostatic_immobilization,1
spectrum_property,1
swift_heavy_ion_track,1
swift_heavy_ion,1
annealing_environment,1
water_based,1
dipole_moment,1
harmonic_potential,1
arrhenius_correlation,1
permittivity,1
dielectric_spectrum,1
alternating_voltage,1
flexible_model,1
neovascularization,1
"neovascularization,_pathologic",1
topic:_aromatic_molecule,1
elastic_wave,1
aromatic_molecule,1
artificial_atom,1
tight_binding,1
tight_binding_modeling,1
borazine,1
finite_group,1
atomic_orbital,1
simple_expression,1
a_particles,1
two_dimensional_rectangular,1
two_dimension,1
two_dimensional_problem,1
vasodilation,1
experimental_animal,1
scientific_literature,1
infrared_ray,1
vasoconstriction,1
scar_formation,1
"animals,_laboratory",1
body_surface,1
infrared_radiation,1
emotion,1
virus_internalization,1
virus_entry,1
zika_fever,1
virus_glycoprotein,1
zika_virus_infection,1
pseudotyping,1
zika_virus,1
tropism,1
flow_measurement,1
real_time_sensor,1
merida_[venezuela],1
quality_evaluation,1
potential_source,1
merida_[merida_],1
absorption_co_efficient,1
nitrogen_oxide,1
los_angeles_[california],1
california,1
bimodal_behavior,1
carbon_monoxide,1
yucatan_peninsula,1
mineral_oil,1
boston,1
seasonal_trend,1
air_quality,1
massachusetts,1
convolution_product,1
momentum_transport,1
initial_boundary_value_problem,1
homogeneous_medium,1
fluid_flow,1
petroleum_reservoir_evaluation,1
water_model,1
macroscopic_velocity,1
dynamic_permeability,1
homogeneous_porous_medium,1
hierarchical_clustering,1
semi_structured_interview,1
initial_value_problem,1
temporal_derivative,1
ambrosia,1
xyleborus_affinis,1
beetle,1
coleoptera,1
pest_control,1
metarhizium,1
biological_control,1
platypodini,1
persea_americana,1
biocontrol_agent,1
crop_pest,1
trichoderma_asperellum,1
thermo_gravimetric,1
differential_scanning_calorimetric_analysis,1
indigo_carmine_dye,1
killifish,1
chemical_precipitation_method,1
ethylenediamine,1
charpy_impact_testing,1
agonistic_behavior,1
average_diameter,1
weld,1
oxide_nanoparticles,1
fracture_mechanic,1
ductile_and_brittle_fracture,1
manganese_oxide,1
submerged_arc_welding,1
fracture_characteristic,1
fracture_feature,1
surface_density,1
acicular_ferrite,1
charpy_v_notch,1
kriging,1
uncertainty_quantification,1
design_of_experiment,1
polynomial_model,1
hybrid_algorithm,1
discrete_wavelet_transforms,1
one_point_quadrature,1
scaling_function,1
functional_analysis,1
scaling_moment,1
quadrature_formula,1
degree_of_precision,1
daubechies_wavelet,1
pyrrolidine_derivative,1
supramolecular_network,1
ptoluenesulfonic_acid,1
michael_addition,1
toluenesulfonic_acid_derivative,1
aromatic_amine,1
maleimide,1
aza_michael_addition,1
chemical_binding,1
addition_reaction,1
multimodal_distribution,1
stabilization,1
organic_nanoparticles,1
bimodal_distribution,1
clinoptilolite_zeolite,1
antibacterial_material,1
gram_negative_bacteria,1
caribbean,1
oral_health,1
health,1
caribbean_region,1
animal_distribution,1
puma,1
microsatellite_repeat,1
animal_dispersal,1
microsatellite_dna,1
angiotensin_converting_enzyme_inhibitor,1
beta_amirin,1
maslinic_acid,1
alpha_amirin,1
erythrodiol,1
neoeriocitrin,1
corosolic_acid,1
ursolic_acid,1
caffeic_acid,1
lisinopril,1
uvaol,1
luteolin_glucoside,1
dipeptidyl_carboxypeptidase,1
eupatorin,1
rosmarinic_acid,1
terpenoid,1
terpene_derivative,1
drug_isolation,1
acetic_acid_ethyl_ester,1
polyphenol_derivative,1
ginzburg_landau,1
perturbation,1
complex_ginzburg_landau_equation,1
soliton_pertubations,1
maximum_intensity,1
integration_structure,1
non–kerr_law,1
kerr_law,1
body_size,1
emulsion_polymerization,1
hybrid_microspheres,1
situ_surface_modification,1
pickering_emulsion_polymerization,1
coreshell_polymer,1
surface_modified_silica_nanoparticles,1
polymerization_mechanism,1
microspheres,1
swelling,1
cross_linking_agent,1
kinetic_modeling,1
function_of_time,1
temperature_parameter,1
energy_dispersive_spectrometry,1
contour_diagram,1
mass_balance_equation,1
steady_state_flux,1
homogenization_method,1
membrane_channel,1
diffusion_resistance,1
diffusive_transport,1
solute,1
solute_concentration,1
approximate_analytical_result,1
effect_of_annealing,1
crystallite_size,1
high_transmittance,1
radiative_recombination,1
annealing_temperature,1
dip_coating_technique,1
preferential_orientation,1
sulfur_vacancy,1
combined_heat,1
resistant_starch,1
acid_treatment,1
dual_heat,1
temperature_dependent,1
jatropha,1
"diabetes_mellitus,_experimental",1
latex,1
experimental_diabetes_mellitus,1
"mapt_protein,_human",1
phosphoprotein,1
tau_protein,1
nonlocal,1
adomian_method,1
numerical_scheme,1
analytical_result,1
natural_resource,1
land_use_change,1
community_response,1
resource_management,1
landscape_change,1
thelypteris_ovata,1
llavea_cordifolia,1
phytoplankton,1
pellaea_ovata,1
long_term_change,1
vigor,1
spore,1
tree_method,1
search_method,1
nearest_neighbor_search,1
nearest_neighbor_searching,1
near_neighbor_search,1
close_pair_search,1
hydrodynamics_calculation,1
sigma_delta_modulator,1
stack_machine,1
behavioural_simulation,1
modulators,1
single_bit,1
design_tool,1
random_access_storage,1
discrete_time_control_system,1
digital_control_system,1
delta_sigma_modulation,1
computer_software,1
sigma_delta_modulation,1
discrete_time,1
user_friendly_tool,1
discrete___time_system,1
graphical_user_interface,1
vein_puncture,1
milk_yield,1
hypocalcemia,1
laminitis,1
ketoacidosis,1
drug_identification,1
host_cell,1
formoterol,1
ipratropium_bromide,1
vitronectin,1
fexofenadine,1
flora,1
tracheophyta,1
alpine_environment,1
floristics,1
poaceae,1
caryophyllaceae,1
tropical_environment,1
vascular_plant,1
microwave_hydrothermal_method,1
raman_analysis,1
specific_surface,1
hydrothermal_synthesis,1
methanol_solution,1
phase_powder,1
strontium_titanates,1
microwave_hydrothermal_synthesis,1
ventilation_strategy,1
thermal_comfort,1
selective_algorithm,1
warm_climate,1
dynamic_thermal_simulation,1
climate_condition,1
passive_system,1
low__income_dwelling,1
sub_humid,1
natural_ventilation,1
ventilation,1
housing,1
social_housing,1
multi_modal,1
metastable_phase,1
bcc_phasis,1
grain_size,1
iron_alloy,1
powdered_metal,1
cyprinodontiformes,1
titanium_metallography,1
titanium_alloy,1
aluminum_metallography,1
aluminium_content,1
high_entropy_alloy,1
spark_plasma_sintering,1
frumkin_adsorption_isotherm,1
corrosion_process,1
fundulidae,1
fluconazole,1
anti_corrosion,1
corrosion_mechanism,1
quench_dynamic_simulation,1
low_carbon_steel,1
functionalized_nanoparticles,1
sars,1
cucumis_sativus,1
viral_infectivity,1
viral_load,1
medical_nanotechnology,1
viral_particle,1
antiviral,1
citrus_extract,1
antiseptic,1
conduction_band,1
magnesium_metallography,1
uranium_metallography,1
magnetic_separation,1
high_energy_ball_milling,1
dry_magnetic_separation,1
negative_potential,1
ilmenite,1
band_gap_widening,1
ball_milling,1
vanadium_metallography,1
physical_characteristic,1
ppar_gamma,1
amp_activated_protein_kinase,1
fatty_acid_transporter,1
ppar_delta,1
cell_function,1
pentacyclic_triterpenes,1
peroxisome_proliferator_activated_receptor_gamma,1
alpha_amyrin,1
adenosine_phosphate,1
protein_transport,1
hydroxymethylglutaryl_coenzyme_a_reductase_kinase,1
fatty_acid_transport_protein,1
logic_circuit,1
single_phase_transformer,1
three_phase_transformer,1
fuzzy_logic,1
on_line_detection,1
different_operating_condition,1
spectrum_estimation,1
differential_current,1
computer_circuit,1
economic_operation,1
phasor_measurement_unit,1
harmonic_content,1
cylindrical_sample,1
titanium_particle,1
significant_surface,1
indentation_fracture,1
uniform_distribution,1
microstructure_and_mechanical_property,1
alumina_matrix_composite,1
homogeneous_microstructure,1
microhardness,1
gravimetric_technique,1
acidic_environment,1
green_corrosion_inhibitor,1
corrosion_problem,1
it_efficiency,1
acid_environment,1
polyethylene_terephthalates,1
pristine_polymer,1
arrhenius_behavior,1
polyimides,1
radiation_defect,1
x_ray_photoemission_spectroscopy,1
modified_material,1
hydroxide,1
radical,1
electron_spin_resonance,1
sulfate_radical,1
photo_degradation,1
electron_spin_resonance_spectroscopy,1
mineralization,1
photocatalytic_behavior,1
zn_al_layered_double_hydroxide,1
aluminum,1
photolysis,1
phenol_degradation,1
chemical_compound,1
reverse_transcription,1
protein_isolation,1
alpha_actin,1
cancer_staging,1
tooth_development,1
user_identification,1
maximum_accuracy,1
biometric_security_system,1
performance_dimension,1
cognitive_system,1
multimodal_biometric_system,1
multi_modal_biometrics,1
speaker_identification_system,1
speech_recognition,1
biometrics,1
antiapoptotic_activity,1
in_situ_nick_end_labeling,1
neurotoxicity,1
cell_count,1
concentration_response,1
neuroprotection,1
immunodetection,1
research_method,1
image_classification,1
satellite_sensor,1
phylogenetics,1
pteronotus,1
introgression,1
mormoopidae,1
pteronotus_davyi,1
pteronotus_gymnonotus,1
allopatry,1
morphotype,1
sympatry,1
pore_scale_numerical_simulation,1
permeability_tensor,1
fluid_dynamic,1
macroscopic_model,1
groundwater_flow,1
spatial_periodicity,1
fluid_displacement,1
x_ray_crystallography,1
noncovalent,1
amino_terminal_sequence,1
dft,1
high_transmission_rate,1
quantum_chemistry_calculation,1
design_for_testability,1
qtaim,1
non_covalent_bond,1
recirculation_zone,1
turbulence_model,1
shear_layer_interaction,1
frictional_force,1
low_reynolds_number,1
design_and_development,1
medical_team,1
incremental_design,1
ontology_design,1
quality_measurement,1
end_user,1
end_user_requirement,1
iterative_process,1
base_material,1
magnetic_semiconductor,1
photocatalytic_reduction,1
effect_of_co,1
p_n_heterojunctions,1
donor_density,1
co_catalyst,1
uv_light_irradiation,1
diaminopimelic_acid,1
amino_acid_transport_system,1
"mammary_glands,_animal",1
copper_zinc_superoxide_dismutase,1
amino_acid_transporter,1
monoterpenes,1
lime,1
beer_flavor,1
child_nutrition,1
methoxy,1
icp_oes,1
underweight,1
malonaldehyde,1
enzyme_blood_level,1
triacylglycerol_glucose_index,1
au_island,1
monitoring_and_diagnosis,1
image_series,1
gold,1
crystallization_process,1
brewing,1
crystal_growth,1
"immunity,_innate",1
staphylococcus_epidermidis,1
ribotyping,1
corynebacterium_jeikeium,1
external_beam_radiotherapy,1
streptococcus_dysgalactiae,1
streptococcus_agalactiae,1
proteobacteria,1
corynebacterium_amycolatum,1
cervical_bacteria,1
corynebacterium_striatum,1
cancer_chemotherapy,1
bacillus_safensis,1
brachytherapy,1
corn_grain,1
