words,count
metabolism,713
chemistry,492
mexico_[north_america],385
genetics,369
physiology,332
rat,296
mouse,237
scanning_electron_microscopy,234
protein_expression,208
pathology,201
enzyme_activity,168
concentration,164
x_ray_diffraction,163
synthesis,162
wistar_rat,162
kinetics,157
density_functional_theory,153
"rats,_wistar",151
ph,150
antioxidant,149
oxidative_stress,145
blood,144
risk_factor,144
molecular_dynamic,142
temperature,136
microbiology,136
oxidation,135
particle_size,135
gene_expression,134
glucose,134
plant_extract,131
fourier_transform_infrared_spectroscopy,130
carbon_dioxide,129
catalyst,127
isolation_and_purification,127
adsorption,126
prevalence,126
mexico_city,122
protein,120
titanium_dioxide,119
molecule,117
water,115
cell_proliferation,112
body_mass,111
biomass,108
diffusion,107
morphology,104
high_performance_liquid_chromatography,104
oxygen,101
carbon,101
starch,99
cell_culture,99
pathophysiology,99
chemical_structure,98
fermentation,98
catalyst_activity,97
cell_viability,96
immunohistochemistry,95
bioreactors,92
classification,92
nanoparticles,91
hydrogen_bond,87
phenol,86
polymerase_chain_reaction,86
pregnancy,86
glass,85
obesity,85
complication,85
cytology,84
gene,83
ion,83
bacteria,82
molecular_docking,82
real_time_polymerase_chain_reaction,82
in_vivo_study,82
mortality,81
photocatalytic_activity,80
body_weight,80
chemical_analysis,80
dose_response,80
western_blotting,79
chlorine_compound,79
genotype,79
x_ray_photoelectron_spectroscopy,79
preschool_child,78
catalysis,78
federal_district_[mexico],78
newborn,78
atom,78
dispersion,78
numerical_method,77
thermodynamics,77
biosynthesis,77
questionnaire,77
phylogeny,77
physicochemical_property,77
signal_transduction,76
tumor_necrosis_factor,76
enzyme_linked_immunosorbent_assay,76
copper,76
epidemiology,76
"growth,_development_and_aging",75
disease_model,75
reactive_oxygen_metabolite,75
chemical_composition,74
escherichia_coli,74
hydrodynamics,72
energy_transfer,72
simulation,72
biological_marker,72
"disease_models,_animal",72
phenotype,72
bioreactor,71
inflammation,71
immunology,71
glucose_blood_level,71
electrode,71
physical_chemistry,70
bacterium,70
"child,_preschool",70
messenger_rna,69
gene_expression_regulation,69
apoptosis,69
follow_up,69
transmission_electron_microscopy,69
hydrogen,69
infrared_spectroscopy,69
surface_property,68
fungi,68
psychology,67
algorithm,67
biodegradation,67
photoluminescence,67
polymer,67
methanol,66
degradation,66
energy_gap,65
antioxidant_activity,65
age,65
sulfur_compound,64
cohort_analysis,64
molecular_structure,64
hydrogen_production,63
hydrolysis,63
genetic_variability,63
solvent,63
nuclear_magnetic_resonance_spectroscopy,62
enzymology,62
cell_survival,62
bovine,62
nitrogen,62
wastewater_treatment,62
high_resolution_transmission_electron_microscopy,62
cytotoxicity,61
alumina,61
cytokine,61
triacylglycerol,61
fruit,61
cattle,61
ammonia,60
very_elderly,60
sol_gel_process,60
mass_spectrometry,60
molecular_dynamic_simulation,59
binary_alloy,59
sol_gels,59
synthesised,59
methane,59
lithium_compound,58
"dose_response_relationship,_drug",58
antineoplastic_agent,58
histopathology,58
enzyme,58
bioremediation,58
brain,58
ii_vi_semiconductor,58
diabetes_mellitus,58
drug_synthesis,57
calcium,57
veterinary_medicine,57
me_xico,57
enzyme_inhibition,57
substrate,56
lactic_acid,56
"cell_line,_tumor",56
amino_acid,56
optical_property,56
tumor_cell_line,56
upregulation,56
risk_assessment,56
entropy,55
efficiency,55
fatty_acid,55
irradiation,55
bacterial_strain,55
crystal_structure,55
computer_simulation,55
light,54
metal,54
zinc,54
biomarkers,54
quantum_chemistry,54
demography,54
global_health,53
cell,53
aluminum_oxide,53
cholesterol,53
differential_scanning_calorimetry,53
precipitation,53
numerical_model,52
disease_association,52
reaction_kinetics,52
histology,52
photocatalysis,52
survey_and_questionnaire,51
down_regulation,51
thermogravimetric_analysis,51
flavonoid,51
geometry,51
porous_material,51
single_nucleotide_polymorphism,51
quantum_theory,51
dynamic,51
prediction,51
genetic_variation,51
dna,50
dna_extraction,50
mathematical_model,50
biochemistry,50
insulin,50
human_experiment,50
hypertension,50
lipid_peroxidation,49
mass_transfer,49
genetic_association,49
antiinflammatory_activity,49
iron,49
fluorescence,49
liquid,49
gene_frequency,49
monte_carlo_method,49
depression,49
flow_cytometry,49
oxidation_reduction_reaction,49
time_series_analysis,49
non_insulin_dependent_diabetes_mellitus,49
case_report,48
activation_energy,48
zinc_oxide,48
statistic_and_numerical_data,48
toxicity,48
glutathione,48
silica,48
electrochemical_impedance_spectroscopy,48
quantitative_analysis,47
sewage,47
animal_behavior,47
pig,47
aluminum,47
lipid,47
electron,47
soil,47
diagnostic_imaging,47
reduction,46
sex_difference,46
antiinfective_agent,46
charge_transfer,46
molecular_docking_simulation,46
disease_severity,46
diet,46
extraction,46
heart_rate,46
drug_efficacy,46
performance,45
chemical_reaction,45
chemical_oxygen_demand,45
pacific_ocean,45
hydrophobicity,45
theoretical_study,45
zinc_compound,45
reverse_transcription_polymerase_chain_reaction,44
hydrogen_peroxide,44
molecular_weight,44
socioeconomics,44
ecosystem,44
energy,44
metal_nanoparticles,44
plant,44
nitrate,44
nonlinear_equation,44
blood_sampling,43
computer_model,43
oxidation_reduction,43
binding_site,43
statistical_model,43
hydrogen_ion_concentration,43
sol,43
drug_mechanism,42
antiinflammatory_agent,42
phenol_derivative,42
sodium_chloride,42
aqueous_solution,42
aging,42
decision_making,42
cyclic_voltammetry,42
ethylene,42
global_disease_burden,42
observational_study,42
nuclear_magnetic_resonance_imaging,42
"cells,_cultured",42
metabolite,41
microbial_community,41
gas_chromatography,41
luminescence,41
hippocampus,41
incidence,41
climate_change,41
rate_constant,41
alcohol,41
bacterium_culture,41
isotherm,41
water_pollution,41
electrolyte,41
water_pollutant,41
cell_differentiation,41
spectrophotometry,40
global_burden_of_disease,40
leaching,40
mammal,40
urea,40
chemically_induced,40
calculation,40
human_immunodeficiency_virus_infection,39
"biodegradation,_environmental",39
ester,39
photodegradation,39
molecular_model,39
iron_compound,39
student,39
drug_structure,39
united_state,39
comorbidity,39
alkalinity,39
normal_human,39
drug_screening,39
structure_activity_relation,39
maize,39
surface_area,38
specie_richness,38
chemical_stability,38
growth_rate,38
liver,38
immune_response,38
biodiversity,38
organic_solvent,38
"water_pollutants,_chemical",38
free_radical,38
proton_nuclear_magnetic_resonance,38
drug_formulation,38
mixture,38
aromatic_compound,38
property,38
stability,38
citrus_fruit,38
reactive_oxygen_specie,37
antibiotic_resistance,37
nucleotide_sequence,37
earthquake,37
bacterial_growth,37
]+_catalyst,37
protein_function,37
"infant,_newborn",37
heat_transfer,37
animalia,37
effluent,37
emulsification,37
chemical_bond,37
viscosity,37
"models,_molecular",37
ethanol,37
copper_compound,37
energy_dispersive_spectroscopy,37
bioconversion,36
randomized_controlled_trial,36
experimental_study,36
anaerobic_digestion,36
computational_fluid_dynamic,36
anti_bacterial_agent,36
swine,36
optimization,36
body_mass_index,36
disease,36
life_expectancy,36
electronic_structure,36
prospective_study,36
cell_membrane,36
x_ray_powder_diffraction,36
nitric_oxide,35
nickel,35
bioinformatics,35
gene_sequence,35
seasonal_variation,35
microrna,35
reproducibility,35
blood_pressure,35
electric_field,35
acetic_acid,35
finite_element_method,35
geographic_distribution,35
differential_equation,35
tumor_necrosis_factor_alpha,34
systolic_blood_pressure,34
spectroscopy,34
solubility,34
immunofluorescence,34
pollutant_removal,34
staphylococcus_aureus,34
physiological_stress,34
survival,34
condition,34
rna_extraction,34
electroencephalography,34
drug_solubility,34
antidiabetic_agent,33
crystallinity,33
microorganism,33
thin_film,33
energy_dispersive_x_ray_spectroscopy,33
physical_activity,33
dna_damage,33
graphene,33
mitochondrion,33
food_intake,33
protein_phosphorylation,33
school_child,33
bagg_albino_mouse,33
zea_may,33
biocompatibility,33
nutritional_status,33
color,33
free_energy,33
stochastic_system,33
confocal_microscopy,33
urban_area,33
principal_component_analysis,33
probability,33
protein_analysis,33
clinical_feature,33
virology,33
adverse_event,33
kinetic_parameter,33
silicon,33
sulfur,32
zirconia,32
latin_america,32
cholesterol_blood_level,32
nanoparticle,32
environmental_factor,32
culture_medium,32
anti_inflammatory_agent,32
amide,32
nerve_cell,32
binding_energy,32
poly,32
parasitology,32
titanium,32
laplace_transforms,32
gas_adsorption,32
lithium_ion_battery,32
clinical_trial,32
mesoporous_material,32
particle_size_analysis,32
socioeconomic_factor,32
dna_sequence,32
"polymorphism,_single_nucleotide",32
magnetic_resonance_imaging,32
intelligent_system,32
macrophage,31
specie_diversity,31
chitosan,31
gamma_interferon,31
texture,31
economics,31
educational_status,31
cardiovascular_disease,31
fish,31
public_health,31
molar_ratio,31
analog_and_derivative,31
bat,31
medicinal_plant,31
nucleation,31
gas,31
polymerization,31
clinical_evaluation,31
velocity,31
heavy_metal,30
emission_spectroscopy,30
cognition,30
wave_function,30
treatment_outcome,30
animal_welfare,30
ground_state,30
particulate_matter,30
genomic_dna,30
thermoanalysis,30
sodium_compound,30
brazil,30
body_weight_gain,30
powder,30
quality_of_life,30
carbohydrate,30
milk,30
nuclear_magnetic_resonance,30
superoxide_dismutase,30
gulf_of_mexico,30
solid_state_fermentation,30
magnetic_field,30
ultraviolet_radiation,30
neural_network,30
neuroprotection,30
reinforced_concrete,29
drug_delivery_system,29
plant_seed,29
blood_glucose,29
peptide,29
environmental_monitoring,29
age_distribution,29
waste_water_management,29
moisture,29
regression_analysis,29
organic_carbon,29
aluminum_alloy,29
protein_blood_level,29
pathogenicity,29
gene_mutation,29
gelation,29
sex_factor,29
uncertainty_analysis,29
porous_medium,29
aluminum_compound,29
allele,29
quality_control,29
oxide_mineral,29
"mice,_inbred_balb_c",29
promoter_region,29
genetic_analysis,29
hydrodesulfurization,29
biofilm,29
calcination,29
electrochemical_electrode,29
soliton,29
longitudinal_study,29
rna,28
spatiotemporal_analysis,28
metal_organic_framework,28
dietary_supplement,28
estradiol,28
solution,28
corticosterone,28
cell_death,28
exercise,28
protein_binding,28
area_under_the_curve,28
atlantic_ocean,28
triacylglycerol_blood_level,28
bacterial_protein,28
environmental_impact,28
carbon_source,28
crystalline_material,28
binding_affinity,28
biological_activity,28
forecasting,28
deep_eutectic_solvent,28
eutectic,28
analgesic_agent,28
"rna,_messenger",28
drinking_water,28
neuron,28
carbon_nuclear_magnetic_resonance,28
ascorbic_acid,28
gene_expression_profiling,28
photocatalysts,28
controller,28
plant_leaf,28
reproduction,28
pore_size,28
emulsion,28
protein_protein_interaction,28
metal_ion,27
"behavior,_animal",27
antineoplastic_activity,27
body_composition,27
protein_conformation,27
bioassay,27
limit_of_detection,27
health,27
sustainable_development,27
mortality_rate,27
fungus_growth,27
sheep,27
antibiotic,27
thermostability,27
multicenter_study,27
immunoreactivity,27
spinal_cord_injury,27
season,27
topology,27
prognosis,27
microbial_diversity,27
hypoglycemic_agent,27
sodium,27
measurement_accuracy,27
aspergillus,27
kinetic_theory,27
environmental_exposure,27
seed,27
energy_efficiency,27
sphere,27
structure_activity_relationship,27
hiv_infection,27
simple++,27
conformation,27
infrared_device,27
mass_fragmentography,27
odontogenic_tumor,26
south_and_central_america,26
atomic_force_microscopy,26
taxonomy,26
water_treatment,26
chemical_interaction,26
evolutionary_algorithm,26
zeolite,26
catalase,26
mtt_assay,26
meat,26
chemical_industry,26
hemoglobin,26
seismic_design,26
electrodeposition,26
cobalt,26
fluoride,26
sexual_behavior,26
parkinson_disease,26
health_risk,26
diastolic_blood_pressure,26
amino_acid_sequence,26
toxicity_testing,26
malnutrition,26
digestion,26
feeding_behavior,26
anthropometry,26
raman_spectroscopy,26
drug_release,26
sequence_analysis,26
colombia,26
biofilms,26
health_survey,26
chemical_modification,26
polysaccharide,26
biomass_production,26
dissolution,26
time_series,26
glass_transition,26
water_supply,26
software,26
micrornas,26
computation_theory,26
nonradiative_energy_transfer,26
machine_learning,25
polynomial,25
manganese,25
layered_double_hydroxide,25
chemical_compound,25
brain_cortex,25
peroxisome_proliferator_activated_receptor_gamma,25
glass_membrane_electrode,25
polyacrylamide_gel_electrophoresis,25
microbial_sensitivity_test,25
acetone,25
sprague_dawley_rat,25
catalytic_oxidation,25
alcohol_consumption,25
locomotion,25
arsenic,25
cathode,25
dye,25
injury,25
heterojunctions,25
antidiabetic_activity,25
recovery,25
fractal,25
evaluation_study,25
parameter_estimation,25
zinc_sulfide,25
viscoelasticity,25
nanocomposites,25
biological_model,25
microstructure,25
genetic_predisposition_to_disease,25
ethylene_glycol,25
crystallization,25
ethnology,25
organometallics,25
sensitivity_and_specificity,25
genetic_predisposition,25
analysis_of_variance,25
enthalpy,25
epithelium_cell,25
reproducibility_of_result,25
bacterial_gene,24
dynamical_system,24
mental_disease,24
drug_blood_level,24
ultrasonics,24
membrane,24
diarrhea,24
mrna_expression_level,24
sludge,24
haplotype,24
productivity,24
smoking,24
sensitivity_analysis,24
antibacterial_activity,24
drop,24
cause_of_death,24
c_reactive_protein,24
phosphor,24
growth_kinetics,24
drug_potentiation,24
seismology,24
water_management,24
ecology,24
heart_rate_variability,24
gene_amplification,24
seismic_response,24
agriculture,24
oxide,24
cell_line,24
corpus_striatum,24
liquid_crystal,24
fluorine_compound,23
doping,23
bacterium_identification,23
chiroptera,23
synthesis_and_characterization,23
in_vitro,23
alzheimer_disease,23
immunoglobulin_enhancer_binding_protein,23
mental_stress,23
recycling,23
breast_neoplasm,23
quality_adjusted_life_year,23
yeast,23
veterinary,23
ameloblastoma,23
performance_assessment,23
anti_oxidant_activity,23
glutathione_peroxidase,23
ozone,23
equation_of_motion,23
hematite,23
diffuse_reflectance_spectroscopy,23
reaction_analysis,23
electrochemical_corrosion,23
testosterone,23
microscopy,23
high_density_lipoprotein_cholesterol,23
crystallite_size,23
pandemic,23
catalyst_selectivity,23
lactation,23
porosity,23
probiotic,23
crystalline_structure,23
spermatozoon,23
platinum,23
additive,23
batch_reactor,23
atmospheric_pressure,23
organic_compound,23
nutrition,23
community_structure,23
motor_activity,23
analytical_expression,23
"rats,_sprague_dawley",23
cactaceae,23
protein_kinase_b,23
reynolds_number,23
greenhouse_gas,23
light_scattering,23
bacterium_isolation,23
genetic_algorithm,23
environmental_protection,22
neuroprotective_agent,22
population_density,22
citric_acid,22
coral_reef,22
design,22
dopamine,22
isomer,22
steel_corrosion,22
metalorganic_framework,22
ultraviolet_spectrophotometry,22
rheology,22
spermatozoon_motility,22
antinociception,22
glibenclamide,22
inoculation,22
enzyme_activation,22
magnetism,22
protein_structure,22
analgesic,22
nanotube,22
biotechnology,22
water_quality,22
anaerobiosis,22
anaerobic_growth,22
device,22
drug_therapy,22
nuclear_reactor,22
lipopolysaccharide,22
heart,22
zeta_potential,22
antiproliferative_activity,22
corrosion,22
trend,22
creatinine,22
desorption,22
silver,22
age_factor,22
sodium_hydroxide,22
minimum_inhibitory_concentration,22
breast_cancer,22
metformin,22
education,22
granulation,21
progesterone,21
protein_synthesis,21
paracetamol,21
microbial_activity,21
photo_catalytic_degradation,21
quercetin,21
electrochemistry,21
bacterium_isolate,21
tensile_strength,21
actinobacteria,21
gold,21
pain,21
edema,21
static_electricity,21
metabolic_syndrome_x,21
sex_ratio,21
photon,21
algae,21
drug_potency,21
alanine_aminotransferase,21
analytic_method,21
cognitive_defect,21
cyclodextrins,21
antimicrobial_activity,21
waist_circumference,21
yarn,21
reaction_mechanism,21
electrochemical_technique,21
aspartate_aminotransferase,21
binary_mixture,21
two_phase_flow,21
cell_adhesion,21
energy_utilization,21
positive_ion,21
single_drug_dose,21
oaxaca,21
oil_and_fat,21
cobalt_compound,21
biomolecules,21
anxiety,21
boiling_water_reactor,21
environmental_management,21
memory,21
essential_oil,21
single_crystal,21
waste_water,21
diagnosis,21
potential_energy,21
uncertainty,21
light_absorption,21
neutron,21
absorption,21
transcriptome,21
amine,21
spain,21
insulin_resistance,21
signal_processing,21
dissolved_oxygen,20
multivariate_analysis,20
information_processing,20
sediment,20
enzyme_kinetics,20
absorption_spectroscopy,20
ionic_liquid,20
polycyclic_aromatic_hydrocarbon,20
open_field_test,20
scaffold,20
nitrogen_compound,20
phytochemistry,20
building,20
chemical_reactor,20
model,20
excited_state,20
cell_growth,20
biodiesel,20
clinical_assessment,20
developing_country,20
van_der_waals_force,20
diffusion_in_liquid,20
phosphorus,20
sustainability,20
indometacin,20
time_domain_analysis,20
soil_pollution,20
zinc_alloy,20
thermodynamic_stability,20
drug_determination,20
abundance,20
thermogravimetry,20
column_chromatography,20
electroencephalogram,20
breast_tumor,20
antagonist_and_inhibitor,20
glycerol,20
oocyte,20
larva,20
motivation,20
bacillus,20
mineralization,20
phosphate,20
textural_property,20
protein_content,20
stiffness,20
catalyst_support,20
numerical_result,20
"models,_chemical",20
cellulose,20
cadmium,20
receiver_operating_characteristic,20
perception,20
anthozoa,20
chemical_activation,20
fabaceae,20
diet_supplementation,20
pilot_study,20
degree_of_freedom,20
drug_design,20
drug_isolation,20
population_growth,20
mutation,20
structural_analysis,20
bismuth_compound,20
plasma,20
optical_soliton,20
lithium,20
dental_caries,19
palladium,19
calcium_ion,19
bioaccumulation,19
glassy_carbon_electrode,19
social_behavior,19
quantum_optic,19
tumor_marker,19
polyelectrolyte,19
cell_count,19
tuberculosis,19
hydrocarbon,19
liver_cell,19
soil_pollutant,19
reaction_rate,19
validation_process,19
treatment_duration,19
low_density_lipoprotein_cholesterol,19
genetic_marker,19
electron_transport,19
clay_mineral,19
brownian_movement,19
physical_parameter,19
standard,19
organic_matter,19
fluid_dynamic,19
biogas,19
growth,19
volatile_fatty_acid,19
cytokine_production,19
electronic_property,19
anode,19
chemical_model,19
energy_metabolism,19
ion_exchange,19
embryo,19
cactus,19
sperm,19
carboxylic_acid,19
distillation,19
microalga,19
biotransformation,19
thin_layer_chromatography,19
microflora,19
nonlinear_system,19
probiotic_agent,19
chitin,19
ultraviolet_spectroscopy,19
leukocyte_count,19
immunoglobulin_a,19
multiobjective_optimization,19
pathogenesis,19
statistical_analysis,19
membrane_protein,19
outcome_assessment,19
nitrification,19
eigenvalue_and_eigenfunctions,19
"waste_disposal,_fluid",19
bacterial_dna,19
systematic_review,19
gel,19
ultraviolet_visible_spectroscopy,19
genetic_transcription,19
sugar,19
peroxide,19
detection_method,19
ultrastructure,19
benchmarking,19
suspension,19
"stress,_physiological",19
signal_to_noise_ratio,19
phase_transition,19
"chromatography,_high_pressure_liquid",19
oxygen_consumption,19
drug_stability,19
"stress,_psychological",19
perturbation_technique,19
nickel_compound,19
hamiltonians,19
life_cycle,18
harmonic_analysis,18
theoretical_model,18
metronidazole,18
polarization,18
functionalized,18
spectrum_analysis,18
cell_damage,18
rietveld_refinement,18
environmental_condition,18
"gene_expression_regulation,_neoplastic",18
spray_drying,18
electron_microscopy,18
complementary_dna,18
acetylcholinesterase,18
anatomy_and_histology,18
hydrophilicity,18
glutamic_acid,18
image_analysis,18
oxidation_reduction_state,18
health_status,18
limit_of_quantitation,18
air_pollution,18
rheumatoid_arthritis,18
colony_forming_unit,18
animal_food,18
chronic_disease,18
enzymatic_hydrolysis,18
high_temperature,18
feces,18
lignin,18
chemical_phenomenon,18
packed_bed,18
chelation,18
phase_interface,18
correlation_analysis,18
acidity,18
hydroxyl_radical,18
kinetic_energy,18
phylogenetic_tree,18
adsorption_isotherm,18
skeletal_muscle,18
stoichiometry,18
fertility,18
saccharomyces_cerevisiae,18
coral,18
metabolic_disorder,18
cerebrovascular_accident,18
elasticity,18
x_ray_diffraction_analysis,18
%_reduction,18
chromium_compound,18
refractive_index,18
adipocyte,18
corrosion_inhibitor,18
echography,18
beverage,18
qualitative_analysis,18
breathing_rate,18
nitrite,18
malonaldehyde,18
protein_localization,18
bandwidth,18
perovskite,18
protein_secondary_structure,18
liquid_chromatography,17
trace_element,17
violence,17
biology,17
population_dynamic,17
electrospinning,17
nanocrystals,17
electrochemical_analysis,17
physic,17
electromagnetic_field,17
insecticide,17
conservation_management,17
rural_area,17
heat,17
feasibility_study,17
flower,17
complex_formation,17
germination,17
fractionation,17
operating_condition,17
electric_conductivity,17
evolution,17
thiobarbituric_acid_reactive_substance,17
room_temperature,17
correlation_coefficient,17
chain,17
food_product,17
mineral,17
dehydrogenation,17
lipid_metabolism,17
image_processing,17
gentamicin,17
elastic_modulus,17
aspergillus_niger,17
hydrogen_atom,17
adipose_tissue,17
glutathione_disulfide,17
steady_state,17
disease_course,17
neoplasm,17
volume_averaging_method,17
europium,17
low_temperature,17
spatial_analysis,17
transport_property,17
geographical_distribution,17
polyester,17
measurement_precision,17
anthropogenic_effect,17
scoring_system,17
recombinant_protein,17
nonlinear_optic,17
"models,_biological",17
chlorine,17
genetic_polymorphism,17
fungal_strain,17
dynamic_simulation,17
linear_system,17
hydrogenation,17
navier_stokes_equation,17
experimental_condition,17
gender,17
glycoprotein,17
city,17
timing_circuit,17
flow_pattern,17
pseudomonas_aeruginosa,17
sucrose,17
shear_flow,17
scavenger,17
bifurcation,17
river,17
ground_motion,17
diclofenac,17
pharmacology,17
mouth_tumor,17
adaptation,17
brownian_dynamic_simulation,17
deposition,17
mixing,17
coprecipitation_method,17
acute_toxicity,17
organic_pollutant,17
tissue,17
raman_spectrometry,17
zinc_phosphate_glass,17
spectroscopic_analysis,17
boundary_value_problem,16
white_light_emission,16
naproxen,16
severity_of_illness_index,16
gene_overexpression,16
morphometry,16
"dna,_bacterial",16
graphite,16
energy_dissipation,16
complexation,16
small_intestine,16
concentration_response,16
ternary_alloy,16
oral_glucose_tolerance_test,16
data_analysis,16
institute_for_cancer_research_mouse,16
fibroblast,16
predictive_value,16
structural_frame,16
health_care_delivery,16
meta_analysis,16
thermography,16
"mice,_inbred_icr",16
body_temperature,16
pentobarbital,16
mixed_oxide,16
world_health_organization,16
amygdala,16
mineralogy,16
antibiotic_sensitivity,16
hospitalization,16
cost_benefit_analysis,16
medical_application,16
drug_dependence,16
anoxic_condition,16
rare_earth,16
drug_activity,16
hydroxyapatite,16
iii_v_semiconductor,16
encapsulation,16
waste_management,16
caloric_intake,16
adiponectin,16
calcium_carbonate,16
electric_discharge,16
laser_ablation,16
decomposition,16
drinking_behavior,16
social_status,16
dissociation,16
dental_fluorosis,16
thermo_dynamic_analysis,16
phosphorylation,16
epigenetics,16
secondary_metabolite,16
deterioration,16
testis,16
enzyme_inhibitor,16
probability_density_function,16
forced_swim_test,16
microbiota,16
photon_correlation_spectroscopy,16
tumor_volume,16
heavy_ion,16
methodology,16
copper_oxide,16
iterative_method,16
batch_cell_culture,16
convalescence,16
progeny,16
"sequence_analysis,_dna",16
copper_alloy,16
real_time_reverse_transcription_polymerase_chain_reaction,16
biopolymers,16
mean_dissolution_time,16
anisotropy,16
cost,16
characterization,16
density,16
cisplatin,16
thermoluminescence,16
synergistic_effect,16
bioavailability,16
fluorescence_spectroscopy,16
gelatinase_b,16
hybrid_material,16
tank,16
impeller,16
lipopolysaccharides,16
graph_theory,16
cognitive_radio,16
ultraviolet_irradiation,16
surface_reaction,16
digital_storage,16
chemical_removal,16
epithelial_cell,16
mouth_neoplasm,16
high_throughput_sequencing,16
homeostasis,16
cancer_inhibition,16
free_radical_scavenger,16
thermodynamic_property,16
protein_purification,16
corn_starch,16
fiber,16
cobalt_alloy,15
ampicillin,15
systemic_lupus_erythematosus,15
oral_drug_administration,15
asteraceae,15
disability,15
adsorption_capacity,15
sulfide,15
esterification,15
plant_protein,15
photo_degradation,15
support_vector_machine,15
air_quality,15
spatial_distribution,15
dog,15
biogeography,15
africa_south_of_the_sahara,15
palmitic_acid,15
nutrient,15
clinical_outcome,15
fractional_derivative,15
biochemical_oxygen_demand,15
nitrogen_oxide,15
erythrocyte,15
magnesium,15
two_dimensional,15
protected_area,15
commerce,15
endemic_specie,15
phase_separation,15
it_application,15
propionic_acid,15
nociception,15
phytochemical,15
logistic_model,15
graphene_oxide,15
theoretical_calculation,15
monocyte,15
peroxisome_proliferator_activated_receptor_alpha,15
computational_chemistry,15
inhibition,15
antihypertensive_agent,15
lime,15
sorption,15
antifungal_agent,15
cluster_analysis,15
microbial_consortium,15
latent_period,15
genetic_transfection,15
conservation_status,15
organic_polymer,15
structure_analysis,15
symbiosis,15
population_research,15
"administration,_oral",15
poverty,15
muscle,15
reaction_time,15
integral_equation,15
epilepsy,15
"animals,_newborn",15
"biomarkers,_tumor",15
lake,15
dyslipidemia,15
photocatalytic_property,15
mexico_[mexico_],15
albumin,15
bacterial_count,15
bioactivity,15
water_purification,15
genome_wide_association_study,15
leukocyte,15
composite_material,15
adverse_effect,15
gestational_age,15
fluorescence_intensity,15
china,15
adenosine_triphosphate,15
total_organic_carbon,15
palladium_compound,15
fungus_spore,15
chronic_kidney_failure,15
microarray_analysis,15
non_communicable_disease,15
cell_migration,15
winter,15
extracellular_matrix,15
purification,15
"spores,_fungal",15
fossil_fuel,15
physisorption,15
university_student,15
solar_energy,15
neurodegenerative_disease,15
doxorubicin,15
randomization,15
temperature_effect,15
validation_study,15
weight_gain,15
mean_square_displacement,15
grafting,15
anomalous_diffusion,15
cycloaddition,15
dietary_intake,15
tensor,15
gene_identification,15
emotion,15
disability_adjusted_life_year,15
ethane,15
"fluorosis,_dental",14
guerrero,14
childhood_obesity,14
magnetite,14
magnesium_compound,14
taste,14
biofuel,14
malaria,14
behavior,14
curcumin,14
central_nervous_system,14
drug_cytotoxicity,14
catalytic_performance,14
pollution,14
sampling,14
forestry,14
microbial_degradation,14
biological_water_treatment,14
health_care_cost,14
genomics,14
adomian_decomposition,14
weaning,14
potassium,14
numerical_solution,14
human_immunodeficiency_virus_infected_patient,14
methotrexate,14
hela_cell_line,14
pollutant,14
correlation,14
skin,14
intermethod_comparison,14
hyperalgesia,14
electrochemical_oxidation,14
food_microbiology,14
self_report,14
fungal_protein,14
middle_income_country,14
algebra,14
calibration,14
caffeine,14
electric_potential,14
pacific_coast_[mexico],14
pacific_coast_[north_america],14
cell_nucleus,14
cerebral_cortex,14
ammonium_compound,14
molecular_conformation,14
photoluminescence_spectroscopy,14
oscillator,14
polyphenol,14
electrochemical_method,14
"microscopy,_electron,_scanning",14
ibuprofen,14
animal_husbandry,14
quenching,14
electric_machine_control,14
plasmid,14
interpolation,14
lymphocyte,14
salt,14
genotoxicity,14
vibration,14
electrical_conductivity,14
stochastic_model,14
anticonvulsive_agent,14
chromium,14
aromatization,14
epididymis,14
effective_diffusivities,14
cerebellum,14
naphthalene,14
rodent,14
hysteresis,14
body_height,14
municipal_solid_waste,14
conservation,14
polyurethane,14
follow_up_study,14
swimming,14
"sexual_behavior,_animal",14
geography,14
redox_reaction,14
oxidoreductase,14
air_pollutant,14
newborn_disease,14
combination_drug_therapy,14
transforming_growth_factor_beta,14
trajectory,14
neutrophil,14
survival_rate,14
milk_production,14
pain_measurement,14
photocatalytic_hydrogen_production,14
drug_synergism,14
distribution_function,14
ppar_gamma,14
polypyrroles,14
robust_control,14
plant_medicinal_product,14
computational_biology,14
disease_exacerbation,14
shear_stress,14
flow_kinetics,14
virus_load,14
adhesive,14
x_ray_photoemission_spectroscopy,14
boundary_condition,14
virus,14
biofuels,14
upscaling,14
"models,_theoretical",14
genetic_susceptibility,14
cryopreservation,14
electrocardiogram,14
transcription_factor,14
fetus,14
peripheral_blood_mononuclear_cell,14
thermal_conductivity,14
iron_oxide,14
corrosion_resistance,14
reduced_nicotinamide_adenine_dinucleotide_dehydrogenase,14
radiation_response,14
surface_active_agent,14
polyols,14
molecular_simulation,14
rabbit,14
optical_,14
feedback,14
peru,14
solid_state_culture,14
dinger_equation,14
neurologic_disease,14
x__ray_diffraction,14
chicken,13
communicable_disease,13
ketone,13
liquid_chromatography_mass_spectrometry,13
schizophrenia,13
insulin_blood_level,13
cell_aging,13
cytokine_release,13
phylogenetics,13
disease_control,13
genetic_risk,13
microencapsulation,13
silicon_compound,13
food_control,13
noradrenalin,13
oxygen_vacancy,13
equation_of_state,13
electrochemical_nucleation,13
stress,13
electrocatalysts,13
protein_degradation,13
gold_nanoparticles,13
alcohol_drinking,13
pioglitazone,13
nanocatalysts,13
serotonin,13
cadmium_sulfide,13
probability_distribution,13
cumulus_cell,13
population_structure,13
waste_treatment,13
pesticide,13
pregnant_woman,13
environmental_temperature,13
random_allocation,13
health_service,13
cancer_cell,13
androgen_receptor,13
disease_activity,13
sedentary_lifestyle,13
medical_history,13
glucocorticoid,13
information_theory,13
triglyceride,13
sperm_quality,13
transcriptomics,13
cerium_oxide,13
nerve_cell_plasticity,13
volatile_organic_compound,13
peroxidase,13
fern,13
soft_soil,13
nanocomposite,13
"diabetes_mellitus,_experimental",13
opuntia_ficus_indica,13
multiwalled_carbon_nanotube,13
finite_difference_method,13
internet,13
molecular_interaction,13
adhesion,13
descriptive_research,13
formaldehyde,13
benzene,13
population_statistic,13
regulatory_mechanism,13
methanogenesis,13
hydraulic_retention_time,13
silver_nanoparticles,13
fracture,13
lipid_diet,13
neurotoxicity,13
conservation_of_natural_resource,13
linear_model,13
melatonin,13
biocatalyst,13
chronic_obstructive_lung_disease,13
bagasse,13
population_genetics,13
electric_impedance,13
cohort_study,13
rna_isolation,13
microalgae,13
drug,13
dibenzothiophenes,13
photo_catalytic,13
equilibrium_constant,13
small_interfering_rna,13
temperature_distribution,13
economic_and_social_effect,13
anxiety_disorder,13
current,13
autonomic_nervous_system,13
reaction_temperature,13
group_by_age,13
epidemic,13
swelling,13
leporidae,13
dna_methylation,13
shell,13
self_assembly,13
recovery_of_function,13
biochemical_analysis,13
functional_magnetic_resonance_imaging,13
fractal_analysis,13
energy_resource,13
vascularization,13
crop,13
protein_interaction,13
smoothed_particle_hydrodynamics,13
hydrogel,13
biochemical_composition,13
biodegradability,13
atmospheric_pollution,13
frequency_domain_analysis,13
angiogenesis,13
vasculotropin,13
chromaticity_coordinate,13
sex_distribution,13
iodine,13
human_activity,13
wound_and_injury,13
land_use,13
linoleic_acid,13
estrus_cycle,13
lung,13
nutritional_assessment,13
gulf_of_california,13
styrene,13
ftir,13
lower_respiratory_tract_infection,13
cell_structure,13
oxalic_acid,13
endangered_specie,13
complex_network,13
x_ray_spectroscopy,13
immobilization,13
flow_rate,13
antidepressant_agent,13
proteomics,13
hematocrit,13
functional_property,13
confocal_laser_scanning_microscopy,13
semiconductor_alloy,12
denitrification,12
estimation_method,12
solid_electrolyte,12
gene_linkage_disequilibrium,12
semiconductor_doping,12
electron_transport_property,12
granulosa_cell,12
attitude_to_health,12
cultural_factor,12
biodiesel_production,12
triterpene,12
south_america,12
combustion,12
nickel_oxide,12
relative_abundance,12
estrogen_receptor,12
metastasis,12
ordinary_differential_equation,12
sleep,12
survey,12
cell_engineering,12
cancer_prognosis,12
toluene,12
ductility,12
ablation,12
hepatocytes,12
ursolic_acid,12
ketamine,12
monomer,12
water_absorption,12
feeding,12
sensory_analysis,12
agave,12
g_protein_coupled_receptor,12
virulence_factor,12
volume_averaging,12
american_indian,12
vegetable,12
hexapoda,12
proto_oncogene_protein_c_akt,12
dexamethasone,12
mechanical_property,12
electrostatics,12
metropolitan_area,12
solar_power_generation,12
optimisation,12
digestibility,12
nervous_system_development,12
ovary_follicle,12
vegetation,12
differential_gene_expression,12
leptin,12
rain,12
pyridine,12
specie_difference,12
livestock,12
circular_dichroism,12
animal_feed,12
tissue_engineering,12
phenolic_compound,12
carcinogenesis,12
treatment_response,12
disabled_person,12
lipase,12
ruthenium_compound,12
phytotherapy,12
spray_pyrolysis,12
residence_characteristic,12
respiratory_chain,12
ammonium_derivative,12
marine_environment,12
"health_knowledge,_attitudes,_practice",12
stabilization,12
uvomorulin,12
goat,12
ph_effect,12
hydrophobic_and_hydrophilic_interaction,12
acquired_immune_deficiency_syndrome,12
molecular_analysis,12
structural_stability,12
superoxide,12
mathematical_analysis,12
boriding,12
seroprevalence,12
detrended_fluctuation_analysis,12
ultrasound,12
lifestyle,12
proteobacteria,12
eating,12
light_emission,12
borides,12
electrocardiography,12
etching,12
rhizosphere,12
cichlid,12
cell_cycle,12
testosterone_blood_level,12
hypothalamus,12
retention_time,12
hexane,12
food_storage,12
clay,12
low_income_country,12
substance_related_disorder,12
acetylation,12
tin,12
metagenomics,12
lactic_acid_bacteria,12
creatinine_blood_level,12
investment,12
mouth_disease,12
alkaloid,12
matrix,12
salvia,12
europium_compound,12
waste,12
statistical_mechanic,12
uric_acid,12
prenatal_exposure,12
lipid_storage,12
uterine_cervix_cancer,12
colorimetry,12
electrophilicity,12
surface_tension,12
vaccination,12
graphic_method,12
prenatal_exposure_delayed_effect,12
cytoplasm,12
oocyte_maturation,12
molecular_biology,12
singular_value_decomposition,12
intestine_flora,12
soil_microbiology,12
interview,12
cell_density,12
nf_kappa_b,12
social_class,12
shannon_entropy,12
laminar_flow,12
fluorescence_microscopy,12
firmicutes,12
antioxidant_capacity,12
response_surface_methodology,12
transesterification,12
natural_product,12
health_care_access,12
diagnostic_test_accuracy_study,12
ionization,12
drug_development,12
entamoeba_histolytica,12
nonsteroid_antiinflammatory_agent,12
crystal,12
glucose_tolerance_test,12
metabolic_syndrome,12
mitochondrial_membrane_potential,12
cotrimoxazole,12
pyrrole_derivative,12
adipocytes,12
north_america,12
adsorption_process,12
radiation_dose,12
nanocrystalline_material,12
sulfur_dioxide,12
temperature_dependence,12
legume,12
terpene,12
vulnerability,12
mitogen_activated_protein_kinase,12
heat_treatment,12
conceptual_framework,12
rattus,12
photoluminescence_spectrum,12
cancer_growth,12
structural_design,12
grip_strength,12
"intestine,_small",12
acrylic_monomer,12
tandem_mass_spectrometry,12
hydrodeoxygenation,12
sulfamethoxazole,12
hormone,12
birth_weight,12
follitropin,12
light_emitting_diode,12
feces_analysis,12
salmonella_enterica_serovar_typhimurium,11
long_range_correlation,11
dynamic_response,11
respiratory_tract_infection,11
odds_ratio,11
task_performance,11
carbon_monoxide,11
chronoamperometry,11
friction,11
cellulase,11
operational_condition,11
headache,11
ionic_strength,11
intestine_mucosa,11
experimental_evidence,11
ultraviolet_visible_spectrophotometry,11
new_specie,11
hypoxia,11
helium,11
indium_compound,11
immunomodulation,11
electron_transition,11
invasive_specie,11
structural_characterization,11
electrochemical_study,11
hydrocortisone,11
point_kinetics,11
allodynia,11
morphological_property,11
public_policy,11
salinity,11
jaw_neoplasm,11
nucleophilicity,11
dairy,11
solid_state,11
non_covalent_interaction,11
power,11
traffic_accident,11
maxwell_equation,11
groundwater,11
excitons,11
relaxation_time,11
diffusing_particle,11
candida_albicans,11
architectural_design,11
earthquake_event,11
hydration,11
antibiotic_agent,11
insulin_release,11
neutron_diffusion_equation,11
carbamazepine,11
monotherapy,11
crude_oil,11
cell_communication,11
oleic_acid,11
disorder_of_mitochondrial_function,11
pyrroles,11
protein_expression_level,11
n_nitroarginine_methyl_ester,11
phase_diagram,11
health_care_policy,11
anticonvulsant,11
"muscle,_skeletal",11
computer_assisted_tomography,11
system_stability,11
partial_differential_equation,11
atomic_emission_spectroscopy,11
population_distribution,11
seizure,11
clinical_effectiveness,11
giardia_intestinalis,11
carrageenan,11
alpha_glucosidase,11
lamina_propria,11
environment,11
composting,11
genotyping,11
polyethylene,11
gene_silencing,11
endothelium_cell,11
phase_space_method,11
wound_healing,11
kidney,11
dna_polymorphism,11
reflection,11
resistant_starch,11
liver_cell_carcinoma,11
biomaterial,11
hydrotalcites,11
temperature_programmed_reduction,11
"models,_statistical",11
gene_ontology,11
theoretical_framework,11
gibbs_free_energy,11
memory_disorder,11
magnetic_resonance_spectroscopy,11
size_exclusion_chromatography,11
sleep_deprivation,11
sulfate,11
slaughterhouse,11
food_supply,11
hydrogen_sulfide,11
electrophysiology,11
phagocytosis,11
tellurium_compound,11
wastewater_treatment_plant,11
chromatography,11
neuralgia,11
soybean_oil,11
child_health,11
indigenous_population,11
arthritis,11
adomian_decomposition_method,11
carrier_concentration,11
bacteriology,11
tailing,11
knowledge,11
trypanosoma_cruzi,11
consumer_attitude,11
morbidity,11
in_vitro_fertilization,11
dosimetry,11
fuel,11
social_determinant_of_health,11
microwave_radiation,11
cost_effectiveness,11
diazepam,11
fractal_dimension,11
spectrofluorometry,11
solvent_extraction,11
trend_study,11
pyrite,11
"drug_therapy,_combination",11
formic_acid,11
bacterial_virulence,11
bioequivalence,11
major_depression,11
corticosterone_blood_level,11
fokker_planck_equation,11
gallic_acid,11
generalized_gradient_approximation,11
mining,11
pharmacokinetics,11
native_specie,11
disease_duration,11
"spectroscopy,_fourier_transform_infrared",11
immunoglobulin_g,11
free_radical_reaction,11
coronavirus,11
primate,11
luminescent_property,11
electrochemical_characterization,11
bayes_theorem,11
osteoarthritis,11
waste_component_removal,11
humidity,11
adsorption_property,11
removal_efficiency,11
cyclophosphamide,11
chaga_disease,11
brain_ischemia,11
pah,11
gastrointestinal_disease,11
traffic_and_transport,11
impedance,11
population_abundance,11
t_lymphocyte,11
antidepressive_agent,11
thermoregulation,11
permeability,11
bone,11
healthy_volunteer,11
colloid,11
triacylglycerol_lipase,11
n_methyl_dextro_aspartic_acid_receptor,11
dichloromethane,11
morelos,11
feedback_control,11
cadmium_compound,11
ischemic_heart_disease,11
maternal_disease,11
glioblastoma,11
plasma_polymerization,11
metal_nanoparticle,11
azo_dye,11
electric_battery,11
titanium_compound,11
mammalia,11
mental_health,11
body_size,11
conidium,11
satellite_imagery,11
ovarian_follicle,11
ovulation,11
motor_performance,11
photolysis,11
intestine,11
alcoholism,11
energy_transfer_process,11
grain,11
psychosis,10
supine_position,10
fiber_laser,10
mestizo,10
erbium,10
gelatinase_a,10
imidazole_derivative,10
ytterbium_compound,10
gene_regulatory_network,10
habitat,10
caribbean,10
zirconium_compound,10
ammonium,10
heterogeneous_catalyst,10
hospital_admission,10
new_record,10
central_america,10
nitrogen_removal,10
juvenile,10
lactic_acid_bacterium,10
brain_region,10
temporal_variation,10
drug_protein_binding,10
luteinizing_hormone,10
dna_repair,10
overall_survival,10
coating,10
blood_brain_barrier,10
intestinal_mucosa,10
tissue_distribution,10
staphylococcus_epidermidis,10
lymphocyte_count,10
functional_group,10
laser_excitation,10
separation,10
dpph_radical_scavenging_assay,10
respirometry,10
charged_particle,10
oxide_film,10
bioethanol,10
identification_method,10
tropic,10
virus_transmission,10
oligosaccharide,10
"animals,_wild",10
power_transformer,10
flow_of_fluid,10
impedance_spectroscopy,10
ultra_performance_liquid_chromatography,10
bos,10
specie_specificity,10
magnesium_alloy,10
cyclic_gmp,10
tyrosine,10
body_weight_loss,10
overweight,10
controlled_drug_delivery,10
steel,10
modeling,10
estrogen_receptor_alpha,10
dietary_fiber,10
butyric_acid,10
tumor_growth,10
flow_of_gas,10
gamma_ray,10
lagrange_multiplier,10
disease_classification,10
breeding,10
contact_angle,10
fertilizer,10
polysomnography,10
qualitative_research,10
micro_algae,10
forest,10
reliability,10
lactate_dehydrogenase,10
antenna,10
breast_cancer_cell_line,10
carboxy_terminal_sequence,10
ether,10
ethnicity,10
vegetable_oil,10
electrolytic_reduction,10
acrosome_reaction,10
non_newtonian_flow,10
physiological_response,10
environmental_pollutant,10
rheological_property,10
cyanobacterium,10
electron_density_measurement,10
statistic,10
protein_stability,10
wild_animal,10
cell_invasion,10
chlorophenols,10
amyloid_beta_protein,10
cytoskeleton,10
trichomonas_vaginalis,10
biological_evolution,10
transition_metal,10
plastic,10
astrocyte,10
renal_dialysis,10
genetic_association_study,10
silicate,10
inorganic_compound,10
fusarium,10
submerged_fermentation,10
wetland,10
cell_isolation,10
lifespan,10
sarcopenia,10
anthropometric_parameter,10
rr_interval,10
protein_folding,10
"plants,_medicinal",10
methicillin_resistant_staphylococcus_aureus,10
ciprofloxacin,10
arginine,10
pilot_project,10
cell_division,10
fever,10
mouth_lesion,10
neuropathic_pain,10
antivirus_agent,10
developing_world,10
process_control,10
longevity,10
liver_cirrhosis,10
lactobacillus_plantarum,10
analgesic_activity,10
pancreas_islet_beta_cell,10
agricultural_land,10
survival_analysis,10
degenerative_disease,10
error,10
dc_motor,10
exposed_to,10
body_fat,10
corrosion_inhibition,10
biomechanics,10
virulence,10
dental_health,10
secondary_metabolism,10
cooking,10
bioactive_compound,10
cellular_distribution,10
ecosystem_service,10
biotechnological_production,10
nanomagnetics,10
peroxyl_radical,10
gold_nanoparticle,10
jaw_tumor,10
innate_immunity,10
cancer_staging,10
bismuth,10
anxiolytic_agent,10
temperature_measurement,10
solid_state_reaction,10
electrochemical_reactor,10
autacoid,10
fungus_culture,10
directed_graph,10
potable_water,10
drug_metabolism,10
alkaline_phosphatase,10
mouth_mucosa,10
cell_interaction,10
reservoir,10
sperm_viability,10
yucatan_peninsula,10
water_vapor,10
mexican_american,10
plasmid_dna,10
structural_response,10
spinal_cord,10
organic_acid,10
electrooxidation,10
inflammation_mediator,10
distillation_column,10
quantum_theory_of_atom_in_molecule,10
chiapas,10
bacteroidetes,10
antidepressant_activity,10
frontal_cortex,10
echinoderm,10
energy_conservation,10
insula,10
nonlocal,10
plant_stem,10
puebla_[mexico],10
rural_population,10
hemodynamics,10
propranolol,10
low_concentration,10
coordination_compound,10
correlation_method,10
harvesting,10
momentum,10
matlab,10
mangrove,10
dual_energy_x_ray_absorptiometry,10
polypyrrole,10
docosahexaenoic_acid,10
mathematical_technique,10
immunoassay,10
ovis_aries,10
experimental_diabetes_mellitus,10
conformational_transition,10
monte_carlos_simulation,10
electrospray_mass_spectrometry,10
glutathione_transferase,10
vasculotropin_a,10
laccase,10
traditional_medicine,10
maximum_concentration,10
blood_analysis,10
gene_flow,10
anemia,10
earthquake_damage,10
oleanolic_acid,10
health_hazard,10
decision_tree,10
mercury,10
code,10
oral_health,10
covalent_bond,10
pollution_exposure,10
calcination_temperature,10
brain_function,10
phonons,10
earthquake_magnitude,10
stroke,10
diffusion_controlled_growth,10
desulfurization,10
agglomeration,10
hispanic,10
nonlinear_analysis,10
heart_failure,10
iron_alloy,10
mimo_system,10
linear_control_system,10
consumer_behavior,10
anti_microbial_activity,10
carboxylation,10
"gene_expression_regulation,_bacterial",10
mouth_cancer,10
senescence,10
centrifugation,10
analytical_parameter,10
photosynthesis,10
signal_noise_ratio,10
calcium_cell_level,10
xylazine,10
urinary_tract_infection,10
avoidance_behavior,10
high_income_country,9
long_term_exposure,9
gastrointestinal_tract,9
premature_labor,9
progesterone_receptor,9
inverse_problem,9
incubation_time,9
flow_in_porous_medium,9
optical_density,9
correlated_color_temperature,9
star,9
sex_hormone,9
homogeneous_porous_medium,9
seroepidemiology,9
protein_domain,9
impregnation,9
deionized_water,9
functionalizations,9
migration,9
silicon_dioxide,9
mitochondrial_dna,9
generic_drug,9
photogenerated_electron,9
light_intensity,9
antihypertensive_activity,9
oreochromis_niloticus,9
enterobacteriaceae,9
activated_carbon,9
cultivation,9
sex,9
protein_processing,9
triple_negative_breast_cancer,9
novel_object_recognition_test,9
antenna_array,9
sperm_capacitation,9
nanostructures,9
food_quality,9
ferulic_acid,9
transportation,9
learning_system,9
saturated_fatty_acid,9
solid,9
glycosylation,9
ellagic_acid,9
case_study,9
automutilation,9
structural_characteristic,9
edetic_acid,9
atomic_absorption_spectrometry,9
titanium_dioxide_nanoparticle,9
amaranthus,9
disease_burden,9
klebsiella_pneumoniae,9
dairy_cattle,9
tumor_recurrence,9
innovation,9
motor_dysfunction,9
platinum_compound,9
reaction_condition,9
aquatic_environment,9
nanostructured_material,9
glucose_transport,9
functionals,9
fluconazole,9
dimerization,9
outpatient,9
proteinase,9
dipeptidyl_carboxypeptidase_inhibitor,9
deep_learning,9
b_lymphocyte,9
drug_delivery,9
macromolecule,9
cattle_disease,9
dc_dc_converter,9
cold,9
x_ray_scattering,9
polyurethane_foam,9
africa,9
drug_use,9
hypercholesterolemia,9
nuclear_fuel,9
ejaculation,9
pathogen,9
dry_season,9
rna_interference,9
drug_dose_comparison,9
hydrochloric_acid,9
psychometry,9
texas,9
neurophysiology,9
molecular_orbitals,9
nonlinear_programming,9
harmonic_oscillator,9
neutron_flux,9
"promoter_regions,_genetic",9
magnetic_semiconductor,9
middle_east,9
protein_bax,9
biosensors,9
penicillin_derivative,9
x_ray_crystallography,9
white_light,9
arachidonic_acid,9
gabapentin,9
nonparametric_test,9
long_term_memory,9
tungsten_compound,9
gout,9
powder_metal,9
"anti_inflammatory_agents,_non_steroidal",9
global_warming,9
sitosterol,9
hydrothermal_method,9
transport_phenomenon,9
process_optimization,9
glucose_intake,9
factor_analysis,9
tilapia,9
bentonite,9
temperature_programmed_desorption,9
food_security,9
citric_acid_cycle,9
filtration,9
sintering,9
fructose,9
pneumonia,9
intensive_care_unit,9
biomedical_application,9
litopenaeus_vannamei,9
thrush,9
amylose,9
polyethylene_glycol,9
mycelium,9
supramolecular_chemistry,9
fungus_isolation,9
transmission,9
morris_water_maze_test,9
concrete,9
neuromodulation,9
experimental_design,9
scatter_factor,9
chemical_potential,9
health_disparity,9
enzyme_synthesis,9
enzyme_stability,9
crustacean,9
sars_coronavirus,9
pyridine_derivative,9
molecular_modeling,9
aorta,9
economic_analysis,9
"plant_components,_aerial",9
aerial_plant_part,9
land_use_change,9
musculoskeletal_disease,9
"signal_processing,_computer_assisted",9
polyurethan_foam,9
carbon_sequestration,9
transcription_regulation,9
pyrrole,9
tumor_protein,9
multivariant_analysis,9
liver_injury,9
cell_function,9
specie_identification,9
hemodialysis,9
industrial_production,9
scale_up,9
marriage,9
zirconium_alloy,9
childhood_mortality,9
eating_disorder,9
tooth_germ,9
antiretroviral_therapy,9
penicillium,9
time_to_maximum_plasma_concentration,9
tablet_friability,9
location,9
methionine,9
actin,9
density_functionals,9
nerve_cell_differentiation,9
lyapunov_method,9
action_potential,9
nucleation_and_growth,9
composite,9
dengue,9
luminescence_property,9
paraffin,9
tablet,9
prosopis,9
drug_bioavailability,9
mouth_hygiene,9
tomato,9
molecular_diagnosis,9
oxygen_saturation,9
optical_fiber,9
pyrene,9
symmetrics,9
bacillus_subtilis,9
tetracycline,9
ligand_binding,9
sleep_time,9
computational_study,9
secretion,9
damping,9
seroepidemiologic_study,9
molecular_genetics,9
health_service_accessibility,9
resin,9
electron_spin_resonance_spectroscopy,9
bin,9
model_predictive_control,9
proof_of_concept,9
follicle_stimulating_hormone,9
cylinder,9
population,9
drought,9
mean_square_error,9
sleep_disorder,9
thermal_analysis,9
ultrasonic_application,9
cytosol,9
heat_flux,9
stakeholder,9
motion,9
heterozygote,9
salmonella,9
rumen,9
hyperglycemia,9
periodontal_disease,9
aeration,9
neuroimaging,9
drug_response,9
tetanus,9
one_dimensional,9
imidazole,9
surface_chemistry,9
fisher_information_matrix,9
biomineralization,9
collagen,9
data_analysis_software,9
chlorogenic_acid,9
frequency_estimation,9
brownian_particle,9
embryo_development,9
oxidative_phosphorylation,9
health_behavior,9
degradation_mechanism,9
zooplankton,9
molecular_physic,9
wild_type,9
all_cause_mortality,9
comet_assay,9
anti_infective_agent,9
laser_beam,9
optical_emission_spectroscopy,9
beta_sheet,9
electrocatalysis,9
charge_transfer_resistance,9
bicarbonate,9
sol__gel_method,8
vanadium_pentoxide,8
solgel,8
reduced_nicotinamide_adenine_dinucleotide_phosphate_oxidase,8
guinea_pig,8
arsenopyrite,8
photocatalytic_degradation,8
enrofloxacin,8
odor,8
avoidance_learning,8
argentina,8
photoelectron_spectroscopy,8
"diet,_high_fat",8
basolateral_amygdala,8
effluent_treatment,8
osteoblast,8
relative_crystallinity,8
viral_load,8
fluid_intake,8
sample_size,8
drug_targeting,8
suicide_attempt,8
cefepime,8
underweight,8
tryptophan,8
drug_megadose,8
low_drug_dose,8
manganese_compound,8
video_game,8
volume,8
alcoholic_beverage,8
urban_population,8
exon,8
interaction_potential,8
sequence_alignment,8
"chemistry_techniques,_synthetic",8
acclimatization,8
terbium_compound,8
organ_size,8
oscillation,8
pseudomonas,8
beetle,8
brain_mapping,8
vasodilatation,8
testing,8
dipole_moment,8
biogeochemistry,8
agricultural_robot,8
cyanobacteria,8
extraction_method,8
spectral_density,8
neodymium_compound,8
up_regulation,8
metal_support_interaction,8
nanorods,8
chlorophyll,8
green_function,8
liver_neoplasm,8
film,8
frequency_analysis,8
calorimeter,8
nervous_system_inflammation,8
silica_nanoparticles,8
wall,8
bleeding,8
"dna,_ribosomal",8
ribosome_dna,8
environmental_assessment,8
solvent_effect,8
thin_films,8
mononuclear_cell,8
enterococcus_faecalis,8
kinematics,8
microwave_antenna,8
impaired_glucose_tolerance,8
calcium_signaling,8
falling,8
food_handling,8
spatial_learning,8
newtonian_liquid,8
catalytic_property,8
"microscopy,_electron,_transmission",8
constrained_optimization,8
aspect_ratio,8
"oils,_volatile",8
spatial_variation,8
ecuador,8
serum_albumin,8
periurban_area,8
artificial_neural_network,8
copper_zinc_superoxide_dismutase,8
measles,8
mobile_telecommunication_system,8
candida,8
spatial_memory,8
reduced_order_model,8
generalized_langevin_equation,8
pumping,8
scenedesmus_obtusiusculus,8
vaginal,8
diffusivity,8
physicochemical_characteristic,8
benzofuran_derivative,8
red_meat,8
social_support,8
household,8
coumarin_derivative,8
prefrontal_cortex,8
elevated_plus_maze_test,8
recruitment,8
reactor_dynamic,8
triterpenes,8
boron,8
exploratory_research,8
mandible,8
community_composition,8
ytterbium,8
melanoma,8
employment,8
carbonate,8
seawater,8
adenosine_triphosphate_sensitive_potassium_channel,8
viscous_flow,8
acinetobacter,8
dopaminergic_nerve_cell,8
growth_inhibition,8
phylogeography,8
occupational_exposure,8
fertilization_in_vitro,8
pyrolysis,8
brain_tissue,8
drug_absorption,8
climate,8
brain_computer_interface,8
wood,8
olefin,8
summer,8
mimosa,8
sexual_reproduction,8
titanium_oxide,8
inokuti_hirayama_model,8
oxidative_dehydrogenation_of_ethane,8
wetting,8
glial_fibrillary_acidic_protein,8
closed_loop_system,8
fasting,8
acute_disease,8
thermoluminescence_dosimetry,8
temperature_sensitivity,8
effect_of_temperature,8
hybrid_system,8
vimentin,8
microbiome,8
selenium,8
fitness,8
rigid_foamed_plastic,8
hazard,8
buckling_restrained_brace,8
population_size,8
"receptors,_g_protein_coupled",8
lyapunov_function,8
colorectal_cancer,8
dehydration,8
excitation_wavelength,8
gasoline,8
"physical_conditioning,_animal",8
lactobacillales,8
huntington_chorea,8
automation,8
escherichia_coli_protein,8
angiotensin_ii,8
birefringence,8
buckling,8
high_density_lipoprotein,8
dam,8
growth_response,8
fluid_flow,8
needle,8
nucleotide,8
autophagy,8
mesenchymal_stem_cell,8
fatty_liver,8
endothelial_cell,8
metal_complex,8
jalisco,8
staphylococcus_infection,8
dimer,8
acetylcholine,8
ecotoxicology,8
food_availability,8
life_cycle_analysis,8
photoperiodicity,8
crystal_atomic_structure,8
proton,8
uv_light_irradiation,8
uterus,8
deformation,8
spring,8
mesoporous,8
human_immunodeficiency_virus,8
neoplasm_protein,8
antiviral_agent,8
glycine,8
damage_detection,8
oxidant,8
coordination_reaction,8
optimal_system,8
watershed,8
valproic_acid,8
melting_point,8
biocatalysis,8
packed_bed_reactor,8
swift_heavy_ion_track,8
carbohydrate_metabolism,8
electromyography,8
death,8
staphylococcal_infection,8
activated_sludge_process,8
activated_sludge,8
adsorbent,8
exponential_function,8
drug_identification,8
mapk_signaling,8
flour,8
neotropical_region,8
surgery,8
dft,8
hydroxyl_group,8
micronucleus_test,8
ionizing_radiation,8
substrate_concentration,8
organic_loading_rate,8
densitometry,8
polymorphism,8
praseodymium_compound,8
mycobacterium_tuberculosis,8
long_term_care,8
protein_carbonylation,8
drug_compounding,8
biopsy,8
abts_radical_scavenging_assay,8
ateles_geoffroyi,8
emission_spectrum,8
cold_temperature,8
conducting_polymer,8
nitric_acid_derivative,8
scenedesmus,8
radiosensitivity,8
dna_synthesis,8
negative_ion,8
driving_force,8
clostridium,8
neighborhood,8
solid_solution,8
infection_prevention,8
slowly_digestible_starch,8
whey_protein_isolate,8
blood_cell_count,8
poaceae,8
endocrine_disruptor,8
shock_wave,8
mathematical_operator,8
gas_emission,8
biological_pest_control,8
prevention_and_control,8
insect,8
zno_nanoparticles,8
alpha_tocopherol,8
hemoglobin_blood_level,8
ionization_of_gas,8
statistical_significance,8
calcium_compound,8
dysprosium_compound,8
membrane_potential,8
reinforcement,8
diffusion_coefficient,8
zika_fever,8
solution_and_solubility,8
acid,8
cell_movement,8
heating,8
red_alga,8
immunoglobulin_m,8
tranquilizing_activity,8
genetic_differentiation,8
sepsis,8
new_approach,8
india,8
bilirubin,8
transport_coefficient,8
infection,8
tpa_induced_ear_edema,8
photocatalytic_performance,8
soil_structure_interaction,8
program_processor,8
tablet_hardness,8
anti_anxiety_agent,8
child_development,8
convergence_of_numerical_method,8
gravitation,8
dyspnea,8
nutritional_disorder,8
orthostatic_stress,8
seedling,8
tannin_derivative,8
saliva,8
circadian_rhythm,8
ph_measurement,8
levetiracetam,8
mortality_risk,8
health_care,8
hemolysis,8
valley_of_mexico,8
mechanic,8
food,8
electric_power_system,8
pre_treatments,8
behavior_change,8
pertussis,8
electronic_waste,8
contamination,8
malignant_neoplasm,8
aerosol,8
pigment,8
genetic_structure,8
bimetallics,8
"lupus_erythematosus,_systemic",8
buffer,8
anthocyanins,8
image_enhancement,8
bird,8
oxytocin,8
magnetic_resonance,8
chemical_specie,8
vitreoscilla_hemoglobin,8
long_untranslated_rna,8
nematic_liquid_crystal,8
hepatocyte_growth_factor,8
excipient,8
petroleum_industry,8
artificial_ventilation,8
metabolomics,8
anti_human_immunodeficiency_virus_agent,8
antifungal_activity,8
cell_motion,8
data_mining,8
maximum_plasma_concentration,8
one_pot_synthesis,8
insulin_sensitivity,8
mechanical,8
third_trimester_pregnancy,8
ionic_conductivity,8
drug_product,8
immunoblotting,8
formalin_test,8
ovary,8
fractional_order,8
remission,8
leukemia,8
vitreoscilla,8
isoflurane,8
diagnostic_value,8
matrix_algebra,8
blocking_probability,8
vascular_endothelium,8
fourier_transform_infra_red,8
sesquiterpenes,8
artificial_intelligence,8
interstitial_collagenase,8
thermal_processing,8
effective_diffusion_coefficient,8
earthquake_engineering,8
electromagnetic_wave_propagation,8
benzaldehyde_derivative,8
trolox_c,8
lactobacillus,8
cysteine,8
tannin,8
glutathione_reductase,8
dynamic_light_scattering,8
undergraduate_student,8
attitude,8
reactive_distillation,8
mental_disorder,8
immune_system,8
correlational_study,8
boride_layer,8
starch_digestibility,8
luteolin,8
electrophoresis,8
turbulence_model,8
primary_health_care,8
thermal,8
radioactivity,8
zirconium_oxide,8
cellular_senescence,8
acetylsalicylic_acid,8
orbitals,8
adipocytokine,8
cholesterol_diet,8
pisces,8
magnetite_nanoparticles,8
fluorescence_analysis,8
squamous_cell_carcinoma,8
nerve_tissue_protein,8
ear_edema,8
neuroleptic_agent,8
sedation,8
creatine_kinase,8
sequencing_batch_reactor,8
nerve_protein,8
spleen,8
perturbation_theory,8
meningitis,8
congenital_malformation,8
coastal_zone,8
aggression,8
numerical_experiment,8
analytical_result,8
xrd,7
dimethyl_sulfoxide,7
octenyl_succinic_anhydride,7
cross_cultural_comparison,7
chemisorption,7
amylase,7
food_preference,7
health_insurance,7
ab_initio_calculation,7
gas_chromatography_mass_spectrometry,7
molecular_recognition,7
viral_protein,7
diet_restriction,7
arousal,7
hidalgo,7
solid_waste,7
sleep_disordered_breathing,7
tissue_injury,7
laboratory_test,7
"gene_expression_regulation,_fungal",7
silver_alloy,7
identification,7
polyvinylidene_fluoride,7
caffeic_acid,7
autoimmune_disease,7
postoperative_period,7
lipid_composition,7
temperature_profile,7
data_acquisition,7
plant_growth,7
electromagnetic_wave,7
glycolysis,7
feature_extraction,7
capacitance,7
benzofuran,7
atmospheric_chemistry,7
epidemiological_data,7
genetic_code,7
yttrium_compound,7
advanced_oxidation_process,7
isothermal_titration_calorimetry,7
modulation,7
position_dependent,7
cytotoxic_agent,7
acetic_acid_ethyl_ester,7
protein_calorie_malnutrition,7
partition_coefficient,7
dna_base_composition,7
bacterium_detection,7
food_frequency_questionnaire,7
bitch,7
anthocyanin,7
vector,7
cerium,7
mechanical_permeability,7
chronic_respiratory_tract_disease,7
pocillopora,7
environmental_change,7
hydrolase,7
indoor_air_pollution,7
"genetics,_population",7
cancer_radiotherapy,7
dna_fragmentation,7
gastric_mucosa,7
epithelium,7
zika_virus,7
dengue_virus,7
"phantoms,_imaging",7
equipment_design,7
product_design,7
water_resource,7
temperature_range,7
methylene_blue,7
ambient_air,7
precious_metal,7
sanger_sequencing,7
virus_detection,7
patient_compliance,7
bacterial_colonization,7
health_promotion,7
alpha_helix,7
aerobic_bacterium,7
fuel_cell,7
evolutionary_biology,7
accuracy,7
disk_diffusion,7
high_calorie_diet,7
physician,7
ultraviolet_ray,7
addition_reaction,7
concrete_beam_and_girder,7
cell_and_cell_component,7
chloride,7
mine_waste,7
oligomers,7
order_of_magnitude,7
gamma_radiation,7
biological_material,7
tubular_reactor,7
motor_coordination,7
finasteride,7
pregnancy_complication,7
"spectrum_analysis,_raman",7
wear_of_material,7
mucilage,7
semen_analysis,7
municipal_wastewater,7
maternal_mortality,7
social_networking,7
fullerene,7
theoretical_modeling,7
power_quality,7
illumination,7
carbon_emission,7
alginate,7
ostwald_ripening,7
heredity,7
genome,7
gene_function,7
gene_interaction,7
gait,7
lymph_node_metastasis,7
fourier_series,7
rhodophyta,7
italy,7
triosephosphate_isomerase,7
plasticizer,7
secondary_structure,7
lowest_income_group,7
ftir_spectroscopy,7
corresponding_state,7
lamotrigine,7
crystallinities,7
levodopa,7
mesencephalon,7
asthma,7
lewis_acid,7
chloroform,7
normal_distribution,7
ruminant,7
muscle_strength,7
electric_network_analysis,7
tumor_invasion,7
animal_distribution,7
enhanced_recovery,7
"antineoplastic_agents,_phytogenic",7
urbanization,7
pollution_effect,7
dna_determination,7
cell_activation,7
fractional_neutron_point_kinetic,7
myeloperoxidase,7
immunolocalization,7
carbon_nanotube,7
placebo,7
metabolic_parameter,7
baja_california_[_mexico],7
hematologic_disease,7
animal_dispersal,7
quinolinic_acid,7
sonication,7
methane_production,7
agricultural_waste,7
annealing,7
baja_california_sur,7
hypoglycemia,7
adaptive_control_system,7
multidrug_resistance,7
multiple_sclerosis,7
amphibia,7
chihuahuan_desert,7
polyphenols,7
point_kinetics_equation,7
immunocytochemistry,7
semen,7
steroid,7
health_impact,7
prebiotics,7
lagoon,7
trajectory_tracking,7
induction_motor,7
finite_element_analysis,7
mouth_examination,7
cephalosporin,7
viscoelastic_property,7
dementia,7
homeostasis_model_assessment,7
lepidoptera,7
coinfection,7
amyloid_beta_peptides,7
vascular_endothelial_growth_factor_a,7
lactobacillus_brevis,7
teaching,7
tunel_assay,7
amylopectin,7
mu,7
drug_safety,7
cell_surface,7
tropic_climate,7
autopsy,7
neutrophil_count,7
tube,7
drug_elimination,7
optical_spectroscopy,7
clozapine,7
self_diffusion_coefficient,7
satellite_data,7
gelatin,7
chemical_shift,7
spore,7
cross_coupling_reaction,7
scatter_factor_receptor,7
pressure_drop,7
generalized_anxiety_disorder,7
tree,7
steel_structure,7
steel_construction,7
software_testing,7
"suicide,_attempted",7
suicidal_ideation,7
oscillator_strength,7
pressure,7
"drug_screening_assays,_antitumor",7
ligand_to_metal_charge_transfer,7
specific_heat,7
anti_inflammatory_activity,7
inhibitory_effect,7
titration,7
herbicide,7
heparin,7
aldehyde,7
anti_bacterial_activity,7
diesel_fuel,7
deconvolution,7
habitat_fragmentation,7
sociodemographics,7
ultrasonography,7
college_student,7
crystal_orientation,7
magnetic_moment,7
feed_conversion_ratio,7
health_care_disparity,7
blastocyst,7
physico_chemical_characterization,7
momentum_transfer,7
ruthenium,7
quantum_mechanic,7
radial_distribution_function,7
mathematical_computing,7
stem_cell,7
family_history,7
photography,7
domestic_sheep,7
inhibition_efficiency,7
disease_progression,7
antinociceptive_agent,7
pulsed_laser,7
uv_irradiation,7
source_apportionment,7
"receptors,_n_methyl_d_aspartate",7
petroleum_reservoir,7
cost_of_illness,7
radio_system,7
reaction_intermediate,7
quartz,7
choline,7
electrolysis,7
silver_nanoparticle,7
bacterial_metabolism,7
reusability,7
perciform,7
feeding_and_eating_disorder,7
sjoegren_syndrome,7
patient_rehabilitation,7
sanitation,7
geographic_mapping,7
osteoporosis,7
practice_guideline,7
encapsulation_efficiency,7
acute_lymphoblastic_leukemia,7
prednisone,7
bone_density,7
computer_software,7
newtonian_fluid,7
bovine_serum_albumin,7
biocompatible_material,7
solvothermal_method,7
multi_objective_evolutionary_algorithm,7
shellfish,7
osteoclast_differentiation_factor,7
aerobic_metabolism,7
cancer_cell_line,7
water_contamination,7
dechlorination,7
reference_trajectory,7
reference_value,7
meropenem,7
soybean,7
mesh_generation,7
colloidal_particle,7
residence_time,7
vanadium,7
anti_hiv_agent,7
cardiovascular_risk,7
demographic,7
sulfonamide,7
tin_oxide,7
time_delay,7
kinetic_model,7
propionates,7
catering_service,7
behavioral_research,7
complexity,7
governance_approach,7
agonist,7
next_generation_sequencing,7
oxide_semiconductor,7
gallium_alloy,7
tensile_testing,7
design_for_testability,7
air,7
enzyme_immobilization,7
heart_function,7
reperfusion_injury,7
pleurotus_ostreatus,7
reconfigurable_hardware,7
nanomaterial,7
pitched_blade_turbine,7
cascade_control_system,7
mental_performance,7
executive_function,7
electric_power_utilization,7
fluorocarbon,7
experimental_value,7
rheumatic_disease,7
molecular_stability,7
ribosome_rna,7
photocatalytic_reaction,7
boltzmann_equation,7
production_of_hydrogen,7
surface_diffusion,7
sesquiterpene,7
stainless_steel,7
layered_semiconductor,7
acid_base_balance,7
surface_charge,7
immunophenotyping,7
yarrowia_lipolytica,7
"immunity,_innate",7
newborn_mortality,7
carrageenan_induced_paw_edema,7
turbomachine_blade,7
hybrid,7
diagnostic_and_statistical_manual_of_mental_disorder,7
hot_temperature,7
glutamine,7
standardization,7
hydroxide,7
biofiltration,7
delta_function,7
wireless_network,7
nonlinear_schrödinge_equation,7
oxidation_reduction_potential,7
two_term_control_system,7
fatigue,7
farm,7
crosslinking,7
deprotonation,7
quadrupole_interaction,7
fluid,7
propionic_acid_derivative,7
immunoprecipitation,7
hela_cell,7
tight_junction,7
glow_curve,7
sensory_perception,7
"carcinoma,_squamous_cell",7
fisher_information,7
discotic_liquid_crystal,7
crystallography,7
radiography,7
antioxidant_property,7
"rna,_long_noncoding",7
construction_industry,7
life_cycle_assessment,7
navigation,7
up_flow_anaerobic_sludge_blanket_reactor,7
photobioreactors,7
electronic_structure_calculation,7
gene_deletion,7
voltammetry,7
costa_rica,7
exosome,7
enzyme_active_site,7
sperm_motility,7
squash,7
energy_consumption,7
niger,7
"drug_resistance,_bacterial",7
cadherin,7
chemoluminescence,7
progesterone_blood_level,7
cadherins,7
"protein_structure,_secondary",7
leaf,7
photocatalytic_application,7
high_risk_population,7
angular_momentum,7
excitation_and_emission_spectrum,7
electric_dipole_dipole_interaction,7
estrus,7
conceptual_design,7
cmos_integrated_circuit,7
film_preparation,7
sodium_alginate,7
targeted_drug_delivery,7
proportional_hazard_model,7
disease_surveillance,7
electrochemical_reaction,7
leachate,7
amino_acid_substitution,7
glucose_oxidase,7
drying,7
microbial_biomass,7
degree_of_substitution,7
antiprotozoal_agent,7
peyer_patch,7
stereoisomerism,7
elemental_analysis,7
molybdenum_compound,7
lower_temperature,7
saponin,7
chronic_stress,7
fractional_calculus,7
hydrothermal_synthesis,7
triazole_derivative,7
design_of_experiment,7
oxygen_evolution_reaction,7
oxidopamine,7
hierarchical_system,7
decay,7
fluidization,7
fluidized_bed,7
melting,7
size_distribution,7
loading,7
laserinduced_breakdown_spectroscopy,7
inclusion_complex,7
replica_exchange,7
photoluminescence_property,7
hypocreales,7
wavelet_transforms,7
high_selectivity,7
fungal_biomass,7
rem_sleep,7
hospital_patient,7
cheminformatics,7
dna_microarray,7
estrogen,7
"receptors,_estrogen",7
drug_repositioning,7
cytotoxicity_assay,7
learning,7
clomipramine,7
two_dimensions,7
flow_modeling,7
monolayers,7
nanofibers,7
experimental_technique,7
dispersity,7
time,7
apparent_permeability,7
ex_vivo_study,7
plasma_cell,7
lactobacillus_casei,7
secretory_component,7
wheat,7
fed_batch_culture,7
streptozotocin_induced_diabetes_mellitus,7
in_vitro_technique,7
alanine_aminotransferase_blood_level,7
albumin_blood_level,7
antimony_compound,7
set_theory,7
serotoninergic_system,7
damage,7
low_carbon_steel,7
gram_negative_bacteria,7
self_concept,7
cyprinid,7
coffee,7
coumaric_acid,7
drug_analysis,7
cholinesterase_inhibitor,7
critical_temperature,7
semi_structured_interview,7
daily_life_activity,7
learning_algorithm,7
structural_damage,7
constitutive_equation,7
reticulocyte,7
atropine,7
barium_compound,7
non_alcoholic_fatty_liver_disease,7
corrosion_resistant_coating,7
sequence_homology,7
lizard,7
permittivity,7
neovascularization,7
microwave_irradiation,7
behavioral_response,7
dry_forest,7
felid,7
discriminant_analysis,7
aquifer,7
therapy,7
bacterial_spore,7
nonalcoholic_fatty_liver,7
gamma_glutamyltransferase,7
pareto_principle,7
propylene,7
maturation,7
building_code,7
nutritional_deficiency,7
artifact,7
norepinephrine,7
water_flow,7
adipokines,7
anti_inflammatories,7
sierra_madre_[mexico],7
curriculum,7
metarhizium,7
beer,6
risk_perception,6
caribbean_region,6
surface_water,6
agro_industrial_waste,6
drug_dosage_form,6
semiarid_region,6
rna_sequencing,6
insomnia,6
functional_food,6
behavior_assessment,6
hard_palate,6
maximum_drug_effect,6
decarboxylation,6
"pest_control,_biological",6
digestive_system,6
cephalosporin_derivative,6
habitat_use,6
cell_metabolism,6
membrane_glycoprotein,6
peroxisome_proliferator_activated_receptor_gamma_agonist,6
membrane_permeability,6
"neovascularization,_pathologic",6
antiviral_activity,6
cognitive_system,6
nicotinamide,6
flow_velocity,6
interface,6
electromagnetics,6
caenorhabditis_elegans,6
huntington_disease,6
random_process,6
primary_antioxidant,6
magnesia,6
expression_vector,6
hamster,6
molecular_mechanism,6
classifier,6
interferon_gamma,6
capillary_electrophoresis,6
assessment_method,6
fractional_order_derivative,6
literature_review,6
ketoprofen,6
womens_health,6
"rats,_long_evans",6
neuropathology,6
cancer,6
long_evans_rat,6
antibody_production,6
cholinergic_system,6
swift_heavy_ion,6
immunofluorescence_test,6
alginic_acid,6
inulin,6
food_contamination,6
operation_technology,6
mevinolin,6
levofloxacin,6
ascomycete,6
prostate_weight,6
stereochemistry,6
anion,6
dft_calculation,6
bone_marrow_cell,6
tau_protein,6
cytoskeleton_protein,6
transesterifications,6
silicon_carbide,6
cell_stimulation,6
indomethacin,6
analytical_approach,6
predictor_variable,6
semi_conducting_property,6
addiction,6
information_science,6
confined_atom,6
carbon_footprint,6
zebrafish,6
zebra_fish,6
toxic_substance,6
reproductive_toxicity,6
computational_efficiency,6
urea_nitrogen_blood_level,6
kidney_disease,6
problem_solving,6
optimal_control,6
heteronuclear_multiple_bond_correlation,6
management_practice,6
intermolecular_interaction,6
bile_salt,6
electron_hole_pair,6
inducible_nitric_oxide_synthase,6
pollen,6
copulation,6
cancer_survival,6
alpha_glucosidases,6
low_density_lipoprotein,6
biomechanical_phenomenon,6
organ_weight,6
blue_emission,6
vicia_faba,6
niche,6
visible_light,6
health_care_quality,6
lead_oxide,6
agave_tequilana,6
analytical_method,6
efficiency_measurement,6
dna_sequencing,6
milling,6
kainic_acid,6
epileptic_state,6
laboratory,6
tooth,6
molecular_pathology,6
dairying,6
parametric_identification,6
tumor_xenograft,6
solvation,6
electronic_band_structure,6
water_vapor_permeability,6
chlorine_concentration,6
nitrifying_bacterium,6
carrier_protein,6
arbuscular_mycorrhiza,6
shrub,6
spectroscopic_technique,6
condensation_reaction,6
metal_oxide,6
laser_induced_breakdown_spectroscopy,6
error_compensation,6
glow_discharge,6
autumn,6
lewis_acid_site,6
vaccine,6
waste_heat,6
rankine_cycle,6
modified_starch,6
international_cooperation,6
catalyst_deactivation,6
glycoside,6
water_immersion,6
gap_junction,6
liquefied_gas,6
stochastics,6
adsorption_kinetics,6
chemical_reaction_kinetics,6
chromosome,6
height,6
social_aspect,6
optimal_sequential,6
hypothesis_testing,6
electrochemical_behavior,6
initial_condition,6
membrane_channel,6
ancestry_group,6
persistent_organic_pollutant,6
europe,6
substantia_nigra,6
water_molecule,6
food_processing,6
"arthritis,_rheumatoid",6
nutrition_survey,6
domestic_animal,6
prasterone,6
experimental_validation,6
rating_scale,6
maternal_age,6
prostate_tumor,6
lactate_blood_level,6
phenology,6
wave_propagation,6
prostatic_neoplasm,6
androgen,6
nonlinear_dynamic,6
shear_strength,6
hydrogen_generation,6
dehydroepiandrosterone,6
time_dependent,6
value_engineering,6
fractional_anisotropy,6
diffusion_weighted_imaging,6
predation,6
carnivore,6
coronavirus_spike_glycoprotein,6
markov_process,6
spermatozoon_maturation,6
metal_site,6
pancreas_cancer,6
threonine,6
tert_butylhydroquinone,6
cucurbita,6
wind,6
constant_magnetic_field,6
ammonium_sulfate,6
hydrozincite,6
hydraulics,6
uterine_cervix_tumor,6
piecewise_linear_technique,6
luciferase_assay,6
tumor_suppressor_gene,6
tropical_climate,6
pulmonary_hypertension,6
pancreas,6
ecological_impact,6
dipeptidyl_carboxypeptidase,6
uterine_cervical_neoplasm,6
ameloblastic_carcinoma,6
metal_recovery,6
nonlinear_model_predictive_control,6
soybean_meal,6
bioindicator,6
crystallite,6
nitrogen_physisorption,6
embedded_discontinuity,6
south_asia,6
tooth_development,6
multiphase_flow,6
fiber_optic_sensor,6
random_forest,6
shear_thinning,6
amino_terminal_sequence,6
serotype,6
hydrothermal_treatment,6
plant_root,6
wild,6
unsafe_sex,6
exchange_correlation_functionals,6
low_back_pain,6
hemolytic_anemia,6
earthquake_prediction,6
cheese,6
ceramic_material,6
acetonitrile,6
katp_channel,6
erythema,6
cognitive_radio_network,6
administration_and_dosage,6
structural_system,6
cfd_simulation,6
hydrogen_atom_transfer,6
banana,6
carbonyl_derivative,6
montmorillonite,6
pore_size_distribution,6
computer_network,6
mean_first_passage_time,6
limestone,6
gene_control,6
industrial_waste,6
gas_exchange,6
pharmacokinetic_parameter,6
st_segment_elevation_myocardial_infarction,6
indoles,6
sol_gel,6
indole_derivative,6
ecosystem_restoration,6
quantum_system,6
piperazine,6
open_reading_frame,6
tramadol,6
physical_examination,6
ethnic_group,6
functional_connectivity,6
virus_infection,6
head_and_neck_tumor,6
"statistics,_nonparametric",6
first_order,6
molasses,6
equivalent_circuit,6
turbulent_flow,6
"neoplasm_recurrence,_local",6
viscosity_of_liquid,6
network_architecture,6
a_particles,6
smoke,6
neurotransmitter,6
nadph_oxidase,6
binder,6
powder_x_ray_diffraction,6
broiler,6
quantum_confinement,6
confinement_effect,6
oocyte_development,6
sewage_treatment_plant,6
antirheumatic_agent,6
manganese_oxide,6
state_of_mexico,6
electrochemical_process,6
echinodermata,6
greenhouse_effect,6
symptom,6
biofilters,6
candida_glabrata,6
attention_deficit_hyperactivity_disorder,6
radio,6
sol___gel_synthesis,6
parametric_uncertainty,6
residence_time_distribution,6
chemical_vapor_deposition,6
stromelysin,6
endothelium,6
calcium_channel_blocking_agent,6
disease_incidence,6
oxic_condition,6
cigarette_smoking,6
carrier_mobility,6
endocannabinoid,6
electric_current,6
cognitive_behavioral_therapy,6
campeche,6
conjugate_gradient_method,6
enzyme_phosphorylation,6
coordination_complex,6
cytosine,6
inhibitor,6
plant_residue,6
circuit_simulation,6
finite_element_analyse,6
metabolome,6
nitro_compound,6
batch_cell_culture_technique,6
genome_analysis,6
surfactant,6
animal_nutritional_physiological_phenomenon,6
computational_calculation,6
ceramic,6
pharmacodynamics,6
social_network,6
photocatalytic_behavior,6
different_size,6
adsorption_desorption,6
corticosteroid,6
activation_analysis,6
starch_granule,6
nitro_derivative,6
curve_fitting,6
mexico_earthquake,6
amoxicillin,6
basis_set,6
zirconium,6
psychometrics,6
large_eddy_simulation,6
failure,6
endotoxemia,6
endophyte,6
reactivity_index,6
child_mortality,6
japan,6
alcohol_use_disorder,6
calcite,6
bacterial_infection,6
scopoletin,6
fat_intake,6
osteoprotegerin,6
pharmaceutic,6
pollination,6
missense_mutation,6
performance_analysis,6
samarium_compound,6
medical_nanotechnology,6
activity_pattern,6
surface_plasmon_resonance,6
short_term_memory,6
calorimetry,6
liver_tumor,6
"carcinoma,_hepatocellular",6
momentum_transport,6
many_electron_atom,6
co_catalyst,6
occupation,6
immobilized_enzyme,6
penicillium_chrysogenum,6
darcy_law,6
dry_matter_intake,6
hopf_bifurcation,6
asia,6
protein_secretion,6
condensation,6
tropical_disease,6
confidence_interval,6
stillbirth,6
cyclability,6
drug_metabolite,6
elemental_carbon,6
alpha_levo_fucosidase,6
fucose,6
nuclear_protein,6
bulimia,6
nervous_system,6
dna_replication,6
maternal_hypertension,6
systemic_sclerosis,6
phenol_photodegradation,6
palladium_complex,6
roc_curve,6
school,6
dipole,6
decapoda,6
aqueous_medium,6
anaerobic_sludge,6
risk,6
mof_material,6
drug_distribution,6
transition_element,6
agricultural_worker,6
internal_consistency,6
logistic_regression_analysis,6
torque,6
spinodal_decomposition,6
evaporation,6
abstracting,6
silver_compound,6
phosphate_buffered_saline,6
rearing,6
udder,6
longissimus_muscle,6
abattoir,6
immobilization_stress,6
meat_quality,6
conditioned_reflex,6
biological_process,6
durango_[mexico],6
nickel_alloy,6
cortical_bone,6
titanium_alloy,6
judd_ofelt_theory,6
molecular_oxygen,6
leachates,6
mouth_squamous_cell_carcinoma,6
sorption_isotherm,6
polystyrene,6
moisture_determination,6
ruxolitinib,6
fetus_heart_rate,6
forcefields,6
reptile,6
ferritin,6
near_infrared_laser,6
charlson_comorbidity_index,6
genetic_trait,6
artificial_insemination,6
fear,6
"polymorphism,_genetic",6
migraine,6
elongation_at_break,6
surgical_technique,6
surface_analysis,6
sonora,6
rare_earth_element,6
photovoltaic_cell,6
"conditioning,_classical",6
opuntia,6
gadolinium_compound,6
heritability,6
ultrasound_treatment,6
mineral_oil,6
production_rate,6
dna_binding_protein,6
xenograft_model_antitumor_assay,6
geostatistical_analysis,6
water_buffalo,6
phytotoxicity,6
adsorption_mechanism,6
water_adsorption,6
poly_lactic_acid,6
biomaterials,6
chemical_parameter,6
vibrio,6
food_industry,6
lactoferrin,6
oxidizing_agent,6
syphilis,6
hydrostatic_pressure,6
kriging,6
amikacin,6
ceftriaxone,6
islet_of_langerhans,6
listeria_monocytogenes,6
streptomyces,6
organic_fraction_of_municipal_solid_waste,6
hazard_assessment,6
sulfur_determination,6
metabolic_regulation,6
skin_disease,6
hydrogen_storage,6
transcranial_magnetic_stimulation,6
crime,6
smartphones,6
mini_mental_state_examination,6
ceftazidime,6
spider,6
pancreas_islet,6
protein_tyrosine_kinase,6
immunosuppressive_treatment,6
cell_protection,6
protective_agent,6
light_polarization,6
estimation,6
biophysics,6
linear_regression_analysis,6
noncommunicable_disease,6
gram_positive_bacterium,6
melanin,6
cell_culture_technique,6
photoperiod,6
steam,6
predator,6
salmonella_typhimurium,6
agar,6
cancer_risk,6
cyprinodontiformes,6
stigmasterol,6
immunization,6
cold_stress,6
methyl_group,6
drug_half_life,6
dentate_gyrus,6
square_well,6
physiological_model,6
embryology,6
seismic_hazard,6
maze_test,6
embedded_system,6
optimal_stopping,6
iron_deficiency_anemia,6
contaminated_water,6
population_modeling,6
aquatic_ecosystem,6
"epigenesis,_genetic",6
genetic_epigenesis,6
movement,6
"databases,_factual",6
endothelial_nitric_oxide_synthase,6
factual_database,6
immobility_time,6
weathering,6
drug_carrier,6
nucleus_accumbens,6
remediation,6
cardiorespiratory_fitness,6
sequential_analysis,6
theoretical_value,6
lamb,6
arid_region,6
cardiometabolic_risk,6
phenanthrene,6
bacterial_load,6
gelatinization,6
maxilla,6
"transcription,_genetic",6
dopaminergic_neuron,6
spectras,6
coliform_bacterium,6
brain_derived_neurotrophic_factor,6
fusarium_culmorum,6
esterase,6
abdominal_pain,6
grain_boundary,6
upper_respiratory_tract_infection,6
epinephrine,6
adsorption_energy,6
vertebrata,6
history,6
environmental_technology,6
multi_objectives_optimization,6
cardiac_muscle_cell,6
saccharification,6
hematoxylin,6
porphyrin,6
walking,6
cell_vacuole,6
multilayers,6
bifidobacterium,6
prevotella,6
natural_selection,6
fluoridation,6
liver_tissue,6
zymography,6
succinic_acid,6
poisson_distribution,6
androstanolone,6
land_cover,6
defect,6
liver_function,6
food_packaging,6
estradiol_blood_level,6
developmental_stage,6
coculture,6
optimization_problem,6
gold_compound,6
river_pollution,6
natural_language_processing_system,6
mannitol,6
histamine,6
hepatitis_b,6
bakery,6
urogenital_tract_disease,6
waste_water_treatment_plant,6
erbium_compound,6
spermatozoon_density,6
organization_and_management,6
water_conservation,6
delivery_of_health_care,6
nose,6
rna_sequence,6
vancomycin,6
computational_cost,6
empirical_mode_decomposition,6
acetate,6
microbial_population_dynamic,6
operating_cost,6
"dna,_mitochondrial",6
preclinical_study,6
polypropylene,6
field_emission_scanning_electron_microscopy,6
sugar_cane,6
charge_carrier,6
gravity,6
mechanical_hyperalgesia,6
chromium_metallography,6
state_estimation,6
sensory_property,6
carcinoma,6
drug_receptor_binding,6
mechanical_response,6
calcium_channel,6
glycogen_liver_level,6
caribbean_sea,6
radiator,6
fluorometry,6
chronic_inflammation,6
catecholamine,6
health_care_personnel,6
neglected_disease,6
cytochrome_c_oxidase,6
lipid_bilayers,6
desert,6
database,6
antiphospholipid_syndrome,6
tissue_section,6
computer_graphic,6
field_emission_microscope,6
electromagnetic_simulation,6
ischemia,6
stomach_mucosa,6
silver_oxide,6
social_structure,6
remote_sensing,6
resveratrol,6
renewable_energy,6
closed_form_expression,6
polyvinyl_alcohol,6
type_locality,6
fungal_metabolism,6
ant,6
stearic_acid,6
in_vitro_oocyte_maturation,6
freezing,6
electric_activity,6
overstrength,6
light_dark_cycle,6
parameter,6
diagnostic_accuracy,6
kinetics_and_mechanism,6
oxygen_reduction_reaction,6
recurrent_disease,6
chlorophenol,6
hormone_blood_level,6
scleractinia,6
cloud_forest,6
epithelial_mesenchymal_transition,6
"air_pollution,_indoor",6
bandpass_filter,6
lipid_blood_level,6
cancer_chemotherapy,6
antibody,6
nicotinamide_adenine_dinucleotide,6
cell_size,6
plastic_bottle,6
zoonosis,6
male_infertility,6
meat_product,6
altitude,6
schrodinger_equation,6
cyclization,6
european,6
specie_conservation,6
dark_optical_soliton,6
measurement,6
phytoremediation,6
icosapentaenoic_acid,6
lung_embolism,6
four_body_problem,6
environmental_policy,6
deforestation,6
ferrite,6
humoral_immunity,6
heart_disease,6
lymphocyte_subpopulation,6
exact_solution,6
somatomedin_c,6
carbon_paste_electrode,6
detoxification,6
microhardness,6
semiconductor,6
articular_cartilage,6
mitochondrial_respiration,6
ionic_conduction,6
thulium_compound,6
passive_mode_locking,6
bacterial_genome,6
nocardia,6
whole_genome_sequencing,6
hormesis,6
strain,6
knee_osteoarthritis,6
"osteoarthritis,_knee",6
biological_oxygen_demand_analysis,6
hybridization,6
brownian,6
high_density_lipoprotein_cholesterol_level,6
adiposity,6
cell_suspension,6
conidium_production,6
public_health_service,6
safety,6
drug_resistance,6
permeation,6
turbulence,6
local_participation,6
amplicon,6
microbial_viability,6
corrosive_effect,6
matrix_assisted_laser_desorption_ionization_time_of_flight_mass_spectrometry,6
acylation,6
dna_isolation,6
agricultural_soil,6
prematurity,6
synaptic_transmission,6
reduced_nicotinamide_adenine_dinucleotide_phosphate,5
sex_characteristic,5
birth,5
host_parasite_interaction,5
mechanism_and_kinetics,5
dispersal,5
choice_behavior,5
france,5
glucose_homeostasis,5
exact_analytical_solution,5
livelihood,5
consultation,5
household_survey,5
ectoparasite,5
peptic_ulcer,5
heat_convection,5
cerebrovascular_disease,5
aluminum_hydroxide,5
developed_country,5
yttrium,5
screening,5
analytical_performance,5
carotenoid,5
spectrophotometer,5
staphylococcus,5
para_cresol,5
endocrine_disease,5
data_handling,5
rank_sum_test,5
antilipemic_agent,5
predictive_value_of_test,5
erosion,5
tobacco_use,5
pre_treatment,5
streptococcus,5
crude_oil_market,5
polypeptide_antibiotic_agent,5
electric_network_parameter,5
standing,5
eichhornia_crassipes,5
macrophyte,5
jaguar,5
bio_ethanol_production,5
panthera,5
perhydroxyl_radical,5
cardiovascular_parameter,5
nootkatone,5
cancer_patient,5
cancer_combination_chemotherapy,5
tetradecanoylphorbol_acetate,5
electric_power_system_control,5
microinjection,5
decay_ratio,5
bacterial_rna,5
epoxy_resin,5
therapy_effect,5
acceleration,5
light_transmission,5
paclitaxel,5
breathing,5
microhabitat,5
phenotypic_plasticity,5
apnea_hypopnea_index,5
citrate_sodium,5
diet_induced_obesity,5
phospholipid,5
prenatal_care,5
passively_mode_locked,5
diet_therapy,5
fat_mass,5
sulfuric_acid,5
horseradish_peroxidase,5
langevin_equation,5
sexually_transmitted_disease,5
parasite_identification,5
cloning,5
insulin_like_growth_factor_i,5
heteronuclear_single_quantum_coherence,5
x_ray,5
lectin,5
"calorimetry,_differential_scanning",5
spawning,5
stimulus,5
dilute_gas,5
stirred_tank_bioreactors,5
ruthenium_alloy,5
microspheres,5
morphological_characteristic,5
consumer,5
"crops,_agricultural",5
herbivore,5
hand_strength,5
chalcopyrite_leaching,5
anti_inflammatory_drug,5
immunoglobulin_blood_level,5
resource_allocation,5
white_matter,5
maze_learning,5
dietary_carbohydrate,5
vulnerable_population,5
united_kingdom,5
electric_resistance,5
number_of_electron,5
ionization_potential,5
fibrinogen,5
guatemala_[central_america],5
anodic_oxidation,5
fenton_reaction,5
bottle,5
lignocellulosic_biomass,5
vibration_analysis,5
earthquake_effect,5
electron_transfer,5
random_variable,5
oxygen_consumption_rate,5
chondrocyte,5
electrochemical_performance,5
polyethylene_terephthalates,5
pressure_gradient,5
cat,5
graphic_processing_unit,5
electrical_power,5
matrix_metalloproteinase,5
rickettsia,5
pavona,5
citrate,5
brain_disease,5
newborn_sepsis,5
clinical_practice,5
mild_reaction_condition,5
calcium_oxide,5
povidone,5
pentacyclic_triterpene,5
culture,5
"pregnancy_trimester,_third",5
bootstrapping,5
acetaminophen,5
serine,5
tension_headache,5
encephalitis,5
traumatic_brain_injury,5
surface_treatment,5
fungal_enzyme,5
fungal_gene,5
displacement,5
congenital_disorder,5
fertilization,5
rhodamine_b,5
tropical_forest,5
mass_balance_equation,5
additive_effect,5
aluminum_gallium_nitride,5
nozzle,5
metaphase,5
heterogeneous_modeling,5
ion_track,5
protein_isolation,5
succinate_dehydrogenase,5
barley,5
male_genital_system,5
government,5
drowning,5
estuary,5
c,5
tracer,5
bacteriocins,5
current_density,5
up_conversion,5
computer_aided_design,5
liver_mitochondrion,5
structural_and_optical_property,5
laser_ablation_plasma,5
face,5
hydrogen_transfer,5
medicine,5
asymptomatic_disease,5
typhoid_fever,5
health_care_system,5
hepatitis_c,5
sludge_digestion,5
rainy_season,5
wastewater_reclamation,5
spinocerebellar_degeneration,5
nuclear_power_plant,5
insulin_secreting_cell,5
drug_interaction,5
confined_system,5
cell_component,5
horse,5
"genes,_bacterial",5
near_infrared_luminescence,5
pyrosequencing,5
energy_dispersive_x_ray_analysis,5
coprecipitation,5
plant_mucilage,5
betaproteobacteria,5
protein_intake,5
acacia,5
potassium_channel,5
poly_methacrylate,5
enzyme_mechanism,5
cyclohexane,5
sorghum,5
upper_limb,5
relative_humidity,5
seminiferous_tubule,5
spermatogenesis,5
conditioning,5
controlled_clinical_trial,5
"metals,_heavy",5
interferon,5
rhesus_monkey,5
diffusion_tensor_imaging,5
cave,5
skull,5
network_analysis,5
pollution_control,5
antinuclear_antibody,5
refraction_error,5
testis_tissue,5
copolymer,5
chronic_liver_disease,5
velocity_distribution,5
ground_water,5
sea_water,5
informed_consent,5
ateles_sp.,5
freeze_drying,5
lennard_jones_potential,5
vasodilator_agent,5
amyloid,5
half_life_time,5
imaging_phantom,5
beryllium_oxide,5
bayesian_analysis,5
foreign_body,5
vector_space,5
ultra_wideband,5
directional_pattern,5
inbreeding,5
van_der_waals_interaction,5
pharmacological_parameter,5
photo_reduction,5
vi_spectroscopy,5
physical_phenomenon,5
natural_resource,5
manufacturing,5
enhanced_oil_recovery,5
thermodynamic_equilibrium,5
titania,5
reactor_operation,5
nutrition_assessment,5
conjugated_linoleic_acid,5
intellectual_impairment,5
incompressible_flow,5
cefotaxime,5
azithromycin,5
platelet_count,5
many_objective_optimization,5
mouth_cavity,5
high_purity,5
lighting,5
paramagnetic_resonance,5
imipenem,5
child_nutrition,5
clinical_examination,5
biomedical_signal_processing,5
liver_toxicity,5
penicillin_g,5
dinoflagellate,5
hydrodesulfurization_catalyst,5
rattus_norvegicus,5
killifish,5
vapor_liquid,5
measurement_method,5
urban_growth,5
endothelial_dysfunction,5
serotonin_transporter,5
winding,5
medicinal_chemistry,5
manganese_alloy,5
synthesized_material,5
mechanical_system,5
"electrophoresis,_polyacrylamide_gel",5
aspergillus_brasiliensis,5
morphological_trait,5
occupational_hazard,5
bond_strength,5
canola_oil,5
carbamic_acid_derivative,5
nutritional_value,5
vanillin,5
benzimidazole_derivative,5
void_fraction,5
signal_analysis,5
participatory_approach,5
climate_model,5
"microscopy,_atomic_force",5
somnolence,5
diamond,5
higher_order_statistic,5
dizziness,5
parkinsonism,5
filamentous_fungus,5
autonomic_regulation,5
"microscopy,_confocal",5
electricity,5
density_of_liquid,5
d_dimer,5
nasopharyngeal_swab,5
hyperuricemia,5
ppar_alpha,5
dopaminergic_system,5
chaotic_system,5
approximation_algorithm,5
carbon_nanostructures,5
"toxicity_tests,_acute",5
troponin_i,5
acute_coronary_syndrome,5
stimulated_emission_cross_section,5
proteus_mirabilis,5
white_emission,5
cell_proliferation_assay,5
chalcopyrite,5
cell_cycle_progression,5
heterogeneous_reactor,5
gold_deposit,5
theoretical_approach,5
robustness,5
mitigation,5
neodymium_laser,5
expansion,5
game_addiction,5
heat_of_vaporization,5
feedback_system,5
magnetic_material,5
continuum_mechanic,5
cancer_recurrence,5
characterization_technique,5
combinatorial_optimization,5
polynomial_approximation,5
homozygosity,5
trophozoite,5
solute_transport,5
virus_replication,5
fault_detection,5
low_birth_weight,5
process_intensification,5
cyanocobalamin,5
vanadium_metallography,5
loss_of_function_mutation,5
pedigree,5
sugarcane,5
indonesia,5
heart_arrhythmia,5
computational_complexity,5
touch,5
gelatinisation,5
phthalic_acid_bi_ester,5
chemical_procedure,5
molecular_sequence_data,5
robust_stability,5
syrian_hamster,5
differential_diagnosis,5
eosin,5
muscarinic_receptor,5
slot_antenna,5
multiple_regression,5
aluminum_silicate,5
plant_structure,5
active_brownian_particle,5
parameterization,5
molecular_cloning,5
trans_mexican_volcanic_belt,5
protein_denaturation,5
enterococcus_faecium,5
bradford_assay,5
dopamine_receptor_stimulating_agent,5
x_ray_photoelectron,5
drug_administration,5
software_radio,5
aerobiosis,5
real_time_control,5
real_time_implementation,5
lung_neoplasm,5
drug_excretion,5
glucose_metabolism,5
ovary_cancer,5
transesterification_reaction,5
imipramine,5
traditional_approach,5
white_noise,5
triterpene_derivative,5
galphimia_glauca,5
tablet_disintegration,5
canid,5
vortex_flow,5
hydrogen_bonding,5
reactive_distillation_process,5
lithium_ion,5
engineering_application,5
terminos_lagoon,5
appendicitis,5
neuron_specific_nuclear_protein,5
excitotoxicity,5
bayesian_network,5
experimental_behavioral_test,5
prostate_hypertrophy,5
fluoxetine,5
phthalate,5
monoterpenes,5
continuous_casting,5
growth_disorder,5
byproduct,5
decapitation,5
"arthritis,_experimental",5
female_infertility,5
urate,5
"leukocytes,_mononuclear",5
robotics,5
economic_activity,5
community_dynamic,5
metabolic_network_and_pathway,5
dicotyledon,5
pruritus,5
skin_defect,5
nerve_cell_network,5
head_and_neck_neoplasm,5
atorvastatin,5
visible_light_irradiation,5
polyunsaturated_fatty_acid,5
estrous_cycle,5
agitated_tank,5
molecular_marker,5
attention_deficit_disorder,5
brain_size,5
social_interaction,5
monitoring,5
climate_effect,5
vegetation_type,5
specie_distribution,5
rhodium,5
teratoma,5
hard_sphere,5
pocillopora_damicornis,5
seashore,5
"mammary_glands,_animal",5
piglet,5
detergent,5
milk_fat,5
ileum,5
peak_acceleration,5
mother,5
rat_model,5
perinatal_period,5
prescription,5
macrophage_activation,5
"spectrophotometry,_ultraviolet",5
tumor_cell_culture,5
"tumor_cells,_cultured",5
lordosis,5
colostrum,5
heat_stress,5
reef,5
keratinocyte,5
spherical_aggregate,5
multi_objective_problem,5
weakness,5
ulcer,5
lipoprotein_blood_level,5
gram_negative_bacterium,5
"endothelium,_vascular",5
organization,5
silica_nanoparticle,5
k_ra_protein,5
sulforaphane,5
aerobic_bacteria,5
brain_damage,5
metallic_film,5
coati,5
predator_prey_interaction,5
compressive_strength,5
prebiotic_agent,5
motion_estimation,5
seafood,5
sea_food,5
restriction_fragment_length_polymorphism,5
natural_language_processing,5
association,5
polylactic_acid,5
lycopersicon_esculentum,5
nanotechnology,5
power_generation,5
cell_viability_assay,5
potassium_compound,5
dna_mutational_analysis,5
spectrometry,5
soil_microflora,5
urinary,5
two_dimensional_modeling,5
amino_acid_receptor_blocking_agent,5
oil_shale,5
liquid_liquid_extraction,5
anesthesia,5
decomposition_scheme,5
biological_transport,5
nerve_cell_adhesion_molecule,5
nasua_narica,5
finfish,5
occludin,5
immunofluorescence_assay,5
transport_at_the_cellular_level,5
kaolinite,5
denaturation,5
non_newtonian_liquid,5
solar_cell,5
porites_panamensis,5
sulfur_derivative,5
calcium_chloride,5
striate_cortex,5
reproductive_biology,5
refraction_index,5
cannabinoid_receptor,5
starch_structure,5
profitability,5
phytosterol,5
excitatory_amino_acid_antagonist,5
agave_fructans,5
fracture_mechanic,5
sperm_maturation,5
datura_stramonium,5
lncap_cell_line,5
boolean_function,5
energy_intake,5
prostate_cancer,5
ivermectin,5
analytic_expression,5
tropical_environment,5
dry_matter,5
nervous_tissue,5
dependent_variable,5
high_risk_behavior,5
clonazepam,5
tertiary_care_center,5
hierarchical_clustering,5
protein_transport,5
fatty_acid_transporter,5
conduction_band,5
life_table,5
infant_mortality,5
tilt_table_test,5
green_emission,5
weight_reduction,5
"hemoglobin_protein,_vitreoscilla",5
white_light_generation,5
starch_dispersion,5
pattern_recognition,5
truncated_hemoglobin,5
tabasco,5
electrochemical_growth,5
electrochemical_formation,5
reproductive_health,5
arterial_pressure,5
thrombosis,5
electric_inverter,5
abdominal_circumference,5
panthera_onca,5
uterine_cervix,5
cervix_uterus,5
neutrophil_lymphocyte_ratio,5
calcium_blood_level,5
elastic_wave,5
lysine,5
cross_linking,5
dodecyl_sulfate_sodium,5
gammaproteobacteria,5
differential_expression_analysis,5
tick,5
gamma_aminobutyric_acid,5
photoelectrochemical_cell,5
tissue_scaffold,5
nanofiber,5
cycline,5
pulque,5
polyvinyl_chloride,5
solubility_in_water,5
refining,5
soil_conservation,5
water_splitting,5
raccoon,5
fruit_production,5
birth_rate,5
linearity,5
volume_of_distribution,5
gamma_irradiation,5
nerve_tract,5
flood,5
building_material,5
thermal_expansion,5
graph_g,5
substitution_reaction,5
neural_pathway,5
housing,5
diesel,5
diffusion_resistance,5
circling_behavior,5
personalized_medicine,5
halogenation,5
whole_cell,5
necrosis,5
virus_genome,5
sugar_substitute,5
proteasome,5
biofuel_production,5
ultra_low_sulfur_diesel,5
solar_radiation,5
fluorescein,5
cell_infiltration,5
resistin,5
computational_resource,5
manganese_superoxide_dismutase,5
water_temperature,5
viral_disease,5
substantia_nigra_par_compacta,5
magnetic_nano_particles,5
water_distribution_system,5
transcription_initiation,5
chemical_characterization,5
b_raf_kinase,5
quintana_roo,5
enzyme_structure,5
neutron_diffusion,5
delayed_neutron,5
fast_reactor,5
gene_targeting,5
optimal_control_system,5
fungal_structure,5
kidney_injury,5
mass,5
sinaloa,5
free_radical_polymerization,5
"candidiasis,_oral",5
tight_junction_protein,5
"evolution,_molecular",5
ground_state_energy,5
multifractal_detrended_fluctuation_analysis,5
molybdenum,5
premenopause,5
cpg_island,5
composite_film,5
hexadecane,5
competitive_inhibition,5
anatomy,5
electromagnetic_wave_absorption,5
process_simulation,5
chaotics,5
cadmium_chloride,5
tissue_level,5
estrogen_receptor_beta,5
olfactory_bulb,5
molecular_evolution,5
neodymium,5
band_gap_energy,5
amorphous_material,5
"adaptation,_physiological",5
specific_capacity,5
preeclampsia,5
social_exclusion,5
bread,5
sedimentation,5
photocatalytic_reduction,5
drug_penetration,5
particle_beam,5
temperature_dependent,5
crystal_lattice,5
exergy,5
neuroanatomy,5
stimulus_response,5
spectroscopic_investigation,5
naloxone,5
yucatan,5
virus_rna,5
new_zealand,5
turkey,5
kinetic_modeling,5
chlorophyll_a,5
crop_production,5
environmental_impact_assessment,5
hospital,5
signal_peptide,5
gel_mobility_shift_assay,5
ranitidine,5
suicidal_behavior,5
natural_killer_cell,5
laboratory_method,5
saliva_analysis,5
labor,5
zika_virus_infection,5
carcass,5
emulsion_polymerization,5
metabolic_disease,5
invertebrate,5
highly_active_antiretroviral_therapy,5
albendazole,5
microsatellite_repeat,5
microsatellite_dna,5
coagulation,5
vascular_resistance,5
spontaneous_abortion,5
relativistic_effect,5
fluid_mechanic,5
online_system,5
numerical_approach,5
crossover_procedure,5
particle,5
melt_quenching_technique,5
fecal_coliform,5
photogenerated_charge_carrier,5
phononic_crystal,5
x_ray_fluorescence,5
alcohol_related_disorder,5
rotarod_test,5
finite_volume_method,5
group_theory,5
thermotoga_maritima,5
faintness,5
psychotic_disorder,5
low_costs,5
adsorption/desorption,5
pharmacophore,5
pediatric_obesity,5
landforms,5
hurst_exponent,5
rescaled_range_analysis,5
proteinase_inhibitor,5
single_electron_transfer,5
transfer_matrix_method,5
bee,5
"enzymes,_immobilized",5
three_phase_partitioning,5
pore_scale,5
alpha_l_fucosidase,5
fracture_toughness,5
coleoptera,5
"blotting,_western",5
single_phase_flow,5
muscle_mass,5
niacinamide,5
thermal_pre_treatment,5
infectious_disease,5
fungicide,5
surface_functionalization,5
tunables,5
proton_magnetic_resonance_spectroscopy,5
heterogeneity,5
active_site,5
fluorination,5
rotifera,5
guatemala,5
sem_eds,5
paratyphoid_fever,5
socioeconomic_status,5
heavy_metal_removal,5
irradiated_polymer,5
hydroquinone_derivative,5
hydroquinones,5
anthelmintic_agent,5
real_world,5
greenhouse,5
three_dimensional_imaging,5
transition_state,5
high_pressure,5
cyclic_amp,5
food_preservation,5
chloramphenicol,5
boundary_homogenization,5
mechanical_stability,5
fukui_function,5
health_policy,5
concrete_construction,5
conductivity_measurement,5
hydrogen_evolution,5
silicone,5
lythraceae,5
chromium_alloy,5
quantum_yield,5
malvaceae,5
potassium_hydroxide,5
germanium_oxide,5
mouth,5
food_poisoning,5
maternal_nutrition,5
gonorrhea,5
x_ray_analysis,5
granular_material,5
bioproducts,5
biological_product,5
gelatinization_temperature,5
seminal_vesicle,5
heterogeneous_porous_medium,5
sexual_maturation,5
behavioral_ecology,5
operation_condition,5
infrared:_spectroscopy,5
acute_myeloid_leukemia,5
catalytic_evaluation,5
multi_objective,5
piperacillin_plus_tazobactam,5
ascomycota,5
lupeol,5
ageratina,5
kidney_function,5
reduced_nicotinamide_adenine_dinucleotide,5
cytoskeletal_protein,5
body_position,5
active_chlorine,5
acarbose,5
aspartate_aminotransferase_blood_level,5
three_dimensional_computer_graphic,5
biosorption,5
down_syndrome,5
active_vibration_control,5
bridge,5
reproductive_strategy,5
mild_cognitive_impairment,5
amylose_content,5
interstitial_lung_disease,5
ecotoxicity,5
endocrine_disruptors,5
neoliberalism,5
protein_targeting,5
acidithiobacillus_thiooxidans,5
gamete,5
globulin,5
extreme_event,5
endocannabinoids,5
polyunsaturated_alkamides,5
anandamide,5
naphthalene_derivative,5
kanamycin,5
osteocalcin,5
carbonization,5
industrial_research,5
energy_transfer_efficiency,5
vitamin,5
lung_cancer,5
biological_assay,5
grass,5
transformer,5
microporosity,5
anthracene,5
dapsone,5
semiconductor_quantum_well,5
erythromycin,5
north_american,5
radiative_transfer,5
building_blockes,5
social_movement,5
cingulate_gyrus,5
status_epilepticus,5
exchange_current_density,5
association_reaction,5
continuous_wavelet_transform,5
conformational_change,5
tonic_clonic_seizure,5
resonance,5
classification_task,5
predictive_control_system,5
food_additive,5
navier_stokes,5
oxidoreductase_inhibitor,5
area_under_curve,5
gene_expression_level,5
arachidonic_acid_derivative,5
spin_dependent_recombination,5
mathematical_transformation,5
numerical_value,5
speciation,5
thickness,5
health_status_disparity,5
diestrus,5
fixed_bed_reactor,5
gallus_gallus,5
lithium_battery,5
lagrange_mesh_method,5
aluminosilicates,5
giardia_lamblia,5
immunoglobulin_a_antibody,5
exhaust_gas,5
gas_turbine,5
processing,5
control_system,5
sequential_test,5
optimal_sequential_test,5
"cholesterol,_hdl",5
tobramycin,5
quinolone_derivative,5
traffic_flow,5
pregnancy_rate,5
nude_mouse,5
direct_numerical_simulation,5
biomarker,5
qtaim,5
hen,5
lysozyme,5
particle_swarm_optimization,5
oogenesis,5
omeprazole,5
training,5
codon,5
transfer_rna,5
cyclic_amp_dependent_protein_kinase,5
linear_transformation,5
epiphyte,5
pharmacogenetics,5
apparent_diffusion_coefficient,5
somatosensory_evoked_potential,5
solid_polymer_electrolyte,5
pump,5
phase_equilibrium,5
tooth_brushing,5
hydrogen_production_rate,5
photooxidation,5
alouatta,5
green_alga,5
stomach_juice,5
diabetes,5
sars,5
dynamic_load,5
beta_catenin,5
body_weight_change,5
milk_yield,5
temporal_lobe_epilepsy,5
canonical_wnt_signaling,5
pleurotus,5
gastrocnemius_muscle,5
aquaculture,5
hotspot,5
neuronal_plasticity,5
cable,5
carbon_capture,5
co_doping,5
beneficial_effect,5
acquired_immunodeficiency_syndrome,5
toxicity_test,5
tumor,5
viscous_dissipation,5
papillomavirus_infection,5
microbial_growth,5
indicator,5
measurement_repeatability,5
"depressive_disorder,_major",5
mean_residence_time,5
pollutant_source,5
dry_weight,5
engineering,5
mutual_information,5
interaction_energy,5
rotation,5
piperazine_derivative,5
biological_availability,5
food_supplementation,5
ore,5
unindexed_drug,5
tall_building,5
mugil_curema,5
mugilidae,5
orbit,5
method:_numerical,5
aspergillus_terreus,5
meloxicam,5
displacement_control,5
sporogenesis,5
structural_transition,5
folic_acid,5
momentum_space,5
organometallic_compound,5
polyaniline,5
novel_methodology,5
sensor,5
scheduling,5
mesenchyme_cell,5
cardiovascular_function,5
oxidative_desulfurization,5
tungsten,5
traditional_knowledge,5
tobacco,5
ethylenediamine,5
solvothermal,5
gallium_compound,5
lithium_chloride,5
psoriasis,5
malignant_neoplastic_disease,5
mycorrhiza,5
endoplasmic_reticulum,5
singapore,5
hemoglobinopathy,5
gelatinized_starch,5
intra_abdominal_fat,5
subcutaneous_fat,5
convolution,5
emulsion_stability,5
permanent_magnet,5
micro_aerobics,5
elastomer,5
experimental_test,5
catalytic_material,5
genetic_distance,5
scanning_electron,5
optical_band_gap,5
parturition,5
euthanasia,5
beta_galactosidase,5
protein_determination,5
entomopathogenic_fungus,5
carbon_metabolism,5
bacteriocin,5
sodium_ion_battery,5
piezoelectricity,5
