keyword,v1,v2,v3,v4,v5,v6,v7,v8,v9,v10,v11,v12,v13,v14,v15,v16,v17,v18,v19,v20,v21,v22,v23,v24,v25,v26,v27,v28,v29,v30,v31,v32,v33,v34,v35,v36,v37,v38,v39,v40,v41,v42,v43,v44,v45,v46,v47,v48,v49,v50,v51,v52,v53,v54,v55,v56,v57,v58,v59,v60,v61,v62,v63,v64,v65,v66,v67,v68,v69,v70,v71,v72,v73,v74,v75,v76,v77,v78,v79,v80,v81,v82,v83,v84,v85,v86,v87,v88,v89,v90,v91,v92,v93,v94,v95,v96,v97,v98,v99,v100
metabolism,-0.112999655,0.56395304,-0.014819228,-0.08183982,-0.18226546,0.14136791,0.4649804,0.5860371,0.41803,0.3702938,-0.18253565,0.25656977,-0.09296063,0.46587777,-0.2751773,0.04188182,0.2050851,0.017912403,0.21702097,-0.40471524,0.30990955,0.1708788,-0.48925453,0.52390206,0.09001433,-0.20783445,-0.3350293,-0.08412536,-0.06392778,-0.31241626,0.050260738,-0.5217421,0.24780342,-0.5581675,0.71886796,-0.12276466,0.50544965,-0.3368823,0.48446545,0.33093557,-0.6707676,0.4462673,0.05135513,-0.03610741,-0.42469946,0.095281936,-0.06556135,0.077000536,-0.08179462,0.5209753,-0.26271665,-0.17040253,0.027942056,0.18987755,0.2067564,-0.22615725,0.58282936,0.027888075,0.03514029,-0.11317759,0.015326046,0.15869826,-0.3543545,0.5270989,-0.04179414,-0.1538487,0.30303884,0.02802337,-0.2503701,0.13968316,0.37044856,-0.14435978,0.21545084,0.0042980425,-0.2899002,-0.12809244,0.11543952,-0.13112603,0.28211105,-0.1204793,-0.046406496,-0.65617615,-0.42033243,-0.26365033,0.045338366,-0.2251034,-0.046749547,0.24760921,-0.058371816,0.14913124,-0.26291797,-0.16086939,-0.14037211,-0.1999447,-0.006550466,0.55663496,-0.5317501,-0.30012164,0.27395114,-0.42534626
chemistry,0.38171616,0.07793215,0.28805575,-0.4527889,0.17666882,0.11465946,0.23789954,0.23059101,0.111918844,-0.20862085,0.12420698,0.61482626,-0.6079008,0.40624848,-0.794855,0.08748567,0.102029,-0.65263397,-0.14716494,-0.2589658,0.29116783,0.103734046,-0.6033977,-0.26081896,-0.06001777,0.23391952,-0.33671895,0.44561318,-0.5515075,-0.21668594,0.3202879,-0.9118433,-0.39981923,0.31825924,0.5489967,-0.3294736,0.18493503,-0.7088716,0.55537933,0.34117672,0.1308557,-0.013225098,0.30677322,-0.044613678,-0.12278166,-0.06472315,0.032382805,0.39668503,0.052615143,-0.053647757,-0.23976006,-0.39292905,0.3843016,-0.22700664,-0.0041093864,0.109448485,-0.33053973,0.6227154,0.3617015,0.4390887,-0.055849418,-0.27817258,-0.31976187,0.30253953,-0.15093093,0.22225901,0.09470088,-0.1293856,-0.3868969,0.48983994,0.2878062,-0.12978466,0.6677091,0.14444835,0.41099185,0.06533971,0.79568344,-0.51467973,0.49724016,0.49730974,0.3479601,-0.10548387,-0.025361931,0.36934984,0.5628355,-0.4801048,0.03301406,-0.1893842,-0.20158115,0.05813104,0.22411324,0.0490223,0.09794736,-0.06978001,0.26873985,-0.3105205,-0.45967212,0.111892454,-0.054184686,-0.4443671
physiology,-0.11423265,0.35123602,-0.1258125,-0.108054124,-0.3108062,0.56150615,0.13438685,0.7820613,0.4481251,0.04200307,0.04290906,0.37919205,0.16152494,0.23551919,-0.09292992,-0.06020835,-0.4068654,-1.0377648,-0.09454529,-0.39314443,0.028856585,0.06530605,-0.13086972,0.70347106,-0.32015434,0.15267622,-0.4617724,0.43398297,0.21138646,-1.0556077,-0.28357375,-0.92168576,0.46420303,0.7478555,-0.46002516,-0.20792294,-0.14054835,-0.7114158,0.01121423,0.4569961,-0.8325112,0.9278973,-0.21253574,0.10590489,-0.5867592,0.22370443,0.30288798,0.5994566,-0.21923313,-0.16203286,-0.4950245,-0.07325127,-0.15495303,-0.35536957,0.39550135,-0.48815417,0.4443479,-0.6919944,0.2744437,0.019448811,-0.005177827,0.22567768,-0.2267775,0.7916963,0.47848853,-0.5545234,0.117471725,0.55105704,0.0029104685,0.52285963,0.4716755,-0.27256382,0.7874606,0.6857974,-0.2544684,0.48049825,0.55811346,0.052998096,0.75853324,0.18325461,-0.0660678,-0.084641896,-0.52085525,-0.03160024,0.2592633,-0.1588891,0.063801035,-0.75913954,0.21411954,-0.8790597,-0.03567763,-0.5718509,-0.15225968,-0.7097976,-0.4059228,0.5755522,0.23448497,0.020577542,0.38773915,-0.7375177
rat,-0.25995937,0.27818322,-0.25310045,0.70827985,0.07224518,0.25123814,0.3587575,0.45053884,0.023732115,-0.790379,-0.21492578,-0.3650005,0.009103753,0.4978772,-0.70046276,0.25817063,0.12621035,-0.08693615,0.29025182,-0.062801346,0.31273854,-0.41706184,0.0441836,-0.20175922,0.29488918,-0.708545,-0.020761782,-0.48359767,-0.31338215,-0.3877504,-0.1399956,-0.85508513,0.17302693,-0.6096601,0.61047494,-0.34680697,0.76535994,-0.32306302,0.6882558,0.09818557,-0.098178044,0.16447912,0.30126047,0.5329377,0.11584405,0.057482626,0.50886333,0.93620133,0.20666087,0.13634078,-1.0099204,-0.7024821,-0.25360024,0.533007,0.7292658,0.25157318,0.40826777,0.07542301,-0.7997184,0.20283893,-0.412104,0.22194025,-0.43914852,0.94682664,-0.03135309,-0.06380262,-0.2603862,-0.6030482,-0.6866149,0.72029227,-0.16592582,0.04026442,-0.19900562,0.2376109,-0.13696936,0.11346411,0.44630837,0.0734067,-0.22231875,-0.06524928,0.19931765,0.71618134,0.13484232,0.05959217,-0.4791616,-0.6980879,-0.052780386,0.039859183,-0.06148285,0.076431945,0.24846555,0.2978891,-0.10331803,-0.789077,-0.1727075,0.19764946,-0.065638386,-0.062369045,-0.21721537,0.01812624
mexico_[north_america],0.68044084,-0.0063104318,-0.25312734,0.4224339,0.119433865,0.065497845,-0.16318658,-0.2961972,0.4735626,-0.38857737,-0.5954275,-0.3005026,-0.24123517,-0.46511248,-0.81739587,0.20573163,-0.06305948,-0.61029166,-0.50768393,0.23510064,0.6559417,0.779907,-0.04486691,0.31718442,0.067847066,-0.43181074,-0.01518404,0.07845276,0.021857804,-0.33285135,-0.1689244,-0.37189585,0.12036999,-0.0042031654,-0.34885648,-0.31341395,0.03388142,-0.57579005,-0.037115287,0.65863925,0.8983464,0.57411397,-0.14785706,-0.0656285,-0.31025252,0.8829848,-0.8596224,0.5640765,0.08523317,-0.29435405,0.5450123,-0.38875797,0.3053967,-0.5703733,0.9071139,-0.5125091,-0.519257,0.23417549,0.17217429,-0.43797904,0.46456772,0.1032036,-0.41965002,0.33596182,0.1613655,0.27776158,0.0136897955,-0.18144302,-0.41638026,0.32356626,0.25502124,0.5317476,-0.36465973,-0.4637858,0.5168355,-0.96575844,0.5441183,-0.25107774,0.54376894,-0.36799106,-0.65475506,0.36735478,-0.25765377,0.62537843,-0.3761124,-0.13995202,-0.17376001,-0.43052647,-0.48471478,-0.017374042,0.469428,0.07259251,0.0662442,-0.2913679,-0.34341305,0.3750682,-0.4483144,0.29480654,0.5058653,0.5418462
density_functional_theory,-0.42568815,-0.18118444,-0.08694218,0.06299757,-0.46835697,0.31827673,0.698443,-0.07329492,0.06862427,-0.4291514,0.30863512,-0.13063474,0.22047548,0.564026,-0.045831855,-0.07412107,-0.03732887,-0.78724134,-0.73136514,-0.324766,-0.66031307,0.2924064,-0.36448526,0.28557235,-0.50193256,0.037637156,0.19595894,-0.079314165,0.4785573,-0.122595765,0.8004258,-0.39087576,-0.21039261,-0.4593474,0.74483055,-0.25863484,0.65571314,-1.4028859,-0.16485839,-0.24396084,-0.063675866,0.076180965,-0.32272145,-0.18814902,-0.3660145,-0.6169887,-0.4444026,0.612953,0.13709751,-0.57370526,-0.16649227,-0.5948576,0.60509366,0.114651896,0.6738953,-0.44761944,0.44739303,0.6723757,0.7756766,-0.25762913,0.108314835,-0.16968346,-0.24814044,0.14519218,0.5111341,-0.011751216,-0.05179164,-0.27221552,0.15425037,-0.17377324,1.3061035,0.033169642,-0.1440983,-0.65052074,-0.6899763,0.23397553,-0.32396913,-0.7548315,0.32341334,0.32929525,-0.24395236,0.26591164,-0.01806025,-0.34119123,0.46422425,0.33761725,0.27927062,-1.1635554,-0.39414644,0.25506836,-0.42015702,0.516588,-0.13514484,0.17479728,-0.3066189,0.58115774,-0.029948434,0.85370886,0.025430009,0.45714787
genetics,-0.060964137,0.3437836,0.018928211,0.35741112,-0.09862188,-0.1061683,0.21798268,0.7235531,1.1247869,0.4515592,0.11891541,-0.8161029,0.6992451,0.5515386,-0.20719759,-0.6724074,-0.17697684,-0.007781916,0.2294219,-0.38540313,0.34119135,-0.10871539,-0.5647238,0.37164593,0.32281014,-0.5906513,-0.23521128,0.5936419,0.39832768,-0.7429686,0.4452383,-1.0220952,-0.011500232,0.008950524,0.42926136,0.40467796,0.26914227,-0.6601628,-0.33633816,0.5147742,0.20101193,1.466323,0.4060949,-0.039150648,-0.10004705,-0.56511784,0.43203935,0.5829745,-0.11363488,0.5183663,0.057582922,0.29403433,0.1295612,0.1866598,-0.20897608,-0.21097553,0.82007676,0.4404435,-0.4742274,-0.19499013,-0.30225766,-0.3521607,-0.6977063,-0.246834,0.4008113,0.58293074,0.048797004,-0.093548365,0.5937532,-0.23866747,-0.3288174,-0.09442771,0.5363881,-0.39305824,-0.25110543,-0.45378062,-0.14781247,0.48911548,0.19950059,-0.67698145,0.18534097,-0.22455077,0.0649607,0.054983847,-0.46337664,-0.22628988,0.48176786,0.0034290005,0.420188,-0.38148966,0.23738423,-0.21280496,-0.41364047,-0.3347891,0.17673394,-0.37014985,0.16419138,-0.41923645,-0.20674936,-0.86969864
oxidation,0.4282377,0.13896734,-0.5926896,0.15092857,-0.5774063,0.20348379,-0.9115911,0.022306446,0.28210652,-0.37102544,-0.25098014,-0.37221995,0.5958301,0.70512354,0.34154394,0.38472664,0.634988,-0.09570556,-0.3289877,0.017218396,-0.46873257,0.783296,-0.68303853,0.21955225,0.8308427,-0.13814646,-0.57900745,0.0333735,0.16956137,-0.05630014,0.6542763,-0.5911517,-0.062388808,0.8094339,-0.30880576,-0.11527093,0.34422934,-0.29551223,-0.10590493,0.4811227,0.006888057,1.0169666,0.7062948,-0.36017567,0.39646947,-0.84618664,-0.26424134,0.6346202,0.6947931,-0.04929583,0.72943246,-0.8364079,0.42193842,0.9847771,0.33141875,-0.7383983,0.1334161,-0.14302634,0.04418665,0.044795353,0.108717844,0.13531034,-0.36573684,1.0609969,-0.25454932,0.07578512,-0.47467634,-0.7422692,0.065997526,0.4160872,0.48547876,0.4456085,-0.48199263,-0.97888273,0.34194186,0.60434556,0.63170254,0.016722484,-0.18404455,0.39042836,0.5100346,-0.5916716,0.066742726,0.4114888,-0.28439215,0.55359197,-1.0123153,-0.037743468,-0.49475244,-0.39066222,-0.70525086,-0.5535451,0.4215522,0.35824448,0.12785742,-0.29748392,0.051680893,-0.0788122,-0.07098408,-0.3419554
blood,-0.0006426628,-0.052571062,-0.46214885,0.38490307,-0.32527566,0.5739485,0.781398,-0.39893588,-0.41778916,0.49645635,-1.2994208,-0.08196089,-0.49202776,0.5150338,-0.185991,0.68137646,-0.586765,-0.5333741,-0.055188794,0.45372728,-0.4898989,0.04463844,-0.46283877,-0.20145926,0.5566966,-0.74906206,-0.3622444,0.36023992,0.3295518,-0.08513341,-1.1999815,-0.8786094,0.02141142,-0.08851975,0.430345,0.8406299,-0.061052445,-0.73107845,0.37272933,0.2650183,-0.14574729,0.21882562,1.0117229,-0.3292972,-0.62383765,0.2404732,-0.2969916,0.43150806,0.19203499,0.3076964,0.0018005938,-0.051914766,0.4743192,-0.34958187,-0.04135075,0.4117527,0.24480923,-0.2206681,-0.41722423,0.21912618,-0.040631488,0.94084764,-0.30726576,0.6691679,0.43580893,0.77350396,0.52753186,-0.21951596,-0.061857797,0.07981471,0.15140197,-0.09118131,-0.2216527,-0.1876283,-0.2028482,0.13020337,0.16415815,-0.13582371,-0.03460467,-0.47676888,-0.27612048,0.48346812,-0.24143209,-0.6705535,0.27751327,0.5400321,-0.48215127,0.3908502,-0.1434596,-0.44265917,0.18746766,0.4064342,0.51577175,0.037651278,0.16783857,0.41949093,-0.00051926903,-0.405265,-0.6727868,0.4700635
x_ray_diffraction,0.43840012,-0.5666301,0.2219468,-0.046794973,-0.31726876,0.4122603,0.645419,-0.10607691,0.0607748,-0.8241487,-0.7648023,-0.17452449,0.33209738,0.846893,-0.7382643,-0.34420452,-0.20370348,-0.30737737,0.20461874,-0.2974345,-0.3318936,0.25693244,-0.7243791,0.09533904,0.61029565,-0.33359146,-0.75626874,-0.03210953,0.7540639,-0.76467067,0.59775555,-0.40317443,-0.16871828,0.02291617,-1.3492284,-0.08783532,-0.28556356,-1.32039,-0.24866597,-0.32438248,0.24252425,0.17838648,0.591843,0.16045788,0.02368761,0.1713883,0.721233,-0.3355702,0.46003917,-0.14084834,-0.43585214,-0.9366733,0.24285635,-0.4587336,0.33335078,-0.27319235,-0.46891433,-0.2648276,0.16234595,-0.4876328,-0.2338287,-0.048065208,-0.011608693,0.5529257,0.42251438,-0.32705715,0.850051,-0.83457565,-0.22167692,-0.31287763,-0.007876091,-0.7069171,-0.3617389,0.17383976,0.2979033,-0.53947115,-0.36722285,-0.045554213,0.33926335,-0.13409458,-0.16185981,-0.14164157,0.44840828,0.7005774,0.11534571,0.057816043,0.36607894,-1.2666869,-0.5960327,0.4494239,0.18593307,0.57316744,0.19266842,0.68868774,0.23914035,-0.30880386,-0.2711711,0.3409211,-0.42761898,0.112359405
pathology,-0.18224277,0.18610257,-0.34997717,0.18646024,-0.5096962,0.60776424,0.90734935,1.3180492,0.99249494,-0.44658858,-0.95978755,0.3647247,-0.23531137,0.9085061,-0.08753191,-0.540781,-0.13736102,-0.27286294,0.20721675,-0.31481954,0.2632679,0.4446992,0.22109953,0.21129113,-0.28103283,-0.43182158,-0.44310462,-0.64203155,-0.20920767,-0.19376478,0.11266344,-0.8491515,0.5181172,-0.22616665,0.2528025,0.52330214,0.33608076,-1.0675462,0.56495863,0.31898046,-0.043080226,-0.10676763,0.116569236,0.02382843,-0.072301924,-0.8877524,0.3748117,0.20983651,0.48952562,-0.37065837,0.6547885,0.0027767434,0.2823976,0.36584073,-0.51520896,0.6316128,0.7459764,-0.64592457,-0.9501107,0.20185149,0.4971607,0.78807867,0.6906828,0.47387347,-0.20516458,0.35976315,0.06695453,-0.011251966,-0.35605738,0.55053395,0.28393638,-0.38279402,0.059506614,-0.17512849,-0.51886815,0.08624893,0.09115312,0.23511273,-0.15704833,0.1902508,0.3576601,0.25931844,0.019106673,-0.4064706,-0.911508,-0.4092471,0.37045947,0.08892304,0.38236097,-0.7104184,0.29006356,0.4551367,0.19017127,-0.29743955,0.565744,-0.50049335,0.17204134,-0.12561429,0.5055298,0.33236706
wistar_rat,-0.500598,0.74686885,-0.31169292,1.4258637,-0.16473204,0.98348147,1.3301702,1.4848018,0.22235897,-0.24407215,-0.46585667,-0.61364657,-0.12115354,0.80625814,-1.4779278,0.39669362,0.3197601,-0.30355763,0.38177603,-0.32355368,0.052908942,-0.31189242,0.28847805,-0.29949048,0.83840173,-0.25762948,-0.40479207,-0.15564674,-0.48562014,-0.86837775,-0.24807772,-1.4118657,0.46145514,-0.7761663,0.33415142,-0.37077737,0.9862852,-1.2879602,1.5001974,0.0028866322,-0.086730585,0.06005241,-0.088480614,0.5630804,0.009031844,0.20479599,1.2932159,1.494175,0.3169714,0.68176854,-1.2670358,-0.5002457,-0.24149022,0.677456,0.823921,0.36244074,1.2936518,0.016308965,-1.0127707,0.64483786,-0.47740746,0.87396675,-0.6292928,1.4784849,0.027666152,-0.90761715,-0.08446065,-0.7545937,-0.7456446,1.8359253,0.09725396,-0.40371832,0.10556833,0.059631318,-0.11764678,-0.18284376,0.8074699,-0.08161499,-0.3354847,-0.20443498,0.49063277,1.1831068,0.29993275,0.08799077,-1.604242,-1.0169345,-0.36912006,-0.20849472,0.4300038,0.21384273,0.39333105,0.078042276,-0.027181812,-1.5630385,-0.7083836,1.0874732,-0.016165867,0.32701796,-0.26613304,-0.162763
"rats,_wistar",-0.3139619,0.4245583,-0.109856196,1.0315807,-0.02752356,0.73500323,1.1244205,0.9679811,0.20216803,-0.24323775,-0.29648918,-0.46882203,-0.030739566,0.59271115,-1.0144523,0.2993708,0.11758386,-0.13130395,0.36722162,-0.24504974,0.21971664,-0.09413905,0.2316003,-0.21526009,0.58118623,-0.24444816,-0.47887173,-0.20309195,-0.45361927,-0.6596653,-0.2552491,-1.0972153,0.38463676,-0.5777629,0.35073292,-0.24952404,0.7694482,-1.0095929,1.0535402,0.07552088,-0.18486077,0.24491225,-0.044744775,0.40749285,-0.001123631,0.16610008,1.0372312,1.0629969,0.17536412,0.5409707,-0.8490342,-0.31228006,0.017411517,0.5660382,0.7484637,0.28138685,0.9033347,-0.023833904,-0.6922189,0.5671523,-0.3918188,0.54197544,-0.54050523,1.1245053,-0.113069355,-0.65260077,-0.14622791,-0.67255765,-0.58354586,1.4485651,0.19447297,-0.39574146,0.0754846,0.11147508,-0.019511046,-0.1270272,0.59201837,-0.11170755,-0.26579633,-0.13419865,0.36270896,0.89967597,0.032069404,0.12661389,-1.248206,-0.92353565,-0.17063025,-0.07810709,0.2191573,0.10061104,0.23250093,0.21912421,0.041910198,-1.1873388,-0.44426295,0.83262503,0.065186754,0.25203285,-0.13339671,-0.1345054
oxidative_stress,0.003763287,-0.950647,0.22392194,-0.47060326,0.26868072,0.22245981,-0.8268414,0.5277031,0.017593326,0.43296567,-0.1844043,-0.28493303,-0.3588932,0.41213,-0.32327008,0.3798847,-0.7243964,-0.2210686,0.3204412,-0.07336393,-0.09068496,0.112579644,0.28577805,0.9334708,-0.09900911,-0.36168334,-0.23866507,-0.27848202,0.017277597,-1.1250817,-0.09179082,-0.1860837,-0.5430282,0.36348715,0.24864787,0.045321155,0.5819881,-1.3483918,1.5846832,0.5645785,-0.8068181,-0.68471426,-0.59541225,-0.15883128,-0.4846733,0.81014365,-0.043748382,0.8068705,-0.03768352,0.4266049,-0.0058805635,-0.70053923,0.4884784,0.4248723,-0.114888184,0.55221677,0.65218973,-0.29092988,-0.6139532,-0.2986861,-0.2403484,-0.2899413,0.08902538,0.62062883,0.051845588,-0.5755664,-0.26572177,-0.09638147,0.4871165,1.1439178,0.5585318,-0.22888298,-0.019843355,-0.0047382144,0.01586423,0.5620801,-0.115905076,0.46186364,0.20324513,0.33469233,0.5296889,-0.773836,-0.1468109,0.5905149,-0.16022165,-0.30710775,0.40994397,0.22978161,0.15710212,0.32898942,-0.32738963,-0.050158773,0.6254487,-0.5439997,-0.20538208,0.24995898,0.068478055,0.13878138,-0.72278386,-0.4250834
mouse,0.7763327,0.0009876434,-0.041288044,-0.42922598,-0.5187535,-0.4111649,0.8605601,0.2613155,-0.28283712,-0.07923371,-1.0171778,-0.02160071,0.48261082,0.34722275,-0.5284167,0.2160033,0.13711031,0.3919282,0.23699933,-0.5522876,0.12496472,0.2955511,-0.46118343,0.13912363,-0.18308488,0.14362285,0.5240058,0.21021134,0.018171582,-0.106422745,0.05040376,-1.0379341,0.21204683,-0.48557425,0.26205397,-0.29448554,-0.053853776,-0.2691379,0.8924962,0.75641114,-0.24182118,-0.2719427,0.4650934,0.19492663,-0.48360953,-0.19210431,0.8651423,1.3682743,0.050528653,-0.15229756,-0.6488315,0.40052423,-0.08500235,-0.5270649,0.6647859,0.0072885244,1.0253396,-0.04015161,-0.22146519,0.2740256,-0.11283988,0.29222324,-0.9673214,0.17354378,0.5914921,-0.2538742,-0.13668007,0.14557107,-0.19375177,1.1958617,0.30593368,-0.37732482,-0.3223301,-0.09707286,0.38658035,-0.043099117,0.33724156,0.14157191,0.283444,0.411193,-0.09904587,-0.2769819,0.36989656,-0.19721822,0.051784072,0.43102062,-1.0803194,-0.09452744,-0.17119388,-0.22071707,-0.14572807,0.8478992,-0.34074917,-0.7273868,-0.46273026,0.09383513,-0.11505903,-0.26765844,-0.1845469,-0.2016867
animalia,-0.59706867,-0.7032694,0.3470654,-0.19069374,0.24048038,-0.43400216,0.5415334,0.093209244,1.0325053,-0.10186617,-0.77011645,-0.4403289,0.15659672,-0.15497203,0.29258448,0.15160386,-0.36647874,-0.75811106,-0.12352287,0.85790676,0.21962611,0.34459352,-0.23814437,0.6074682,0.40040073,-0.23324876,-0.27269623,-0.21722294,-0.9479928,0.48068357,-0.22613235,-0.6823486,0.5563969,-0.5395468,-0.09096768,0.15835208,0.0953729,-0.89407724,0.4161111,0.5301755,-0.10312961,0.07280857,-0.24382123,0.35946846,0.15121259,0.416795,0.44165164,1.0439534,-0.107932426,-0.6639825,-0.82895744,0.42634302,0.35378554,0.53728837,0.23869507,0.22913986,0.3996814,0.18280673,-0.28379047,0.33717808,-0.3446546,-0.30256394,-0.6576392,0.67133665,0.1059344,0.21524872,0.5869448,0.1442462,-0.020791082,0.68185,-0.26602447,-0.95344806,0.0050544515,0.025193343,-0.5450049,-0.22250678,-0.16603121,-0.13823178,-0.59440976,0.19749054,0.2665961,-0.31305456,-0.45329532,0.041075427,-0.196316,-0.05262525,-0.3268763,-0.7022092,0.32135463,-0.29077157,-0.09313371,0.2670608,0.055337116,-0.5111349,0.5091,0.100135796,0.007705277,0.4916678,0.09034744,0.17855428
synthesis,-0.04480336,-0.6010329,0.45969206,-0.25658667,-1.4999287,0.6328571,0.74612874,0.40898183,-0.24585961,0.06152696,-0.65560865,-0.758723,0.42989787,0.9089534,-0.90009886,-0.585847,0.749107,-0.26355958,-0.8691583,0.19223541,-0.45011607,0.8168893,0.06797654,-0.24075937,0.35988393,0.34270573,-0.13652621,0.18747358,0.4007502,-0.33167532,0.7148686,0.013987493,-0.22846845,0.68740296,-0.19247425,-0.811095,0.436653,-0.35742858,-0.05481218,-1.387376,-0.32682234,-0.4167779,0.030957265,0.2952318,-0.34354016,-0.13026822,0.13888991,0.19279072,0.90724695,0.22344968,-0.9258902,-0.6560563,-0.14349957,0.12590316,0.023805741,-0.3316283,0.16996053,-0.013848464,-0.20649916,0.15817861,0.40170917,-0.06610679,-0.5269279,0.5938871,-0.08288919,0.8103706,-0.6091042,-0.16488078,-0.37394887,0.12792516,0.14497402,-0.44473052,-0.3718084,0.8707376,0.12362164,-0.18517466,-0.5208528,-0.076862946,0.16928732,-0.75531447,0.06207922,-1.1684417,0.28125978,0.32704803,0.17287847,-0.048674624,-0.1360787,-0.027059743,-0.8676943,0.9729893,0.47150126,0.83559436,-0.1758861,-0.5826387,-0.7897335,-0.76015425,0.5724224,0.072318524,-1.306312,0.17590651
catalyst,-0.44794807,-0.5187649,-0.060108215,0.23215558,-0.24697642,0.07270977,0.40801734,0.4334654,0.13447829,0.15099247,-0.7451676,-0.15648556,0.16135687,-0.50954056,-0.08573217,0.57882506,0.26638976,-0.102668986,-0.48752844,0.17198034,-0.5018979,0.5257481,-0.06854026,-0.032606244,-0.13516614,0.37381822,-0.37338096,0.58605105,0.17796563,-0.70244145,1.0375793,0.10502816,-0.20267259,0.5730999,0.5417694,0.51878875,0.09338622,-0.47393477,-0.2642847,-0.07065834,-0.2583118,0.4911434,0.50791967,-0.45682698,-0.076983854,0.13020805,0.3158257,0.016774992,0.86624146,0.5212705,0.10421355,-0.49534845,0.15551138,-0.5030167,0.35499808,-0.59101987,0.087933205,-0.07630673,-0.00013720099,-0.30967906,0.49470714,-0.6867176,-0.70846087,0.19515094,0.35481608,0.35029626,-0.105321705,-1.0309889,-0.05427509,0.022288276,-0.22692251,-0.6419861,-0.433976,-0.45966545,0.78642654,-0.64460546,-0.0755305,-0.03692722,-0.1396077,-0.25612324,-0.32868725,-0.5737335,0.054233197,0.75371337,-0.6777505,-0.09022082,0.1167641,-0.48895591,-0.471463,0.37803632,0.140494,0.40614134,0.049972627,-0.2361926,-0.07245543,-0.23944983,-0.50899273,0.07037824,-0.64410967,0.7885857
concentration,-0.21649833,-0.22695306,-0.021202654,-0.022213215,-0.6529568,-0.46953923,-0.2468322,-0.318944,0.7896069,-0.29131648,0.1370075,0.46771201,0.71771795,0.27542394,0.040084396,0.24605624,0.3412918,0.040602233,-0.7881932,-0.29720038,-0.14533086,0.7721561,-1.212726,0.6403951,-0.021058936,0.6264186,-0.30420753,0.6336315,-0.4697055,0.0033604547,0.06607546,-1.0878046,0.048785817,-0.19509253,0.2203322,0.21956024,0.19987977,-0.75947106,0.5871568,0.32133487,0.32640922,-0.72158825,0.05283442,0.6727356,0.28108293,0.100008,0.011576478,0.61758816,0.22417003,-0.5145931,-0.18107331,-0.512466,0.59625053,-0.8817,0.05559783,0.5194965,-0.004713033,-0.061882578,0.29918143,0.74725807,0.05371721,-0.24962959,-0.32848462,0.9096651,0.6011172,0.3603518,-0.11934498,0.49736324,-0.28150225,0.5694058,-0.7425352,0.23012178,0.13542093,0.09687434,-0.03228505,-0.91852766,-0.46082142,0.13522935,0.7112432,0.18671569,-0.1578138,-0.5066735,-0.23303434,0.30119443,-0.24770984,-0.843141,0.59724844,0.3824439,-0.03462246,-0.15060496,-0.53418475,-0.014653681,0.37083706,-0.36331105,-0.42964604,0.7854368,-0.14094047,0.012439704,0.16077702,-0.797
antioxidant,-0.40514627,-0.4011285,0.08430869,-0.052700277,-0.49654034,0.19459054,-0.22422016,-0.007296231,0.03497843,0.5562184,-0.51127285,0.5894367,0.13615939,0.7187033,0.025174968,-0.16565023,-0.40603384,-0.23196375,-0.1859693,0.2302822,0.09641338,-0.08546071,-0.04602245,0.29324803,-0.54117775,0.17874053,-0.058485225,-0.3573629,-0.3554317,-0.5062074,-0.08479275,-0.22163628,0.83061236,0.48560247,0.39177865,-0.31253916,-0.38049904,-0.36914045,1.1579858,0.7976572,-0.79313225,-0.40123025,0.04865783,-1.0124466,-0.007980152,0.0057744468,0.02341101,1.0833528,-0.016654195,0.055927027,0.38148317,-0.19496162,-0.16235298,-0.094568506,0.24672142,0.14686221,0.8341359,0.20931646,-0.67980695,-0.0012735708,0.20627575,1.0374546,-0.7343388,0.50635844,0.78407717,0.8050318,0.13234738,-0.114357576,0.25898904,-0.568534,0.2138427,0.5638973,0.2665971,-0.45332852,0.85283065,-0.37614396,0.83156055,-0.02027586,-0.48780504,0.22445154,0.018225266,-0.11683697,0.05499168,0.22824803,-0.01826154,0.1450357,0.8341889,0.29402074,-0.50746584,0.20371307,-0.062389344,0.31261647,0.01016097,-0.025580876,-0.26139238,-0.072603084,0.13551638,0.38813794,-1.1372153,-0.40098414
ph,0.7881873,-0.87647253,-0.24874763,0.50116694,-0.4880949,0.0028657278,0.072868064,-0.2324532,0.0147308195,0.008206133,0.66085535,0.71741325,-0.4142358,-0.095167145,-0.3047972,-0.04602195,-0.2851262,0.0154640535,-0.09732603,-0.726188,0.035316586,0.5535413,0.28024125,-0.036685802,-0.49929178,0.21874692,-1.0857556,0.4493803,-0.7053322,-0.2816357,0.0864818,-0.35434213,-0.9739332,-0.10126732,0.07648601,0.33375174,0.3398178,-1.0339195,0.36843553,0.12172768,0.027160715,0.31177956,0.7614949,-0.29317078,-0.059984684,0.6040205,0.5254208,0.59233373,0.68953466,0.3161444,-1.2914002,-1.0645269,0.19998914,0.45564798,-0.1538021,0.09094446,0.55003756,1.205407,0.083490774,-0.05390734,-0.07888476,-0.44558945,-0.66781914,0.37119937,0.74609303,-0.45067865,0.79004556,0.32714674,-0.5789679,0.19302039,-0.53653795,0.38170075,0.42639786,-0.66784644,0.41448122,0.09330886,-0.34802765,0.046562098,0.016610572,0.275507,0.23062819,-0.64576215,-0.16235736,-0.5855803,-0.7842673,0.027345937,-0.42291528,-0.28669193,0.051878426,-1.4688058,-0.37115622,-0.7467743,0.10294031,-0.92139703,-0.6424363,0.18546866,-0.27288496,0.14573114,-0.53803444,-0.2876285
chemical_structure,-0.08383783,-0.097356185,0.15672496,-0.54174,-0.034021225,0.07343795,0.34983188,-0.7539274,-0.7311462,0.36354363,-0.90600294,0.09419244,0.030710526,0.8649325,-0.5155147,-0.18886156,-0.14734463,-0.355406,-0.04558779,-0.10687439,0.26497367,0.64125735,-0.09212921,0.26677826,0.27438614,-0.94287664,0.8241373,0.14695384,-0.6046179,-0.013268099,0.4234856,-0.2722214,-0.044173833,0.025567206,0.22946672,-0.120623596,0.5570157,-1.4726523,0.16188161,0.4059259,-0.32880595,0.55150944,0.86538607,0.23731449,0.21827331,-0.5531578,-0.020083426,0.38700417,0.39586234,0.6911047,-0.6721047,-1.3986715,-0.1299714,-0.03128153,0.43650928,-0.37626556,0.19553152,0.5144207,0.5765314,0.12483375,0.3655115,-0.36046168,0.043901715,-0.37803474,0.03568844,-0.0007440936,-0.014269465,0.34400433,0.0068137706,1.158202,0.2303983,0.5327355,0.6516319,0.64079833,0.78657985,0.0039000926,0.08595514,-0.324953,-0.20383132,0.46669537,0.3701656,-0.21867494,0.38726985,0.17382002,0.3817287,-0.2983964,0.119090766,-0.42039612,-0.22858459,0.30436587,-0.75284255,-0.025193203,-0.250583,0.11806777,0.35158727,0.15208635,-0.58323145,0.79955274,0.058180537,-0.43566027
diffusion,0.18300728,-0.1569511,-0.63650256,0.533719,0.20830171,0.34085074,-0.02910861,0.21522401,0.5715313,0.28426787,-0.0942035,0.0581031,-0.004685385,0.45399854,-0.48909307,-0.138734,0.36289257,-0.27244303,-1.3019476,-1.3501962,-0.06636495,0.5871561,0.14755185,0.026433852,0.27198887,-0.13333237,-0.24999708,-0.109717645,-0.1397868,-0.2918467,0.3248263,-0.7138723,0.9279615,-0.3399821,0.74637425,0.907337,0.03588326,-0.15895753,0.36757714,-0.25935936,0.26496378,-0.118437365,0.846711,0.16887312,0.018789655,0.19831729,-0.013657914,-1.0623488,0.049629267,-1.1844075,-0.19635627,-1.1574184,-0.11455803,0.4305739,-0.17821209,-0.71705264,-0.16144443,0.0906529,-0.95829284,0.69173867,-0.14007357,-0.4833476,-0.06297749,0.38160026,0.6877503,-0.007850568,-0.54045725,-0.27807358,0.06226577,0.97058237,-0.38516432,0.83772874,0.4983774,0.47823885,-0.37890345,-0.15373105,-0.613821,-0.79820496,0.35646865,0.99170256,-0.017173517,-0.5877719,-0.29673222,0.02328415,-0.6067695,0.6807252,0.20828244,0.05032212,-0.38279113,0.035347767,-0.3383571,0.9409153,-0.17472875,-0.013484657,0.6692594,0.3905022,0.32730275,1.0457836,0.022427743,-0.1392585
kinetics,-0.09824844,-0.9526914,0.14495404,0.49397945,-0.10486419,0.017907228,0.38824895,-0.53706867,0.46563217,-0.0379577,-0.512822,-0.85028154,-0.12521714,-0.114543065,-0.21131262,0.12763792,0.9908988,-0.52425295,-0.5294307,-0.35162845,-0.27220693,0.6353054,-0.6467046,0.459913,0.23421721,0.46929812,-1.0793295,-0.37840077,-0.8010454,-0.85420954,-0.34358317,-0.40811872,0.33387542,-0.37933183,0.7020855,0.37520146,-0.64217275,-0.6789948,0.07516784,0.10566065,-0.16054346,0.26438022,0.7502848,0.12133467,0.14180733,-0.058925305,0.22440399,0.16054578,0.1926015,-0.16157705,-0.349328,-0.63279676,0.3366795,0.34515834,-0.13415067,-0.11751236,0.034050714,-0.2963599,0.88837653,-0.16818593,0.11249152,-0.6620851,0.5689957,0.51987237,1.1001608,-0.051442493,-0.13458489,-0.6208025,-0.3098612,0.4463183,-1.6594112,0.43835735,-0.6184779,-0.19444999,-0.17768724,-0.12344543,0.4775276,-0.70936686,0.7950455,0.77048236,-0.56503415,-0.5845864,0.11406043,-0.9458216,-0.4849563,0.24249981,0.39018595,0.46642047,-0.061775744,0.54134285,-0.2895906,-0.1378787,-0.5130069,-0.520417,-0.69407725,0.20269594,0.19998527,-0.43091598,0.12557776,-0.6804051
copper,-0.15677996,-0.3632483,0.58917505,0.25051582,0.4962383,0.4065326,0.3585992,0.47225186,0.43777198,-0.79181033,-0.5375741,-0.803161,0.7393593,0.17173567,-0.8872899,0.55706984,0.3792323,-0.6821735,-0.34037444,-0.87806314,-0.3003072,0.7986446,-0.75175536,0.08979008,-0.52504563,-0.23789428,-0.56189716,-0.27497062,-0.005103807,-0.6364208,-0.26952344,0.004176677,-0.59742826,-0.30304557,0.30163425,0.61736083,0.12747394,-0.65600574,0.09270455,-0.7638086,0.492829,0.024284791,-0.040072452,-0.510555,-0.033983257,0.39275613,0.32246748,-0.19160528,0.893754,-0.38043264,0.50871396,0.4795497,0.3043223,0.23719631,0.24945734,-0.15758377,0.3310362,1.4992913,0.2662068,-0.21711658,0.10663834,-0.1168303,-0.09484249,0.49114835,-0.045667466,-0.6050973,0.036519334,-0.1883005,-0.517595,-0.1017564,0.10261142,0.2459682,-0.24649875,-1.0158683,-0.12725979,-0.13453454,0.0479407,-0.8475474,-0.40841624,0.44924513,-0.012195013,-0.2931918,0.3724313,-0.44262993,0.26619527,-0.5997423,-0.20628132,-0.65805405,0.17592989,-0.3499977,-0.6155111,-0.57188076,0.31334803,-0.22896919,0.18395178,-0.026441434,0.23522404,0.33849677,-0.8238393,0.3979387
water,0.6902735,-0.15447828,-0.3781039,-0.2720892,-0.37782198,-0.6798559,-0.33130518,0.6635263,-0.45335782,0.8445153,0.35109577,1.2426243,-0.43727282,0.28740972,-0.65816504,-0.06620279,-0.49718574,-0.7790995,-0.80495834,-0.55648565,-0.03435191,0.41013867,-0.73236173,0.6369299,0.5920657,-0.690424,-1.2385566,0.15604612,-0.4980185,-0.6945494,-1.0658301,0.052434955,-0.078608714,-0.67507297,-0.39979267,0.53299177,-0.3732106,-0.45407042,0.673287,-0.57598346,0.4357825,-0.31787103,-0.0035733324,0.21351632,1.4502195,0.48218766,0.6778386,0.76410913,0.64076227,-0.515576,-0.05260661,-0.93456286,0.20333302,0.058923706,1.2623566,-0.63866705,0.5709353,0.6036454,0.031952627,0.4256406,-0.2246334,-0.14690219,-0.6999124,1.6716082,-0.2330241,-0.46987253,-0.34426993,-0.077754684,-0.2325811,0.3616385,0.3260561,1.0930853,0.26937303,-0.23553468,-0.48859563,-0.56684494,-1.0101352,-0.6073696,-0.07203317,0.67796344,0.062117536,-0.3718948,0.7365002,0.12261644,0.080635846,0.33811563,0.70532745,-0.45408672,-0.20686111,0.614528,-0.5968136,-0.2312633,0.153776,-0.7126118,-0.5545107,0.32399037,-0.013916713,0.34506658,-0.6648262,-0.76486665
oxygen,-0.26271114,-0.16347256,0.18001616,0.17727666,0.083541654,0.36561263,-0.14663656,0.43706506,-0.1011146,-0.73437196,0.45216632,0.30508235,-0.17562301,0.6379028,-0.4239973,-0.8619254,0.29502034,-1.026602,-0.552424,0.41015315,0.13338315,0.7964561,0.08511649,0.33426496,-0.19444841,0.096714616,-0.13921858,0.35268575,-0.97856313,-1.3492064,0.38795644,0.042613965,0.25775728,0.3476799,-0.103930645,-0.052453667,0.38147375,0.0152245285,0.39347163,0.6015435,-1.1338365,0.18089367,0.29940987,-0.55358845,0.50318104,-0.4215728,0.48231953,0.1060412,1.1447035,-0.56013143,0.218573,0.020957211,0.42270032,-0.37245852,0.8924448,-0.13816793,-0.7209324,0.11571838,0.11945497,-0.062309615,0.62288517,0.3664662,-0.46924496,-0.30848768,0.78660405,-0.14713849,0.3093872,-0.3322916,-0.5876727,0.7703535,0.1772207,0.22133105,0.4354067,-0.13638005,0.093578056,-0.31193057,-0.17801744,0.09740619,-0.42131907,-0.71464163,-0.6083321,-1.4724443,0.06942541,-0.22545096,-0.44822237,0.049771797,-0.053423256,-0.636341,-0.5620999,-0.28454822,-0.9299374,0.54374593,0.8846082,-1.1978714,0.23615159,0.26034752,-0.37062892,-0.29961005,-0.9951121,-0.6651625
cell_proliferation,0.69456965,-0.42731538,0.1561916,0.6584688,-0.15156233,-0.34193742,0.48400274,0.0183857,0.6377964,-0.20576844,-0.8427759,-0.53580886,0.11336547,0.8837485,-0.244935,-0.2586638,0.20035468,0.15604408,-0.032558233,0.07974586,0.0906272,-0.5958394,-0.10958791,-0.09845133,0.19625434,-0.20130794,-0.6685118,-0.4649578,0.022694785,-0.79355925,0.051940627,-0.5376939,0.39080223,-0.14825566,0.847989,0.09286722,0.107113265,-0.3298891,-0.020530157,0.098056845,-0.47418836,-0.3344934,0.5750194,-0.043370374,-0.5842215,-0.5144496,-0.093079306,0.6088645,-0.013742847,0.052227136,-0.16205864,-0.8356619,-0.45312026,-0.11703572,0.100858785,0.19938707,0.38498017,0.7537834,-1.0433713,0.50396264,0.47332317,-0.5295548,-0.21398336,-0.10154392,0.4192735,-0.09094903,-0.48097214,0.36607012,-0.7700768,1.011091,-0.041970488,-0.63350505,-0.30360007,0.4289613,0.7157606,-0.7925487,0.6552869,0.75674045,-0.15339182,-0.78062236,0.3963565,0.063342884,-0.06516992,-0.22950727,-0.32176116,0.20250957,0.041921653,0.27857935,-0.30416468,0.30747095,-0.18174739,0.1819831,0.23212615,-0.5095726,0.10108995,0.0149772195,0.5081035,0.49215943,0.016244607,-0.12176362
microbiology,0.28243735,0.40033057,-0.2999646,0.21948966,-0.5348637,0.6478316,0.5050996,0.36783063,0.231934,-0.34967065,0.08929085,-0.08329817,-0.2846548,0.84441966,-1.0862355,-0.8091438,0.21404746,0.30913523,-0.14893632,-0.13270606,-0.13043669,-0.21171635,0.1335262,0.07243971,-0.37384295,0.40720066,-0.9125534,0.55394465,0.23450106,-1.0035893,-0.09615037,-0.334027,0.1001089,-0.37531987,-0.05644886,0.2608127,1.2215908,-0.2993268,-0.16850674,0.3203887,-0.28445694,0.8289395,0.64358896,-0.14792639,-0.32149804,0.29976696,0.7642506,0.5763922,-0.2533995,-0.3125854,-0.75632954,0.038499065,0.081845306,-0.64481896,0.13334234,-0.85289127,0.19825971,0.35214692,0.14143655,-0.13441597,-0.076622255,1.1352671,0.47371465,0.9857064,0.09723963,-0.18328334,0.44772464,-0.35242146,0.95899373,-0.08138599,-0.5518308,-0.02710755,0.8423616,-0.13576275,-0.5121124,-0.32113585,0.045581665,0.2937349,0.009647916,-0.16639498,-0.4897227,-0.6384304,-0.14834078,-0.47871858,-0.735599,-0.71854687,0.69355947,-0.5307405,-1.1604333,-0.5776414,-0.6344562,0.25318962,-0.30785114,0.08403572,0.12681499,0.41221195,-0.50749516,-0.06879289,0.4565293,-0.18672153
aluminum,-0.03269207,-0.7909056,-0.5313438,1.2496333,-0.29963067,0.7320801,0.86077964,-0.07306818,0.2367601,0.05762149,-0.65167814,-0.29013133,-0.4646127,-0.614008,-0.66588694,-0.3653422,0.7372108,-0.11578691,0.1383364,0.20743766,-1.1618668,0.6201666,-0.47182763,0.43943503,-0.5959479,-0.26651216,-0.49373555,0.071226716,-0.17578626,-0.4263843,-0.018308131,-0.086273976,-0.7035814,0.0045272787,0.17299075,-0.28377098,0.8935059,-0.71194,0.007443152,-0.11163243,-0.11900617,0.9501299,0.01809484,0.16395009,0.4562777,0.2051511,-0.06586955,-0.08621916,0.016133064,0.15559286,0.26790056,-1.1506454,0.49879965,-0.44235924,1.3071623,0.4112657,-0.5121701,-0.26993233,0.017936617,0.5170876,0.850311,-0.41581628,-0.2588435,0.14113186,0.29475176,0.5219498,-0.08593146,-0.696016,0.39126572,-0.035275858,0.35941803,-0.35267,-0.8652333,-0.08048729,0.35353822,-0.85595167,0.27330074,0.02102157,-0.1588079,0.6492184,0.391653,-0.73863816,0.8823314,-0.17003539,-0.429595,0.15534991,0.031245686,0.11098467,0.09373509,0.6438492,-0.23094532,0.79551715,-0.7361545,0.054046746,-0.26599798,-0.8175701,0.086317606,0.5015318,0.2359669,-0.0062616323
temperature,0.59426785,-0.74291503,0.07820434,-0.3007284,0.1176874,0.0016402719,0.26594505,-0.43742567,-0.2883257,-0.17998469,0.05927536,-0.45557138,-0.70447713,0.28148833,-0.593775,-0.46128708,0.26085278,-0.30682084,-0.22313613,-0.22168364,-0.8287693,0.65562046,0.25358087,-0.596954,-0.34815237,0.23942156,-1.5033811,1.1105771,-0.11971537,0.029799942,0.6195786,-0.7579692,-0.059622053,0.37536624,0.27175888,-0.3834136,0.46265638,-1.1656073,1.0569876,-0.25691938,-0.15818846,0.07792699,0.6196429,-0.8735454,-0.017838439,1.2474254,-0.062344387,0.495629,0.73964536,0.2356802,0.0060505723,-0.6473503,0.14458738,0.5465769,0.8941628,-0.13522603,-1.1069999,0.42670602,-0.2039935,0.3926866,-0.017348208,-0.22497937,-0.5850093,0.13757665,0.84371525,0.14937632,0.46530685,-0.21537618,0.5248592,-0.7545654,-0.6118187,0.41450223,-0.033785228,-0.4183894,-0.24291666,-0.33773503,-0.75140184,-0.49985942,-0.4427197,0.103721015,0.19552726,-0.18712308,-0.5017101,-0.43123335,-1.6577214,0.4840149,-0.5276477,-0.66546875,-0.5477081,0.293749,-1.2545793,-0.017668674,-0.024962738,-0.6060421,-0.44546837,-0.44244656,-0.12475839,0.1444501,-0.12857461,-0.21887654
phenol,-0.64856607,-0.8118716,-0.68437356,-0.30777004,-0.26348907,0.041990772,0.0570672,-0.07212993,0.5667068,-0.4211977,-0.41172564,0.8174427,-0.063841335,0.3995414,0.038025633,0.1585641,0.63815427,-0.6261113,-0.5084194,0.09764545,0.49253216,1.3242269,-0.71701914,-0.0044409097,-0.72129774,0.35623574,-0.49306116,0.48397708,-0.22070053,-0.68680245,0.006813712,-0.41315094,0.6178202,0.16726264,0.37113062,-0.6035734,0.03295571,-0.6536042,0.40139854,0.31553617,-0.0810981,0.04160494,0.53680944,-0.3114092,0.7367192,-0.22322355,0.39279163,0.15546478,1.3180345,-0.28607523,-0.51339686,-0.6832349,-0.4427635,0.6486005,0.8193143,0.3403668,0.3381856,0.14771035,0.37189302,0.57865536,-0.2342598,0.45279646,-0.010748063,0.031642076,-0.39911053,0.7174054,0.40802884,0.009573201,0.32669476,-0.0075396937,0.66201717,0.24722292,0.024029763,-0.08566539,0.6949289,-0.11746053,0.34543416,-0.46655884,-0.31220788,0.28352842,0.07823658,-1.3594103,1.1330355,-0.6995848,-0.22763479,-0.07175474,0.4005504,-0.31802002,-0.9212901,0.3570939,-0.68843126,-0.51527005,0.26927567,-0.36193964,-0.5175958,-0.12935525,-0.033798795,0.636841,-0.4688759,-0.080339156
dose_response,0.83911365,-0.030664131,0.8442162,0.057077613,-0.37433082,0.2162202,0.7869803,0.9523012,0.31179094,-0.30509725,-0.19717579,-0.2827506,0.43781537,0.76946855,-0.495644,-0.40225276,-0.5502454,0.27345175,0.6651266,0.35994446,0.3671413,0.45746854,-0.36897954,0.26753482,0.20875978,0.14517225,0.31914014,0.13601577,0.09653346,-0.05366941,0.5173789,-0.88848484,0.5778072,-0.101202734,-0.036501925,0.11608133,0.30073658,-0.6381581,0.85776293,-0.75722665,-0.42689952,-0.35820317,0.15720342,-0.19626535,0.76811624,0.7607154,0.660735,-0.01151187,0.12650791,0.22077198,0.10332204,-0.055757474,0.07179856,0.22539178,0.11586209,0.2138582,0.29538083,0.09443753,-0.033010636,0.08400261,-0.27879038,0.18968219,-0.090166986,0.7126637,0.64268965,-0.117896125,-0.5757488,-0.12487657,-0.3070385,0.79199183,-0.6110194,-0.34105748,-0.3641862,-0.58421564,-0.4711796,0.38263637,-0.016887749,-0.428571,-0.29173613,0.5430891,0.2107572,0.71724683,0.24860746,-0.31502405,-0.46432096,0.6365685,-0.60589814,0.37094402,-1.0975355,0.20672667,0.030276727,-0.14995448,-0.30908155,-0.13700473,-0.3897097,0.20490083,-0.0088071795,0.4764675,-0.15724728,0.35176855
catalyst_activity,-0.23999839,-0.2532862,-0.19922656,0.23056693,-0.18918383,0.30683467,-0.365952,-0.16425239,-0.27215165,-0.35517097,-0.7045236,-0.5151298,0.75237876,-0.060169358,-0.5517715,0.5171748,0.47800726,-0.54409176,-0.44962886,-1.1032116,-0.3378236,0.21665196,0.15262178,0.053713854,-0.5880752,0.29316202,-0.33282503,0.13548894,0.33470887,-0.13959181,0.96548826,0.49731782,-0.6718056,0.35106042,-0.17793897,0.25032246,0.34306106,-0.5829896,-0.3889617,0.21797805,-0.22809047,0.54125285,-0.5279149,-0.042910166,-0.12768184,0.79973626,0.29695675,-0.2630506,0.1770091,-0.004819411,-0.19307385,-0.36835948,-0.43873653,-0.39314827,0.71116966,-1.0444496,-0.11172237,0.91215014,-0.41867426,0.26781943,1.0107509,0.27456877,-0.5501589,0.25948507,0.5461006,0.12916616,-0.040775627,-0.90405166,-0.074668705,0.009643075,0.53056836,-0.5016493,-0.1679078,-0.71646154,0.290674,-0.6300505,-0.1716115,0.35568133,0.37555403,-0.62469566,-0.25960875,-0.23748659,0.37434232,0.67054415,-0.4420239,0.33358616,0.14655751,-0.2645685,-0.68797535,0.40332994,-0.7043554,0.4720372,-0.05844166,-0.49519765,-0.52821374,-0.11595505,-0.52135,0.38868946,-0.43788576,0.45078018
protein_expression,0.2685883,0.5999813,-0.30407655,0.46921766,-0.14290911,0.213574,0.27451536,0.9733606,-0.23677632,0.48775005,-0.9938996,-0.37271452,0.09162713,0.57504314,0.028369986,0.33427104,-0.33202082,-0.51407176,0.24277392,-0.5550971,0.13656636,-0.01641264,-0.24731642,0.7924769,-0.08689655,0.31130454,0.2306284,0.29127645,0.66515285,-1.3211706,-0.5868248,-0.8085027,0.59196603,0.22347608,0.3908482,-0.13371767,0.34062642,-0.48976544,1.2019979,0.40835342,-0.053293806,-0.373294,0.016778398,-0.2635636,-0.25444543,0.6217194,-0.11054635,0.29299697,0.56130105,0.41341972,-0.34906307,-0.58467895,0.4586956,0.37051806,-0.04181106,0.40672737,0.86936796,-0.2786822,-0.032323997,-0.3926448,-0.031110452,0.74776155,0.29104596,0.13905124,-0.032218527,-0.18124698,-0.40724573,-0.6978572,-0.49344507,0.6109003,0.103299975,0.22909693,0.23189281,0.76580966,-0.11195001,-0.15012327,0.37061694,-0.3513244,-0.07639339,0.16010475,0.55875874,-0.12190569,-0.7109517,-0.42296624,-0.46868575,-0.25493777,0.56573176,0.7072849,-0.25953507,-0.17952357,-0.30613992,0.53433466,0.28850147,-0.75583065,0.6938425,-0.16605845,-0.3933662,-0.022472505,0.037129357,-0.21888919
enzyme_activity,0.23257937,0.13798927,-0.122893736,0.08130664,-0.63729197,0.30083218,0.5600209,0.1953413,-0.6684313,-0.38965124,-0.21553479,0.21544348,-0.44057137,0.9395712,-0.33266392,-0.6253343,-0.14279233,-0.03520493,0.058660313,-0.11482477,0.5454854,0.2627039,0.15568992,-0.63211495,-0.580953,-0.49077132,-1.4312989,-0.85885847,-0.41689923,-0.22048558,-0.36147073,-0.6498653,0.013635944,0.87718433,-0.38721153,-0.17735183,-0.6518389,-1.0787026,0.34373027,0.4296446,-0.08856369,-0.42129043,0.26257125,0.2897818,-0.2330066,0.96795803,0.17689092,0.90491927,0.47326878,0.6884456,-0.45277095,0.17662433,0.7699918,0.14176711,0.6559485,0.33534974,0.89824927,-0.20955597,-0.060175307,0.34488997,-0.014830665,-0.52799404,-0.5139539,0.1761825,0.12211827,0.19247492,-0.31420043,-0.46466532,0.78912276,0.077079855,0.04355441,0.22379306,0.43512616,-0.47549438,0.0248344,-0.001706489,0.4277799,-0.4364918,0.31552777,-0.9424715,0.17726569,-0.21444935,0.24853005,-0.87030894,0.15235718,-0.0022389118,0.06814446,-0.09777081,-0.15016505,-0.18370813,-0.5452312,0.3905277,0.6461817,-0.39439735,-0.42981,-0.083301306,-0.4335918,0.43821576,-0.13090707,0.12870447
carbon_dioxide,0.09794227,-0.5132584,-0.63716006,-0.1549342,0.65380186,0.25194088,-0.2418611,-0.4621131,0.5463931,0.052010063,-0.5745522,0.40091336,-0.14432922,-0.39843875,-0.5082642,-0.42238447,-0.18371136,-0.2997274,0.07807074,-0.38866457,0.58947736,0.83181155,-0.03888756,0.2731423,0.12272298,0.3678489,-0.06556781,0.32364693,0.12693468,0.27659974,0.6076186,-0.30274338,-0.9832976,0.7925685,0.4670242,0.13598374,0.16693556,-0.083978675,-0.46790355,0.4240806,0.05612054,0.3812025,0.3656065,0.1384914,0.7434786,0.22189735,0.28641906,0.23085378,1.7001545,-0.55733275,-0.6321519,-0.78091264,0.09436462,-0.051853124,0.3044456,-0.42891607,0.42898053,0.85357434,0.017749865,-0.15558243,0.6359512,0.27636024,-0.22061245,0.6584036,0.79760325,0.21734059,0.19362274,-0.33544478,0.25707978,-0.2353044,-0.66825986,0.50919884,-0.5365522,-1.068429,-0.25292343,-0.35723278,0.1800174,0.045770485,-0.7077908,-0.4290046,0.032113925,-0.84038544,-0.46012783,-0.32581967,-0.173594,0.24751803,0.04075772,0.17432551,0.5253027,-0.28372282,0.14491498,-0.3970072,-0.49460575,-1.2884661,-0.10551292,-0.2788535,-0.03486554,0.5778113,-0.4920874,-0.3381479
body_mass,-0.38797167,-0.3968226,-0.15180488,0.9735533,0.47745612,0.24018234,0.0715178,0.35136786,0.19566281,0.1163065,-0.70172226,0.07229519,0.86590827,0.37479317,-0.18948035,-0.60548496,-0.22346723,-0.6425586,0.2690311,0.48277703,0.13257164,0.15392366,0.23729059,-0.005844288,-0.91685253,0.11599836,-0.7267117,0.46588287,-0.23585308,-0.13503718,-0.02884235,0.008868099,-0.11298168,-0.050422955,0.40962586,-0.4309194,0.84350836,-0.020592289,0.50246364,-0.14623529,-0.07952278,0.4555485,0.69029367,0.049257167,-0.38792542,0.95723724,0.045743562,0.49445695,0.023451718,0.3511557,-0.5073883,0.012396804,0.91240114,-0.7540981,-0.28475428,-0.09492797,0.83765537,0.09099886,-1.0562283,0.16079108,0.2313759,0.36077276,-0.18800956,0.1955201,0.45766145,-0.0273594,0.029421652,0.41903466,0.18366489,0.7583474,-0.3169208,-0.1444428,0.0053343475,-0.5600617,0.25272718,-0.11831094,0.40586483,0.38755158,0.95567816,-0.08775491,-0.26683637,0.7898637,-0.42749184,-0.21595581,0.27751213,0.27760103,-0.71594334,0.025279053,0.48023984,-0.027605852,-0.1274164,0.010726296,-0.39672133,-0.009779702,0.41693804,0.42008257,0.06781675,0.41977587,-0.35773984,-0.08882264
biomass,0.84675056,-0.2207569,0.055369277,0.007949669,0.23618932,0.24693719,-1.1368836,-0.2662054,0.6153688,-0.5867408,-0.33525926,-0.57878345,-0.030624991,0.13556643,-1.0631682,-0.3385516,0.5373673,-0.16905805,0.048136003,0.26139683,-0.030747948,0.23024599,-0.02970115,-0.18817596,-0.17676298,0.32226664,0.3823197,-0.031080626,-0.15142737,-0.7612217,0.41128844,-0.23052147,0.08783079,-0.19015244,0.123580456,0.82251304,0.36691895,-0.51697266,-0.04822438,0.7286416,-0.06620475,1.279294,0.037748355,0.076274835,-0.14026415,-0.033856727,0.2716463,0.6106742,0.016773354,-0.47476646,0.51272327,-1.2721754,0.02869407,-0.40376005,0.29487634,-0.4014251,0.17553996,0.34959066,0.38902262,-0.18590112,0.04071048,0.40581918,-0.2426349,0.29726705,0.560106,0.14942145,-0.10861682,0.005776064,-0.083689466,0.17744027,-0.82670724,0.3636006,0.65992814,-0.41694808,-0.68614596,-0.2528944,0.4597328,-0.5723789,-0.564768,-0.035508033,-0.11927081,-0.026268352,-0.7612232,0.19672488,-1.1659503,0.45909086,0.108080156,0.076165415,-0.7693576,0.2762156,-1.1472486,0.43874642,0.22519943,-0.7859904,0.1676599,0.59540606,0.2585906,-0.5996111,0.5933781,-0.09007201
statistic_and_numerical_data,0.116135985,0.6287475,-0.4128387,0.3476178,0.09705056,0.42225176,0.19518414,1.5922045,0.23454002,-0.11702135,-1.3041548,0.29030377,0.38714334,0.081778795,-0.34541336,-1.1970835,-0.8251657,0.4753115,-0.042890653,0.84058124,0.2161541,0.824468,-0.63115305,-0.07340965,-1.1133925,-0.38542888,-0.38683075,-0.08051135,0.1269117,-0.26044738,0.08078091,-0.9882292,0.68061185,0.3053328,-0.044064004,0.2749614,1.4632912,-0.101294346,1.0485232,0.35073152,0.26318613,-0.0017431742,0.5374022,-0.15514727,-0.6242988,0.7128353,-0.9093201,-0.0016834214,-0.028315106,-0.19793119,-0.038660794,-0.10084279,0.82832515,0.18596959,0.2832092,-0.37131092,0.665429,0.3347829,-1.3360908,0.048962258,0.06463242,-0.104950495,0.09751014,0.46490297,0.49356872,0.019080618,0.44343314,-0.59653854,0.5565556,1.2736596,0.21897916,0.75572157,0.39794555,0.32212755,-0.34664944,-0.092279226,0.34423292,0.44384614,1.4751153,-0.42904842,0.39371818,0.12783206,-0.33534265,0.37335983,-0.68271714,0.7661867,-0.10518925,0.55758977,0.24807839,0.05714848,0.50623983,-0.00468775,-0.35838267,0.14631534,0.70317984,-0.28715685,-0.374841,0.8406516,0.06555999,0.77494675
risk_factor,0.35407075,0.28132617,-0.18072078,-0.101806894,0.22373454,-0.019954816,0.64881164,0.9730653,0.044105843,-0.32693505,-0.7819474,-0.07843224,1.370788,-0.077580445,-0.92629373,-0.7214792,-0.80811584,-0.27063984,-0.1781863,0.8851938,0.50900215,0.34402114,-0.20988998,0.024509078,-0.3179171,-1.0022863,-0.11647771,0.8799469,0.38161004,-0.21998532,-0.39720944,-0.29833335,0.12217002,-0.15345745,-0.6723609,-0.203814,0.61650366,-0.26066878,0.24028899,-0.110724896,0.0092969015,0.0029372585,0.90171766,-0.48145983,0.25185388,0.15504493,-0.32364106,0.2887293,-0.40047613,0.01995017,-0.0021592986,0.32406217,0.7767204,0.09271869,0.14006191,0.10604125,0.56322265,0.43705636,-0.30791026,-0.09969832,-0.6779018,0.0056465394,0.21962942,0.98961896,1.0774555,0.40284818,0.42986992,-0.4626547,-0.20792657,0.87381446,-0.37064296,0.5359216,-0.46438333,0.14880314,-0.46638712,0.69823533,0.861032,0.20636816,0.4701864,-0.17146158,1.0698436,0.3608913,0.6621251,0.64594346,-0.6808646,0.22514087,-0.763011,0.5815357,0.4306225,0.5846469,0.21205056,0.040216018,-0.12401889,-0.307607,0.19712704,0.14372756,0.15656719,0.6565608,0.122393325,-0.52336127
cytology,-0.3487488,0.5327431,-0.43237084,0.05364703,-0.32074672,0.08780745,0.19630504,0.56422955,0.4100504,0.3984658,-0.88718164,-0.33480236,-0.42037675,1.3095276,-0.15068461,0.25137502,-0.25457376,-0.432509,-0.9220037,-0.2324085,0.08740492,0.5572173,0.29681328,-0.4998405,1.0869005,0.39967605,-0.5397226,-0.33078068,-0.50877,-0.017350003,-0.8766073,-0.10961989,0.52567303,-0.66472477,0.26600683,0.80584425,0.14557652,0.029369902,-0.30940583,0.39641252,-0.4498248,0.306682,-0.2081405,0.9815283,-0.21171263,-0.3403538,0.88281965,0.76482934,0.28441978,-0.23812869,-0.33217046,0.19386354,0.22670962,1.1038324,0.36025476,0.2247419,0.18287046,-0.35412785,-0.4484372,0.095762454,-0.30950078,0.22355647,-0.8224609,0.59987074,0.5439757,-0.13273211,0.488049,-0.7080524,-0.11994622,0.37976915,-0.22517744,-0.33203173,0.105297424,-0.29024345,-0.25915983,-0.5055802,-0.98057777,0.074072845,-0.1521629,0.66842437,0.19633359,-0.01726245,-0.36239767,0.0954589,-0.23289889,0.25107524,-0.15582295,-0.34926644,-1.150902,-0.05009464,0.20988648,0.520823,0.46207643,-0.65403414,0.16281489,-0.08363113,0.082335226,0.44693074,0.002800771,-0.76494145
computer_simulation,0.06932081,-0.22663799,0.10655907,-0.32490417,0.36374107,0.4196481,0.116232835,-0.1299687,0.17390765,0.27571183,-0.59357107,0.14815982,0.10387486,1.1605375,-0.20295192,0.35580003,0.18482877,-0.69335485,-1.0766014,-1.067374,-0.27592668,0.7861248,-0.34782946,-0.23853599,0.020305978,-0.21086168,-0.038288765,0.254982,0.2279317,-1.0868243,0.013565197,0.2668197,0.25786394,-1.0088711,-0.07810693,0.28112414,0.81421393,-0.36371633,-0.0993456,0.27316752,0.5090495,-0.4556218,0.7297758,-0.27256083,-0.55790323,-0.022403702,0.07766808,0.021054441,1.1957202,-0.6581526,0.116837844,-0.094716616,0.6336577,0.06033904,0.24990048,-0.18080024,0.86115783,0.1539621,-0.24490458,-0.54710877,-0.760656,-0.1422514,-0.4351858,-0.59306175,0.5186314,0.65871644,-0.16242792,0.37588674,-0.5123151,-0.2609877,0.22036377,0.57656395,0.8428937,-0.3426027,-0.11059208,0.31992117,-0.3548062,-0.4310042,1.3079509,1.1653905,0.5326254,0.03562376,0.56472224,-0.03769519,-0.5350956,0.28534126,0.5861624,-0.23090087,0.36396995,0.09473886,-0.33607885,0.12618232,0.56050915,-0.8286928,0.03849269,-0.41208434,0.7589084,-0.08402943,0.028509203,-0.70993066
enzymology,-0.1477592,0.34016034,-0.074623816,-0.83253574,-0.20974383,-0.029436976,1.4854012,0.5785949,0.052280854,-0.36300135,-0.4653911,-0.03695552,0.32687202,1.1016588,0.04637749,-1.1746018,0.0011282265,0.32523784,0.15790015,-0.13766658,0.2594867,0.020702936,0.05268574,-0.5791195,-0.42521712,-0.9853205,-0.4970099,-0.46831575,-0.8365415,-0.22527601,0.32743812,-0.103691176,0.45199528,0.7337135,0.43909192,0.10033145,0.5489799,-1.107452,0.7046526,-0.6077694,-0.40571317,-0.20039456,-0.2164451,-0.39833292,-0.11743146,0.66498846,-0.5600849,0.29434225,0.5328741,0.14908768,-0.3762929,0.29102844,0.53947216,0.4012135,0.09475325,0.1802531,0.55840784,0.014232038,-0.22843155,0.7839808,-0.5396723,-0.5489975,0.06020587,0.46269327,0.8091078,1.1437024,-0.46544597,-0.5585299,0.8668491,0.20152096,-1.0318187,0.05528829,0.568228,0.6317462,-0.16029295,0.37901843,-0.15542659,0.5339035,-0.35594556,-0.3643484,0.43876445,-0.71710086,0.4312677,0.2878313,-0.36201364,0.035762183,-0.16772585,0.10163013,-0.0055799815,0.2907781,-0.113142006,0.090425685,-0.6057819,-1.4172391,-0.20824048,-0.47165403,-0.12694174,-0.6241298,-0.3431784,-0.06212611
particle_size,0.052092902,-0.5772631,-0.3636503,0.53543156,-0.53104365,0.7424219,-0.8131034,-0.4681703,0.20400628,-0.4449504,-1.2355381,0.2844295,-0.3831753,0.08016292,-0.78591913,-0.2937831,-0.07311096,-0.8189344,-0.1424559,-1.4576372,0.5532883,0.9104417,-1.0552475,0.9245167,0.040369272,0.13059661,-0.5635241,-0.17852731,0.9140624,0.21393625,0.79438984,-1.4091473,-0.034079365,0.06947799,-0.33654732,0.028128257,-0.16820487,-1.0250572,0.34337723,-0.41851276,0.1443813,-0.3924831,-0.3670462,-0.26839668,-0.6676684,0.112698615,-0.2815359,-0.7234968,0.20109375,-0.3922463,-0.09285538,-1.6065223,-0.35640284,0.2425422,0.80436903,-0.43392086,-0.19783488,0.4491094,0.040541083,0.46053052,-0.52789986,-0.40760717,-0.030764917,0.04703052,-0.027434489,-0.40490103,0.04448118,-0.4960737,0.21779183,0.13283281,-0.3814247,0.19474311,-0.13924761,-0.17226787,0.6303775,-1.2140856,0.39718333,-0.5204221,0.4151913,0.16027492,0.22479534,-0.6714695,0.3390074,0.48281002,-0.4666845,0.5100045,0.40878382,-0.4465071,-0.075510554,0.17091228,-1.0013288,0.72264415,-0.24961376,-0.077723324,-0.3537159,-0.5262407,-0.09598846,0.5590154,-0.012262677,0.24104622
dispersion,0.51434165,-0.5539659,0.32941005,0.37642422,-0.1696377,0.18295042,0.036975622,0.3827389,-1.3590828,-0.2597333,-0.5415175,-0.111091614,0.29316857,0.6588396,-0.3684161,0.15336974,0.42821416,-0.8400093,0.17838295,0.04051234,0.6751435,-0.03824512,0.084562995,0.31378412,0.3537673,0.25747213,-0.2630873,-0.5815936,-0.06581074,-1.0832938,0.13458946,-0.094143264,0.24592723,0.8645672,-0.13579327,-0.07516825,0.66883063,-0.32081237,-0.048460376,-0.323475,0.78514445,0.3016102,0.374353,0.23258808,-0.61506593,0.21159302,-0.18045531,0.6819142,-0.15602915,-0.33870116,-0.38962895,-1.7531629,0.06603404,0.40896222,0.707141,-0.6524233,-0.5457922,0.9334699,0.8223787,0.8478506,0.045804217,0.46548188,-0.7168764,-0.45382696,0.60936373,-0.03872451,0.3084113,-0.58802944,-0.013278284,-0.019916184,0.031067256,0.07458376,0.5399007,-0.071096644,0.4140608,-0.04784766,-0.31645048,-0.08687437,-0.01712399,0.17280951,-0.22810929,-0.15240511,-0.6335386,0.23611543,-0.70507133,1.2122111,0.04962943,0.15258083,0.17006154,0.27938968,-1.105373,-0.16144143,-1.7044362,-0.04871768,0.29214627,-0.5533191,0.725582,0.26829332,0.20188762,-0.48620987
bioreactors,0.17386787,-0.026880555,-0.5874228,0.5546187,0.05861532,0.12622084,0.33372304,0.32142606,0.028088076,-0.17256042,-0.49661353,-0.2905274,0.71603286,0.15290864,-0.69980633,-0.06853058,0.062483285,-0.76439,0.1274665,0.27662435,0.2259261,0.8150933,0.054417845,-0.7053247,-0.26932928,0.3155185,-0.6258396,0.4445858,-0.026902806,-0.47806412,0.059906308,-0.5641574,0.2525141,0.26067626,0.0021759009,0.047754835,-0.1083836,-0.45319802,-0.3996036,-0.04457408,0.39357552,0.38657,0.34561577,-0.31943703,-0.51456386,0.20439644,0.22701436,0.08778311,0.033486325,-0.12666473,-0.5662212,-0.3272975,0.6077393,0.345357,-0.18494515,-0.648195,-0.1649221,-0.089272074,-0.18088196,-0.3190605,-0.09246076,0.034378506,-0.8250868,0.11112767,-0.18879737,-0.34281942,-0.062801436,-0.84728223,0.14611156,0.44486108,-0.5735803,0.25876695,-0.14870366,-0.18466614,-0.40888634,-0.37871203,-0.30131295,0.46962416,-0.24530104,0.16336711,-0.36437717,-0.71588546,0.19483602,-0.5518419,-0.51322454,0.33381745,0.62769264,-0.5134729,-0.7002031,0.38513854,-0.582896,-0.8276217,0.20328581,-0.53025484,-0.04575607,0.33025777,-0.39165464,-0.17546768,0.14714617,-1.1056927
mass_transfer,-0.38546968,-0.45109367,-0.33996782,0.7784913,-0.19825812,-0.4153924,-0.43403187,0.31818452,0.85882074,-0.45865515,-0.19697012,-0.21228787,0.84842706,0.36258245,-1.1801535,0.14755517,0.7038712,-0.15237366,-0.7508124,-0.049782522,0.38146088,1.1042912,0.9538495,0.23755765,-0.9453508,0.111030094,-1.0608581,0.35684204,-0.7236842,-1.2326638,0.02498195,0.6903474,0.5816784,-0.54253227,0.124844566,0.8458856,-0.006384856,-0.69995135,-0.6434591,-0.39225796,0.0024030542,-0.020249853,0.16192801,0.25115997,-0.91859776,-0.34775573,-0.15752427,-0.28012782,0.68891555,-0.9632612,-0.025676332,-1.2080861,0.7234581,0.7093325,-0.36692956,-0.35585412,-0.51447,-0.28038317,0.16707738,-0.33260557,0.4280454,0.16715574,-0.9086393,-0.33528426,0.4505343,-0.044000536,-0.1416442,-1.0924524,0.5088067,0.09860706,-0.2994041,0.28026798,-0.0935737,0.10408125,-0.7978538,-0.79602367,-0.85983306,-0.43542644,0.0629645,0.634324,-0.22548252,-0.5559223,-0.62882894,0.09790183,0.25261492,0.2396624,-0.3186851,-0.6644962,-1.1982021,0.04179199,-0.37549996,0.17023931,0.13654327,-0.41109148,-0.48793367,0.19033761,-0.19442582,0.747832,-0.4473234,-0.4088143
surface_property,-0.081767954,-0.40035915,-0.3788165,-0.21994638,-0.918155,-0.059654582,-0.46691367,0.6565627,0.068471104,0.8301902,-0.47315347,-0.17445734,0.033902675,0.38114834,0.03575619,0.5642489,0.70872056,-1.0927979,-0.9976545,-0.5890136,0.33782145,0.8330187,-0.4341953,0.7644485,0.8960502,0.46658248,-0.8507114,-0.37927175,0.3707699,-0.27792764,0.35323527,-0.65799326,-0.028760293,-0.9368785,0.025000433,0.30651173,-0.6207229,-2.0097601,0.20141251,0.4192225,-0.43806493,-0.3849741,-0.24578457,-0.4068504,0.5801634,-0.6683046,1.3952806,-0.72830045,0.63898623,-0.29436615,-0.12554519,-1.134877,-0.0062943054,-0.15604417,-0.11328266,0.1617659,-0.22054547,0.08074684,-0.70809674,1.022077,0.48794308,-0.3494946,0.35938257,0.53646094,0.33377606,-0.15405726,-0.11431449,-0.49777132,0.049141105,0.73755574,-0.16556014,-0.365988,0.6215293,0.591328,0.53366154,0.46072885,-0.053421862,-0.43106198,0.65156275,0.37114108,-0.20929804,0.17612916,-0.073483534,0.094032854,0.6469534,0.38942218,0.520108,-0.4709244,-1.0324423,0.32510054,-0.44121215,1.4452434,-1.3046951,-0.6611347,-1.3480103,0.06456783,-0.3055742,0.08086346,-0.25998867,0.48511186
prevalence,0.3065179,-0.1523829,-0.38253832,0.23049483,-0.112533994,0.09076251,0.20589939,1.2480407,0.13824053,-0.13454151,-0.878648,-0.13490513,0.5116862,0.2282327,-0.33864,-0.50771,-0.7674289,0.092510805,0.017167931,0.69127643,0.2152407,0.78169113,-0.49640164,-0.21337505,-0.3643025,-0.4267528,-0.6356834,-0.17350627,-0.43776506,-0.31918132,-0.58537483,0.24151413,0.29911244,0.09614863,-0.3431995,0.8322142,1.0418885,-0.12007851,0.030789087,0.47895426,-0.022592366,-0.40264824,0.5078069,-0.20698714,-0.4607197,0.24555404,-0.56840074,0.15455447,-0.0046009314,-0.380456,-0.2050479,0.15828484,0.89116186,-0.5025851,-0.012040272,-0.06248104,0.17216463,0.25520957,-0.053614303,-0.011943106,0.13961452,0.22414213,0.17186016,0.283147,0.9399766,0.061053563,0.09980023,-0.38743183,-0.20614716,0.81449693,0.1011021,0.32462507,0.53318447,-0.29541644,-0.30622786,-0.15330958,-0.2371098,0.011474187,1.1768672,-0.41731995,0.097960696,0.56520295,-0.17869137,0.10461315,-1.1268263,0.6000477,-0.036318615,0.76033115,-0.038630623,0.4243388,0.30507532,-0.14628594,0.10186019,-0.33321986,0.5422074,-0.051650465,-0.07979651,0.6902525,-0.1540129,0.24856801
lipid_peroxidation,-0.24235228,-0.028996697,-0.3775873,0.3720066,0.026790263,0.3983492,0.58609706,0.61230654,0.6241797,0.41046253,-0.052457053,-0.37445736,0.37471467,0.09212477,-0.47899228,0.09921324,-0.23482993,-0.11961677,0.2665967,0.23928995,0.6671813,0.15793769,0.4396289,-0.037218988,-0.1815829,0.4221461,-0.6805204,-0.59999734,0.004418705,-0.60096604,-0.053028975,-0.3950622,0.21914485,-0.1636675,-0.30972385,0.3318893,-0.2265233,-0.6837124,1.3919868,-0.072421476,-0.4463738,-0.5304376,0.040518146,0.33422574,-0.06501047,0.2100699,0.4598957,1.2201835,0.24145092,0.99267995,-0.25910482,-0.37073168,0.27352953,0.9307808,0.7326632,0.21779424,0.43525413,0.40375003,-0.6345292,0.46307188,-0.31942976,0.535115,-0.5713017,0.77343535,0.62334216,0.29725838,0.02905646,-0.63219285,0.0025493212,0.9453128,0.35331473,0.294594,-0.4405779,0.090157196,-0.2309819,0.078461654,-0.08579505,-0.4229091,-0.20411989,-0.37515488,-0.04463098,-0.16549985,-0.16369645,-0.45817953,0.15421614,-0.60094714,0.6070718,0.018622838,-0.3569574,0.037566707,0.5052049,0.06994239,0.021570256,-0.13000713,-0.68148893,-0.2536805,0.22240673,0.49883762,-0.54282576,0.089190975
high_performance_liquid_chromatography,0.19816452,0.78531957,-1.1722531,-0.35173953,0.6195826,-0.6105743,0.7017551,1.0256763,0.44644073,-0.35051715,-0.1949477,0.3313203,0.29844773,0.29596943,-0.2701636,0.018613484,-0.28998795,-0.082750686,0.068541475,-0.40322044,0.008157969,0.37651372,-0.13389051,-0.021722753,-0.65175724,0.19436479,-0.4425823,0.4333776,0.100075446,-0.6741129,-0.107930474,-0.53084725,0.5732301,-0.519347,0.8139401,-0.27799866,-0.17544203,-0.305072,0.47837162,0.42321226,-0.11802094,0.11502781,1.0803906,0.1698794,0.7361863,0.44152376,0.51442075,1.098522,0.5618711,0.22980171,-0.67398167,-0.5551269,-0.1721688,0.39612424,0.22468671,0.10907594,0.44093,-0.19796136,-0.016682018,0.7497154,-0.5977019,-0.62551886,0.407849,1.0404629,-0.22262882,-0.15353948,0.5939469,-0.20644577,0.14800617,-0.03318341,0.60082495,0.66969687,0.3348496,-0.46806088,0.00081774365,0.26766416,0.1384101,-0.032985803,-1.0254015,-0.5566004,0.15775552,-0.117797256,0.5360346,-0.2991075,0.14126825,-0.22531746,0.013786093,0.3515574,-0.5892329,0.30526438,0.46290103,0.7483072,0.25864822,-0.27106038,-0.15240876,0.68098426,0.07751075,0.9968136,-0.35381866,-0.4077216
reaction_kinetics,-0.64851874,-0.84003335,0.029197859,0.9311092,0.00996287,0.61673343,-0.040729184,0.059642717,-0.10181482,0.101975515,-0.64128786,-0.26102757,0.2971209,0.432875,-0.28217664,-0.17638858,0.5236704,-0.94931203,-0.6123291,-0.27379602,-0.9978921,0.85121787,-0.031280685,0.16432911,-0.02910126,0.45716217,-0.9553847,0.16007006,-0.116513684,-1.0307796,-0.39126077,0.2158583,-0.8387535,-0.67216694,0.7578734,-0.1379183,0.4172207,0.4872031,0.86998916,1.1511223,-0.4263474,0.97128695,0.07434677,1.0291319,0.036986463,-0.51045704,0.61764896,0.79135823,1.2590219,-0.3867652,-0.14132468,-0.22565855,0.7391159,0.21378556,0.41468218,-0.31489724,-1.1778609,-0.019601434,0.87823945,0.4342024,1.1023021,-0.77451634,-0.43221092,0.9644747,0.4502665,-0.08083908,-0.6377943,-0.589616,-0.31860727,0.33669773,0.19788639,0.558867,-0.012954144,-1.3161939,0.090365924,-0.10191985,-0.3174921,0.09315902,0.54951435,0.5268109,-0.11687034,0.028592093,0.9992137,-0.1736402,0.278869,-0.0055696433,-0.69257635,-0.25812083,-0.9339353,1.0874596,-0.3094831,0.5122242,-0.05441056,-0.11250438,0.5042021,0.18609527,-0.43368322,-0.26732972,-1.3633672,-0.383735
ion,-0.3082682,0.06477366,0.24287821,0.9554822,-1.1409937,1.2862501,0.34390387,0.14599606,-0.3548876,-0.5379754,0.3166688,0.30455884,0.15196186,0.39050168,-0.6634403,0.21458718,-0.790692,-0.78203845,-0.90374327,-0.28436464,-0.6146356,0.43463275,0.021717299,0.13952242,0.9593693,-0.33660248,-0.73322767,0.01866446,0.14841047,-0.09587248,0.84882665,0.11647397,-0.67687196,-0.6020028,0.3249323,0.38029277,0.2147106,-0.9822188,-0.33956623,-0.4763975,-0.06904029,-0.12339005,0.40757415,-0.4192662,-0.27530196,0.09221312,-0.057491742,0.13647577,0.18168443,-0.15865202,0.13395718,-1.3130153,-0.16555949,0.3368027,0.6175709,0.06033303,0.49910736,0.8389531,-0.411848,0.55755734,0.48633227,-0.5761165,-1.076281,0.24621528,0.8646006,-0.09232121,0.2856143,-0.5972796,0.006990343,-0.2791887,0.2119877,-0.13371797,-0.19289874,-0.6645973,-0.41297314,-0.018161949,-0.54482895,-1.1397249,0.25411776,0.95080674,0.005901553,0.4482533,0.25116313,-0.15318526,-0.78734016,0.977418,-0.4277086,-0.8435568,0.29146612,0.44768384,-0.6948528,-0.034589138,-0.17415099,-0.44390905,-0.78857005,-0.5752724,0.5456498,0.9771302,-0.04666118,0.060999546
antineoplastic_agent,0.0069432077,-0.124741174,0.31179354,0.08857989,-0.22444195,0.19569021,0.6499488,0.4208288,1.0023052,-0.57478356,-0.97998095,-0.19857052,0.4376873,0.73798275,-0.601787,-0.47369656,0.21899106,-0.24528974,-0.35612,0.34065124,0.094165586,0.4234389,-0.4799382,0.30139762,0.092692934,-0.2830893,0.07901685,-0.7327354,-0.43391383,-0.19414948,0.60420907,-0.34437543,0.30736506,-0.47456098,0.48841444,0.15028496,-0.6017779,-1.1063956,0.57659125,-0.013715627,-0.4274736,-0.1448624,0.5115519,0.037149873,-0.11230632,-0.2994885,0.059038956,-0.32699314,0.1955564,-0.05347246,-0.33065245,0.29985404,0.3175908,0.3546965,-0.36865705,0.0108021675,-0.012419519,-0.30268678,-1.0135397,0.60577196,0.50906104,0.025906952,0.42966482,-0.24137308,-0.70986986,0.24354282,-0.17219363,-0.38479427,-0.41202837,0.68662,0.39555418,-0.5252015,-0.09785276,-0.1965857,-0.77260524,-0.30876863,0.15844117,0.27590445,-0.5013139,-0.039858278,0.69964963,-0.043765776,0.037818164,-0.15516731,-0.37796786,-0.15036961,0.0073984624,0.5962916,0.08889327,-0.77346915,-0.07806381,0.47746295,-0.2834638,-0.39239675,-0.16441709,-0.6777313,0.18266109,0.41304526,-0.3378914,0.2490044
protein,0.7225579,0.010986106,-0.44983852,1.089941,-1.2329258,0.6813256,-0.18036893,-0.5764387,0.7373477,-0.13907114,-1.1029983,-0.06570532,0.15037856,0.67488766,-0.8648514,-0.39024928,0.48863977,-1.0990711,-0.109027535,0.090740934,0.032512575,0.43561423,-0.929233,0.82321155,-0.4284275,-0.2806623,-0.30892032,0.15943334,-0.16704397,-1.3399069,0.52647126,-0.2705944,-0.36838138,-0.06724046,0.48660076,-0.11447166,-0.7209717,-0.40826035,0.452742,1.1409651,-0.09095184,-0.6428863,0.73974234,0.47079253,0.33375132,1.016551,-0.06501621,0.81516767,0.0062194187,0.038768616,-0.5978523,-0.6953263,-0.14927597,0.90170753,0.67084885,-1.008557,0.03664371,0.24287716,-0.5772406,0.19634824,0.057208292,-0.35588858,0.08375323,0.13466205,-0.4070078,0.09456516,-0.668464,-0.25021333,-0.23236544,-0.30262598,0.5130938,-0.1886698,1.145392,-0.1457343,1.0158902,-0.91572654,-0.44041026,-0.025227666,0.17346957,-0.22939406,0.17308375,-0.46401957,-0.18317688,-0.4815955,-0.51641417,0.32910758,0.6215788,0.4780534,-0.23743555,-0.73628795,-0.038469136,0.14182726,0.24144728,-1.0065049,0.38709772,-1.7078823,0.0402097,-0.57298744,0.8890509,-0.27520108
apoptosis,-0.22725733,-0.021700393,-0.29207724,0.17809479,-0.5700234,0.1111138,-0.10944624,0.93271035,0.36905107,-0.34519628,-0.6531461,-0.5449413,0.2930342,0.10889899,-0.19413036,-0.09182315,-0.45374146,-0.14718258,-0.100219674,-0.13437036,-0.11744282,-0.6035199,-0.18474314,0.29213378,-0.4445699,0.057224207,0.12625062,-0.13146561,0.16155456,-1.1714045,-0.33551314,-0.64332867,0.66395146,-0.15793432,0.40980598,0.46497127,-0.01967063,-0.04892149,0.5847765,-0.005377668,-0.034230743,-0.40878722,0.45645568,-0.096847296,0.16928014,0.40477508,0.05091835,0.946195,0.9067484,0.8054512,-0.14374842,-0.37811518,0.18283942,0.43956065,-0.18230812,-0.33444297,0.40562856,-0.049836792,-0.6024348,0.08769515,0.011913535,0.13974443,0.022119025,-0.036630355,0.49445644,-0.08230505,-0.7381586,-0.59166193,-0.26664734,0.72695285,-0.26967633,-0.22148502,0.43298036,0.3944337,-0.015699975,-0.4261978,-0.07995653,-0.13511589,0.47322017,-0.31631988,0.7171868,-0.16157489,-0.3219742,-0.18111923,-0.40558457,-0.21209769,0.4043229,0.26805398,-0.7267368,-0.29391333,0.1402557,0.5853248,0.25176102,-0.857185,0.016598364,-0.66090494,-0.20477615,-0.5364887,-0.19558929,0.21541019
adsorption,0.6856189,-0.51817816,-0.3961504,0.4577089,-0.17216498,0.6334692,0.52253735,0.47724596,0.46569917,0.19000836,-0.38416877,-0.23699221,-0.07605034,-0.05149564,-0.2855262,0.054180533,0.02206072,-0.23024027,-0.9821956,0.2592291,0.13499895,0.6856376,0.33437663,0.9912492,-0.0818416,-0.29888856,-0.75034356,0.17969625,-0.13018823,-0.03534578,0.5335375,0.03674772,-0.411948,-0.4670292,-0.02519338,0.742066,-1.002656,-0.5128615,-0.100633204,-0.27034646,-0.13729292,0.16741014,0.5464271,0.27768448,0.28227293,0.106703386,-0.0569936,-0.7389288,0.45578572,-0.7334832,0.22036631,-1.4645578,-0.11284347,-0.41577834,0.94904363,-0.8455756,-0.22941457,0.9103649,0.17284,-0.15364121,0.35607463,-0.8832438,-0.2860606,0.36861008,0.59682864,-0.29135528,-0.053992823,-0.6253471,-0.07284054,0.6704483,-0.017636474,-0.1493116,-0.032761663,-0.22895509,0.25469652,0.5161299,-0.38122126,-0.35429588,-0.1700855,0.11002321,-0.2698435,-1.2784331,0.10114055,0.73064417,0.01504265,0.35190344,-0.65057766,-0.50828856,-0.08174098,0.42017874,-0.021456154,0.15785815,-0.0202541,-0.4287,-0.10306507,0.04637427,-0.5136116,0.683935,-0.23207098,0.061397895
rattus,-0.34646097,0.59000564,0.16162865,1.6370808,-0.17906749,0.16685732,1.0590247,0.48669216,0.25818485,-0.4453998,-0.6549026,-0.048631,-0.4323084,1.573755,-0.52037466,0.58636177,0.4628383,0.09363833,0.15905792,0.02325798,0.35057968,-0.47283486,0.40103078,0.038303252,-0.1447636,-0.70268923,-0.055164795,-0.5005307,-0.71197426,-0.563558,-0.46180052,-1.6321009,0.59668654,-0.2792325,0.42890084,0.2675619,0.67375743,-1.7499816,0.6315463,0.22001979,0.28405276,0.8766846,0.2791325,0.018779654,-0.17664675,0.3258164,0.3840205,1.1150477,0.4662849,0.022809906,-0.9393642,-0.97935957,-0.516843,1.0731791,0.7948716,0.89912105,0.6735356,0.022998132,-0.5848662,0.4060737,-0.74828273,0.28301412,-0.69639313,0.400028,0.18768618,0.029184006,0.1693207,-0.161164,-0.8296996,0.52002144,-0.5568295,-0.45259917,-0.77258265,-0.11883565,0.34649298,-0.6756993,0.6587465,0.17384823,-0.3608348,-0.19701414,0.30391267,0.62649345,-0.44812033,-0.06225354,-0.36090887,-0.32120755,-0.066526845,-0.31284165,0.6100327,-0.0691719,0.023201035,0.35816398,-0.08559523,-1.3516226,-0.38281024,0.29356733,-0.38057432,0.3179796,-0.30898637,0.61740565
glass,-0.13578464,-0.33612797,0.06777964,-0.76445085,0.16122372,0.3031267,-0.06427497,0.7594643,-0.6002116,-0.6322463,-0.77635586,-0.6298797,0.3870302,-0.15892404,-0.57821333,-0.9337716,-0.76757336,-1.231435,-0.5547679,0.36217037,0.10336594,0.25986323,0.07482164,0.350743,-0.26399258,-0.49667203,-0.81351674,0.01270843,-0.3181073,-0.36537835,0.3712804,0.028852994,-0.11729695,0.40889233,0.12959994,0.61735773,1.1494477,-0.7356861,0.45785835,-0.08158418,-0.1531446,0.16988946,0.15132314,-0.13983431,-0.47378626,0.26682776,-0.199528,0.6616423,0.5191834,-0.09989522,-0.1463511,-1.1633945,-0.22389142,0.13287657,0.61669475,0.3581432,-1.2226183,0.95994973,0.035932854,0.49683854,0.044415645,0.20059238,-0.5783284,-0.27756673,1.162213,0.007636185,0.9991582,-0.47928834,-0.8960495,-0.75648034,0.07043759,-0.28961405,-0.35815954,-0.4810055,-0.1742469,-0.608467,-0.34833464,-0.08833873,-0.06816446,1.1394788,0.2762568,0.28965178,-0.09228587,0.59842753,-0.72515595,-0.8738885,0.2396009,-0.4903423,-0.029723741,0.34928215,-1.065991,0.3423512,-0.4425844,0.16231929,-0.27193376,-0.34840703,0.41602826,0.13986471,-0.3886544,0.754773
starch,0.48819318,-0.2667793,-0.18747841,0.5876495,-0.35773855,-0.036242753,0.21089844,0.29839084,-0.434363,-0.25202796,-1.316863,0.004962694,0.15797089,0.9963144,-0.105910435,0.3797278,0.11752389,-1.1849474,-0.19186962,-0.7163917,0.4021124,0.304902,-0.5159618,0.67740566,0.004327561,0.44285375,-0.7254951,-0.011069662,0.5769069,-0.6269366,0.95448524,-0.43062705,0.44236064,0.34895518,-0.76511544,-0.43539917,-0.2262355,-0.9451865,0.20269434,0.08212656,0.32196653,-0.5870925,0.68674195,-0.22642693,-0.19523762,-0.021103501,0.039601892,0.39312592,-0.08822253,-0.37629923,-0.07409049,-1.3653822,0.3154785,0.736826,0.34453827,0.39945206,-0.5809557,0.23340194,0.093540475,0.17892925,0.12604386,0.15545668,-0.26989332,0.083124325,0.38296655,-0.09856617,0.4849281,-0.8542188,-0.24776016,0.46407297,-0.106806874,0.26667592,0.15206796,-0.60722387,0.6362686,-0.57558733,-0.23367453,-0.1888433,-0.037699666,-0.2436351,-0.58325595,0.41516045,-0.0421017,0.30652148,-0.21445607,0.42406863,-0.25995952,0.21347101,-0.20093219,0.19940336,-0.1640599,0.5722643,-1.743286,0.15242688,0.22007096,-0.6359814,0.14533724,0.44764116,0.3839888,-0.21273573
liquid,0.04945451,-0.37843817,0.3373324,-0.7109379,0.68068796,0.5986993,-0.5684866,0.58807635,-0.20650837,-0.35244069,-0.33131728,-0.3860454,0.91273236,0.37428173,-0.7681045,-0.3359271,0.7775993,-1.3961315,-0.18104994,-0.4462092,0.49379027,0.82832354,0.27834016,-0.3671214,0.15409859,-0.44278312,-1.1514516,-0.08672955,-0.3232404,-0.5218366,-0.006333409,0.06967282,0.042739008,0.010897292,1.3204705,-0.09686486,-0.105609104,-0.34147808,-0.4027368,0.24224588,-0.36088645,-0.8908327,0.3711898,-0.15751497,-1.3910155,-0.077894576,0.62776405,0.69505453,0.36501917,-0.23281516,-0.4589828,-1.1880822,0.24692988,0.45026815,-0.18577668,-0.5781558,-1.2492868,0.46267214,0.19244792,0.5025006,-0.61858,-0.081925936,-1.3760616,-0.098935395,0.3593179,0.28570536,0.4523444,0.021963919,0.3391421,0.24742435,-0.21744545,0.17302509,0.5301467,-0.1850592,-0.66740173,-0.5020755,-0.48335767,-0.11973085,0.6167821,0.8737643,-0.011124834,-0.16445297,-0.5663961,0.81666523,-1.1033318,0.5779918,-0.03862085,-0.13553847,-0.50123125,0.52840304,-0.56370026,-0.033312097,-0.5298672,-0.13244078,-0.6609968,-0.6439646,0.24433967,-0.6359748,-0.22367911,-0.2843486
molecular_dynamic,0.20553237,0.6061536,0.22338912,-0.807756,-0.55894536,0.3432929,0.45850933,0.51909924,-0.45183092,-0.38407558,-0.13558377,0.3687412,0.55993253,0.4075393,-0.29463115,-0.46864754,0.21530569,-0.54762703,-0.566479,-0.35208672,-0.32745838,0.04751013,-0.0035804359,-0.061645392,0.4935398,-0.36083674,0.08952445,0.60750747,-0.2932165,-0.6357309,0.25104362,-0.1730551,0.27682316,0.73497087,1.4709388,0.11954563,1.2502656,-0.50964034,0.48770878,-1.0356016,-0.26240522,-0.7316065,0.85812545,-0.52401084,-0.1289174,0.4813656,0.20032106,-0.21778014,0.09496431,-0.32484403,-0.47375804,-1.2071948,-0.21915829,0.41186422,-0.53842473,-0.73051137,0.7315724,0.6460007,-0.3915237,0.8468119,-0.0589869,-0.10493072,-0.5271474,-0.15345219,0.93521655,-0.12621209,0.26357996,-0.22863778,-0.032575224,0.42395565,-0.1686966,0.38871834,0.54545087,0.4691293,-0.49728432,0.37214643,-0.49131244,-0.39915305,0.09477246,0.070874706,0.026246263,-0.20212305,-0.5860636,-0.071779475,-0.6438422,1.2711282,0.0057934956,-0.76760113,-0.41340682,0.4186439,-0.3650573,0.19268815,-0.8929935,-0.3125133,-0.6852786,-0.2665375,0.1788216,0.33359975,-0.29518172,0.24843206
titanium_dioxide,-0.28268623,-0.86690676,-0.76442695,0.059936043,-0.1379382,-0.17519209,-0.1347025,0.36924312,-1.1159428,-0.31590623,-0.5169396,-0.093991645,0.26393718,-0.022049276,-0.6858118,-0.3648741,0.426745,-1.1143615,-0.2318301,0.03534304,-0.27822718,0.96610117,-0.47087002,0.1945174,0.100319624,0.24352008,-0.97117645,0.44541866,-0.2611382,-0.99158096,-0.03901016,0.2979227,-0.12729728,-0.46975687,-0.96769905,-0.1069445,0.2701466,-0.088606805,-0.11497454,0.10339205,0.14960678,0.22629651,-0.279063,0.17337933,-0.4246835,0.02932873,0.09667825,0.023666985,1.0151104,-0.50310963,-0.030937206,-1.3372766,-0.1884863,-0.08262993,1.0757884,-0.3796094,-0.4149462,0.08132806,-0.086035684,0.42771116,0.042367358,0.33349022,0.4758953,0.32126063,0.3914364,0.7564252,0.68430686,-0.6365266,-0.44521555,0.078210995,0.63171077,-0.77046263,-0.10574244,0.5925561,-0.19223125,-0.55416113,-0.3186862,-0.9502456,-0.25208768,-0.483184,-0.5500383,-0.74334896,0.2318179,0.35929832,-0.84470004,0.4834886,0.5904766,-0.5289003,-1.1325165,0.74682343,-0.749809,0.7238941,-0.6424646,-0.6056993,-1.0461172,-0.35764936,0.37157112,0.3067077,-0.2066931,0.3508133
free_radical,0.08936579,0.18021171,0.080843925,0.48980874,0.043372706,0.7459519,0.06397806,0.03397253,0.19739518,0.30475986,-0.530011,0.16120008,-0.1593089,0.7869285,-0.6271796,-0.05776979,-0.20589887,-0.92009324,-0.27941453,-0.27019924,-0.25610015,0.24731217,-0.36031106,-0.1579487,0.5639038,-0.060888316,0.08309635,-0.5602886,-0.1441639,-0.62823087,0.47665375,0.98087406,-0.9517206,-0.12089615,0.25977048,-0.09666081,0.4682238,-1.4888804,0.75537694,0.20098105,-0.18252325,-0.32480514,-0.2825642,0.012764431,-0.7696582,-0.24752873,-0.15568608,0.85961944,0.18661265,-0.19377747,0.2922776,-0.116276555,0.62688357,0.27855808,1.0031394,0.42266044,0.12384273,0.57394457,0.20908783,-0.1440613,-0.6942244,0.4640872,-0.544938,0.13995278,0.5800374,0.25915697,0.04578314,-0.20013346,-0.11108804,-0.18454035,0.14781517,0.65563864,-0.2605505,-0.9224348,-0.6277025,0.08411785,-0.25668052,-0.21448642,0.2126182,0.14694434,-0.22759645,-0.2496679,0.27825686,0.3186472,0.117835104,0.49103886,0.17258054,-0.7687142,-0.23395498,0.47409526,0.061645556,0.78279454,0.13926548,-0.28714347,-0.24150789,0.4307376,0.19925243,0.82413054,-0.5373166,-0.34370548
atom,-0.2228761,0.10242956,0.123511,0.52952516,-0.5134748,-0.17204858,0.0757566,0.69418603,-0.39690122,-0.76553524,-0.7059029,0.19991353,0.49348617,0.3240741,-0.0081128925,-0.72230184,-0.28171962,-0.35037863,-0.42086926,0.52529424,-0.6024762,0.5102243,0.56322277,0.32491884,-0.03699963,-0.52728647,0.0014551653,-0.45725417,-0.2119683,-1.0972524,0.12814124,0.2710213,0.19780299,0.09276816,1.179305,0.60754526,0.7562366,-0.50413954,0.43406183,-0.39405668,-0.031998012,-0.54185796,0.17414314,-0.17298004,-0.27741152,0.06682497,0.065100886,0.7148284,-0.09024455,-0.018061975,0.20638138,-0.32410517,0.5948432,-0.35060155,0.42460647,-0.10595503,0.38172686,0.7252308,0.15983064,0.22187045,0.11086843,0.49001452,-1.1006613,-0.8690698,0.36888775,-0.15107562,-0.041519277,-0.53311515,-0.4430308,0.12281648,0.78444546,0.3967161,-0.21259657,-0.43177366,-0.42732778,-0.28410774,-0.3087005,-0.5792669,0.16037223,0.21607587,-0.3632617,0.21009487,-0.29520485,-0.26135525,-0.032485012,1.4949813,0.53052795,-0.91614497,-0.22940549,0.35825875,-0.51724917,0.09735512,-0.6590644,-0.1118689,0.3293698,0.069478974,-0.08647265,0.24528994,-0.6166778,-0.6939164
plant_extract,-0.0126162805,0.9709412,-0.58134246,0.05357823,-0.5803429,0.22806184,1.2363459,0.73068774,0.29060507,0.06868436,-1.0838509,0.27151108,0.651221,0.4323542,-1.0448467,-0.32198706,0.4152076,0.24851029,0.4554037,-0.33167973,0.21109588,1.3393265,-0.018709542,0.67511773,-0.19874965,0.19660786,0.044914372,0.12869063,0.09481869,-0.44686323,0.59006125,-1.3649825,0.23071769,-0.4639086,0.20686843,-0.3469934,-0.15118985,-0.7993371,0.2947143,0.1870472,-0.17158268,-0.70875823,0.37324384,0.069001496,0.83498263,0.5924267,0.4118241,0.79798704,-0.022641858,0.28853953,-0.41058335,-0.090393014,0.22978342,0.11313852,0.17042615,-0.11461864,0.9171597,-0.13608074,0.014910973,0.30155677,-0.82775193,0.8453512,-0.4481256,0.33816344,0.034007583,-0.9048185,-0.17151746,0.047432892,-0.5433526,1.1214378,-0.38108164,-0.14979137,-0.4177858,-0.4796457,-0.30192143,0.007770171,0.27328905,-0.2089601,0.22469388,0.08609811,-0.25524914,0.51400834,0.8163827,0.19656226,-0.36093077,-0.31849432,-1.2332989,-0.1322038,-0.95786333,0.48774177,0.12146783,0.30350038,0.0032378314,-0.6822301,-1.096919,0.050636835,-0.48244572,0.74740946,-0.8078213,0.03702235
very_elderly,0.499937,0.49898046,-0.9960495,0.5471137,0.6421815,-0.08015308,0.405318,1.4740863,0.69805634,0.035518162,-0.8115532,-0.55338275,0.8998603,0.5605114,-0.27039284,-1.0147132,-0.28330815,-0.18244687,-0.37989172,0.11862178,0.27079812,0.35447162,-0.2772679,-0.110377476,-0.6991421,-0.24885632,-0.33339986,-0.057667125,-0.4926338,-0.5028076,-0.60337144,-0.44921884,0.73487216,0.22267196,-0.62429434,0.19723311,0.5866987,-0.7589664,0.48661754,0.5015428,0.0338981,0.005155619,0.37626344,-0.29898727,-0.23862591,0.22396621,-0.31716126,-0.2830499,-0.31985047,-0.23391245,-0.08717495,0.14389692,0.6667744,-0.51415926,0.32710573,-0.04170789,0.77059734,0.4773252,-0.9494192,0.2559534,-0.27325532,-0.06445834,0.43975648,-0.13826285,0.687114,0.4013884,0.18185775,-0.6362849,0.07974666,1.9430878,0.46173438,0.4248096,0.9723033,0.39890096,0.15602735,-0.46326858,0.32491437,0.5932182,0.96732575,-1.0732849,0.29788676,0.3202606,0.0841412,0.4821384,-1.0704678,0.9081782,0.19476403,1.2687297,-0.5102759,-0.3751819,0.27257338,0.26375303,0.1854893,-0.4035795,0.34929687,-0.5474648,0.051163413,0.64660645,0.17732817,0.14885369
bacteria,0.3435724,-0.51475805,-0.7175661,-0.21677434,-0.24802381,0.103762664,0.48816273,0.3863653,0.4066015,0.020791067,0.07973375,-0.08372242,-0.008614299,0.0026092008,-0.8297207,-0.2901597,0.42536086,-0.25611556,-0.20573705,-0.15200603,0.76462966,0.0056738616,-0.3535118,0.14244159,0.19613054,-0.16133139,0.10947009,0.064016394,-0.10828328,-1.0292006,0.08352039,-0.68060267,0.10721846,-0.2059173,0.3784326,0.38986322,0.431368,-0.91525954,-0.37905458,0.8058134,0.35695535,-0.057512198,-0.01953753,0.72867554,-0.063371986,0.18604285,0.46519905,0.4633743,-0.62827265,-0.6442622,-0.55560976,-0.45407268,0.5123514,-0.38685963,0.26819572,0.4546706,0.046571434,-0.32205525,0.07287732,0.47573227,-0.004462894,0.19645126,-0.363196,0.02738893,0.35482928,0.4088076,0.053926863,-0.61383307,0.18313542,-0.41134837,-0.4750556,-0.5222269,0.39942366,-0.7310593,-0.06212881,-0.4950482,-0.15691599,0.16836111,0.40586787,0.1862369,-0.25997806,-0.26579604,0.12221517,-0.47747195,-0.35989612,-0.27247974,0.7470338,-0.00936405,-1.0135319,0.45731422,0.033095106,-0.2194464,-0.38598213,-0.3038381,-0.44945565,-0.051015407,-0.2074639,-0.47272715,0.63459367,-0.18450166
fruit,0.062487897,0.61089224,-0.27016422,0.43132696,-0.118700385,-0.8342491,-0.17505062,-0.14209285,0.16225527,0.39316165,-0.871608,1.3689102,0.6167815,0.9411042,-1.2767835,-0.1747856,0.01849657,-1.1348749,-0.23393539,0.39150524,0.022569839,0.7901596,-0.594326,0.40888035,-0.058491904,-0.5597932,-0.38447404,-0.01147043,0.28263536,-0.37085462,0.1789036,-0.21735732,0.31621164,-0.16547352,-0.7898736,-0.3825836,-0.24854186,-1.027871,-0.35192013,0.41111794,0.15675367,-0.7885162,0.07428189,-0.61559033,0.31509227,-0.27090457,0.39969036,0.5033631,-0.50613743,-0.8595617,0.73488796,-1.0123352,0.12894255,0.5566302,0.5885954,0.21386376,-0.17885017,0.09914925,-0.52326155,0.479884,-0.33205733,0.5075626,-0.78582186,0.06545488,0.16014227,-0.48119038,1.5020651,0.14576666,-0.12692307,0.5073766,-0.31437522,0.9522677,-0.31344217,-0.703678,0.36438012,-0.67073315,0.15768927,0.043635566,-0.2523136,0.26651877,-0.5090775,0.44939998,0.49316493,-0.10749913,-0.0034107384,0.29833332,-0.3692782,-0.15778348,-0.8112892,0.19735754,-0.38237613,0.021737702,-0.71959186,-0.10068823,-0.4001152,-0.17402871,-0.08666289,0.33791876,-0.002265642,0.14186712
nitrogen,0.40076414,-0.9678066,0.42337498,0.25158936,0.28596944,-0.27667287,0.13387275,0.036064234,-0.17613538,0.71400005,-0.5289557,-0.42753866,0.41595778,0.35873485,-0.73360795,-0.027166609,0.11943788,-0.7713279,0.27447015,0.19849008,-0.33241475,0.6849208,-0.070615135,-0.40972924,-0.13294075,0.79970753,-0.30877262,0.4737072,0.16158088,-0.6707712,0.7794255,-0.07596814,-0.26469526,0.3290023,0.5759076,0.06011989,-0.082063295,-0.803535,0.95553344,0.7566597,-0.17214423,0.5446563,1.3658538,-0.023507597,0.47609597,-0.42914805,-0.012538532,0.29098263,1.3620667,-0.37735048,-0.31460676,-1.0633497,0.13271952,-0.30713022,1.1367562,-0.720709,-0.58522516,0.5413599,-0.4445199,0.23836468,0.55693007,-0.08038472,0.30971956,0.5004652,0.56283367,-0.18418325,0.21124184,-0.6514846,0.57803303,-0.08920059,-0.65549296,-0.10350508,0.5194558,-0.90033275,0.25793493,0.41136312,0.02356408,0.23886062,-0.51757014,0.2788708,-0.36161017,-0.94869524,0.027377645,-0.7055468,-0.70302737,0.5469108,0.0034278228,-0.4311044,-0.45874467,-0.48664612,-0.19177249,0.26648977,-0.17215304,-0.80679256,1.1919802,0.9585271,-0.68941003,0.1564136,0.51968557,0.08810833
psychology,0.4745716,0.75600684,0.33158913,-0.5973659,-0.7644314,0.3323726,0.36083385,0.65367407,-0.21398528,-0.5646867,-1.2496984,-0.036561176,0.8999391,-0.11916719,-0.4023895,-0.4005279,-0.51531625,0.020977495,-0.021604652,0.34607854,0.17917602,-0.4728281,-0.48650858,0.5110407,-0.86136127,0.29417533,0.21188004,0.12628838,0.18660809,-0.06624209,-1.0711403,0.2662218,-0.030611584,0.7811855,-0.83785254,0.45824754,0.76770276,-0.19942126,0.09161348,0.6921377,-0.26686662,0.100248925,1.2229942,-0.2695855,0.39656317,0.6419538,0.015922574,0.027578073,-0.07376441,-0.26213056,-0.5307657,-0.38120884,0.22402233,0.029402727,0.4704307,0.0048017544,0.6387144,1.1755012,-0.6872539,-0.30734247,-1.0633932,1.2243243,-0.08061034,-0.22845578,0.55689067,0.7272214,0.4414583,0.006956376,-0.15531118,0.50125206,0.30673456,-0.18200152,-0.12709779,-0.16544792,-1.3344139,-0.061715845,0.37457168,0.12640686,0.6027183,-0.50682634,-0.062025573,0.0063189827,-0.5761101,0.6138046,-0.6777233,0.33102015,0.09884648,0.0567501,-0.55807173,-0.7997543,0.06305682,0.08740441,-0.19986284,-0.3412807,0.13869461,0.041043885,-0.22960624,0.35673067,-0.5515556,0.0006766441
hydrogen_ion_concentration,0.70275307,-0.050125025,-0.06532579,-0.4137108,-0.062059525,0.33146173,0.59524125,-0.31532976,-0.22113046,0.31562716,0.23955122,0.977681,0.20527345,0.017195564,-0.28893188,-0.30400747,-0.2784009,-0.2385608,0.116649516,-0.7421684,0.01524574,0.30704805,0.27240807,-0.29857844,-0.44889334,-0.24375175,-0.72019416,0.56984687,-0.5437005,-0.7812631,-0.14657028,0.0010588852,-0.6709787,-0.20908986,0.7301767,0.28142965,0.4552253,-1.0014973,0.48145157,0.5767623,-0.22515261,0.3227821,0.3910076,-0.41846704,0.10763284,0.9940315,-0.116514936,0.66316277,0.3969058,0.13227211,-0.7366852,-0.55066454,0.09434605,0.76595,0.30694464,-0.42269146,0.32053062,1.1674682,-0.33607426,-0.42449033,-0.09918635,-0.03336832,-0.27753645,0.8393552,1.0390886,-0.30967316,0.8129744,-0.24071749,-0.030035032,0.4101344,-0.7012996,0.0637214,0.34741753,-0.5223023,-0.6760231,0.23833947,-0.26186317,0.5104967,-0.15450391,0.21310945,0.17505504,-0.4793215,-0.79703766,-0.22810736,-0.6307142,0.5123694,-0.45496944,-0.57551557,0.11993024,-1.0282385,-0.30232203,0.10763435,0.08097278,-0.77225155,-0.27557197,0.4737597,-0.36661497,-0.43917325,-0.5510991,0.11601969
oxidation_reduction_reaction,0.72398895,0.06385824,-0.7716728,-0.0074915118,-0.6173497,0.5037278,0.94560623,-0.04606283,0.017843612,-0.38837865,-0.46083534,-1.087222,-0.19057636,1.3134604,-0.20688927,0.33164644,0.62213856,-0.20030464,0.098840795,-0.75797385,0.71469545,0.82511383,0.1400329,0.8076657,0.2585667,0.56417096,-1.2356918,-0.11917405,0.6716772,-0.98981196,0.7890631,-0.6212744,0.4898243,0.4657801,-0.3975833,-0.21743917,-0.26805145,-0.8764985,0.25101826,0.68099546,0.19397758,0.77449185,1.1676518,0.4293551,0.053441357,0.17608136,-0.4626987,1.2333322,0.26812625,0.8856707,0.17878157,-0.15249765,1.0903195,1.0136186,0.6397859,0.1353684,0.08915397,-0.31952322,0.4246777,0.08721965,-0.18802196,1.045445,-0.55202,1.1303028,-0.20088997,-0.021926738,-0.2665416,-0.8845365,0.640356,0.3075562,0.5195088,0.40955386,0.23534879,-0.5642601,-0.062033538,0.54961014,0.72040117,-0.106259435,-0.049404975,-0.34136432,0.3346616,-0.78479886,-0.5440442,-0.21662101,-0.29188275,-0.25831148,0.34194815,0.062313385,-0.18046977,-0.16885994,-0.81883943,-0.019757224,-0.22829619,-0.66456157,-0.05052488,-0.22333567,-0.06641025,0.5534423,0.44916943,-1.4808481
oxidation_reduction,0.6429017,0.050167754,-0.6948315,0.02059786,-0.5707213,0.3827253,0.83095676,-0.07388797,-0.019829948,-0.32224986,-0.3798058,-0.9626554,-0.13526586,1.173926,-0.18045035,0.31579563,0.54253256,-0.12881313,0.11825168,-0.64625967,0.6910925,0.7264472,0.07911253,0.7530766,0.2345647,0.5315663,-1.1325207,-0.14880946,0.5961139,-0.8696456,0.66062474,-0.50670516,0.42423478,0.39188883,-0.3616416,-0.1328671,-0.27803588,-0.7473377,0.2249048,0.5889743,0.10285739,0.691213,1.1094038,0.37659973,0.076496534,0.1607776,-0.47829613,1.0865366,0.20407331,0.8020653,0.1641805,-0.15017805,0.96218616,0.904996,0.63368356,0.11107878,0.10347458,-0.23725794,0.42324132,0.05705057,-0.14516427,0.8771551,-0.48799986,0.9501242,-0.16767578,0.043562092,-0.20398884,-0.8750705,0.5370492,0.24466868,0.4926616,0.39178547,0.15004797,-0.5789809,-0.07997078,0.4476601,0.64631224,-0.13799028,-0.09528012,-0.21428244,0.26716307,-0.6270774,-0.44981068,-0.23241898,-0.18757541,-0.21007197,0.23769611,0.16538198,-0.13995725,-0.093049265,-0.7572727,-0.053731654,-0.23101191,-0.6229955,-0.008742013,-0.18220802,-0.09026906,0.51600987,0.3927499,-1.2750871
scanning_electron_microscopy,-0.8048619,-0.8252677,-0.44736063,0.41906783,0.10136783,0.5653271,0.100862354,0.5230253,-0.114961155,-0.67654866,-1.3101472,-0.06439992,-0.15558706,0.21099122,-1.2071688,0.02426635,0.18082424,-0.5759308,0.029622387,0.0494609,0.15729189,0.3601506,0.4225137,0.9447771,-0.91063964,-1.0979799,-0.9434051,-0.19276369,-0.11353998,-0.2280015,-0.010523077,0.30257905,0.2861609,0.049792197,-0.38677543,0.35272506,0.08737742,-0.65523404,-0.36060515,0.13648874,0.10394834,1.1794016,-0.44221482,1.1140895,-0.27607286,0.034012273,0.56377465,0.05745503,1.1943208,0.115694165,-0.045143057,-1.0720806,-0.5802695,0.7095984,-0.056419864,-0.39652303,-0.36816606,0.104760684,0.9095898,0.5551552,0.47129682,-0.32157513,0.17304176,0.64551234,0.24465968,-0.34925306,0.49477795,-0.94735104,-0.12786447,-0.08181308,0.31684437,0.17080635,-0.9875634,-0.14500421,0.2689214,-0.13544859,0.074295126,0.005526957,-0.079071365,0.020195402,0.1859091,-0.31219983,-0.28925556,0.57185656,-0.07529795,-1.0720211,0.14347734,-0.50305897,0.33200327,0.9954711,-0.49916285,0.51825535,-0.8574513,-0.1105532,-0.48371813,-0.7352689,-0.0749947,0.3859178,-0.7977738,0.29257944
cell_culture,-0.011478289,-0.88193464,-0.059368435,0.04629286,0.17629226,-0.68661517,0.52244323,0.36570242,-0.09434965,0.07511352,-0.92057586,-0.4120697,0.32389238,0.3487581,-0.6355894,-0.0037435987,0.33228406,0.12832028,-0.34817693,0.34654558,0.8394034,0.69064176,0.062877394,0.36235377,0.86927545,0.041269913,-0.2221314,-0.65650773,-0.06251177,-0.79489905,0.30376843,0.25742623,0.626868,-0.9016879,-0.18332222,0.72344893,-0.22548705,-0.7562419,0.35966572,0.9061758,-0.33192673,0.18330602,-0.5606559,0.70666623,-0.5352233,-1.0300759,0.4932107,0.77296686,0.40673622,0.104388885,-0.06216517,0.06484336,-0.20250498,0.25633705,0.6506266,0.52679133,0.1459596,0.5921782,0.22399281,0.14136541,0.026417658,0.09305862,-0.2645754,-0.12798934,0.39989644,0.68381816,-0.06804002,-0.16173282,-0.3135834,0.34837687,-0.48434144,-0.13328688,0.049057506,0.5675635,0.1793097,-0.5125047,0.44654262,-0.38881952,-0.23076673,-0.057431467,-0.14860016,0.08133289,-0.65421456,-0.22904003,-0.22221051,0.2701237,-0.42069763,-0.3968328,-0.5950882,0.20147702,-0.384485,0.76211226,-0.21992624,-0.72521657,-0.035423376,0.009617152,0.60202354,0.24344738,-0.31145197,-0.46880594
sol_gels,-0.44066665,-0.6761656,-0.20577998,0.5736433,-0.094744675,0.9566798,0.021492623,0.27876568,-0.05660562,-0.26274702,-0.72683465,-0.19477718,0.08504595,-0.29681534,-0.43417352,0.25734863,0.016115112,-0.8561067,-0.18756,0.23261262,0.19480467,0.71109724,-0.30877116,0.028013617,0.32218015,0.3370033,-1.2182095,0.67895263,0.42647418,0.35999933,0.4361524,-0.749504,-0.67096734,-0.06966429,-0.7631287,-0.01770563,-0.00638123,-0.16909307,0.2050136,-0.13423473,-0.30519706,0.35283786,-0.10136502,-0.018113213,-0.5164499,-0.08433869,0.23655406,-0.6438143,0.9142482,0.13401474,-0.5683048,-0.89862615,-0.28578395,-0.30940437,0.9358852,-0.29707432,-0.43251237,0.3492063,0.08050484,0.41981128,-0.09166341,-0.37363943,-0.30745614,1.0371419,1.3453115,0.072502695,0.41722503,-0.08585696,0.20882216,0.6672763,-0.35160467,-0.3487183,-0.17861275,-0.019914832,-0.54782516,-0.4587722,0.33151868,-0.63379127,0.17672326,-0.175717,-0.4593917,-0.3869356,1.0418956,0.6005192,-0.65258306,0.19210732,0.10277021,-0.11780233,-0.53826535,0.8050196,-0.8350316,0.27790788,-0.66366553,-0.4729432,-0.43944982,-0.52392113,-0.087817855,0.7373594,-0.18525316,0.3662788
carbon,0.105872326,0.101402,0.10389807,-0.26204517,0.5129308,0.19049445,0.45408404,-0.3532069,-0.20231712,-0.12938069,-0.14341873,-0.027733099,0.7008322,0.50848615,-0.48830616,0.98338854,0.022469837,0.043080773,0.6157003,0.2506647,-0.22348094,0.7031294,-0.75702304,0.3275639,0.0035662781,0.8507262,-0.67674917,0.19333455,0.4297294,-0.956396,-0.05873322,-0.16876842,-0.38704434,0.31004182,0.3819453,-0.2091721,0.88943833,-0.10627771,-0.19444378,0.6171621,0.13788207,0.52265763,0.76510465,-0.0070436546,-0.289035,0.4734497,-0.111753255,0.465544,0.21145079,-0.6779478,-0.55965745,-0.8229711,0.013875684,0.3162031,0.13777222,-0.21947935,0.16905668,0.124624416,-0.3090157,0.41983283,-0.014558991,-0.5031452,-0.0017490983,1.1416377,0.40154278,0.25084877,0.54254866,-0.020908639,0.9807133,-0.58380514,-0.22307985,0.058686897,-0.27222395,-0.42416543,0.28489244,-0.0057653873,-0.38074848,-0.15364224,0.20102677,0.33702037,-0.74194235,-0.2721605,0.10457377,-0.90273994,0.0006238267,-0.13516721,0.18619764,-0.15205187,-0.6963378,-0.10402701,-1.0882453,-0.11506637,0.11064494,-0.6047575,0.6816549,-0.26904383,0.23101833,1.026863,-0.3350508,0.29041046
pathophysiology,-0.8429483,-0.37696522,0.089286424,0.9550224,0.38492852,0.4459075,0.78807956,0.9717162,-0.3068864,-0.7946806,-1.2623142,0.25774592,0.6644468,0.9234393,-1.1597701,0.34376672,0.36427766,-0.21504748,0.46232972,0.007143555,-0.23936684,-0.28851846,0.92807686,0.037102796,-0.18323404,-0.095285654,0.5313153,-0.974472,-0.061489135,-0.449787,-0.29347807,-0.3788155,0.46377188,-0.37900695,0.730607,0.056685694,0.5683993,-1.272077,0.86673623,-0.29176447,-0.4511021,0.39708793,-0.6411722,-0.68113387,0.225081,0.57071924,0.42100355,0.6683638,0.4349787,0.28712994,-0.39033362,-0.18864672,-0.046174645,-0.03697798,-0.42996597,0.47842023,0.9118224,0.08296887,-0.030587776,0.2988765,-0.2878312,0.8225012,-0.31602556,0.71046156,-0.4586143,0.15536681,0.080540754,-0.10795086,-0.72151864,0.82656825,-0.26801106,0.09792732,-0.9260676,0.37106216,-0.9066705,-0.08026073,0.54334635,0.3933931,0.8561649,-0.4165574,-0.5942443,0.8710058,-0.5349823,0.30888224,-0.43037763,0.021602787,0.35541373,-0.52204293,-0.11665106,-0.13852884,0.39871022,0.12604265,-0.58876425,-0.95968795,-0.8917214,0.14213906,0.17591943,0.06590496,-1.071546,0.29092857
thermodynamics,0.34808046,-0.5023552,-0.4103474,-0.6191727,0.72683495,0.31567317,0.1701999,-0.32538742,0.0072763287,0.17435205,-0.9683568,0.17109105,0.18007593,-0.09867781,-0.38794628,-0.68134296,-0.27301207,-1.1930928,-0.8738713,-0.54218274,-0.14127055,1.0720991,0.107624985,-0.4750658,-0.544152,-0.11306588,-0.23306544,0.08585383,-0.24642776,-0.19343467,0.5859986,0.55476403,-0.5905258,-0.33385557,1.2269789,-0.037316557,0.35092622,-1.3004726,0.6597332,0.020257184,0.4254821,-0.41228828,0.4653009,-0.3088495,-0.030689742,0.22803752,0.20634134,0.9944224,0.7557269,-0.19251524,-0.22633548,-1.2517898,0.189091,0.1509949,0.5093421,-0.0722538,0.36086953,1.0957911,0.41159013,0.17593986,-0.79062384,0.19200228,-0.38352004,0.20969376,0.514472,0.2471496,0.8860126,-0.23041306,0.0120954765,-0.5657769,0.09516102,1.1213788,-0.15622483,-1.1736865,-0.6408894,0.55807924,-0.09586235,-0.5094315,-0.5611847,0.78370875,0.08282485,-0.014659248,-0.009506388,0.6319199,-0.5968304,-0.2117452,0.7034838,-0.86316854,0.35386896,0.19295555,-0.119735844,0.52209383,-0.48280877,0.020909071,-0.84185606,0.045998607,0.1495681,0.4883149,-0.33058038,0.0838225
"models,_chemical",0.008210194,-0.027639138,-0.2352449,0.012572163,0.22091947,0.50839955,-0.25858468,0.3789087,0.16832484,0.17763016,-0.43088022,0.09505324,0.14725311,0.70033026,-0.4103987,0.054873798,-0.25944734,-0.6412112,-0.88556045,-1.4660038,-0.27019498,0.7819111,0.37609679,-0.23875242,0.35441878,-0.46369234,-0.32277274,-0.80498683,-0.06375421,-0.57114464,0.119931616,0.09809501,0.31781334,-0.38536012,0.7342295,0.4017093,1.0819916,-1.6460063,0.7027518,-0.5865443,-0.22668865,-0.4508462,-0.057109322,-0.90356076,0.12264028,0.45673683,0.53925425,0.18132286,0.25528535,-0.791917,-0.32216826,-1.3249415,0.046141863,0.23209603,-0.2709772,-0.33976263,-0.1865112,0.7668696,-0.25069642,0.65946275,-0.65018797,0.09316988,-0.5119164,-0.009557708,0.1668528,-0.0756681,-0.07983444,-0.30549595,-0.090235725,0.16969419,0.21651499,0.7892902,0.37567636,-0.01411059,-0.03216706,-0.0799239,-0.41175196,-0.66562223,0.5993805,0.70256823,0.15215345,0.005417284,0.059443373,0.6144183,-0.45784742,0.3628057,0.5857696,-0.5669053,0.052866526,0.1583932,-0.67696846,0.8669206,-0.123152204,0.09803479,-0.64411986,0.20833063,0.48544613,0.4171516,-1.0384601,0.41823626
"disease_models,_animal",0.24640235,-0.12773629,0.26344043,0.5053382,0.5871024,0.065971054,0.44439498,0.41741467,-0.14854957,0.15711044,-0.8868391,0.018025033,0.72394145,0.81449914,-1.1461688,0.021415817,0.4538631,0.34987587,0.0033205072,-0.19935516,-0.13809414,-0.0016517042,0.34832263,0.14201204,0.22664301,0.7343906,-0.2988331,-0.28979078,-0.8412766,-0.40485954,-0.5521031,-1.0990725,0.7474019,-0.041616395,-0.082056336,0.28588206,0.662009,-0.8018863,0.4527781,-0.1982283,0.5575174,0.6026947,0.2502267,0.17051692,-0.010046194,0.69467187,0.14506254,0.3815067,0.124105975,1.0963328,-0.5569863,-0.12698315,-0.16294748,0.6139064,0.62635875,0.3358988,0.19324331,0.5280481,0.194626,0.5342986,-0.2286811,0.651466,0.3306568,0.05528446,0.14317256,0.11045739,-0.3832527,-0.38286224,-0.23011027,0.8009341,-0.15188907,-0.15447758,-0.22218001,-0.22531267,-0.3657889,0.1217025,-0.27636737,-0.43603334,0.4391483,0.06721265,0.016936501,0.08839776,-0.897731,0.4319357,0.5749702,-0.3311379,-0.5186073,0.74113303,-0.10662332,-0.49545258,-0.07647546,0.36416513,-0.48426005,-0.9160699,-0.38999534,0.20888378,0.53036654,0.25104797,-0.69042003,0.15610093
disease_model,0.24645472,-0.12789889,0.24773805,0.40840745,0.5706445,0.035615824,0.4505464,0.4310296,-0.117145166,0.13703656,-0.90342486,-0.0038381792,0.65762407,0.75592744,-1.0957929,0.015869658,0.43267575,0.3383399,-0.1012827,-0.1883767,-0.09371828,0.0015910831,0.3592436,0.18973207,0.19478711,0.6954542,-0.3036175,-0.26329562,-0.7679539,-0.35509437,-0.4656995,-1.0445533,0.7072436,-0.038263083,-0.024775982,0.23096992,0.628933,-0.74906796,0.42646462,-0.15794416,0.5101907,0.60888267,0.29986754,0.1479687,-0.05166962,0.71328324,0.20653293,0.44780394,0.08899917,1.0115025,-0.5918479,-0.11378375,-0.13428615,0.5932866,0.62912107,0.27623338,0.33613613,0.42738977,0.18181756,0.45904928,-0.23244508,0.6544622,0.2990277,0.09569718,0.09440982,0.18265729,-0.31495428,-0.29243642,-0.18342958,0.73899704,-0.1328652,-0.20751634,-0.25148934,-0.19194797,-0.34199616,0.16689701,-0.25927436,-0.3598388,0.46597242,0.076579,0.037986565,-0.04843099,-0.76492506,0.40032706,0.5462962,-0.26732045,-0.45549867,0.70286644,-0.11920437,-0.47383863,-0.08362779,0.35417953,-0.34935728,-0.9017767,-0.43139628,0.2780557,0.5050438,0.1985269,-0.57370883,0.1239182
alumina,-0.012361244,-1.1029867,0.011273043,-0.058070816,-0.054175254,0.427549,0.49821138,0.79549426,-0.5542741,-0.256675,-0.32955632,-0.56189173,0.6435703,-0.38405424,-0.14662899,-0.6308021,0.47928876,-0.64468294,0.24096647,0.047618266,0.2779482,0.5458209,-0.25469646,-0.0045893067,-0.15918632,0.4619472,-1.4363776,0.18585497,0.07971861,-0.31442913,0.06410396,0.08146796,-0.5606335,0.0021828285,0.035062358,-0.07749849,0.46441257,-0.35933962,-0.5952422,-0.14635597,-0.4302231,0.09561635,0.025828283,-0.60190874,0.069480434,0.24954803,-0.118821755,0.04380869,0.5172817,0.14638288,-0.489659,-0.55033666,0.37468138,0.122676305,0.9585885,-0.45767647,-0.31230456,0.22901493,-0.49945882,0.3436442,0.28268567,-0.24441548,-0.8324334,0.13945346,0.38277474,0.91611654,0.22129273,-0.1646066,0.2501097,-0.36891228,0.18964465,-0.7485766,-0.5230985,0.120537326,0.23839073,-0.28059754,-0.6211309,-0.13287957,0.6734024,-0.109228134,0.3525752,-0.20448549,0.102881044,0.45741472,-1.1624701,0.25953126,-0.056296844,-0.14995253,-0.0890076,-0.044919778,-0.6336794,0.49250776,-0.5894633,-0.62307286,-0.29460633,-0.9855229,0.6308768,0.061498255,0.018699061,0.89987105
questionnaire,-0.01862122,0.09904603,-0.69540995,0.22206952,-0.3431202,0.41332254,0.5118329,1.1474046,-0.45627293,0.16819343,-1.0066768,-0.51173717,0.6991348,0.08494317,0.045264985,-0.6991959,-0.6765974,-0.014422034,0.0602635,0.08354996,0.06890707,0.67354864,0.13119088,0.68447644,-0.9928028,-0.2718869,0.047324732,0.045908593,0.1313084,-0.26996344,-0.25790378,0.11265829,0.20936279,0.27245158,0.10346413,0.52466244,0.75570774,-0.17583399,0.06723494,-0.0059562842,0.21159492,0.6454381,0.785052,-0.41171113,0.5092249,0.86482245,0.21606481,-0.10884926,-0.10615472,-0.2409085,0.3134402,-0.32543805,0.789755,-0.7297355,0.32027224,0.1273165,0.115709916,0.17745902,-0.21638824,0.22065316,0.2618476,0.8610272,-0.01575071,-0.5811422,0.6631895,0.5571909,-0.2098353,-0.63738227,-0.7930822,1.2934815,0.35235795,-0.25915742,0.40909597,-0.27309188,-0.28592053,0.016504273,0.24680984,0.6634619,0.89080083,-0.37321258,-0.065355115,0.2704373,-0.31728908,0.36451375,-0.35309353,0.39902025,-0.88797134,0.44223952,0.16276774,0.016602665,0.039561134,0.029942095,-0.37966436,0.23775814,0.34882462,0.0677266,-0.19639365,0.41546822,-1.0860915,0.07822662
zinc,-0.18487631,0.39447668,-0.20503156,0.41150454,0.5072599,-0.11954422,-0.25954986,0.9799475,0.52172226,-0.27878743,-0.62584114,-0.3864121,-0.6397608,0.15900281,-0.5989556,-1.0858452,-0.098835096,-0.36811993,-0.7898659,0.31910405,-0.21697056,1.1679325,-0.18269093,0.977177,-0.32419497,-0.6077282,-0.11191415,0.46401182,-0.05886346,-0.7796465,-0.4440385,-0.3360682,-0.031145912,0.5367452,-0.4679974,0.06311354,1.0436571,-0.8697803,0.7027699,-1.0538745,0.28735542,0.50690144,0.16992041,-0.32185647,0.38409814,-0.08540024,0.21826835,0.045740865,0.81159264,-0.50602394,0.69183433,-0.70781684,0.31217027,-0.66170835,0.72212106,-0.06138133,-0.88058,0.8762314,0.44830725,-0.0381193,0.33390364,-0.46613207,-0.29261822,0.09122315,0.745871,-0.6349229,0.31711605,-0.6715397,-0.5196015,-0.0052299094,0.3705184,0.4129823,-0.3491483,-0.9964597,0.5086583,-0.6741615,0.22605047,0.081581295,-0.23732103,0.44255608,0.025517536,-0.47605675,1.2373925,-0.09668053,-0.28899044,-0.27055833,-0.45899168,-0.13862514,-0.5764743,0.6954445,-0.8672361,-0.4948256,0.5229776,0.29814228,-0.09301956,0.22129413,-0.093757145,0.7173181,-1.357164,0.53119636
tumor_cell_line,-0.007695411,0.13585684,0.36315915,0.28509068,-0.0023835618,0.104315124,1.2314755,0.7788054,0.39040828,-0.3374662,-1.0862125,-0.68159205,1.0668365,1.3772901,-0.7685173,0.19402513,0.1746218,-0.32338595,-0.36198184,-0.47843963,-0.48517713,-0.44965816,-0.034534495,-0.015189178,0.18862611,0.07310687,-0.07779176,0.21481073,0.40219378,-0.82083184,0.8063845,0.019930897,0.40689132,-0.5839057,0.78762996,0.18808675,-0.118158825,-0.96246433,1.4280697,0.14593248,-0.31215563,-0.5987587,1.1026876,-0.4665641,-0.19245046,0.7963909,0.35059747,0.30805066,0.75070095,0.47128966,-1.1962194,-0.83377373,0.1635242,-0.014828942,0.10163841,-0.48038808,1.0948124,0.42997625,-1.1649029,-0.06516144,0.1253349,-0.028246786,0.598982,0.18061279,-0.067042574,-0.10745861,-1.0507694,-0.483294,-0.7483065,1.1654543,0.030799579,-0.20652391,0.44191882,-0.062476013,0.40572998,-0.9078147,0.14819601,0.5515213,-0.055039622,-0.70932233,0.34694484,-0.28600222,-0.49218157,0.46597913,-0.49811584,-0.25211266,-0.0046158773,0.35901242,-0.5126098,-0.25344664,0.87123895,0.92020357,0.23184676,-0.92756486,0.018571625,-0.29190865,-0.08262465,0.17552838,-0.14903288,-0.31611717
"cell_line,_tumor",-0.09270833,-0.0454355,0.375796,0.20897017,-0.115108535,0.055929665,0.91742915,0.66062003,0.30828837,-0.4554039,-0.62987566,-0.6175822,0.87845916,0.94831866,-0.66539645,0.03613069,0.10948529,-0.3163888,-0.36377117,-0.16584457,-0.4300991,-0.43008742,0.006364837,-0.16597818,0.12818058,0.018552994,-0.20282169,0.15061015,0.34435815,-0.6565842,0.6649565,0.15207317,0.4384899,-0.2330182,0.6277998,0.11850231,-0.24084395,-0.6636739,1.0569897,0.076441124,-0.27434006,-0.52914166,0.9540485,-0.39065427,-0.027566649,0.6154175,0.19496426,0.17713249,0.58360606,0.32732219,-0.854905,-0.68732285,0.17386398,-0.1345299,0.011961322,-0.4704691,0.6471554,0.2558956,-0.6835021,-0.038403828,0.29199818,-0.052664082,0.4138286,-0.02118343,-0.056837358,-0.13037002,-0.93204224,-0.5879623,-0.44604853,0.79381454,0.031109039,-0.18016776,0.28408462,-0.04831231,0.2694053,-0.78540885,-0.056339767,0.40174407,0.017619899,-0.4405002,0.2815758,-0.23081875,-0.33174476,0.33810988,-0.33572203,-0.12046691,-0.0014943869,0.19298458,-0.47286585,-0.16742465,0.78253883,0.71427876,0.23842017,-0.6022518,-0.038987022,-0.27828166,-0.08339609,0.16965678,-0.004610275,-0.2037503
sol_gel_process,-0.234244,-0.26502445,-0.37672305,0.6038506,-0.070654884,0.8461856,0.17010729,0.5456307,-0.30864283,-0.4119727,-0.86420643,-0.55959654,0.35598287,-0.31808066,-0.37136823,0.2259339,-0.32806155,-0.90279824,-0.2602311,-0.051958304,-0.38292268,0.7089674,-0.019668518,-0.08881968,0.14272352,0.12947792,-1.2624536,0.3356329,0.15837917,0.30574894,0.39842618,-0.5130514,-0.4848353,-0.31728595,-0.7779287,-0.08548777,-0.29870427,-0.18288097,0.54400885,-0.08695814,-0.50120336,0.04734554,0.03272947,-0.20774914,-0.68857443,0.19898938,-0.030812524,-0.6976071,0.89844793,-0.0449858,-0.38036704,-0.6678434,-0.38749632,-0.41726935,1.044083,-0.17127548,-0.41377467,0.36826405,-0.15167809,0.45026916,-0.07234049,-0.36306703,0.0157637,0.7144225,1.1128033,0.2692534,0.44884214,-0.32524434,-0.08166272,0.27083093,-0.165986,-0.48814014,-0.2103183,0.06059239,-0.496746,-0.27319595,0.15088747,-0.56037784,0.08780631,-0.16279417,-0.25147843,-0.2742987,1.0344434,0.6665586,-0.5792715,0.339507,-0.12781888,-0.31406412,-0.6705883,0.5976789,-0.38889775,0.43126887,-0.43724498,-0.26287055,-0.55009997,-0.50704604,-0.15914796,0.5312997,-0.43901068,0.3925675
quantum_chemistry,-0.59682125,-0.29714638,0.2055174,0.6852535,0.021025857,-0.02310782,0.1497471,0.5056915,0.24798886,-0.6604057,-0.6363052,-0.13999693,0.31368935,-0.03845139,-0.32052693,-0.85113156,-0.033787735,-1.0253357,-0.62120664,0.4043898,-0.24347867,0.7623568,-0.3519346,0.91937405,0.07579042,-0.34134609,0.61060613,0.15016147,0.3682137,-1.1438814,0.596132,0.0879065,-1.0343841,-0.0026181375,1.0208087,0.00811738,0.755219,-1.1106132,0.41383022,-0.31797215,-0.39408615,0.035573047,-0.006110242,-0.19495869,0.35091338,-0.28555465,0.48151806,0.36680642,0.462958,-0.030513143,0.007571505,-1.1536742,0.28786013,-0.28312412,0.8306444,-0.21780516,0.18463947,-0.03464479,0.47995186,0.26401457,0.069665916,0.026016222,-0.76785964,-0.62837046,0.43863416,-0.16245328,0.53048223,-0.6066519,-0.04522875,-0.15239519,0.9529155,0.04084253,-0.56473345,-0.48335877,-0.0148719475,0.20587748,0.091708876,-0.35985473,-0.4521777,0.34225056,0.12704155,-0.9305416,0.013596601,0.056320086,-0.39825073,0.69270945,0.2741893,-0.9891845,-0.17361072,0.3212125,-0.32925797,0.8553075,0.17637663,0.005071877,-0.050686356,0.17748189,-0.47143084,1.0225881,-0.36278751,-0.16516432
isolation_and_purification,0.44982177,0.1977909,-0.31442666,-0.26030082,-1.2368028,-0.51423186,0.5164682,0.03076717,0.41714245,-0.28183898,-0.43297726,-0.3542446,-0.17901658,0.3977613,0.21608101,-0.68476963,0.31589985,-0.3736689,0.03758953,0.44374788,0.98216945,0.81953216,-0.3965288,0.26992214,-0.82446724,0.24990849,0.22520219,0.6267612,-0.90086603,-0.57385534,-0.11094677,-0.8691218,0.49758357,-0.10832191,0.1512104,-0.24374075,0.6225614,-0.6510907,-0.27783406,0.33726364,0.20072228,0.53837544,0.25100267,0.055826925,0.46085584,0.04975264,0.9128293,-0.020965636,0.121267386,0.36249444,-0.050928686,-0.5018341,0.2429989,0.1598381,-0.22837615,-0.5197403,0.8623831,-0.06592064,0.17689227,-0.474339,-0.45367658,0.4238246,0.11279518,1.1028999,-0.00058844464,0.65474397,0.5257095,0.6804798,0.63549167,0.7411339,-0.21967061,0.25306466,0.5661419,-0.40134278,0.14026801,-0.313773,0.14937697,0.21660255,-0.26768807,-0.24495701,0.14754565,-0.41928223,-0.3142452,0.038616978,0.1250636,0.084887005,-0.13851449,-0.024302999,-0.24169502,0.39939973,-1.0918169,0.13127968,0.21336348,-0.18297702,-0.34406036,0.45434976,-0.14191824,-0.05639693,-0.30343738,-0.5190532
cell_viability,0.006805288,0.37785846,-0.044312783,0.19545856,-0.09968813,-0.09351014,-0.4199941,0.8573242,0.5042179,-0.2244786,-0.6970696,-0.67939794,1.3390778,0.825531,-0.7680535,-0.21787038,-0.028218599,-0.89295983,-0.41568756,0.19372617,0.16186312,0.81186163,0.053609077,-0.14648879,-0.85128975,0.33582985,0.046212934,-0.30071634,-0.47074914,-0.7800182,0.1567983,-0.19094557,0.35739136,-0.63311946,0.5928034,0.22183909,-0.7083962,-0.59215355,0.29726982,0.53347933,-0.7929192,-0.432051,0.025126858,0.50060296,-0.29501423,-0.7651136,0.27996907,0.52974045,0.8432217,0.110440664,0.18586622,0.11157083,-0.1425288,0.42968974,-0.15251052,0.3108522,-0.08449622,-0.568811,-0.70792216,0.11277031,0.010879492,0.033226896,-0.12743787,0.0072740074,-0.13667518,0.3558595,0.25593224,-0.3409902,0.16036648,0.6900937,0.0652995,-0.084122516,0.007636175,-0.066373646,0.39933202,0.10589099,0.35543457,-0.09361793,0.39047977,-0.20721838,0.21371597,-0.14769286,-0.20263138,0.02201693,-0.47469252,0.00914604,-0.63649637,-0.18075071,-0.69566494,-0.20184082,0.15911894,0.12597111,0.28940478,-0.24394546,-1.22835,0.07755585,-0.26655516,-0.5706857,0.28026825,-0.23586284
histopathology,0.8174675,0.873009,-0.1170963,-0.070454516,-0.25908569,0.20569833,0.4165224,0.31785446,0.9538736,0.12024145,-0.6991346,0.026511056,0.4817087,0.4100824,-0.9772542,-0.57212186,0.5403347,-0.059242435,-0.12100577,-0.46955568,0.3622571,0.18649906,-0.3631582,0.7108675,-0.24766347,-0.038557693,-0.46843302,-0.5161205,-0.55891293,0.10990956,-0.412466,-0.96382165,0.39094034,-0.37504348,-0.21157855,0.22556332,0.2837143,-0.57316923,0.60830027,0.23173805,-0.0043114773,-0.39726922,0.11929415,0.6433311,-0.0055154464,-1.0252777,0.623485,0.17082416,-0.09244796,-0.0577679,-0.012372953,-0.18750177,0.2265235,-0.17538926,0.27989173,0.11637032,1.2383792,-0.17048353,-0.54586303,0.3630199,0.03985794,0.09956039,-0.60347456,-0.30409914,0.36917442,0.0069167875,-0.30209395,-0.442144,-0.6743988,1.7059754,0.11425597,-0.7513514,-0.450688,-0.23065504,-0.8516191,-0.108158275,0.73393,0.65349674,-0.040713385,0.484304,0.22557181,0.28003734,0.7496628,-0.15202661,-0.2686991,0.33206546,0.15750262,0.49684933,-0.7640606,-0.19409433,0.059558753,0.46423757,0.13630266,-0.781994,-0.12760296,0.07108136,0.19203433,0.2765548,0.66044664,0.8555823
bioreactor,-0.13522685,-0.0690495,-0.320432,0.45840818,0.0152020855,0.4849808,0.09309481,0.29554668,-0.32216042,-0.004276902,-0.23271802,-0.5432363,0.10260546,0.42744717,-0.63315666,-0.2034875,0.11825406,-0.38787696,-0.031947132,0.19239941,-0.2483589,0.5302102,0.037289385,-0.3636943,-0.2796017,0.52214354,-0.6748257,0.82271624,0.12736094,-0.2729589,-0.10616656,-0.6083808,0.32169092,-0.063542366,-0.042740665,-0.00424373,0.017336303,-0.42461446,0.015653003,-0.06429455,-0.024847435,0.54624975,0.109520316,-0.22632699,-0.37285158,0.23651882,0.018679706,0.20764706,0.1938707,-0.12395938,-0.69068176,-0.6227175,0.33281475,-0.0049246945,0.20005485,-0.6864939,-0.024622975,0.13401584,-0.017898072,-0.06256567,-0.17905195,0.14255655,-0.38165417,0.4886043,0.020164702,-0.19216345,0.5528366,-0.22980979,0.50529766,0.34244794,-0.26238424,0.27959362,0.28362963,-0.24623537,-0.42717844,-0.16650383,0.047044504,0.1414042,0.019495849,0.015415791,-0.17225668,-0.29726905,-0.20389208,-0.5468748,-0.87313473,0.24996349,0.6047746,-0.6341748,-0.75603515,-0.4467083,-0.74017906,-0.82989866,0.119961135,-0.27865177,0.26038143,0.44464153,-0.6006438,-0.20514141,-0.031924978,-0.66657376
reduction,-0.19673903,-0.41071236,0.07183156,-0.056419883,-0.07503714,0.010598757,-0.13503899,0.6317843,0.29528034,-0.10855889,-0.2711626,-0.74497736,0.79534525,0.42685038,-0.1649722,0.15706864,0.7733301,-0.8475383,0.07406261,0.6250768,0.5034337,0.30378178,-0.08058009,0.5112881,0.34006152,0.5650643,0.008529788,0.6794051,0.22657625,-1.472585,0.72060096,-0.026220819,0.15284425,0.135759,0.82933813,0.25925568,0.84883755,-0.35553995,-0.52233934,-0.072890595,-0.065734215,0.31450957,0.49006897,0.40531382,-0.4725936,-0.74917656,0.16816108,0.060334526,1.2264035,-1.2681828,-0.318527,-1.060527,-0.07170656,-0.56623477,0.33314666,-0.9500475,-0.3738152,0.10729709,-0.14851637,0.66208184,0.7615332,-0.23009436,-0.30086794,-0.10268822,0.83477485,0.69628763,-0.5686303,-0.3647736,0.17167452,0.3225207,0.31756386,-0.34110126,0.42529583,-0.6061793,1.1201369,0.19567673,-0.54442924,-0.0037871771,0.13567308,-0.11193045,-0.3436572,-0.9501489,0.66998523,-0.9346018,0.1054512,0.16005075,0.26442826,-0.13442484,-1.015692,-0.18233144,-0.44220534,-0.23440953,-0.08290649,-0.37251857,0.05435774,-0.025683772,-0.5801987,0.3953148,-0.581177,0.39149553
fatty_acid,-0.06595797,-0.029336382,-0.5385493,-0.22706826,-0.3279384,-0.062170144,-0.11506874,0.04922912,0.042263392,0.036531154,-0.3045324,-0.4667341,0.14029382,-0.21222976,-0.14955392,0.3881483,-0.55365944,-0.41802332,-0.1292649,0.48568934,0.41252467,0.16967389,-0.69659585,1.0484996,-0.090634175,0.5833871,-0.26761633,0.6377404,0.38163924,-0.058945235,-0.5853122,-0.6845609,0.16716503,-0.009532713,-0.07737622,-0.19479743,0.045583516,0.11453523,0.3005443,0.79521453,-0.087716796,1.1018324,0.7227592,-0.01779363,0.2884402,0.7059847,-0.12461259,0.8781008,1.0182533,0.016877817,0.07737954,-1.4439943,0.627226,0.030311314,0.34441403,0.16136357,0.74924546,0.08010067,0.0905003,0.3946138,-0.013916055,0.7718352,-1.2101729,-0.7942676,-0.23433414,0.31741455,-0.4733587,-0.69906884,-0.227959,0.27691698,0.028198568,0.32199517,0.3460387,-0.1859812,-0.7454669,-0.52765954,0.34661555,-0.38652956,-0.1885577,-0.86632377,-0.261385,-0.08023289,-0.5639553,-0.09572084,-0.010347661,0.15193877,-0.060610533,0.1342125,-1.2008498,-0.23728989,-0.5145161,-0.8287741,-0.32842243,-1.1774514,-0.53912026,-0.21991624,-0.5670575,-0.9251039,-0.35863918,-0.11479923
biodegradation,0.052404854,-0.9471038,-0.57851887,-0.24556218,-0.2912139,0.45408517,0.07883458,0.02078331,0.29300714,-0.93767005,-0.47920904,0.19537835,-0.4018637,0.29207206,-0.37011093,-0.016695771,0.60864663,0.12705417,0.031177038,-0.16154061,0.1619776,0.41637737,-0.46624112,0.22369805,-0.5120708,0.44953823,-0.45900697,0.94696486,0.31316304,0.2855433,-0.15038972,-0.58470047,0.323271,-0.31194168,0.094870016,-0.20174599,-0.35878018,-0.60194594,-0.2655448,0.7745008,-0.3760188,0.67184085,0.19136508,-0.71284,-0.3788261,-0.32336268,0.12356312,-0.07669562,0.77112484,-0.21014144,-0.07581996,-0.71157146,0.117927425,-0.472114,0.34101787,0.3553337,0.39528662,0.3423723,0.77243966,0.36061466,0.10479892,-0.21507695,-0.45292494,-0.17876248,0.4498515,0.151508,0.30433324,-0.42507917,0.29451236,0.6185509,-0.22169317,0.2240479,-0.26677144,-0.47600627,-0.35223636,-0.6178919,0.4223193,-0.29790357,-0.5817539,-0.43080264,0.12585677,0.03958201,0.73310643,-0.40901497,-0.97944814,0.015178094,0.2921233,0.34321174,-0.3294232,-0.38225043,-1.1805512,-0.5547536,-0.39329472,-0.9620444,0.032809597,0.046644308,-0.06674104,0.36121675,-0.4332681,-0.193759
tumor_necrosis_factor_alpha,0.5117181,0.6726609,-0.3128711,0.4506748,-1.3490441,-0.12772799,1.1119696,1.358152,0.42440546,0.6467728,-1.8920051,-0.7336559,0.5100836,1.5609982,-0.35216722,-0.53086144,-0.044770524,0.20092826,0.8087862,-1.0460234,-0.5532544,0.37492347,-0.49919182,0.7178126,-0.71942914,0.16834404,0.5679566,0.36975932,-0.32039842,-0.99696743,-1.2446567,-0.6048565,0.69832003,-0.35222673,0.66003656,0.3217479,0.049376868,-0.86449295,0.54311854,0.83012277,-0.23882708,-0.10971548,1.184127,0.31214237,0.09050785,0.47484264,0.169629,0.7346601,0.10795951,-0.30001965,-0.7086109,0.2699207,0.17182398,0.1272893,0.28378686,-0.15647905,1.13258,-0.056202594,-1.066868,0.2403889,-0.8467213,1.0220916,0.2076959,0.39711,-0.12436814,0.3139378,-0.7781878,-0.17911705,-0.55731267,1.1599782,0.13857467,-0.44549227,-0.2334543,-0.10394592,0.696468,-0.5053529,0.60058945,0.64790803,0.7545757,-0.16049024,-0.3996423,0.112238646,-0.5749669,-0.6251283,-0.2087332,0.6287552,-0.89718246,-0.065677516,0.23944864,-0.34175265,0.55256057,-0.09959294,-0.4110546,-0.33056664,-0.45257887,0.23946175,-0.28302845,0.44172326,-0.3273959,-0.044389922
biosynthesis,0.023764713,0.16892207,0.17280288,-0.213766,-0.531608,0.07340348,0.18194853,0.8277978,-0.07868577,0.0626209,0.10037375,-0.6846419,-0.24437433,0.8868019,0.23038997,-0.7619951,-0.4985626,0.20378615,-0.09710014,-0.12282488,-0.5055999,-0.09809322,-0.0043122424,0.25894216,-0.5036766,0.4492529,-0.166754,-0.23021573,-0.7167266,-0.5345842,-0.9522594,-0.7476172,0.10571616,0.052037034,-0.44636506,-0.11714692,0.20936021,-0.55678594,0.82618415,0.8535222,-0.35395172,0.5040455,0.6320994,-0.29323617,0.032611936,0.44297656,-0.08213783,0.5690106,0.76063174,0.29684052,-0.05565931,-0.05546352,0.21260373,0.111472175,0.22188103,-0.51837665,-0.07309423,0.012655982,-0.6394927,0.59031105,-0.7747721,0.6168058,-0.12729149,0.15496123,0.73197263,-0.40459043,0.22400257,-0.17683075,-0.1374997,0.138049,-0.39170167,0.15088516,0.71929806,-0.33493608,-0.32639122,-0.29271746,0.39054254,0.75353515,0.21629085,-0.57283384,0.23472066,-1.047021,-1.0515009,0.25577587,-0.18229066,0.4134858,0.068855606,0.3177158,-0.58265436,0.3367274,-0.9268995,0.40612978,0.24442208,-0.48060036,0.18879251,0.39659825,-0.0540764,-0.010640907,-0.6692459,-0.043530367
gene_expression_regulation,-0.3443145,0.2629942,-1.0406168,0.43870026,-0.20470302,0.77229285,-0.13271713,0.8140659,0.49797824,-0.051737107,-0.28355712,-0.728664,0.67611593,0.7629507,0.37908632,-0.30481917,-0.06373102,-0.4763736,0.120280735,-0.80247283,-0.4467941,0.47632647,-0.053317215,0.48644143,-0.3639022,-0.38162157,0.4964193,1.1167047,0.4083749,-1.1346211,0.35641208,-0.06913604,0.5628635,-0.15297188,1.3043091,0.23078749,-0.012260658,-0.34269026,0.77274746,0.6145071,-0.44637057,0.18031305,0.36652333,-0.23922183,0.33062348,0.47074956,0.3864045,0.4926139,-0.2769321,0.21957771,0.0035020404,0.111927606,0.6067814,-0.1406342,0.4302751,0.56328994,0.32650796,0.09623731,-0.46876281,-0.10419492,-0.39355934,0.73086965,0.24054565,0.16360931,0.15115224,0.4841717,-0.30965534,-0.76171124,-0.3991906,1.164815,0.068049364,-0.64280075,0.25305474,0.21590003,0.015210746,-0.46897244,0.2592746,0.4980548,0.4121815,-0.10682458,0.6394703,0.015302401,-0.17470454,-0.07628391,-0.8152726,0.23080148,-0.25983027,0.3372004,0.4150905,-0.25431082,-0.8027152,0.9009382,0.63267887,-0.064847335,0.19766988,-0.023252456,-0.33954403,0.5222554,0.070205174,-0.29941255
chemically_induced,0.1882209,-0.26397225,0.41230053,0.46374488,-0.16455606,0.44968706,0.9886661,0.2861034,0.20806439,0.11379645,-0.93102854,-0.27773955,0.11288862,0.61653537,0.22340813,-0.020381585,0.12474747,0.2211498,-0.43259677,0.080244154,0.2459816,0.38596472,0.18803108,-0.0057701045,0.56917757,0.08402299,-0.49567363,-0.49853417,-0.3934764,-0.4609693,-0.08353446,-0.43021423,0.7676676,-0.47779438,-0.093675755,0.28080118,0.1584916,-0.6507653,0.21670516,0.3859174,0.2735029,-0.05755003,-0.030551454,0.10160936,-0.26610425,0.16296569,0.97323525,0.537758,0.11018229,0.6389792,-0.62750804,-0.1300597,-0.0499166,0.36170125,0.3488711,0.2563178,0.4408552,0.05030509,-0.61497545,-0.02304247,-0.022641078,-0.02389009,-0.50949544,0.47149116,-0.7390592,0.4593203,0.03308838,-0.54512805,0.25801116,0.71825385,-0.07721156,-0.42236057,-0.105332084,0.057826318,-0.14706068,-0.2813412,0.72389597,-0.17923018,0.37594745,0.36450532,0.0033755724,-0.10564962,-0.28582546,-0.0671981,-0.005339626,0.099000946,-0.46536005,-0.14872357,-0.31443474,-0.039715245,0.021984093,0.06875298,-0.5416204,-0.31704623,-0.4869093,-0.07047722,-0.18075334,0.80082333,-0.29967144,0.40647337
physicochemical_property,-0.18410914,-0.11692722,0.51861054,1.1480721,-0.64312273,0.1261357,-0.018899564,-0.41123265,-0.46559432,-0.5127868,-1.2779886,0.643813,0.5874773,0.20342511,-0.8421513,0.21236278,0.29099578,-0.6935173,0.26680237,1.0003266,-0.28278872,0.00063976814,-0.16085885,0.22960126,-0.912946,-0.13186021,-0.15309766,-0.46303213,-0.17040597,-0.72060966,-0.20084769,0.20968261,-0.6460323,0.03439457,0.3890366,-0.45984042,-0.012596976,-0.4208855,-0.028841931,0.65611476,-0.3308162,0.78240126,-0.4054801,0.034392145,-0.22933589,0.78147924,-0.011427007,0.64926434,0.7044157,-0.18027034,0.3920879,-1.7909997,0.29349923,0.32036808,0.14831643,0.07749132,0.41308087,-0.036343478,0.39277932,1.0229301,-0.18211628,0.32586923,-0.82292753,-0.23254031,-0.5797526,-0.4275394,0.44306153,-0.23497333,0.084756285,-0.11817104,0.27963424,0.18725665,-0.5425524,-0.014479051,-0.04313187,-0.9615805,-0.18978845,-0.48198184,-0.35542616,0.06100893,-0.21322703,-0.059291188,-0.8634322,0.5264029,-0.16849333,0.5506636,0.16165173,-0.1283057,-0.40164357,0.7563425,-0.2733908,0.9065642,-0.2899712,-0.5485406,-0.37754604,-1.1765128,0.17172685,0.10368337,0.025637059,-0.12619998
light,-0.3291033,0.4524015,-0.5865825,0.1403442,-0.59054303,1.0146651,-0.26033223,0.68623424,0.21838143,-0.09865763,0.035338033,-0.39453986,-0.40511867,0.19769314,0.16294284,-0.9686223,-0.6913353,-0.7383781,-0.24458039,-0.019794097,0.2782585,0.30111837,0.48746824,0.13129207,-0.08260374,-0.1845383,-0.40986684,0.006478879,-0.019624354,-0.32161784,-0.3658017,-1.1804692,0.22838923,-0.041267145,0.57787913,0.71304154,-0.38151973,-0.4278388,0.59256715,0.4694088,-0.3642319,0.8444244,0.23243155,0.14911899,0.21946804,0.6421838,0.15704583,-0.23403206,0.17358094,-0.6709453,0.31832892,-1.3538955,-0.59585524,-0.12549484,0.783868,-0.4354762,-1.1101978,0.30949438,-0.2176271,0.80933964,-0.66958314,0.025717027,-0.119325206,0.34255087,1.3948331,-0.68535656,0.3828707,-0.5490724,-0.28557944,0.15523688,-0.40497535,-0.69953334,0.20712535,-0.1803648,-0.098474935,-0.38332412,-0.19264099,0.348946,-0.30829635,0.3471442,0.69107956,-0.8978771,-0.7219225,-0.1693297,-0.4965397,-0.61091435,-0.5533098,0.6408657,0.22122237,-0.0017579783,-1.6301968,1.3986319,0.6122317,0.18990283,-0.14198099,0.42173377,0.040826604,0.8393039,-0.69328326,0.45190176
mathematical_model,0.3287131,-0.3703006,-0.21996886,-0.14972648,0.7809857,-0.6889585,-0.2880875,0.79129094,-0.2578337,-0.070084155,-0.45159352,-0.21924177,0.78395694,0.3501984,-0.9705485,-0.23049909,-0.39777493,0.06915471,-0.5750981,-0.08401639,0.16311823,1.5551722,0.18394531,-0.29417327,-0.6848362,0.3296931,-0.49323004,-0.2511491,-0.44270554,-1.3881147,0.17602375,0.8683396,-0.33104908,-0.35695097,-0.2335354,0.7770918,0.34397858,-0.123394266,-0.11422488,0.8126053,0.34195933,0.028938157,-0.1800482,0.6518105,-0.027675822,-0.6602704,0.16363141,0.58895123,0.7377495,0.24709803,0.31731442,-0.2397136,0.99739546,0.6885119,-0.017451718,-0.5356431,0.41385388,0.32534042,-0.09885646,-0.3858553,0.70634085,-0.07349756,-0.34839138,0.264576,0.44745958,0.15620203,0.24560323,-0.98641676,0.26624736,0.54722685,-0.2477587,0.49369437,0.71789676,-0.13591489,-1.0590414,-0.2713747,-0.71882325,0.42825004,0.87953347,0.13555613,-0.11429635,-0.8857839,0.03209775,0.41058117,-0.40465128,0.7048413,-0.109183565,-0.11537009,-0.5954535,0.41412383,0.1955524,-0.15963668,0.6525487,-0.5336455,0.43743706,0.39831436,0.028924722,-0.07515913,0.04620215,-0.6886771
glucose_blood_level,-0.14061403,0.11706858,-0.19521011,0.17409568,-0.27979535,0.87228405,0.40855142,0.025365772,0.35278776,-0.08748217,-0.81514055,0.43126923,0.3913881,0.46214822,-0.118361875,-0.23372474,0.35857588,-0.48203716,0.14453804,-0.14330716,0.35857248,0.016304787,-0.013608572,0.23527376,0.17392588,-0.86346024,-0.46997574,0.19110528,0.32292715,-0.28848994,-0.7815103,-0.27206117,0.084988,-0.1461604,0.22644979,0.6712867,0.6455249,0.011605284,0.43771666,0.27286842,0.070335925,0.5672704,0.39325693,0.647445,0.07995754,1.0889435,0.11087783,0.4665102,0.6594643,-0.4842304,0.21795179,0.23133716,0.3614042,-0.15565757,0.19252047,-0.20636015,0.82454324,0.107175566,-0.49865717,0.48846364,0.14832292,1.4907115,-0.63054997,0.908681,0.7876142,0.7729647,0.19282302,0.09091981,0.06431332,0.7240675,-0.06591896,-0.667522,-0.21678934,-0.5482867,-0.3697877,0.42148814,0.6228428,0.15568066,0.53242713,-0.4468173,0.51065606,-0.24458687,-0.43349856,-0.43400887,0.09535874,0.5389844,-0.57039297,-0.5635115,0.54095536,0.35720453,0.43625468,0.29525504,0.39034796,-0.31355876,0.27475277,-0.2441834,-0.16224213,0.09026268,-0.34233138,0.019539237
body_weight,0.33040887,0.22004355,-0.4070933,0.84316146,-0.06301798,0.22070423,0.30766723,0.48405108,-0.31662902,-0.19751973,-0.693225,-0.04295237,-0.47283295,1.0127401,-0.09025727,-0.8318674,0.3431086,-0.5125976,0.105275564,-0.21132892,0.30351686,-0.12485234,-0.09180481,0.19672854,0.26326257,0.2791762,-0.5623389,-0.08458152,0.42200452,-0.48524395,0.0099013755,-0.84169984,-0.10491284,-0.42186308,-0.30163297,0.52327734,0.3770254,-0.5915438,0.36566767,0.29811934,-0.25658765,0.06295552,0.5831603,0.46004283,0.671732,0.7887296,0.3546797,0.5570283,-0.50096506,-0.073566996,-0.13435303,-0.51672894,0.7641706,-0.06697318,-0.6934732,0.48080593,0.8553697,0.14781539,-0.308377,0.6197402,0.62873006,0.5067839,-0.8161934,0.34713903,-0.2897972,0.425204,-0.044097405,-0.2520746,-0.28361282,0.6232172,-0.05828119,-0.71665686,-0.2847594,0.53188616,0.42289653,-0.016867567,-0.32368124,0.1974193,0.20212321,-0.49792862,0.048803423,0.33141744,-0.039437216,-0.5425006,0.10579329,0.29257762,0.04284422,-0.25870088,0.24767701,-0.17682797,-0.37798727,-0.20202123,0.049582794,0.57269526,0.18574348,1.0361856,-0.4258783,0.7015444,-0.22296065,0.05566742
cell,-0.5092911,-0.061669152,-0.53162605,0.13399287,-0.16108733,0.13399595,0.3290766,0.21665655,0.17797612,0.5880804,-0.8242121,-0.089226775,-0.1399592,0.76525944,-0.4020528,-0.4067322,0.46213368,-0.9056639,-1.0757897,-0.3333387,0.0826744,1.3205864,-0.03719792,-0.3703694,0.7397227,0.3289912,-0.51442474,-0.26474753,-0.61314833,-0.31362844,-0.5401581,0.3931688,-0.020827534,-0.88454723,0.018590739,0.83210987,0.19646981,-0.08094199,-0.5991439,0.12382027,0.048777405,0.040177625,-0.10589909,1.0447515,0.11587781,-0.35942045,0.48918334,0.5995016,0.124367766,-0.3742605,-0.2722632,0.17845759,0.07446004,0.7713361,0.08763963,0.32039246,0.03672249,-0.3245158,-0.6108859,0.44110027,-0.25901785,-0.12758115,-0.29485622,0.29652244,0.46612746,0.4718454,0.41295224,-0.7775572,-0.52550066,0.036266483,-0.21956928,-0.07717706,0.36898103,-0.30171508,-0.15475163,-0.72816366,-0.16959713,-0.16378121,0.25175902,0.69006217,-0.27017418,-0.60677636,-0.3683343,-0.37143046,-0.3894,0.20388371,-0.21261862,-0.2124858,-1.2881938,0.21388277,0.22214954,0.97229046,-0.26431772,-0.6652928,-0.65310997,-0.50479186,0.5278795,0.30440432,0.1695271,-1.229346
united_state,0.15579872,0.22566082,-0.09148745,0.4845521,0.5659863,-0.016922776,0.181224,0.7957669,-0.2933442,0.17030531,-1.3061551,-0.19915305,0.64329123,-0.21108882,-0.43519047,-1.0802596,-0.56364894,-0.052723523,-0.54139507,0.5541444,1.1693566,0.632588,-0.79484355,0.29418606,-0.49281442,-0.24769787,-0.27227888,-0.6680362,0.102942154,-0.12151928,-0.03379195,-0.15482597,-0.35072836,-0.35690477,-0.5893362,0.06440223,0.3735052,-0.7916884,0.6068455,0.27202046,0.89573914,0.32695714,-0.17829803,-0.006423107,-0.52667964,-0.07870597,-0.57235867,-0.22705525,0.3558108,-0.3422763,-0.4977703,-0.4288444,1.3843259,0.17547172,-0.05152872,-0.4828358,-0.23111087,0.80978465,-0.11408025,0.09129788,-0.11706436,-0.060087573,-0.21510695,0.2998867,-0.07405765,0.8662545,-0.21939196,-0.07377991,0.15962899,0.87806827,-0.27829766,0.6576131,0.82693064,0.4383919,-0.076373346,-0.5056644,-0.34005108,0.08677011,1.7986946,-0.9583924,-0.15778822,0.15671657,-0.12250536,1.1601171,-1.1633215,0.7098344,-0.49742606,0.85607153,0.21893641,0.19297914,0.027361859,-0.80908185,0.08490401,-0.19068064,0.13219126,-0.34948906,0.09342605,0.42927402,-0.3947587,0.56661296
molecular_structure,-0.30965838,0.29333037,0.37648416,-0.4391264,-0.049127407,-0.03698897,0.78077936,-0.36108273,0.2652099,0.09629826,-0.87662375,-0.06455126,0.35582075,0.8860056,-0.61954373,-0.47960538,-0.5366977,-0.3119757,-0.5477909,-0.17401956,-0.5769205,0.928029,-0.3059805,0.3363965,0.20827653,-0.73951745,0.2912271,0.22845109,-0.403293,-0.9013839,0.55176973,0.45428476,0.067524694,-0.1265467,0.04496239,-0.25272968,0.3831262,-1.7507117,0.2445141,-0.34619588,-0.46068567,-0.2525005,0.8015054,-0.364954,0.27116233,0.12900326,0.05499256,0.45606667,0.22521186,0.35456094,-0.8606156,-1.3652372,-0.15610453,-0.1631726,0.0076048947,-0.6558613,0.52323586,0.59327173,0.26071927,0.07659102,-0.022248449,-0.2909904,-0.08283662,-0.5647712,0.029035434,0.16554476,0.34699434,-0.118841656,-0.48112658,0.74950475,0.055047452,0.1828135,0.74857223,0.56822264,0.3428919,0.30656222,0.38793707,-0.88314223,-0.049901396,0.7146955,-0.105084635,-1.1073369,0.7078906,0.59019417,0.1054303,-0.39054933,-0.33722895,-0.27842155,-0.5810067,0.6840013,-0.13143508,0.5542662,0.48304757,-0.3367457,-0.06961516,-0.04489602,-0.061701257,0.9998014,-0.48467803,0.09298092
hydrodynamics,0.51247245,-0.9687643,0.12644428,-0.14454345,-0.42173308,-0.19667736,0.11651094,0.04546704,0.052659266,-0.41006526,-0.9655945,0.24998462,0.90652734,0.25207826,-0.4612241,-0.52939975,0.19086596,0.06842729,0.07311664,-0.1712356,-0.17252953,0.45117122,0.2868442,-0.32315242,-0.38313562,-0.14596482,-1.4651339,-0.21667427,-0.32576466,-0.9504327,-0.20032905,0.6783476,-0.04218166,-0.3877984,1.2957883,0.35000947,0.0455944,-0.6134446,0.70918286,-0.29825652,-0.052730765,-0.056519866,0.63548017,-0.11306917,-0.6120961,0.17160222,-0.4884999,0.7224001,0.9006924,-0.1052114,-0.15201347,-0.1609997,0.63205004,0.56085277,-0.3602876,-1.0981687,-0.34120238,0.08696349,0.9445109,-0.06919272,0.30397388,-0.92303556,-0.5458206,0.5620486,0.3227689,0.42514917,-0.43993005,-1.0585243,0.6516919,0.11298666,-0.85483503,0.15048438,0.11905067,-0.31877792,-0.9716125,0.008950191,-0.38940257,0.17082588,0.08681071,0.13303596,0.6376262,-0.51321316,0.36981678,0.005326509,-0.20120688,0.47205704,-0.10722092,-0.5739646,0.023659699,0.05697931,-0.19106029,0.05071739,-0.41347587,-0.18718208,0.7228392,-0.05559185,-0.27210763,0.12783872,-0.6568721,0.2518773
chemical_model,0.2531201,-0.12869489,-0.19552153,-0.011537583,0.2936782,0.3890178,-0.15578176,0.33520472,0.070840396,0.2798482,-0.51293707,0.109125435,0.06337305,0.7192768,-0.43207347,0.027762169,-0.13369067,-0.451512,-0.85581046,-1.3785495,-0.1065112,0.7770836,0.1517676,-0.12557393,0.37399697,-0.5106945,-0.6887878,-0.47320637,0.017934572,-0.34649646,0.24777316,0.36680463,0.49237517,-0.50454086,0.7002362,0.31210142,0.78484815,-1.2856104,0.65077376,-0.48092774,-0.35093188,-0.39687073,0.23031327,-0.57055664,0.16235381,0.25521663,0.42604843,0.19545266,0.3077781,-0.58554304,-0.40540102,-1.3094484,-0.10402972,0.41519463,-0.05726618,-0.37561613,-0.1810775,0.6498865,-0.22179645,0.432855,-0.29326755,-0.06405681,-0.26463044,-0.0038334532,0.14247195,-0.07816256,-0.09780143,-0.35086808,-0.076451056,0.26347998,0.08010962,0.8172051,0.36372098,-0.025476923,-0.078399464,0.11362355,-0.4247062,-0.70467347,0.7059582,0.713326,0.09192068,0.1195308,0.08601342,0.5231624,-0.54078645,0.41428402,0.25162485,-0.45946407,0.18347646,0.33131674,-0.39156774,0.63398063,-0.089263394,0.18024866,-0.6091904,0.17080636,0.32583597,0.4462584,-0.74488217,0.36799806
leaching,0.48529163,0.042350158,-0.007067928,0.05616001,-0.3710021,-0.114591956,-0.5314053,0.51156807,0.5555133,-0.1714672,-0.82057947,0.26345423,0.047403943,-0.07067304,-0.49520448,-0.050548494,0.19727516,-0.192067,0.12903398,-0.5847568,0.3267367,0.3427877,-0.2904497,0.8343967,-0.17511246,-0.33687982,-0.15334834,0.7283646,0.33071497,-0.21597664,-0.5808376,-1.1292428,-0.20595112,-0.107291855,-0.31421393,0.05427042,0.8353197,-0.27516395,0.7419347,-0.9892985,0.02847433,0.48116693,0.4368314,-0.35082605,-0.39482284,0.08846333,-0.109121345,0.4817101,1.5211471,-0.7413644,0.4394702,-1.1300718,0.49910772,0.4958332,0.44061932,-0.40007386,-0.18591765,-0.41885272,0.059761453,0.15720582,-0.15922554,-0.14346085,-0.7658989,0.56063277,0.009861198,-0.120052196,-0.7880793,-0.7817133,0.46417186,-1.0170516,-0.93439573,0.5898683,-0.5439336,-0.8669394,-0.27785385,-0.7390423,-0.068753816,-0.24226446,0.116529286,0.21711898,0.41898495,0.0324413,-0.23845413,-0.30838707,0.22018537,0.62959087,-0.43361285,-0.53361326,-0.40527317,-0.00073667534,-0.21023458,-0.7424525,0.39517793,-0.38115972,0.59367764,-0.19565538,-0.04804821,0.3903474,-1.0911739,-0.51840574
"growth,_development_and_aging",0.15464158,0.8898065,0.07372024,-0.32305896,-0.05048453,-0.043533277,0.09544281,0.35520798,0.30518556,0.21241623,-0.19595522,0.81891644,0.26233333,0.29386365,-0.5297656,-0.614247,-0.21321554,-0.8662635,-0.19721499,0.1582672,0.82905453,0.38506085,-0.22494207,0.18271591,0.40074557,-0.09779832,-0.5357322,-0.20870283,-0.7461485,-0.92290646,0.07575883,0.1527368,0.080666475,0.30271545,0.084700815,1.0771514,0.18452413,-0.4904183,0.31442198,0.838688,0.68122596,0.42071614,0.65249646,0.39417136,-0.18155977,-0.27156317,0.19487214,0.59949607,-0.23373817,-0.14224197,-0.5637167,-0.64296836,0.03741644,0.017162379,0.7114871,-0.3621609,-0.68649644,0.7214498,-0.14034472,-0.34343687,-1.03093,0.89282984,-0.03603149,0.5121057,0.7429077,-0.2587337,0.29945633,0.11020001,-0.08711586,0.26245221,0.27158585,0.26347262,0.65461224,-0.9307742,-0.6818893,-0.72419274,0.8290095,0.13806717,0.13628422,0.6131375,-0.5460444,-0.8601072,-0.91155213,0.31992584,-0.094428025,-0.2692166,-0.039637167,-0.49967813,-0.25438464,-0.04191246,-0.87814116,-0.7944187,-0.77459663,-0.91039705,0.11946879,0.2327863,-0.103654586,0.37392342,0.30740285,-1.0140537
reactive_oxygen_metabolite,-0.6289346,0.11327061,-0.5271811,0.2990475,0.060447864,-0.18988556,0.4112186,1.1385548,0.16950655,0.17058003,-0.46392536,-0.3751841,0.37622958,0.64405876,-0.5577667,0.42928106,-0.047120903,-0.098984726,0.23106426,-0.0036545263,0.04743235,0.21059549,0.43512505,0.13701263,0.19436355,0.80292547,0.20369004,0.09590574,-0.03482425,-1.1651282,-0.8613001,-0.7976055,0.4442211,-0.030182624,-0.348225,0.3856808,0.6640637,-0.9353408,1.1649745,-0.05455703,-0.29806077,-0.2465906,-0.47429064,-0.12197742,0.09912028,0.22035177,0.048563942,1.1025475,0.82214797,0.58775455,-0.60993767,-0.5246086,0.5285011,0.61615556,0.5898087,0.399842,0.9356262,0.21999769,-0.46533656,0.07555829,-0.51278394,1.0129452,-0.16231704,0.8559785,-0.2731236,-0.20381746,-0.39341027,-0.6062951,-0.051130835,0.7659259,0.19448347,0.1666271,0.1408036,0.2871498,-0.048599865,-0.42948073,0.36820585,0.22031951,0.26714244,-0.14967313,0.5177731,-0.18227674,-1.1848979,0.30591688,0.0037806672,0.023814952,0.12704842,0.122627966,-0.68434805,0.4333953,0.38054356,0.0017894198,0.057282023,-0.8462602,-0.61979324,0.5267593,-0.15679178,0.649666,-0.5498665,-0.30975878
brain,0.027657924,-0.55715317,-0.32902047,0.035976075,0.5425443,-0.0121458145,0.6851669,0.99237245,0.19623047,-0.07622912,-0.48450083,-0.5075544,0.20099665,0.27291656,-0.49216,-0.05630475,-0.008704809,-0.5265333,-0.13423458,-0.4967694,0.36637372,-0.27518445,-0.20210874,0.54529285,-0.062802516,0.39421493,-0.31383434,0.61721903,-0.047735166,-0.7462908,0.008194958,-0.2188121,0.33771154,-0.10596703,0.23402618,0.060663678,0.5305484,-0.44774517,0.25004524,0.42459884,-0.21551752,0.45511842,-0.54859394,0.08300451,-0.3509601,0.13724165,0.39905742,0.53957117,-0.04193821,0.05720451,0.13626201,-0.61835426,0.41594627,0.9794615,0.48594248,0.53083307,0.6420174,0.029520646,0.20745553,0.5186817,-0.2024922,0.7429592,0.2318971,0.08224463,-0.19225745,0.18104619,-0.120640956,-0.14120449,-0.076700635,0.118091464,-0.32854003,0.52344596,-0.28482607,0.6979956,-0.19356957,0.594753,-0.31101167,0.5507975,0.3694193,-0.023425167,0.33003637,0.39859244,-0.92886764,0.13177164,0.13651837,-0.15972376,-0.055686645,-0.4575371,0.48911077,0.34284326,-0.3962812,0.27927077,-0.13222691,-0.8852854,-0.37704134,0.20373745,0.5237397,0.75276536,0.009306988,0.09159183
transmission_electron_microscopy,0.09940568,-1.0005723,-0.076719254,0.013249026,0.015339084,0.967234,-0.11059183,-0.17688173,0.048258863,0.060961448,-0.87488174,-0.0070136273,0.26354527,0.12514113,-0.59480596,0.31914133,0.0709878,-0.4969235,0.6102486,-0.40971747,-0.23140484,0.4030391,-0.49616158,0.09727811,-0.09751226,0.6551831,-1.1076016,0.7246429,0.702546,-0.67337763,0.5374193,-0.08740187,-0.39039007,-0.51470685,-0.08556307,0.14044628,0.010866551,-0.66713625,-0.1434045,0.49333858,-0.046681046,1.2552236,0.14603417,0.6686054,-0.18861493,0.28545597,0.25536433,-0.086866975,1.2275447,-0.3218331,-0.8158269,-1.7596774,-0.19250272,-0.34387618,0.61433405,-0.6902491,-0.6794688,0.1666846,-0.052894313,0.50460285,0.12260033,-0.24731815,-0.31749427,0.54394186,0.8751673,-0.03260675,0.4888387,-0.36108202,0.33393294,0.2548197,-0.535611,-1.3031527,-0.3109147,-0.5402078,-0.011618717,-0.029786913,0.4222283,0.07364983,0.16742587,-0.04910614,-0.2993806,-0.6644123,0.40217564,-0.0042707003,-0.24043606,0.031225447,-0.25754058,-0.71899605,-0.50465626,0.596077,-0.5897174,0.7230854,-0.62632865,0.022378502,-0.35932082,0.12645307,-0.37842214,0.5027514,-0.64160526,0.76066816
phenotype,-0.382562,1.140406,-0.4070451,-0.21539184,0.53209436,0.24821872,1.0548117,0.61128664,0.5137559,0.20055534,-0.31509185,-0.9200558,0.5415597,0.6885714,-0.011334505,-0.774605,-0.56192577,-0.17510884,0.5079113,-0.006959464,0.50658095,0.38817614,0.4519886,-0.64061576,0.4877921,-0.8827855,0.21513967,0.033940796,-0.0056970124,-0.6096502,-0.29325482,-0.6722068,0.22562906,0.23649381,0.42797813,0.38007128,0.7406468,-1.4359056,-0.74889654,0.81237084,-0.072287574,1.2566015,0.2137603,0.00531804,-0.41505876,-0.18532544,0.18740685,0.26697752,0.47635326,0.010832364,-0.15429436,0.047655676,0.43998432,-0.13533987,0.029084764,-0.45383132,0.19763818,-0.43428048,-0.8075837,0.16983533,-0.8753584,-0.60418767,0.17127329,1.058335,0.96490705,0.3343657,0.8849202,0.029902948,0.42033345,0.4445022,-0.44265044,0.38633573,0.09723735,-0.8833007,-0.25589147,-0.1928893,0.0036976929,0.7666895,0.5248529,0.115718946,0.69103223,0.4819411,-0.4556528,0.73152953,-0.6593967,-0.6485158,-0.33310688,1.0980268,0.111295685,0.5102087,0.067792,1.251715,0.22987214,-0.1440129,0.77751535,0.12663753,-0.03841765,0.28269008,-0.87964004,-0.15126534
escherichia_coli,0.13593103,1.0805861,-0.041706894,-0.055950522,0.24187475,-0.0990852,0.42401457,0.30827218,0.12139996,-0.8008189,-0.6286548,0.2591745,0.5285374,1.1970725,-0.14488277,0.18173064,0.7592785,-0.3821809,0.43485957,0.31392738,0.24804033,0.7898355,-0.07640346,-0.36997998,0.013471771,-0.038874924,-0.5779391,0.44181463,-0.6541939,-1.0299407,-0.26020166,0.57774895,0.7932606,0.19839635,0.28704336,0.19302323,0.06393442,-0.5950089,-1.1612651,-0.34370854,-0.4562367,-0.6697985,0.4980134,-0.36856925,-0.25074062,-0.11137061,0.52587295,0.61499107,-0.12994497,0.04177591,0.013642228,-0.74195755,-0.06530615,0.74351275,-0.28576213,-0.05911758,0.32967293,-0.08585605,0.046723153,-0.285324,-0.2409104,0.12479079,-0.113596335,0.28460896,0.6039034,0.38148654,0.9714634,-1.3027403,-0.0017235184,0.569069,-0.58489954,0.2592275,0.30968413,-0.5376109,-0.40506825,-0.067924134,-0.24927539,0.28253672,-0.27624652,-0.7365279,-0.46958342,-0.6918363,-0.15234062,0.50057006,-0.18059221,0.001916466,-1.0483251,0.55715114,-0.56678826,0.31856713,-0.22580925,0.45633745,-0.3214577,-0.1878511,-0.10768821,-0.16997413,-0.6691033,0.33503717,-0.41597417,-0.59089947
fourier_transform_infrared_spectroscopy,0.25936595,-0.34347045,0.5635895,-0.275837,-0.13885522,-0.29129076,0.47094822,-0.29243314,0.20185314,-0.5412728,-1.3299612,0.7177152,0.7994971,0.26659006,-1.0555907,-0.13527566,0.4823791,-0.5837436,0.25201103,-0.54918367,0.8376659,0.076857194,-0.74876183,0.26323998,0.23505306,0.7527049,-0.76400197,0.19722025,1.0650947,-0.588259,0.46668944,-0.2364466,-0.5251688,0.07451938,-0.55085844,-0.18160503,-0.29694745,-1.0811533,-0.42492732,0.44783935,-0.11879719,0.28923914,0.36364964,-0.032308698,-0.066945806,-0.15237719,0.18056516,-0.032976363,0.60676056,0.35716942,-0.25022763,-1.3266195,-0.013298605,0.44396707,0.31292093,-0.82568944,-0.008738536,0.0143452445,0.6755672,0.03709493,0.25664356,0.009501677,-0.6302251,-0.30509368,0.47219458,0.10661931,0.40189338,0.18220875,0.07548131,-0.080285095,-0.12006988,-0.5984336,-0.7148078,0.10500918,0.0820339,-0.40522206,0.19348237,0.35513893,0.36073208,-0.028569266,-0.40184942,-0.21126047,0.19601263,0.8349241,0.10238357,0.6253042,-0.28703916,-0.918624,-0.5556057,0.72604674,-0.35166448,0.28139877,-0.51631254,-0.615754,0.18403837,-0.1993963,-0.035714995,0.5695297,0.15749674,0.6721091
analog_and_derivative,-0.09333859,0.14083226,-0.19109401,-0.20076422,-0.02601582,0.37288037,0.8388098,-0.049495563,0.60103554,-0.42920494,-0.8855846,-0.55097353,0.13995817,0.61158824,-0.2577087,0.83093494,-0.25095895,-0.106972836,-0.3232265,0.25153422,-0.39404005,0.39974162,0.47523126,0.5363712,1.0406123,-0.4709625,-0.167052,-0.19149417,0.066845365,-0.43764222,0.2524476,-0.30082852,0.63423574,-0.2925445,0.107381396,-0.2841097,0.43530923,-1.0212904,0.71516055,0.21506776,-0.39755437,0.17691992,0.052884728,0.30246285,0.28793463,0.48151755,-0.19375148,0.9661644,0.1616765,0.30131927,-0.8838991,0.28880218,-0.09872712,0.26980084,0.089200534,-0.46525475,-0.16379388,-0.20448062,-0.0014217636,-0.20440497,-0.47088367,0.1574658,-0.16787148,0.42237893,-0.13997594,-0.11793589,-0.44637558,-0.62572294,-0.022225741,0.58636695,0.061831284,0.5319747,-0.106085554,0.39815196,-0.3746452,0.16498674,0.29799664,-0.12928793,0.1215774,0.40076315,0.11375218,0.33907145,0.2686275,0.061671473,0.41735157,-0.012827047,-0.3024804,-0.19827336,-0.2168468,0.61001515,-0.09429305,0.64120346,-0.1468023,-0.94802815,0.19158834,-0.77796304,0.35471806,-0.1851687,-0.6163036,0.1146017
molecule,-0.18128967,0.39566532,0.36595377,0.39721507,-0.3192154,0.70355076,0.7087734,0.051488753,-0.016967082,-0.6200451,-0.57043046,-0.042483695,1.0092891,0.79282135,-0.10346263,-0.395811,0.19115525,-0.47777218,-0.7005907,0.79585326,-0.4533658,0.63199025,0.1199374,-0.1360934,0.45715123,-0.087628014,-0.041036624,-0.16873752,-0.21054557,-1.1621485,0.56972426,0.30196625,-0.5136423,0.604977,1.1997163,0.1253351,1.1396146,0.15319219,-0.6506679,-0.2680605,-0.23481612,0.34789965,0.14362033,0.6277486,-0.56032914,-0.06482068,-0.09584715,0.24329972,-0.40238988,-0.2606155,-0.6476854,-0.5750976,0.46674746,0.66784817,0.21370983,-0.53347284,-0.026856879,0.06431912,-0.3396664,0.742551,0.2662897,-0.2961718,-1.0678546,-0.12149399,0.597361,0.08681112,0.45589712,-0.404442,0.24105361,0.118247434,0.7185762,0.075282104,0.09237324,-0.6647249,-0.1732506,0.29226083,-0.78213865,-0.19842704,-0.052560616,0.81885034,-0.2529701,-0.50447744,-0.18959883,-0.17192976,-0.122005686,0.7997192,-0.49126378,-0.07705764,-0.59172165,0.59757996,-0.059117954,0.7703982,-0.32257834,-0.18706936,0.41003063,-0.6907611,0.13386516,0.9963467,-0.62036335,-0.507262
immunohistochemistry,-0.07027991,0.72374153,-0.42173076,0.29682,-0.13038819,0.19338746,0.08583144,0.74550486,0.71236116,0.18317749,-0.40329328,-0.36725244,-0.010973209,0.85455406,-0.5005066,-0.89123774,-0.27036837,-0.39828598,0.12421447,-0.143532,0.44260865,-0.36377898,0.35255587,0.29828113,-0.20028435,-0.40222368,0.10190508,-0.2019777,-0.19253284,-0.29240987,-1.2223809,-0.9661356,0.4215468,-0.09068631,-0.10867785,0.3285774,0.14553246,-0.8749977,0.3321537,0.6703735,-0.27373943,0.2724449,-0.2104434,-0.24200998,-0.09637157,-0.23816313,-0.18033002,0.12877622,0.32323587,-0.5384791,0.20019647,-0.40370423,0.5163976,-0.17783949,0.31722432,0.04660903,0.47446087,-0.16654818,-0.59231544,-0.15651853,0.012640858,0.08365002,-0.19093306,-0.13688967,0.6635237,0.003966829,-0.17391334,-0.57052326,-0.5161456,1.2427855,-0.0034519983,-0.56041986,0.13802142,0.051889688,-0.3370758,-1.0057929,0.015140161,0.6748795,0.13721566,-0.041609164,1.2226865,0.1165001,-0.5652727,0.06765967,-0.7329378,0.07014137,0.35821816,1.1520487,-0.3994009,-0.17891023,-0.34039128,1.2596978,0.72024727,-1.0967902,0.6149921,-0.46987492,-0.10197121,0.6097881,0.35476908,0.52748555
motor_activity,0.2046328,0.24018121,0.10222295,0.82757056,-0.42145842,0.24238317,1.0388368,0.20369747,0.373516,0.117743686,-0.9760054,-0.15822494,0.51588696,0.2521003,-0.440018,-1.5811682,-0.5472498,-0.49617067,0.53448576,1.1886667,0.09466376,0.72035974,-0.23224479,0.41755497,-0.0790175,-0.036839265,-0.6199987,-0.19534893,-0.37429345,0.18637201,0.50014967,-0.37114677,0.24901131,0.10772234,0.91407466,0.20910294,0.22151104,-0.62338036,0.99319655,0.20565094,-0.07537418,0.55881566,0.29591548,0.6887327,0.41321534,-0.20852867,0.0883842,0.3326297,0.62282926,0.6645229,-0.23758245,0.3389623,-0.03417977,0.048458144,0.6139492,-0.07451245,1.484774,-0.4660726,-0.80061454,0.16550249,-1.0420403,-0.26404676,0.032522794,0.9406221,0.32380807,0.59490895,0.3679711,0.027353743,-0.04322393,-0.015168706,-0.28300354,0.46322665,-0.59692353,-0.49220163,-0.30419996,0.24385907,0.06635287,1.1473073,0.59266484,0.14567895,-0.22165428,0.34590662,0.01802736,-0.10346843,0.1698385,-0.357645,0.51969755,-0.19727063,0.2811404,-0.35992795,-0.7201845,0.1178603,-0.21168536,-0.57265186,-0.070101365,-0.10996771,0.55939096,0.16608207,0.042333163,1.3410794
energy_transfer,-1.0226983,-0.77294743,-0.56213266,0.23497252,0.11894787,0.06382819,0.03732191,0.8099318,0.090821594,0.0007467013,-0.62955827,-0.8029952,0.26095462,-0.007666723,-0.79870594,-0.6961407,-0.47471687,-0.8874029,-1.0377814,0.3046541,0.20129825,0.4922875,0.25840393,0.5146593,-0.4371144,0.05013879,-0.4081677,0.26059067,-0.14682929,-0.17039451,0.046544585,-0.34547576,0.4578531,0.41988257,-0.30511367,0.6963129,0.71523994,-0.298983,0.4057064,-0.2597908,0.12796754,1.2330948,0.3935086,0.14585657,0.36521703,0.084461674,-0.09894947,-0.37134522,0.53307027,-0.6160893,0.03325189,-1.1980547,0.07653941,0.2525769,0.3079871,0.24607857,-1.1734308,-0.27056575,-0.5515691,0.4991178,0.7464288,0.4060708,-0.30705756,-0.022706999,0.82075447,-0.22138059,0.72434276,-1.2916288,-0.41771495,0.022905359,-0.05714762,-0.054980867,-0.5701326,-0.28845802,0.14001957,-0.71234137,-0.31719717,0.1382092,0.0032920258,0.82928914,0.12534435,0.1637746,-0.10650652,-0.048251137,-0.35062805,-0.58244026,-0.3678096,0.42150345,-0.28690052,0.2076147,-0.342797,0.31375918,-0.5896085,-0.13994905,-0.114959314,-0.013266293,0.4878933,0.68532413,-0.06147121,0.46893308
solution,0.22431575,-1.3741803,0.48375145,-0.3637273,-0.5393408,0.4449049,0.3325267,0.41914088,0.026615005,0.10570751,-0.3874936,-0.06695891,0.3977726,1.0575546,0.014225597,-0.22367722,0.15757005,-0.7164312,0.2115051,-0.8907846,-0.145419,0.93565375,-0.03598532,-0.2620052,0.3816411,0.047687557,-1.259625,0.21240239,0.037018538,-0.779891,-0.23856677,0.47286376,-0.10235485,-0.6210318,-0.17252424,-0.2980289,0.34594122,-1.6641346,0.055529375,-1.077747,-0.76329327,-0.1164973,-0.12894925,-1.406804,0.7616603,0.6360264,0.080161445,0.3807729,1.0220441,-0.14379723,-0.2990567,-0.15658851,0.739228,0.5565159,0.6726021,0.058885798,-0.22745821,0.90882033,0.33631903,-0.62221533,0.22432832,0.10454519,-0.9902503,0.43234682,0.42802107,0.26070228,-0.05092234,-0.8662036,-0.1824647,0.5220993,-0.36163768,0.027171448,0.25516853,-0.109381504,-0.031981636,0.1805552,-0.30342865,0.028105503,0.20096466,0.6902048,0.46336758,-0.4118087,0.6895405,0.3271237,0.5516111,0.41267958,-0.22431906,-0.5481765,0.7454202,0.113907896,-0.8077146,0.6090502,-0.48925704,-1.159807,-0.4814893,-0.27482358,0.6314043,-0.10632169,-1.0817643,0.51480794
effluent,0.010764783,-0.32805043,-0.04052987,0.24643242,-0.3812427,-0.17888482,-0.5759955,-0.15315498,0.27968183,-0.5767897,0.09762918,-0.0263528,-0.25100523,0.7122068,-0.49814567,0.5672833,0.7326976,-0.2944911,-0.76988125,0.18070085,-0.043091293,0.20526312,0.21132813,0.55852884,-0.88864833,0.7852987,-0.17553188,0.59493613,-0.38389698,0.08099243,-0.4259444,-0.74169886,0.0048184064,-0.007431768,0.06855774,0.46491313,0.50263727,-0.22455736,0.22249119,-0.22962923,0.41317442,0.03705202,0.40561214,-0.32781082,0.20618923,0.5896664,-0.3036686,0.5679592,0.98338664,-0.22541706,-0.4318344,-0.6897072,0.6542812,0.072173044,0.2518499,-0.42418462,0.34221354,0.386815,-0.3028103,-0.2149212,0.18446004,-0.17110036,-0.61705196,1.1002028,0.34726095,0.38379422,-0.4548166,0.01330575,1.0424538,0.57164365,0.054444734,0.49610057,-0.7343926,-0.6803388,-0.4741427,-0.544292,-0.3703924,-0.51252437,-0.102470845,-0.32457504,-0.3375218,0.06888555,0.19078662,-0.20589998,-0.43498644,0.39977455,0.31239805,-0.63413626,-0.5274426,-0.47235265,-0.42089975,-0.33901793,-0.15891358,-0.63165194,-0.68344396,0.48110837,-0.019162122,0.3327806,0.2426609,-0.64537865
nanoparticles,0.11454345,-0.1545674,0.16162437,0.2760802,-1.0823404,0.78866386,-0.6130552,0.5648265,-0.21385577,-0.394865,-0.46344823,-0.596745,0.720999,-0.2388179,-0.6957361,0.46125257,0.34302053,-1.1581202,-0.756108,-0.15225118,0.123773426,0.44931725,0.13151425,0.4257821,0.07440362,0.16242512,-1.13913,0.124590464,-0.01530735,-0.3036265,0.50162464,-0.14326379,-0.48088282,-0.026668442,-0.27078497,0.62604195,-0.24171665,-0.29647478,0.6089951,0.00453025,-0.33412948,-0.85480696,0.0035832748,0.27826834,-0.8432204,-0.24206586,0.16444921,0.1389566,1.2820007,-0.28866974,-0.5427222,-0.68147063,-0.53928983,0.11757393,1.1216185,-0.6968692,-0.531191,0.9643981,0.045238867,0.16585739,0.27144885,-0.124497384,-0.5631359,0.5298434,0.9882032,0.22051577,-0.6976992,-0.22636686,-0.5508543,-0.18348038,0.21905084,-0.50486755,-0.24085447,-0.09628531,0.0048732967,-0.41409656,-0.4933914,-0.21391937,0.22210835,0.23560634,0.42182237,-0.41318735,0.57971376,0.5140415,-0.23753574,0.08168396,0.4198114,-0.86310357,-1.0151228,0.064213395,-0.91716874,0.31475973,0.18970451,-0.28562722,-0.4297275,-0.99687046,0.013918592,0.16817808,-0.6416728,0.4120845
zea_may,0.72157085,0.008613471,-0.25462645,0.17905478,-0.11343982,0.21047132,0.14496058,0.6402087,-0.6331195,-0.54924804,-1.6843151,0.26942366,0.14309074,0.6454715,-0.37909126,-0.07325312,-0.40759084,-0.5608818,0.021333238,-0.45991975,1.062087,0.0012113778,-0.60285324,0.70991415,-0.13240477,0.15516031,-0.4242312,-0.061739925,0.3601688,-0.50887966,0.50236857,-0.6971709,0.09592813,0.5497408,-0.51860315,-0.22075117,-0.2616732,-0.28950652,0.21382315,-0.13059217,0.42104262,-0.43690872,0.026649434,-0.14773925,-0.020046474,0.9855551,-0.142613,0.13584548,-0.15139605,-0.26847768,-0.15680973,-0.94782835,-0.17774916,0.44442502,0.338246,-0.05783515,-0.049334172,0.80858415,-0.14432706,0.329836,0.2106254,0.57094586,0.019786626,0.4757763,-0.10008742,0.20555492,0.72460955,-0.742875,-0.36876878,0.43019438,-0.3990532,-0.6860955,0.1565118,0.2475218,0.7127722,-0.6078916,-0.40246904,0.5094436,0.05604694,-0.74660116,-0.21432883,-0.3605762,0.37276962,0.5886571,-0.6476723,0.06122692,0.08045636,0.21264006,0.19636673,-0.5034031,-0.18133853,-0.6744946,-1.2000103,-0.24258655,-0.14560752,-0.6273841,-0.28551567,0.30816227,-0.17170006,0.4542595
sulfur_compound,0.48214585,-0.38993186,-0.75802255,0.17947818,0.4223889,1.3064325,0.037944578,0.4668066,0.26235402,-0.089949325,-0.23695594,-0.41834447,0.20319055,1.3608018,-1.2542487,0.4421551,0.9448586,-0.12650017,0.1749647,0.4566559,0.9206464,0.35770074,-0.25774717,0.5631707,-0.35822216,-0.73065734,-0.7242135,0.56018347,0.29512155,-1.1609554,-0.123517,0.24157202,0.38519967,-0.38349614,0.26460418,-0.07748852,0.26396102,0.28244713,-0.55090564,0.481549,0.1176593,0.42326242,-0.09045865,1.0304582,-0.5547343,0.42934573,0.44453904,0.68439317,0.053021133,-1.5815471,-0.72191936,-1.8886015,0.21044837,-0.1414303,0.25734058,-0.9729529,-0.7681815,0.38973367,0.3655076,0.37575623,-0.33731166,0.47614923,-0.9631242,0.57275796,0.23116927,-0.3497785,-0.07103769,-0.32311177,0.56522286,0.1515305,0.09950283,-0.024479339,0.86957747,-0.33965614,0.21802443,0.2622766,-0.29923588,-0.5734219,0.19205609,0.29446518,-0.30265278,-0.56773216,-0.079238586,-0.21724169,-0.40325612,-0.7019849,0.0121522825,0.1960721,-0.087152615,0.2396058,-0.8633619,-0.89149094,0.11797405,-0.05031014,0.06638343,-0.31288457,-0.5007395,0.30284187,-0.26746815,0.3245409
sex_difference,0.447095,-0.067389615,-0.62825453,-0.19163185,-0.1808724,0.23474741,0.36272603,1.1800498,0.5506142,-0.4012549,-1.0980301,-0.5989201,0.9579487,-0.14381136,-0.5356588,-0.34116745,-0.9386304,-0.21219268,-0.1438341,0.5569044,0.42363852,0.30587655,-0.55033845,0.0033340584,-0.4833675,-0.13309252,-0.28871724,0.67759883,0.17908968,-0.2893611,-0.6153975,0.1243413,-0.014926415,0.0059843296,-0.11304114,0.2209572,1.1479123,-0.4933119,-0.16848952,0.5648283,-0.37480128,-0.18849367,0.30168566,-0.46279696,-0.42058653,0.2895926,-0.19796264,-0.18710102,-0.45305175,-0.78059715,-0.3723037,-0.04766295,0.5801055,-0.6261573,0.053010892,-0.13299856,0.32367826,0.65745044,-0.28966168,-0.25198233,0.19999559,0.049966346,0.46106967,0.37604526,1.007021,0.11018851,0.3086427,-0.30377528,-0.13650908,1.0415721,-0.024121726,0.15580224,0.32518506,-0.17339636,-0.29251376,-0.04763724,0.1251383,0.33780596,0.8600525,-0.43659198,0.47681925,0.5961692,-0.43103045,0.24550429,-0.9284572,0.45835948,-0.26723018,0.6760695,-0.0037388746,0.1202968,0.34198982,-0.016953116,-0.21881925,-0.5115323,0.4488083,-0.14338975,-0.25747558,0.70981616,-0.00923635,0.26516512
glucose,-0.48420742,-0.045795497,-0.42988157,0.16449967,-0.19244766,0.3940295,0.45384458,0.40596732,0.63575745,-0.48740304,-0.65581816,0.16340375,1.00779,0.466443,-0.3124876,-0.10670201,0.22901803,-0.54203236,0.03142905,0.38287002,-0.5243401,-0.29636255,-0.15178211,0.20320055,-0.2635431,-0.59709215,-0.5093715,1.0657479,0.52318335,-0.26421323,-0.47802094,-0.12975149,0.31993303,-0.3503912,0.72924393,0.49092954,0.4653436,0.27496162,0.4507548,0.2097418,-0.33285686,0.712991,1.0044717,0.36323974,0.13352114,0.91228956,0.22638951,0.6881554,0.43370104,-0.13177566,-0.47448087,-0.38654438,0.18758747,-0.4953987,-0.078850344,-0.01944472,0.85527694,0.17034402,-1.0811564,0.7040739,-0.32915923,1.3457426,-0.6159743,0.2700825,0.207695,0.59248376,0.14982188,0.119330645,-0.34292528,0.63556844,0.19869834,-0.38195205,-0.1284696,-0.6113972,-0.30118227,-0.009906669,0.5655342,0.281124,0.2711383,-0.6660989,0.3167648,0.12271057,-0.6364209,-0.2706117,-0.058257733,0.12586355,-0.5358201,-0.12974991,-0.07432776,0.009548344,0.2914416,0.33773273,-0.1638676,-0.3174064,-0.07427227,-0.24610531,-0.24641754,-0.76535183,-0.40652177,-0.18786106
morphology,-0.24045193,-1.2585199,-0.12217249,-0.32935846,-0.077792525,-0.7253631,0.25500333,0.1425626,-0.362805,0.15442298,-0.95351475,-0.89836824,-0.06601305,0.8029818,-0.7104615,0.38495663,-0.1571041,-0.44464344,-0.4265531,-0.4218075,-0.060334053,0.5921395,-0.34939015,0.91408926,0.46673134,0.36404407,-0.59124535,-0.7226101,-0.045353554,0.053413015,0.21440957,-0.6445652,-0.19965127,0.6250101,-0.9228443,0.031438954,0.46827176,-1.3192669,0.27841926,-0.16295345,0.040084757,1.1173269,-0.48162672,0.012981896,-0.16845505,0.6677386,-0.016427422,0.41965377,0.17863342,0.07598195,-0.20993671,-0.50290716,0.27684277,0.8985933,0.8948011,0.33883056,-0.6868943,-0.17092198,-0.31790876,0.67133987,0.32556522,0.74334663,-0.23915271,0.42413017,-0.21906246,0.40605876,0.47533458,-0.94682604,-0.41888943,-0.03395557,-0.044315875,-0.5435175,-0.2059745,0.35989666,0.48773497,-0.57242316,-0.52238035,0.30761704,-0.0989151,-0.01672439,0.7311284,-0.7015475,-0.8846503,0.5040098,0.226822,-0.16206041,0.08259095,-0.22049281,-0.024050003,0.037834637,-0.7895526,0.6780052,-0.83646935,-1.1022438,-0.64335537,-1.031877,0.63645166,0.5291539,0.21643792,0.103140675
in_vivo_study,0.25787106,-0.09662228,0.19246288,-0.14346367,-0.00145988,-0.1874362,1.1265379,0.062184293,0.31335446,-0.16195332,-0.86158264,-0.64429814,0.32736158,0.9695722,-0.04103171,0.5312394,0.09598091,0.45698217,0.27582815,-0.35266247,0.44366908,-0.043595687,-0.12428462,0.4201542,0.319173,-0.016492646,-0.9525352,-0.6716795,0.32802278,-0.23927344,0.21595658,-0.6344807,0.9499056,-0.056158233,0.57173574,0.17262527,-0.26946113,-0.47307676,0.33506936,0.08845887,-0.309604,0.36787486,0.39013496,0.84658676,-0.28395015,-0.26831195,0.34280175,0.4709589,-0.013212412,0.10500982,-1.5676821,-0.4936664,-0.68048185,0.55895764,0.543164,-0.040603895,0.04621175,-0.0008457215,-0.8248344,0.11806079,-0.62087595,-0.13947488,-1.0044454,0.52133095,0.19136058,0.47248125,-0.80520093,-0.17374863,-0.8887432,0.4415282,-0.27584288,0.05100812,-0.44005674,0.4695018,0.45887315,-0.42231074,0.66371006,-0.016287927,0.46490094,0.2449673,0.122718066,0.6692769,-0.28126463,0.111223005,-0.12304144,0.29661697,-0.33131975,-0.10370645,-0.29122737,0.76917624,-0.5665091,-0.09474597,-0.23765302,-1.3124973,0.17630082,-0.29256168,0.2661384,0.49140215,-0.5684453,0.21515565
obesity,-0.028707558,-0.22407979,-0.21903089,0.8710716,0.17477259,0.5189529,0.33071706,0.2988748,0.0665543,0.032499023,-0.9727066,-0.13027343,0.8152495,0.38148364,-0.11393425,-0.47511137,-0.36075658,-0.5305022,0.10382421,0.69451606,0.06913266,-0.20214303,0.34171343,0.23959185,-0.5457127,0.27830476,-0.60367805,0.13280256,0.12240745,-0.22057797,-0.20880723,-0.0639979,0.0650204,-0.12728088,0.26146555,-0.034756977,0.44838905,-0.28009948,0.8050282,0.8678393,0.19567706,0.70101875,0.50991654,0.16464123,0.09717893,0.47333813,0.024885237,0.0070633125,0.96908367,0.1965366,-0.21591763,-0.31355652,0.44999245,-0.7317428,-0.52019936,-0.3090877,0.81267357,0.3432155,-0.73335874,0.2787711,0.10372264,0.2603133,0.032020174,0.10409168,0.49951836,0.11768357,0.18552054,0.42464635,-0.13194454,0.5939936,-0.118374504,0.19222471,-0.17781405,-0.7927417,0.16439426,0.13306001,0.21386042,1.0013502,0.9845506,-1.0875323,-0.3191623,0.816828,-0.574726,-0.004602297,-0.015199469,0.22073801,-0.050315816,0.044914644,0.28040335,-0.29048154,-0.002240525,0.0070156385,-0.29395518,-0.20852163,0.55525106,0.2738121,0.28714743,-0.13574557,-0.6244511,0.44618446
platinum,0.1425934,-1.4010985,-0.44540375,0.32699555,-0.91013914,1.3400762,0.26679158,-0.28446433,0.26275676,-0.26638287,-0.69864696,-0.6897777,0.17990671,0.41394806,0.034212414,-0.11334673,0.89006865,-0.6507293,-0.7201137,-0.95601803,0.43414208,0.5846004,-0.4692738,0.726844,-0.327063,0.8497323,-0.80721503,0.41485497,0.6244568,-0.67860657,1.5378789,0.031807058,-0.56032515,0.3940319,0.060106236,0.081516,-0.034505848,-0.44635618,-0.21409175,0.6694598,-0.29162124,0.384565,0.38250956,0.27016228,-0.042422783,-0.0811768,0.11924377,-0.05570918,0.010322231,0.32337725,-0.5842005,-0.7851722,0.22684135,0.61113113,0.9465537,-0.5688603,-0.64878607,0.6884285,0.30359432,-0.056108754,0.4079123,-0.15962334,-0.49770728,0.3943013,0.34984374,0.97176415,-0.5554305,-0.40565896,0.35952556,0.8320147,0.5853431,-0.05527736,-0.058132686,-0.3263524,0.30950406,-0.3565269,-0.31182593,-0.18240845,0.24215461,-0.3974218,-0.29504958,-0.9473912,0.55770534,0.82281053,-0.31766713,0.053949833,0.2736799,-0.1747324,-0.45558754,0.2310521,-1.170614,0.6498294,-0.91890883,-0.08069423,0.34602708,-0.7089527,0.03395539,0.21809396,-0.22123659,-0.18148786
chlorine_compound,-0.013132283,-0.28753772,0.18228926,-0.35369286,-0.123134494,-0.024446724,0.32353887,0.054447975,-0.49912778,-0.3724504,-0.37520003,0.61830086,0.7414507,0.8316596,-1.1704432,-0.0836338,0.43031454,-0.4244373,-0.056471873,0.76022,-0.5356669,0.504039,-0.013238217,0.091964595,-0.26618055,-0.043592807,-0.85392714,0.26494986,0.09114532,-0.9527534,0.035076994,0.43441364,-0.18475242,0.06941299,0.37866566,-0.6999684,0.7038243,-0.7860418,-0.7521559,0.22714089,-0.42593065,0.0064679035,0.15043962,-0.23571359,-0.39268523,0.34338388,-0.3645874,-0.17996411,0.086342156,-1.123942,-0.5535476,-1.0415767,0.39157644,-0.03345338,-0.022062482,-0.5188852,-0.34298155,0.47269025,0.13087678,0.5235406,0.17956878,-0.26825404,-1.1577111,0.03480931,-0.01075511,-0.20231393,0.5964516,0.47265854,0.3540961,-0.254031,0.83476317,0.49945405,0.105127685,-0.011394123,0.1456207,-0.0071473652,-0.88870704,-0.85607636,0.2984912,0.2321869,-0.56515497,0.053331323,0.08391464,0.3007121,-0.25380304,0.75595146,-0.053143498,-0.5947027,-1.2544049,0.9934332,-0.5786906,-0.022599755,-0.30269673,-0.82877487,-0.56751764,-0.43777552,0.016580973,0.63864285,-0.63952124,0.50204074
mortality,0.38184372,0.6659389,-0.59931487,0.18866937,0.60199827,0.062281404,0.17960331,0.51490253,0.44638097,-0.1545416,-1.402058,-0.5263883,0.30915853,-0.38593787,-0.46193993,-0.07722757,-0.5534294,-0.048288614,-1.0833131,-0.1082687,0.1363173,0.7376897,-0.0879589,0.17793375,-0.35742125,-0.26431316,-0.41047594,-0.35380676,-0.24384041,-0.38592887,-0.4412645,-0.38305756,0.002454989,0.46207112,-0.7671808,0.4951549,1.775904,-0.6685009,0.23193596,0.11772109,0.67253965,0.71414393,-0.45288908,0.17247123,-0.19505073,0.67611885,0.096729815,0.0012787326,0.21347043,-0.5731126,0.14175409,0.30681932,0.22290725,-0.5744413,0.65633976,-0.07573416,0.6984079,1.0458364,-0.18092623,-0.015346855,0.7836488,-0.054755464,0.62417346,0.75736135,0.8311194,0.7269813,-0.4974044,-0.15486461,-0.12294166,0.62238276,0.20432676,-0.01476353,-0.0180907,-0.12391248,0.2030991,-0.60612726,-0.308485,0.14665014,0.31329617,0.010500476,-0.07411161,0.61852324,0.8240281,-0.21256736,-0.13636556,0.16097595,-0.038628586,0.18326682,-0.467983,-0.34632924,0.3711928,-0.7991684,0.23162772,-0.15585804,-0.16922757,-0.015637282,0.8903549,0.15737805,-0.4307015,-0.013791957
health,0.2848701,-0.057663556,-0.35342833,0.058404736,0.7359092,-0.12090752,0.18161085,0.9228842,0.5211514,-0.3742542,-0.9160653,-0.41765136,0.40607864,0.29382026,0.030597098,-0.42406592,-0.45052496,-0.052173305,-0.45502996,0.17660339,0.23714504,0.34588525,-0.34843698,-0.073855035,-0.5105835,-0.29251063,-0.25421017,0.18124482,0.18182024,-0.49710146,0.024263414,-0.22844027,-0.22932737,0.26339838,-0.2632181,-0.17768502,0.57932734,-0.41882277,0.3263323,0.1250965,0.26699603,0.3593906,-0.4210702,-0.06956364,-0.11996085,0.4273574,-0.41833413,0.22916938,0.09066339,-0.12953001,-0.42530355,-0.13101932,0.8820391,-0.044110067,0.5235816,-0.19805531,0.03120429,0.40271422,-0.75333107,0.14454967,0.4535114,-0.33271825,0.03092895,0.82039535,0.121971406,0.48355055,-0.5526162,0.15136854,0.38874677,0.44837323,0.39430535,0.81874037,-0.14480996,0.20617263,-0.09275092,-0.21086077,-0.609946,-0.51003575,0.37799147,-0.72091186,-0.17577764,0.6906681,-0.014533913,0.21262854,-0.807342,0.19450314,0.018679414,0.48037434,-0.22948594,-0.106708996,0.8426211,0.055916496,0.05875674,-0.09864564,0.25355646,0.2624115,0.3743239,0.46207157,-0.050721463,0.2630568
nuclear_magnetic_resonance_spectroscopy,-0.5311709,0.15987165,0.58110356,0.9193037,0.007954088,0.14645226,0.5914277,0.15946712,0.4653972,-0.43585578,-0.83577853,1.1020124,0.5409593,0.29003036,-0.3998495,-0.4478758,-0.18533514,-0.8555272,-0.64957285,0.21417363,-0.44086727,0.32058123,-0.33211005,-0.29605892,-0.37555277,0.53697366,-0.28662893,0.23864478,0.13309884,-0.5892484,0.1661141,0.029449811,-0.87407154,0.44716647,-0.29611006,-0.32978097,0.25720328,-0.79869676,0.02332365,-0.016906423,-0.43070984,0.47217712,0.15881325,-0.6583169,0.2964669,-0.26586503,0.7011251,-0.687829,0.3865215,0.020443495,0.24731778,-0.6409137,0.21260825,0.60124254,0.5817042,-0.058116768,0.34258622,0.35101745,-0.19553699,0.1983272,0.29543957,-0.54186,-0.34914315,-0.04534129,1.2941796,-0.42428145,1.0396725,-0.021935184,-0.0101958,-0.3525645,0.7459155,0.36500794,-1.0141575,-0.62960804,0.4718941,-0.25007787,-0.7539963,-0.17115948,0.21667528,0.2633425,-0.68619907,-0.0144817745,1.2590382,0.41132304,-0.048737697,0.3822127,-0.30257154,-0.3331978,-0.80682945,0.54365706,-0.8657207,0.44857374,0.09365392,-0.5988904,0.19789112,-0.24445386,0.6929524,0.9518785,-0.781461,0.79935414
differential_scanning_calorimetry,-0.20741904,-0.5671047,0.027634583,0.16284184,0.28224906,-0.1634646,0.5343781,-0.25982013,0.010430557,-0.33883333,-0.12077884,0.55537796,0.6270823,1.0310329,-0.523103,0.14067084,-0.42342365,-1.0531737,-0.24072905,-0.10443712,-0.6113304,-0.12176271,-0.3763322,0.34038293,0.16118386,-0.17349653,-0.9999163,0.59412813,0.39298475,-0.49663118,0.120402925,0.38088152,0.16718583,-0.45294097,-0.5893869,-0.8496932,0.12958938,-0.8673137,-0.16079473,0.42860174,0.23324332,0.54085046,0.27805823,-0.117434256,-0.022337154,0.21231206,0.61330956,0.04692404,0.8312936,-0.30685034,-0.6090392,-1.110952,-0.21384855,0.7984918,-0.18983218,0.42596978,-0.1561275,-0.18342365,0.14907096,0.38720027,0.61735505,-0.48631337,0.3489277,0.642418,0.33520755,-0.09335394,1.3392586,-0.4377811,0.08100011,0.4521623,-0.05313115,0.40735626,-0.3056354,-0.74624115,0.096986815,0.20064433,-0.258887,-0.10929157,-0.27139714,-0.15289588,-0.69749224,-0.36989945,0.08725503,0.13853568,-0.60817534,-0.30422026,-0.5632355,0.006753715,-0.92283785,1.0294816,0.14223759,1.2231705,-0.79034203,-0.34805232,-0.5683544,-0.3512103,0.061999362,0.34580976,-0.15997939,0.29585084
complication,-0.56944954,0.76385397,-0.6208529,0.5137493,-0.35060805,0.37180385,1.421937,0.5677006,-0.7534958,-0.007182755,-1.0652432,0.007788008,0.49980357,-0.11643568,-0.11846165,-0.3390577,0.40503904,-0.5168565,0.20825371,0.4179851,0.7509593,-0.57639325,0.78375554,-0.3503104,-1.1992588,-0.21205607,-0.19340488,0.04778903,-0.2562442,0.09205478,-0.71444464,-0.8667748,0.25109783,0.17992845,-0.16572647,0.7184656,0.3435219,-0.19440868,0.03372566,0.527479,-0.123946816,1.0229061,0.85742134,-0.31037253,-0.24953187,0.099622115,0.37227795,-0.31863922,0.24253525,0.06847448,0.030044885,-0.71666497,0.8686647,-0.25545323,0.045896742,0.47553685,-0.22050269,-0.29724315,-0.12084032,0.609389,-0.17252019,0.40329167,0.06058195,0.5826101,0.35984308,0.7140857,0.41137332,-0.36688298,0.005807608,1.2830087,0.354094,-0.035250522,-0.41255164,-0.1150336,0.01540504,-0.020226687,0.24287939,0.10039644,0.91131073,-0.07383312,0.03405088,0.9188687,-0.14576712,0.42308244,-0.2573216,-0.096140325,-0.5982223,0.56441915,0.3468867,0.120887116,-0.3418582,0.23876305,-0.77952087,-0.25995022,-0.4182615,0.07219145,-0.22167383,-0.0372198,0.20139982,-0.79657114
age,0.25349355,0.20914002,-0.5460677,-0.24525392,0.008159894,0.24756673,0.2087336,0.102207385,0.3618702,-0.17047241,-1.2346109,-0.3726298,0.4676463,-0.2524977,-0.08517156,-0.14835674,-0.5872054,-0.25479448,-0.27615538,0.17562395,0.7143663,0.36800516,-0.3053496,-0.25963655,0.21947075,0.12502757,-0.28021818,0.15644313,0.33473814,0.049153533,0.33915177,-0.10865519,-0.10534918,0.076192714,0.3389027,0.79152685,0.72165835,-0.55663776,-0.052433476,0.74218917,-0.11641282,-0.3090566,0.46623343,-0.5070285,0.04210013,0.602518,0.00062562455,0.20146061,0.17107327,-0.4877485,0.33347806,0.40436274,0.53233784,-0.28804275,0.10419212,0.006112263,0.90562433,0.036352657,-0.4693759,-0.34690922,0.2654768,-0.042965695,0.36017236,0.2251408,0.8915453,0.21542631,0.21617755,-0.46791992,-0.09375446,0.40830243,-0.55457217,0.21839258,-0.18852901,-0.81223655,-0.83775526,0.30070597,-0.013690727,0.5338293,0.46751007,-0.67861617,0.60350496,0.27807367,-0.26639855,-0.07964073,-0.38886666,-0.11994282,0.009722874,0.1815375,0.14905056,0.029947888,0.5266222,0.2797548,-0.23978636,-0.38360584,0.6800402,-0.19166191,-0.14644209,0.44937617,-0.33233362,0.04678912
adverse_effect,-0.05877556,-0.28080353,-0.77515996,0.2576475,-0.37754324,0.7957497,0.8708537,1.0532155,-0.0148702115,0.50881815,-0.6097501,-0.52511454,0.109831125,0.57233715,0.4146546,-0.21809506,-1.1028645,-0.025160532,0.08553634,0.37260228,0.36469156,-0.1226161,0.20727436,0.42701763,-0.51272,-0.33001673,-0.19505183,0.753681,0.48367414,-0.116469406,-0.08916022,-0.33017775,0.11093271,-0.04708978,-0.08684672,0.23151182,1.1391568,-0.49402425,-0.10616621,-0.1435634,-0.10748029,0.23693416,0.15660572,-0.63601863,0.4280406,0.5687684,-0.43024135,0.20589967,-0.09570091,-0.16916418,-0.03587359,-0.53039163,0.6130914,0.03613468,0.32841223,0.30930382,0.20030911,0.3656493,-0.19296876,0.11893403,0.3025739,-0.40774626,0.44908395,0.26611733,0.46864665,0.4960273,-0.16889967,-0.3796565,0.42215076,0.65856004,-0.67726004,0.5280238,0.7558379,-0.20410804,0.3797076,0.52644163,-0.4893979,0.28864688,0.33910173,0.09896966,0.38630885,0.8891297,0.0028463667,-0.028762383,-0.24460688,-0.043656744,-0.11190775,0.6152469,0.5639442,0.5505279,-0.26226693,-0.35828617,-0.95984745,-0.1501806,0.19047762,-0.014000809,-0.15377825,0.8040554,-0.4564435,0.32415712
molecular_dynamic_simulation,0.22523248,0.35901585,0.16883473,-0.5414349,-0.4362226,0.21562263,0.43173075,0.51109475,-0.15872568,-0.31992376,-0.557802,0.33025077,0.3728057,0.46712902,-0.38952792,-0.8707464,0.24086882,-0.29983678,-0.6545887,-0.28292698,-0.6758869,0.4217729,-0.06542429,-0.26468045,0.15296425,-0.24611925,-0.12528895,0.23463488,-0.11160075,-0.36879042,0.4888746,-0.2728721,0.25558767,0.6174511,1.715652,-0.04898156,1.0062885,-0.59073466,0.57206625,-0.98626447,-0.3941286,-0.8566801,0.5395119,-0.47662643,-0.21376367,0.45284313,0.34744596,-0.26161718,0.08190212,-0.19571193,-0.357174,-1.13485,-0.26650843,0.3196001,-0.514907,-0.9450973,0.6034625,0.50234556,-0.20764664,1.0888519,-0.14030628,-0.4613615,-0.5008462,-0.2603488,0.8894309,0.042500652,0.12005672,0.027539251,0.033766232,0.53177667,-0.086269245,0.46423516,0.2528232,0.34214237,-0.31544426,0.15528932,-0.47802746,-0.39950553,0.08790562,-0.006020199,-0.080209896,-0.17590006,-0.22355078,0.1836254,-0.8639655,1.3853078,0.024778593,-0.52970994,-0.51365745,0.8969429,-0.21464416,0.008326972,-0.8061575,-0.1953517,-0.74073154,-0.41940278,0.2893528,0.44479892,-0.42209506,0.33573017
algorithm,0.33290136,0.17436741,-0.49147117,-0.30253834,0.8036766,0.07693042,-0.09806701,0.61905444,-0.7060958,-0.0497931,-0.57973045,0.0038760682,0.55417985,0.14175709,-0.53863734,-0.053570054,-0.14793284,-0.007928186,-1.0185971,-0.67442214,-0.07507758,0.85972965,0.045606572,-0.38065624,-0.23961815,-0.33174247,-0.3293565,-0.5808335,-0.053716175,-0.37652552,0.29266253,0.18112563,0.42610532,0.4236544,0.23405595,0.4028468,0.56370294,-0.47299498,0.88452554,0.37217972,0.63768536,-0.7431338,0.051721457,-0.3868928,-0.12979828,0.1855462,0.06891651,-0.49610007,0.48757505,-0.06480979,0.013958876,-0.46417972,-0.00825582,0.10974377,0.29175204,-0.37628222,0.79801583,0.940371,-0.66915226,0.4474292,-0.08438795,0.23606968,0.44036275,0.21895003,0.5866736,0.35530365,0.362559,0.07418853,0.08094962,0.74361676,-0.20074259,1.240359,0.16594437,0.25885558,-0.511116,-0.26224884,-0.7297751,-0.58197254,0.8844228,-0.34947413,-0.31226784,0.2002352,0.27927336,0.50455594,-1.001978,0.8972745,0.6234272,0.46395165,-0.06948598,0.42539462,-0.10024721,0.32792553,-0.11533276,0.36052424,0.13221258,0.019571029,0.5603357,0.030093312,-0.2881556,0.25565395
mesoporous_material,0.35910675,-0.49981245,0.15229598,0.27678877,-0.11977222,0.5745205,0.986051,0.25609875,0.017455546,-0.2597442,-1.0706189,-0.087994784,0.776771,-0.45669997,-0.25616285,-0.49526212,-0.1565822,-0.7312955,-0.16801843,-0.039761595,0.34259295,0.60601693,-0.62195086,0.51843005,-0.3182398,0.55500627,-0.6464565,0.22908266,0.56007844,-0.43403193,0.7108853,-0.30255702,-0.96353716,-0.048468713,-0.28649864,-0.18286183,-0.16900554,-0.26745507,-0.11833001,0.55282426,-0.22467335,-0.040806882,-0.09475856,0.18609598,-0.01793178,0.16796307,0.30601475,-0.13506617,0.22784866,-0.040313557,-0.6150013,-0.6336645,-0.44451073,0.09444485,1.2567098,-0.72215754,-0.07544692,0.8229629,-0.09222202,0.23141088,0.19231668,-0.7964924,0.21244404,0.92170435,0.3891134,0.68727994,0.13943572,0.04009932,0.44563043,-0.45280704,0.46426237,-0.050909758,-0.2502143,0.07449456,0.84999716,-0.35629112,-0.58038425,-0.119622506,0.4259111,-0.4395917,-0.734091,-0.663316,0.41661823,0.6783216,-0.2519656,0.07374056,0.21928032,-0.49099445,-0.4942683,-0.026978388,-0.36642054,0.8872132,-0.45363694,-0.5807478,0.35861236,-0.3257411,0.062121477,0.3593881,-0.45981506,0.54585326
doping,-0.7424694,-0.48673514,0.06456737,-0.09690438,-0.28121278,0.6140461,0.25637087,0.4816046,0.13166498,-0.44402742,-0.50193167,-0.67606086,0.16020414,0.27251875,-0.45520762,-0.04552906,-0.5731488,-1.042612,-0.44995913,0.46818885,-0.10399285,0.8732899,-0.19575846,0.78781724,-0.49882478,0.23267718,-0.47134623,0.89998335,0.32819372,-0.48260072,0.24825162,-0.33460167,-0.14943865,0.19490129,-0.21404146,0.4089895,0.24032894,0.05553066,-0.3234188,0.29207778,-0.20726983,0.67356396,0.27628154,0.69250983,0.1711051,-0.27470547,0.50269175,0.04783037,0.91866773,0.15464099,-0.31124008,-1.0705669,-0.621946,-0.33221322,0.7008345,-0.12083015,-0.83535624,0.40768996,0.046373807,-0.20169333,0.43346685,-0.54063547,0.2692452,0.45071384,1.2168616,0.43070453,0.33782515,-1.0789477,-0.54781765,0.1482027,0.38974923,-0.34065118,-0.5132154,-0.36548558,0.47040498,-0.6460971,0.16788042,0.01048132,-0.014679902,-0.1619337,-0.08608412,-0.8181762,0.30090457,0.31460282,-0.23488136,-0.7245557,-0.2883373,0.053684805,-0.34585983,0.69264424,-0.38480383,0.88328767,-0.15943529,0.07757784,-0.50168264,-0.4824714,-0.13647924,0.659219,-0.4126621,-0.10954373
polymer,-0.150962,0.1920928,0.461465,0.35617563,-0.883194,0.4263575,0.27134073,0.3316157,0.14603339,-0.93764627,-0.36481068,0.47347352,0.49543148,0.4755998,-0.6115115,0.4468022,0.16895281,-0.09679905,0.011953102,-0.054545224,0.4743333,-0.33845615,-0.18183048,0.7967944,-0.7922759,-0.6901951,-0.51968795,0.046615742,0.6531792,-0.114063814,-0.069460765,0.12153706,-0.3535146,-0.29945302,-0.22487807,0.14938962,0.003294867,-1.2086809,-0.22851501,0.1344767,-0.7799333,-0.26284996,0.20076914,-0.7342225,-0.70467484,-0.35006523,0.42782724,0.20611791,1.204678,0.5419213,0.45976532,-1.1724685,0.0004064606,0.49732646,-0.37516564,0.087322764,0.8165943,0.34328267,0.8518148,0.26102898,-0.30071387,-0.7715652,-0.21859178,-0.28625503,0.40510124,-0.14501531,0.5353522,0.14594163,0.15041588,0.16949467,0.19282979,0.12349565,-0.74517995,-0.3046052,-0.12295679,-0.46071458,-0.067149736,-0.25980008,0.10408879,-0.21637468,0.52159375,0.9854072,-0.19037218,1.1244648,-0.4390609,0.012484029,0.255519,-0.23344341,0.12014351,0.264561,-0.8605152,0.9076188,0.036035053,-0.09574104,-0.20187254,-0.8005957,-0.0043334034,0.65531373,-0.9975161,0.65697503
optical_property,-0.29908648,-0.34973094,0.2830725,0.26454896,-0.83222175,0.36654863,-0.5058456,0.5536529,-0.4365548,-0.51789826,-1.2529123,0.43189344,1.1847599,0.011923466,-0.3585218,-0.1335673,-0.3939961,-0.8625611,0.1472424,0.19054571,-0.24327876,0.352621,-0.038236324,-0.62800145,-0.18411279,-0.052414127,-1.0919785,-0.03459229,0.17678441,-0.1260792,-0.074490726,-0.22537391,-0.48152447,-0.5194792,-0.22380741,0.03700883,0.13509074,-0.52450186,0.18461604,-0.02141433,-0.7226529,-0.17002632,0.3803096,-0.68646103,-0.61196,0.19607455,0.5651734,0.10210425,0.6150278,-0.16232443,-0.4885873,-0.888784,-0.08248771,-0.2207946,0.39701802,-0.10267636,-0.15755466,0.4524416,0.08094484,0.49166414,-0.7896124,0.27514476,-1.0895691,0.08224874,0.25209737,0.12215569,0.39041576,0.30673772,-0.8400847,-0.19342,0.16584618,-0.6115499,-0.2848894,-0.1250359,-0.11701911,-0.8427279,-0.32939288,-0.16681363,-0.023746109,0.017330447,0.3783991,0.7194679,0.26781312,0.6581923,-0.05406879,0.14625973,-0.13732675,-0.08264885,-0.36058393,0.041362785,-0.5597982,0.53605014,-0.23641641,-0.13520977,-0.18110083,-0.9494162,0.2607271,0.19132248,-1.0526586,0.71581167
phenol_derivative,0.030895483,0.3619387,0.092689715,-0.17785676,-0.1036612,0.44135165,0.6718371,-0.20793255,1.0322452,-0.16890298,-0.4523778,0.46142712,-0.33468428,0.5815391,-1.1416248,-0.45900407,0.80802244,-0.07034107,0.2233482,0.58581865,-0.43714258,1.613017,-0.05769286,0.52465326,-0.7437477,0.19244197,-0.6311043,0.32068083,-0.52533334,-0.8969698,-0.06651767,-0.64988905,0.14191203,0.22352117,0.6152322,-0.113287225,0.09672248,-1.3967239,0.38207996,1.0824069,0.066030756,-0.4975646,0.8966051,0.64551264,0.57684207,-0.316952,0.2633135,0.81354797,0.48153016,0.2955474,-0.306749,-0.3102822,-0.15444542,0.37798467,0.69926226,-0.33039024,1.0487187,0.837677,0.19843112,0.13379765,-0.6522233,-0.2874439,-0.32233277,0.8519718,0.010505559,-0.279654,-0.093862124,0.13865869,0.18275747,-0.23652641,0.949631,0.8626092,0.44508466,-0.45649534,0.3949609,0.13888575,0.9991298,-0.3885454,-0.20689005,0.9347418,0.14581744,-0.8781325,0.36351168,-0.60773164,-0.73232424,-0.1405782,0.364676,-0.4360238,-0.8953376,0.5190334,-1.0119884,-0.7432454,0.5325849,-1.4246264,-1.0800443,0.18661496,-0.09734762,0.7009059,0.31985185,-0.50058615
flavonoid,-0.31677356,0.3095767,0.1593195,0.0018471947,-0.15151021,0.16633293,0.7889646,0.32599747,0.7311574,0.23600104,-0.3756996,0.51519376,0.38363335,0.21605913,-0.48265833,-0.037347905,0.07636822,-0.12542456,-0.53513,0.4768695,0.35030967,1.0290831,0.09742487,-0.07863823,-0.3709367,-0.08238294,-0.12208448,0.3430749,-0.1545713,-0.5453758,0.058756463,-0.63769215,0.56124985,0.0008188635,0.4248318,0.0848428,-0.27982044,-0.9762404,0.9435587,0.047850825,-0.43283713,-0.45904747,0.11029023,-0.09989813,0.8056328,0.17644326,0.119100094,0.39613003,0.23118341,-0.38167024,-0.2429807,0.15233381,0.29975477,0.3332994,0.90197265,-0.1187801,0.18759269,0.6679495,0.2883836,0.2235067,-0.36923918,0.059001256,-0.2656177,-0.13100103,0.47330737,-0.40707806,-0.073138244,-0.49326319,-0.32951072,0.11307924,0.41569525,0.4300196,-0.58999026,-0.22211897,0.6146365,0.6347672,0.44350374,-0.31272808,0.017858798,0.18283398,-0.01830728,0.2656919,0.8926476,0.09626566,0.052902192,0.060144167,-0.36736637,-0.15497431,-0.60937977,0.34329888,0.0563767,0.14905666,0.3845174,-0.515697,-0.91796607,0.21215484,0.2683981,0.64471084,-0.62480026,-0.06558039
animal_behavior,-0.14256084,0.6528776,-0.15125461,0.029111436,-0.48904702,-0.3487992,0.7465334,0.5011616,0.18193817,-0.03423033,-0.8835327,0.2596866,0.22611998,0.20291378,-0.53422445,-0.92646104,-0.34234047,-0.80134404,-0.09179255,0.5334612,-0.23121917,-0.34519878,-0.6217282,0.5363274,-0.049246334,0.12346584,-0.73477775,-0.0571618,-0.21588598,0.15504222,-0.3535164,-0.21587144,0.17479376,0.3362064,0.3429635,0.38390863,-0.04277053,-0.37024903,1.0579083,0.3657073,-0.31164306,0.11352563,0.44009033,0.33323956,0.33322763,0.40386558,0.016651344,0.38132855,0.35718393,-0.010016774,-0.4411779,0.15793753,-0.054617174,0.46548417,0.27919972,0.21255396,0.60229796,0.14622316,-0.039158616,0.36915496,-0.9279806,-0.0406468,-0.41612926,0.61725223,0.4748082,0.22439206,0.37401402,0.0036490168,0.078867204,0.40815607,0.24893726,0.20045617,-0.16642448,0.403717,-0.10859776,0.103097245,0.13805695,0.19386011,0.34088728,0.10796198,-0.05376534,-0.41016507,-0.12461877,-0.011324267,0.10486265,-0.37252212,0.34490913,-0.4233494,0.23021437,-0.2743814,-0.5319555,0.0054521854,-0.31252077,-0.28761795,-0.24865623,-0.09895982,0.3398821,0.3709881,0.20624956,0.41820395
"stress,_physiological",-0.27462208,0.8420994,-1.2017404,-0.64117825,0.3602805,-0.004049462,0.34911934,0.8323304,-0.12653033,0.056866847,-0.4722272,0.31110522,0.45676473,0.14908999,0.12717196,0.07851223,-0.81376636,-1.0498412,-0.86608833,-0.081907354,0.321083,-0.18136203,0.12003426,1.2072351,0.55011314,-0.2515172,-0.38919732,0.06631644,-0.4359078,-0.8954098,-0.4732607,-0.131714,-0.1861191,0.23936352,-0.035578616,1.1969266,0.14960048,-0.68697894,0.025576191,1.23509,0.20075516,0.06869863,0.38788667,-0.17312466,0.5277701,0.7924937,0.5851028,1.2313479,0.6999101,0.10715889,-0.7552697,0.021840021,0.94551307,-0.1849195,0.115142316,0.116586044,1.3694341,0.25332564,-0.8625842,0.3316858,0.08255103,1.1182703,-0.4154639,0.8557772,0.5967591,0.1183078,0.13371676,-0.15811333,-0.24455035,0.3067182,-0.10060087,-0.48600933,0.097288795,-0.18624838,-0.67432,-0.34639502,0.28692782,-0.093585804,-0.2324533,-0.7297365,0.2807627,-0.6778027,-0.82065254,-0.36146298,-0.4987881,-0.06861958,0.68297786,0.22452009,-0.7173815,-1.100472,-0.398013,0.18835612,0.43421173,-0.7500007,0.44760036,0.45140633,-0.30844286,-0.12856604,-0.813033,-0.80732864
physiological_stress,-0.24914323,0.741385,-1.2025089,-0.5735246,0.32569787,-0.0110326,0.25944445,0.7850552,-0.19552335,-0.022861563,-0.39495635,0.3242452,0.46171188,0.13608818,0.14557353,0.14571372,-0.8277271,-0.961429,-0.92352796,-0.030118732,0.2410075,-0.1856081,0.10910811,1.1062274,0.4888082,-0.2222749,-0.4417039,-0.021837743,-0.38010573,-0.7583153,-0.3916486,-0.14339134,-0.18127757,0.23533843,-0.06796471,1.1875067,0.06854554,-0.55754924,0.020588733,1.1702578,0.24755023,0.020355852,0.43111527,-0.1451435,0.5480866,0.7811124,0.56404907,1.1305331,0.77049446,0.072083935,-0.66193396,0.10282236,0.93312746,-0.175555,0.09713694,0.10967418,1.2101657,0.22914854,-0.7874498,0.3954121,0.1294797,1.0052793,-0.41539186,0.7985609,0.6036461,0.1262162,0.14198622,-0.12701412,-0.21726863,0.2656584,-0.12741086,-0.4806755,0.067889005,-0.19779646,-0.58287215,-0.25742435,0.2586308,-0.19683363,-0.20424606,-0.69779545,0.26822907,-0.5773228,-0.7569601,-0.37011793,-0.43466827,0.0023533485,0.5906448,0.28138947,-0.6820013,-1.0226828,-0.38415164,0.28167358,0.41416052,-0.6721396,0.47784585,0.43964422,-0.26609933,-0.1045688,-0.8051962,-0.6738762
signal_transduction,0.41020817,0.5960692,-0.27721193,0.34778363,-0.37436283,0.22876768,1.1781933,0.86321616,0.33651114,-0.44744524,-1.5916235,-0.03299081,0.2908865,0.645576,-0.77819705,-0.24663615,0.14734504,-0.84965223,-0.35823008,-0.4295814,0.000115458446,-0.21171069,0.055621225,-0.03243861,0.09103008,-0.23162527,-0.19571693,-1.297819,-1.0537838,-1.150523,-0.19477186,-1.2404367,0.52567714,-0.29927936,0.29186606,0.7870722,0.0025710366,-1.3103716,1.4038523,0.66173494,0.13651668,-0.25898737,0.07811448,1.088453,-0.17908545,-0.07486726,0.7765239,1.1542815,0.45460215,0.13890868,-0.76117647,-0.21201123,-0.56763405,0.52713454,0.25091255,0.37502617,1.2344891,-0.01347493,-1.5954126,0.9939304,0.37582913,0.1492766,0.5732662,1.3968271,0.20361686,0.37054852,-0.04974902,-0.26483515,-0.35963792,1.1893369,0.13541901,-0.79591614,0.22550279,0.19296707,0.1990557,-0.23876221,0.29316247,0.19293286,-0.23730084,-0.4609738,-0.02503903,-0.17340797,-0.06017728,-0.47416967,-0.75968075,-0.5743503,0.0154727595,0.037418842,-0.5673424,-0.680369,0.2588361,0.73975474,-0.40539983,-0.79051507,-0.17935461,-0.10382526,0.21118313,-0.68591386,0.07237014,0.017257087
ethylene,-0.11978055,-0.7925014,0.5121656,0.312012,-0.080346316,-0.33582035,0.0026412378,0.72487694,0.08406453,-0.27213767,-0.5643891,0.47579348,1.9851615,0.060756747,-1.037061,0.28495416,-0.34346008,0.3415758,-0.16011885,-0.16438474,-0.36245516,0.16272108,0.055217765,-0.005893811,-0.44087648,0.30405664,-0.56455064,-0.25158995,0.8368558,-1.1465765,-0.05322237,-0.07978859,-0.5287899,0.02298485,-0.07525601,0.065162666,0.0019680387,-0.018587276,0.5812004,-0.057822082,-0.297179,0.13629931,0.28726885,-0.24161461,-0.7813247,-0.2519103,0.13671435,-0.11798842,0.6698509,-0.1813657,-0.52176327,-0.8099496,0.24996617,0.4659762,0.60898054,-0.8629139,-0.20069501,0.5089874,0.24794836,0.13961072,-0.06705123,-0.30286717,-0.2304639,0.72339153,0.13061218,0.07079323,-0.34579438,-0.14894196,0.066063546,-0.21012756,0.22282895,0.040077873,-0.8347904,0.06885272,0.11510713,-0.45909148,-0.40264338,-0.02108272,0.022204405,0.03937673,0.24074052,-0.054028254,0.08465424,0.52345186,0.42002517,0.031717494,-0.08020551,0.032283626,-0.7786203,0.033256553,-0.38892096,0.458704,0.25953934,0.085863106,1.0668399,0.023367481,0.07587532,0.78317666,-1.9367446,0.6615857
statistical_model,0.15262851,0.41059324,-0.381236,0.34171736,-0.12618004,0.7011965,0.41864514,0.8696342,-0.27621934,-0.40137154,-0.8511089,-0.6806925,0.56729436,-0.018137848,-0.8795319,-0.31373984,-0.34516466,0.454031,-0.22238684,0.668434,0.82122797,0.7413368,0.29157275,-0.40374285,-0.83219457,-0.4541176,-0.20047712,-0.0576694,-0.20214634,-0.16676071,-0.25816232,-1.121461,0.2585221,0.020557217,0.63160527,0.35185194,0.6629288,-0.6586649,0.8547197,0.7361326,0.4441818,0.54254293,-0.20869297,0.3593831,-0.40034416,0.3652469,-0.48074684,-0.27311903,0.4203368,-0.072020754,0.24296983,-0.07290937,0.41575617,-0.17151044,0.16525231,0.07311939,1.0318829,0.3833217,-0.6260157,0.4114944,-0.44795614,0.12196458,0.37371585,0.8827516,0.6387138,0.24133715,0.7055397,0.1791838,0.37638214,0.8775904,-0.6204789,0.37914625,0.29234228,-0.288659,-0.72324544,-0.47473332,-0.48646313,0.13153175,1.2854128,-0.06549722,0.7789756,1.279044,-0.25809926,0.17107289,-1.0578389,0.29785666,0.303597,1.296014,0.9958981,0.5106117,-0.2132009,-0.18200265,-0.13628857,-0.30517662,-0.34821704,-0.34868097,0.848831,0.075059555,0.45164555,-0.027712755
photoluminescence,-0.65537995,-0.711648,-0.24177858,0.23397401,-0.104321666,0.29798046,0.18590228,0.8295939,0.0026848458,-0.034055423,-0.99860084,-0.8615255,0.26453194,0.2412085,-0.5682827,-0.6963375,-0.54812455,-0.9119465,-0.714973,0.5232101,-0.11599142,0.3557896,0.14274047,0.40136197,-0.38836247,-0.026654882,-0.27080357,0.05350716,0.03162989,-0.33821398,0.14840062,-0.26028705,0.20276491,0.49073425,-0.20788658,0.4116162,0.65225583,-0.6065977,0.6504153,-0.04901527,-0.13218229,1.0768689,0.20273308,0.13498789,0.2472076,0.047153007,0.037322864,0.03323845,0.38474983,-0.19667877,0.026065832,-1.0191997,-0.095528625,0.15682709,0.68967456,0.21225138,-1.1196125,0.0074299993,-0.34945726,0.5225456,0.4612821,0.3737352,-0.20633742,-0.13208705,0.92760134,-0.30779266,0.7594342,-1.0532354,-0.63945407,0.123523474,0.104741715,-0.33269903,-0.62176806,-0.58291423,0.32651183,-0.45274082,-0.1665386,0.48042455,-0.063932024,0.5752311,0.34593776,-0.01505758,-0.020316288,0.053351987,-0.3438435,-0.46533653,-0.38437724,0.27413672,-0.19459417,0.38335836,-0.41901883,0.59112984,-0.5062671,-0.006808211,-0.036492746,-0.2716589,0.42670205,0.46750128,-0.2714732,0.59883225
fermentation,0.22841506,0.3770305,-0.30436203,-0.23061404,-0.57239914,0.774323,0.47727528,0.6244336,-0.07523229,0.039881,-0.3539427,0.29349574,0.21293356,0.46986344,-0.15042673,-0.68375814,-0.25268736,-0.21180879,0.49965695,0.0903291,0.7934328,0.34148824,-0.39398775,0.064806394,-0.19976428,0.38656288,-0.5121407,0.55037254,-0.0010238938,-0.8394793,-0.074395016,-0.8854351,0.21481027,0.2740932,0.24465087,0.17580384,0.38638017,-0.34767485,-0.6535779,0.26312554,-0.08687385,0.38501075,0.41360506,-0.16956553,-0.007495319,0.55230385,-0.08172357,0.18815409,0.3183148,-0.03754624,-0.5998896,-0.5878832,0.62632734,0.38807514,-0.07391312,-0.5522146,0.01649887,-0.06759029,-0.07561984,0.3731698,-0.028474169,-0.09680581,-0.83498555,0.22533096,0.31858695,-0.04580092,0.56080985,-0.1533198,0.4013824,0.70190406,-0.6886531,-0.25804555,0.68597096,0.07807667,0.15223624,0.023876553,-0.10458203,0.6176842,0.21939176,-0.5616151,-0.07547585,-0.64503545,0.6097077,-0.18364859,-0.4345439,-0.20067804,0.0023469878,-0.062016822,-0.6366067,-0.6783612,-0.68329,-1.0713391,-0.5415592,-0.6466882,0.14259575,0.15674268,-0.9494679,-0.25651434,-0.66757214,0.0535056
high_temperature,-0.08967798,-0.80376196,-0.5124579,-0.0029428315,0.09593499,-0.0473557,0.1603093,-0.113201246,-0.128432,-0.23803297,-0.6494836,-0.26055095,0.020314002,-0.21660478,-0.6411856,-0.11462825,0.32647917,-0.39206427,-0.21952806,-0.52791536,-0.6208219,0.08817927,-0.46551055,0.36210805,-0.21717098,-0.51100296,-0.9580549,-0.029406495,0.22129859,0.42201555,0.34219763,-0.42400396,-0.3939943,0.44725847,0.30994278,0.15525213,1.1621814,-0.79443985,-0.11330267,-0.16256896,-0.4911789,0.52508795,0.33281347,-0.26022556,-0.2532762,0.86122036,0.21854095,-0.30031347,0.8322771,0.1839378,-0.3806636,-0.66929877,0.0499414,0.040751763,0.038620442,-0.4764448,0.027779415,-0.112028204,-0.35422924,0.7035262,0.6827376,-0.3426345,-0.2580234,0.2976004,0.08109471,0.34403846,0.2518428,-0.05410382,0.018371463,-0.49594665,-0.02078733,0.22615835,-0.41248673,0.14232212,-0.46424383,-0.7936419,-0.89538056,0.14967667,0.2069866,-0.18164346,0.48656502,-0.12195252,-1.1693596,0.30705434,-0.7603126,0.41279933,0.72149676,-0.5825175,-0.59408534,0.28757352,0.24539676,0.7116595,-0.59150785,-0.70942307,0.12708993,-1.029961,0.022736708,-0.18685314,-0.21715292,0.5756186
hydrolysis,0.7512853,-0.12725005,0.16773914,0.2245265,-0.8903049,0.30297172,-0.025743209,-0.35076603,0.5507169,-0.10259176,-0.2766587,0.6676308,0.51349103,0.14438067,-0.46181306,-0.8784088,-0.18344311,-0.25608304,0.5253079,0.20266612,0.17311496,0.88596475,-0.5928095,0.6122677,-0.40595743,0.09789784,-0.47006014,0.66884476,0.31214648,-0.083133884,0.0766285,-1.2053107,-0.56097466,-0.32383296,0.64964914,-0.5456723,0.018265242,-0.50676584,0.46218747,0.30497476,-0.3626525,0.089855686,0.21930893,0.03994484,0.4881277,0.71627307,-0.31900352,1.280066,0.4886246,0.11954095,-0.33492824,-0.86079943,0.59048325,0.099646986,0.11763968,-0.67291516,1.1498165,-0.020664845,-0.28849703,0.6013801,-0.11714606,-1.0199232,-1.3447164,0.40772745,-0.0027386097,-0.6763027,-0.079510294,-0.0048346706,0.26468867,-0.49328887,-0.3217754,0.9893362,0.20942385,-0.43798664,-0.30331466,-0.2822731,0.29012954,-0.09958682,-0.23561373,-0.3294431,-0.12737799,0.26742414,-0.03975746,-0.4096587,-0.1331566,0.35166532,0.9524873,-0.2862868,-0.46162453,-0.4448548,-0.83387077,0.63551104,-0.05545368,-1.3225012,0.27342814,0.04847495,0.2104835,-0.5137914,-0.25071633,-0.0011638525
bioremediation,0.53634936,0.31821266,-0.51447815,-0.06074971,-0.19224913,0.022366296,-0.11166593,0.33034554,0.4660967,-0.47417817,-0.25730264,-0.6738224,-0.32174745,-0.099523745,-0.5003271,-0.15470314,0.3702311,-0.4011112,0.031694323,0.30143473,0.043597747,0.5215554,-0.16945262,-0.13395444,0.1324372,0.41554266,-0.7129232,0.09168104,0.28042352,-0.9840525,0.057185415,-0.437238,0.07039735,0.7208779,0.15624265,0.39612818,0.068308495,-0.3952542,0.103844896,0.4772956,0.17850289,0.30103484,0.69746196,0.19769238,-0.40339783,-0.61919725,-0.5266043,0.3366243,0.51111245,0.23915684,0.16808581,-0.78567076,-0.028749166,0.11793552,0.70868284,0.08108291,0.10337061,0.27790064,0.26421985,-0.10394945,-0.17940569,-0.5269012,0.2634522,0.71457535,0.6626377,0.25244093,-0.49438462,-0.062319405,0.7224,0.31970736,0.3866642,0.25651148,-0.30505225,-0.09983087,-0.47710282,-0.6102498,0.83819103,-0.50210875,-0.8632441,0.23760138,-0.025861552,-0.1939715,-0.083538525,-0.81161636,-0.8862684,0.41487673,0.16652381,-0.08836583,-0.65028113,0.087296695,-0.5211185,-0.079389416,-0.07156803,-0.51107657,0.045661893,0.06619576,-0.22835419,0.36598015,0.4338914,-0.84732276
simulation,0.7532584,-0.06439582,-1.249459,0.055596795,0.5552748,0.47567955,0.39340338,0.2940133,0.479305,0.70745355,-1.2586753,-0.51497686,-0.16190465,1.1489685,-0.070759654,-0.567964,0.24529992,-0.22047476,-1.0242774,-0.127174,0.18859102,0.80084705,-0.0029206995,0.142824,-0.59209734,-0.055571787,-0.2350388,-0.2518624,-0.25605932,-0.7399912,0.046192247,0.06902614,0.3376032,0.334214,-0.5527796,0.6220313,0.65990514,-0.043399077,0.051374823,0.16580558,0.81093836,-0.05527803,0.10905071,0.63595295,0.056509573,0.37188488,0.011930586,-0.24489681,0.16777337,-0.94309884,-0.199626,0.25603503,0.9127391,0.6701145,0.7281934,-0.62348646,0.20199756,-0.07490434,-0.8772919,0.3925363,0.37785247,0.3525168,0.2000953,0.28218684,0.6617174,0.541587,-0.99129546,-0.1862781,0.64613086,0.20196334,-0.1425508,0.7879452,0.8769,-0.34795293,-0.071766354,0.2641797,-0.9258751,0.12717614,-0.43935186,0.3561305,-0.21121006,-0.5767325,0.49014533,-0.49045375,-0.77277064,0.3261364,0.38769034,1.3256134,-0.8514708,0.3316041,0.42739084,-0.31639203,-0.18186563,-0.41105103,1.2457492,-0.58120286,0.34538057,0.34244117,-0.06386961,-0.7491474
sewage,0.44239524,-0.09349374,-0.46047506,0.006318337,-0.13229966,-0.05770573,0.20079118,-0.21091335,0.4155478,0.12985167,-0.31197408,-0.34892687,-0.04519658,0.8569566,-0.7176327,-0.2329582,0.7197092,-0.55034566,-0.26959264,-0.09051651,0.6773484,0.567543,-0.3191435,0.65565974,-0.36920664,0.30816782,-0.07954976,0.7358932,0.38950455,-1.0046465,-0.23591016,-0.6806646,0.08789551,-0.013926736,-0.14064753,-0.01670488,0.192973,-0.5061308,0.30740777,-0.034328725,0.5447479,0.22307229,0.182191,0.3401117,-0.49555352,0.25160438,-0.43731108,0.44421697,0.39132395,-0.63108045,-0.31581086,-1.1790249,0.89705366,-0.029830044,0.4068248,-0.96231,0.30407906,0.002343592,-0.40283826,-0.35987675,-0.07100364,0.16320732,0.20012607,1.6916208,-0.2585389,0.45637056,-0.10975677,-0.3938103,1.2613236,0.34490344,-0.13930541,0.5654047,0.33026814,-0.8199653,0.08022931,-0.52148026,0.07323537,0.30820665,-0.29461727,0.1754804,-0.041320235,-0.7070252,-0.25448972,0.02249109,-0.31570098,-0.025731795,0.8718248,-0.35212094,-1.2414395,-0.09230753,-0.3751265,-0.09028814,0.47251305,-0.5799085,0.22767636,0.23856615,-0.4066322,0.09086245,0.1430645,-0.6654572
monte_carlo_method,-0.06803761,0.3888738,-0.66520286,-0.4621825,0.54965913,0.14150283,0.33791444,0.49769646,-0.60893464,-0.059543904,-0.2075692,-0.10071926,0.14222379,0.7099925,-0.25208503,-1.0515811,0.22360648,-0.61218995,-0.7672271,-0.3329079,-0.5003185,1.0576555,0.2594065,-0.73441404,0.0035699669,-0.6077651,-0.6699845,1.0076425,-0.01556552,-0.6291359,0.014055718,0.22081669,0.43322963,-0.0057484237,1.0371616,-0.40647045,1.1555151,-0.45628345,0.3669801,0.060717497,0.21530586,-0.32080063,0.46441427,-0.524767,-0.27220988,0.31772286,0.4101229,0.18024407,0.6403229,-0.6837755,0.13914526,-0.5200671,0.34182176,-0.6238626,-0.22622392,-0.6720558,-0.216025,0.35163426,0.10952203,0.25236908,-0.27449986,-0.37674153,-0.56549186,0.25731987,0.71208453,-0.3905418,0.7851573,0.121320166,0.015633527,0.25399455,0.16957586,1.2266111,0.51194584,-0.96098006,-0.11552937,-0.10985132,-0.7638473,0.055075053,0.30896008,0.055654038,0.082884386,0.41160098,0.79274386,0.40135482,-1.1977496,0.029760413,0.12923957,-0.0898789,-0.60021514,1.2557381,-0.7021741,0.3860186,0.29528525,0.49373418,0.06122733,0.50443834,-0.0055134203,-0.19734572,-0.9373763,-0.040307995
water_pollution,0.3458317,-0.048065018,-0.12679441,0.69533,-0.37065926,0.5003112,-1.2548581,0.39861563,0.68849075,-0.6671333,-0.49670026,-0.11081314,-0.21082868,-0.3845691,-0.26846024,0.4252926,0.3650828,-0.5809656,-1.1416018,0.052074946,0.045757122,1.0596639,0.18191494,0.59668183,-0.0046400353,0.13336238,-0.9557052,0.027868593,0.016752444,-0.09063556,-0.2555048,-0.49215767,-0.42789304,-0.083476245,-0.63562965,0.97326714,0.1530136,-0.88904244,0.44052947,-0.67359716,0.63049775,0.020649659,0.0015075005,-0.08592312,0.09377841,0.71103776,0.37669608,0.09824128,0.39655703,-0.17863894,0.9219443,-0.32908043,-0.07877386,-0.46073285,0.4273148,-0.30823696,-0.28918198,1.5810698,-0.0021772876,0.08265313,0.5128541,-0.29474553,-0.28639716,0.9394179,1.3942436,-0.38551247,-0.3493386,0.004553276,-0.26658824,0.9206516,-0.31894845,0.13487905,-0.19781035,-0.67179614,-0.28774536,-0.59307814,-0.21577138,0.087219104,0.5519802,0.15108028,-0.54836947,-0.2997138,0.11280342,-0.16787505,-0.5441239,0.58061755,-0.27557984,-0.6127475,-0.36980534,-0.015417712,-1.3962601,-0.23096557,-0.25109938,-0.02996431,-0.9792387,0.14854245,0.18844323,0.05462759,-0.5238722,-0.13384393
nonlocal,-0.6679917,-0.5223861,-0.92658335,0.40523806,0.17015117,-0.026229648,-0.5862915,0.49791226,0.7055094,0.1423113,-0.09417565,0.032841552,0.4777086,-0.22599041,-0.7135107,-0.5117824,-0.3196983,-0.36559358,-0.64529794,-0.44717893,0.77671903,0.6888676,-0.07292489,0.61692744,-0.5210541,0.10352546,-0.3818498,0.521424,-0.038583238,-0.23191167,-0.34462795,-0.68834794,0.84709424,-0.18419118,0.2675257,0.571951,0.74231714,-0.049114574,0.051854502,-0.09816014,-0.23302479,1.1901991,0.7918155,-0.05077341,0.44784266,0.26899004,0.02130658,-0.586463,0.5992397,-1.0480319,-0.08363874,-1.31282,0.39844313,-0.07047634,-0.5536202,-0.0011741618,0.009506389,-0.50740534,-0.6361275,0.349132,0.325838,0.24632844,-0.9723533,-0.4217963,0.14241502,0.13095482,0.046845008,-0.9327823,0.28075668,0.26136577,-0.07029804,0.72115165,0.12993197,0.42962176,-0.6065022,-0.36445615,-0.26694366,-0.59675044,0.6199696,0.70950526,-0.1753686,0.23673059,-0.334089,-0.18075314,-0.1335721,0.15895714,0.23324765,0.07030913,-0.7268888,-0.42517745,-0.31193474,0.16557938,-0.284954,-0.6087678,-0.18540674,0.4160433,0.11423835,0.47831395,-0.25588858,0.2931561
x_ray_photoelectron_spectroscopy,-0.28907424,-1.1270483,-0.017062047,-0.24286987,-1.0090071,0.8528298,-0.58528507,0.09009395,0.2745792,-0.112456195,-1.1372516,-0.14947191,0.5189556,0.53848225,-0.7092403,0.988662,0.6433557,-0.46659428,0.4131933,-0.34950584,0.6682619,0.55550057,-0.4218273,0.4068516,0.10425368,0.6042908,-0.743128,0.10963684,1.156146,-0.5566363,-0.023145884,-0.32340434,-0.35237604,0.14582878,-0.7014937,0.19615236,0.09078873,-1.1954067,-0.493568,-0.29626432,-0.28366846,0.8851265,-0.15655838,-0.07777013,-0.30972186,-0.034195267,0.26295567,-0.17409939,1.0568056,-0.43135455,-0.55012006,-1.2729518,0.08329392,0.5222788,0.563666,-0.6654141,-0.30666283,0.30632284,0.36754686,0.12324049,0.033897102,0.3203227,-0.8476412,0.8525276,0.3402655,0.16572349,-0.2133716,-0.3951262,0.43043712,0.1823074,0.27597684,-0.65905654,-0.8084082,-0.5171124,0.21481343,0.069465786,0.15588121,-0.05826515,0.1934856,-0.028462041,0.4431211,-0.23215136,0.2717641,0.042282138,0.45711374,0.17151617,0.2038108,-0.5092872,-0.454255,0.39244834,-0.88192916,-0.17813708,-0.69492865,-0.31472296,-0.6519783,-0.74345577,-0.16103935,0.7728731,-1.3482426,0.6926929
quantum_theory,-0.07422199,-0.304424,-0.08788845,-0.36854935,-0.21214113,0.14586769,0.46950418,1.0074543,0.18728045,-0.069049284,-0.41082388,-0.66289467,0.16588002,0.18144764,-0.015545456,-0.6372707,-0.48149532,-1.2707145,-0.77155465,0.17125623,0.057760425,0.61370707,0.095967926,0.5603778,-0.47781557,0.3923633,0.06427805,0.37719217,-0.2043513,-0.4172643,0.70486474,-0.049902294,-0.08654647,0.20280766,0.26054803,0.35333878,0.8542624,-1.192608,0.3645925,0.20324656,-0.5862556,0.15497994,0.5568971,-0.52623165,0.61015785,-0.5794058,0.38059142,-0.52718073,0.15169485,-0.6254157,-0.18937911,-1.3347908,0.045560718,-0.1227652,0.4849074,0.020431122,-0.9517579,0.34403983,0.2273206,0.15922597,0.321299,-0.06484118,0.023939267,-0.76565754,1.0663972,-0.07277871,0.9127093,-0.5333986,-0.4215523,0.69568056,0.74450225,0.22426425,0.022632144,-0.30261004,0.3651047,0.75905395,-0.23454547,0.055636764,-0.37387455,0.47319666,-0.22869958,-0.4539353,0.6586827,0.37397283,-0.20534284,-0.020739581,-0.04784606,-0.5780061,-0.28376517,0.16271281,-0.48339477,0.5219916,-0.8237757,0.2551117,-0.111738436,0.6259352,-0.35871938,0.9446331,-0.14949146,0.16834103
"dose_response_relationship,_drug",0.49808228,-0.038092125,0.34564638,-0.7375377,-0.21186069,-0.5336531,1.3579675,0.97628176,0.03304182,-0.05448954,-0.5188064,-0.37663782,0.15738861,1.2588036,-0.48035413,-0.2685001,-0.90574384,0.16593266,0.11768576,0.15134305,0.31738988,0.6042688,-0.47765765,0.35864672,0.03677741,0.08598893,0.5331099,0.49661756,-0.12904176,-0.23313476,-0.055934876,-0.96779186,0.80257565,0.26592052,0.3953898,-0.4033362,1.2460393,-0.6502903,0.953301,-0.476955,-0.33293736,-0.33367413,0.09751152,-0.060003012,0.58188254,0.84481496,0.046800483,0.36499003,0.5785256,-0.44160587,-0.42195076,0.1533234,-0.10139065,0.65218455,0.31721774,0.25674888,0.18549597,-0.0077655213,0.2275329,0.20583233,-0.09633778,0.5176889,-0.09965308,0.037479896,0.7906305,0.21372487,-0.09481464,-0.042096715,-0.6705383,0.98249364,-0.41819382,0.16678366,0.027808128,-0.26684022,-0.049264867,0.6952577,-0.06988243,-0.19475506,-0.45085508,-0.18523376,-0.39775032,0.24563429,-0.17174815,-0.09513015,-0.47197974,0.61086494,-1.0573287,0.03103208,-0.7894309,0.84507287,0.89350957,-0.33389357,-0.540892,-0.7993138,-0.63951224,0.48687562,0.34686238,0.39202935,-0.2560796,0.37366724
glutathione_peroxidase,-0.30986816,0.14456995,-0.48473832,0.53989416,-0.51059204,0.27187273,0.485337,0.64422333,-0.22882594,0.348971,-0.45662683,0.21284117,-0.10377322,0.77603376,0.19355796,-0.12118686,-0.48689735,0.115426235,0.58542854,0.40744764,0.059642475,-0.04291428,-0.1587686,0.05549114,0.0009525513,0.06232376,-0.9813619,-0.6299202,0.028347347,-0.73873603,-0.3843378,-0.3964699,0.47199658,0.54898465,0.31468466,-0.1894032,-0.34899738,-0.67315084,0.98838437,0.62184006,-0.3499762,-0.25918585,0.5328152,0.31323484,0.4070809,0.20539163,0.3269625,1.0592737,0.66554004,0.8462516,-0.6236939,-0.36128503,0.41806406,0.3253567,0.27778098,0.61599666,0.78521806,-0.34873533,-0.64551663,0.37329134,-0.52336365,0.39304665,-0.91913474,0.36654973,0.11094506,-0.15201351,-0.70310926,-0.88690245,-0.23156287,0.38172176,0.16632503,0.42548716,-0.007794631,-0.24992108,-0.35163873,-0.16093406,0.3322362,-0.12259894,0.41432914,-0.39756513,0.12370953,0.071078956,-0.2743967,-0.3741386,-0.07418799,0.11003951,0.25252715,0.30657348,-0.42852914,0.29217502,-0.23887911,0.17476982,0.049488764,-0.43791416,0.020416126,0.024050329,-0.41900215,0.6240004,-1.045459,0.13079293
infrared_spectroscopy,1.0560491,0.10267095,-0.18640785,-0.17492312,0.016803013,0.16368861,0.5581193,0.22148404,0.20630461,-0.43268543,-0.401514,0.40034577,1.0342909,1.0072236,-0.8810063,-0.4044706,-0.6421309,-0.1793936,0.34142575,-0.5770143,0.08784301,0.17475206,-0.8928756,0.48524374,0.56413245,0.006699689,-0.8393033,-0.34883046,0.93132144,-1.4012426,1.202076,-0.31402433,0.6695314,-0.34974125,-0.26490325,-0.22391748,-0.50469404,-0.67005926,-0.19393067,0.28349686,-0.079030536,0.005497765,0.17962267,0.58470565,-0.18955366,0.3258465,0.23955595,0.12659386,-0.35165998,-0.76632226,-0.56157404,-1.4662117,-0.40183213,0.091729686,0.4248996,-0.35647544,-0.41758078,0.5769006,0.33334407,0.42942587,-0.28060523,-0.57455814,-0.2631849,-0.09841129,0.28945783,-0.48477244,0.6068517,-0.425006,-0.44243914,0.33951813,-0.1687589,-0.27416998,0.44710705,-0.09795714,0.38320032,-0.17642438,-0.15735611,0.10430707,-0.49920434,-0.22832005,-0.68161213,-0.22836807,-0.09173853,0.4643006,-0.017398624,-0.08440575,-0.4419857,-0.0067397202,-0.8118968,0.35105678,-0.29298595,1.3147455,-0.6973112,0.14047663,0.41884717,0.29358357,-0.28526056,0.42192373,-1.1212308,0.47378293
chitosan,0.41776577,-0.17571847,0.37592128,-0.047246557,-0.6820402,0.054930355,0.45106566,-0.20004292,-0.18224496,-0.7716202,-1.025653,0.17713636,0.68343836,0.56254256,-0.20431153,-0.002642289,-0.31404135,-0.14128491,0.53679585,0.08692192,-0.4160194,-0.49190596,-0.2392516,-0.0031331908,-0.2569257,0.8053471,-0.71089816,-0.13026099,0.74558794,-1.2458094,0.6607905,0.15303077,-0.07540532,-0.31115264,-0.3675003,0.2550012,-0.016243648,-1.054271,-0.10088156,1.1984186,-0.27292636,-0.07438039,0.18639158,-0.39795917,-0.76818866,0.1855479,-0.4337691,0.013577665,0.41892353,-0.7302277,-0.5036082,-0.7558707,0.042322274,-0.18358225,0.35250393,0.43774775,0.33277252,0.72382134,0.5886402,0.028085144,-0.39558128,-0.2515098,-0.15527801,-0.003076292,0.4443938,0.6072539,-0.19544527,0.6667014,-0.18717678,-0.058529675,0.3709635,-0.16638668,-0.4328034,-0.31841612,0.28572348,-0.74982685,-0.17625402,-0.3265974,-0.6440535,-0.48063534,-0.43688244,0.79269236,-0.2979955,0.024714489,0.19991803,0.047143877,0.23656629,-0.47096637,-0.543796,0.24431522,-0.3116756,0.6382717,-0.6266568,-0.74123085,0.32784045,0.022044597,-0.20817347,0.069708504,-1.2812696,0.1557301
wastewater_treatment,0.521379,-0.14637284,-1.0523034,0.4911028,-0.23509355,0.35132435,0.17877863,-0.09963858,0.4322626,-0.14321087,-0.7806072,-0.45816928,0.41209093,0.70126796,-0.7217693,0.03868749,0.9274083,-0.93666685,-0.5737064,-0.08347074,-0.14549896,1.2845134,0.0129410215,-0.16302027,-0.17745486,0.3633179,-1.3781295,0.4855011,0.34614336,-1.8274584,-0.029471075,-0.13918419,0.0828931,-0.09330227,0.23517199,0.35205415,-0.38398737,-0.6668958,0.47344872,0.20831834,0.63563,-0.22175959,0.59764016,-0.099580325,-0.74850756,0.4567604,-0.24643409,0.5540848,0.85426116,-0.61933774,0.30378062,-0.6008504,1.2995992,0.5617459,0.3832212,-0.7818227,-0.3403761,-0.4292228,0.27361327,-0.2660896,0.20474957,-0.31037748,-0.49736118,1.2217271,0.12371527,-0.04897382,-0.44280344,-0.87673,0.93743306,0.4746287,-0.3743022,0.5687207,0.28839093,-0.64025277,-0.39644098,-0.6033221,-0.37770107,0.014493233,-0.46317783,0.37179345,0.06236097,-1.1023009,0.4493044,-0.8635604,-0.8897123,0.18530212,0.59125894,-0.045784734,-0.5270623,0.18004982,-0.57668835,-0.2622255,0.6335017,-0.5932914,0.24415348,-0.057241637,-0.23427773,0.18819502,0.13154821,-1.3749994
ovis_aries,0.060653217,0.41791058,-0.1807024,-0.2531681,-0.24034645,0.34798452,0.6503729,0.22024347,0.19139044,-0.2413498,-0.62784106,0.73949546,0.5695301,-0.32565805,-0.3272546,-0.32001424,-0.35666147,-0.6357765,-0.1739744,-0.01917751,0.33301365,-0.15177253,-0.109424815,0.32936412,-0.0008109363,0.15852916,-0.737403,0.46668568,-0.005894592,-0.04967473,-0.1993332,-0.2619144,-0.3472771,-0.05059461,0.34555775,0.57286775,0.073881164,-0.5464283,0.7731452,0.74414665,0.122911096,0.20561756,0.89810383,-0.048239756,0.18326367,1.1506758,0.09715448,0.65433484,0.42649832,-0.05598429,-0.66250604,-0.6081499,0.1885045,-0.10525144,0.06606548,0.16759609,0.3896291,0.43019724,-0.5786118,0.04724711,-0.760455,0.78768975,-0.69878674,0.1874023,0.7842612,-0.025988664,0.47586438,-0.0084461365,-0.29592335,0.4912623,-0.59938127,0.123020746,0.10564062,-0.6315068,-0.84591013,-0.12737761,0.4326172,0.30188024,0.5373812,-0.0026168611,-0.057086207,-0.118770085,-0.6441059,0.037153445,-0.5730592,-0.2242492,-0.2992196,-0.47629285,-0.23125435,-0.591355,-0.22423837,0.076424964,-0.4969766,-1.0879688,-0.36749154,0.00880393,-0.34941176,-0.39411202,-0.22874981,-0.058187407
"behavior,_animal",-0.22979802,0.6349727,0.021718202,0.13553676,-0.44926858,-0.23911342,0.8339253,0.4046694,0.110275626,-0.014960658,-1.027656,0.29768595,0.3624031,0.09734414,-0.5956598,-0.9166101,-0.4559487,-0.82368463,-0.20532914,0.7530634,-0.25245628,-0.27076203,-0.6254551,0.7102115,0.052757792,0.19258411,-0.8291594,0.017674122,-0.22563985,0.24726777,-0.3073207,-0.18390113,0.20185943,0.41547382,0.2754427,0.40937015,0.08070318,-0.4610769,0.9725321,0.39638624,-0.2315621,0.1277718,0.39147565,0.30436748,0.36576527,0.537637,0.093559794,0.41088825,0.4060533,0.022736235,-0.58982146,0.20115396,-0.027149169,0.44954515,0.14836212,0.22988775,0.46752056,0.12585245,0.14814647,0.37667853,-1.1012374,0.021287244,-0.49512938,0.64007634,0.44130808,0.2832177,0.5172823,0.01798494,0.105783105,0.31841257,0.0617015,0.17506596,-0.16701652,0.3754369,-0.23393826,0.11907611,0.25032187,0.046085097,0.37340128,0.26353738,-0.09811716,-0.29897135,-0.24839766,-0.024732271,0.015135671,-0.42061564,0.41847783,-0.41380957,0.12708448,-0.30593157,-0.4394354,-0.11233985,-0.32595158,-0.22121157,-0.24482022,-0.032554075,0.26634252,0.5283399,0.013217788,0.37277022
mitochondrion,-0.27946532,-0.620519,-0.032780387,0.29740006,-0.21692447,0.34716836,0.16464935,0.620232,0.41621718,-0.446045,-0.6587652,-0.80602294,0.955961,0.7113846,-1.1798639,0.71200335,0.13425586,-0.51074755,-0.14224216,-0.15907896,0.22538854,-0.10272178,-0.085907504,0.9275613,0.10851394,0.2581176,-0.016433574,0.43372622,0.5052734,-0.811475,0.32686463,-0.22814572,0.09168012,-0.14511882,0.44482687,0.1762026,-0.22489001,-0.117563136,0.7480177,0.29277763,-0.54922277,0.55140525,0.64011985,0.7488281,-0.36337206,0.31915492,-0.055320103,0.9459298,0.40622887,0.6881265,-0.2977818,-0.69113195,0.2921514,0.8573845,0.39284605,0.36905712,0.76644933,-0.13213053,-0.42696053,0.03390533,-0.43479076,1.0999188,-0.14334261,0.15730976,-0.195865,0.51097035,-0.5020292,-0.60917544,-0.16115038,0.33985153,0.20993932,-0.1425154,0.044261683,0.18147637,-0.3512644,0.20715421,0.01706137,0.055295553,0.7336031,0.045614652,0.66846997,-0.14927797,-0.8968589,0.24474868,0.1297755,-0.15696633,-0.0004940102,-0.07283185,-0.14409472,-0.44446024,-0.1577592,0.4419078,0.19352365,-1.2009828,-0.7050118,-0.84833264,0.4979811,0.17111462,0.48018977,-0.24959683
nitrate,-0.110152744,-0.028489722,-0.2819124,0.45634657,0.31717506,0.7243498,0.3649258,-0.06444962,-0.13195613,0.36627394,-0.18674962,-0.63592964,-0.1743381,0.5800938,-0.76159555,-0.22562285,0.6882723,-0.48991466,-0.33350798,-0.19457887,-0.56032383,0.14997815,-0.43521166,-0.04898746,-0.12657534,0.43158752,-0.762831,0.5786726,0.17842579,-0.63981074,0.150629,0.08698238,-0.13050501,0.2255296,0.16565137,0.1955163,-0.20924246,-0.39597845,0.20916735,0.37631938,-0.15088402,0.75354767,0.50197,0.23813058,-0.20737465,0.1041362,0.11350881,0.13487507,0.67847425,-0.23455976,-0.26878476,-0.4785763,0.54196894,-0.1811263,1.3321328,-0.7420649,-0.07766649,0.08148939,-0.020031564,0.30564243,0.10705664,0.3802751,0.15222156,0.98377955,0.41744465,-0.3534582,0.1322967,-0.13065882,0.52520865,0.5415167,-0.16269995,0.34295902,0.35028297,-0.5621349,-0.31643686,-0.23739418,-0.13181019,0.141741,-0.31589714,0.5131698,0.031798806,-0.90421486,-0.30734855,-0.35917825,-0.8990724,-0.39638385,0.13199651,0.2848345,-0.26577514,-0.16650026,-0.47200227,0.24142095,0.15811753,-0.65646285,0.70001656,0.43599728,-0.51866513,0.44755062,0.17597923,-0.62728715
calculation,-0.7826843,0.257732,-0.5208679,0.67435956,-0.075006664,0.03628476,-0.014476542,0.5284706,1.2480814,0.025629116,-0.4598958,0.06541756,-0.007989587,0.44711632,-0.26797038,-1.0858176,0.23776855,-0.7533296,-0.864356,-0.26103157,-0.017151691,0.8377766,0.11282371,0.44480142,-0.4791048,-0.20967239,-0.0503183,-0.024504261,-0.21231064,-0.4920673,0.19651954,-0.079152875,0.6761794,0.36609533,0.61158866,0.11783229,0.6119233,-0.86528945,0.13329604,-0.32019266,-0.98538774,0.32801193,0.86731154,-0.55315655,0.8234256,-0.41324973,0.22489516,-0.8482798,-0.07274195,-0.7860322,-0.09906285,-0.44189423,0.26096705,-0.36942944,-0.32164744,-0.02142649,0.21473739,-0.40643707,-0.18663578,-0.21511723,-0.23849404,-0.18658538,-0.39590105,-1.0124892,0.47089726,0.35691556,0.3851918,-0.4807579,0.18267655,0.30761093,1.0648019,0.69237924,-0.14629279,-0.08038287,0.16539423,0.10900283,0.045064397,-0.33676887,0.35490537,0.602592,-0.41782117,-0.03708036,0.6438084,0.19434316,-0.2892582,0.30465943,0.43556166,-0.058056846,-0.55075383,-0.07607003,-0.2213864,0.9066283,-0.050854325,-0.24208964,-0.30459297,0.047982167,0.021496698,1.1413882,-0.37434426,0.2935137
electrolyte,0.009181685,-0.13324638,-0.27188078,-0.6559603,-0.22958006,0.11754148,0.24719515,0.12948762,-0.1531119,-0.6667819,0.007635301,0.22438303,0.756488,0.19870766,-0.5832773,0.7606987,0.5883208,-0.35920575,-0.32195064,0.62152016,0.47877,-0.4118795,0.53929657,0.6670048,-0.03708101,-0.24179892,-0.9100727,-0.5053607,-0.38767475,-1.0875174,-0.60586315,0.55005014,0.17172247,-0.3358775,-0.15607005,0.8394577,1.086012,-0.8718009,-1.0020537,0.49350947,0.77145374,-0.2619637,-0.11919224,0.025096497,-0.72937834,0.7375359,-0.42820817,0.3038404,0.95688933,-1.2178082,-0.92760307,-0.47656283,0.7454881,-0.02183851,0.40416595,0.0904133,0.42836565,0.35113835,0.06687324,0.013985605,0.4613655,0.793227,-0.6406516,0.29263312,0.3786659,0.5109029,0.016166609,0.2921919,0.4552513,-0.19117108,0.4578311,-0.59627855,-0.26892543,-0.5368164,-0.26136792,0.18498299,-0.3615094,-0.8526009,0.00774738,0.11181487,0.18133727,-0.058444943,-0.37927964,-0.57702124,0.2048183,-0.08994712,0.88675356,-0.37054375,-1.085277,-0.42419696,0.068557404,0.07297104,-0.2619524,-0.7723618,-0.24279115,-0.08663456,-0.22151358,0.09042917,-1.0246891,0.47208163
electrode,0.028200516,0.037203006,-0.33855692,0.3010069,-0.58372086,0.4809376,-0.15644602,0.5415642,0.10721269,-0.17839137,-0.36696863,-0.42186972,0.29365447,0.47214946,-0.69230455,0.84447914,0.54853994,-0.3399003,-0.1965252,0.59709364,0.29667252,1.0739833,-0.22527762,0.74275434,-0.30153006,-0.20218483,-1.1182777,0.11903367,0.08220027,-0.9359739,0.030173164,0.44931373,-0.008441717,0.62834716,-0.85228324,0.23420398,1.3204329,-0.69422024,-0.70096713,-0.5348895,0.27249914,-0.14691663,0.29758835,-0.091093674,-0.36948237,-0.12902214,-0.12309337,0.16713738,0.7911328,-0.43797418,-0.15725279,-0.5638743,0.23125769,0.18997182,0.54639685,-0.030646699,-0.33102337,0.53180826,0.5051221,-0.39477986,0.12407184,0.16011491,-0.47676143,0.3432569,0.5579657,0.3235814,-0.22447932,-0.461558,0.4654633,-0.380241,0.66159683,0.06394626,-0.34117082,-0.5926014,0.07689783,-0.094984695,-0.6319719,-0.60496634,0.3717298,0.27764186,-0.28208265,-0.22521569,0.20680828,-0.22924244,0.11573892,-0.0033047388,0.24200161,-0.4126138,-0.99033546,0.2882846,-0.13882445,-0.47325855,-0.21408407,0.26268038,-0.6671564,-0.97028345,-0.2471581,0.97312826,-1.1136026,0.2916634
chemical_reaction,-0.069078565,-0.37042582,0.27604055,0.19103035,0.06067452,-0.0012661674,-0.40799838,0.15954052,-0.029626438,0.17460956,-0.90987766,-0.33669654,0.09791136,0.3846566,-0.34549844,0.17022584,-0.37097934,-0.918103,-0.07592155,0.032476064,0.60666275,0.30640945,-0.41173965,0.09195944,0.076812305,0.24920815,0.5417513,-0.3019032,0.055036463,0.05701141,-0.93337125,-0.42188486,-1.0964845,-0.062506184,0.027280657,-0.7540364,0.7983272,-0.99318975,0.3074447,0.27756202,-0.52917284,0.77170604,-0.5057189,-0.50063115,-0.067428604,0.20088835,-0.4102101,0.45499626,0.4484972,-0.67482805,-0.4779128,-0.6908486,1.0059834,0.2641331,-0.39156932,-0.221773,0.178337,-0.05492605,-0.13042688,0.68567634,0.008549076,0.0052967514,-1.1898731,0.8646887,-0.65868926,0.5263904,-0.614926,0.24909498,0.593917,-0.58616227,0.4037441,1.2254424,0.36460748,0.14310905,-0.24087124,-0.10485308,-0.2614877,-0.3953185,0.4401761,-0.5609252,0.14033462,-0.30662918,-0.39284056,0.30307722,-0.6105233,0.6012948,0.5267966,-0.113209546,-0.82318825,0.45422858,0.1182946,-0.5545683,0.1373786,-1.1190051,-0.21785197,-0.08622236,-0.08971971,0.81530005,-0.7583189,-1.0458437
depression,0.55601776,0.118313104,-0.16595209,-0.25240895,0.5362414,0.21893872,0.27560356,0.96381587,0.5720974,-0.21158364,-1.1195234,0.16980056,0.93596554,-0.31047705,-0.725049,-1.0065209,-0.42504102,-0.21011318,-0.038746633,0.8778044,-0.11677091,0.1612677,-0.16896783,0.48108482,-0.32971284,0.2203975,-0.15518124,0.06395278,0.16783859,-0.06984999,-0.9380346,-0.4274719,0.08624721,0.2323613,-0.37410715,0.3004018,-0.03088163,-0.5317367,0.2521288,0.5959469,0.19488059,-0.31878808,0.04873757,0.7703872,0.49447984,0.013832033,-0.47715342,-0.25791106,0.038500924,-0.51096684,-0.4638917,0.2942926,0.078495726,-0.15919735,0.75566536,0.19136316,0.42055878,0.76967937,-0.40644395,0.31157535,-0.90236664,-0.08223182,-0.1465651,0.2713067,0.44235414,0.03218295,0.2775687,0.13325672,0.029103369,0.1840006,0.1333958,0.8356812,-0.82151335,-0.07478009,-0.41608524,0.3660513,0.23765695,0.26556477,0.23322836,0.14306812,0.1856322,0.14229903,0.5071396,-0.28207895,-0.20859873,0.24892725,0.47504854,0.46565554,-0.56148475,0.107950635,-0.18282254,0.10380434,-0.12487071,0.11913315,-0.39280227,0.29291657,0.118282005,1.1706498,-0.37612796,0.6165864
numerical_method,0.15263331,-0.5763637,-0.15874216,0.1374322,0.15594053,0.29287344,0.051779505,-0.012522278,0.17560712,-0.609975,-1.4831884,0.42817375,0.6906728,0.030892428,-0.115574375,-0.37157676,-0.2482323,-0.36428264,-0.45581084,-0.061558314,-0.27873558,0.6579983,0.089690976,0.07382535,-0.0069060544,-0.48985428,-0.45828706,-0.21070257,0.2739304,-0.22687916,0.5821023,0.26538014,-0.30980593,0.2664194,1.4455853,0.516072,0.4000261,-0.38016164,-0.2484251,-0.58841765,-0.18305184,-0.07893195,0.42723235,0.07717196,-0.095241964,0.47649208,0.096858606,-0.03901802,0.15382425,-0.40140018,-0.15601927,-0.8848502,0.40713927,-0.067074366,-0.25938553,-0.5141486,0.59361684,0.40852174,0.23169099,0.3960307,0.22446604,-0.31348214,-0.7123846,-0.18705562,0.70660126,0.25642255,0.49816927,-0.5423355,0.11544166,0.10606945,-0.14424756,0.24210799,-0.49126673,-0.79731256,-0.65933836,0.3674935,-0.16107781,-0.52482116,-0.012690254,0.29564667,-0.18313898,-0.107737444,-0.30963734,0.0811,-0.19883478,1.2341887,0.12306244,-0.3783277,0.3602654,0.43836525,0.5742523,0.8285956,-0.9343895,0.26686284,0.38860002,-0.31256992,-0.2520487,0.96349317,-0.7036043,0.09860811
survey_and_questionnaire,0.0060738544,0.19462973,-0.44159403,0.19884674,-0.11021788,0.364272,0.45180404,1.1175373,-0.28562772,-0.007472313,-0.90554947,-0.35764673,0.7677578,0.4212139,-0.13243483,-0.95085275,-0.6069718,-0.026304912,0.45231047,0.1016167,0.20967935,0.62140334,-0.072580904,0.67693794,-1.0442729,-0.112112276,0.039575916,0.3383574,0.23382863,-0.30681005,-0.14567967,-0.07498804,0.41476598,0.4466375,0.12991418,0.06439866,1.0643587,-0.15441762,0.0045508123,0.26043728,0.04018425,0.68947583,0.8501531,-0.281119,0.54016346,0.89672244,0.12411743,0.06431374,-0.022391746,-0.073604085,-0.025676161,-0.20715377,0.7002336,-0.40605736,0.36102822,-0.05940861,0.23521353,0.114037775,-0.37850043,0.2313051,0.06768694,1.1809068,-0.10466665,-0.57170504,0.6804109,0.48178256,0.028204434,-0.44913825,-0.5918151,1.2787038,0.20924602,-0.50497764,0.33009312,-0.28654596,-0.4064143,-0.072493315,0.28463066,0.7814158,0.8474984,-0.6392247,-0.010903367,0.25885743,-0.5242482,0.5178018,-0.40162525,0.4253827,-1.0368716,0.570251,-0.048892867,-0.08690748,0.0133127095,0.23397386,-0.35272387,0.13977511,0.5469017,0.15058461,-0.10479471,0.54462034,-0.84553546,0.3365054
substrate,0.30434293,0.14437982,-0.22632739,-0.24120125,-0.526323,0.2446364,0.02794437,0.29209447,0.38537896,-0.52373475,-0.26099172,-0.2369621,0.65666986,0.22019996,-0.42726147,-0.36177236,0.55452096,-1.1179905,-0.2990768,0.18838543,0.5499605,0.90036035,-0.7734126,0.3471571,-0.4059826,0.44513652,-0.9054341,0.5871967,-0.07311552,-0.5862956,-0.43623275,-0.901915,0.24882573,0.13577768,-0.31844768,-0.19896793,0.19408533,0.5171076,-1.3569005,0.7377258,-0.42430344,-0.19456016,0.4771009,0.40141836,-0.40879357,-0.25833943,1.0346041,0.026701337,1.2030346,-0.71961963,0.19713914,-0.6379469,-0.07049337,0.22139071,0.6104735,-0.060868714,-0.99917847,0.07565525,0.18816955,0.409465,0.35937607,-0.46641576,-0.52176976,-0.17547472,0.702413,0.78196853,-0.059538256,-0.39051193,-0.41622633,0.6658646,-0.34576482,0.256531,0.08400271,-0.26638743,0.103626475,-1.165446,-0.8156899,0.5154384,0.0840939,-0.15964757,-0.38029417,-0.8886037,0.2049014,0.05890866,-0.6045057,-0.090513915,-0.55380917,-0.0018829372,-1.6850121,0.30635735,-0.5588207,0.09740704,-0.48409793,-0.6662438,-0.84747815,-0.6396333,-0.44715303,-0.5616785,-1.0128293,-0.59607816
ionic_liquid,-0.11470644,-0.014175618,0.5610321,0.19366407,-0.10709154,-0.4399931,-0.035006173,0.19285667,-0.35349104,-0.53797275,-0.561961,0.56170726,0.5584448,1.0617199,-0.79082596,0.05200909,0.65705734,-0.94118285,-0.37428424,0.0175669,-0.5796627,1.2252846,-0.19909698,-0.43207955,-0.51340276,0.37150407,-0.8281905,0.08656762,-0.7223895,-0.39586097,-0.04495585,-0.10136824,-0.51718956,-0.023346022,0.5667536,-0.27601135,-0.04855826,-0.5851513,-0.45352638,0.4562543,-0.7330953,-0.7580749,0.4845996,-0.5215591,-0.13139996,-0.25280747,0.602546,0.26984286,0.8366308,-0.028897973,0.16440919,-0.9204222,0.5817096,0.7670377,0.047256973,0.066584505,-0.11501291,-0.008689023,-0.2673622,0.44292867,0.5351306,-0.73169893,-0.99266136,-0.02446972,0.5366499,0.110421374,0.82629293,-0.5606424,-0.08978627,0.12362138,-0.37926522,0.12820204,-0.12124448,-0.08309651,-0.51375175,-0.77139443,-0.9919122,-0.23149417,0.11337151,-0.17704141,-0.54214895,-0.315649,-0.05408893,0.48243445,-0.49776763,0.9923428,-0.7393032,-0.44662598,-1.1479578,0.4397616,-0.07187263,0.6410933,-0.21191242,-1.0318996,-0.37156844,-0.38660693,-0.1837606,0.033834618,0.022127291,-0.38630575
drinking_behavior,0.78411776,-0.2458129,-0.54528743,-0.034032546,-0.19141427,-0.03761934,0.62555754,0.612332,0.073351696,0.19263472,-1.0326912,-0.2834763,0.6148582,0.11391262,-0.5046998,-0.62703127,-0.42077854,0.29137728,0.16306281,0.36720964,0.06788394,0.36731523,-0.6638295,0.26464012,-0.73010284,-0.12430442,-0.53816885,0.7322746,0.2570377,0.05077737,-0.10305634,-0.19441359,0.28669828,0.18479899,-0.45996362,-0.22201191,0.99113417,-0.8342072,0.08585258,0.4259668,-0.30477983,0.23301034,0.2600271,-0.35522002,0.1583212,0.15021719,-0.34087968,-0.21856132,0.1438963,-0.2964714,-0.4207856,-0.26287097,0.49210152,0.22233833,0.2109877,-0.5549325,0.47829792,0.454042,0.10983297,-0.10449852,0.18364723,0.23663549,0.232265,0.13857813,0.6024212,0.730934,0.19147752,-0.44184726,0.21915847,1.3594981,-0.42574373,0.16178536,0.29925337,0.3059623,-0.6175977,0.40807945,0.03869522,0.39225227,0.390947,-0.63650167,0.47564608,0.16773298,-0.2658839,0.4253722,-0.39449358,1.0862354,-0.55098766,0.7391704,-0.26966205,0.3539081,0.31714562,-0.3805141,-0.59096676,-0.30130076,0.4286168,-0.4604841,-0.17307423,0.77215326,-0.06702817,0.44706425
comorbidity,0.12283288,0.63107276,-0.5613052,0.06197603,-0.01678014,0.34928444,0.54092705,0.7417797,-0.640188,0.3280864,-1.086532,0.18344073,0.22572643,-0.25033823,0.043700296,-0.76451546,-0.5433579,0.041892767,-0.24254824,0.5491092,0.09865354,-0.021391662,-0.041203406,0.2005313,-0.7124679,-0.09556645,-0.28694698,-0.44071347,0.09359188,-0.25085142,-0.13787243,-0.43920052,0.11739194,0.22445053,-0.32466054,0.69062066,0.97721237,-0.25027922,0.37772307,0.24545957,0.39749372,0.19146062,0.65350384,-0.097286455,0.19895871,0.119862564,-0.21290143,-0.34039626,0.5240397,-0.19792517,-0.21191505,-0.28356183,1.3621823,0.02640307,0.21310641,0.1664708,0.5115347,0.040174805,-0.09887776,0.06831765,0.38725942,0.05252886,0.15543894,0.34187484,0.33440852,0.8137035,-0.47153124,-0.49656063,0.061478104,0.8143346,0.16185209,0.05081232,0.15635803,0.03405616,-0.54625475,0.28066424,-0.26839933,0.27400383,0.73124886,-0.1109886,0.08464897,0.2092464,0.1664533,0.31127205,-0.11220201,0.76413774,-0.09118015,0.64093685,-0.29220372,0.06558621,0.13923106,-0.17725609,-0.33586368,-0.00685833,0.6973849,-0.30472335,-0.3796805,0.75304055,-0.3995093,-0.029749814
alcohol,0.3985601,0.22112057,0.020158343,-0.07904334,-0.5897966,-0.27523223,0.2420427,0.009135961,0.076548114,0.23334333,-0.12488882,-0.3273505,-0.10281065,0.6154386,0.31374243,-0.41646272,-0.2495135,0.6205682,-0.042248625,0.17381278,-0.09421729,0.24970022,-0.7697796,0.4277724,-0.1562694,-0.08198663,-0.099582724,0.011749923,0.22309555,-0.7474823,0.1635108,0.28319693,0.2674861,0.30340713,-0.21567343,-0.25617266,0.36343074,-1.1609153,-0.1419021,0.27461562,-0.081674464,0.1545993,0.91320217,-0.26848173,0.9263824,-0.71432203,0.11543977,0.63534915,0.7793611,0.370354,-0.7060904,-0.52298033,0.6619899,0.12136942,-0.33523026,0.17311133,0.65707856,0.62747544,-0.35462803,-0.3956624,-0.37512952,0.56134963,-0.38780472,0.053003326,0.046987034,1.3861214,-0.5990332,-0.59007937,-0.5599216,1.1198611,-0.02059395,-0.2593602,0.2682169,-0.10090153,-0.50110394,-0.25013426,0.47406915,-0.014537172,0.06773901,-0.85363334,0.34621483,-0.01462893,0.018946782,0.51839256,-0.2945626,0.72501194,-0.53161573,0.99177635,-0.3250719,0.32295612,-0.012566369,-0.5457064,0.014269928,-0.34016284,0.01581507,-0.4112578,-0.3157791,0.53537256,-0.70046747,0.013650944
age_factor,0.39906663,0.20890966,-0.6012761,-0.5353258,-0.12669615,0.3427751,0.15872018,0.17190948,0.3241139,-0.10427581,-1.0477881,-0.3987563,0.56462514,-0.3390876,-0.082909636,0.095010474,-0.61174613,-0.09180919,-0.38081267,0.113703094,0.7190741,0.22891243,-0.41151255,-0.296356,0.11371367,0.12259931,-0.24166925,0.3905288,0.49047357,-0.2030401,0.14270025,-0.23358373,-0.29037413,0.1819673,0.26231807,0.7429534,0.76738787,-0.5106523,-0.16937715,0.7426184,-0.10991124,-0.27947614,0.4421628,-0.38987148,0.10113959,0.5124539,-0.06233875,-0.1324274,0.36651263,-0.6513127,0.060138702,0.13613684,0.6406666,-0.16459037,0.0411922,0.071993046,0.7100736,0.32221526,-0.4911091,-0.27465233,0.3324809,0.1639688,0.42366573,0.5279881,1.1513945,0.19249187,0.08185347,-0.24480598,-0.14778276,0.5631156,-0.78541744,0.021623695,-0.22728342,-0.56288385,-0.9464186,0.29274848,-0.06312714,0.21265464,0.51174533,-0.5859056,0.7307217,0.36584762,-0.47864392,-0.14058815,-0.6600401,0.17816511,-0.18100229,0.34094733,0.16520835,0.16020574,0.5646446,0.19497102,-0.16709168,-0.46108398,0.6081162,-0.086563416,-0.11523315,0.61844426,-0.3226853,-0.034472704
pig,0.09856088,0.4018442,0.059012283,-0.47722253,-0.3942814,0.41870964,0.95210105,-0.14151002,0.68638897,0.14518306,-0.79187953,0.90403455,0.8173675,0.31835884,0.32396486,2.3826586e-05,-0.37191394,-0.87039846,-0.2587929,-0.6107773,0.6340281,-0.011330436,-0.22245598,0.02307359,0.7796598,0.115792505,-0.24264918,0.46043372,0.53741753,-0.6555778,0.11488253,-0.31027052,-0.8678518,-0.18519841,0.7507089,0.30454588,0.1969284,-0.48346382,-0.31567314,0.66454256,-0.16611138,-0.55818397,0.80730605,-0.15172553,-0.23159595,0.38845542,0.6170634,0.20173158,1.0069475,-0.30595285,-0.73934776,-0.29811776,0.4882665,0.3531067,-0.33438352,-0.0056952415,0.9844682,0.12539943,-0.6715013,-0.42313945,-0.08574215,0.24463992,-0.68429005,0.29491162,0.748229,0.43229437,0.114677735,0.11840984,-0.50659084,0.47401607,-0.44530526,-0.28770953,0.21071354,-0.5563041,-0.4835471,0.18126272,-0.34093857,0.35829118,0.50564617,0.0016467649,0.75606024,-0.34033424,-0.45912635,-0.1461508,-0.41694945,0.551395,-0.28680348,-0.5198394,-0.006864029,-0.43266794,0.6484505,0.2999112,0.12408597,-1.0516846,0.31272864,-0.50111216,-0.30608365,0.52931744,-0.49124718,-0.20859748
theoretical_study,-0.36485273,-0.427604,0.2551417,-0.0896095,-0.17578004,0.24746862,0.12442283,0.5490705,0.38972056,-0.11491219,-0.6313587,-0.16498977,0.4068173,0.2130471,-0.49342003,-0.91740113,0.49872887,-0.77080756,-0.5854801,-0.086961694,-0.67395324,0.8733814,-0.1962236,0.59422266,-0.25122243,0.16292486,0.15279113,0.60182226,0.2827827,-0.7135568,0.577654,0.2475862,-0.50474685,0.5323733,1.1517085,0.21689714,1.0099612,-0.7602798,0.57516384,-0.5022776,-0.6737716,0.30137208,0.44574827,-0.020905156,0.8402098,0.06733499,0.71110135,-0.23729075,0.8117921,-0.44166666,-0.36169598,-0.6388317,0.02660643,-0.18627363,0.2331833,-0.862665,-0.018239327,0.3032997,0.4554765,0.16909643,0.16806114,0.21907614,-0.6700874,-0.41205394,1.0152957,-0.29009044,0.34877503,-0.18286678,-0.109214775,0.16433536,0.90439373,0.20848578,-0.31027892,-0.98819774,-0.061524324,0.92239124,-0.14760211,0.10747149,-0.15303957,0.42799187,-0.12759773,-0.808915,0.21506342,0.0012929585,-0.27085182,0.7956783,-0.33206457,-0.98369706,-0.41862547,0.75185585,-0.32429218,0.4109503,-0.20050637,0.0018185113,-0.4063345,0.33374277,-0.27685222,0.9715985,-1.0604566,0.2311992
electric_field,0.3040808,-0.09361983,-0.051719677,0.1402285,-0.388775,0.37858787,-0.5693365,0.2164982,0.6900007,-0.9136681,-0.8004819,-0.22418302,0.44683066,0.03192739,-0.08184041,-0.53277266,0.3717244,-0.13268746,-1.0608523,-0.36362058,-0.684248,0.7536392,0.55916065,-0.2825683,-0.10857229,0.046000343,-0.38726884,-0.3860051,-0.53099215,-0.3501501,0.35690817,0.039567035,-0.16437867,0.14635797,1.1527956,0.63877106,0.7122811,-0.47513586,-0.15223628,-0.41658843,-0.24667123,0.70318055,0.34304467,0.22476086,-0.16665241,0.38803425,0.3592035,-0.16440909,-0.27293605,-0.135971,0.2950844,-0.04441508,0.034384526,-0.43183467,-0.19652934,-0.7093643,0.17419802,0.78249264,0.09826621,0.42342612,0.73371387,-0.16595462,-0.51449573,-0.34293598,1.1668582,0.0497148,0.11804254,-0.5015824,-0.5043677,0.8234894,0.024537358,0.0669414,0.15025227,-0.85553354,-0.6638429,-0.12933904,-0.21645096,0.36295703,0.089966044,0.3210899,-0.08028236,-0.2063302,-0.4986655,0.18983923,-0.60986453,1.467924,-0.1851546,-0.27714825,-0.21899647,0.06998155,-0.53486305,0.8827438,-0.6785057,-0.02616624,0.1270538,0.057348773,0.20474349,0.07663943,-0.25529906,-0.44734082
metal,-0.5101392,-0.5401692,0.19387136,0.3252799,0.15248209,0.036684416,-0.12010908,-0.353965,0.38300863,-0.19896455,-0.7973098,-0.7051145,0.18417434,0.060410764,-0.8592982,-0.45203975,0.23971893,-0.7491967,-0.35965014,-0.21260834,-0.348932,0.43885943,-1.0394201,0.7357758,-0.7589322,0.00680409,-0.45665994,-0.24906783,-0.018033046,-0.13507286,0.2971997,0.6640908,-0.7564399,0.13656625,-0.4534121,-0.0049697245,0.75721383,-0.8528493,0.23588721,0.25347877,-0.35158813,0.03347454,0.23558728,-0.29699746,-0.5055999,0.40039742,-0.5476743,0.19873595,0.3498224,-0.14025468,-0.5219374,-0.49412546,-0.028898094,0.081042215,0.90380067,-0.3423918,-0.38943473,0.6387469,-0.018262887,0.27914533,-0.2124623,0.05021913,0.06667239,-0.22106732,0.084460326,0.88572824,-0.31411105,0.31823033,-0.4261877,-0.65789676,0.59967846,0.7989792,0.12287925,-0.11876638,0.3603513,-0.30757052,-0.41302845,-0.2735061,0.17634103,0.7547514,0.5151566,-0.8659809,0.020867385,0.9122817,-1.0382882,-0.8624344,0.9219098,-0.42798516,-0.031827513,0.5440658,-0.8206298,-0.10895565,0.10312802,-1.1140318,-0.3264593,-0.9502558,0.1732138,0.3882566,-0.56940126,0.09431082
ascorbic_acid,-0.13271724,-0.0983423,-0.12992504,-0.39274335,0.36651558,0.62175333,-0.13158126,-0.05093083,0.32248452,-0.14604053,-0.22799343,-0.22669075,0.08441371,0.19395167,-0.67450625,0.11107033,-0.22055277,-0.72974706,-0.6864664,-0.17088798,0.104083166,0.26908764,0.3496882,0.029211741,-0.10242737,-0.3178215,-0.15214604,-0.88868326,-0.549174,-0.8274378,-0.12575474,0.18468414,-0.22543871,-0.060737528,-0.0743323,0.5901939,1.0452851,-1.5180048,0.08215559,0.5365445,0.22848235,0.17879023,-0.065839395,-0.56630844,-0.19435346,0.5502761,0.25313762,0.7453611,0.5955865,-0.5104497,-0.4167481,-0.578107,0.092657335,-0.17391925,0.62615895,-0.022929031,0.50525063,0.5997266,-0.37749314,0.35680902,-0.038799144,0.7165677,-0.45473537,-0.013846875,0.5405581,0.27940524,0.4805985,0.2517674,-0.074914,-0.6060988,0.2270554,0.0065263524,0.18415701,-0.6035412,0.22268708,0.10129699,0.27932972,-0.17389031,-0.52348614,0.9257857,0.20657009,-0.41837958,0.37211117,-0.15689643,-0.72828054,-0.6307628,1.1083832,-0.14472355,-0.31794167,-0.4536981,-0.3550202,0.114198014,0.58843446,-0.5598787,-0.39374188,0.004973913,0.416917,-0.123504244,-0.9390895,0.2829148
"models,_molecular",0.8246623,-0.21967699,-0.21521126,-0.22511357,-0.4999896,0.36370462,1.296316,-0.45912138,0.27659032,-0.4309516,-0.97357875,-0.041700196,0.27648678,0.5583487,-0.12387294,0.40488237,0.18247348,-0.4983273,-0.10448742,-0.011023928,-0.19929151,0.29278985,0.13202465,0.26434466,-0.004599945,-0.2535605,-0.25164366,0.41364667,-0.20559625,0.10549596,0.44021004,0.22985874,0.31844166,-0.6958614,0.4070108,-0.04321967,-0.13992344,-2.0622706,-0.03606981,0.44875193,-0.37124428,0.07661108,0.7966228,-0.3699907,0.10255975,-0.34534678,0.35505652,0.32011494,0.4533394,-0.29840064,-0.6922351,-2.0813122,-0.13523355,-0.19611868,0.035518628,0.36004034,0.4627937,0.4251453,1.075837,0.086441785,-0.15230471,-0.28598848,-0.015679143,-0.18205217,0.30592245,-0.1731109,0.409525,-0.43832698,-0.23048918,1.0840967,0.10791186,0.94993734,0.07039072,-0.34499255,-0.08389115,0.65262145,0.5384019,-0.2954909,-1.0045307,0.2267152,-0.0008147291,0.12201166,-0.07458713,0.3236092,-0.011768674,-0.28242657,-0.0421911,-0.577356,-0.22108606,0.2061219,-0.21285789,0.7554247,-0.9100435,0.038844034,-0.10198992,0.035008814,-0.71906954,0.82254314,-0.43895245,-0.371622
reproducibility_of_result,0.6849587,-0.42626005,-0.9845675,0.1206214,0.21183203,0.7116667,0.9776727,1.1224449,0.084388316,0.28427237,-1.9061707,-0.59763163,0.50407505,-0.032266203,0.14519143,0.08139263,-0.498335,-0.43312168,-0.0673092,-0.067474455,0.3947179,-0.45254716,0.1442375,0.5418801,-0.56124073,0.38583633,-0.38865054,0.2068184,0.52205753,-0.09682597,0.083138354,-0.16316958,-0.0747091,0.384606,-0.29138708,0.83183146,0.5281238,-0.93783635,0.20972009,1.1858445,0.07695152,1.0952994,0.41467893,-0.15096171,-0.13325188,0.40974134,0.060091965,-0.37434492,0.014820039,-0.26129442,0.040273063,-0.7180052,0.5757052,0.08497527,0.53126407,0.111036554,0.14266773,0.56196386,-0.30856416,-0.052663106,0.3083652,0.8403169,0.8666878,0.24577299,0.3599061,0.5666527,0.020203328,-0.22668785,-0.12391016,1.3435625,0.3192641,0.12539345,-0.3623208,-0.26298797,-0.37734663,0.6587684,0.06997947,0.65268004,0.70340157,-0.5693334,0.041250978,0.8123367,-1.0269315,-0.20211394,0.040801294,0.4709351,-0.28151608,0.051663518,0.3355722,-0.79264617,0.11281672,-0.16338094,-1.2837409,-0.018373307,0.5937798,-0.50820297,-0.15928444,0.6211888,-0.031423792,0.054760203
reproducibility,0.71709013,-0.4192045,-1.0005536,0.112510875,0.20921214,0.7332167,0.9641442,1.0846103,0.029986314,0.33940384,-1.8684815,-0.5771383,0.49173808,-0.058636505,0.1296626,0.06583491,-0.53218687,-0.397337,-0.10619999,-0.10725324,0.37380067,-0.42080554,0.15837862,0.4826812,-0.5472773,0.38145018,-0.3837555,0.21360701,0.5007993,-0.07073839,0.076808594,-0.14815268,-0.06263099,0.36306915,-0.26330575,0.84855384,0.58143914,-0.92649984,0.23274867,1.184793,0.0692622,1.0857879,0.42091337,-0.1746647,-0.08319986,0.4203261,0.056070264,-0.38947663,0.061530486,-0.2828239,0.054262783,-0.7282991,0.5832282,0.026222536,0.49586603,0.12738416,0.18234573,0.5367565,-0.29945564,-0.0596016,0.3052816,0.91959524,0.82448,0.23667128,0.39872482,0.54394406,0.037765462,-0.20468411,-0.11956696,1.3622311,0.33318615,0.17107661,-0.33573824,-0.30068007,-0.40138042,0.6923952,0.054602988,0.63314337,0.7042225,-0.53210694,0.051927283,0.81173754,-0.9730923,-0.19978894,0.04647728,0.4672943,-0.2636969,0.061260108,0.32035756,-0.7174848,0.15106763,-0.20864058,-1.268665,-0.028841328,0.61789846,-0.46181577,-0.16486427,0.64878446,-0.07414838,0.042746503
physical_chemistry,-0.05610323,0.4344163,-0.4253544,-0.00048099633,-0.09931599,-0.11297972,0.6247283,-0.034670386,0.1830714,-0.80056876,-0.80772513,-0.13338669,0.4395408,0.9066114,-0.87543756,0.46342596,0.60903496,-0.3215448,-0.114918336,-0.8451608,-0.1042429,0.1435741,-0.06481656,-0.14248218,-0.091061875,-1.2325388,-0.5303669,-0.9073735,0.19197603,-0.2564469,0.7656942,0.14201665,1.129844,0.13387796,0.6555667,0.032834936,0.25198078,-1.2850472,0.41514835,-0.5597254,-0.16089982,-0.27618366,0.16595994,-0.06123033,-0.42955217,0.10352115,0.40155947,-0.0547563,0.87279516,-0.2913825,-0.7064314,-1.5726215,-0.6364596,0.8612993,-0.8839529,-0.44770506,0.42613083,-0.2270444,-0.2928217,0.96025556,-0.45520118,-0.14123623,0.32809004,0.4545707,0.12858535,0.13833925,0.37125516,-0.47935736,0.2603342,0.34587002,-0.3259152,0.7750157,-0.27332628,0.69453907,0.18672322,-0.38083395,-0.22597113,-0.37878624,-0.37994662,-0.504226,0.16466686,-0.044816468,-0.41344303,0.7018491,-0.583945,-0.05480907,0.5369254,0.092904724,-0.3226191,0.55319613,0.3565848,1.693224,-0.54489654,0.25521454,-0.18481946,-0.89528286,0.36115384,0.11139078,-0.6376792,0.42068255
neoplasm,0.33856785,0.06542732,-0.23775029,-0.43502042,0.68948585,-0.3121582,1.0885442,0.8014673,0.86938125,0.25410178,-1.2817867,-1.2485694,1.3647634,0.539506,-0.5367066,-0.10891074,-0.20248035,-0.029725533,-0.99663115,-0.21561195,0.2519062,0.91859186,-0.53384715,-0.31068534,0.5830962,-0.08086823,-0.06850864,-0.8676508,0.06080197,-0.74526775,0.42112792,0.06681202,0.28384817,-0.594475,0.5184923,0.21734536,0.44615957,-1.155793,0.016870642,0.27229398,0.6721478,-0.17869611,-0.103213355,0.76429874,-0.67771506,-0.7910189,0.35976878,-0.23267347,0.43254724,-0.44657415,-0.89282936,0.2538148,0.14680052,-0.027457168,-0.15217163,0.41253355,1.0223534,-0.051056575,-1.4973445,0.6512184,-0.03604211,-0.45508608,0.79082644,0.7958133,0.30722684,1.1113226,-0.510389,0.37354383,-0.09316839,0.7942704,-0.75584376,0.4629864,0.20692492,0.5823718,0.120882235,-0.1654677,0.3833206,0.3390449,0.38804847,0.31285006,0.62320477,0.484805,0.64048856,-0.06732137,-0.99046314,0.26852432,0.24323256,0.68978345,-0.5794376,0.63935506,1.0629454,0.20729475,-0.36659774,-0.30698246,0.07613658,-0.117291495,0.7584216,0.4409731,-0.16605031,-0.50052375
reactive_oxygen_specie,-0.4598867,0.073994644,-0.12151658,0.48959884,-0.09026633,-0.15497927,0.67743,1.2523035,0.33654237,0.20514022,-0.6399017,-0.5982203,0.39860386,0.9979932,-0.626798,0.3063509,0.20826697,0.07701074,-0.0080714645,0.06479532,0.46292868,0.32364878,0.026001979,0.40936446,-0.0126551045,0.6312262,0.18559161,0.015969869,-0.13482623,-1.2434869,-0.5296987,-1.1847713,0.41953537,-0.0352688,-0.3117552,0.23165448,0.5508691,-1.1461011,1.4134048,-0.098544754,0.041354503,0.16778064,-0.23010007,0.09764827,-0.27587277,0.01791028,0.29813161,1.3008059,0.8627564,0.9347445,-0.3704254,-0.61489743,0.40738037,0.89700353,1.0396672,0.39330244,0.85958004,0.17963907,-0.4705234,0.34365207,-0.76415175,1.2196543,-0.40134498,0.31359896,-0.076183975,-0.23520413,-0.7420508,-0.44906175,-0.4085093,0.9788915,-0.0676175,0.08804385,0.22888292,-0.05567077,0.11028442,-0.27430016,0.4769847,0.29322967,0.69192684,-0.33188534,0.60391515,-0.4289079,-1.4125696,0.45226893,-0.09111561,0.066263236,-0.47551566,0.198059,-0.4305546,0.49015346,-0.13649233,-0.05581166,-0.08523698,-1.061609,-0.93153244,0.21069267,-0.08279872,0.3599576,-0.5244774,-0.18178046
high_resolution_transmission_electron_microscopy,-0.44086403,-1.6527789,-0.007536271,-0.26310885,-0.14513513,-0.03638944,0.39715216,0.3038207,-0.26061577,0.13845812,-1.1274229,-0.20915641,0.41264123,0.061510213,-0.93890566,-0.27554235,-0.19145304,-0.64147055,0.19106013,-0.031883955,0.13972695,0.9561369,-0.18508627,0.1126375,0.016314834,0.56964993,-0.9429125,0.051361028,-0.21218088,-0.2270502,0.034700606,0.1280342,-0.4913244,-0.13130999,-1.0656458,0.46005297,0.36322364,-0.8634871,-0.19231923,0.2002751,-0.3064777,1.0166049,0.05369583,0.14266157,0.26073667,-0.30617476,0.12937753,-0.27406147,0.7210134,-0.42679307,-0.6507751,-0.631729,-0.0047398657,0.16071811,0.78866947,0.06831969,-0.61406463,-0.08969913,0.09032491,-0.04167021,0.50233406,0.39070934,0.104859516,0.65401626,0.68244064,0.1361926,0.65504205,-0.7176523,-0.43119556,0.07717121,0.074390225,-0.79987556,-0.3105803,0.0049067256,-0.097229615,-0.049849138,-0.020759411,0.17746183,0.12782124,0.2728828,-0.30068824,-0.8062947,0.095140554,0.0778453,0.28019303,-0.23432265,-0.54450786,-0.10848709,-0.120119534,0.27480528,-0.20225751,0.7529538,-0.78350055,-1.1752208,-0.21265192,-0.059077412,0.44218698,0.6856776,-0.25965804,0.3340864
classification,0.678748,0.71968716,-1.3230113,0.39137477,0.085790254,0.2265785,0.6902675,0.09026235,0.7584666,0.10325908,-0.7320505,-0.82785106,-0.068603456,0.45497817,-0.7011588,0.08795791,0.67029595,0.019798897,-0.059914846,0.04914193,0.45138115,0.21967685,-0.4441418,0.17282324,-0.73641044,-0.20886916,-0.5415887,0.66265666,0.16762796,-0.2495117,-0.43202135,0.0041162376,0.0058701383,-0.26165128,0.109189115,-0.09223844,0.49899444,-0.7595419,-0.4841666,1.0181729,0.05612546,1.0141916,0.120222844,0.5279669,-0.17947076,0.08024511,0.25682268,0.3356682,-0.081666924,-0.45361757,0.09981588,-0.48296687,0.32505772,0.5031272,0.39491266,-0.6300788,0.38977715,-0.009191471,0.20803103,-0.24127805,0.43144116,0.32632598,0.90670925,0.46922058,0.03880538,0.21062988,0.61124784,-0.25332174,0.79315567,1.4463316,0.4296491,0.0047741183,0.7392966,-0.6944036,-0.25259477,-0.20749407,-0.23260689,0.42923236,-0.23742814,-0.7467065,0.52936524,0.43430197,-0.5307182,-0.44933906,-0.48965278,0.08271432,-0.7421346,1.0534472,-0.11418209,-0.15693381,0.39970666,0.097932376,0.19470634,-0.070359506,0.3362708,-0.8878191,-0.05934116,0.25939056,0.7815358,-0.14335677
bacterium,0.45086628,0.22559659,-0.21902369,0.27305388,0.08518185,0.20189819,0.59312326,-0.1210974,0.1902298,0.025783822,-0.0690794,-0.4010511,0.121011116,0.4910784,-0.89913136,-0.46842304,0.7290196,-0.13427478,0.44996476,0.03010552,0.5031393,0.3399027,-0.48886675,0.1920737,-0.13372025,-0.29429045,-0.41574404,0.41811714,-0.19469267,-0.85713726,0.38891754,-0.5350851,-0.121701024,0.19034524,0.2816331,0.044956814,0.8906867,-0.68492764,-0.23833863,0.21869606,-0.0089167105,0.15622105,0.10078154,0.45864883,-0.16629288,-0.06282709,0.3710201,0.4416132,-0.31539202,-0.5042521,-0.15272735,-0.47725293,0.2133096,-0.15434414,0.10676888,-0.58760804,-0.16328032,0.023169106,-0.0143362405,0.2529981,-0.015343744,0.059655223,-0.07018494,0.7444603,0.45102328,-0.07252013,0.26022616,-0.6352859,0.89746684,-0.21558167,-0.63423103,0.22662064,0.469409,-0.7477691,-0.40511012,0.08320699,-0.30102587,0.43671164,0.24014659,-0.15860684,-0.32634017,-0.11997385,-0.3268424,-0.12232125,-0.75053555,-0.16540907,0.57544744,-0.17748868,-0.39335054,0.035312906,-0.4019667,-0.047074094,-0.08210525,-0.13006471,0.2807921,0.07423471,-0.36618686,-0.15351354,0.47189197,-0.02845301
preschool_child,0.15417375,0.1974141,-1.0212477,0.21761887,0.12095292,0.08793966,0.6556672,1.3735074,0.029855236,-0.13281262,-1.6517091,-0.27047247,0.49383458,-0.14788434,-0.12533718,-0.63144666,-0.8060523,-0.24919754,-0.71958864,-0.022506902,-0.12226836,0.77293426,-0.14603451,0.42293382,-0.7916629,-0.3455067,-0.6472933,-0.006523918,-0.0024934178,-0.35117143,-0.18504654,-0.18124354,0.02402276,0.02651557,0.07510632,0.55041087,0.66324073,0.022611808,0.43123534,-0.004084868,0.53607285,0.50213164,-0.06769001,0.27637213,-0.09761483,0.40516794,0.12614964,-0.4397111,0.2008743,-0.44791594,0.03480838,0.12055518,0.605915,-0.60419196,0.5759359,-0.39467052,0.5645169,0.09608819,-0.67857367,0.37124252,0.5279506,0.012594217,0.3004318,0.66990185,0.92657286,0.467815,-0.029345853,-0.0057589104,-0.3402756,0.69323266,0.36097944,0.25799474,-0.048027117,0.073611654,-0.43636864,0.039549775,-0.5918499,0.16260281,1.1620116,-0.47562164,-0.47314793,0.29674354,0.0961098,0.41451246,-0.6618381,0.21108074,-0.07201339,0.49001202,0.3223437,0.12576035,0.63806415,-0.0050542657,-0.5900383,-0.004141394,0.5790993,0.11361739,0.23861073,0.23427074,-0.36548004,0.19495423
computational_fluid_dynamic,0.28782025,-0.6316291,-0.39741212,0.51782113,-0.4929115,-0.35994977,-0.25931293,0.39416197,-0.2685753,-0.21756911,-0.7132715,-0.031054724,0.7199754,0.54704535,-0.81229895,0.26314119,0.32469434,-0.47051165,-0.167073,-0.40276992,-0.023797657,0.6672197,0.28878123,-0.0029524646,-0.4975097,-0.33573,-0.89819163,-0.15030468,-0.3072439,-1.0414659,-0.3461501,0.15547003,0.4633714,-0.24928765,-0.37763262,-0.016730485,0.21658878,-0.51040673,0.12458801,-0.25465417,0.68186015,-0.13271897,0.48170525,0.019208204,-0.83874065,-0.18536834,-0.9457292,0.32996246,0.5606376,-0.69863904,0.14875206,-0.42273688,0.6549881,0.27076358,0.5239292,-0.50078285,0.049305126,0.13734367,0.5742636,-0.36863986,0.23396899,0.13639465,-0.24190246,0.2919193,0.03345758,0.067839056,-0.35638916,-0.6686422,0.28160748,0.14835495,0.12528169,0.5584323,0.34184554,-0.28839922,-0.3056919,-0.54138625,-0.2848677,-0.33260766,0.32790083,0.5205984,0.35755095,0.052064855,0.38515243,0.06493601,-0.086601004,0.8609108,0.34690782,-0.35372135,-0.37631541,0.4190646,-0.09774874,-0.15418947,-0.79497963,-0.3910532,0.29498369,-0.3908584,0.2210696,0.2418375,0.4503053,-0.63043636
molecular_weight,0.38675088,0.47210252,0.15570928,0.41098553,-0.3640843,-0.15617694,0.6800341,-0.59041584,0.3715544,-0.5860456,-0.41873288,0.5553735,0.71739817,1.3632536,-0.077760406,0.57468927,0.07327212,-0.6480365,0.16727771,-0.83005846,0.0264222,0.5653264,-0.7291213,0.25065994,0.20755619,-0.24446899,0.2613396,0.65367347,0.34562793,-0.6230652,0.78873,-0.8617669,0.31861576,-0.2764457,-0.22534661,-0.7406183,0.08505307,-1.0746268,-0.20127083,0.23533209,0.30959406,-1.0108899,1.2150031,-0.7604487,-0.16293949,0.07647342,0.53402764,0.79276776,0.599349,-0.27878538,-0.5321756,-0.89471024,0.17777488,0.16019404,-0.12671249,0.07622773,0.65032566,0.27918997,-0.32972893,-0.09641748,-0.6698247,-0.040335447,-0.34196824,0.17713319,0.4993126,0.076382205,0.57396305,-0.5412764,-0.37151557,0.14349382,-0.32078338,0.8057474,0.42381975,-1.1746835,0.39552927,-0.18681574,0.537487,-0.22276495,0.065159075,-0.4445372,-0.3035813,-0.050880603,0.08852157,0.39349043,-0.25708205,0.32101092,-0.13640918,0.37991366,-0.25530523,-0.17690374,0.20375784,0.80095065,-0.26676598,-0.30299807,0.6405331,-0.66435724,-0.3006045,0.24947435,-0.18420061,-0.524913
emulsification,0.21000828,0.024285128,-0.1229969,1.0856999,-0.91820985,0.3862358,-0.36737975,-0.30955505,-0.26952294,-0.5971714,-1.4831238,0.8685625,0.5372743,0.6788744,-0.14009997,-0.16974586,-0.556789,-0.89237404,0.382608,0.10885243,0.18216145,0.5971708,-0.394758,0.1356653,-0.77265894,0.05095281,-0.8253848,-0.0013710515,0.33148068,-0.5448833,0.4619005,-0.33488628,-0.07781878,-0.0852066,-0.29287094,-0.33100423,-0.37466463,-0.5049489,0.38038582,0.7157346,-0.1189903,-0.5358043,0.37187517,-0.5489412,-0.6642421,0.535786,-0.5543868,0.79913455,0.28364655,-0.21315062,0.3146009,-0.85861766,0.24208587,0.41588992,0.36216843,0.37703007,0.4012495,0.25706238,0.08245914,-0.017543886,-0.56214726,-0.2536795,-0.5773062,-0.052003257,0.13615926,0.35054585,0.23552483,-0.28250003,-0.076303646,-0.061820857,0.07803548,0.48897144,-0.19630203,-0.614121,0.14917997,-1.331175,-0.34251657,0.12026134,-0.3390574,-0.385812,-0.123992406,0.6295638,0.12060822,0.21743694,0.00030162156,0.22861353,0.43881345,0.027326593,-0.0058092456,-0.43634295,-0.48277023,0.6931808,-0.6588838,-0.39811718,0.2953371,-0.9386325,0.10125398,-0.023506422,-0.40807986,-0.1757205
thin_film,0.3412145,-0.36735606,0.1584494,-0.5214893,-0.16335298,-0.3833523,0.09955155,0.63147056,-0.33524475,-0.83553416,-0.72482145,-0.6417985,0.3750531,0.47800437,-0.28818038,-0.80027384,0.062073052,-0.36215675,0.23422024,-0.3492338,-0.4256103,0.12860832,-0.34260133,0.21724626,0.2865266,-0.21351527,-1.6454574,0.21162894,0.6668238,-0.33844185,0.16027609,-0.7269155,0.8871116,-0.29325876,-0.21196195,-0.012958607,0.30285388,-0.5325783,-0.12645037,0.26630062,-0.7571645,0.18852122,0.39449996,0.20061801,-0.7258241,0.14008616,0.10222668,-0.058372214,1.071003,0.115878426,-0.16686755,-0.39912048,-0.50579065,-0.13026275,0.86739546,-0.13202158,-0.8152569,0.49289903,0.30739728,0.13281631,0.0890761,-0.6707421,-0.6841027,-0.2719786,0.9534888,0.256389,0.09329162,0.22686715,-0.7680506,-0.07669345,-0.3773068,-0.49469495,-0.4766788,0.15149625,-0.34917337,-1.0838459,-0.35128537,0.42977336,0.38605896,-0.02556453,0.4033756,0.38181284,-0.6702973,0.3454027,-0.27028704,0.6439798,-0.34698194,-0.7251326,-0.78847057,0.875286,-0.47554147,0.8377605,-0.6122623,-0.6286103,-0.19401403,-0.4818301,0.07032966,-0.5990283,-0.5684651,0.7137136
neuroprotection,-0.5367363,0.22976726,-0.31660774,0.78211325,-0.07276918,0.20652744,0.70415616,0.36686078,0.5964822,-0.3451717,-0.36514664,-0.12376372,0.57904893,0.64229435,-0.9167269,0.425779,0.28847754,-0.05540652,-0.39318034,0.8745635,0.34976032,0.046712197,0.044487335,0.23859261,-0.5263541,-0.28133246,-0.15174828,-0.6170831,-0.018848887,-0.7113827,0.16344321,-0.4565772,0.15851752,-0.25342044,0.32477766,0.18256803,0.091054015,-0.92010134,0.96687025,0.1414602,-0.11802051,-0.18022512,0.13601628,0.13071798,-0.30166805,0.02151269,0.38131544,0.9052558,0.8740564,0.98094416,-0.15603484,-0.2215833,-0.1778869,1.3491169,0.36315042,0.32951704,0.5779672,0.1434045,-0.28063038,0.32749188,-0.5806449,0.51508945,-0.075817525,0.47824505,0.5378187,0.5647984,0.32884613,-0.20897083,-0.056461286,0.59538376,-0.185292,0.49279603,-1.3869319,0.0023184586,-0.052498356,0.03942603,0.52026576,-0.37226802,-0.43063158,-0.5073112,-0.19061755,0.09148213,-0.11199119,-0.34243488,-0.26654652,-0.3912646,0.47080418,0.020198673,-0.48685655,-0.03351517,0.2571205,-0.02366328,0.028544182,-0.0029493594,-0.89474076,-0.48401514,0.21919271,-0.02600407,-0.7164248,0.3483635
chemical_analysis,0.37614906,0.30869868,-0.013747993,0.37458336,-0.61333776,0.48907447,-0.16342203,0.1013223,0.40241292,-0.16785179,-0.05300137,-0.554312,0.5233015,0.2871211,-0.31415963,0.27830464,0.27866906,-0.21787976,-0.4428729,1.0143647,-0.10040717,0.5352169,-0.8556562,0.3658033,-1.2413744,0.83990645,-0.11290615,-0.17556445,0.1430057,-1.5809563,0.6067424,-0.4019159,-0.29975495,0.35403606,0.81568587,0.076400004,-0.4781695,0.29829273,0.14501113,0.98339975,-0.22337796,0.12405415,-0.24465008,0.82261807,0.0031933386,0.46304354,0.6025816,0.2919444,0.48477125,-0.36830348,-0.058986768,-1.1389027,-0.21080336,0.25988457,0.8182617,-0.01382785,-0.047621645,1.0201223,0.1668329,0.5740578,-0.52932054,-0.5728426,-0.28930938,0.22397831,0.22803707,0.46417633,-0.12737322,0.1675057,-0.12954667,0.5635867,0.45158496,-0.13957147,-0.20575537,0.11527521,0.36473456,-0.17649984,-0.12974317,-0.5784357,-0.8555472,-0.35682014,-0.5488238,-0.08697709,-0.20037629,0.30074942,-0.09559187,-0.44185886,-0.22961631,0.3076846,-0.8894024,0.5282897,-0.72228056,0.35588962,0.25621593,0.4414059,-0.7182532,0.3071436,-0.273501,0.06293959,-1.3530004,0.18776542
cell_survival,-0.011774313,0.33491483,-0.17370752,0.20467044,-0.124607876,0.2695672,0.10090969,0.515346,0.28865987,0.11903913,-0.06633989,-0.25749558,0.8105857,0.63472944,-0.9247952,-0.15572141,0.13567476,-0.36411154,-0.7416682,0.050611176,-0.38215524,0.20328483,-0.525368,0.2808121,-0.016797967,0.14439975,0.24908137,-0.09883503,-0.14766158,-0.9660719,0.652502,-0.50474143,-0.00756518,-0.37868217,0.69563186,0.16859215,0.12831366,-0.73025984,0.9137356,-0.068477504,-0.6431766,-0.22917713,-0.08648206,0.6284569,-0.6395078,-0.24008526,0.06606322,0.4183845,0.34309348,0.30720133,-0.037141304,0.09615705,-0.111465424,0.6348297,-0.02169456,0.39117828,0.14132321,-0.40679705,-0.579502,0.40005925,0.14307722,0.3116507,0.003584019,0.07091794,0.09688487,0.8814596,0.43668503,0.09120741,0.12982833,0.93205416,0.14636467,0.0061876746,0.36022234,0.11061141,0.055948008,0.44722795,0.3399032,-0.29544425,-0.23310335,0.14201234,0.03666625,-0.20495611,-0.34326264,-0.2268278,-0.70909685,0.28398243,-0.1791791,0.5852143,-0.4228696,0.23818561,0.14711766,0.0044430853,0.0032966747,-0.045228664,-1.091464,-0.2509092,0.114223465,-0.23070168,-0.084102534,0.18048793
antagonist_and_inhibitor,-0.06739402,0.6090949,-0.18553717,-0.18369703,-1.0989844,-0.05669069,0.6425201,0.3909889,0.20952697,0.34396264,-0.48956206,0.018991353,0.44161302,0.64553714,-0.039654426,-0.29152468,-0.19115764,-0.64703536,-0.31138155,0.23776184,0.13036108,0.23828007,-0.3021832,-0.28473023,-0.5352985,0.06897861,0.013227702,-0.2010465,0.04265282,-0.6831857,0.46409142,-0.75899297,0.04373381,0.875508,0.9849585,0.54128593,-0.5440576,-0.3167026,0.7448961,0.23948039,-0.87634885,-0.5738131,0.65975565,0.08293968,0.081084736,0.0049546794,0.47506517,-0.18615702,0.5681879,0.12866224,-0.61590934,-0.06546782,-0.16291851,0.8249174,0.30969775,-0.13069125,0.7468285,-0.07618222,-0.78010285,0.5069986,-0.52583057,-0.28076562,-0.17561847,0.13166654,0.58595496,0.48256716,-0.11716892,0.34479105,-0.2970921,0.49417448,0.47004494,0.3085495,-0.1867769,0.16687207,0.6132999,0.43555078,-0.29390633,-0.2603607,0.018978644,-0.2893508,0.11515422,-0.19050853,-0.19902137,-0.061475135,-0.48914656,0.23197336,-0.08109377,0.08180297,-0.066133216,0.29612494,0.17432989,-0.43329886,-0.19982103,-0.5294286,-0.5935859,-0.38702983,0.17778152,0.29382983,-0.30300713,-0.31196466
follow_up,-0.04720163,0.48648554,-0.71374005,0.6775591,-0.1547567,0.042086914,0.23542418,0.56341094,0.6848694,-0.10776922,-0.8897886,-0.2523712,0.61078894,0.24758078,-0.53534305,-0.7563569,0.32459664,-0.30378985,-0.065650605,0.45281452,0.22429185,0.2521963,-0.13554588,0.065404564,-0.904682,-0.08403747,-0.42210624,-0.08273995,-0.36478075,-0.08404124,-0.3873946,-0.5453121,0.5956515,0.15821265,-0.1549706,0.23844765,0.20336276,-0.61331844,-0.30273637,0.8695835,-0.39330405,0.22894831,0.4024426,-0.016465718,-0.2308315,-0.6707391,-0.04651769,-0.18121791,0.1386101,-0.34065726,-0.19130585,-0.03371323,0.5203794,0.0077107735,-0.06205578,-0.195459,0.4049376,-0.30272532,-0.3526419,-0.1167616,-0.004342554,-0.30382782,0.092428826,-0.20134032,0.3758727,0.47837645,0.4901274,-0.78392714,0.18550944,1.2765551,0.3756199,-0.05878296,0.15254764,0.06933494,-0.41887936,-0.6659227,0.04189879,0.4923513,0.3952782,-0.4361959,0.31114933,0.3765604,0.06319192,0.017234122,-0.6523356,0.4034482,0.41006786,1.206516,-0.72769725,-0.58703876,0.05332073,0.66973126,-0.038311057,-0.43677676,0.29908526,-0.6509624,-0.030266251,0.56471246,0.59970725,0.21617621
electrochemical_electrode,-0.26767325,-0.5047375,0.14509234,0.15800285,-0.92735445,-0.055183712,-0.56145346,0.23786625,0.35075098,-0.41867796,-0.70401764,-0.28814834,0.64154303,0.5917266,-0.49088776,0.9015645,0.9170597,-0.5379003,-0.38431403,0.05923527,0.5270945,0.7644968,-0.0873735,0.36510953,-0.7911926,0.20675609,-0.35414627,-0.12361666,0.07961223,-1.1538417,0.08924133,0.0540537,0.14328693,0.3525163,-0.4133499,0.41206574,0.98159134,-0.4777909,-0.23967178,-0.42243022,0.46803755,-0.435242,0.3310833,-0.043663155,-0.69506,-0.4282129,-0.19658805,0.21401617,1.4400886,-0.5804216,-0.45692995,-0.26905614,0.4246111,0.4742875,0.32138532,-0.3638522,0.28482962,0.4221082,0.3289556,-0.61940783,0.05904991,0.24208044,-0.33174944,0.18077132,0.32881877,0.7799936,-0.903037,-0.14342088,0.2931857,0.22282013,0.53248805,0.10285518,-0.34288633,-0.4024233,0.2675442,-0.23483649,-0.31762552,-0.5523904,0.6567337,0.24039608,0.1471785,-0.12357632,0.36191258,-0.017234515,0.16948192,0.5600451,0.5281865,-0.4137276,-0.7714402,0.078638256,0.027809689,0.0179521,-0.2709909,-0.13482232,-0.6010308,-0.82818407,0.16409832,0.5110544,-0.46934882,-0.059996847
activation_energy,-0.40809116,-0.6500755,-0.38175675,0.17412825,0.49858087,0.20433211,-0.14518861,0.23763642,-0.37549645,-0.19875199,-0.29860544,-0.18049596,0.027123284,0.59664816,-0.46848866,-0.01230872,0.14049654,-0.30947313,-0.18144287,-0.4250017,-0.8708927,-0.35344908,0.31541476,-0.27042702,-0.48789904,-0.25477535,-0.7107679,0.19776452,0.071966514,-0.12762387,-0.19400577,-0.23591205,0.30339545,-0.22665255,0.114224546,0.16399585,-0.2554686,-0.73054874,0.4635971,0.93569565,-0.36292064,1.2438653,0.5962283,-0.21500522,-0.22104625,0.51151186,-0.017907785,-0.3607208,1.2486516,0.1175312,-0.0052594547,-0.44490856,-0.24737367,0.6205465,0.5751122,-0.40210587,-0.44122484,0.17358471,0.022866458,0.39267492,0.42426378,-0.5075792,0.3096119,0.43826702,1.0196738,-0.16812433,0.33232495,-0.19294202,0.18125866,0.3135641,-0.7284136,0.15689006,-0.24930625,-0.2948955,-0.924004,-0.038165256,-0.703742,0.5108616,-0.04439424,-0.4047533,0.23078622,-0.4271144,-0.86803675,-0.020118028,-0.45076635,0.31408757,-0.2386099,-0.29469776,-0.72201514,0.38954374,-0.7350662,0.94880027,-0.2726171,-0.69364023,0.20568678,0.29692608,-0.05696415,-0.5832687,-0.5352135,0.21974091
naproxen,0.73087645,0.4880607,0.42360142,-0.7264188,-0.45363942,-0.17447633,0.6721606,0.28189448,0.08943212,-0.15492944,-0.93172747,-0.6015124,-0.22349037,1.2221898,-0.6089682,-1.0311719,0.47704095,-0.07310641,0.0604386,-0.43855032,0.028808234,0.22961968,-0.43748114,0.85175604,-0.14552526,-0.09509921,-0.37639916,-0.12175795,0.15760447,-0.3363189,-0.66298026,-0.22431226,0.6446553,-0.38076058,0.23232515,0.013584839,0.46153945,-1.2883614,0.18215628,-0.7987113,-0.30108225,0.14334777,0.95465416,0.32016128,0.3787987,0.46588585,0.0385594,0.25510782,0.936675,0.16333038,-0.5808216,-0.59442145,0.33071935,-0.43619132,-0.229865,-0.017722042,0.5620319,0.36141616,-0.5683018,0.09640524,0.08328765,-0.74228144,0.06551148,0.80233,-0.14990081,1.0609941,-0.09951198,-0.091660455,-0.27856135,1.0226982,0.24467878,-0.9346718,-0.68753165,0.108630374,0.13699913,-0.23491444,0.7687306,-0.18081364,-0.122374244,-0.48737606,-0.14820194,0.1025298,0.03688813,0.04371933,0.032232054,0.116095856,0.19718577,0.045523968,-0.7790971,0.53759867,0.27272516,0.9676906,0.12886347,-0.15432078,-0.6180792,0.35707337,0.06277874,0.5873635,-0.93813413,0.5273492
chemical_bond,-0.41342127,-0.4110651,0.7436375,0.14737405,-0.18538897,-0.06580077,0.2254268,0.75098073,-0.06168181,-0.99641997,0.17053935,-0.5420721,0.27258092,0.45297936,-0.25173074,-0.23193796,0.4029329,-1.1320701,-1.244189,0.11480284,-0.10329017,0.3211284,0.03993711,0.49278298,-0.32920042,0.77310425,0.14337592,0.5840724,0.6379014,-0.64862865,0.950885,-0.817251,-0.41188782,0.19712982,1.0702245,0.17292508,0.38463402,0.33651567,-0.054515492,0.10670268,-0.24510804,-0.35793814,0.48521528,0.0682903,-0.2143011,-0.28338492,0.36499286,-0.15500002,1.2279302,-0.317215,-0.07647195,-1.2879875,0.30232218,0.078648314,0.6204024,-0.4824949,-0.5711879,0.52521074,0.14840731,0.29054296,0.42615592,-0.83872736,-0.48331758,0.018316427,0.6294999,0.3071742,-0.27224526,-0.27768946,-0.002672084,0.4018334,0.45320943,0.19265006,-0.52597815,-0.28305018,0.1784668,-0.38877672,-0.47455707,-0.49730623,0.30935338,0.002705063,-0.22660822,-0.36337838,-0.081283376,0.5349003,-0.7160354,0.6284071,-0.19904916,-1.0189291,-0.4751302,0.64024657,-0.51886857,0.99876434,-0.32445532,-0.43548635,-0.48735532,0.3975244,-0.2863996,0.11890086,0.2675549,-0.37393495
cytokine,-0.23121811,0.66664153,-0.14419883,0.28701833,-0.5266428,0.5691052,0.3892622,0.47705063,0.36834913,0.2841287,-0.5464973,-0.4048664,-0.04882867,0.7782256,0.2718865,-0.87189406,0.4178672,0.104086615,0.5322577,-0.06457074,-0.12354908,0.2137675,-0.08342409,-0.008026779,0.23949088,0.18523985,-0.1863179,0.37626174,0.24719268,-0.32141462,-0.9190704,-0.702994,0.22115558,-0.4908975,0.7464366,0.37546787,0.01739928,-0.44995588,-0.45097408,0.21634847,-0.23071913,0.6667913,0.37402943,-0.08937961,0.50622255,0.43603116,0.042737484,0.21394287,0.10715314,-0.12238724,-0.30631775,-0.3426934,0.81820685,-0.16907519,0.3241345,0.28708676,-0.06405012,-0.07216274,-0.67019045,0.4868243,-0.44109622,0.41168723,-1.0050746,0.3642032,0.11148591,0.3884844,-0.014285119,-0.20075594,-0.51240313,0.9251166,-0.3452804,-0.574585,-0.5716655,-0.2642129,-0.23541676,-0.7681075,0.4768844,0.37487614,0.25090832,-0.03533679,0.38699043,0.6076622,-0.265381,-0.011051315,-0.40938976,0.23287588,-0.7007997,0.14332174,0.10764533,0.3821531,-0.06112813,0.70094126,0.26054284,-0.15472065,-0.2939767,0.479767,-0.769207,0.870245,-0.84845513,0.19264624
forced_swim_test,0.20054875,0.074067265,-0.07786276,0.4543616,-0.66358036,0.24822716,0.60056764,0.51678234,0.3795798,-0.15473759,-1.2078831,0.0045101144,0.43370992,0.25833762,-0.94555914,-0.8179165,-0.1458992,-0.19181524,-0.037362356,0.65407276,-0.5253025,-0.05659001,-0.23669957,0.87536234,-0.39781544,0.08601904,-0.41303995,-0.02397313,-0.27873647,0.0056207757,-0.61149484,-0.11645353,0.4949689,0.13193278,-0.36450213,0.1476307,-0.35615954,-0.7490083,0.6786993,0.76245266,-0.3232182,0.21249421,0.80512094,0.28531256,0.8997242,0.35840207,0.07971028,0.72135526,0.20512086,0.30324942,-0.30629024,0.5062001,-0.14042132,0.17171799,0.58957464,-0.088459186,0.32304573,0.22893324,0.37037984,0.26245666,-0.9511628,0.18702835,0.034340408,0.32792643,0.5384901,-0.24614908,0.14697373,-0.24605694,-0.18329678,0.28588498,0.43846262,0.15686657,-0.43345848,-0.06520803,-0.07157279,0.6270056,0.5066493,0.25141013,0.11778873,-0.24645129,0.1228838,-0.2816111,0.13726117,0.044137336,0.0020211467,-0.31378764,-0.0684175,0.2743169,-0.28697622,-0.42263559,-0.4154206,0.57208776,-0.30529174,-0.50921434,-0.27853233,0.13742198,0.18738553,0.6760043,-0.48622465,0.068238474
body_mass_index,-0.08623319,-0.30511826,-0.6128905,0.6992802,0.1326495,0.47234705,0.53151447,0.5590426,0.29900566,0.03929684,-1.0109046,-0.24987844,0.67176527,0.41294578,-0.04448503,-0.38627386,-0.137179,-0.5027257,0.26778325,0.1196439,-0.1526383,0.26306745,0.43443507,-0.043384407,-0.46146616,-0.090130016,-0.7339823,0.26702693,-0.20271595,0.08327033,-0.5034296,0.10641752,0.16607285,-0.077065356,0.3393285,0.16488257,0.41639602,-0.5496516,0.5847016,0.2643932,0.06586603,0.6051191,0.5476309,-0.18879169,-0.11330489,0.8132491,0.28734425,0.13499081,0.3316758,0.20575571,-0.14114974,0.00551188,0.41154203,-0.8247993,-0.087510064,-0.17661333,0.49668533,0.0062074126,-0.6116696,0.20970318,0.053823996,0.6186583,0.16615155,0.28424075,0.60377693,0.0857724,0.07915111,0.17278561,-0.20996688,0.92050403,0.19647136,0.050432704,-0.34259203,-0.8750646,-0.05211001,0.03793793,0.5432327,0.5796461,0.87957454,-0.87538797,-0.21434277,0.57082856,-0.7597195,-0.22343016,-0.049224295,0.2104143,-0.73780364,0.015229963,0.43551254,-0.32223332,0.07092678,0.5239711,-0.30517164,-0.20357083,0.39456716,-0.10733953,0.1896559,0.21803634,-0.75486726,0.41280568
gene_expression,0.11170276,0.6984506,0.02286441,0.3785087,-1.0117745,-0.14580894,0.52161354,0.5718246,0.26283956,-0.6454779,-0.8333161,-0.57567996,-0.019735124,0.9838346,-0.20198506,-0.27603924,-0.025348563,-0.57675576,-0.5078907,-0.13752887,0.06682113,-0.068088844,0.08526069,0.35025892,-0.55409396,0.045237467,0.18459354,-0.022128778,-0.47069222,-0.767654,-0.03495302,-0.28551966,0.566033,0.38816112,-0.9074079,0.45262024,-0.11611309,-0.606292,0.4244461,0.77942765,-0.24406189,-0.42654717,1.552274,0.13096002,0.033063963,-0.007224828,0.56946224,1.1225928,0.53528416,0.4787167,-0.8260499,0.32870555,0.104679175,0.036683124,-0.07884421,-0.24575168,0.2972359,0.38620645,-0.50919443,-0.17151359,-0.42393398,0.38083097,0.37647906,-0.22727743,1.02272,0.16642192,-0.08446192,-0.43170467,-0.56151015,0.69631886,0.15720117,-0.46037272,0.32579,-0.19283342,0.10215586,-0.35393983,0.56402886,0.10093767,0.18822387,-1.2485932,-0.59954846,-0.57514405,-0.37385616,0.1396691,-0.21750334,0.0470646,-0.3382466,0.2865226,-0.65075386,-0.41612545,-0.36788213,0.4000821,-0.40275463,-0.6439903,0.122852586,-0.18930303,0.103084646,-0.26796582,0.07428024,-0.82113844
carbohydrate,0.020330757,-0.30943438,0.123160005,0.58214635,0.01813941,1.107254,-0.28508234,-0.30161938,-0.46539608,0.026193516,-0.7799867,0.026490752,0.23984693,0.5566569,-0.60053337,-0.3590319,-0.45770073,-0.6927079,0.61014575,0.60387576,-0.111892655,0.35898072,0.11466735,-0.062464837,-1.2901441,-0.3836452,0.18850681,0.45870274,0.10022422,-0.6515964,0.4438683,-0.22704661,-0.13031834,0.4892822,0.4727,-0.21960318,-0.08944708,-0.58466786,0.7095794,1.1181393,0.06373934,1.0221499,0.57549936,-0.14516349,0.114750594,0.83336675,-0.9356927,-0.13490099,0.4753792,-0.22305411,0.3591007,-0.45033285,-0.04545966,0.27808243,0.8861206,-0.51737916,0.005819634,0.31175214,-0.59982306,-0.064644404,-0.14889179,-0.17707166,0.07461948,0.24234034,0.8821598,-0.14099646,0.6874267,-0.13623406,0.43990892,-0.55658656,-0.60851806,0.3031376,0.24965222,-0.60928303,-0.36746114,-0.37786782,-0.8480226,0.7124666,-0.08849019,-0.6239827,-0.18552932,0.06648724,-0.5191791,-0.032797582,-0.82050526,0.375707,0.4756447,-0.027932577,-0.033969156,-0.39319777,-0.7273978,0.5166933,0.062461562,-0.7488077,0.8616397,-0.06098643,0.059154104,-0.29680532,0.13918509,0.2922372
mexico_city,0.060744822,-0.24353716,-0.21896093,0.14971687,0.035016205,0.15429023,0.27318364,0.21219468,0.85369974,-0.31260672,-0.6575792,-0.29159173,0.17015322,-0.45859155,-0.21171583,-0.48213154,-0.01408392,-0.5994224,-1.0095373,0.4226184,1.2022617,0.4373207,-0.41640764,1.0360075,-0.0092867,0.025010388,-0.6277268,-0.14343971,0.52485317,-0.12009065,0.02586212,-0.29092655,-0.50056994,-0.52276367,-0.0959936,0.21251135,0.111478075,-0.6075776,0.020139446,0.14927602,0.47049943,0.47999677,-0.42339346,-0.039640877,-0.5592348,0.44892085,-0.4751816,0.2519025,0.16910186,-0.7897904,0.0778646,-0.3624403,0.7900463,0.18764481,0.40972582,-0.50332093,-0.851586,-0.13554859,0.091332465,0.010181034,0.48482078,-0.109767176,-0.5590146,0.58604914,-0.018507631,0.5605064,0.121476464,0.00828909,0.40663984,0.7895928,-0.060142804,0.13649356,0.21444324,-0.45905682,-0.09950085,-0.67408526,-0.035976656,0.026771814,0.6474841,-0.04095931,0.013618309,-0.18401957,-0.379277,0.7591016,-1.0340539,-0.13544619,-0.29957265,0.08285763,-0.27168703,0.28458178,-0.035781134,0.31025693,-0.13880114,-0.4033468,-0.034340207,-0.33875537,0.004583618,0.58147407,0.104018465,0.4016342
particle_size_analysis,0.53409475,0.008697949,0.036953803,0.58941704,-0.29991174,-0.05547484,0.16804984,0.33120364,-0.05434441,-0.49532935,-1.0055841,0.3422406,0.58034426,0.35633916,-0.5215423,0.31667653,-0.59324294,-0.57060957,-0.4031038,-0.3203915,0.60996324,0.38462225,-0.61491513,0.59849066,-0.07904123,0.702327,-0.68528336,-0.57012415,0.5781065,-1.0031536,0.80703574,-0.61406034,0.0058613196,0.24153802,-1.0298421,-0.22576042,-0.2948268,-0.43216497,0.18427254,-0.07675563,0.67167294,-0.056459203,-0.12632586,-0.15292768,-0.77861243,0.3213135,-0.39955193,0.26008287,-0.1820621,-0.80821204,0.0010425579,-0.6798797,0.07817197,0.47983992,0.7579378,-0.18971267,-0.41524312,0.7444843,0.29524323,0.23669514,-0.042307746,-0.11940454,-0.21679607,0.5837937,0.23862338,0.02479097,0.3414044,-0.46602842,-0.12860158,-0.21862577,0.11815727,0.21163483,-0.16964489,-0.6461183,0.8192234,-0.98110443,-0.16746326,-0.13485734,-0.26820198,-0.51100826,-0.8998905,0.19375518,0.08678073,0.42344022,-0.22671582,0.085370675,-0.11145035,-0.15841825,-0.6130458,-0.027746744,-0.25058025,0.021721669,-0.98905826,-0.28587264,0.106965266,-0.14913136,0.1358396,0.6009467,-0.9070314,0.0821541
free_energy,0.13068958,0.087960415,-0.14337587,-0.23531204,0.21913393,-0.008053187,0.12510586,0.2482439,0.027072351,-0.10818346,-0.44858667,-0.059175357,0.09800862,0.6060294,-0.17816035,-0.64406073,0.34561983,-0.77827996,-0.6556874,-0.27673134,-0.36142892,0.88320494,0.3095884,-0.3702287,-0.33817208,-0.10289678,-0.7368068,0.34067607,-0.09108408,-0.22732468,0.10895673,0.32883695,0.23057951,-0.07540111,0.8778808,-0.18042259,0.86595935,-0.9323094,0.02190341,-0.23724413,-0.5179906,-0.711792,0.55416137,-0.8764158,0.0023291993,0.18661575,-0.029802375,0.03730626,0.4415442,-0.56266063,0.016417895,-0.57276255,0.5220154,0.07972214,-0.12752357,-0.26605007,-0.1803544,0.3039653,-0.2235169,0.10989617,-0.1557582,-0.30620337,-0.852554,-0.632762,0.24000041,0.1726006,0.31340325,-0.086675964,0.27242857,0.19539312,0.52751553,0.87264633,0.18650144,-0.49229267,-0.3547622,-0.03954654,-0.75551796,-0.43594977,0.27373993,0.577633,0.03648003,0.3646169,0.11279834,0.14396684,-0.957884,0.80615187,0.2119615,-0.52648836,-0.43702638,0.47907495,-0.4751225,0.55350983,-0.06375735,-0.22047539,-0.45196202,-0.15747459,0.016004002,0.41975704,-0.32811671,0.10718879
biological_model,0.17666924,-0.17131607,-0.87114745,0.27223426,0.06789093,-0.16744806,0.18587501,0.54451555,0.4596756,0.57001525,-0.7056478,-0.47535956,0.26378185,0.5336182,-0.38546342,0.48955825,-0.16497314,-0.5795824,-0.18022148,-1.1652397,-0.39194098,0.23775369,0.0062660044,-0.25639784,-0.36656225,0.6533504,-0.087557696,-0.003684631,0.05408927,-0.644311,-0.41225532,-0.7350581,0.39358595,0.07220045,0.31063297,0.067079075,0.1645619,-0.2770522,0.48459652,0.6934603,0.5686854,0.56847113,1.1780686,0.13973607,-0.61039954,0.2166307,0.03745387,-0.1806834,0.5215453,-0.50139165,-0.5634084,-0.21758218,-0.07062656,0.51298827,0.22893493,-0.25475404,0.73609036,-0.5751617,-0.4971037,0.27447057,-0.21966386,-0.3988038,0.21770419,0.15149674,0.29312298,0.10878292,-0.5720674,-0.18259427,0.42180276,0.22591369,0.526288,0.33113056,0.3563413,-0.19465882,0.307269,-0.048556045,-0.016494386,0.32883203,0.10433976,0.4225429,0.12866499,-0.59807575,0.23587565,-0.9391582,-0.46675736,0.37280333,0.0899238,-0.02277043,-0.6690703,-0.2189734,0.24650966,-0.45640603,-0.33995986,-0.45120308,0.3285439,0.15114234,0.3920643,1.0672969,0.17180105,-1.0127476
reaction_mechanism,-0.26849055,-0.16840057,0.005124874,0.26940173,-0.09126839,0.5231302,0.14568627,0.83283556,-0.2585896,-0.084284104,-0.5011269,-0.19530787,0.85716003,1.2611845,-0.6235201,0.27519196,0.24038853,-0.48736998,-0.3859271,-0.49945956,-0.5596357,0.7053813,0.4389216,0.56118286,0.48118752,-0.29570758,-0.26987353,0.09858311,0.47488382,-1.2315848,-0.046681587,1.1136199,0.14280847,-0.7199985,0.47906306,0.122818045,0.6739615,-0.76145864,-0.2955447,-0.4252205,-0.37483877,-0.114340656,0.29954702,-0.39239213,-0.15238139,-0.22635521,0.30118686,0.39900726,0.7682013,-0.7163547,-0.255918,-1.0748036,0.6903278,-0.22470197,0.4395708,-0.35784486,0.102857344,0.7375759,0.40971795,0.20385848,-0.040081844,0.5912246,-0.86518127,-0.12185007,-0.30023485,-0.08712656,-0.35998103,-0.50628847,-0.2000259,-0.26032382,0.75082797,-0.005876768,0.07467336,-0.4749486,-0.07816959,0.13176297,-0.35063952,-0.6696632,0.14228576,0.14593618,-0.17466438,-0.6788637,0.14649592,-0.24924037,0.5798328,0.35574853,0.07398488,-0.87138355,-0.37788612,0.2767667,-0.5324418,0.07802658,0.26876274,-0.3717617,0.048235536,0.24995047,-0.2817728,0.6261533,-1.6700821,-0.351494
peroxide,0.76127344,0.6112944,0.6160166,0.26875463,-0.9145503,0.32991663,0.30530646,0.5284841,0.58948344,0.3699907,-1.0267856,-0.11899293,-0.49831477,1.4587588,0.053372342,-0.63277274,0.35912743,0.22315891,-0.12364904,-0.95381886,-0.17219716,0.7545023,-0.25060624,0.6959512,0.46281576,-0.365837,-0.87787706,-0.3352594,0.24572143,-1.0780684,-0.5460506,-0.5716588,0.36878043,-0.6143243,0.19012,0.33097026,0.393184,-1.6000386,0.4598773,-0.7363759,-0.041675787,-0.56679153,0.5024565,-0.29039708,0.7971918,0.16181521,0.66347766,0.63076794,0.8563805,0.085246645,0.12037686,-0.67241144,0.51616895,0.3033679,0.3067572,0.36681512,0.42167714,0.8227997,-0.047636643,0.047041822,-0.37355143,-0.4116162,-1.0696515,0.2293702,-0.24178296,0.0646629,-1.0156016,-0.37729982,-0.62381285,0.058846626,-0.2930401,-0.32329488,-0.1743452,-0.43294024,0.40932098,-0.6752745,0.2170685,-0.49484503,0.58312494,1.4174757,0.78866273,0.41417322,0.43274286,-0.51932555,0.4434333,0.53541124,-0.5659196,-0.5178011,-0.055962462,0.49550772,-0.35274455,0.092898645,0.55280095,-0.07541008,-0.37875035,-0.210964,-0.287712,0.9861024,-1.6863793,0.3763393
reinforced_concrete,0.115933724,-0.8674673,-0.218167,0.46706086,0.14647335,-0.05280792,0.015638452,0.30177653,0.8520032,-0.30773392,-1.0035367,-0.22492406,0.6080057,-0.34031716,-0.59916854,-0.18017592,-0.41828364,-0.08286898,-0.31535783,0.26904106,-0.20908986,0.16904148,-0.15079324,0.5792858,-0.98340124,-0.068102404,-0.6838652,0.16148527,0.12574044,-0.3412491,-0.1253323,0.3505905,0.049635336,0.025648234,0.3281322,0.39588133,-0.007849823,-0.42679483,-0.33253008,0.12300737,-0.120693155,0.63451487,-0.13056354,0.0032435853,-0.3470002,-0.06732238,-0.6376296,-0.2153551,0.10110992,-0.6446597,0.44411394,-0.55402553,0.29378456,-0.04320836,0.40428987,-0.37262344,-0.21285492,0.44553313,0.47653508,-0.09387802,0.19511293,-0.10857577,0.23061366,-0.09988615,0.5265436,0.20580967,0.3581754,-0.19799553,-0.07809256,0.9168634,0.070325516,0.21238221,-0.2566209,-0.21571876,-0.24433783,-0.24369456,0.11233123,-0.21463303,0.6334524,0.15230294,-0.028242795,0.042584233,-0.05418841,0.023384444,-0.18271072,0.67427677,-0.1771256,-0.14850594,0.1223219,0.01658903,0.43826628,0.06631469,-0.4590827,-0.07440207,0.08218107,-0.15029901,0.3853615,0.7943068,0.14687698,0.26015693
zinc_compound,-0.9450676,-0.17573532,0.11550704,-0.2545986,-0.003087971,0.1843347,0.15836798,1.0132866,0.42254844,-0.28990874,-0.6627181,-0.6099014,0.42971873,0.4247314,-0.65138,-1.0659244,-0.64055026,-1.0281118,-0.92478347,0.35242406,-0.1815571,0.61796314,0.03181774,0.29147443,-0.557452,0.071033776,0.22990768,0.42010352,-0.06538346,-0.6139949,0.24780026,-0.11335763,0.056789648,0.59956586,0.30920166,0.3307265,0.9190279,-0.88271266,0.7563356,-0.3472621,-0.64388776,0.5887498,0.3623902,-0.54460955,0.36487466,-0.22985391,0.20152393,-0.15885803,0.7155992,-0.33893555,-0.19080456,-1.0266434,-0.11502868,0.038738564,0.62854457,0.08409278,-0.6525065,0.22861043,-0.2707986,0.34344533,-0.05860698,0.36933798,-0.3614607,-0.6690454,1.0918365,-0.18719733,0.9089942,-0.5610085,-0.6625447,0.09115284,0.5623987,0.006497518,-0.71471786,-0.5117078,0.30458337,-0.08776588,0.0326138,0.20708548,-0.41934216,0.60854465,0.18312044,-0.4411451,0.66243255,0.26193327,-0.6617782,-0.41074556,-0.29983333,0.0400228,-0.32382762,0.4844675,-0.7223284,0.44126627,0.18672366,-0.23008433,-0.5668664,0.19578262,0.4080407,0.9974453,-0.80951536,0.5670941
federal_district_[mexico],0.076930545,-0.03282267,0.057102855,-0.15422745,0.11620169,0.011551611,0.26835415,0.23201062,0.80628854,-0.36354232,-0.733378,0.14184573,0.36720565,-0.30775094,-0.38005984,-0.3946058,-0.2863485,-0.5408359,-0.80751944,0.49813378,1.2696799,0.5653025,-0.66880196,0.92097086,-0.044464458,0.113748945,-0.420981,-0.10021863,0.33924884,-0.050577786,-0.11536155,-0.38934824,-0.3924198,-0.5516042,-0.15353855,0.06840716,0.080373906,-0.63337743,-0.06505503,0.40317103,0.48333147,0.3231189,-0.4318068,-0.14562903,-0.37985817,0.52233154,-0.2604617,0.40877518,0.26217264,-0.7750677,-0.049050365,-0.4093461,0.56405216,0.005055108,0.22664292,-0.23719394,-0.41392767,0.20994523,-0.017141484,0.010584976,0.32056358,-0.10161325,-0.5602905,0.5852865,0.077562965,0.57885224,0.4461063,0.35218823,0.098450415,0.861276,-0.23516601,0.14183886,0.104273476,-0.42215475,-0.06943919,-0.7889574,0.13263375,0.045943547,0.6134445,-0.26631087,-0.25577617,-0.0327567,-0.16453826,0.7899993,-0.88313276,-0.18431818,-0.35689604,-0.035306096,-0.41909373,0.17268296,-0.058455363,0.06732973,-0.18497685,-0.59737533,-0.34647325,-0.122739434,0.0019182983,0.40466443,-0.2012652,0.57303953
plant,0.60612327,0.46625265,0.091844015,0.12783203,-0.34066892,-0.07481188,-0.31020832,-0.32693574,0.24999402,-0.46727836,-0.6975003,0.3014783,-0.042701382,0.2818044,-0.63451993,-0.63449556,-0.38904703,-0.9066431,-0.49754918,0.45026654,0.28624967,0.42508397,-0.66455144,0.2428067,0.3933663,0.09092192,-0.63938195,-0.96383893,0.12332686,-1.250064,0.36337608,-0.15143546,-0.48726478,-0.020177117,0.12170414,0.43275738,-0.41797438,-0.67520946,0.3635193,1.0698398,0.06255274,-0.19985503,-0.3610196,0.27035645,-0.40865943,0.11759549,0.016771743,1.7075987,-0.12313683,0.15656726,0.24110858,-1.4177513,0.2043146,0.5756832,0.7999108,0.8679691,-0.022579875,0.60094535,-0.5761504,0.14101441,-0.13292047,-0.17599525,-1.087742,0.35217038,0.18727174,0.098877765,0.2138715,-0.37048745,-0.53658736,0.142565,-0.0046397,0.034428608,-0.17429726,-0.22900335,-0.45623437,-1.5270718,0.38548714,-0.5903462,-0.8924621,0.7495254,-0.35440448,-0.0034928229,-0.61690354,-0.23809424,-0.5778484,-0.3656368,0.27538222,-0.38401288,-0.706391,-0.45855117,-0.8036221,0.99254817,0.10354499,-0.87862206,-0.07843859,-0.25844967,-0.08331442,-0.26046768,0.045890167,-0.09588697
acute_disease,0.3129824,0.6226498,-0.62921256,-0.011884417,0.5220521,-0.31372765,0.003196646,1.0659255,-0.61344856,0.13942878,-0.6011314,0.028934957,0.41778484,0.87559813,-0.6876271,-0.20705469,-0.34714055,-0.027541682,-0.87515783,0.091890045,-0.18034245,-0.1320596,0.24653924,0.34147447,-0.10193607,-0.0701194,-0.6137698,-0.6411776,-0.19290607,-0.24563086,-0.51668006,0.049102288,0.5837769,-0.068022594,-0.44435856,0.72275114,0.42801028,-0.045246154,0.3402292,0.27855358,0.3426385,-0.323054,0.18116648,0.17953835,0.36125082,0.4247752,0.41011402,0.5013802,0.25262913,-0.1420287,0.044290245,0.013864765,0.8571026,0.49776593,0.13782431,0.10245968,0.8665946,0.19805935,-0.2840769,0.61570305,0.33389327,-0.077328384,-0.17785357,0.29104275,-0.13715354,0.36545113,-0.36512274,-0.80505335,0.028808428,0.8157932,-0.3164004,-0.1573717,-0.07961966,0.4458612,-0.7916813,-0.28055656,-0.90713245,0.015902942,-0.24278803,-0.16072227,-0.06667891,0.4589805,0.15107225,-0.14438064,-0.40321466,0.54632705,0.66604096,0.803776,-0.9382737,-0.03663092,-0.107177384,0.016739843,-0.03553949,0.0976482,0.33269027,0.2198099,0.32539332,-0.064109504,-0.23661314,-0.22365405
cactaceae,0.03956453,0.46338892,-0.07231368,0.040032536,0.2320675,0.36103252,0.16797276,0.013906235,0.421056,-0.2917011,-0.9554095,0.0531129,0.15091005,0.042534254,-0.5648593,0.1255311,0.08317434,-0.32884878,-0.34181687,0.4201389,0.69430995,0.14844353,0.0553289,0.95130414,-0.0444564,-0.29697153,0.1120405,-0.35855117,-0.4060356,-0.3539069,-0.4113322,-0.4633549,0.15126972,-0.035445105,0.14123274,0.7855153,0.97056156,-0.3988923,-0.15671234,0.23718461,0.8804458,0.7125902,-0.44653374,0.7063379,-0.394213,0.8960947,-0.10680962,0.48121652,0.14986329,-0.7929847,0.0557012,-0.3845899,0.3867282,-0.15889995,0.15426314,0.11769016,0.7457833,0.36423868,-0.2191803,0.48530024,0.03872704,0.7450431,-0.46831447,0.3840064,0.19914939,0.12495081,0.35885984,0.3750443,-0.017107695,0.18140723,-0.190296,-0.30427152,-0.05095773,-0.3013463,0.11302703,-0.43781376,0.1057143,-0.04863087,0.31241906,0.5951522,0.1374995,0.35243136,-0.44517368,-0.30415642,0.09614087,-0.2630379,0.4163166,-0.35618162,0.12108983,-0.38605452,-0.1320897,-0.28105536,0.051503018,-0.42085665,-0.04008664,-0.034553245,0.16424975,0.034227416,-0.026949503,0.36960226
solubility,0.25672498,0.24905244,0.4264345,0.2660654,-1.2926661,-0.1709709,0.03241526,-0.2028044,-0.5042556,-0.66838586,-1.0514065,0.8333177,0.1729332,0.52181685,-0.10748268,-0.39561355,0.27487984,-0.5832543,-0.1224699,-0.39414582,-0.7816467,0.74138504,-0.28970894,0.29853684,-0.30131793,-0.03299534,-0.52300805,0.19734421,0.32725868,-0.016214687,0.49800736,-0.70966446,-0.5815749,0.23009731,0.18604589,-0.09638112,0.44508928,-0.89043885,0.4164915,-0.6629927,0.047791675,-0.70954853,0.60958636,-0.68599164,-0.046796322,0.64584196,0.34393835,0.14593926,0.44605958,-0.12656166,-0.104509085,-1.2335553,0.56260836,0.22514018,-0.13927226,-0.016453963,0.123338446,0.262176,-0.09718908,0.61143094,-0.16308111,0.059798546,-0.68606335,0.0267899,0.0231598,0.2333739,0.45054093,-0.1646525,-0.29463232,-0.33164874,-0.057101432,-0.12850145,-0.39883426,-0.6321907,-0.12800437,-0.96648633,-0.32091624,-0.49771488,-0.4187593,-0.39842176,-0.32237124,0.35830534,-0.38840255,0.035483684,0.20334828,0.92607343,-0.44723147,-0.37638083,-0.3512753,0.006484772,0.004139347,0.4247473,-0.9139214,0.07410458,-0.1761165,-0.8392471,-0.1053519,0.039698835,-0.6794707,-0.22293772
degradation,-0.11462746,-0.3665481,0.3849249,0.3899458,-0.25309294,0.3883432,-0.44096887,-0.16511074,0.8197057,-0.8379673,0.01940443,0.1872971,0.49398604,-0.24089763,-0.1075546,0.28396568,0.051748294,-0.45884442,-0.93169,0.36755106,-0.08200459,0.089249834,-0.049534995,0.25904655,-0.51394063,1.087811,0.091169134,0.20610237,0.29283902,-0.2126058,-0.25609955,-0.61668605,-0.7532478,0.050432626,0.27061874,0.66899234,0.86011916,0.028038273,-0.39631593,0.22482505,0.019941049,1.261608,-0.19530617,-0.4283871,-0.110691644,0.5783253,0.3305547,0.11036159,0.82570064,-0.11027743,0.5096839,-1.0765877,0.72308713,-0.23457658,-0.019363316,-0.81197584,0.30786884,0.46187538,-0.31648877,0.41402704,1.0422975,-0.4846145,-1.0639611,-0.0472406,0.76513577,0.124861814,-0.13727254,-0.015564221,0.234745,0.699251,-0.042564586,0.35341337,-0.49237838,-0.9136067,-0.3411837,-0.62524706,-0.088991575,0.29380363,0.2984368,0.0080799945,-0.40796152,0.17566927,0.32716417,0.18584977,-0.37717482,0.6307797,0.19396555,-0.7936839,-0.94160354,-0.10728951,-1.2695898,0.38581732,0.067590214,-0.7598437,0.19089742,0.18535277,0.28131723,-0.19654123,-0.6068634,0.004469367
finite_element_method,0.20383744,-0.73262,-0.41478723,0.7998213,-0.0032983772,-0.04301438,-0.28626856,0.36372393,0.4725794,-0.2789689,-1.1387632,-0.33733454,0.4370175,-0.19957468,-0.48908445,-0.3360074,-0.08092717,-0.458936,-0.30724373,0.24759239,-0.083483234,0.50895274,-0.337494,0.35700253,-0.856547,0.24023718,-0.63410175,-0.18786293,0.010977741,-0.1607528,-0.14212883,0.039973006,0.016453926,0.19932657,-0.10984568,0.11884587,0.3118344,-0.5190279,-0.40353212,0.022977214,-0.05992816,0.7948454,-0.015144772,-0.12360216,-0.051914766,0.050100934,-0.6935277,-0.343972,-0.31862754,-0.75382406,0.63845575,-0.61149013,0.50376177,-0.06108109,0.65585417,0.0072915554,-0.2879856,0.24522178,0.46295232,-0.03842141,0.14987841,-0.14139692,-0.16152932,-0.24853115,0.5606383,0.2565219,0.31941417,-0.50169,-0.065629706,0.4565751,0.1522572,0.28408173,-0.45146587,-0.5221364,-0.29650822,-0.48314595,-0.19137143,0.02363584,0.60130405,0.13675092,0.2213845,0.33015266,-0.044092488,0.17308582,-0.39910486,0.8130541,0.0761444,0.026187824,0.06624081,0.14971735,-0.044216532,0.33243614,-0.9268232,-0.051398896,0.2692991,-0.5126132,0.30921403,0.69202363,0.27626356,-0.0008349401
sex_ratio,0.46890903,0.92313004,-0.780638,0.29271215,0.47409973,-0.13506593,0.6911238,1.2355763,0.4222845,0.29593602,-1.3591971,-0.47705168,0.34498978,0.7925451,-0.32809392,-1.2568551,-0.64478683,-0.016757362,-0.53678954,0.10791763,0.5178319,0.092018805,-0.20055512,0.22290266,-0.6113911,-0.6308576,-0.14658599,-0.40428686,0.022328878,-0.5973527,-0.2686716,-0.9878239,0.50474465,0.32071173,-0.27992457,0.4965349,1.2124872,-0.8137359,0.81645805,0.069411024,0.37110844,0.041815598,-0.1475205,0.2524818,-0.0056067724,0.35937184,-0.20761923,0.015178177,0.021344291,-0.18504176,-0.08771284,-0.19573852,0.48707268,0.22042377,0.41775572,-0.31899688,1.2038251,0.37580305,-0.8139372,0.4463362,0.11449513,-0.14586653,0.4055863,0.13279484,0.8940509,0.7225256,-0.39629984,0.0951499,0.059162848,1.5728514,-0.09835885,0.3327631,0.49786493,0.9643533,0.25547114,0.02090075,-0.17216656,0.20343573,0.70421344,-0.5311925,0.4432924,0.58388114,-0.18566585,0.4659211,-0.96839195,0.68332124,-0.22557832,0.85368717,-0.052839797,0.49408072,0.5875173,0.3805308,-0.07182358,-0.5648771,0.6972516,-0.28365323,0.28602806,0.5123151,0.2642434,0.65987635
risk_assessment,-0.38942632,-0.236421,-0.34768224,-0.021115137,0.23885894,0.066217385,-0.21246375,0.77582043,0.46042728,-0.0014430851,-0.47113878,-0.24659792,0.57337964,-0.33637947,-0.27565894,-1.0017054,-0.7447954,-0.28196186,0.18596916,0.9001853,0.5685696,0.52962494,-0.7371339,1.3312093,-1.2058529,-0.21857098,-0.008274424,0.34634998,0.5773398,-0.44104788,-0.2854676,0.24432229,-0.38097918,0.105610475,-0.19417535,-0.033201754,1.0983883,-0.12388182,0.14397924,0.31711665,0.29711476,0.4047909,0.38065985,-0.29541874,0.04809379,0.71083724,-0.85297793,0.5511193,-0.7131157,0.18229198,-0.09746553,-0.053006466,1.1809263,-0.27823192,0.96660787,0.15379745,0.14601797,0.5817235,-0.4342843,-0.07847488,-0.26432464,0.7527445,-0.292045,0.14772691,-0.006376721,0.9750795,-0.30541173,0.21859351,0.51000625,0.44870183,0.7903459,0.8411268,-0.056972887,-0.4295705,-0.06873097,-0.21134436,0.32049432,-0.15844072,1.0853468,0.09704031,-0.0024252033,0.34599382,-0.3506427,0.7983459,-1.0055271,-0.0421703,0.08178369,0.12812155,0.05575765,0.22122471,-0.36297566,-0.21245924,-0.17461489,-0.13516684,-0.15410854,0.020352488,-0.3371884,1.2590309,-0.13155183,0.36748827
hydrogen_production,0.43836772,-0.26268712,-0.41731268,-0.31155926,-0.34992987,0.6962211,-0.50566965,0.30050373,0.37123647,-0.28547776,-0.19980252,0.16756651,0.35266954,0.07758857,-0.488514,-0.7932759,-0.32055524,-0.171975,-0.51093626,0.17663084,0.22279018,0.6596076,-0.5633331,0.2716644,-0.46297207,0.056709,-0.34920776,0.8064033,0.376207,-0.39200893,0.046466053,-0.7698244,0.19310974,-0.3370413,0.34915382,0.01770243,0.009601964,0.179636,0.0870481,0.45931125,-0.47269803,0.78324014,0.27660653,0.37324616,0.27016836,0.60634875,0.27923527,-0.23794557,0.82707936,-1.0087479,-0.005451629,-1.3941983,0.12679397,-0.8501123,0.06282458,-0.87386537,-0.17064962,0.20164889,0.19095513,0.63859534,0.04659297,-0.6370729,-1.2984447,-0.29693022,0.61892635,-0.64126635,0.14586505,-0.30566254,-0.3119585,0.42561993,-0.44022778,0.35202056,0.30965924,-0.5404935,-0.4893462,0.071357474,-0.17303339,0.1992264,-0.20048048,0.112030566,-0.03791313,-0.16285467,0.7241055,0.15634412,-0.15735981,-0.10704398,-0.09701945,0.027018482,-0.97414005,0.50210536,-0.94614,0.13087842,0.19431433,-0.23628385,0.18048443,0.67532426,-0.42860404,-0.25690365,-1.6725287,0.4509624
demography,-0.029461635,-0.062337235,-0.75865823,0.45996922,0.046558753,0.38079894,0.21120647,0.9169266,0.34479275,0.05044707,-0.7660055,-0.3308089,0.26995596,0.06224091,-0.6386802,-0.35386217,-0.34857857,0.086293116,-0.056242395,0.69944173,0.010145214,-0.09646551,-0.07396511,0.31311345,-0.49138942,-0.1262407,-0.6173612,0.07423636,-0.2674651,-0.18802716,-0.69246495,-0.08537713,0.015257941,0.22189564,-0.41042125,0.74078935,0.9796141,-0.38246143,-0.3602266,0.47971615,-0.45482624,0.05498668,0.2042381,0.47807166,0.057064336,0.04207388,-0.3442412,-0.13449372,-0.13507392,-0.17571999,-0.4669042,0.0061419876,0.46614262,-0.385311,0.058709685,0.047118507,0.7339174,0.32522705,-0.29971993,-0.10158723,0.24950443,-0.21520294,0.39107943,0.3313569,1.071777,0.040417667,0.18214798,-0.40470502,0.28411007,0.49637043,0.064364254,0.019494979,0.05667374,0.008337496,-0.26332262,0.076024726,-0.18299682,-0.02097364,0.58530194,-0.18255289,0.25376555,0.4947932,-0.2361849,-0.07318255,-0.50113124,0.3248749,0.39880642,1.1453708,-0.2746525,-0.025597401,0.08530464,0.3162324,-0.16134161,-0.57972205,0.5894461,-0.30852133,0.06236466,0.8460696,0.11139838,0.38700446
radiation_response,-0.24528325,0.45328313,0.46923187,-0.34033304,-0.2749304,-0.16211286,-0.4834695,0.58444476,0.07984832,-0.54349273,-0.020696038,-0.9588842,-0.62527686,1.1449717,-0.13417809,-0.31820503,0.18857369,-0.9466379,-0.060497068,-0.4976436,0.42904878,0.19811578,0.3839104,-0.012442042,-0.44145477,-0.39323342,0.107542336,0.74955827,-0.29418665,-1.0352842,-0.51215637,-0.6448905,0.123295024,-0.8147321,0.5917029,0.09186247,-0.66109216,-0.6386182,0.34036043,0.110178754,-0.1302411,1.1095589,0.5095889,-0.32614338,-0.3149377,0.83065325,-0.48636863,0.2170455,1.1547592,-0.18911885,0.12351381,-1.0406069,0.65345365,-0.2800573,0.4432014,-0.28525648,-0.117715314,0.07454892,-0.96427417,-0.25738645,0.16122416,-0.81520677,0.3869986,1.3569893,0.22021359,-0.009628352,0.18691161,0.110043555,-0.12407181,0.700486,-0.6689286,-0.8255321,0.28366795,-0.29653054,0.44690225,-1.1574831,-0.00960235,0.5286718,0.12832543,-0.24870038,0.8742127,-0.18383728,-0.6297512,0.2558842,-0.46679255,-0.41207194,-0.39911819,0.123076685,0.29505283,0.20406869,-0.52309024,0.72807777,0.77832663,-1.3140293,-0.52126056,0.42197123,-0.17090559,0.001189494,0.03537907,-0.42362922
acidity,0.842283,-0.22469902,0.40206778,0.12208663,-0.61483836,0.81182885,0.9367782,-0.44453073,-0.5059635,0.15657566,-0.1766098,0.27790353,0.20973922,0.4421207,0.123979606,-0.67594904,0.91945606,-0.6626786,0.65524554,0.08033668,0.15525205,0.816536,-0.3299377,-0.37442586,-0.45105782,0.32624492,-0.5951592,0.46682084,-0.3562358,-0.49087867,0.34053868,-0.4214681,-0.7439089,0.52161276,0.30357182,-0.4353734,0.45833567,-0.9168153,-0.5394073,-0.2622918,-0.17896514,-0.36902422,0.45800525,-0.6306885,0.5914542,0.4849604,-0.14010324,-0.031610906,0.29052728,0.4029185,-0.21015133,-0.44630492,0.706299,0.6474532,0.69383377,-0.18423991,-0.12667704,0.34544423,-0.65795684,0.05154861,0.3786065,-0.482677,-0.29350922,0.9880045,0.38135272,0.80540776,0.393157,-0.6998568,0.73639774,0.29851595,-0.45407057,-0.17397916,-0.12374725,-0.48838827,-0.2853308,-0.060377896,-0.96749413,0.38781875,-0.014953069,-0.6310147,-0.24571545,-0.41381264,-0.36222267,-0.018055746,-0.27623203,0.54291874,0.020661434,-0.16722597,-0.38185546,-0.40049347,-0.18791394,0.7626506,-0.518261,-0.3659795,0.31814152,-0.4829518,-0.27863753,-0.22838232,-0.66416496,0.18995486
sludge,0.5003576,0.037260972,-0.8346299,0.718671,-0.2952275,0.50687927,0.121627614,-0.34159872,0.5668007,0.4293121,-0.32744795,-0.12766427,0.1930013,0.690674,-0.6970307,-0.114941925,0.8121916,-1.1085194,-0.48104593,-0.21565534,0.3148502,0.6492665,-0.3980191,0.3010902,0.037085015,0.49430022,-0.7042741,0.8492917,0.51043624,-0.9077447,-0.080584094,-0.51796824,-0.34194908,0.22096345,-0.10847804,0.16246644,0.082677215,-0.5435745,0.4680693,0.3930815,0.16306695,0.2844766,0.53269154,0.4356215,-0.6120565,0.04537199,-0.017202148,0.44270095,0.991995,-0.6867778,-0.17000905,-1.3960973,1.3156052,0.2392859,0.5969669,-0.6797632,0.114760235,-0.276425,0.01627587,-0.0007262679,0.05404876,0.21271339,-0.29796845,1.5104799,-0.012886114,0.06691237,-0.4057363,-0.6277377,0.7432444,0.2694389,0.026245378,0.8208944,0.2885553,-1.3708377,-0.3350438,-0.33021134,-0.119743526,0.43249786,-0.51676387,0.3964743,-0.007501895,-1.0310807,-0.377826,-0.2875801,-0.66650105,-0.07224652,0.79300785,0.03271582,-1.0852348,-0.06813658,-0.39172745,-0.03393069,0.62828076,-1.1262795,0.2853273,0.24890618,-0.41896048,0.21997744,0.054422405,-1.3155637
hydrogen_bond,0.34028867,-0.3279757,0.009940996,0.40879625,0.03771629,0.298976,0.83439726,0.26384315,-0.36967725,-0.25705296,-0.4103204,-0.06314258,0.17559329,0.09095222,-0.2559744,-0.4645154,0.23311248,-0.76783687,-0.17356148,0.26200992,-0.29079804,-0.31504714,0.12024145,0.39446318,-0.28619277,-0.3135421,0.33254266,0.11387524,0.14228897,-0.50103045,0.12738782,-0.065571204,-0.11624577,0.3802566,0.94688606,-0.25754395,0.643546,-0.7814278,0.34881917,-0.43959436,0.17086844,-0.26424196,0.23583953,-0.61340415,-0.21825182,0.16694573,-0.067582,0.28741023,0.075530075,-0.18762304,0.13940196,-1.4488513,0.3463922,0.009494652,0.40410227,0.32146275,0.46876708,0.39478546,0.46469674,0.44927236,-0.11233429,0.14504279,-0.5792872,-0.3544625,0.10088154,0.1461039,0.3786525,-0.4033432,0.36776438,0.1332284,0.54837704,0.6978895,-0.39494544,-0.29543686,-0.14696522,0.25422382,-0.15513113,-0.32991078,-0.23167954,0.44831693,0.2599939,0.23561677,-0.27204114,-0.05524762,-0.8001628,0.7288381,0.4608804,-0.7429956,0.057437766,0.34541115,-0.121838935,0.25524437,-0.9654022,-0.011174876,-0.25230306,-0.36238426,-0.015999066,0.69052744,0.2307778,0.03189036
cholesterol,-0.4206136,-0.29117915,0.105168805,0.5240639,-0.2747773,0.9262967,0.12518227,0.4761462,0.49660566,0.17439237,-0.932859,-0.14608799,0.7798897,0.88007104,-0.10333291,-0.25345185,0.14472976,-0.2726526,0.12719046,0.30481395,-0.52480865,0.066601,0.72287315,0.2805765,-0.33733547,0.18519585,0.11549727,0.24784264,0.5755262,-0.5392992,-0.35701442,0.28508547,0.18453427,-0.27849436,1.1394799,0.35176226,0.45896947,-0.17480858,0.73410463,0.37688434,-0.24824005,0.6187661,0.45341793,0.10680342,0.2981187,0.57651055,0.023188228,-0.02178552,1.2869353,-0.5852459,0.22123319,-0.38259968,0.33944425,-0.36378786,-0.013051844,-0.27382097,0.223979,0.3321329,-0.17493783,0.20052823,0.019746788,0.68396777,-0.5096814,-0.47004604,0.35765037,0.04771722,-0.42781776,0.26666605,-0.2891922,0.80529225,0.3060782,-0.13134651,-0.26697618,-1.1815643,-0.097732835,0.41044414,0.095379226,0.55553275,0.7702443,-0.35170293,0.09152716,0.28693599,-0.54150105,-0.29551852,0.28404066,0.5611706,-0.75702715,-0.45724815,0.19406965,0.41330418,0.2855707,0.5954656,0.019136108,-0.146231,-0.00028418348,0.014405834,-0.085622646,0.43914747,-1.4053326,0.104585685
chelation,-0.4945293,-0.9329136,-0.046990212,0.0058828574,0.33066747,-0.06905141,0.15292871,1.044769,0.43068695,0.10814662,-0.39924192,-0.3307209,0.6232765,0.24964684,-0.47761032,-0.1201924,-0.09006448,-0.31084332,-0.21660094,-0.5443273,-0.1409873,0.392617,0.5072315,0.13442376,0.10295463,0.505069,0.79857355,-0.5487991,0.31796247,-0.58080894,-0.42706016,-0.13836093,-0.0027757797,0.13744365,-0.48149467,-0.051074214,0.65865546,-1.1435176,0.114302166,-0.33830893,-0.77483106,0.79381645,-0.31341043,-1.0729368,0.91135347,-0.2900206,0.72737586,-0.16651782,0.64302254,-0.5824538,-0.38826987,-0.58456564,0.21464974,-0.18825765,0.19012637,-0.22503531,0.27254477,0.5517102,-0.14279708,0.17475608,0.04922866,0.60603964,-0.4004409,0.3094964,-0.030648446,0.038131636,0.07035138,-0.5709097,0.042003132,0.10837653,0.9520005,0.33793172,-0.3833505,-0.057272114,0.8492735,-0.03477601,0.38169906,0.27900583,-0.08771325,-0.016266143,0.10793445,-0.77182525,0.5763254,0.26008594,0.07398905,0.19815579,0.45817238,-0.11617891,-0.5322496,-0.20993067,-0.6907782,0.64789784,-0.003229199,-0.6011466,-0.565131,0.37524638,0.6140322,0.7443423,-1.2294785,0.29466173
volatile_fatty_acid,-0.123695605,-0.021595264,-0.69008666,0.20252636,0.035693794,0.70529336,-0.23677348,-0.07811505,0.5142745,0.35465384,0.0124335475,-0.1373197,0.7512156,0.18032385,-0.7534426,-0.36834514,0.4932726,-0.8022004,-0.3086108,-0.17446867,0.9713356,0.8938979,-0.058479004,0.27607173,-0.0058409255,0.5164693,-0.4957819,1.210374,0.44653678,-0.60918015,-0.19873855,-0.9857021,0.07827103,0.15202364,-0.0036564642,0.057316862,0.32198632,-0.390188,-0.4219405,0.119835496,0.2369378,0.6208205,0.455017,-0.12045371,-0.23297217,0.21894538,-0.3477007,-0.20805135,1.018901,-0.8171541,-0.32171097,-1.646026,0.82629406,-0.0579821,0.36611134,-1.0343534,0.08384011,0.1430665,-0.38553795,0.16972691,0.23923443,-0.0046386593,-0.8588992,0.11441607,0.5552776,0.07123894,-0.17905296,-0.2248092,0.74430287,0.31355613,-0.6141255,0.9825452,0.31231472,-0.4853499,-0.29921573,-0.548674,-0.051169988,0.119411714,0.32420212,-0.10743596,-0.26317924,-0.18094318,0.101612836,-0.11012246,-0.81780344,0.07873387,0.59702545,-0.33770323,-1.5229046,-0.44920996,-1.0585827,-0.66090095,0.07778958,-1.3159148,-0.1794504,0.24250649,-0.4499273,-0.26015732,-0.6337775,-0.0934702
anaerobic_digestion,0.24437135,-0.45919752,-0.3969366,0.15256488,-0.021522775,0.43265653,0.17790447,0.048150707,0.22562583,0.1268179,-0.22554383,-0.1919143,0.9288373,-0.3554117,-0.7137393,-0.24902299,0.20724562,-0.2744647,0.11168122,-0.09651227,0.7036245,0.49769738,0.15161447,0.08298519,0.108093604,0.21373762,-0.5479285,0.39139944,0.29407826,-0.48967108,-0.33241794,-0.36905715,-0.15463439,-0.31959286,0.18170235,0.08615949,0.14536488,-0.18730164,0.018521342,0.16645531,0.22126816,0.7106865,0.30872053,0.26439887,-0.24283552,0.23201188,-0.48817542,-0.052637562,0.7984436,-0.26499444,-0.23213516,-0.8550477,0.6992244,0.04829742,-0.21625333,-0.77838486,0.19121169,-0.049130034,-0.13226803,0.14360794,0.56506896,-0.32456198,-0.82889587,0.4663285,-0.1240575,-0.05169834,-0.55125624,-0.53357875,0.6001811,0.26947963,-0.41792583,0.5738803,0.2681706,-0.34722105,-0.49539953,-0.053259023,0.13943405,0.36972067,0.15034361,-0.02032887,0.045986187,-0.24391791,0.40885073,-0.20182543,-0.26175213,0.20924096,0.3607324,-0.29859644,-0.6995557,-0.01703984,-0.35486296,-0.43621793,0.1648532,-0.9883358,0.21495786,0.32761064,-0.21026328,-0.37708792,-0.4994242,-0.17264773
breast_neoplasm,0.043368824,0.22153787,0.4410871,0.47323558,-0.053151935,0.76041865,-0.11515155,0.4750196,0.2685875,-0.57254976,-0.24567205,-0.7049407,0.7694026,0.636225,-0.07283411,-0.12121639,-0.47822013,-0.628817,0.08933725,0.51115096,0.48559374,0.13778518,-0.2458127,0.22424379,-0.5924342,-0.62521225,0.50619227,0.23945777,0.22454812,-1.2161467,0.7967475,-0.07564201,0.2947635,-0.13895929,1.0733286,0.0151831135,-0.18269277,-0.09404389,0.8333502,0.8855587,0.109408274,0.42372823,0.6797524,0.30679443,0.01186258,0.12963088,-0.19197114,0.7357354,0.6194236,0.47379783,-0.10898443,-0.68088907,0.36526388,-0.057970013,0.08180076,0.04113246,0.89948815,0.09899003,-1.1196682,-0.027772395,0.0016702714,-0.4539346,-0.124753535,-0.11378943,0.30159932,0.59339285,0.03832549,-0.40690526,0.028153135,0.65587217,-0.38034526,-0.24207449,0.7930719,-0.081667,0.014792078,-0.71896654,-0.10493078,0.7210309,0.6687447,-0.48819184,0.029365614,0.50474054,-0.0617012,0.5468227,-0.7769447,0.02937629,0.3494933,0.07368368,-0.08207013,-0.5767611,0.057068814,0.28997585,-0.019569242,-0.63962203,0.1375514,-0.35805723,0.07711209,-0.3010008,0.5463195,0.41712296
theoretical_model,0.3989243,0.3537879,-0.6040995,-0.48825392,0.4059773,0.012591288,-0.3895683,0.7111475,-0.8519445,0.21181637,-0.029544221,-0.062126625,0.5198953,0.3242952,-0.83933526,-0.5069016,-0.19002047,-0.35459647,-0.57768905,-0.44771802,0.59283984,0.92912245,0.07898612,0.02721075,-0.014997865,-0.5543317,-0.62741333,-0.20345739,-0.007939592,-0.95231557,-0.10083486,-0.027643928,0.56677014,-0.10880493,0.00033963926,0.4428911,0.4705289,-0.296826,-0.27617958,0.47331497,0.9832498,0.05398162,0.45628366,-0.110998526,-0.36661723,0.09002573,-0.29293802,0.26707622,0.02974979,-1.2335769,-0.29809672,-1.055497,0.63659215,-0.1270402,-0.020508809,-1.2059069,-0.037169944,0.58430845,-0.6034542,0.41331252,-0.005426765,0.1612166,-0.5202242,0.27110332,0.543081,-0.04095239,0.18711928,-0.4003574,0.09545435,0.545155,-0.33476666,0.7717299,1.4158441,0.053606506,-0.77295625,-0.65724546,-0.38900828,-0.035861157,0.71830904,0.22481407,-0.13715051,0.42760384,-0.0029870388,0.43629226,-1.4036757,0.7847242,0.56301713,0.5288852,-0.44395858,0.16633335,-0.8434574,-0.58186984,-0.1868208,-0.38983366,0.85896003,0.3048687,0.50916636,-0.13786142,-0.255062,-0.7179557
"models,_theoretical",0.46578372,0.3171413,-0.6022238,-0.4990157,0.39962122,0.027811058,-0.35206744,0.71781725,-0.8172414,0.17730792,-0.06059146,-0.00901264,0.5087394,0.3567183,-0.80516326,-0.50625205,-0.14517629,-0.33096424,-0.55928344,-0.44918516,0.5818787,0.9184496,0.016827364,-0.00041728865,0.011517842,-0.5334405,-0.6073554,-0.19237952,0.018378848,-0.8937115,-0.008657181,-0.0356915,0.59148264,-0.08386912,-0.012582401,0.44746017,0.40798238,-0.25758004,-0.3088442,0.45108777,0.952437,0.037517715,0.41512704,-0.08360568,-0.33478177,0.07061436,-0.26471433,0.29576546,-0.060898885,-1.1512545,-0.31612274,-1.0711634,0.58665454,-0.0563193,-0.011806485,-1.2121028,-0.006148986,0.59691685,-0.58322823,0.40098688,-0.023028744,0.15840752,-0.5009975,0.21678041,0.52669954,-0.057688456,0.21874736,-0.39287713,0.09341621,0.58724564,-0.3264079,0.7974454,1.417599,0.06669093,-0.78108394,-0.61676705,-0.38404787,-0.013640949,0.72841513,0.16955358,-0.18281278,0.40072215,-0.042259637,0.41754502,-1.4002023,0.81086105,0.6058797,0.529407,-0.43384573,0.16414794,-0.77287596,-0.5688698,-0.25671667,-0.33359665,0.85250086,0.25246698,0.50844336,-0.21198346,-0.11967299,-0.7316514
water_pollutant,0.3304347,0.20045646,-0.4742366,-0.2182123,0.04832387,0.44658288,-0.08299966,-0.06616278,0.68684477,-0.50141335,-0.5655697,-0.51106244,-0.40634754,0.57244873,-0.55633134,-0.25682434,0.6534557,-0.48266244,-0.57926744,-0.08769285,0.8236054,1.4096065,-0.15312235,0.23331511,-0.4624646,0.8668476,-0.52651834,1.0734109,-0.03807749,-1.5039428,-0.46653366,-1.0008761,0.30940664,0.068812415,-0.12634017,-0.11018505,0.80447084,-0.8561744,0.2175634,-0.081696846,0.93244094,0.440025,-0.22506921,-0.25672618,-0.66663426,0.3162541,-0.2559113,0.34166014,0.33982843,-0.48197094,0.33681217,-0.66200805,0.6070359,-0.21010439,0.471543,-0.14479882,-0.60409766,1.104,-0.10664815,-0.43403476,0.39610943,-0.2851749,-0.20161252,1.6288135,0.38406727,0.81358415,-0.3427095,-0.5853021,1.2512319,0.7758312,-0.17999162,0.4624062,0.601573,-0.28989908,0.56495047,-1.1066564,-0.11603856,-0.007504459,0.1857879,0.14747213,-0.15277113,-0.54670787,0.6759456,-0.32706589,-0.5863766,-0.6487438,0.46415797,-0.634622,-1.0614636,-0.4209132,-1.6515671,-0.9931989,0.43890634,-0.6883784,-0.8824768,0.086181715,-0.33093992,-0.096603885,-0.30928677,-0.35888457
gold,0.24249628,-0.12273938,0.057779793,0.33030403,-0.3217999,0.5185818,-0.5675363,0.077130765,0.5809606,-0.4954126,-1.0316917,-0.2648379,-0.124472015,0.13694559,-0.3437941,-0.22311302,0.17657478,-0.5347623,-0.54461944,-0.451382,0.43392596,0.91379166,-0.6664637,1.076097,-0.47617993,-0.16091605,-0.29837605,0.0676774,0.42083272,-0.62153983,0.2704847,-0.22915155,-0.71505535,0.93834376,-0.6365728,0.07762017,0.9368485,-0.6427123,0.65762913,-0.26427063,-0.16909993,-0.09143666,-0.21540701,-0.27940774,-0.04644839,0.2648967,-0.12027364,0.14339267,0.8988331,-0.20738913,0.1371537,0.095753655,0.2323702,0.15613729,1.0131792,-0.22186472,-0.4128752,1.4151056,-0.15710159,-0.57802236,0.7696851,-0.1483971,0.32998678,0.6186262,0.45476422,0.54256845,-1.0229026,-0.37793887,-0.106281474,-0.27008685,0.2578075,0.1948745,-0.41087016,-0.09004659,0.48136282,-0.97977585,-0.3402514,-0.02042568,0.48001593,-0.61867297,-0.15989713,-0.4651393,0.10832668,-0.045518838,-0.011238036,0.25633365,0.65705323,-0.652708,-0.33323455,-0.7173393,-0.610079,-0.14535621,0.3079303,-0.4791756,0.15942764,-0.8264519,0.19750558,-0.20278308,-0.9546582,0.1770908
environmental_monitoring,-0.4077371,0.16714543,-0.10970665,-0.11417539,0.79525256,0.22344135,-0.3133986,0.21603665,1.0674609,-0.62027526,-0.80858314,-0.15984543,-0.113670275,-0.201948,-0.296309,-0.54257154,-0.6086428,-0.47808573,-1.4192723,0.19601525,0.9609759,0.88367933,-0.28432387,0.8670435,0.05760089,0.13135515,-0.363855,-0.29291886,0.34887692,-0.33878353,0.058513097,-0.081595734,-0.9510727,0.31102705,0.25778082,0.08239026,0.5113197,-0.67098516,0.45945206,-0.26167488,0.44165733,0.53165233,-0.25250724,-0.15172292,0.013126025,0.4831423,-0.14295468,0.4386611,0.108231425,-0.34097156,-0.10953751,-0.090355895,0.73946965,0.23673482,0.01197512,0.15985414,-0.5960288,0.6996565,-0.19375755,-0.23980139,0.6893718,-0.24254826,-0.45478073,1.0645331,0.19482787,0.50875056,-0.40806356,-0.2063879,0.27752972,0.15852618,0.17725466,0.42970556,-0.25654632,-0.15971753,-0.114710525,-0.6601506,0.2279061,-0.47523543,0.3890315,-0.21700007,-0.44680202,-0.19226818,-0.17242984,0.1734422,-0.7983009,-0.25188068,-0.37551028,-0.117794946,-0.19064707,-0.31269786,-0.098833136,-0.34201157,0.45971236,-0.2320449,-0.6370213,0.28421327,0.036540695,1.0724835,-0.58068806,0.20126703
ultraviolet_visible_spectroscopy,-0.53803533,-1.3346236,-0.6091042,-0.02931841,-0.33844182,0.25946695,-0.31318137,0.08429969,0.12842707,-0.49883094,-0.67380255,-0.13607875,-0.24391273,0.4032873,-0.55168355,-0.23754632,-0.11390043,-0.41355577,-0.0833382,-0.8547814,-0.30634028,0.65120274,-0.48954973,0.3007816,-0.4354576,0.057912853,-0.6889899,0.40969756,0.65569055,-0.10855442,0.0076754196,-0.4039042,0.1929981,-0.0730127,-0.99935144,-0.065288454,0.5116992,-1.1349279,0.10092548,-0.10647711,-0.659113,0.99340796,-0.2675515,-0.5019304,0.20005482,0.38064325,0.254604,-0.6963174,1.4409015,-0.011135632,-0.40047017,-0.54746187,-0.047529086,-0.045975693,0.80908614,-0.021646243,-0.2670226,0.30711684,0.06699025,-0.14530055,0.7312522,-0.3198551,0.3379413,0.31547025,0.77881116,0.23578414,0.2913422,-0.537988,-0.06766397,0.69135857,-0.0890701,-0.21588737,-0.9872837,-0.04783642,-0.010303857,-0.790525,0.05172664,-0.008266185,0.21837924,-0.9387156,-0.0707017,-0.56037474,0.24283303,0.0017111513,-0.07449663,0.1941872,0.119250245,-0.33426443,-0.6919848,0.21119346,-0.5674314,0.9017313,-0.49339795,-0.605917,-0.5471037,-0.25100958,0.03021189,-0.05619868,-1.0157627,0.66528827
mixed_oxide,-0.28240827,-0.98055845,-0.5629478,0.29327515,-0.30924574,0.21879232,0.07660836,0.29338205,-0.21237831,-0.56243306,-0.8095364,0.463485,0.17881167,0.009498687,-0.41197112,-0.6564597,0.055656195,-0.5263406,-0.113117054,0.2143062,-0.35911182,1.01435,-0.23158298,-0.03257413,-0.7937439,0.10309166,-0.64696836,0.8761676,0.20539075,-0.12706894,0.16860785,-0.18778196,-0.029670756,0.16449703,-0.3405956,-0.27615657,0.13369183,-0.50287527,0.2598763,0.034539692,-0.24711332,0.15717258,0.18431304,-0.66733974,0.10762441,-0.02408452,-0.24777931,-0.63453823,1.1564395,-0.18527488,0.07199366,-0.95974654,0.29158273,-0.12343562,0.93094414,-0.026263323,-0.0073869647,0.043183398,0.038076572,0.34335098,0.13853395,-0.2976175,-0.09710732,-0.49520075,0.6227428,0.5834071,0.624293,-0.43474135,0.31369042,0.1786307,0.11236963,-0.008984672,-0.73352253,0.16131543,0.0017661008,-0.49191082,-0.21351899,-0.37315223,0.105792865,-0.6113127,0.22636323,-0.78295857,1.0073254,0.002742185,-0.7844292,0.617139,0.0649357,-0.18393569,-0.56471163,0.119931966,-0.93894637,0.34796983,-0.18687603,-0.47491017,-0.19208503,-0.70232046,0.114306234,0.65244055,-0.14859702,0.3539533
nuclear_reactor,-0.1800889,-0.22179298,-0.79264575,0.14879285,-0.0035414144,0.31200826,-0.41627395,0.35686564,0.6195281,0.12547481,-0.3479908,0.32854432,0.42775014,0.3015891,-0.48021656,-0.61763364,-0.1591572,-0.26060897,-0.52746004,-0.6682367,0.13140936,0.8445131,-0.24691881,0.24522273,-0.41892868,-0.43846226,-0.5076173,0.4811485,0.34327284,-0.2127049,-0.103901364,-0.45228663,0.8396332,-0.5192803,0.19850679,0.26632014,0.5661238,-0.22169693,-0.15152255,0.20736976,-0.37282622,0.37173873,0.87591505,-0.0640658,0.13006224,0.24540724,0.17122549,-0.8042404,0.6394064,-1.1566386,-0.060944103,-0.8549608,0.15469258,-0.5022336,-0.1759709,-0.26858014,0.41543865,-0.09208287,-0.32208258,0.1952911,-0.3002052,-0.2947658,-0.6124163,-0.80308,0.5114889,0.12664314,0.14373994,-0.027906766,-0.09756644,0.2594203,0.22284974,0.6970711,0.45865488,0.2539057,-0.38212144,0.01529793,-0.17665382,-0.5461728,0.72298694,0.71241,0.02917499,0.48357305,0.23034145,0.08814581,-0.38493484,0.48072287,0.2691942,0.025162525,-0.5795325,0.16676599,-0.27066553,0.5951915,-0.13092254,-0.27400443,-0.04920567,0.1020385,0.168184,0.44080958,-0.62921953,0.31784335
sex_factor,0.43812642,0.047301717,-0.7892008,-0.034410622,0.10834511,0.32594264,0.7015146,1.1689037,0.83163637,-0.4422205,-1.3936592,-0.7306506,1.0612961,0.002843511,-0.47506583,-0.477587,-0.85288364,-0.06636594,-0.23202692,0.5984702,0.5058687,0.19031836,-0.40992332,-0.0031249411,-0.3929396,-0.14138733,-0.42234895,0.79406023,0.38071483,-0.3307334,-0.26958415,-0.22160952,0.024352856,0.31251708,-0.023584116,0.43003055,1.1338671,-0.6423619,-0.40293005,0.5399663,-0.39264885,0.012742875,0.17881803,-0.23354852,-0.37838292,0.3244417,-0.31073672,-0.13524134,-0.23764603,-0.7215418,-0.20707643,-0.009348892,0.4661684,-0.3550642,0.24071337,-0.094054036,0.5736813,0.55922306,-0.49397877,-0.170706,0.33866477,-0.33181077,0.7797559,0.36070803,1.2427045,0.31238097,0.2959792,-0.29456595,0.014636944,1.1793278,-0.43178385,0.34291238,0.21690682,-0.124349974,-0.25054955,0.06419279,0.050997823,0.415222,0.7286498,-0.633963,0.5904181,0.6796066,-0.47371656,0.04636015,-0.9342581,0.4921387,-0.3297737,0.8371801,0.028755993,0.22467242,0.3510142,0.18593198,-0.46899718,-0.61095715,0.6605649,-0.431042,-0.035767954,0.7881448,0.05504981,0.22672622
amine,0.34658825,-0.009044222,0.32402977,-0.4050707,0.63306135,0.36494815,-0.057266887,0.090752386,-0.19318986,0.24037525,-0.53828007,-0.25327602,-0.27298343,0.77784514,-0.53049463,-0.011027861,-0.29072252,-0.36307514,-0.5527757,-0.5966397,0.04988095,0.4985213,-0.29167214,0.027840236,0.70424247,-0.16575137,-0.38768828,-0.5677086,-0.07617451,-0.80141836,-0.06452104,1.2079777,-0.3374069,-0.38052893,-0.20255467,1.043013,0.6789275,-0.87107795,0.2904139,-0.02596833,0.104159094,-0.30329838,0.09289652,-0.050826512,-0.21549635,0.1729678,0.14886004,0.8944193,0.68160474,0.20332077,0.06250297,-0.8179789,0.34939402,0.31221464,0.5789549,0.31411034,-0.083459355,0.77105415,-0.51232535,-0.46791643,-0.18527015,0.22065222,-0.24509037,0.06030948,0.81546545,0.2974071,0.056905538,-0.46587208,-0.42917377,-0.06949723,-0.35072556,0.019155985,0.005132963,-0.69055754,-0.7756519,-0.20895445,0.031970497,-0.23751864,0.34553784,0.74557877,-0.19829766,-0.26235333,-0.32151157,0.16325833,-0.31639105,0.02061199,-0.11660779,-0.34148845,0.3077086,0.3735029,-0.28968745,0.4905405,0.4818173,-0.49372843,-0.048422888,0.16775008,0.4474294,0.53322524,-0.7078547,0.10750202
macrophage,0.13174695,0.6231483,0.03873519,0.11957965,-0.53525907,-0.031439275,0.6725805,0.6755097,0.756977,0.37812778,-0.6669121,-1.1075927,0.14829999,0.9869379,-0.13926837,-0.5910355,-0.07223738,0.07422421,-0.5128583,-0.33140856,0.122380376,0.13968378,0.035910156,0.1987989,0.27024493,0.1879455,0.107478015,-0.4998308,-0.8079071,-0.7139047,-0.553862,-1.2452935,0.94886166,-0.5653672,0.0677126,0.23133981,0.47982478,-1.258025,0.5192883,0.11300949,0.13919015,0.4196673,-0.6430012,0.30223268,-0.27031907,-0.22328426,0.8421311,0.4158224,0.2788003,-0.33257413,-0.45351854,-0.3762435,-0.25349742,0.053268243,0.44571388,-0.3248263,0.13776319,-0.0077651753,-0.59927326,0.36672443,-0.36243385,-0.065445475,-0.2872612,0.9448326,0.25658765,0.14466493,-0.06974034,-0.13505898,-0.26876354,1.6452212,-0.33521298,-0.62382096,0.31284055,-0.29890504,0.44470838,-0.8860864,0.46567053,0.7063353,0.01843457,0.19050983,0.2998674,-0.06847475,-0.21623965,0.29539686,-0.1314327,-0.016289784,-0.52129894,0.34965557,-0.646415,0.4048206,0.06528663,0.52849466,0.051363777,-0.25556692,-0.8856246,0.6775696,0.023526829,0.42444986,-0.6813588,0.27809498
immunology,-0.34449708,0.71951795,-0.49354964,0.1885027,-0.9912513,0.46626127,0.52297515,0.77697664,0.47753102,0.071875975,-0.55641574,-1.0997964,0.33810002,0.58338314,-0.059818547,-0.4774724,-0.20856087,0.05284283,-0.22989541,0.48309597,-0.04921101,0.46543056,0.43541813,-0.06907796,-0.68175596,0.17108834,0.30940783,0.5459007,-0.17646642,-0.18054093,-1.2346284,-1.0949849,0.48452434,-0.20877735,0.33071297,0.5277448,0.26584372,-0.32365945,0.47167745,0.44038528,-0.19678144,1.2233484,-0.1260148,0.0848722,-0.23544316,0.5792333,-0.17327721,0.23517533,0.68974185,-0.23091379,0.2783736,0.24597755,0.76784426,0.28003427,0.76622534,-0.20265183,-0.19657008,-0.36540386,-0.11078587,0.3425241,-0.53430253,0.91538286,-0.10658402,0.44768402,0.6855598,0.41440448,0.20511203,-0.15767281,-0.07572973,1.2801379,-0.18094096,-0.09100203,0.11064508,-0.61108416,-0.3526807,-0.30103618,-0.04583674,0.5601095,0.31618333,-0.5106133,0.5150924,0.32564163,-1.0518835,0.072776854,-0.13499466,0.3043056,-1.2803783,0.5437047,0.3221043,0.4789662,0.13723452,0.7332097,0.4198168,-0.22998306,-0.8578686,0.3249713,0.07168628,0.29922277,-0.39452034,-0.1226698
quercetin,-0.45011288,0.6089094,0.1360799,-0.21373968,0.16003914,-0.0057265614,0.6876479,0.8762829,0.4334718,0.299003,-0.7077148,0.8310666,0.41118968,0.40088102,-0.8661297,-1.220931,-0.393297,-0.58397055,-0.42439738,0.67833394,0.02982827,0.76036435,0.119830176,0.843009,0.013936121,-0.1487722,0.12015215,0.45721534,0.24233843,-0.4475188,-0.22875096,-0.58983237,0.43312702,0.31041875,0.0822622,0.090306446,-0.06679486,-0.85758734,0.8547263,0.04126432,-0.27109808,-0.45055544,0.47600442,-0.13271502,1.1632413,0.22882257,0.026887055,0.1859221,0.46875963,-0.15256953,-0.08088371,-0.21971087,-0.037806492,-0.045012027,0.6666191,-0.019200405,0.5452144,0.2593306,-0.16845031,0.43991023,-0.7396734,0.08830735,-0.42696336,-0.50334483,0.78540355,-0.54402983,0.63048166,-0.14214833,-0.59204674,0.29546034,0.4790169,0.67933667,-0.71215826,-0.2894535,0.34416768,0.8269678,0.764911,-0.045101494,0.14807115,0.05875901,-0.10460076,-0.5150465,0.88855016,0.15301797,-0.29920524,-0.024724457,0.036131974,-0.28891715,-0.8429137,0.5975965,-0.37834206,0.35021088,0.103306234,-0.7719931,-0.82943076,0.3905013,0.02653056,1.0363202,-0.6342935,0.2932091
western_blotting,0.25716856,0.97467995,-0.5469888,0.5934214,-0.16226096,0.38138515,0.66314024,1.2459738,-0.028650934,-0.5214407,-1.2610887,-0.34880918,0.44428337,1.0998446,-0.055106122,0.054285,-0.31368282,-0.8128551,-0.24514176,-0.16075478,0.36652297,-0.17085195,-0.050587203,0.6446485,-0.22259207,-0.32954445,0.13107614,0.13341488,0.17723693,-1.8353862,-0.02410582,-0.8907739,0.5594305,-0.08087788,0.6210724,0.20861667,-0.08247284,-0.3696711,0.8750411,0.9268256,0.20304912,-0.711805,1.0440435,0.16970573,0.19382939,0.8426605,0.38446513,1.4700605,0.10893964,0.7295266,-0.5182373,-0.49104849,0.46719944,0.41396856,0.17065431,0.47096384,1.0783889,-0.05980796,-0.98527634,0.20292227,-0.27653968,0.22621258,0.08314033,0.6013019,-0.052760586,0.29439047,-0.32256448,-0.6310838,-0.55836403,0.84416586,0.14299892,-0.062371053,0.5137633,0.33172294,0.4102841,-0.308493,0.02547597,-0.20806998,0.4897791,-0.66472024,0.1335282,0.22948699,-0.27352032,-0.07732188,-0.90506715,-0.29763672,0.2196371,0.6716836,-0.26753256,-0.4648786,0.029785663,0.7487465,0.09138384,-0.57044524,0.23030773,0.09834492,-0.22130974,-0.21076676,0.39554295,-0.439252
dna_damage,0.11240466,0.098970525,-0.37984857,0.674973,-0.082599886,0.3875398,0.2240752,0.95982605,0.00013797167,-0.22731012,-0.8352482,-0.9340212,0.38503978,0.955929,0.29921323,-0.16054443,-0.43519467,-0.88290906,0.021339461,-0.35038015,-0.030416152,-0.15569778,0.16287929,-0.03192513,0.08073944,0.017309483,-0.07694628,0.21755025,0.408579,-1.2101586,0.38365796,-0.7233458,0.36504528,-0.24994114,0.12651525,0.23072408,-0.51834583,-0.7462204,0.5897909,0.61205226,-0.23572943,0.084414296,0.61968595,-0.34702107,0.19742036,0.2596628,0.22819993,0.88589585,0.14753169,0.7208723,-0.028838433,-0.5046234,0.76128626,0.02779226,0.05729081,0.71241146,0.48613903,0.031555198,-0.96382475,0.1328795,-0.20947197,-0.38161168,0.34406346,0.9741951,-0.058890853,0.54126525,-0.39845955,-0.76415956,0.15412037,0.8453945,-0.280285,-0.37283647,0.15951812,0.19554557,0.46322027,-0.30202037,0.21681796,0.35024235,0.32925066,-0.26248702,0.42379597,0.09602239,0.06049811,0.14267991,-0.19398014,-0.29509875,0.12079707,0.45014971,-0.19551682,-0.54119223,-0.5606579,0.65649027,-0.3376138,-0.24905188,-0.018631924,-0.10312299,-0.19010344,-0.070944175,-0.040151913,-0.6330919
gas_adsorption,-0.19968602,-0.8008921,0.009754707,-0.21000095,-0.8129356,-0.063424654,-0.1461832,0.16380855,0.2202827,-0.38128734,-0.96720546,0.027685825,0.77974755,0.2053205,-0.47478154,0.10647348,0.24276768,-0.619835,-0.39098248,0.29108712,0.30962554,0.88591105,-0.52618,0.7225191,-0.5838789,0.88682014,-0.35439014,0.08329229,0.571479,-1.0282161,0.6729365,-0.10372648,-0.43736348,0.29655513,-0.20955949,0.3553297,0.009159436,-0.08065316,-0.37162548,0.6025696,0.017513093,0.061180525,0.4696894,0.5911281,-0.11720683,-0.30417556,0.007558345,0.029537832,0.776897,-0.92375606,-0.7971858,-0.5018328,-0.09629763,0.32848528,0.9360962,-0.45582768,-0.4810298,0.48662123,0.43085086,-0.2618105,0.2643035,-0.26011384,-0.13718505,0.35237014,0.78657806,0.25269142,-0.07678663,-0.1538515,0.15928887,-0.15998603,0.63311166,-0.49267882,-0.6121712,-0.7764431,0.44603392,-0.24994978,-0.39321122,-0.31647584,-0.09390618,-0.31737554,-0.7716853,-0.6552803,0.016384428,-0.23261774,0.37341923,0.41950867,-0.3584114,-0.13451898,-1.1542065,0.18494293,-0.26466766,0.7159894,-0.6640622,-0.19389762,0.11981251,-0.069895975,-0.24713948,1.0148197,-0.9163389,-0.013748534
"stress,_psychological",0.20288146,0.64755535,-0.103115164,-0.37557068,-0.8087642,0.62727636,0.86691874,0.80389863,-0.06351656,-0.22126226,-1.3443979,0.18169467,0.28463146,0.331219,-0.096605584,-0.47519627,-0.2676798,-0.62388134,-0.044805165,0.3218283,0.10686631,-0.28578186,-0.2689012,0.79218525,-0.5842627,0.35321385,-0.411307,0.3464468,0.09839682,-0.2445226,-0.67387563,-0.18431544,0.30634063,0.5364893,-0.25737527,0.6114849,0.4019531,-0.6079096,0.8957216,0.93198913,-0.1811329,0.4815371,1.231376,-0.03926757,0.4513562,0.79070437,0.28125972,0.35584646,0.23277017,-0.13423592,-0.28145716,-0.39106107,0.21769525,-0.092217684,0.3114755,-0.041965112,0.45448065,0.40016443,-0.60708725,-0.0069476427,-0.42761496,1.3460917,-0.035943165,0.14172234,0.5033232,0.46463814,0.41397232,0.019861102,-0.29367277,0.75455195,0.086295515,-0.31132507,-0.2287634,-0.3519579,-0.93253237,0.3956644,0.5402002,0.5943662,0.26513287,-0.9252093,-0.4926042,-0.15214086,-0.7186241,-0.17414154,-0.18141006,0.047361553,-0.09450762,-0.7361404,-0.14212584,-0.79098797,-0.25295144,-0.19092453,-0.47340226,-0.28033203,0.17811713,0.24695885,-0.34062082,-0.14240426,-0.39017436,-0.1181614
mental_stress,0.17737989,0.5641129,-0.049351603,-0.3437225,-0.7004824,0.53168684,0.7217985,0.7671765,-0.12230938,-0.2926715,-1.2436382,0.15661786,0.27151346,0.291652,-0.09110753,-0.34800884,-0.28376204,-0.55468726,-0.079983674,0.24495925,0.009325115,-0.2936225,-0.2019539,0.632551,-0.5504598,0.30799398,-0.3610596,0.28972098,0.06990184,-0.21036704,-0.6755086,-0.13202643,0.26473567,0.48592508,-0.27270207,0.62841564,0.38939744,-0.47617722,0.84966075,0.7969397,-0.09374082,0.37948716,1.1395984,-0.005512546,0.37903512,0.74088347,0.18661714,0.18944478,0.3419859,-0.20977432,-0.25881064,-0.40309852,0.18082476,-0.027246581,0.2953169,-0.022827901,0.32111683,0.4052779,-0.64099044,0.0062904307,-0.42652994,1.21116,-0.02289882,0.13063377,0.48433575,0.41915435,0.3478328,0.01257133,-0.31402102,0.53319323,0.030672986,-0.25885785,-0.28206044,-0.30862194,-0.84716266,0.30423203,0.42105502,0.4721902,0.27954844,-0.80113447,-0.470475,-0.15559201,-0.64065194,-0.1418323,-0.16766381,0.06445407,-0.07300087,-0.7100851,-0.18336575,-0.6940486,-0.16285068,-0.116062164,-0.44045532,-0.22941248,0.18643576,0.18830283,-0.3270783,-0.15595683,-0.36596036,-0.07026339
scavenger,0.23980065,-0.61370057,0.043329187,0.08733905,-0.20417483,0.2825245,0.44166708,0.33128402,0.17485903,0.104981236,-0.8489534,-1.098891,0.12623303,0.8595387,-0.5872237,1.0143046,-0.24234284,-0.14512114,-0.4774062,-0.9264439,-0.3419409,0.15801202,0.64622355,0.2700683,0.47655946,0.51225895,0.37420568,-0.43488425,-0.2973418,-0.32374045,-0.46928972,0.28576586,-0.08054757,-0.46590406,0.00054439856,0.22061671,0.34159756,-1.8187399,0.9251945,-0.062936164,-0.47202507,-0.19435243,0.06967072,-0.29423726,-0.1456697,-0.011632779,-0.20726418,0.6609796,0.6067043,0.05910682,-0.42923295,-1.0582101,0.21357633,0.42810902,0.44742742,0.6843387,0.8391296,0.8389117,-0.040029142,-0.1159252,-1.0760974,0.9430293,-0.8112421,0.6785732,0.22770423,0.13633706,-0.32770368,-0.4562114,-0.22237779,0.616553,0.4562847,0.7373112,-0.36005738,-0.3909392,-0.5230464,0.18342412,0.15935777,-0.2942537,0.1437547,0.9257429,0.7963023,-0.005931545,-0.07249381,0.5758429,0.11817304,0.29567537,0.34673274,-0.66002357,0.43755552,0.85581195,-0.5869099,0.2583071,0.048226047,-1.068048,-1.2183399,0.43533862,0.42643327,1.520817,-0.67506194,-0.56800795
spectrophotometry,1.0361162,-0.06914697,0.47915465,-0.919882,0.019137988,-0.4221707,0.33828646,-0.5017377,-0.32480738,-0.3151871,-0.45487964,-0.34024572,-0.40154883,0.51362044,-0.3337325,-0.23891559,0.41312993,-0.53491795,0.14825653,-0.7552561,0.77126324,1.030956,-0.46652693,0.02631712,-0.40826187,0.1339376,-0.6044097,0.12318885,-0.53289783,-0.24751648,-0.3331316,-0.2339428,0.108679645,-0.8013523,-0.16944551,-0.011514891,0.63840896,-1.4330714,-0.046153475,-0.71449316,0.4243043,0.3461572,0.43223584,-0.30365667,-0.07148635,0.83333534,-0.6558375,0.9969857,0.81352025,0.12817207,-0.62899786,-0.7609029,0.73477775,0.35550648,0.619544,-0.27093762,-0.03370062,1.18411,-0.42169908,-0.5753724,0.09811726,-0.69021314,-0.030052183,1.7342204,-0.14700772,0.81835514,0.32435954,-0.11067264,0.1356104,0.38149902,-0.18587938,0.22480908,-0.15992293,-0.71794546,-0.010557997,-0.64555603,0.42267302,-0.6612336,-0.27630192,0.31424788,-0.25927433,0.39555413,-0.48691297,0.41385528,0.22643411,-0.34953058,0.19333419,-0.6846153,-0.03551624,-0.25177568,-0.10687078,0.59460914,-0.39833513,-0.37222344,-0.40924078,0.5554119,0.26251706,0.01886489,-0.36700353,0.14699969
nonlinear_equation,-0.006827029,-0.38137552,-0.7134974,0.78375477,-0.022592748,0.16275322,-0.16306591,0.5022575,0.27094132,-0.2599657,-1.2535414,-0.07422849,0.49094635,0.26558718,-0.117706,-0.11179202,-0.07697916,-0.71251196,-0.4713458,-0.50851893,0.221704,0.69133204,-0.08697837,0.2313211,-0.15319741,0.11718854,-0.74436665,-0.36469042,0.15707773,0.04774191,0.5588307,-0.14123522,0.45328596,0.34312317,0.0003637855,0.08216575,0.29083374,-0.43617612,-0.14247665,-0.21532723,-0.28806943,0.37234038,0.6287305,0.13617761,0.27703425,-0.19052736,-0.20984033,-0.5890735,-0.4171154,-0.6446888,0.07001628,-0.7381197,0.3540324,0.45684752,0.10413058,-0.0076274984,-0.30645424,-0.10771239,0.28507185,0.20837736,-0.07868075,-0.027640134,-0.292995,-0.34306186,0.66711706,0.0059810244,0.32021388,-0.8097258,-0.15873225,0.21749388,0.4257027,0.56244814,-0.20640495,-0.12844127,-0.25139093,0.16611943,-0.40139294,-0.4135867,0.5321414,0.35420427,-0.06459213,0.46732932,-0.12260433,0.36543027,-0.06447671,0.8749853,0.06611685,0.053731717,0.1249985,0.21702278,0.071810536,0.8339859,-1.490036,0.38560614,0.46578473,-0.38971028,0.3195796,1.0847018,0.15304843,-0.14863142
differential_equation,-0.17468426,0.36974108,-0.5659218,0.46431008,0.08285839,0.08615471,0.12614673,0.43696204,0.4245294,-0.60214365,-1.1211839,-0.0317268,0.63897735,0.50134057,0.04563007,-0.62290156,0.22519493,-0.6110753,-0.7302964,-0.20182736,-0.14600147,0.8463701,0.46109945,-0.20897141,0.18789592,-0.2990781,-0.38440457,-0.36644194,-0.4194016,-0.4023253,0.14843926,0.23480554,0.27331913,0.06789089,0.7636073,0.3594351,0.60053873,-0.43760735,-0.52131194,-0.40786716,-0.28310987,0.20726825,0.48382872,0.07556032,-0.14076957,-0.15081044,0.32012585,0.13210368,-0.5591798,-0.4446798,0.08649654,-0.14508262,0.63895446,0.052795433,-0.051888127,-0.20400652,0.04013825,-0.22688237,-0.0078020887,0.26187086,0.018247556,0.27446795,-0.7368592,-0.5386592,0.72395504,0.13010421,0.6056043,-0.8727428,-0.46038157,0.60679024,0.2998794,0.43400732,0.15813008,-0.7297414,-0.69687915,-0.057151828,-0.31359315,0.11237263,0.16021325,0.58189505,0.0073625282,0.028861726,-0.31194964,0.19097762,-0.38011432,1.0627005,-0.178737,0.06576322,-0.10435876,0.24825253,0.026937313,1.1919197,-0.6162149,0.092808485,0.4941872,-0.17269717,0.004538777,0.763287,-0.18707071,-0.7797312
gene,-0.44043604,0.93515503,0.051043257,0.60331,0.41339192,0.33490553,1.2452363,0.20947832,0.21841145,-0.50211775,-0.676266,0.27824894,1.4470725,0.6952287,0.21303767,-0.34153697,0.5984682,-0.773615,-0.21190977,-0.08638739,0.4647104,0.1318173,0.43665382,-0.26069587,0.60667783,-0.32894114,0.12858829,0.5111005,0.19628723,-0.70482385,-0.027919551,-0.3394291,0.02413537,0.014016724,0.22066544,0.040603977,0.68370116,0.26932132,-0.6062961,-0.38625562,0.5589483,0.113930374,0.653811,-0.011446613,-0.5950098,0.018595695,0.36140564,0.40941852,0.16741621,0.082748674,-0.075231984,-0.21273592,0.558469,0.41394243,0.088593274,-0.055364717,0.8431029,-0.3607684,-0.5733847,0.075116165,-0.72587836,0.44124684,-0.7007239,0.018184997,0.6231832,0.6193319,0.45393267,-0.14903341,-0.25216374,0.28444454,-0.07542824,0.54188555,0.045654606,-0.6932401,-0.19425835,0.08833237,-0.023350142,0.07098768,0.7166134,0.12222558,0.20509459,0.14298613,-0.13778041,0.6073813,-0.59853804,0.5301963,-0.4021542,-0.2540967,0.097307526,0.11537298,0.18048601,1.0340269,-0.16061594,-0.72545034,0.3705541,-0.25021616,0.18867925,-0.00817781,0.21133493,-0.96929955
violence,0.46893358,0.33278134,-0.2956186,-0.0037563718,0.36988214,-0.24905363,0.6330216,1.4028441,0.17167352,-0.29733998,-1.8058735,0.047990486,0.7693999,0.3578151,-0.5419439,-0.9448353,-0.977702,0.15479751,-0.09115434,0.72472245,0.62475485,0.41886562,-0.72592515,0.37037462,-0.6568961,-0.26205963,-0.5121214,-0.25394762,0.033841886,-0.24516313,-0.10642767,-0.85873526,0.62978226,0.48742318,-0.6864321,0.047664527,0.9460092,-0.8574643,0.31889892,-0.100397594,0.298868,-0.0686805,-0.4182054,0.016202316,-0.39306015,0.7556787,-0.56236655,0.029496262,-0.231613,-0.4684278,-0.3974347,-0.4261764,0.30851117,-0.023804765,0.48352677,-0.4230055,0.8131917,0.8894268,-0.7228777,0.30963942,-0.07706943,-0.1905684,0.32127404,0.31416523,0.5769048,0.42851534,0.47229812,0.1835807,0.16974957,1.2477264,-0.25788513,0.7889776,0.4600229,0.7907234,0.47769353,-0.3281573,-0.03748932,0.3749036,0.88013613,-0.8526829,-0.0030171021,0.5707307,0.21482053,0.50546294,-0.5933573,0.56103724,-0.09941796,0.5736663,-0.21922444,0.19495852,0.24784206,-0.43205038,-0.8467844,-0.18739907,0.13075633,-0.34143004,0.27510098,0.5312173,-0.36698136,0.79576844
traffic_accident,0.3717116,0.5814289,-0.6555858,0.13571894,0.33132178,0.051466893,0.8303092,1.9160261,0.35626692,0.017336303,-1.6811513,-0.3332878,0.82317436,0.6856917,-0.45141736,-1.2376227,-0.61625654,0.44701144,-0.18540609,0.92764294,0.0051618204,0.43955183,-0.4083378,0.34587306,-0.96070117,-0.19909938,-0.36790043,0.15198937,-0.20914778,-0.66801417,-0.6571101,-0.7325256,0.8308593,0.5687996,-0.49180442,0.52403677,1.6614282,-0.5311497,0.5525972,0.087123096,0.0024330583,-0.0013605494,0.21914423,0.07390244,-0.10420235,0.7680576,-0.5652225,0.072089754,-0.1951087,-0.23920391,-0.5838858,-0.06931801,0.9969687,-0.23190567,0.43915394,-0.4340193,0.9438532,0.59660244,-0.889053,0.33849272,-0.06272439,0.13617215,0.1998057,0.07903452,0.61794704,0.46878296,-0.1868651,-0.38263506,0.32596183,1.606471,0.056040544,0.70307344,0.57161075,0.7400302,-0.08233749,0.13809362,0.07242885,0.44891998,1.1843537,-0.6334735,0.18096021,0.37573025,-0.086372636,0.10730422,-0.52386945,0.90235025,-0.07496094,0.97937113,-0.5664605,0.17561297,0.4060381,-0.3683209,-0.2679632,-0.29034674,0.35196832,-0.07324056,-0.11487776,0.808466,-0.2935054,0.40706605
socioeconomics,0.25801024,0.23081015,-1.1194509,0.4734337,0.9283968,-0.11173749,0.67741066,1.505186,0.764817,-0.00054997136,-1.42216,0.12856877,1.1472567,-0.14112897,-0.73039913,-0.878473,-0.37829342,-0.2137227,0.111803494,0.6006107,0.043402243,0.47123232,-0.19617626,0.026675794,-0.84932345,0.18098073,-0.44722483,0.2748408,-0.084163636,-0.08302654,-0.68292856,-0.40872005,0.35021558,0.3528613,-0.5729798,0.34434798,0.7951851,-0.65669346,-0.27945513,0.82342225,0.009888876,0.45359823,-0.006261518,-0.028208641,-0.32603768,-0.20606312,-0.31765047,-0.089277335,0.15133287,-0.51629347,-0.36728916,0.06708189,0.6025602,-0.08708849,0.4763944,-0.26864818,0.9247599,0.36876997,-0.5806217,0.03714482,-0.18985705,0.2632451,0.5271022,0.32821468,0.2947372,0.4539429,0.5620843,-0.16033319,0.49254087,1.1355176,0.45106745,0.77569675,-0.091548614,-0.06495709,-0.3996585,-0.026918989,0.10932222,0.43242604,0.5858472,-0.44662088,0.058260743,0.4476628,-0.10054258,-0.20856449,-0.39946482,0.8330466,0.18018387,0.9126789,-0.68432033,-0.42363524,0.06612249,-0.1423098,-0.3159527,-0.25005367,0.34262323,-0.45582318,0.1272728,1.0684605,0.06868738,0.21422747
socioeconomic_factor,0.22784118,0.27155474,-1.0753534,0.4573042,0.9052666,-0.12511835,0.6960934,1.464626,0.7405395,0.06572455,-1.3239372,0.024288716,1.0707134,-0.07104521,-0.6865581,-0.8499153,-0.35688984,-0.21592163,0.06627471,0.5286339,0.044155624,0.46644226,-0.18453456,0.08166066,-0.8086366,0.17967619,-0.42436343,0.26389283,-0.09141386,-0.15877481,-0.6194678,-0.3640718,0.37414378,0.30509314,-0.4970772,0.33502775,0.73637235,-0.70793444,-0.23719281,0.75029993,0.029425694,0.44800198,0.002495019,-0.033605233,-0.3152498,-0.20602646,-0.29501414,-0.099731065,0.1385202,-0.4906352,-0.3623182,0.026930302,0.58846545,-0.06915302,0.4566573,-0.23825255,0.8965667,0.35680497,-0.6003546,0.040678494,-0.16028646,0.24760185,0.55026233,0.35691655,0.23623833,0.4977655,0.44728723,-0.13563366,0.45378795,1.1070518,0.4516323,0.7519463,-0.03615802,-0.058268704,-0.35329494,-0.01720452,0.09411089,0.4441239,0.5744863,-0.40768495,0.053297307,0.4236929,-0.16769217,-0.15603694,-0.37666467,0.76845866,0.1695645,0.8951562,-0.5845725,-0.36203572,0.037591044,-0.11251976,-0.28772667,-0.23823954,0.30490324,-0.42741996,0.103568174,1.0642811,0.03654721,0.17562045
population_dynamic,0.34642503,0.3293309,0.17681952,-0.025928507,1.1721735,0.5465762,-0.002062202,1.0372237,0.26049274,-0.23662072,-1.0661323,-0.044208564,1.1040096,0.13420072,-0.92779624,-0.70413303,-0.026024263,-0.0894939,0.2326161,1.0941855,0.92306095,0.9122087,-0.2711072,0.37937197,-0.68901956,0.21930335,0.310279,0.31490195,0.12070685,-0.84165406,-0.25391355,-0.51826286,0.37371916,0.37327588,0.6082852,0.30263376,0.81532484,0.36056283,-0.087912284,0.5595372,1.1668482,0.7001676,-0.04557262,0.8501997,-0.43085614,0.2640756,-0.5457846,-0.15860505,0.66428494,-0.7662839,-0.0016413709,-0.36603138,0.5211934,-0.3193628,0.45967162,-0.9917923,1.0646513,0.50409865,-0.9038837,0.28445226,0.074976586,-0.35786778,-0.33660105,0.28613392,0.2907115,0.019355806,0.1639172,0.25002754,0.9898462,0.31766507,-0.18321377,0.5820429,0.33349952,-0.21929583,0.10301768,-0.17584914,-0.18603706,0.9053979,1.0818712,-0.21823646,-0.5522901,-0.12123113,0.73144144,-0.36938983,-0.68679035,0.48477408,0.75252056,-0.044172596,-0.5063597,-0.32255358,-0.27624822,-1.5949733,0.055973675,-0.7290929,0.4260245,0.28205195,0.04599517,0.13439718,0.19160049,0.23850985
mental_disease,-0.19271103,-0.30532372,-0.13140836,0.35839316,0.38839036,-0.013318372,0.029267823,1.2297096,0.42077026,-0.102960646,-0.92824644,-0.3726946,1.0195384,-0.0023867898,-0.90824884,-0.34607354,-0.8415717,-0.050321586,0.021374634,0.54495806,0.09973338,0.27963555,0.24578829,-0.1971807,-0.68866986,0.16705635,0.7183549,-0.43814445,-0.25287136,-0.30646092,-1.0394393,-0.38029724,0.33258775,0.097666375,-0.71251285,0.36711824,0.8327559,-0.9126226,0.33298293,0.43849528,-0.35544688,0.22246875,-0.58423483,-0.3710536,0.0028910625,-0.23907875,-0.781268,0.006607434,0.22465014,-0.5644615,-0.20958343,0.2630027,0.80719477,-0.010805008,0.47011843,0.12743714,0.8957175,0.9463974,-0.57881635,0.11946903,-0.60253155,0.7207094,-0.26294073,0.2725567,0.4324122,0.24467559,-0.07622626,-0.06611701,0.19843468,0.3088058,0.5809319,1.1680372,-0.24112026,-0.053681564,-0.41740215,-0.14056149,-0.03322494,-0.058836333,0.5992716,0.098261684,0.4364453,0.70067513,0.11814765,0.14484745,-0.23959255,0.5827481,0.8955552,0.65326625,-0.52715534,-0.18059075,-0.31672165,-0.42501926,0.026390675,-0.64862365,-0.37609565,-0.08167756,0.6929893,1.1022546,-0.595339,0.002704924
global_health,0.3491034,-0.014942527,-0.6324978,0.014405209,0.36046135,-0.14248249,0.15952967,1.0348058,0.25886956,-0.23259301,-0.9560363,-0.38152733,0.49348935,0.111125976,-0.10008613,-0.41014758,-0.62064743,-0.11186227,-0.29601127,0.105418175,0.19871669,0.5174126,-0.2591253,0.0045168544,-0.64449984,-0.28746322,-0.38230708,0.15186813,0.106167026,-0.5785615,-0.09601161,-0.4145646,0.1441042,0.28955942,-0.20106906,0.12146158,0.7843859,0.009014726,0.21081583,0.10462381,0.41787958,0.11387937,-0.03422023,0.058465954,-0.24448197,0.521594,-0.45581025,-0.03231462,0.014750011,-0.15393554,-0.190588,0.0046296273,0.53317344,-0.17842036,0.7015731,-0.1944263,0.4777425,0.44673863,-0.9557446,0.1977011,0.27351302,0.044142075,0.2632839,0.8319083,0.61586255,0.55217016,-0.22725256,-0.018540408,0.25551528,0.35079297,0.4058708,0.5509746,-0.112699784,-0.022094369,-0.03363591,-0.14403927,-0.37537605,-0.23112588,0.5223212,-0.26959452,-0.0373125,0.4573071,0.058586594,0.18247299,-0.6706138,0.24716918,0.1149623,0.43102187,-0.098076425,0.0029731633,0.59703165,0.03714971,-0.40525737,-0.037235804,0.23159187,0.11984421,0.31232926,0.42324814,-0.099428035,0.12167867
thermogravimetric_analysis,-0.18915994,-0.68366313,-0.31490254,0.5433258,0.09894622,0.093426414,0.0342281,0.12370506,-0.099646986,-0.71283174,-0.86880237,0.27537438,0.8159477,0.2006209,-0.6596574,0.14876775,-0.5846549,-0.4903429,-0.16131265,0.061930947,-0.49169055,0.44492218,-0.30514252,0.00365944,-0.65594983,0.50713485,-1.5534694,-0.18017896,0.3868329,-0.7883663,0.3925045,-0.19692309,-0.13112043,-0.2398695,-0.9762653,-0.01057093,-0.47896823,-0.27506894,0.37132052,0.9728008,0.104814306,0.77389246,-0.19460681,0.40992492,-0.52111965,0.17543702,-0.020378435,-0.122019984,0.639502,-0.2639746,-0.60726964,-0.5661728,-0.41341788,0.72515416,0.82122004,0.11316589,-0.4527191,0.3396494,-0.0713994,0.41507983,0.2442653,-0.91660786,0.6754865,1.548147,0.88959646,0.05969692,0.81831414,-0.3534925,0.39624968,0.14856303,-0.026387712,0.07358625,-0.7906692,-0.3612701,0.03390631,-0.6106504,-0.33857945,-0.21694742,-0.089370675,-0.33105528,-0.8780993,-0.12480181,0.23482116,0.052563325,-0.22624737,-0.3640209,-0.12913018,0.14575487,-0.81123626,0.5204793,-0.6669979,1.0449114,-0.76029783,-0.31413192,0.084375575,-0.02355174,0.2660569,0.51353467,-0.7816287,0.33863953
insulin,0.1249857,-0.033827443,-0.50322396,0.199046,-0.1544378,0.9080754,0.7237727,0.84817255,0.4746153,0.2808888,-0.8909508,-0.3578269,0.66815966,1.1692123,-0.24738096,-0.008474704,0.45468107,-0.07057162,0.110454984,-0.27408275,-0.13028689,0.2819582,0.12005328,0.47573578,0.20707758,-0.38530007,-0.30284438,0.4813835,0.83828485,-0.37892348,-0.52744424,-0.3458618,0.7649536,-0.5244216,0.40512615,0.41270328,0.77039915,-0.27314416,0.8495339,-0.11436849,-0.22298712,0.78662896,0.111962885,0.47388372,0.44884637,0.9059109,0.2791307,0.5415941,0.18504097,-0.42720452,0.18840933,0.0067592426,0.35228804,0.02810394,0.73331016,-0.20563796,0.5790158,0.22130756,-0.3417375,0.5726362,-0.14289975,1.5737346,-0.3914546,0.62246615,0.1795532,0.4517939,-0.12838896,-0.064788766,-0.22496143,1.2077347,0.25932196,-0.038475584,0.0072510648,-0.45376554,-0.23427011,0.7874577,0.3864508,0.45389378,0.58600223,-0.37202334,0.2501409,0.39640275,-0.50608486,-0.35197,0.24731277,0.6855006,-0.8157286,-0.28587422,0.31797138,0.57145256,0.34315234,0.2817101,-0.03735376,-0.21818134,-0.2728751,-0.025357401,0.11876244,0.30323112,-0.6226478,-0.2820274
corticosterone,0.23120342,0.34927532,-0.6491866,0.40610006,0.24847768,0.28647557,0.20491913,0.86216223,-0.62040246,0.05422508,-0.9451887,0.13766588,0.46545744,0.9330353,-0.58449155,-0.16045952,0.036894277,-0.6803186,-0.2671567,-0.3233336,-0.53227985,-0.24700047,0.614831,0.53925097,0.15807423,-0.08935682,-0.46767104,-0.011537664,-0.32111794,-0.466787,-0.9259082,-0.34550858,0.52356493,0.217609,-0.41424674,0.2516975,0.01852643,-0.426269,0.6618652,0.24291925,-0.14884295,0.24439493,0.76578325,0.26388562,0.5790835,1.1084666,0.19721416,0.6916927,0.3025462,0.26898822,-0.36445993,0.011971101,0.3697875,0.28309804,0.7197539,-0.27581248,1.0171999,0.38414544,-0.14308845,0.7041044,0.04583731,0.9071066,-0.07605044,0.302096,0.060619093,-0.28840438,-0.07972625,-0.3559791,-0.36030966,0.6292609,0.37033632,-0.63755393,-0.35108346,0.20196427,-0.40471023,0.24501877,-0.24839093,0.100274384,-0.11330501,-0.349885,0.028711405,-0.1456088,-0.26915425,-0.34103954,0.23447002,0.6655811,-0.0626002,0.37176856,-0.3469279,-0.58385664,-0.21697275,0.31857198,0.10280083,-0.591999,0.0019470456,0.45221174,0.3104784,0.08048712,-0.5858864,-0.50712353
biological_marker,-0.24268582,0.8411723,-0.42391014,0.08820271,-0.18587221,0.92050445,0.14532414,0.2648762,0.05791829,0.042338483,-1.3663912,-0.24976777,0.069591135,0.68927383,-0.9077699,0.52717996,0.6066136,-0.069811374,-0.6083094,0.05073875,0.026336886,0.2163145,0.563828,0.38894162,-0.64985716,0.035948683,-0.31892812,-0.08642453,0.39619008,0.34827125,-0.8819066,-0.49006182,0.2012028,0.08457618,0.32716304,0.35838848,0.7252299,-0.237552,0.83365285,-0.13275513,0.03391573,0.6231472,0.2613329,0.39817652,-0.090941995,0.64264566,0.19354345,0.43988204,0.8616307,-0.35866162,0.51121044,-0.0094536245,0.55262566,-0.19918753,0.08133905,-0.3174291,0.4714346,-0.08227821,0.234852,0.2510293,0.55359316,0.39653325,-0.17080872,0.25353545,0.18810204,0.30691093,0.03901997,-0.08823748,-0.28437915,1.0168313,0.2975238,-0.7311973,-0.21277188,-0.4033992,-0.7559075,0.10945082,-0.10304346,-0.0009101924,0.63973266,-0.25842163,0.020033643,0.8266886,-0.13657388,-0.4990998,0.16444042,0.19554748,-0.3801972,0.4795038,0.30803812,0.07466203,0.46799877,0.3929097,0.34581342,-0.53605986,-0.15685354,-0.37788934,0.74386907,-0.11283981,-0.2454704,-0.24003239
human_immunodeficiency_virus_infection,-0.20345628,0.26046583,-0.63492477,0.50261295,0.32728186,0.32227615,0.14952737,1.1137043,0.07800472,-0.32813177,-1.1615304,-0.20978205,0.74013054,0.4500628,-0.24734633,-0.382205,-0.04233131,-0.33705866,-0.4625283,0.38672534,0.2884997,0.028370092,-0.09045463,0.046932284,-0.89008826,-0.3272225,-0.10097943,0.016265685,-0.15530464,-0.39753982,-0.28757054,-0.39815247,0.41654032,0.2536245,-0.12602237,0.105088465,1.3736908,0.002451549,0.41830227,0.09011407,0.036155093,-0.15723753,-0.021250052,0.13609204,-0.017310785,0.37881342,0.33905065,-0.63421977,-0.14987268,-0.47877386,-0.22824167,-0.19808246,0.38104376,-0.46234372,0.23770973,-0.15261206,0.37487733,0.28624237,-0.6064745,0.55632865,0.06320159,0.20729144,0.15085974,0.04756084,0.5466856,0.53071576,0.14073454,-0.1369138,0.19443837,0.9004485,0.07796655,-0.034609642,0.018639257,0.478746,0.1511963,-0.30796948,-0.2382051,0.13976419,0.99058497,-0.36596957,-0.19984448,0.6547774,0.44966748,0.32894677,-0.49839556,0.37471205,0.3269156,0.65678436,-0.5339057,0.27429458,0.36401993,0.19903788,-0.35588437,0.02700042,0.23172468,0.06876011,-0.13604435,0.23068462,-0.2952213,0.5910662
health_survey,0.15606673,0.09289428,-0.49909842,0.21997374,0.30926606,-0.26166314,0.13901721,0.6720839,-0.42474625,0.21706045,-0.4677192,0.25610426,1.1658581,-0.0092021935,-0.6873885,-0.4099589,-0.48135564,-0.123893894,0.042712837,0.4855718,0.41228065,0.4775021,-0.1382248,-0.3952442,-0.5076494,-0.462135,-0.4731562,-0.3348475,-0.07254911,-0.4034498,0.12092938,0.23926765,0.61552835,0.18337324,-0.2978491,0.21210907,0.48761073,-0.5871175,-0.17273572,0.85328096,-0.20374526,-0.07234327,0.48458895,-0.6151035,-0.11300678,-0.5438701,-0.35602173,0.35910493,0.39818352,-0.29714322,-0.27156627,-0.3617892,0.7245163,0.31113672,-0.2727853,-0.56555396,0.8575168,-0.20788698,-0.3359739,-0.32113504,-0.13842328,0.38224974,-0.37578472,0.07921716,0.36807054,0.44592,0.7073332,-0.5969017,0.22263327,1.1415645,0.12142853,0.77255464,0.6658832,-0.056293312,-1.1894337,-0.25998202,-0.18658373,0.2093999,0.82740545,-0.32099536,0.44140214,0.6054479,0.002901292,0.63054633,-1.0401086,1.0401281,0.37984574,0.80411667,-0.5592806,0.16009235,0.2312124,-0.009461058,-0.21246216,-0.48982036,0.72137773,-0.21621335,0.13336702,0.7518624,0.24989483,0.00010994431
alcohol_use_disorder,0.23930882,0.039513864,-0.71133447,0.24334964,0.25767952,-0.15649521,0.31522357,0.5948739,-0.0094414735,0.32905024,-0.73019564,-0.30131692,0.57702154,-0.46518993,-0.4081295,-0.5970544,-0.1704772,0.1709127,-0.29881307,0.33774793,0.25935596,0.51189137,-0.5428954,0.03418627,-0.4140607,-0.028755426,-0.5776072,0.025877057,0.0762061,0.015977351,0.11722778,-0.12466445,0.22527695,-0.1245408,-0.41067764,0.29899395,0.5975039,-0.4427973,0.2782512,0.6067512,0.4944433,0.11892428,0.4739023,-0.0462932,-0.40287772,-0.0545614,-0.24143045,-0.5217115,0.26453713,0.040852007,-0.44936275,-0.0851908,0.60156375,0.042769898,0.42478102,-0.17057286,0.37594822,0.37619108,-0.39600456,0.045044545,-0.10632726,0.2377758,0.5802315,0.217806,0.37272212,0.66639185,0.021836307,-0.26139536,0.14959532,0.88848656,-0.09679834,0.47259808,-0.14915617,-0.11194287,-0.4742345,-0.094838426,0.038727686,0.06354363,0.9614101,-0.4852946,0.14971739,0.34674355,-0.2558411,0.4517018,-0.5013041,0.6749472,-0.33665895,0.6967211,0.02222319,0.28348562,-0.030524006,-0.12010677,-0.36399734,0.27716547,0.006685364,-0.552045,0.0036403802,0.7517764,-0.32770813,0.3868527
alcohol_drinking,0.518573,-0.07021636,-0.19330724,-0.14086437,-0.31633395,-0.1673985,0.5796181,0.60598314,-0.1987359,0.10763036,-0.8514563,0.0338209,0.5487048,0.15592338,-0.39520508,-0.89146584,-0.716288,0.2052497,0.056853138,0.43499014,0.035836957,0.5091155,-0.61731184,0.24568707,-0.6576345,-0.37138477,-0.47336027,0.39172435,0.080660954,0.008400083,-0.17643562,-0.28360283,0.26703715,0.087555416,-0.42644948,-0.10084192,1.0679876,-0.7163835,0.15343934,0.16763067,-0.09785438,0.12135362,0.4115893,-0.33578497,0.18358262,0.055496197,-0.37821954,-0.12695028,0.40671262,-0.25755176,-0.5100718,-0.2556976,0.6239571,0.15538631,-0.042997733,-0.35816234,0.34485996,0.47784838,-0.045900155,0.015251214,0.17045465,-0.05696901,-0.16645351,0.018589586,0.72532004,0.85826516,0.13107105,-0.4762507,-0.047797456,1.2029216,-0.4126033,0.07863287,0.26857227,0.36390787,-0.5238777,0.24902639,-0.02869865,0.27981144,0.5132518,-0.46477464,0.36992666,0.09839086,0.0649309,0.5826339,-0.4427697,1.0345107,-0.5957569,0.65017664,-0.2578665,0.49696103,0.28741688,-0.37000114,-0.4572404,-0.28693083,0.3598295,-0.28502694,-0.02553879,0.5510809,-0.20334148,0.47188738
alcohol_consumption,0.23006275,0.0017030201,-0.4631434,0.518071,-0.09843852,-0.070640944,0.106085114,0.3741728,0.29061282,0.512356,-0.8737312,-0.39082778,0.6322835,-0.46319562,-0.5948373,-0.35352886,-0.45443663,-0.29336557,-0.046508834,0.5128856,0.43349114,0.2220145,-0.53629225,0.5608293,-0.54369444,-0.03163567,-0.27335253,0.04960512,-0.055254065,-0.06242586,-0.010221731,0.08294347,0.02778456,-0.032678735,-0.32883474,0.122385964,0.40181404,-0.9196885,-0.18723218,1.15353,-0.5125201,0.30789378,0.23674312,-0.025902027,0.37412181,-0.42593518,0.0012277932,0.0019269983,0.124634184,-0.257725,-0.56147146,-0.25686535,0.43425325,0.08015297,0.14361495,-0.34051874,0.789602,0.00070516823,-0.12500554,-0.5494554,0.12497819,0.09051497,-0.035724305,-0.056849834,0.54055303,0.42228052,0.19474712,-0.6518696,-0.17700368,1.1952932,0.114785284,-0.25017568,0.07793313,0.19788985,-0.64738107,-0.02186183,0.09601829,0.54145026,0.61566556,-0.17825776,0.6732428,0.6682341,-0.06244028,0.5931936,-0.5798695,0.6282252,-0.05460574,0.78755355,-0.5383913,-0.36336076,0.38793942,-0.029622786,-0.08134876,-0.65557134,0.38902166,-0.4436028,-0.05043788,1.2064843,0.13451344,0.4418567
suspension,0.3097367,0.025225913,-0.24816325,1.0236428,-0.5402046,0.23943286,-0.8908067,0.43624353,0.38362333,-0.23793927,-0.34427983,-0.64098084,-0.29422587,-0.22222918,-0.123975836,-0.17706564,-0.15498294,-0.5104734,-0.61111796,-0.13939407,0.35674813,0.48259053,-0.46455422,0.62626326,0.41229373,0.08767246,-0.7755147,-0.25584626,0.29474095,-0.3560957,0.42080522,-0.9028085,-0.4601049,-0.29720947,-0.39539382,0.5463895,-0.5151594,-1.0460129,0.7646349,0.2295499,-0.65460247,-0.15174781,-0.4688411,0.28394333,0.012677708,-0.3570129,0.2586803,0.4919721,0.057433985,0.4854889,0.1536299,-1.4358822,-0.07413209,0.49046573,0.76017046,0.14449547,-0.009339102,0.47085917,-0.07281977,0.42615432,-0.18313508,-0.89699817,-0.32234842,0.7575577,0.89743984,-0.07002558,-0.70358264,-0.41593748,0.14142539,0.5401831,-0.4929106,0.554739,0.24777643,0.7588799,-0.41814187,-0.31084523,0.30211088,-0.6899231,0.032158926,0.50727254,0.3329141,-0.036343254,-0.32968858,0.3310575,-0.51995057,0.36319926,0.0047139986,-0.14640617,-0.46903813,0.44961217,-1.1824825,1.0127183,-0.08461711,-0.2651389,-0.5934035,0.3736666,-0.055629462,0.5967639,0.14962816,-0.2314592
free_radical_scavenger,0.16073254,-0.47275642,-0.025662433,-0.06654535,-0.29316232,0.28762004,0.38683066,0.08513647,0.2583819,0.26863444,-0.70102656,-0.98500377,-0.031101013,1.0330878,-0.40080214,0.5516543,-0.33995545,-0.44395038,-0.48970765,-0.82337344,-0.30219883,0.3760573,0.3062182,0.61478037,0.37932768,-0.0070372312,-0.30611053,-0.3838373,-0.3362764,-0.45904177,-0.0018087969,0.13735364,-0.112832785,-0.34844926,0.020651191,0.11120677,0.2390301,-1.6372011,0.7032339,0.004753728,-0.3194984,-0.2628284,0.27304322,-0.06903322,-0.5429881,0.10490872,-0.008371673,0.77978003,0.5567299,0.21705972,-0.2287807,-0.74527013,0.16200176,0.64604545,0.7809202,0.33710563,0.60103995,0.26873082,0.2962598,-0.023385976,-0.8227058,0.8042047,-0.66263545,0.1920878,0.23809259,0.388998,-0.33221006,-0.33380482,-0.19499604,0.15913333,0.20974377,0.49556506,-0.33953202,-0.29531047,-0.09567166,0.44986966,-0.16470815,-0.5711516,-0.2631822,0.9016314,0.57981586,-0.48717162,0.17594548,0.368192,0.31455302,-0.071348235,0.30075255,-0.79169446,0.075046696,0.7108084,-0.59889466,0.47206762,0.055339698,-0.83071405,-0.8331695,0.013377135,0.2248248,0.621511,-0.34306633,-0.1531842
van_der_waals_force,0.2256489,-0.19494827,0.11461959,0.46898347,-0.3353732,0.047489002,-0.04198485,0.47125143,0.0005658974,-0.61937666,-0.3845052,-0.3245044,1.031154,0.3457806,-0.26824072,0.44949305,0.5246258,-0.61581177,-0.028882472,0.32242367,0.26581874,0.40977946,0.28871173,0.3284546,-0.3097424,-0.14994258,-0.54820544,-0.06689886,0.084428735,-1.0801333,0.33815232,0.15666622,0.1941657,0.5832938,0.75551337,0.2242045,0.79077035,-0.44261557,-0.0908123,-0.6535477,0.21302897,-0.77626175,0.7598128,-0.052694164,-0.9269426,-0.26157093,-0.09181281,0.6465238,0.5694729,-0.14042585,-0.08763507,-0.79548204,0.52186996,0.6564218,-0.17512211,-0.29002157,0.04656512,0.59012353,0.72320294,-0.22109397,0.04480899,-0.133435,-0.80767936,-0.24542055,0.6802818,0.05437266,-0.17088684,-0.6701419,0.5829579,0.110703275,0.16013294,0.52660424,0.009152125,-0.5624455,-0.3413986,0.12781796,-0.42904603,-0.34050122,0.32820633,0.62116265,0.18418993,-0.049928986,-0.52678037,-0.2075874,-0.19637658,1.1883526,-0.027395684,-0.56132454,-0.25095335,0.3408429,-0.06254069,-0.009889195,-1.0405567,0.27958804,-0.14343055,-0.82542586,-0.111304745,0.59228367,0.10202864,-0.13717224
electrochemical_impedance_spectroscopy,0.48815328,-0.9173234,-0.6919197,0.46570832,-0.034024306,0.8749632,0.55730313,0.7015313,0.12443716,0.24119617,-0.92552215,-0.5871376,-0.09247926,0.5733809,0.08308651,0.71799606,0.3441914,-0.5965996,-0.04067807,-0.14073798,0.7655905,0.024155447,0.13279022,0.74791294,-0.0700014,0.34001333,-0.4522356,0.3473583,0.69805396,-0.2864276,0.7094227,0.11543289,0.27438268,0.13594002,-0.386749,0.30143088,0.20405042,-0.9037692,-0.1721628,0.09702223,0.034380946,0.18946461,0.46118394,0.040005364,0.26182535,-0.0572912,0.056217883,-0.14296585,0.113335885,-0.57685333,-0.21356988,-1.3453225,0.2527325,0.48987752,0.3014089,-0.081557356,-0.5427261,0.73715806,0.43379945,-0.09043919,0.07388123,0.43058607,0.048075672,0.31818238,0.4753692,-0.17557059,-0.07728984,-0.58170253,0.28571948,0.79338694,0.34283346,0.42244494,-0.020715738,-0.5029522,0.3228385,0.9341342,-0.329846,-0.098131,0.03751243,-0.046271965,-0.22769783,0.33000588,-0.07923464,0.19446073,0.12826574,-0.06787656,0.25645238,-0.065771885,0.45163518,0.10760579,-0.43048042,-0.07386278,-1.5674648,0.3220713,0.116261005,-0.22093281,-0.13864993,0.8949254,-0.16789745,0.1344038
fungi,0.15641378,0.25007653,-0.5491427,0.0683485,-0.48593146,0.09410958,-0.28492272,0.40805852,0.83716506,-0.6072975,0.15643458,-0.01870229,0.22175112,0.07034392,-0.39847884,-0.6136931,-0.16011189,-0.48137817,-0.39810005,-0.18450502,-0.015300842,0.290176,0.05421104,0.2981546,-0.28992987,-0.07242698,-0.16324434,0.29689258,0.12722026,-0.8333801,-0.16073386,-0.36253214,0.27405468,0.23731577,-0.53083074,0.7701337,0.17482236,-0.7937528,0.2869591,0.9251934,0.16176757,0.10819538,0.839614,-0.5368947,-0.21667804,0.099129334,-0.16367157,0.5194434,0.26551357,-0.37414977,-0.063712366,-0.19663773,0.26502624,-0.40397024,0.46420595,-0.1614397,-0.46905136,0.65642834,-0.27373487,-0.18985514,-0.41696703,0.45566335,0.33737335,0.12905326,0.98074996,0.12613279,-0.2788527,-0.17714724,-0.40638545,0.7237503,0.27144969,0.13492897,-0.000730396,-0.5221974,-0.2945164,-1.0586411,1.0265844,0.21061702,-0.37547714,-0.6969628,0.21742824,-0.41815558,-0.433953,-0.1342819,-0.78664535,-0.1695798,0.14143202,0.10237244,-0.61471164,-0.77945447,-1.2975062,0.25688565,0.6291983,-0.22413728,0.5128538,0.12779671,0.21989541,0.45624363,-0.5278049,-0.65558594
corpus_striatum,-0.012422078,-0.4047667,-0.051699318,0.113480814,0.24376354,-0.2753698,1.2824254,0.7005744,-0.06390888,0.27795106,-0.7651757,-0.28913757,0.10692298,0.40275627,-0.36298126,-0.036006663,-0.10135314,-0.30952126,0.103944294,-0.117953755,0.6464092,-0.23896989,0.13317783,0.27257925,0.084009856,0.33629525,-0.17655775,-0.45530653,-0.3651402,-0.4251353,-0.021727303,-0.44849193,0.3147427,0.56061226,0.16405256,0.2865723,0.2829168,-0.86377484,0.733096,0.070176736,-0.027799044,0.2021497,0.07987216,0.05400235,-0.4665209,-0.26047206,0.48986432,0.3903207,0.29865727,0.29482135,-0.5866135,-0.38424933,0.026695158,0.9587923,0.66526055,0.5978239,0.7904208,-0.09339284,-0.25199822,0.26255336,-0.62363267,0.5180668,-0.12470759,0.51421,0.36786956,0.3500069,-0.18439311,-0.48688886,-0.09124012,0.17499484,-0.075803794,0.41963032,-0.5730682,0.2210238,-0.29820782,0.2037495,-0.27381873,0.25262466,0.14741707,0.3268926,0.28276038,-0.09921946,-0.4584579,-0.042926025,-0.22406338,-0.2980731,0.391083,-0.2383616,0.21947329,-0.20041697,-0.5651348,0.082748376,-0.49962074,-1.1269797,-0.22228473,-0.2888601,0.4110629,0.5862319,-0.22101843,0.25585288
porosity,0.19245534,0.028417522,-0.2534584,-0.2032629,-0.32790193,-0.0049709114,-0.56266236,0.11214832,0.06286162,0.11667857,0.3537339,0.71626645,0.7868493,-0.016783018,-0.6929582,-0.017948141,0.038639452,-0.76694995,-0.6128694,-0.87978595,-0.07333571,0.29013723,-0.7721735,0.4843016,0.03810748,0.06159491,-0.90788186,-0.1059733,0.55273134,-1.2244701,0.41539407,-0.028821817,0.25941417,-0.16932094,-0.9011005,0.55705434,0.14064267,-0.17274714,0.028072154,0.6618873,0.31907585,-0.43707725,0.7956928,-0.23000237,-0.28806517,0.42068163,-0.109235175,-0.062123057,-0.16670206,-0.8445059,-0.86177576,-0.5087495,-0.22698505,-0.008163895,0.9406622,-0.83809406,-0.75838387,1.1856858,-0.98078436,0.32964346,-0.117466524,-0.07429596,0.40716213,0.94678664,0.5936752,0.5613224,-0.5337622,0.26854488,-0.111915536,0.19442563,0.7443084,0.21903157,0.35732824,0.17770126,0.5988929,-1.2394944,-0.2109114,-0.54789597,0.35703477,-0.1290341,-0.99055743,-0.035419643,-0.29429406,0.5034108,-0.5812719,-0.017728452,0.75007993,0.21378087,-1.2781001,-0.47761303,-1.3580427,0.6553089,-0.20629066,-0.24935097,0.4798881,0.1279403,0.5384544,0.16545753,-1.115105,0.077977665
phase_transition,0.013493698,0.17457554,-0.46334872,-0.27657187,-0.8316518,-0.17342927,-0.45167115,0.46465907,-0.27408358,-0.07901475,-0.23882788,0.5137677,0.36628246,0.27577105,-0.242075,-0.3547822,0.14036645,-0.58407676,-0.39237976,-0.623613,-0.40945855,0.7095362,-0.3947235,-0.1287271,-0.16914332,-0.59514713,-0.9424283,0.9519923,0.37875453,-0.2668156,-0.21259147,-0.22667515,0.6489215,-0.5409074,-0.26382154,-0.31239113,0.59371686,-0.5439794,-0.20641759,-0.17206118,-0.50982076,-0.7345014,0.51916534,-0.68753386,-0.6630877,0.0123721985,0.1745992,-0.31793588,0.9730362,-0.6060508,0.14345795,-0.65865475,-0.11134072,-0.35591093,0.21328907,-0.31679392,-0.020232065,0.4381104,-0.0445349,0.21646269,-0.15051748,-0.7166112,-0.2823099,-0.2798031,0.5840124,0.4474486,0.08732427,0.25699186,-0.1842171,0.5175531,0.29717726,0.41445568,0.41680366,0.3244572,-0.21260038,-0.89000446,-0.46399963,-0.4492942,0.12424369,0.21968025,0.010912243,0.83051795,0.3067911,0.50619483,-0.75944316,0.7257555,0.3898245,-0.39308456,-0.9910552,0.59416145,-0.623578,0.23524673,-0.64498967,-0.36112723,-0.724927,-0.5858706,0.14990517,-0.30941245,-0.54269546,0.49170133
yarn,-0.09000693,-0.7349712,-0.3516777,-0.4117185,0.26398286,0.24785897,0.26428452,0.5726544,-0.6509227,-0.3706058,-0.1939457,-0.55979085,0.25097644,-0.118486114,-0.57588834,0.07115299,0.42364088,-0.5028508,-0.31113333,-0.036373906,-0.16778314,0.6770096,-0.13703962,0.23317346,0.24443716,-0.13493325,-1.5989131,-0.19663475,-0.301807,-0.43595314,0.07515642,0.46832928,-0.60503703,0.22733311,-0.4163733,0.4635053,1.1954274,-0.77416533,-0.4011543,-0.22711806,0.19123448,0.61328655,-0.16794765,0.03194403,-0.034708142,0.52596134,0.13566668,0.3498783,0.9653485,-0.034225017,-0.49770975,-0.529993,0.14508243,0.26448688,1.0955653,0.0036606994,-0.10067792,0.7000738,-0.24407199,0.5805496,0.26932254,0.07571714,-0.2592873,0.9358936,0.54881275,0.635691,0.63227654,-0.27146876,0.02167153,-0.8175333,0.17803457,-0.6182627,-0.39723068,-0.16373013,-0.17900364,-0.19439878,-0.65223134,-0.65006447,0.23221403,0.47735855,0.37920505,-0.73958224,-0.3527349,-0.07822533,-0.7185511,-0.32677925,0.06672895,-0.28992063,-0.3586203,-0.098043494,-0.7721628,0.31174922,-0.09771265,-0.5095765,-0.25653997,-0.7038171,0.4962441,0.5185186,-0.6155181,0.7212982
polymerase_chain_reaction,0.43745244,1.0119295,-0.3681614,0.1966756,-0.21061854,0.42050475,0.65963477,0.024005052,0.5940393,0.13495767,-0.34833685,-0.0034921167,-0.31371298,0.8785194,0.21329598,-0.73084944,0.6847521,-0.26726562,0.43290955,-0.55740243,0.3485638,0.5006602,-0.2733655,0.1730993,-0.35414758,0.060046937,-0.31470487,0.7236679,-0.641385,-0.7186153,-0.18243948,-0.828517,0.7536349,0.21955588,-0.0355263,0.32662404,0.5115702,-1.3435262,-0.4127065,0.43814823,-0.13491967,-0.28629178,0.8805496,-0.6423952,0.27942288,-0.13120404,0.5502663,0.020998359,-0.26751462,0.057660945,-0.11779962,-0.044843294,0.2025931,-0.07871276,-0.068674654,-0.011990011,0.26780757,0.48343554,-0.39944977,-0.52938014,-0.2475317,-0.16565263,0.08343703,-0.08324371,1.3307265,0.5048302,0.6138773,-1.2111213,0.21102855,0.8996235,-0.654622,-0.1430978,0.74380684,-0.30363774,-0.35520345,-0.3251452,0.004493419,0.67152524,-0.00379894,-0.64059454,-0.0028665566,-0.6148034,0.06694493,-0.063207075,-0.6267265,-0.31482574,0.28212938,0.81399,-0.38996926,-0.8300667,-1.0746846,1.0694526,0.019802231,-0.01914249,0.779168,-0.19577178,-0.47786722,0.42003787,-0.19810107,0.17540371
genotype,0.2698663,0.5866264,-0.65304375,-0.28427243,-0.24867779,0.887467,0.8509108,0.07112297,0.58232087,-0.24385643,-0.7711517,-0.10592657,0.6741638,0.4161524,-0.08563821,-0.37624332,0.08431412,0.15482448,0.70174944,0.091515504,0.4720879,0.5203236,-0.2169306,-0.05011406,0.12630825,-0.57713914,-0.4490828,0.5952684,-0.14860931,-0.66826534,0.0932899,-0.16292621,0.12444867,-0.05665487,0.8306257,0.30759388,0.536858,-1.3001105,-1.1224238,0.3588114,-0.43417653,0.14479674,0.15742382,-0.25555915,0.14368846,0.37120387,-0.16634499,0.40619475,-0.22410417,0.165738,-0.19588833,0.24506786,0.2304676,-0.34428248,0.21383072,-0.42936617,1.2263634,0.13563046,-0.5565125,0.059605144,0.04812156,-0.39790535,0.3528408,0.44060296,0.82504135,0.801766,0.70069695,-0.5150348,0.77723837,0.5865807,-0.771153,0.058682963,0.38786107,-0.73067707,-0.74743044,0.34417206,-0.43518078,0.5189641,0.23777625,-0.73592556,0.014125067,0.31347597,0.21542032,0.027924972,-0.49734294,-0.421835,0.16840495,0.82595533,0.34101245,-0.47050983,0.055907376,0.25400466,-0.7534692,-0.23619047,0.11517209,-0.40225342,-0.2609001,-0.35938334,-1.0066401,0.2817005
genetic_variability,0.19605,0.7746683,-0.8811477,0.324502,0.83944464,0.6403478,0.80959564,0.05858141,0.22929761,-0.04681802,-0.6678583,0.24787949,0.4836833,0.5029889,0.1772231,-0.47363836,0.49914354,-0.50331575,0.14313625,-0.4919262,0.028551243,0.47204414,0.5114091,-0.10925756,-0.108726054,-0.596553,-0.7549879,0.5503419,-0.08979733,-0.53221005,0.5932577,-0.50100917,0.31139496,-0.12853992,0.82524115,0.22466908,0.36911148,-0.6465821,-0.183385,0.26787892,0.3114637,0.53399974,0.6978052,0.07774206,-0.09089543,0.65534025,0.6658983,0.3813105,0.5185963,0.17379548,0.31062853,-0.13261375,0.5548204,-0.6966078,-0.060471576,-0.6245449,0.6334773,-0.2883849,-0.3968487,0.23112485,0.054582722,-0.15436418,0.12987581,0.83051056,0.6143451,0.31014842,0.8702984,-0.18440071,0.19562171,0.90061206,-0.45397133,0.209411,0.19141057,-1.2400907,-0.055090133,0.42023444,0.05748613,0.7337545,0.5978851,-0.395144,-0.41464287,0.22848701,0.16093622,0.15247698,-0.28313345,-0.118431926,-0.4739451,0.4979991,-0.030888584,-0.11741655,0.05050295,0.8024053,-0.23272386,0.18337741,0.48944348,0.07800362,-0.53518754,-0.638386,-0.41892582,-0.036253706
antiinfective_agent,0.27169594,0.27937564,-0.25248188,0.09312847,0.22600262,-0.20865099,1.025352,0.4385092,0.6376598,-0.35600284,-0.052618656,0.08517518,0.49528244,0.4733629,-0.63237345,0.2667736,0.4034219,-0.52549297,-0.16705547,-0.008408968,0.29883224,0.46868807,-0.17756885,0.4523964,0.51692,-0.5710214,-0.3784354,0.045612644,-0.45228672,-0.6035977,-0.03005594,-0.26680264,0.661901,-0.7043407,0.4075571,0.22923307,-0.23809488,-1.1262956,-0.43376032,0.24380466,0.24924883,-0.3595823,0.047181673,0.05574529,-0.22924526,-0.24837287,0.77711225,0.1610825,0.06623268,-0.41684726,0.24085973,-0.47413072,-0.11689243,0.08319546,0.0058838185,0.3455885,0.48856324,-0.060508102,0.08768414,0.37802622,0.13864237,-0.32902434,0.3513063,0.70714206,0.34471586,0.27527294,0.725698,-0.45854124,-0.33197048,0.41477713,-0.30214804,0.12344382,0.22075298,-0.616688,0.44557095,-0.1876968,0.36717844,0.38768223,-0.12953928,-0.029556666,-0.13357843,0.020321064,-0.103870496,-0.051768124,-0.23522444,-0.12324418,-0.41102928,0.8344869,-0.5788017,0.11489055,0.22979821,0.8256358,-0.19726475,-0.07666236,-0.3523119,-0.24403827,0.10514414,0.060280494,-0.28078538,-0.21482477
ecology,0.09901465,-0.23037778,-0.17775306,-0.37066513,0.43868205,0.15358612,0.6518519,0.5905602,0.25770605,0.030623857,-0.040288404,-0.17876305,0.7265724,-0.07298714,-0.3421651,-0.19699663,0.2824393,-0.63896495,0.005955868,0.061647903,0.8833783,0.3488049,-0.36051625,0.39007947,-0.00068111555,0.55699736,-0.23893361,0.6517037,0.30605766,-0.38447434,-0.28666413,-0.7310101,-0.49376127,-0.24925913,0.09726465,-0.12269151,0.31996626,-0.27256176,-0.66517425,0.28849742,0.28804752,0.7680104,-0.029134411,-0.340021,-0.47162616,0.1908096,-0.11750028,0.24850631,0.5792393,-0.4538974,0.13335265,-0.71848595,0.7677981,-0.12781173,0.856578,-0.4970852,-0.31749645,0.04895415,0.07791148,0.6717327,0.63360703,0.0830571,-0.47019666,-0.14382936,0.19233923,0.6682007,0.2438858,0.25024793,0.41685992,0.31574228,-0.01251939,-0.25662476,0.31089643,-0.15264887,0.49013728,-0.43742663,-0.19426636,0.34455472,0.2996508,-0.3928304,0.10283164,-0.3668032,0.3222493,0.30700484,-0.615792,-0.13706456,-0.35999975,-0.0040609897,-0.8209233,-0.27406958,-0.42690763,-0.52522,-0.15593177,-0.867086,-0.09406443,-0.26767167,-0.10396723,-0.22837575,0.018119292,0.055591807
catalyst_selectivity,-0.23992625,-0.9938004,-0.17990343,-0.17872734,0.4740643,0.6658894,0.16507518,0.44619712,0.3745763,-0.3456491,-0.5363991,-0.2849966,0.5461686,-0.10012278,-0.6313204,0.39268842,0.2393455,-0.40709284,-0.18561561,-0.65116805,0.84222955,0.75872606,-0.28328016,0.29045093,0.006919287,0.37064728,-0.73858255,0.19498113,0.53658205,-0.019140132,0.20961756,0.1201648,-0.7828033,-0.20395853,-0.43276966,0.22483118,0.3108008,-0.82254535,-0.74481034,-0.12667626,-0.2216086,0.5129038,-0.5017495,-0.15626748,0.07872405,0.098170765,0.8380081,0.020918904,1.0762305,0.15266189,-0.65856475,-1.0925893,0.10426703,-0.17301364,0.6251089,-0.6768925,-0.03045414,0.4579004,0.243578,-0.05984487,0.31254783,-0.065800175,-0.34859228,0.27859017,0.62633556,0.34283027,0.10999694,-0.3530055,0.07463041,0.30423033,-0.035089128,-0.5003452,-0.41228738,0.01120437,0.1781348,-0.4428835,0.007567533,0.21998322,0.42657986,-0.47549987,-0.05276126,-0.7852718,0.43875268,0.8936228,-0.5299851,-0.26132762,0.14602646,-0.12158229,0.040890567,0.05259702,-0.5302624,0.48586047,-0.16735674,-0.37290496,-0.84270215,-0.4359159,0.11325298,0.4370318,-0.49084136,0.26525572
aluminum_oxide,-0.09037617,-0.7240004,0.35712332,-0.47954658,0.17129129,0.40453056,0.24210425,0.8378767,-0.5247199,-0.36726677,-0.33283067,-0.47418478,0.85850227,-0.14930183,-0.28203347,-0.33100104,0.22623423,-0.8389637,-0.002928669,-0.25076094,0.7402585,0.5077557,-0.20940991,0.18283296,0.32144517,0.25987607,-1.2076023,0.1859967,0.083288096,-0.3106537,-0.16448355,0.13445894,-0.49751064,-0.28140143,-0.19704139,0.118049785,0.52801055,-0.4982439,-0.50433135,-0.054510824,-0.33353645,0.17665741,-0.15561488,-0.4368629,-0.06791283,0.27800757,0.48954734,0.16904067,0.9503792,-0.018111626,-0.5673187,-0.66647625,0.15476975,-0.05648412,0.7235219,-0.57432264,-0.31389853,0.51172554,-0.26624134,0.31869802,0.39586046,-0.14347152,-0.52546734,0.27577987,0.590199,0.6943762,0.3060256,-0.01634604,-0.19675767,-0.18199454,-0.14300859,-0.75987417,-0.2690575,0.13211723,0.22115502,-0.3113445,-0.31714773,0.09736656,0.74113107,-0.17933387,0.09989317,-0.24238849,0.15438117,0.6192928,-0.888281,0.10428569,-0.118708774,-0.2715358,-0.27570334,-0.005867201,-0.6406793,0.5111668,-0.30505776,-0.601646,-0.5625854,-0.5525415,0.5522759,-0.133567,-0.37130287,0.71520674
"child,_preschool",0.17903161,0.16087095,-0.87412393,-0.08560375,0.06435005,-0.053500857,0.48398355,0.940967,-0.18905205,-0.05714301,-1.3097928,-0.23868199,0.33098572,-0.10943954,-0.101472445,-0.3963419,-0.6523835,-0.2202862,-0.5506781,-0.08696867,-0.12747556,0.5499566,-0.24282585,0.16720995,-0.6299365,-0.078858554,-0.50201887,-0.09960476,0.093488544,-0.38670632,-0.10237339,-0.2346073,-0.0803069,0.12731777,-0.025178526,0.4370045,0.67705023,-0.088394046,0.34957126,0.14962459,0.46711615,0.434923,-0.13734485,0.25793034,-0.19905233,0.35734218,0.059355564,-0.25352088,0.21314982,-0.20674258,-0.069970004,0.12662837,0.5279917,-0.19019751,0.6510376,-0.15561783,0.37646794,0.10423259,-0.559575,0.4789142,0.43126816,0.12833652,0.3785313,0.69818705,0.7142572,0.61377966,-0.073214084,0.11261108,-0.2165371,0.39113533,0.17245471,0.2000199,-0.19843934,0.124233775,-0.32737726,0.04403085,-0.51163816,0.051821113,0.7623142,-0.5369007,-0.3371835,0.3015594,-0.07140752,0.3110995,-0.5783951,0.16065618,-0.04349357,0.3106368,0.13569567,0.1843216,0.5471136,0.06066305,-0.46201047,0.12327012,0.40731692,0.009737108,0.17826499,0.043435432,-0.31906334,0.13824184
ester,-0.012314665,0.32575792,-0.0010339445,0.9188996,-0.32665274,0.1966251,-0.8483193,0.11293735,0.3731196,-0.53994805,-0.99746805,0.058897257,0.751914,0.7825626,-0.16966233,0.9073342,0.16674447,-1.2160927,-0.030376023,-0.058854405,0.8049419,1.027356,-0.33526137,0.16374806,-0.48393598,0.46135977,-0.31132627,-0.35811925,-0.23150524,-0.45044404,-0.09148184,-0.29175878,-0.17276098,0.3520573,-0.37717244,-0.39999112,0.17112683,-0.65120906,-0.74539196,0.22563745,-0.31444165,-0.49549156,-0.15176013,-0.14162262,-0.8147934,-0.66982895,0.16787392,0.71693844,0.54190207,-0.5156475,0.21936083,-1.0102115,0.25138187,1.1611387,-0.119862586,0.37676853,-0.23454174,0.21623875,0.50958633,-0.13622114,-0.3130158,-0.43308648,-0.8495507,0.0003571743,0.082466215,0.23777933,0.16275047,-0.75764054,0.091269754,-0.13459225,0.04369084,1.0222591,-0.14062908,-0.5695629,0.21723501,-0.74136055,-0.64240915,0.18191758,0.28175992,0.06584021,-0.078733146,0.08565874,-0.32001305,0.49721974,-0.16036813,0.5862668,-0.005286499,-0.28257748,-0.65914625,-0.24608126,-0.15841657,0.38455248,-0.5254164,-0.19865972,-0.5517818,-0.8885637,-0.06822205,0.43425727,-0.3828542,-0.811552
luminescence,-0.2602566,-0.59910357,-0.12636608,0.38282266,-0.30307078,0.35479215,0.103989735,0.7510729,-0.6559988,-0.4094111,-1.0671328,-0.3636804,0.1113673,0.45721644,-0.40907043,-0.08991785,-0.89035636,-0.6397807,0.065007664,0.2565526,-0.4403977,0.0952224,-0.04508796,0.25020662,0.21345009,-0.2479611,-0.82855797,0.4606995,0.35531136,0.23775335,0.008517957,-0.3283058,-0.009605975,-0.0067509357,-0.6369333,0.24223118,0.1282154,-0.5639724,0.1311699,0.030545969,-0.5038973,0.5549306,0.46461058,0.0271678,0.025103819,0.30958492,0.13122013,-0.08036386,0.5308001,0.15311201,-0.07364323,-1.2388717,-0.33562192,-0.09456084,0.62548244,0.4060089,-0.33608216,0.24263692,-0.13553374,0.48724186,0.06607112,-0.05054792,-0.29105073,0.14393498,1.1418626,-0.26824424,0.88470584,-0.49008927,-0.7943274,0.07229544,-0.1567241,-0.548498,-0.6361045,-0.14464428,-0.13711105,-0.563903,-0.25396216,0.081912145,-0.109981045,0.13456509,0.22555907,0.39137232,-0.21526636,0.31886092,-0.19113801,0.036214214,-0.6982843,0.12038929,0.18995397,0.730743,-0.32341197,0.6404675,-0.86695886,-0.358466,-0.10197664,-0.515198,0.3439761,0.50059116,-0.43604952,0.43628097
electron,0.12088383,-0.11109899,0.020666035,0.009246065,0.084465,0.33260712,0.19467482,0.36850503,0.055020466,-0.059921645,-0.33333558,-0.17337799,-0.28631455,1.0001792,-0.1588802,-0.17762983,-0.2746984,-0.46190795,-0.55904955,-0.5906621,-0.8198826,0.35511148,0.43125826,0.24414963,-0.0061451015,-0.32529044,-0.696961,0.090786576,0.12582746,-0.48354414,0.040968996,0.6117441,-0.0011467169,-0.05816849,0.46614698,0.021643797,0.875114,-1.1300472,0.6607506,-0.6417197,-0.37612578,-0.2723496,0.5020311,-0.8095664,0.09367929,0.58811444,-0.37820902,0.50293696,0.43043414,-0.116231814,0.0800766,-0.73241144,0.63505507,0.17872415,0.5703639,-0.1641137,-0.033649996,0.71216404,-0.06309592,-0.16835639,-0.08584826,0.11782197,-0.5602081,-0.12489138,0.3294138,0.115488455,-0.29142976,-0.41208965,-0.1640224,0.023912365,0.50221777,0.48789465,-0.043239087,-0.52515954,-0.4686392,0.06170089,-0.30379713,-0.73458695,0.3469925,0.66642964,0.16413456,0.14251345,-0.16259257,0.11099709,-0.45222846,0.7960051,0.07697065,-0.68407375,0.34584013,0.5528636,-0.47142425,0.19156979,0.23122624,-0.54053503,-0.35885653,-0.010314016,0.13438378,0.93477917,-0.55157804,-0.048950717
neurotoxicity,0.3463109,0.6138756,-0.29581994,0.27790138,-0.15075803,0.35719466,1.4354287,0.5297328,0.34521982,0.19356725,-0.54545647,-0.17209953,0.11748501,0.5132528,-0.49382073,-0.5427169,0.26473492,-0.61458546,0.081500664,0.10146516,0.41246867,-0.040264815,-0.02420474,-0.19899149,-0.57434696,0.14146204,-0.33532035,-0.42788127,-0.1883388,-0.48213917,-0.008900001,-0.85859084,0.35115373,0.09827268,0.4312339,0.08957514,0.11045865,-0.8085223,1.1021024,0.5603645,-0.5222191,0.0078054103,-0.020334437,0.0472541,-0.18486011,-0.32056266,0.6818172,0.5269269,0.2498351,0.013176856,-0.46078598,-0.4028312,0.027647885,0.5545066,0.9173619,0.35154104,1.3780421,0.37705407,-0.44144917,0.63048506,-1.0252528,0.3092613,-0.28602678,0.6436736,0.4867624,0.09958303,0.25992462,0.21205884,-0.104926385,0.75133854,0.4328146,0.3773844,-0.68835235,0.47923797,0.30531162,0.36392415,0.6496531,-0.07305454,-0.232333,0.14295027,-0.14477032,0.31897247,0.32176337,-0.13926166,-0.5982556,-0.4853912,0.4190818,-0.31624946,-0.28194976,-0.0084975585,-0.35423106,-0.025838379,-0.11941781,-0.58898944,-0.89253926,0.076069996,0.010882205,0.36971018,-0.14771804,0.3353884
enzyme_inhibition,0.32674226,0.10775746,-1.0021998,0.23980467,-0.11556821,0.13105291,0.55104697,-0.08685811,1.2696127,0.046661172,-0.7037821,-0.4299226,0.5495035,0.2867855,-0.5277308,-0.11727381,1.6531453,-0.20131785,-0.781275,0.28719395,0.12489499,0.656197,-0.8031525,0.21417423,-0.32690412,-0.06934174,-0.5300803,0.010972283,-0.08894394,-0.58231825,1.0710533,-0.154634,0.19505759,-0.22633348,1.1407771,0.43113393,0.0009284775,-0.8835224,0.6280349,-0.13868949,-0.05578538,0.36783966,0.0035361485,0.9400193,0.41366646,0.1949325,0.48116246,0.24107984,-0.0076675536,-0.23964642,-1.0211256,-0.109814614,0.12454671,0.39693728,0.45343125,-0.31243998,-0.080632575,-0.4243679,-0.07511992,0.81349325,-1.0018996,0.50787663,-0.27810088,0.5349656,0.30177164,0.26250336,-0.30922964,0.63325346,0.25444174,0.81768966,-0.20988218,-0.06299579,0.51664484,-0.010015371,0.028691797,0.051180273,0.32865295,-0.10103025,-0.26795816,0.26173607,0.11683603,-0.06480287,-0.028744103,-0.47495875,0.10699892,-0.36761642,-0.3989112,0.8920973,-0.2235053,0.53379726,0.584926,0.48200688,-0.30861318,-0.24287681,-0.33028132,-0.31834507,-0.29860783,-0.6227174,0.054586485,-0.44872427
antioxidant_activity,0.6319027,0.050354067,-0.21452585,0.743944,-0.39901242,0.5121788,-0.17782556,0.027992398,0.6869563,-0.047314104,-0.41942665,-0.15749653,0.55045676,0.5109169,0.29306278,0.19119976,0.24332364,-0.500388,-0.30558497,-0.42650193,0.36763814,0.3952678,-0.29971704,0.16460338,-0.6004877,0.24390286,0.11100586,0.08049256,-0.31106168,-0.7376642,0.27601865,-0.68479395,0.06993626,-0.42042363,0.41757956,0.017969683,-0.68738997,-0.59955466,1.0117538,0.007854522,-0.35091394,-0.63251364,0.21664788,-0.37436202,0.465274,0.14603329,0.4516713,0.6718863,0.015504148,0.47118083,0.19142579,-0.7578955,0.3268262,0.3301508,0.5820969,0.54159987,1.1190875,0.36622438,-0.53504866,0.7068664,-0.35073897,0.3468307,-0.3266951,0.6037274,0.22472776,0.38353637,-0.1564207,-0.22362441,0.25208083,0.42698017,0.17686611,0.66852164,0.13775952,-0.5722036,0.086334266,0.6874249,0.23417023,-0.5261729,-0.3693229,0.07984913,0.032109268,0.16558681,0.19248648,0.21242847,-0.09410701,0.24056357,0.6765359,0.130642,0.19061162,0.025392976,-0.063371666,0.68039864,-0.33423096,0.2412122,-0.74240774,0.0642314,-0.15937358,0.44451505,-0.39188012,-0.52343106
antiinflammatory_activity,0.32609868,0.46630257,-0.3488852,0.032954425,-0.72591597,0.18694752,0.363811,0.0014759925,0.22400442,0.108202524,-0.6947662,-0.31436056,0.61876416,0.08676182,-0.186405,-0.4345478,0.24121238,-0.05690815,-0.4170455,-0.19245951,-0.14158802,0.53039956,-0.3442118,0.22060259,0.05722767,0.46256602,-0.17923534,-0.16345315,-0.45139736,-0.8287851,0.3989706,-0.7481093,0.2956019,-0.35217687,0.3550217,0.066345945,0.14318247,-0.41401356,0.09973,0.32641825,0.36529654,-0.52020967,0.048641335,0.024528759,0.005575876,0.2931512,0.7301929,0.30002227,0.37149194,0.26818863,-0.2289917,-0.303899,0.30336356,0.10560851,0.15866229,0.10439329,0.289092,-0.40697724,-0.09156904,0.53246695,-0.42069054,-0.1428953,-0.49051294,0.34128234,-0.4423825,0.3309026,-0.0808188,-0.2152676,0.08226953,1.1150422,-0.29158416,-0.3695315,-0.17383605,0.0044996464,-0.083210915,-0.26468852,0.45765838,0.124084,0.15958595,0.4657476,-0.1875036,0.042979848,0.22915024,0.11052208,-0.07880062,0.0059002526,-0.33323053,0.2407821,-0.22786571,0.36692366,0.4165211,0.14587523,-0.26440325,0.06419367,-0.86062634,0.30419174,-0.16754669,0.49885935,-0.73587614,0.2816316
energy_gap,0.022547776,-0.77162564,-0.27789992,-0.37045044,-0.65139663,0.008599842,-0.20483579,0.2683732,0.17867716,-0.38412207,-1.144898,0.057446547,0.22099434,0.4558988,-0.47667044,-0.5003564,0.02016731,-0.4122921,0.0614429,-0.4193437,-0.17548434,1.273241,-0.64081895,0.11560134,-0.36391988,-0.3930586,-0.85972005,0.66006845,0.5569032,-0.36254373,-0.18016854,0.057679895,-0.042977404,0.08912417,-0.6898425,-0.19611955,0.43738705,-0.82487,-0.41354197,0.005148593,-0.6326387,0.058666587,0.33809933,-0.48998377,-0.1118275,-0.033514645,0.22192152,-0.24602267,1.334561,-0.24895836,0.21709144,0.29474816,0.29998606,-0.6307174,0.49778062,-0.15565273,-0.077594906,0.27533373,0.49398696,-0.4931987,0.41480193,-0.22707799,-0.15143636,-0.24108155,0.58722615,0.61761206,0.15404779,-0.20639822,-0.42552957,0.093535155,0.035170022,0.071416736,-0.36382717,-0.17261797,-0.11449924,-0.8874395,0.004685469,0.24371397,0.30689815,-0.78612536,0.046072528,-0.4590042,0.57518125,0.112615444,-0.116159715,0.58591914,-0.103469044,-0.38216978,-0.5753335,0.44261286,-0.14417666,0.05804999,-0.22324327,-0.5655188,-0.22242643,-0.8197899,-0.119617745,-0.16479038,-0.95847815,0.043003157
deposition,0.24011388,-0.5101249,0.07505344,0.5390198,-0.96242446,0.54669744,-0.17456383,0.33072257,-0.46103904,-0.44843888,-0.89888996,-0.097611755,0.40102717,0.6552172,0.11122093,-0.5580101,-0.1478419,-1.0189958,-0.06146862,0.495513,0.110882044,0.6210238,-0.46986037,0.512001,-0.56435925,0.027304752,-0.78407663,0.6181621,0.38307947,-0.7097958,0.3665232,-0.30664292,0.094653115,0.059375916,-0.22947842,-0.2564329,-0.059561025,0.12569761,-0.30042133,0.41813865,-0.21196815,-0.3676264,0.23765141,0.48601368,-0.417949,-0.092706494,0.07188647,-0.11446353,0.9898725,-0.3911646,0.4224323,-0.47499207,-0.15000752,-0.10223492,0.62713504,-0.095529646,-0.4493003,0.59557676,0.39658585,0.06193483,0.25599045,-0.9169652,-0.03262175,-0.20050912,0.91792285,0.86306876,-0.28982085,-0.26305503,-0.45165908,0.43925053,0.25432974,0.14348817,0.021053853,-0.0031524424,0.48122445,-0.7840807,-0.70597863,0.14017466,0.21858524,-0.81515825,-0.34415647,-0.17216228,0.36379462,0.35461345,0.08059485,0.3389074,0.006881735,-0.26174808,-0.6974681,0.5281966,-0.48570162,0.86532557,-0.8327559,-0.097642675,-0.120294064,-0.7615025,-0.25063917,-0.35133058,-0.8922734,-0.07474323
synthesis_and_characterization,-0.48806065,-1.0106148,-0.07061681,-0.016278291,-0.6564972,0.24216485,-0.16071975,0.60168403,-0.14733703,-0.55457926,-1.1106218,0.35103217,0.8129412,0.3900663,-0.8766639,0.11634986,-0.25107658,-0.46276978,0.05585146,0.3504774,-0.40899733,0.5191317,-0.41661727,0.21542089,-0.46813306,0.16504855,-1.1175722,0.6847979,0.76113987,-0.2462381,-0.20397505,-0.16253164,-0.11032867,-0.13154915,-0.9078174,-0.1722115,0.05512235,-0.5457179,0.20487839,0.29980066,-0.7111498,0.18681753,0.19541645,-0.12988782,-0.18743524,-0.31292698,0.37238607,-0.17474817,1.6002499,-0.0069327587,-0.37805054,-0.794994,-0.2456662,0.21645698,0.8410841,0.0068851965,-0.19129206,0.11629973,0.54691553,0.17933416,-0.21121955,-0.14470226,-0.12393543,0.17357585,0.674773,-0.066717,0.5240492,-0.1684029,-0.38019896,0.19675826,0.07142343,-0.26079658,-1.1975776,-0.1753916,-0.15264817,-0.22989024,-0.06334295,-0.23919028,0.07965509,-0.3641791,0.16454297,0.0359278,0.73393106,0.17335558,-0.13692826,0.032719444,-0.218876,-0.23346812,-0.78196037,0.7158086,-0.6070586,0.2114483,-0.23597963,-0.42608994,-0.41977495,-0.6696694,0.09923886,0.54613656,-1.1090175,0.7731148
volatile_organic_compound,0.3453865,-0.19557075,0.21490309,0.20744215,0.71966225,0.52403027,-0.3985811,0.26780376,0.3503656,-0.028095998,-0.940922,-0.5338501,0.26982126,0.44064364,-0.05972079,-0.12888269,-0.27334535,-0.77573436,-0.56833345,0.3282698,0.57874495,0.38301116,-0.5462711,0.091064714,-0.13915531,0.09820833,-0.30667645,-0.16030207,0.56506914,-0.84023213,0.3066748,0.5613245,-0.8756911,-0.33696163,0.34415814,-0.46992642,0.15087608,-0.6406363,0.54003125,0.2887791,-0.06793311,0.03893995,-0.77963054,0.123823725,-0.36841467,0.1395413,0.16794668,0.88320905,-0.023372551,-0.20982148,-0.31948155,-0.8661295,0.98648506,0.65075046,0.23096165,-0.22762199,-0.8637335,0.48367807,0.16414301,0.033209782,-0.24965808,-0.2592584,-0.65228343,0.6440182,-0.22303289,-0.073561,-0.38515806,-0.03812358,0.40900156,0.17418817,0.24619347,0.7776877,0.5057371,-0.3590343,-0.22042547,0.026483802,-0.26571277,-0.55502194,0.4868285,0.07886945,-0.08885583,0.30565503,-0.1637124,0.89033353,-0.6420483,0.035301656,-0.09663195,0.27828234,-0.22327815,0.94976526,-0.018716482,0.1154948,0.056428876,0.3242457,-0.0008416159,-0.008941691,-0.086236306,0.44804087,-0.42951864,0.0008781121
mu,0.61953676,0.67374486,0.21734038,-0.24531831,-0.51494575,0.17648242,1.0066361,0.62728053,0.49794793,-0.2519538,-1.3180875,0.12493088,0.23006026,0.56772006,-0.92017746,-0.77086776,-0.023225738,-0.001597855,0.3252704,-0.054095615,0.2387369,0.41809577,-0.15045483,0.6092618,-0.18349813,0.31158942,-0.03047494,-0.13679837,-0.03338776,-0.17828582,-0.030443544,-1.4718161,0.40527245,-0.08796868,0.25607473,0.04859826,0.05145252,-1.0241265,0.7392169,0.28780544,-0.034467477,-0.27910215,0.59063697,0.38340017,0.55100745,0.41463766,0.107076235,0.37697244,0.16422462,-0.13852523,-0.4159363,-0.03509554,-0.11692641,-0.16614327,0.33037305,0.11118534,0.27706045,0.0075895092,-0.10394771,0.4028215,-0.3727534,-0.0021956705,-0.4512791,0.5152667,0.44298378,-0.40803537,-0.14357641,0.1121343,-0.5264739,1.1913049,-0.08867989,-0.28748158,-0.7986612,-0.3717365,0.095144354,0.23779413,0.54261714,0.010290605,0.094478585,0.38959464,-0.15883939,0.41053772,0.6817867,-0.24399118,-0.26102242,-0.08488542,-0.67496985,-0.30361402,-0.6354978,0.35909092,0.10957212,0.3132101,-0.20479423,-0.51151156,-0.5513992,0.6807816,-0.32225987,1.0871295,-0.27065545,0.6576498
cattle,-0.071448304,0.12649123,-0.1531452,-0.16400987,0.17567237,0.41302747,0.19543621,0.26147944,1.2701848,-0.2903661,-0.71028787,0.7468498,0.21890864,-0.1733326,-0.37262818,-0.3969678,-0.23999237,-0.7657033,-0.8268812,0.32792157,0.9476827,0.29425836,-0.22016698,1.0155278,-0.06929104,-0.09398112,-0.4889675,0.04218446,0.3803793,0.01520981,-0.3954051,-0.396757,-0.21382068,-0.4318419,0.08534771,0.43908587,-0.0790419,-0.5084512,0.3405171,0.5612561,0.50850725,0.14865106,0.07176888,-0.29912484,-0.27802512,0.91308635,-0.28048575,0.5512146,0.03133605,-0.9798293,0.12317422,-0.15780018,0.36594236,-0.08745227,0.06313888,-0.19163465,-0.58948845,0.15801843,-0.05391375,-0.06515144,0.34736657,0.30055058,-0.6117435,0.47925422,0.24300067,0.33158877,0.46889597,0.5404755,-0.08906738,1.220391,0.03410443,0.17919844,0.014809477,-0.6455471,-0.46007332,-0.6155721,0.16716486,0.07806136,0.6047725,-0.23849145,-0.4332435,0.0915195,-0.50907296,0.31486443,-0.9436374,-0.28795856,-0.49632922,-0.21994932,-0.17436697,-0.22056371,-0.11570332,0.17166938,-0.23391874,-0.39589953,-0.13858354,-0.044562433,-0.038333464,0.5981972,-0.24805263,0.5452752
acetic_acid,0.2964266,0.41583475,0.7455584,-0.4851178,-0.18476169,0.015612291,0.010442062,0.1982275,0.19787607,0.113528155,-0.2738891,-0.27844957,0.23715752,0.63343847,-0.46354297,-0.06787011,0.9195143,0.004191843,0.84380406,-0.43187377,0.6681924,0.38990176,-0.4417906,0.7524564,-0.05747113,0.53832954,-0.07946493,0.21503103,-0.024219934,-0.82989585,-0.7366951,-0.8847721,0.0022646394,-0.38183764,0.32585824,0.21102509,0.16611859,-0.47256395,-0.8218385,-0.07579739,0.57526636,0.5357321,0.6104878,0.27643797,0.12161889,0.29219505,-0.21478765,0.008658823,0.4918207,-0.15718573,-0.018199218,-0.8370808,0.34279725,0.018190945,-0.2850298,-0.85955745,0.02620651,0.28497472,-0.7394175,0.592365,0.17062744,-0.73778933,-0.47076142,0.8892285,-0.043138895,0.47669736,-0.22121745,0.1518402,0.3000562,0.3209218,-0.3030584,-0.7021193,-0.21785413,-0.14583784,0.6957991,-0.34723195,0.6434503,-0.051490314,0.9020064,0.28146875,0.17286067,0.12055795,0.076274775,-0.12058885,0.01251165,0.19754267,-0.2990485,-0.033584908,-0.31102422,0.28344896,-0.5252287,-0.42497936,-0.04595712,-0.47693443,-0.5541043,0.20379972,-0.14759874,0.6107469,-0.20494922,0.40296853
oil_shale,-0.07284044,-0.7497177,-0.09917314,0.8392603,-0.15934595,0.6468542,0.18724181,-0.33538067,0.043194626,-0.39608136,-1.1295778,0.70260024,0.6320064,0.49914148,-0.566543,0.024498891,-0.16849965,-0.79449475,-0.31354684,0.5680189,-0.61489004,0.63446987,-0.33458424,-0.061927073,-0.87208515,-0.16024429,-0.352364,0.36804715,0.34315297,-0.6048091,0.36583674,0.37295425,-0.57157505,0.119045876,0.22883219,-0.17419547,0.3346781,-0.015656801,-0.096167944,0.49539003,0.27069873,-0.2508859,0.46417832,-0.2642823,-0.58563906,0.4236882,-0.74158776,-0.33256993,0.60641223,-0.6278943,0.23808518,-0.738614,0.36689228,0.3730853,0.62382174,-0.080825664,0.5935839,0.047956537,-0.5286939,0.09640718,0.31597733,-0.51573646,-0.27282417,-0.25390238,0.48798877,0.29462668,0.42589992,-0.16463667,0.64937156,-0.34732226,0.657536,0.5122353,-0.32463843,-0.501685,0.13606519,-0.2147595,-0.88489115,-0.43029454,0.13859202,0.27623445,-0.11277825,-0.23514372,0.6641759,-0.27620807,-0.41782102,0.7685447,0.27535444,-0.20538777,-0.061246343,0.015687037,-0.19585772,0.51018876,-0.10613462,-0.70671695,0.52376056,-1.2425333,0.47424337,0.63169503,0.38433763,0.05621933
standard,0.14166224,0.3988092,-0.79045737,0.64269865,0.62433213,0.45248505,0.93351173,0.90922415,0.39512005,-0.15249263,-1.6757243,-0.056117494,0.64533055,0.316908,0.2890066,-0.863785,-0.44707945,-0.4077737,-0.25211367,-0.07555111,0.3419614,0.54668385,0.0792797,0.18453757,-0.48626533,-0.21867716,-0.58627,-0.017828006,-0.14260422,0.0093610855,0.19707581,-0.25294924,0.38813972,-0.05956166,0.40489796,0.22702935,1.1792068,-0.62720174,0.7310734,0.2778237,0.49004424,-0.0627379,0.12598711,-0.19489343,-0.20558003,0.6637932,0.39885488,-0.4805055,0.21214843,-0.09625327,-0.130126,-0.19702236,0.40123382,-0.8642747,-0.038203627,-0.19954658,1.1025406,0.28419283,-0.98481447,0.27051502,0.0102277985,0.30330294,0.8447342,0.45578092,0.7021845,0.7340094,0.45166093,0.15117384,0.0110527845,1.2140334,-0.09733182,0.25482953,0.10695107,-0.35806373,0.18761432,-0.13818093,0.019929623,0.69980955,1.4466897,-0.7694341,-0.40168333,0.45375428,-0.093327634,0.55347216,-0.37540174,0.27541596,-0.1727561,0.77276224,0.22301802,0.003170215,0.19339272,0.5530837,-0.6088418,0.14480938,0.53022516,-0.399774,0.07784469,0.31849954,-0.54406494,1.0931361
essential_oil,0.28216928,0.23014161,0.07399809,-0.009895725,-0.5994226,0.15518147,-0.6659809,-0.27754244,-0.030990383,-0.79392076,-1.0112456,0.48249048,0.43124488,0.06301871,-0.34728026,-0.12862445,-0.16755967,-0.598127,-0.36056036,0.33381584,-0.2562219,0.61127925,-0.1666572,0.2074178,-0.83987546,0.3352535,-0.680848,0.071751356,0.14413221,-0.33330062,0.027253978,0.040468805,-0.33537453,-0.19397503,-0.047466684,0.2642076,-0.21261576,-0.35608563,0.34538487,0.73223144,-0.06927343,-0.1185488,0.42931277,-0.28985822,-0.5009,0.737175,0.19416699,0.95005316,0.41134113,0.006360891,0.2864882,-0.9905294,0.045409348,-0.09008141,0.19119224,0.42527774,0.27156496,0.6041215,0.14469829,0.101849675,-0.49607977,0.53347933,-0.6391532,-0.049902555,0.1678935,0.37976465,0.548103,0.29456675,-0.48784938,0.32418072,0.3079111,-0.092786916,-0.25172544,-0.58082956,-0.35849172,-1.1137419,0.33576223,-0.22184557,-0.7180543,-0.35708046,-0.46810564,0.32887468,-0.53125894,0.2897898,-0.30570537,0.08168835,-0.30392236,-0.036131416,-0.59273356,-0.30452588,-0.4077729,0.29802072,0.023557995,-0.001868689,-0.7544581,-0.28361768,0.26932937,-0.41024923,-0.6055601,-0.103778616
microbial_diversity,0.35273337,-0.19981185,-0.45304364,-0.0048012654,0.16471928,0.09603682,0.640323,0.16583991,0.65604264,-0.0033300591,-0.22504595,-0.19692184,0.12991709,0.54962474,-0.7244761,-0.40738523,0.3786968,-0.3351805,0.03463166,-0.14890374,0.72790104,0.53111565,-0.28535175,0.35434413,-0.14755352,0.3644658,-0.14824842,0.9662371,0.094713114,-0.96853113,0.34825996,-0.7433171,0.16537534,-0.10438244,0.1539326,-0.1648425,0.41589287,-0.65199804,-0.34444937,0.5679532,0.572104,0.85924333,0.31759232,0.30101594,-0.32766023,-0.27117,0.4710457,0.30216217,0.34267816,-0.37099743,-0.47787112,-0.9916238,0.09354052,-0.2599381,0.0886395,-0.46476686,0.34481263,0.32067773,0.065294825,-0.17624807,0.0332357,0.026343571,-0.23881495,0.4458225,0.40144518,0.46059924,0.3205398,-0.3195413,0.6923446,0.39521974,-0.31081855,0.4835706,0.4676921,-0.6949775,0.029024705,-0.37641603,0.010896304,0.50023675,-0.11370049,-0.2723416,-0.4288569,-0.75910854,0.22219247,0.0038283763,-0.59705126,-0.40939265,0.30620736,-0.3327229,-1.039337,-0.056555815,-0.8502034,-0.49912202,-0.37812337,-0.7808844,-0.02099306,0.14348273,-0.42982745,-0.040917516,0.030353691,-0.2615808
microbial_community,0.11173301,-0.4188697,-0.3470714,-0.14435123,0.11787857,0.0098918835,0.23903352,0.20410216,0.82354414,0.11967196,-0.12905122,-0.22067022,0.039406512,0.1252246,-0.5294551,-0.6821114,0.036344476,-0.36035332,0.1524986,0.09504739,0.77893347,0.43570098,-0.36899373,0.6848023,-0.56483394,0.4096486,0.03725629,0.7006292,-0.06440045,-0.78887963,0.20380408,-0.5278091,-0.23141602,-0.15723673,0.06047634,-0.24023715,0.571119,-0.6558042,-0.3795473,0.6822666,0.6454363,0.70704854,0.14670344,0.23617582,-0.3659953,-0.15186757,0.13527338,0.48607033,-0.090435214,-0.22800317,-0.51326025,-0.51314026,0.15271705,-0.080373056,0.43976408,-0.16953953,0.121946,0.39717847,0.092946395,-0.05263154,0.10181552,0.09200338,-0.21863554,0.25423816,0.2292652,0.77009505,0.07338029,0.048964538,0.7187826,0.13814873,0.11663345,0.44713694,0.6946565,-0.8153301,0.23967917,-0.29102546,0.03570157,0.44514403,-0.052499685,0.08555234,0.038553648,-0.6892444,0.0747058,0.30753195,-0.8151298,-0.4066218,0.26310378,-0.31659234,-0.7372153,-0.025999751,-0.83370453,-0.65773094,-0.41265365,-1.1060933,-0.17121594,0.013657143,-0.5391122,0.32112214,-0.109970436,-0.17776337
time,-0.23932554,0.30626297,0.35512665,-0.08911632,-0.40916643,0.47841156,0.7609354,0.42273742,0.26681593,-0.3937428,-1.6861316,-0.20552188,-0.07141946,1.1956782,-0.77072036,-0.61158293,0.2160288,0.21920505,-0.55089563,0.13746628,-0.7191235,-0.25777158,-0.36591107,1.0316715,-0.10127371,-0.28147092,0.17726907,-0.2479064,-0.1084788,-0.35999036,0.0053990264,0.18351153,0.0786052,0.55528235,0.96108216,0.40438503,0.5378378,-1.535004,1.2327904,0.1183023,-0.23757015,0.54636216,1.0574044,-0.30576694,0.82340115,0.7361996,0.058962885,0.45876384,0.8086476,0.8702183,-0.96109027,0.05037833,-0.023616087,-0.40434438,0.26148865,-0.05341716,0.77589,0.6417686,-0.42169082,0.33727616,-0.7163906,0.8166895,0.32687202,-0.23339544,0.13856035,0.38207734,-0.32316282,0.25808325,-1.0136453,0.65200526,0.30915177,-0.8453663,-0.77846175,-0.095739365,-0.5015045,0.06631571,0.46207735,0.30493382,0.24807711,-0.8252699,0.10987826,-0.14824915,-0.45499203,0.5137622,-0.26254848,-0.32027963,-0.08729704,0.4642206,0.65964746,-0.37661865,-0.26218212,0.7067962,0.022177532,-1.1743182,0.037730977,-0.10597273,0.13933513,0.22607668,-1.2813296,0.4378298
anxiety,-0.6211937,0.3094439,-0.32466108,0.2269536,-0.28396708,0.2568092,0.52194357,0.27160192,0.6375472,-0.43605876,-1.1888305,0.59490895,0.17602396,0.5700199,-0.4205086,-0.5282573,-0.43184856,-0.17338455,-0.20787893,0.5153527,-0.47034734,0.35312262,-0.16023943,0.9983392,-0.22374706,-0.19516866,-0.25856063,0.24789922,0.30977246,0.47397438,0.04579328,-0.5311449,0.37371013,-0.062284075,1.0240201,0.017024798,0.3571248,-0.6874194,1.2801416,-0.03496402,-0.3548249,0.1963021,-0.010690733,-0.07316933,1.045847,1.1540036,-0.047956932,0.7662156,1.0566792,0.031753313,-0.19940476,0.26148313,0.11194012,0.006302554,0.0023793753,-0.049150955,0.7186138,-0.26094973,-0.23247421,0.5397862,-0.35128763,-0.4047364,-0.55791867,0.30982986,0.06888671,-0.18526539,0.07259946,0.13129987,-0.41965118,0.36498028,-0.17438737,0.27061388,-0.72742546,-0.32294995,-0.22153638,0.2348491,0.50342184,0.22175866,0.10095001,-0.31010494,-0.01897165,0.53968596,-0.06422525,-0.30880287,-0.057915725,-0.013945921,0.1847052,-0.24650335,0.19068132,-0.036943346,0.16415425,0.67854726,-0.0038161306,-0.746432,-0.0012300526,-0.0100679295,0.19388679,0.1982438,-0.8466488,0.6565894
water_supply,0.35984924,0.8108003,-0.31784627,-0.01039905,-0.24780306,-0.64121234,-0.12102036,0.3896925,0.49075866,0.060434584,0.06125284,0.27542168,-0.029201118,0.9328836,0.0012170479,-0.61179364,-0.17115118,-0.36284173,-0.36141896,-0.11667343,0.9151539,0.547862,-0.21199714,0.4799311,-0.5304234,-0.6293621,-0.38947994,0.83423895,0.11519539,-0.5935391,-0.19120575,-0.6514639,0.9625538,-0.22047634,-0.30830568,0.24265404,0.19576268,-0.33063817,-0.2429229,-0.30404735,0.96675444,0.063581936,0.7614805,-0.78626376,0.30519775,0.9121019,-0.8571339,0.066870265,-0.4558593,-0.7450322,0.0364033,-0.5714492,1.2216156,-0.48677155,0.45048335,-0.37682125,0.14917783,0.39617932,-1.4395261,-0.16681899,-0.196779,-0.09315268,0.09688123,1.279243,0.4974309,0.4114845,-0.26611564,0.43161097,0.6390678,0.7084653,-0.3681772,1.2842371,0.26124424,-0.4488491,0.120264925,-0.84817696,0.15398051,-0.62699676,0.6955231,0.020210365,-0.799962,1.3532214,-0.1386518,0.3612741,-0.42034373,0.096563265,0.2013162,-0.05268909,-0.26499462,0.19313824,-0.34249973,-0.2865105,-0.78018117,-0.2885967,0.02157745,1.0563055,-0.22507624,0.9028998,0.3045052,-0.5580425
quality_control,0.22919522,-0.047008123,-0.4040962,0.6869771,0.21588136,0.4475179,-0.27949396,0.8631844,-0.46004975,-0.10747984,-0.84037495,-0.08667764,0.28760886,0.022545783,-0.4532658,-0.4113551,-0.33560923,-0.20020998,-0.58721733,0.5725315,0.07536455,1.5063345,0.38998905,0.58824605,-0.3451808,-0.75896406,-0.50179803,-0.20121306,-0.1800138,-0.44831872,-0.025477715,0.59623885,-0.12885554,-0.11846366,0.13524142,0.77127457,0.10393149,-0.072273724,0.18668018,-0.35419798,0.9603037,0.09565472,0.28851935,0.15843913,0.09253109,0.41343546,-0.073800445,0.023784705,0.1898768,-0.53243196,0.9038925,-0.49489084,0.6597121,-1.1738813,0.34286693,-0.8803884,0.043414146,0.93661654,-0.029431548,-0.10819217,0.3957188,-0.010329189,-0.5383633,0.21795338,0.56119996,0.05261126,0.01980445,-0.49338233,-0.33778504,0.59560394,0.17142381,0.50841314,0.12240385,-0.5744868,-0.21586084,-0.41564396,-0.22280727,0.26645958,1.1567053,-0.0986111,-0.50901586,0.06649555,0.437253,0.30314586,-0.38765967,0.58326614,-0.0409833,-0.36626485,0.74754477,0.37556645,-0.59961605,-0.9500829,0.17210874,0.21260066,0.46013713,0.059786126,-0.20572129,0.39888585,-0.8165482,-0.2311669
gas_chromatography,-0.040921833,-0.74079233,-0.08531272,-0.28765213,0.09649334,0.80019844,-0.575291,-0.2617788,1.2275296,-0.486915,-0.75969785,0.23886539,0.081545986,-0.14619792,-0.6114091,0.1286723,0.040024545,-0.69914156,-0.5538713,0.2746139,1.2470182,0.4498948,-1.017268,0.5350425,-0.006888109,0.2210459,-0.5985791,0.07138768,0.9684686,-0.2811422,0.35984144,0.03154726,-0.9320267,-0.39841902,0.22545022,0.124526694,-0.3039636,-0.43545204,-0.3268883,0.8468259,0.033497203,0.5387342,-0.34422538,0.09887365,-0.57266223,0.40678653,0.3972557,0.8864443,0.3923902,-0.34860206,-0.3526857,-1.4191049,0.17634922,0.2072593,0.2273817,-0.004781435,-0.2956682,0.25632766,0.34096608,0.07819383,-0.21652521,0.19979611,-1.158948,0.14374271,0.13202143,0.22266202,0.42416865,0.503249,0.2198703,0.76245695,-0.028553367,-0.116548575,-0.20055024,-0.49575856,-0.40536666,-0.5198466,0.5393774,-0.74895877,0.22338635,-0.12549232,-0.32947892,-0.39040348,-0.1655046,0.7231623,-1.0563031,-0.4337972,-0.29937902,0.1305559,-0.51809675,0.43742388,-0.51981527,0.13723135,-0.14610927,-0.18453732,-0.82500535,-0.47522858,0.023183646,0.3861817,-0.013245528,0.7962087
kinetic_theory,0.1708687,-1.1033309,-0.15115024,0.63180304,-0.29103547,0.3409027,-0.03029124,0.18462193,0.5529174,-0.33520707,-0.55985665,-0.45054674,0.75220245,-0.089434415,-0.4717566,-0.23196544,0.6904382,0.058582705,-0.8753874,-0.643137,-0.488221,0.4999389,0.19986299,-0.08703712,-0.3956643,0.38333714,-0.9274899,-0.4927566,-0.14307216,-0.6316073,0.32668012,0.088092476,-0.12742229,-0.13620342,0.45452604,0.5551192,0.026036292,-0.3529874,0.11538501,-0.17294909,-0.09456508,0.6367924,0.116131514,0.15069585,-0.25170547,-0.1094869,0.030598046,-0.7535242,0.537685,-0.48772183,0.038473513,-0.4038864,0.33558813,0.2603549,0.17377537,-0.7106638,-0.47269395,0.18872161,0.2586474,0.3281926,0.8065714,-0.6867263,-0.27006438,0.29391152,0.66911376,0.31769404,-0.44892964,-0.83105344,0.24907005,0.57589954,-0.1971624,0.09674866,-0.24775091,-0.17478052,-0.38332406,-0.35077074,-0.5519198,-0.048403878,0.26302102,0.29069826,0.25793716,-0.59282637,0.105174705,0.28858462,-0.20817377,0.64259773,-0.14878857,-0.051136617,-0.30779654,0.24056795,-0.43059745,0.86666346,-0.50178534,-0.07713395,0.67713517,-0.110158905,0.26003304,0.5099789,-0.7069122,0.1889848
survival,0.4383041,0.7067817,-0.1337869,-0.22415167,-0.5797934,0.50662047,1.0066941,0.10185294,0.39528534,0.18894379,-0.6195891,0.6001128,0.15179183,0.900473,0.69779414,-0.7370677,0.55829996,-0.119674824,0.7065303,-0.17247233,-0.001554885,0.679483,-0.25357947,-0.02165567,0.16186652,-0.34777036,-0.76454455,0.35876513,-0.30719978,-0.7813584,-0.47537562,-0.88970506,0.16056825,-0.02273756,0.9503182,-0.06795747,0.335947,-1.0705725,-0.43613636,0.16639078,-0.08441048,-0.17950974,0.87038934,-0.4493564,0.39594245,0.8280485,0.2940827,0.5587093,0.23480242,0.18577884,-0.20310567,0.0031098141,1.0057248,0.06373619,0.0766683,0.19595703,1.0987856,-0.062290367,-0.7951782,0.35508615,-0.34076238,0.071009845,-1.0225337,0.73004663,0.22775827,1.0321131,0.107044086,-0.15918863,0.27739283,0.64688575,-0.4641525,-0.13913704,0.22637595,-0.5834317,-0.41658902,0.2553235,0.22119339,0.3953466,0.56419,-0.24782698,-0.010233882,-0.33382574,0.09120892,-0.40599182,-0.13392623,0.6958791,-0.6173297,-0.12604946,-0.21239051,-0.387506,-0.031390086,-0.048161283,-0.11940278,-0.36541867,-0.1141086,0.10559129,-0.8530503,0.07024401,-1.1335508,-0.022733498
disease_association,-0.30240488,-0.14842662,-0.48577756,0.51623285,-0.45632643,0.68964523,0.3720559,1.0451301,0.6096671,0.05640202,-0.39647937,-0.4609839,1.1106826,0.054674644,-0.340642,-0.317425,-0.45965028,0.12763922,0.7380799,0.33427164,0.03049021,0.30815393,0.15055372,0.14180687,-0.504682,-0.29312962,-0.14133896,0.23032,0.28735277,-0.5097861,-0.6564343,-0.023345167,-0.2827066,0.22738065,0.47558707,0.34901437,0.8544326,-0.16995028,-0.44319645,0.14308192,-0.47974977,0.40578213,0.21217078,0.17647512,0.16268368,0.44560876,-0.030219173,0.017229266,-0.21487488,-0.18472423,-0.4368907,0.2684227,0.11998342,-0.37341356,0.49258566,-0.22077104,0.5936087,0.14722624,-0.5799916,0.10236842,-0.36400512,0.7548366,-0.3712201,0.0044692834,0.7373465,-0.19523765,-0.09430869,0.0839837,-0.15980569,0.5303342,0.23137395,-0.10053205,0.06635607,-0.7171417,-0.37082008,-0.25312284,-0.08556182,0.21469133,1.0068694,-0.059270963,0.49538553,0.7966496,-0.6095595,-0.06018192,-0.8287974,0.20903218,-0.43584326,0.49203607,0.36430323,0.21674758,0.26322755,0.10125343,-0.053188775,-0.36009222,-0.097231254,-0.2404874,0.1015308,0.8123275,-0.83507365,0.4161479
clinical_trial,-0.1898833,0.08081901,0.06846527,-0.10606728,0.072746515,0.59069824,0.5466351,0.6195257,0.37613288,-0.46712157,-0.78725237,0.08886683,0.6117849,0.6992278,-0.57788825,-0.4978158,-0.42848414,0.579645,0.20682217,0.375355,-0.14121056,0.0009889249,0.21504933,0.41623515,-0.37802574,-0.46964088,-0.28278556,0.41931564,0.36485407,0.39041746,-0.23638994,-0.32356519,0.17385712,0.35769948,0.017246256,-0.031349424,1.5843807,-0.5360744,0.23703632,-0.5041303,-0.35182416,0.4567798,-0.13222152,-0.224299,0.49108908,0.77026373,-0.2386409,0.14366648,0.87075174,-0.44406736,-0.23536782,-0.07392181,0.014712205,-0.7732232,-0.24380125,-0.6195825,0.7603708,0.54100055,-0.2405361,0.3512249,0.33689582,-0.0062888945,-0.101987034,0.029853174,0.9997552,0.04209325,0.06727538,0.38655442,-0.06505289,0.8224724,-0.8171564,-0.18513773,0.1725524,-0.25067103,-0.48704785,0.23409723,0.19301362,0.28863084,0.62193274,-0.65445,0.1908982,0.59789294,-0.19239034,0.23749141,-0.46024954,0.33114418,-0.44704562,0.61209583,0.10127426,0.700913,0.118934244,0.09940338,-0.28582218,-0.5697679,0.39367577,-0.09237308,0.38751543,0.0808087,-1.0179429,0.6436301
"models,_biological",-0.0510142,-0.16885443,-0.9290713,0.12270746,0.5992339,-0.017618552,0.08853705,0.43858957,0.7381804,0.3791884,-0.3569602,-0.44323725,0.34869373,0.49162477,-0.5167252,0.47802302,0.043316845,-0.70737326,-0.6214625,-0.9000568,-0.16756187,0.53475314,0.013278147,-0.17026046,-0.122766815,0.42266276,-0.33746365,0.3162739,0.15009308,-0.8190719,0.02791518,-0.64507127,0.32978982,-0.061212976,0.54383504,0.11839938,0.24572162,-0.1930834,0.49226296,0.58895665,0.5192022,0.31727454,0.8373291,0.33095136,-0.57024884,0.29814065,0.27446517,0.10126391,0.6824596,-0.2545144,-0.64946026,-0.25922096,0.017461922,0.5676493,0.30583403,-0.31358558,0.7258923,-0.5104325,-0.6575436,0.28741956,-0.17047468,-0.6824837,0.26850608,0.34963676,0.6560746,0.15998158,-0.27362925,-0.33612922,0.7072856,0.058733456,0.11689744,0.50069803,0.38947093,-0.11512319,-0.044735685,0.073322654,-0.34816775,0.053516302,0.13881768,0.42303663,0.12838572,-0.73810726,0.3587041,-0.7799877,-0.75146717,-0.00031707404,0.5303877,0.14911674,-0.76355875,-0.15516442,0.084601596,-0.015307044,-0.06048491,-0.68548614,0.2629616,0.074478805,0.50008446,0.6714582,0.2676862,-0.8999133
triacylglycerol,-0.8089128,-0.12998924,-0.55318546,0.32937604,-0.31489113,0.295244,0.15071255,0.94225496,0.75032765,0.22349921,-0.7012795,-0.4268391,0.35770342,1.0143857,-0.009784079,0.12858659,-0.2836195,0.05369691,0.3799959,-0.049798254,-0.3441706,0.0934469,-0.478549,0.75453156,-0.38409185,-0.074651465,0.17531931,0.2565105,0.7172783,-0.3489797,-0.36394063,-0.35643277,0.06242091,0.09776391,0.47922844,0.21299566,0.8354708,-1.0261614,1.0107085,0.025074812,-0.21390639,1.0675796,0.23440926,-0.34621865,0.506899,0.43421963,0.26782215,1.0092596,1.2185781,0.34168765,0.0093546845,-0.32522434,0.7019255,-0.082289815,0.09453461,-0.10688196,0.8701761,-0.085403904,-0.6868118,0.3738269,-0.2772679,1.3892331,-0.6804856,-0.062164742,0.048084654,0.24009028,-0.7779159,-0.057268098,-0.5439462,0.9577028,0.112212524,-0.15356763,-0.009583797,-0.9150304,-0.4410822,-0.2982789,0.6943446,0.65823126,0.69587886,-1.0778962,0.32726717,0.37173647,-1.037293,-0.024549669,-0.19158992,0.47466877,-0.48642647,0.112908036,0.27715367,0.16610883,-0.011437595,0.007118518,0.09127799,-0.5387666,0.21456578,-0.29838172,-0.1410406,0.01839896,-1.1820147,0.2883851
silver,0.38826463,0.079258494,-0.22434172,0.7369909,-0.51210505,0.3627112,-0.2171431,0.43721193,0.3022634,-0.35689926,-0.5763637,-0.015859462,-0.026104707,0.1369821,-0.35821655,0.37359828,-0.29120934,0.18262652,-0.24408153,0.13501337,-0.043464765,1.0053027,-0.32132363,1.0001807,-0.18828976,-0.8402532,-0.93955845,0.5062627,0.46435496,-0.2244475,-0.21512909,0.26593408,-0.46625254,-0.14392506,-0.79745346,0.44205803,0.43312445,-1.0211159,-0.3785675,-0.6417936,0.3462988,-0.23134866,0.5034214,-0.45573315,0.06934375,0.3851907,-0.24863185,0.25729734,0.5860046,-0.19178861,0.4756213,-0.9772294,0.45745143,-0.50547326,0.5913539,-0.12184287,0.17081477,1.1921039,0.38100648,-0.4025846,-0.048314694,-0.5073392,-0.4247079,0.46930072,0.57763547,-0.16248566,0.09072897,-0.4085902,-0.06805609,0.026719775,0.061744824,0.37362155,-0.24674326,-1.009276,-0.05275139,-0.67582476,-0.09043026,-0.5119478,0.5082429,0.4605729,0.11654409,0.33952153,0.43569672,0.2962389,0.006992308,0.2616326,-0.33658072,0.050992116,0.36766946,0.44934985,-0.5780181,-0.4339444,0.04963388,0.090095095,0.25349107,-0.5750557,-0.2788067,1.1148936,-0.99631006,0.33026046
chromaticity_coordinate,-0.62420636,-0.29837528,-0.05487146,-0.25024742,-0.026410816,0.19506618,0.019170327,1.1019984,0.23710892,-0.32569543,-0.7380842,-0.82553756,0.4638613,0.19174233,-0.5036632,-0.81573254,-0.6275238,-0.7896265,-0.73265046,0.5050661,0.026291637,0.38996884,0.17782167,0.38605043,-0.4888007,-0.08996836,-0.120558836,0.23441586,-0.029520858,-0.35641563,-0.028252203,-0.35980666,0.24571216,0.49860826,0.10158444,0.5100285,0.9408037,-0.5466711,0.49229592,-0.18056627,-0.23997179,0.8225351,0.23678784,-0.13522069,0.13469669,0.0018373309,0.09690875,-0.019542845,0.584878,-0.32463682,-0.018907918,-0.9839483,-0.13756216,-0.03656274,0.46730164,-0.045056198,-0.990624,0.3542255,-0.2987553,0.40111986,0.3005482,0.21072282,-0.27091256,-0.31769806,1.1030023,-0.14963062,0.579158,-0.7079142,-0.73609614,0.2844481,0.2264051,-0.14772865,-0.5853222,-0.42850423,0.1987231,-0.39396366,-0.10969795,0.42850542,0.034712255,0.4663201,0.36086842,0.028989522,0.12438838,0.35473228,-0.43433744,-0.4870268,-0.4255141,0.23739132,-0.24493355,0.4058756,-0.6192719,0.50506157,-0.13312155,0.043327864,-0.14734353,-0.03961884,0.32507548,0.5970667,-0.6804735,0.6688432
protein_analysis,0.45091105,1.100102,0.044040125,0.43883723,-0.031016426,0.2823593,0.18415299,0.0542765,0.7566737,-0.28649366,-0.52152777,0.048969746,0.7451567,0.86098427,0.02883741,-0.24795073,0.1499537,-1.0783713,-0.206444,-0.53354275,0.42432117,-0.058902897,-0.2603002,0.5152998,0.14914672,-0.22972988,0.54777086,0.19614553,0.4287837,-0.9763001,-0.041916043,-0.8869773,-0.14955275,-0.5421341,0.57391244,-0.20372151,0.3958236,-0.46095666,0.17546745,0.2245354,0.10504291,-0.5590013,0.47110185,-0.28405765,-0.37984404,-0.03425732,-0.09165334,0.88290155,0.32257733,-0.18701896,-0.2232342,-0.7973981,0.6273568,0.049719796,-0.11486051,-0.09734755,1.3099593,0.18041027,-0.88167757,0.013976191,-0.27173367,-0.23602882,-0.8025447,-0.4166999,0.1142297,0.36784336,-0.12861466,0.04708305,-0.22250532,0.51142365,0.29540622,0.112305254,0.4986795,-0.041180994,0.14238752,-0.35536164,0.25641987,-0.19669063,0.15398356,-0.20023966,0.30627543,0.29401287,-0.025007924,0.02606869,-0.691754,0.6364818,0.74504364,0.15366176,-0.5262866,-0.6309986,-0.0668378,0.9614036,0.3554738,-0.947227,0.5277026,-0.42660448,0.045872778,-0.36255676,0.50061595,-0.11780122
amino_acid,0.04276459,0.11354016,0.4365959,-0.11548503,0.041660983,0.27076498,0.74196064,0.09444676,0.11268313,-0.7167558,-0.0060962653,0.08183351,0.9967738,0.35560432,0.13708028,-0.07299975,0.25709614,-1.0714577,-0.30377406,-0.21141103,0.50171846,-0.24533711,-0.04931245,0.5966689,0.7174345,0.0023119599,0.3409865,0.36967158,0.7056387,-1.1275692,0.30813354,-0.4293611,-0.19456722,0.10624882,0.9499451,-0.06296687,0.5476715,-0.42832896,-0.034381185,-0.06643335,0.3537645,-0.49402323,0.52334416,-0.32846907,-0.4660216,0.11275985,0.031615485,0.49858996,0.60961854,-0.23084715,-0.082133844,-1.0963622,0.5667293,0.18663836,0.4310284,-0.097696595,0.705867,0.5070956,0.15178467,-0.07663856,-0.13334976,0.20810488,-0.6804142,-0.21963415,0.42903122,0.31582165,0.2270921,-0.32985273,0.44525316,0.11532057,-0.15877569,0.3586148,0.2381895,-0.52090806,-0.28184772,0.48787415,0.45830843,-0.17589901,0.32102877,0.46518224,0.743321,-0.398591,-0.65322405,-0.03722899,-0.60503614,0.93459505,0.09290395,-1.083382,0.026754221,-0.12992355,-0.21409026,0.96528393,-0.32067817,-0.13876121,0.117316715,-0.0012368986,-0.19121246,0.31016877,0.49931785,-0.39284423
viscoelasticity,0.8046826,-0.5501941,0.009894168,0.3459489,-0.5941916,-0.102696314,0.16379708,0.17054918,-0.6274959,-0.25185183,-1.609165,0.53446424,0.5187176,0.59026545,-0.31448594,-0.38844296,-0.2444183,-0.6313042,0.03761145,-0.56688106,0.48384896,0.36767066,-0.16456044,0.030923394,-0.21897021,0.005745346,-1.2637497,-0.24046221,0.21131147,-0.65850085,0.3826607,0.15010737,0.32369485,-0.3024909,-0.21074866,-0.06848907,-0.5496616,-0.7971829,0.29884636,-0.08338349,0.24319679,-0.49242696,0.6414359,-0.26777697,-0.85088944,0.08836219,-0.5180865,-0.055809245,0.18206726,-0.75827384,-0.088844895,-0.8420122,0.22386548,-0.010677561,0.07244954,-0.3043945,-0.26542073,0.5347117,0.8307423,0.003426038,-0.042089663,-0.3550809,-0.21840438,-0.178881,0.27679864,0.2776457,0.09077678,-0.42663664,-0.31342015,0.37176287,-0.36447775,0.19654422,0.4706073,-0.13726552,0.27003315,-0.5914466,-0.31989086,0.11726618,-0.15555745,-0.27313378,-0.29567465,0.13011006,0.31344292,0.4870727,-0.15245207,0.54864997,0.085914135,-0.26620376,0.0885246,0.08080021,-0.29484323,0.27242482,-1.1411406,-0.32826993,0.5427709,-0.25851125,-0.11140072,0.19442362,-0.5200915,0.07051815
low_concentration,-0.06766716,-0.84936076,-0.17148921,0.2670496,-0.7327931,-0.020775849,0.029361071,0.052984968,-0.81432754,-0.101870075,-1.6916673,0.5639808,0.46901697,0.5845245,-0.5581617,-0.14658932,-0.3172494,-0.7276278,0.16489252,-0.359729,-0.4986552,0.87345856,-0.1316118,-0.43736547,-0.07933082,0.15531203,-0.81919944,-0.24595621,-0.11433033,-0.58748525,-0.15099433,0.573521,-0.24709636,-0.35651138,-0.89128184,0.06645984,0.16195323,-0.8657011,0.20099734,0.05451336,-0.06921451,-0.12573262,0.12365312,-0.5065357,-0.63749343,0.28097337,-0.06162894,0.46782282,0.4883755,-0.29453453,0.010055036,-0.26641193,0.25645435,-0.09714339,0.5354054,0.36834627,0.11379498,0.18908639,0.17532279,0.040048152,-0.1887954,0.74443966,-0.47339916,-0.099224746,-0.13536459,0.6640857,0.22605643,-0.41057938,-0.9148515,0.023142815,0.23816302,-0.43609753,0.035839662,0.025282696,-0.14510792,-1.0698488,-0.054636363,0.024684515,-0.3566219,-0.45092633,-0.3989632,-0.24030909,0.013440278,0.17864662,0.17501761,0.2597444,-0.26270285,-0.22523935,-0.054106455,0.09610943,0.15683436,0.445697,-0.69580513,-0.91558814,-0.12967108,-0.6832754,0.35512343,-0.2154925,-0.7234396,-0.3273647
leukocyte_count,0.059087418,0.64862555,-0.6617074,0.43297318,-0.80499256,0.38346565,0.84171677,0.4973486,0.17614117,0.08192959,-1.099473,-0.95907974,0.23746108,0.26725525,-0.7196787,0.26405856,0.21307229,-0.13962156,-1.2684602,0.24909353,0.32834536,0.40991426,0.34256044,-0.018843802,-0.16479635,0.2116824,-0.46298766,-0.8481915,-0.34437305,-0.28535688,-0.69139194,-0.5995524,0.542335,-0.908548,-0.11383889,0.9592023,0.5296334,-0.971526,0.55230755,0.5656135,0.39303333,0.25884005,-0.384343,0.6008184,-0.31897673,-0.20422718,0.8095816,0.40712532,0.4382962,-0.6356908,0.19005807,-0.4283282,0.5222626,0.28148574,-0.20322701,0.43566006,0.5731431,-0.09833032,0.07696758,0.43277195,0.28136536,0.29387,0.29571852,0.64115524,0.07682053,0.76984596,0.22942728,-0.70605797,-0.06631141,1.6990633,-0.47025093,-0.54436874,0.51959735,-0.20530637,-0.51203394,-0.5322566,0.12936673,0.23175459,0.08765273,-0.03854398,0.10728154,0.9429132,-0.23084526,-0.2576101,-0.43835324,0.31179118,-0.3696856,0.585138,-0.38298213,0.24358027,0.6561459,0.3878189,-0.15237843,-0.12890173,-0.95460635,0.14403847,0.65131325,-0.32524738,0.0887182,-0.415392
porous_material,-0.45408818,-0.18359113,-0.30929846,0.28360343,-0.036572576,-0.0014516653,-0.32382143,0.48200125,0.18834904,-0.1934124,-0.21126276,-0.01897779,0.5345189,0.04016505,-0.6076635,-0.32851824,-0.2858836,-0.56442034,-0.8812986,-0.1616937,0.21921563,0.6669227,0.2561928,0.32024917,-0.028229924,-0.16406216,-0.5630768,0.2355742,-0.31133088,-0.1299369,0.09045255,-0.16867858,0.4130652,0.23555878,0.33474123,0.6755863,0.68099225,-0.18764232,0.059736867,-0.5750603,0.012783135,0.098883584,0.5996849,-0.0038913633,0.019770982,0.26453745,-0.20004341,-0.50633323,0.1288447,-0.7728678,-0.054796886,-1.0576034,0.2425381,0.4248931,-0.33252665,0.0032843023,-0.3383846,-0.026665775,-0.3823096,0.28297827,0.42439532,-0.206813,-0.66329634,-0.082320295,0.88969165,-0.15865687,0.39436394,-0.6672141,0.030688167,0.20435837,-0.2854355,0.4551208,-0.073580764,0.08601819,-0.49697983,-0.30888513,-0.48845366,-0.5900065,0.33843374,0.90510505,-0.17937133,0.33575568,-0.38665408,-0.034650702,-0.34995955,0.5152015,-0.2635214,0.03433439,-0.14878985,0.11037195,-0.1736719,0.15291929,-0.71999055,-0.14395659,-0.23504034,-0.024932334,0.40735796,0.8447682,0.17491984,-0.010147232
organic_matter,0.41123363,-0.044077747,-0.101683244,0.046868138,-0.44566882,-0.011302428,0.053183526,-0.1505907,-0.12728132,0.44385388,-0.28622937,0.23643321,0.13877463,0.12339511,-0.7264663,0.011164706,-0.0071430407,-1.2353299,-0.027280515,0.05632785,0.36498365,0.32017145,-0.50836647,0.46599668,-0.7157144,-0.232683,-0.67431104,0.4973048,0.17228197,-0.12486046,-0.26958594,-0.7030116,-0.34900895,0.23947543,0.23862526,-0.3392333,0.33723637,-0.45929766,0.46763864,0.36487895,0.12088903,0.16155316,0.7703309,-0.28752512,0.15093149,0.7349682,-0.40176007,0.48601577,1.4867319,-0.5048518,-0.35671052,-1.2930255,0.41270486,0.5249751,0.18014929,-0.62675303,-0.025661923,-0.045305103,-0.89338446,0.31581524,0.6418143,-0.40982136,-0.5629769,0.72253156,0.07155548,-0.20867927,0.28324005,-0.1405327,0.56242585,-0.7164774,-0.5697947,0.6925245,0.06649038,-0.48639923,-0.34828377,-0.6821247,-0.65698916,0.17568758,-0.016334906,-0.04706553,-0.15382937,0.07030576,-0.4816267,-0.48291636,-0.4426362,0.06272824,0.98918307,-0.7792498,-0.7252423,-0.4500831,0.084574595,-0.05805625,-0.4421281,-1.3748009,0.34056726,-0.43985552,-0.050848886,-0.47149923,0.1997011,0.20959082
textural_property,-0.015201376,-0.41519773,-0.3881886,-0.15887977,-0.039231602,0.57196844,0.094866484,0.36589715,0.026457937,-0.46335742,-1.2492197,0.064682595,0.34814087,0.40268192,-0.64875,-0.14416729,-0.31940123,-0.59524405,-0.28025925,0.014306849,0.33675256,1.1529706,-0.43063623,0.4720006,-0.45674187,-0.1948648,-0.9082502,0.23651645,0.29131263,-0.3807449,0.29576984,0.06901505,-0.24263765,0.1421914,-0.67291176,-0.004751553,-0.15992889,-0.3008209,-0.46972615,0.0133590605,-0.014174786,0.20676243,-0.0037764292,0.55953765,0.016007833,0.3630496,0.45387006,-0.27310184,1.0985208,-0.27342898,-0.39362845,-0.931036,-0.37585506,-0.3424386,0.31537256,-0.7216645,-0.11730986,0.3632883,0.25311616,0.0062198914,0.22353168,-0.52898985,0.37741792,0.3572116,0.76564956,0.7449151,0.5115148,-0.59425974,-0.18755609,0.26032814,-0.056318536,-0.29041862,-0.1629338,0.48343855,0.3863824,-0.31616756,-0.12886123,0.012776913,0.2683202,-0.97655874,-0.41889212,-1.2857232,0.73766536,0.59630656,-0.34084475,-0.073483534,-0.023619168,-0.0827135,-0.23433286,0.44610202,-0.09737782,0.2295369,-0.27212048,0.057666235,-0.73242,-0.69121796,-0.14880586,0.59710675,-0.796307,0.09923423
batch_reactor,-0.23333688,-1.0744948,-0.10854001,-0.59902513,-0.32305467,0.59490377,-0.2510485,-0.056167617,0.35038504,-0.027537392,-0.2227513,0.12931047,0.0517322,0.34553492,-0.6817694,-0.07925542,0.6051719,-0.40050545,-0.02757081,-0.39978102,1.2178137,0.77497524,-0.57398593,0.18936563,-0.046830207,0.5699048,-0.3547181,-0.0131849935,0.119811304,0.14114368,-0.16658883,-0.92314935,-0.074626885,0.23260576,-0.33362246,-0.17062439,0.31074333,-0.6369221,-0.19312505,0.04521082,-0.49446177,0.9683457,-0.24012175,-0.4529588,0.35690045,0.22400342,0.50219804,0.003557763,0.5716788,-0.18859644,-0.31439704,-0.5449982,0.36091265,0.09885695,0.72418493,-0.40042797,-0.012801654,0.15591855,0.11856254,0.5002344,0.47257057,0.44862694,-0.9356183,-0.17234796,0.5891594,-0.20544659,0.05318222,-0.43245894,-0.067042865,0.52810085,-0.3186894,0.10957148,0.1507029,-0.39780536,-0.052283596,-0.21969438,0.17837422,0.15623282,0.26940414,-0.24386872,-0.24782003,-0.46554455,0.37819457,0.025080103,-0.31787884,-0.12545559,0.23387401,0.3316012,-0.8614534,-0.07208122,-0.86983895,-0.14846398,-0.8540547,-1.2813473,-0.4796458,-0.07055782,0.062938295,-0.6588368,-0.6485106,0.20503862
anoxic_condition,-0.019697547,0.15481018,-0.50184125,-0.18228102,-0.23573692,0.038679752,0.06538286,-0.02410801,0.2104841,0.135851,-0.29063687,-0.009803204,0.05140662,0.10522356,-0.5351783,-0.17410001,0.30952066,-0.5153001,-0.29901657,-0.052647345,0.5428605,0.4107466,-0.33187687,0.40944257,-0.21343061,-0.20652394,-0.46101484,0.48462912,0.0023814566,0.14355709,-0.4646365,-0.8037341,0.09284709,0.18239376,0.032642815,-0.14532594,0.5574493,-0.51795805,-0.099685594,0.1941306,-0.1888283,0.6730728,0.34082487,-0.314805,-0.094290055,0.23044546,-0.002806838,0.18019612,1.1422945,-0.24448924,0.029302362,-0.75730914,0.5569289,-0.14149751,0.34599143,-0.5469116,0.24188045,-0.18025097,0.19023687,0.57386315,0.6837136,0.010089494,-0.5543125,-0.2192148,0.31099215,-0.011346063,-0.06856346,0.0993526,0.063958675,0.05916364,-0.59365356,0.79719436,-0.061680794,-0.13464502,-0.36995462,-0.43994763,-0.18182324,0.21128073,-0.07116435,-0.5095731,-0.12745881,-0.060783427,0.056724902,-0.18964219,-0.5339712,-0.12076122,0.69635975,-0.35003442,-1.1767198,0.05006547,-0.2946056,-0.58757657,-0.2842256,-1.1556784,-0.14595015,-0.033692863,-0.3597124,-0.5967897,-0.65229017,-0.090578765
sex_distribution,0.41424912,0.46021652,-0.73426634,0.014092469,0.16842408,0.04915246,0.7418535,1.3248535,0.20199478,-0.098622516,-1.6771389,-0.44100982,0.531802,0.46826968,-0.23425756,-0.9682547,-0.82030964,0.17293957,-0.6776302,0.38100484,0.02896133,0.510564,-0.3744828,0.18834955,-0.74504995,-0.4507449,-0.65749854,-0.13958149,-0.20474912,-0.32292426,-0.3063992,-0.63034636,0.413721,0.34059668,-0.2705083,0.42046803,1.3649329,-0.676818,0.69604,-0.063130245,0.1789681,-0.06557897,-0.0624432,0.20131688,-0.051899508,0.7133279,-0.17694022,-0.016029892,-0.017509362,-0.19096915,-0.46752778,0.1111064,0.6580581,0.07908672,0.4612838,-0.3715556,0.7856129,0.46680903,-0.8888413,0.45097095,0.2076864,-0.123893455,0.49775204,0.6483161,1.0160304,0.8064996,-0.038300514,-0.082194425,0.15439041,1.3164641,-0.093687855,0.5508937,0.48586124,0.61571056,-0.1742517,0.143001,-0.26682574,0.06873707,0.9149472,-0.65972936,0.112966046,0.30002454,-0.14056815,0.43889815,-0.7677934,0.58072597,-0.3150705,0.9977344,-0.030325515,0.5469512,0.67954355,0.249707,-0.50486743,-0.101339325,0.4038371,-0.08721837,0.34706235,0.54356366,-0.26137075,0.4969526
particulate_matter,0.19931169,0.061582766,0.11210981,0.16912925,0.34547183,-0.22089949,-0.48302308,0.12990725,0.6584802,-0.5767809,-0.29367748,-0.53949547,-0.12598975,0.36217406,-0.35920948,-0.2893274,0.08739616,-0.3457763,-0.521292,-0.1575967,1.1865984,0.4649978,-0.55105436,0.38241288,-0.5791985,0.033543307,0.26241523,0.10503763,0.33692673,-0.4396929,-0.059210263,-0.8493662,-0.31578496,-0.33158848,0.073826835,-0.35482574,0.3525142,-1.0208155,0.32837045,-0.4333703,0.50891435,0.34299994,-0.22034061,-0.56886655,-0.26977727,0.3648398,-0.5413764,0.44512165,0.29548368,-0.062008407,-0.239973,-0.99242383,1.0097578,0.3914696,0.654374,-0.23804386,-0.2852607,0.7856701,-0.38314497,0.04918541,0.056853738,-0.43632093,-0.04521244,0.97051686,-0.37087408,0.7374281,-0.6233645,0.17219079,0.6238092,0.7514779,-0.087260574,0.7644882,-0.037852056,-0.18055826,0.50504404,-0.7291801,0.28903472,-0.66391397,0.49836433,-0.2623703,0.21587385,0.35706615,-0.27782604,0.72762173,-1.0371193,0.1145812,-0.054124516,0.17822987,-0.12183987,-0.037438523,-0.1747122,-0.12134431,0.2267727,-0.36138827,-0.86244786,0.47719306,-0.21421513,0.6488985,0.17367402,0.19072273
naphthalene,-0.7860515,-0.37488446,0.21339953,0.09203504,0.8208191,-0.69502,0.17602496,1.1642921,0.6558972,-0.52327186,-0.1943056,-0.3768614,0.8720972,0.09433394,-0.5263686,-0.10844948,-0.16442366,-0.85821897,-0.95009005,0.96363,0.8734943,0.051118616,0.097112894,1.4717128,-0.16299409,0.13022958,0.57809097,-0.06186704,0.61967874,-1.0336298,0.09401782,-0.4163302,-0.4069204,0.051212072,0.82962424,0.20971023,0.20239282,-0.20955479,0.5918734,-0.060211208,0.22285025,0.2708451,-0.48684713,0.2782226,-0.4198709,-0.20531875,0.3100207,0.9440084,0.3140037,0.32602346,0.24408238,-0.740111,0.5284612,0.9783354,0.71776265,0.37396985,0.04814693,0.36506715,-0.07376679,0.31083712,0.07808016,0.28387094,-0.35464007,0.35564333,-0.3430861,0.7648923,-0.35678825,0.06992081,0.4675531,0.6968901,0.50906575,0.5656704,-0.6877855,0.13691941,0.21729319,0.019783787,0.19492371,-0.2410361,0.40873045,0.19951117,0.40941972,-0.30457467,-1.157058,0.3225994,-0.66169125,0.2751827,-0.3523343,-0.776014,-0.21498501,0.16821626,-0.4727616,0.6234293,0.107576385,-0.34666926,-1.0298891,0.12737064,0.22300068,0.81285435,0.16913243,-0.3219705
protein_binding,-0.01991695,0.8258538,0.13510656,-0.12528802,0.14142992,0.68975866,1.216152,0.44037718,0.037762776,0.017288988,-0.21870214,0.060468182,0.6468369,0.9179919,-0.01880379,-0.44252193,0.21754108,-1.0572381,0.2961476,-0.7974152,0.8145131,-0.21925607,0.25710997,0.45607087,0.3375723,-0.5231047,0.3449078,0.4084094,0.14972982,-0.8960647,-0.028172636,-0.43284455,0.36442044,0.035490785,0.9740113,0.047989465,0.80077124,-1.0945729,0.24530771,0.33802757,-0.33697844,-0.26816592,0.61110896,-0.45163545,-0.32762247,0.12054734,0.20949262,0.3271887,0.40195498,0.20593263,-0.09373182,-0.90624726,0.25997248,0.5914913,-0.04454933,0.26195735,1.247734,0.16440941,-0.36539888,0.11584752,-0.71144533,0.17665799,-0.40209657,-0.17188434,0.59408015,0.25775763,0.5238402,-0.1409476,0.11958254,0.56611097,0.16035515,0.5329679,0.36554176,0.08376949,-0.006326978,0.9413204,0.43804288,-0.039384972,0.4694729,0.3676308,1.0447923,-0.006634139,-0.59620005,0.07707797,-0.68273574,0.039442364,0.52749527,-0.63208765,0.46303806,-0.22908455,-0.6400035,0.7568583,0.103415065,-0.6814767,-0.052218556,-0.20491818,-0.15143253,0.39997303,0.4193651,-0.041039187
mineral,0.41665763,-0.03152422,0.34928355,0.6402909,-0.015842875,0.7100071,-0.33967608,-0.29303572,0.038552403,0.11214786,-0.8138198,0.17104566,0.21946752,-0.04618096,-0.112386435,-0.0044599865,0.22617267,-1.088628,0.48854086,0.036750466,0.4442381,0.72374666,-0.47266206,0.15502575,-0.2978842,0.29307774,-0.25327668,0.028075445,0.21855167,-0.7652762,0.071693264,-0.21760328,-1.2559485,0.4456304,0.0872568,-0.45395792,0.666859,-0.89637965,0.54326105,0.41466236,-0.2687384,0.42793626,-0.3826252,-0.25780517,0.07390969,0.2575958,-0.07744514,0.68956685,0.38755977,-0.081815474,0.27689543,-0.5245991,0.65888923,1.0241301,0.71584576,-0.25518364,-0.53569794,0.28346333,0.23251413,-0.3552708,-0.09493725,-0.008362788,-0.5312692,1.035131,0.4231518,-0.16178568,0.024537683,-0.44991273,0.62508696,-0.58517766,-0.2647588,0.75388163,0.034348983,-0.99965036,-0.35990605,0.06523974,-0.52562416,0.23094557,0.48386168,-0.03555075,-0.06565082,0.18154971,-0.6606429,-0.037880532,-0.059302412,0.67206633,0.16783874,-0.6290759,-0.13267586,0.05397287,-0.37673402,0.22544463,-0.12901598,-0.34694615,0.39475062,-0.28879103,0.05509369,-0.07745853,-0.5850468,-0.14465524
cyclic_voltammetry,0.70373017,0.002769718,0.02543729,0.6268524,-0.6945025,0.4882578,0.17824347,0.3743744,0.06656799,-0.34720314,-0.7104419,-0.77224046,0.17728348,0.6256949,-0.04587294,0.8437663,0.72701985,-0.4259058,-0.08640855,0.19842875,0.34695995,0.46849436,-0.05776449,0.7342199,-0.55590355,0.32944787,-0.5928148,-0.08291843,0.23607695,-0.8734962,0.6904948,-0.36248747,0.07492697,1.0036108,-0.30372712,-0.10871736,0.7074238,-0.5419853,0.09051744,-0.09689382,0.19214803,-0.362495,0.5503852,0.3420386,-0.4352125,-0.3665958,-0.06731768,0.73547816,0.4508643,0.17591926,-0.2166634,-0.7916918,-0.06105078,0.6826889,0.5611955,-0.08922528,-0.35979933,1.0330884,0.5081772,-0.38513866,-0.07048839,-0.22829793,-0.15706234,0.5521808,0.4954404,0.6088337,-0.95492023,-0.4012005,0.2212671,0.25497594,0.57191926,0.4460268,-0.32463744,-0.06634594,0.47972608,-0.12093016,-0.25640312,-0.23297015,0.13701873,-0.124695644,-0.23004977,0.12075566,-0.088871494,0.072985515,0.21268113,0.232423,0.20185566,-0.50107473,-0.3217458,0.09407645,-0.3982942,0.049699795,-0.9649592,0.47222456,-0.3862144,-0.8084537,0.16433218,0.47451645,-0.1808653,-0.31020743
desorption,0.20090112,-0.5654472,-0.45942968,-0.23489127,0.7796275,0.8553581,-0.24396679,0.3954542,0.4887795,-0.53664374,-0.8215671,0.051504742,0.5981545,0.19590573,-0.5800445,0.032680668,-0.46781376,-0.46276647,-0.16985688,0.13333078,-0.059100624,0.8963126,0.036529396,0.4757661,-0.5134585,-0.20844403,-0.38696393,0.1979118,0.5798282,-0.5722176,0.32904184,0.1843943,-0.4429571,0.0058322647,0.7795685,0.22893827,-0.008824371,0.2054821,-0.44172707,0.22372115,-0.14410117,0.5143452,0.10097818,0.47893727,0.1673681,0.64040035,0.49501178,0.25127053,0.81980735,-0.8671608,-0.18883038,-1.422637,-0.32982755,-0.29354218,0.47022533,-0.45705608,0.05678331,1.030894,0.34994027,0.12482842,-0.036932528,-0.2026496,-0.4295178,0.062286112,0.7123967,-0.08687249,0.7525348,-0.587676,-0.089902245,-0.3209552,0.29524305,-0.06724272,-0.5225302,-0.81363094,0.049678348,0.41008052,0.095964946,-0.23805612,-0.5608284,-0.05871062,-0.05867525,-0.8047607,-0.07570026,0.14201127,-0.25536382,0.1670691,-0.3328637,-0.09263516,0.28720108,0.09107189,-0.16821435,0.73129517,-0.16006747,0.24766746,-0.31900665,-0.070255384,-0.13355786,0.9189652,-1.2726971,0.15099831
chemical_composition,0.3754739,0.0027329917,-0.3752546,0.23216698,0.24528366,0.7070031,0.5203098,1.0055575,-0.022998732,-0.14802566,-0.51672214,-0.35127026,0.47597754,0.054138433,-0.96317035,-0.6598096,-0.17069714,-0.18922725,0.19144815,0.88249433,-0.31684732,0.20261276,-0.2732388,0.999351,-0.19952875,-0.8200812,-0.44006902,0.8378925,0.6859784,-0.35512385,-0.30443266,-0.31681424,0.21119294,-0.3200539,-0.4065426,-0.055586614,-0.40614858,0.008265275,0.0018595513,0.17215362,-0.19191085,0.4101464,0.30281287,0.8826883,0.6674091,0.4818414,0.22541231,0.08106842,0.11264667,-0.40953207,0.12180076,-0.8088019,-0.43437403,-0.20312595,1.113286,-0.27971444,-0.20571245,0.46836647,0.32467696,0.7125173,-0.73470336,-0.45855278,-0.09385866,0.45724714,0.63065684,-0.6534457,0.37690493,-0.22530834,-0.39123282,0.30938253,0.21145044,0.03835698,-0.63465,-0.022628754,0.07770872,0.5343757,0.1068135,0.10833418,-0.17483123,0.10055416,0.61932397,-0.096728,0.49932888,0.08682228,-0.52195656,-0.48819056,-0.5732951,0.2497332,-0.14069319,0.8420803,-0.7773243,0.4496684,-0.028483659,0.090607256,-0.33679494,0.024170136,0.02522422,0.79630846,-0.72705215,0.3121586
electrochemical_oxidation,0.11643678,-0.18856072,-0.15907474,0.6321061,-0.8107182,0.16770333,-0.7751718,0.34499994,0.55913246,-0.43219814,-0.42038834,-0.4760459,0.3672389,0.19969557,-0.04967801,0.6477831,0.64802253,-0.46006137,-0.28792384,0.56242865,0.22066112,0.88691956,-0.29493356,0.44546878,-0.61942333,0.65345275,-0.4342065,0.13541229,0.47679764,-0.9925006,0.3633912,-0.5075451,-0.09177828,0.63272417,-0.15620066,0.18762195,0.51970935,-0.42905703,-0.2183266,-0.14191549,0.1587765,0.010195159,0.20395613,0.06601151,-0.43510747,-0.40432712,0.027782155,0.27392137,0.74483293,-0.26251933,0.10618993,-0.7030762,0.3219327,0.22721279,0.53298604,-0.14259471,0.066671245,0.66903317,0.47896767,-0.19364913,0.017449064,-0.12829433,-0.56668806,0.3376686,0.60477406,0.3848588,-0.582025,-0.12662956,0.6691757,0.5005331,0.70271266,0.32521787,-0.4528677,-0.7227005,0.24742045,-0.07593235,0.055986453,-0.47941035,0.24733232,0.22617397,-0.13153353,-0.074523404,0.17488787,-0.3553438,0.025711896,0.8898442,-0.051591046,-0.42756099,-0.9217034,0.16208476,-0.58582616,-0.07762163,-0.51364565,0.39665514,-0.8167533,-0.34546733,-0.15383977,0.8923541,-0.38118437,-0.27355808
moisture,0.36619458,-0.16310094,-0.2787654,-0.32327616,0.063612536,-0.13316777,-0.028990356,-0.16862297,-0.26560026,0.21456969,-0.6395907,0.14205042,0.30451947,0.24981199,-0.5463772,-0.4845907,-0.5886824,-1.3269552,-0.34432837,0.011092624,-0.23664232,0.5677051,-0.65274245,0.40471157,-0.43732822,-0.19526367,-0.78335476,-0.22454181,0.057371885,-0.51485467,0.890481,-0.31555486,-0.15193234,-0.018646102,0.41903174,-0.3010174,0.13921909,-1.0362406,0.92709714,0.78773165,-0.058518108,-0.13363561,0.36982957,-0.16361335,0.07459151,0.43742505,0.012414488,0.54437464,0.039540786,-0.4573842,-0.1783044,-1.4613023,0.050977085,0.3342415,0.32733142,0.13504353,-0.62759155,0.16100647,-0.75397605,0.75971276,0.26187375,-0.16907397,-0.19112922,0.2879115,0.24822111,-0.7010516,1.435577,-0.29312012,-0.06172608,-0.26021725,-0.056753594,0.15268897,0.39018863,-0.58623165,0.13898064,-0.28776908,-0.28003603,0.030957982,-0.5172525,0.50915086,-0.32627934,0.1829389,-0.27383527,-0.093536235,-0.4339409,-0.33154574,0.5886001,-0.014030486,-0.2616133,-0.17484985,-0.2464335,0.6539739,-1.001699,-0.25573945,0.08370526,-0.14579616,-0.07971835,-0.42138368,0.41713545,0.5036712
ground_state,-0.08179469,0.10581184,-0.17982613,0.24357435,0.04113136,0.19880952,-0.014114631,0.46362698,0.6052707,-0.46992555,-0.6747212,-0.42126557,0.5178601,0.25566995,0.11942382,-0.7267892,0.22437091,-0.6114284,-0.6923422,0.4177811,-0.20083816,0.57859975,0.3551276,0.18869577,-0.2012712,-0.1451893,-0.11405378,-0.045916576,0.0038827588,-0.77247685,0.2829432,0.21626925,0.01842588,0.20640998,1.2505859,0.3036107,1.1845564,-0.48039484,-0.323489,-0.48109657,-0.1686051,0.056092314,0.32282978,-0.03853166,-0.2863339,-0.15199049,-0.07158761,-0.007350514,-0.18488367,-0.63236445,0.03960732,-0.35166097,0.7369721,-0.21556206,0.012724222,-0.5256106,-0.14850372,0.15183973,0.12802075,0.15978959,0.45517927,-0.21382359,-0.61348957,-0.5540136,0.45319408,0.31312507,0.015534051,-0.5893981,0.2610749,0.3573115,0.8157891,0.48023847,0.11276837,-0.785497,-0.185022,0.2409084,-0.46569806,-0.14655891,0.2689555,0.7488666,0.07415286,0.14991978,-0.07837281,-0.08283688,-0.33488238,0.85721266,0.33286268,-0.27426478,-0.4785146,0.2151767,-0.0757002,0.6682623,-0.31768814,0.2437203,0.33009434,-0.16311215,-0.29025844,0.8102863,-0.32045865,-0.07182813
dissociation,0.018043045,-0.3370339,-0.023082783,0.04926525,0.048415933,-0.0048196753,0.03510325,0.66878265,0.26547086,-0.12368511,-0.29652017,-0.64453316,0.03424149,0.36248824,-0.035253324,-0.92607695,0.3411718,-0.47713655,-0.7446203,0.61863893,-0.44611153,0.51740104,-0.14025441,0.4860991,-0.2972215,0.015060801,-0.025834328,0.7127945,0.4350968,-1.0637172,0.40725926,0.19000745,-0.23717014,0.40885887,0.7889594,0.17668931,0.8771251,-0.44118646,0.2718554,0.062249567,-0.19023755,0.3586626,0.5715239,0.04434382,0.0073711625,-0.15405133,0.022931723,-0.23600422,0.84487724,-0.65152377,0.081849985,-0.76260513,0.49243635,-0.47983375,0.43351707,-0.81355673,-0.61568165,0.2639445,0.3673939,0.1844595,0.35065687,-0.41919532,-0.4022318,-0.62750745,0.7702999,-0.09630423,-0.02222418,-0.2266234,0.15166152,0.23790237,0.6262023,0.3686658,0.14731948,-0.9208252,0.08262214,0.311409,-0.5873953,0.22722954,-0.19544908,0.1391662,0.09745192,-0.5439739,0.14195818,0.14797492,-0.6757501,0.49163696,-0.17459805,-0.13884501,-0.65782356,0.7677166,-0.47933662,0.5173339,-0.056584504,0.017613472,0.35509363,0.11992384,-0.4242814,0.62593585,-0.7265769,0.19068065
urban_area,0.5854417,-0.5058201,-0.77095103,0.13640068,-0.1764039,-0.4119227,-0.23691133,0.4992986,0.8965334,-0.33436325,-0.67342144,-0.47582692,0.2715244,-0.6790789,-0.66662735,-0.3480136,-0.5783858,0.16558804,-0.08223443,0.29020584,-0.014601426,0.22710988,-0.47672778,0.31522727,-0.9563541,0.2867227,-0.50822735,0.44710943,0.23397155,-0.006701318,-0.36405805,-0.15342209,-0.079493806,0.32167593,-0.84536487,0.52072275,0.31876978,-0.8694299,-0.538964,1.30239,-0.4229135,1.150438,0.21060802,-0.15922128,-0.1822377,-0.34499934,-0.5357379,0.13158888,0.016807018,-0.46377143,-0.09696025,-0.38866082,0.36367145,-0.32916358,0.8104188,-0.15165044,0.297321,0.8088783,0.2610525,-0.49228758,-0.04949681,0.13041164,0.46609607,0.03136139,0.9910239,0.10080748,0.10409371,-0.11268045,-0.07487859,1.0533901,0.21606582,0.47381172,-0.33621943,-0.31805003,-0.9120451,-0.51396984,0.5944776,0.11247341,-0.0037449133,-0.34465614,0.6539293,0.48113915,-0.46846473,0.033013944,-0.8293056,0.63266563,-0.101335116,0.4436051,-0.35468155,-0.37605786,-0.4353644,-0.10038767,-0.18506734,-0.48294988,0.33201137,-0.08566024,0.25300923,1.0952417,0.32186046,-0.41566795
nonsteroid_antiinflammatory_agent,0.5366869,0.5322715,0.71232283,-0.5183412,-0.7139916,0.2838306,1.2355151,0.58802575,0.29890192,-0.087810576,-1.2460268,-0.83590037,-0.018200602,1.6515326,-0.4362238,-0.67717177,0.5051181,-0.069680765,-0.21735838,-0.2606913,0.047396313,0.12630282,-0.3016641,0.9760453,0.08438506,-0.28146166,-0.07059112,-0.19404395,0.1877795,-0.7020624,-0.4284906,-0.3416664,0.47975278,-0.19434783,0.4970411,0.050022744,0.5356525,-1.3399192,0.28923815,-0.48302886,-0.15433584,0.21529354,0.81100684,0.3987522,0.2185514,0.1941299,0.3821124,0.43970582,0.6981555,-0.08274248,-0.70736694,-0.74348587,0.26739737,-0.23242131,-0.25889066,-0.08613214,0.54531074,0.16456324,-0.5654822,0.47430417,-0.08607478,-0.032832902,-0.2931861,0.33206102,-0.13091862,0.89137644,-0.15647747,-0.06878509,-0.4641319,1.1542642,0.16419272,-0.97450745,-0.2517951,0.15416884,0.39815316,0.11391802,0.79382795,0.020182656,0.3121419,-0.45390666,0.040767007,-0.1060907,0.09010735,0.07614548,-0.24864462,0.29367888,-0.4564828,0.0935408,-0.47459173,0.8371578,0.26181266,0.50244886,-0.092631765,-0.248985,-0.76521474,-0.061708115,-0.026780149,0.71340513,-0.8210692,0.39045012
edema,0.4211314,0.20666136,0.31315735,0.049199205,-0.7120543,0.38392764,0.8444377,0.37179095,0.12515138,0.040029638,-1.1045687,-0.5834547,0.41763014,0.9276096,-0.49251267,-0.29479313,0.44000584,-0.19208767,-0.54370713,-0.3609526,0.13128443,0.43816766,0.014808753,0.47343284,0.47969002,0.055912152,-0.3879863,-0.53836685,-0.43218863,-0.50977343,-0.22399378,-0.5842676,0.5924273,-0.7128996,0.14872006,0.096478015,0.10286595,-0.8396429,0.32549927,-0.070814595,0.3316754,-0.26775676,0.031031398,0.56589824,-0.51718926,0.1292227,0.97860837,0.5039725,0.5703585,0.17008789,-0.42601725,-0.37710813,-0.044325672,0.11739647,-0.017198205,-0.11390694,0.46473488,-0.29611194,-0.30699965,0.6108997,0.17934547,-0.44958615,-0.5696313,0.5052442,-0.2472965,0.30671924,-0.043539856,-0.35618713,-0.09562731,1.3780688,-0.305364,-0.7652728,0.0016838694,-0.055712536,-0.015441131,-0.25219634,0.7546099,0.2809755,0.3519428,0.11817918,-0.1192311,-0.2432292,0.053707942,-0.15189393,-0.09302839,0.32251674,-0.55809313,-0.23055579,-0.52972263,0.5166178,0.39725134,0.5150425,-0.5083753,-0.1667646,-0.9236142,0.23020539,0.055080626,0.40465462,-0.58565414,0.1105285
"anti_inflammatory_agents,_non_steroidal",0.39251944,0.41276208,0.61734414,-0.49526995,-0.59826386,0.28471464,0.828288,0.37965268,0.11590221,-0.025455294,-0.88153416,-0.6362078,-0.11111672,1.2716566,-0.39998358,-0.674287,0.4337391,0.040635917,-0.08458254,-0.182648,0.04779012,0.12245345,-0.33720893,0.90157044,-0.009510947,-0.14565508,-0.23298575,-0.19735119,0.24544108,-0.5748795,-0.36701843,-0.17803171,0.38023221,0.026322745,0.35512158,0.043346953,0.433231,-0.8451591,-0.12780528,-0.38628903,0.006838898,0.24069834,0.7047841,0.5142425,0.23379192,0.24311404,0.076421656,0.2837997,0.46624932,-0.117064945,-0.49077165,-0.65118474,0.19874047,-0.2333085,-0.36473045,-0.055881057,0.25851133,0.11540171,-0.29861593,0.4256879,-0.07057282,-0.051114436,-0.3716839,0.09170189,-0.19153175,0.7983092,-0.0008390102,-0.0019700194,-0.32991412,0.560171,0.18927969,-0.7854217,-0.2212111,0.1488433,0.32072338,0.04699806,0.5670593,-0.17094201,0.46953747,-0.26158693,-0.16731742,-0.054131046,0.057786517,0.029361919,-0.13300045,0.23385933,-0.2426752,0.10042832,-0.37857738,0.8568086,0.21910399,0.23859459,-0.102202,-0.024514021,-0.6151415,-0.12671459,0.05151747,0.6628473,-0.54400516,0.40855855
down_regulation,-0.16022716,0.4368846,-0.006253456,0.4794794,-0.9080737,0.19868688,0.50499177,0.71350193,0.49765107,-0.45294818,-0.76684576,-0.66534686,0.3524432,0.96250063,-0.09808271,-0.74760693,-0.5069699,-0.78685063,-0.0090511255,0.036239803,-0.039931744,-0.19741058,0.32318613,-0.49663463,-0.07434965,-0.1606669,-0.020577919,-0.16483721,-0.24655944,-1.0796967,-0.7039562,-0.8582997,0.33297378,-0.11483761,0.7423515,0.24674593,-0.43391132,-0.46240002,0.574539,0.5214255,-0.71451193,0.04863987,0.3520512,-0.15929283,-0.18330485,0.51207614,-0.23991206,0.5682266,0.41646534,-0.087447785,-0.24626473,-0.1733091,-0.0814383,0.17367592,0.1329003,-0.028928878,0.15466455,-0.06483388,-0.99110806,0.24541707,-0.17968349,-0.10456968,-0.21499532,0.5235657,0.46108466,0.06868423,-0.094421275,-0.2951871,-0.5647162,0.7002873,-0.10531755,-0.54919314,0.29173952,0.17833488,0.43011436,-0.91015774,-0.07040853,0.75495535,0.12247328,-0.15731913,0.85817283,-0.31183136,-0.21419924,0.11585993,-0.53503567,-0.21709278,-0.2329283,0.41324317,-0.0042610625,-0.060751706,-0.119761184,0.8511601,0.4433029,-0.8496768,0.009777913,-0.33052757,0.051504213,0.0033356978,-0.033653036,-0.15069471
surface_active_agent,0.3365788,-0.23774979,0.2668065,0.6001555,-0.49940878,0.33541176,0.45160308,-0.15008922,-0.07835085,-0.6324387,-0.51813334,0.35808757,0.81574315,0.35265738,-0.23732568,-0.59667534,-0.09263083,-0.5602643,-0.11771514,0.8308286,-0.48896736,0.49783447,-0.8224686,0.08327985,-0.043613754,0.5960126,-0.94202346,-0.25756937,0.21426314,-1.2990148,0.55592954,-0.21113127,-0.81544036,0.19873276,0.43061867,-0.27293685,0.013296142,-0.03935553,-0.075076,0.21563335,-0.18588328,-0.6490703,0.101567,-0.2379492,-0.25162762,0.41948143,-0.39026782,0.49053267,-0.27392152,-0.123264834,-0.6021865,-0.93730474,0.49117458,0.36661014,0.7558661,0.11162795,-0.022391295,0.5438381,-0.504224,0.7703771,0.18955736,-0.97338223,-0.8320214,0.5092142,0.20576383,0.5757169,0.006381491,-0.2765493,0.50650656,-0.15036806,0.6267024,-0.14636302,-0.3628299,-0.057091642,0.19450544,-0.6847389,-0.70350367,-0.69022465,-0.63865477,-0.11154077,-0.64121467,-0.29760373,0.5148097,-0.34718406,-0.09330975,0.017285068,0.46859944,0.1668723,-0.84387213,-0.29440945,-0.8897962,0.7979937,-0.5102972,-0.44931343,0.5918606,-0.6019705,-0.05896489,0.6007399,-0.9098265,0.22779076
dye,0.12663776,-0.6297885,0.29629114,0.835807,-0.34503344,0.48760813,0.6714246,-0.1617501,0.35943842,-0.41651845,0.097884305,0.08609041,0.69474643,-0.049071554,-0.35192955,-0.048701935,0.68075794,-0.21454963,-0.59945,0.1900643,-0.27759892,0.44720632,0.039893422,-0.11102903,-0.5051609,0.67994034,-0.7711798,0.049929094,-0.30292997,-0.29731268,0.30772203,-0.36347875,-0.5176156,0.005345093,0.6555889,0.17834926,0.5435494,-0.017778834,-0.58018976,-0.10214297,-0.003382502,0.06520903,0.25599045,-0.03396247,-0.23256649,0.12312459,-0.5106553,-0.9370117,0.6896231,-0.4454243,-0.42612347,-1.0637001,0.6726291,0.4727421,0.36760572,-0.48537633,0.15012933,0.38451576,-0.4535167,0.5095642,0.81997555,-1.1642181,-0.6719561,0.52840364,0.72623,0.7564961,-0.27602264,-0.15802085,1.0792826,0.54253757,0.29396474,0.1605932,-0.49741343,0.0076988237,-0.3938045,-0.119528614,-0.87138224,-0.9191424,0.109952286,0.2868391,-0.32822606,-0.49507728,0.25531924,0.07580179,-0.17541113,0.73027986,-0.08739506,-0.43173793,-0.6639786,-0.020841876,-0.38979322,0.8230623,-0.7104986,-0.6936706,0.14764884,-0.048138596,0.09617794,1.0024991,-0.32475632,0.3065572
pregnancy,-0.28634506,0.27370867,-0.22378863,0.04884782,0.19237258,0.3998327,0.8669121,0.15720794,0.4242822,-0.12167638,-0.71884847,0.56082183,0.8637919,0.35782534,0.06809881,-0.3153807,0.17921045,-0.65196717,0.09219797,-0.034642506,0.09598818,0.096737295,0.12830557,0.06604519,0.033205155,-0.28797975,-0.3807561,0.6144564,0.1367865,-0.2612622,-0.061781947,-0.2792911,-0.10054853,0.08825216,0.63667035,0.33470407,0.4423153,-0.16592959,0.1240344,0.06453432,0.18168901,0.27861217,0.84326404,-0.25425544,-0.17214404,0.73400176,0.34818545,0.40002722,0.45861694,-0.008051331,-0.24141125,-0.02595011,0.49570677,-0.21184948,-0.21846315,-0.10228079,0.7014386,0.035147537,-0.819373,0.17324494,-0.4326303,0.76386195,-0.6323699,0.4155279,0.5541318,0.5723684,0.41691428,0.1901241,0.033775352,0.41846502,-0.41368496,0.024582338,-0.05676475,-0.66670156,-0.37821698,0.15227197,0.3358337,0.47082314,0.6441047,-0.26078066,-0.09336818,-0.16501321,-0.36489004,-0.06787099,-0.30990788,0.18043631,-0.49418214,-0.49905434,-0.009145988,-0.43143445,0.013628498,0.21605533,-0.3040162,-0.5207625,0.23103334,-0.15554589,-0.2518275,-0.32719338,-0.4028811,-0.14549921
water_management,0.5094426,0.23423198,-1.2575414,0.15319799,-0.66937566,0.19623663,-0.05284007,-0.11608178,0.80562484,0.027766813,-0.31797808,0.81932807,-0.34697035,0.71897405,-0.47778466,-0.689882,1.0894401,-0.8121398,-0.9579472,0.23140794,0.6584049,1.0806365,-0.62995356,0.72316724,-0.58979714,0.39169666,-1.2714907,0.97963357,0.050212696,-0.985689,-0.029798308,-0.675419,0.26431373,0.06551425,-0.08610653,0.10084302,-0.4393205,-0.45375714,0.13446818,0.77852273,0.506595,-0.18747793,0.20688501,-0.1782702,0.18456046,0.6341071,-0.06763612,0.68674386,-0.2557913,-0.68610317,0.52583957,-0.7267851,0.9589473,0.3381715,0.8664415,-0.50963515,-0.29340982,0.053938303,0.25700825,-0.0405823,0.098820016,0.41066048,-0.7314308,0.9931572,0.13696358,0.20203704,0.41996494,-0.17109036,1.0122524,1.2686267,-0.071764246,0.7383441,0.8044737,-0.8643926,-0.56487364,-0.98285073,-0.56071067,0.00926533,-0.020975266,0.12025126,-0.39581573,-0.87650037,0.19810626,-0.2161797,-0.86754316,-0.1688166,0.32611737,-0.16750398,-0.9290764,-0.006700397,-1.2453527,-0.29363593,-0.39490774,-0.7567361,-0.36569113,-0.07196138,-0.5824264,0.13752101,0.8070057,-0.7569039
steady_state,0.35007116,0.12380186,-0.5372333,0.5070743,0.1634633,0.5306463,0.30609643,-0.01076254,1.0721043,0.4417557,-0.23320313,-0.3115995,0.01603042,0.71516824,-0.5324256,-0.15135552,0.95905846,-0.69301224,-0.5987769,-0.78582793,0.93744016,0.784804,-0.32122836,0.38049144,-0.006300625,0.39217398,-0.34617835,0.68588793,0.36648437,-1.4908596,0.305355,-0.9389682,-0.108970776,0.11782538,0.4806504,0.5277398,0.3421443,-0.33427423,-0.36733568,0.6345689,0.54476404,0.2250754,0.37544864,0.5832661,-0.80288774,0.010791188,0.2860021,0.09499553,0.13730142,-0.9140323,-0.22398028,-0.7205813,0.5556787,0.19414702,0.46550676,-0.9418706,0.36339378,-0.08033117,-0.6081128,-0.15507688,0.2580825,0.08721406,-0.15099123,0.7867354,0.69997275,0.43648708,-0.46775708,-0.380003,0.76234424,0.5047911,-0.33469173,0.31310642,0.7482239,-0.7081959,0.008989852,-0.33533496,-0.5303677,0.47738495,0.33848086,0.49059558,-0.29269207,-1.0962613,-0.110933736,-0.28720126,-0.9819881,-0.018103667,0.5352906,-0.3198606,-0.662022,-0.34682915,-0.40492743,-0.31962162,0.3157332,-0.9872357,0.256818,0.17532393,-0.24168356,0.3427023,0.41938192,-0.80265105
nitrification,0.33323485,-0.35888907,-0.47714087,0.50122833,0.014878397,0.31690875,0.18529972,-0.3091529,0.31403705,0.64428717,-0.6069637,-0.39438242,0.05614341,0.4765955,-0.7419684,-0.58822525,0.71832895,-0.63207114,-0.29338202,-0.20266418,0.39776298,0.7450556,-0.19316287,0.01268335,0.040922686,0.0071870643,-1.108935,0.28382173,0.035607677,-1.1452028,-0.044629548,0.02283698,-0.20078966,0.056888375,0.2855191,0.5284346,-0.29637042,-0.49164936,0.054280195,0.3673017,0.32634383,0.070983835,0.41684234,0.59961283,-0.4998027,-0.25502998,0.09097713,0.5466373,0.42834902,-0.29661754,-0.3356217,-0.6313447,0.8476885,0.18322814,0.78748953,-0.75633216,-0.2134379,0.00843061,0.35035837,-0.26270252,0.34634277,0.11902174,-0.016694779,0.8438189,0.64514625,-0.0761721,-0.43468505,-0.71364963,0.45552036,0.4519994,-0.5513703,0.34042358,0.5601291,-1.0976677,-0.39040682,-0.29582992,-0.10071635,0.2724824,-0.17150706,0.38965866,-0.04449677,-0.7619467,0.004476994,-0.33431545,-0.77476585,-0.0061628562,0.26949817,0.4784805,-0.18285017,0.28230068,-0.07269342,-0.25809184,0.09653771,-1.1103741,0.3406834,0.0583182,-0.45185643,0.11476721,0.22875488,-0.6180599
model,0.16132039,0.21161246,-0.73645127,0.3312317,0.11328275,0.2650394,0.41024756,0.07859704,-0.038679294,-0.05919562,-0.76586866,-0.22229461,0.31283185,1.0670402,-0.46445078,-0.3889812,0.9479021,-0.5654101,-0.24393263,0.08804846,0.0698241,0.39986888,-0.11504784,-0.24219757,-0.07563018,-0.34046006,-0.55094445,-0.047152396,-0.011353795,-0.7867922,0.17160001,0.33121422,0.3232791,0.10474182,0.92615855,0.1563992,0.33389097,-0.15099974,-0.41974896,0.40580612,0.18300386,0.6566321,0.57360333,0.61666584,-0.52067673,0.09695997,0.4536947,0.9688238,-0.48783475,-0.50978786,-0.49764907,-0.648642,0.510685,-0.020875763,0.19502847,-0.87367034,-0.05124181,-0.41054353,-0.2014601,0.5938545,-0.15709375,0.67247194,-0.59394264,-0.103946,0.19112247,-0.036230896,0.46683258,-0.4226212,0.42140433,0.28786677,0.14441273,0.3955114,1.0552834,-0.9511876,-0.47660577,-0.5493997,-0.44153202,0.33766434,0.0968166,0.28661,-0.44993466,0.08993132,-0.6655708,-0.36418185,-0.67598933,0.46169287,0.24309416,0.53478444,-0.39045793,0.24124216,-0.1239281,0.42079338,-0.8310857,-0.18872538,0.761278,-0.52521974,0.0043206415,-0.22610909,0.706545,-1.0076658
ammonia,0.071695976,0.02589958,-0.58776397,0.24802963,0.07994832,0.24767253,0.16543278,-0.15479828,0.1604087,0.44627026,-0.39642537,-0.29053184,0.035607517,0.45318416,-0.6014516,-0.2683532,0.350151,-0.5392581,-0.14013943,-0.23161016,0.021176102,0.43618882,-0.19704092,0.015901998,0.10736073,0.10260219,-0.7159027,0.34250426,0.3967061,-0.5819108,-0.04064476,-0.11054591,-0.044873193,0.42802483,0.13012154,0.03550795,-0.031027364,-0.32569554,0.014170551,0.47749132,0.26155305,0.4180306,0.62703705,0.64405483,-0.39031413,-0.20709682,0.083736725,0.31974074,0.430527,-0.18948086,-0.42012668,-0.49539125,0.37737793,0.07867391,0.90338993,-0.5345285,0.084577024,-0.19795999,-0.06081008,0.2260687,0.18028064,0.25482413,0.15184675,0.78529537,0.4132434,-0.2856572,-0.110518456,-0.3293092,0.46194717,0.295559,0.33934495,0.3230336,0.194208,-0.92080617,-0.14538234,-0.08606171,0.20106237,0.30592066,-0.3722755,0.3747525,-0.070257984,-0.52940655,0.05179045,-0.3416497,-0.632807,0.061367642,0.1992233,0.47022548,-0.40685648,0.32555255,-0.02703732,-0.11796137,-0.008152957,-0.68729687,0.23946765,0.1825173,-0.26831695,0.5956172,0.30641532,-0.71784383
mental_disorder,-0.31609157,-0.23006122,-0.14434654,0.26849818,-0.16443294,0.09319371,-0.03271074,0.995317,0.30701774,-0.044874042,-0.80156684,-0.5229161,1.0046434,-0.158383,-1.0798858,-0.08336937,-0.7745079,-0.11257907,0.10397001,0.31866476,0.17899959,0.11936688,0.17062786,-0.057803053,-0.7312077,0.08098639,0.8037011,-0.34525958,0.09844123,-0.24054885,-1.1260546,-0.14758997,-0.010531264,0.07028196,-0.7942357,0.20892832,0.89512694,-1.2443649,0.14503416,0.6693612,-0.7837379,0.48726296,-0.42817676,-0.78636783,0.07523924,-0.37331516,-0.5257863,0.21453485,0.05829452,-0.5205676,-0.26308274,0.10285817,0.68778956,0.090415604,0.34001145,0.06039129,0.80839974,0.77056044,-0.3965364,-0.231925,-0.6252865,0.9514211,-0.34659213,0.24173313,0.37357077,0.2255889,0.17048243,-0.13538374,-0.019872965,0.5449874,0.8892225,0.93568295,-0.079401486,-0.16517404,-0.8005774,-0.29114988,0.07462844,-0.078432985,0.67519563,-0.015690707,0.7769002,0.86773247,-0.17626676,0.48741043,-0.7360328,0.3642039,0.74641097,0.65070385,-0.4094965,-0.30781066,-0.26777074,-0.02771561,0.11928129,-0.8851237,-0.47540238,-0.07523994,0.6432349,1.0550053,-0.4954478,-0.07426088
melatonin,-0.4638029,0.29273653,0.4359001,0.34332803,-0.48663482,0.320979,0.22728753,0.62866145,0.5694412,0.40078014,-0.1565548,-0.5560031,0.20822877,0.6276552,-0.09422977,0.20735621,-0.53075665,-0.7488244,-0.18073629,0.089484885,-0.23070411,0.07145419,0.73753506,-0.19991392,0.25424364,-0.20952995,0.35378128,-0.5256594,-0.49712965,-0.4746737,-1.456823,-0.52224594,-0.0027932264,-0.4444098,0.2523132,0.36844072,0.6344327,-1.5569016,0.7575525,-0.04818119,-0.56504536,0.1142101,-0.5915062,-0.843956,0.1683278,0.42961907,-0.15204018,0.73429894,0.50964314,-0.7585448,-0.24884978,-0.12007212,0.3487624,0.07147584,0.283213,-0.24856086,-0.13448696,0.45544666,-0.31806993,-0.015741339,-0.43106323,0.17929278,-0.86237407,0.8307546,0.53143746,-0.40007648,-0.2671162,0.023334356,-0.28040737,0.39909828,0.44391906,0.32212502,0.020921277,-0.4346836,0.34734827,-0.56294674,-0.14777347,0.28017297,0.10205474,0.6206316,0.8762743,0.2774043,-0.039259583,0.21901667,0.005636648,0.11582478,0.11439554,-0.15930426,-0.045868937,0.3339562,-0.5344999,1.0209684,0.8306856,-0.76360637,-0.3800883,0.33167067,0.51570606,0.6616249,-1.1018035,0.06373907
inflammation,-0.32512072,-0.08410781,-0.7297435,0.7802068,-0.5369397,0.14777197,0.57655257,0.93825835,-0.22380848,0.46305835,-1.2406831,-0.5083353,0.16925877,0.3397187,-0.1646735,0.360319,-0.5237936,-0.56819326,-0.24151792,-0.47339302,-0.11743631,-0.17185445,0.38661036,-0.020685121,-0.43316463,0.36788192,0.28040126,-0.72393334,0.20714562,-0.32690918,-0.98242545,-0.49564436,0.18674782,-0.28927413,-0.28693938,0.5344993,0.8486504,-1.1033424,0.6292812,0.21339063,-0.10602908,0.9201179,0.15747398,-0.62704957,-0.015192985,0.05205495,-0.14691032,-0.2465911,0.27192214,-0.8707581,0.16842772,-0.5334507,0.95301473,0.030117042,-0.24915944,0.2539502,0.42473805,0.2273673,-0.20509705,0.27591237,0.21688703,0.90109247,0.012326963,0.66676646,-0.6973163,0.59599936,-0.6717315,-0.3698386,-0.22488955,0.8264487,0.9145657,0.18741032,0.31512856,0.019152278,0.4052337,-0.1965928,-0.13753685,0.2490951,0.5211834,0.12988266,0.36571994,0.64021397,-0.034520734,-0.25834617,0.38199222,0.48144755,0.21868871,0.039551273,0.058712117,-0.2768596,-0.028913897,-0.5668632,-0.1039372,-0.22705975,0.004800318,-0.013959633,0.24988706,0.70449483,-0.5072531,-0.6031085
glutathione,-0.8673375,-0.19250499,-0.1295457,0.06126327,-0.19456607,-0.1595716,0.42316592,0.79346293,0.121046655,0.6002514,-0.14618987,-0.2626515,0.49658287,-0.13151564,-0.30351695,0.3368537,-0.32762432,-0.12907335,0.26157564,0.62193877,0.4497174,-0.10067187,-0.13769299,0.19077471,-0.47633323,0.3186837,0.29009327,-0.3837439,0.33059227,-0.5056667,-0.33378285,-0.87698877,0.10799107,0.6305329,0.278768,0.2519285,0.16189457,-0.95104647,1.2898924,0.12317292,-0.35359815,0.5150603,-0.026201732,-0.36770937,0.06451183,-0.40976158,0.15849973,0.4487517,0.7386467,0.51227087,-0.75306594,-0.7193089,0.35917315,0.47160596,0.50280595,0.14656885,0.65570766,-0.21889201,-0.64127123,0.10741843,-0.62021124,0.4233641,-0.6460346,0.4136575,0.06932167,-0.04477976,-0.86721754,-0.4501948,-0.15655726,0.6153308,0.5868126,0.46503457,-0.20236228,-0.22785424,-0.22843672,-0.17082521,0.54863155,0.21313445,0.5730083,0.17039922,0.9485118,0.2094021,-0.66190416,0.30605072,-0.21781738,0.15622206,0.3617792,0.04413423,-0.40411505,0.08507827,-0.59328383,-0.26139113,0.0822203,-0.8346243,-0.42868873,-0.1277431,-0.09064954,0.5581297,-0.77054954,-0.015454169
neutrophil,0.19402668,0.22919005,-0.07783095,0.47176716,-0.864689,0.08825172,1.13334,-0.022072993,0.61770284,0.16200066,-1.0799158,-0.86838853,0.036630224,0.5307885,-0.12701772,-0.59710014,0.7140072,-0.4390758,-0.73452294,0.039540734,-0.118251026,0.1876172,-0.13872416,0.7242017,0.11124329,0.3171866,-0.28927726,-0.4607001,-0.4405955,-0.76861435,-0.26954716,-0.7605323,0.6440077,-0.59188217,0.118536994,0.13158403,-0.23499241,-1.0424851,0.16096583,-0.18640864,0.37979844,0.27964124,-0.35939503,0.35326183,-0.2309333,-0.21211594,0.5029279,0.11588157,0.4284999,-0.29304078,-0.038692452,-0.43300182,0.36028323,0.08832935,0.17476891,-0.09040814,-0.2532383,-0.5628421,-0.19413204,0.48458672,0.5040633,-0.86902654,-0.26702228,0.8495385,-0.3080567,0.39578098,-0.6610407,-0.49575406,-0.34314775,1.6522845,-0.13753095,-0.28137514,-0.26027203,-0.111944914,0.5749986,-0.79934096,0.61837065,0.6348363,0.2689212,0.24523017,0.15451565,0.07554921,0.2501199,-0.17697726,0.27202943,0.019751862,-0.42616937,0.045683753,-0.73159206,0.7350419,0.21138974,0.5658888,-0.20947832,-0.20021456,-0.7899473,0.003124397,-0.10113093,0.7196521,-0.823904,0.015327835
breast_tumor,-0.21078289,0.10855334,-0.14148995,0.524853,-0.09537126,0.3851803,0.15627053,0.59847003,0.48265046,-0.40282717,-0.37565544,-0.6266771,0.65485203,0.7323565,0.016429279,-0.064517796,-0.191177,-1.1204332,-0.4250505,-0.2659511,0.2160689,-0.093132034,-0.04274022,0.19444421,-0.10620244,-0.4941098,0.05711902,0.26030403,0.3382144,-1.2091719,0.44000763,-0.058068316,0.08481231,-0.28121504,0.6968932,0.15114957,-0.2735339,-0.4099717,0.6563153,0.5569987,-0.14246461,0.027198562,0.75507605,-0.25152233,-0.31167537,0.08141606,0.24497074,0.91917837,0.5992101,0.3553486,-0.20751879,-0.9340214,0.44059485,0.23550172,0.00621416,-0.0017389251,0.6562229,-0.042197537,-0.9164077,-0.08800475,0.21348776,-0.41839412,-0.00863963,0.019962568,0.2351595,0.564306,-0.32821015,-0.6249957,-0.20527864,0.88531834,-0.017537126,-0.19863917,0.6515394,0.13035369,0.2996208,-0.66424555,0.049689915,0.3189304,0.42760184,-0.4031044,0.4644777,-0.103336275,-0.23114678,0.41182736,-0.90658504,0.029584317,0.1631628,0.057345048,-0.28636795,-0.51497257,-0.046344183,0.8673427,0.1498365,-0.71098,0.10493998,-0.57655066,0.033844125,-0.26276952,0.40937412,-0.2171131
device,0.0114584295,0.166462,-0.7164844,-0.3694786,-0.120376036,0.2833391,0.08257407,0.64330226,-0.7199328,-0.50655186,-0.35843995,-0.5640063,-0.65174854,0.71949774,-0.46236393,-0.15849294,0.58400667,0.10608604,-0.8462731,-0.44185385,0.42972407,0.9149175,0.23864515,-0.23759766,-0.38979173,-0.112096205,-0.86554396,0.3774771,-0.058094837,-0.38849542,-0.2060206,-0.5643456,0.5266336,0.37646392,0.26808488,0.23931094,-0.14189565,-0.5241251,0.35131928,0.2532218,0.58705807,-0.17138837,0.35061446,-0.10770464,-0.04074098,-0.069203414,0.010385073,0.42483777,0.5890848,0.17229307,0.16794693,-0.13521148,0.42956507,0.07104966,0.22091892,0.06306912,0.4753153,0.13983797,0.11244311,0.38947675,-0.52465874,-0.1392854,-0.6272225,0.5402469,0.4790011,0.04674901,0.3778443,-0.17302875,0.49114114,0.47794545,-0.26230958,0.8610725,0.10870951,-0.17555319,-0.81297344,-0.54671943,-0.36322734,-0.45243883,0.45704094,0.11817085,0.53610694,0.57244176,0.96268296,-0.20608264,-1.375715,0.02681413,0.7801674,0.2226998,0.41974822,0.61622936,-1.2959329,-0.32993862,-0.09011233,-0.041743048,-0.40251166,0.19806693,0.30545482,0.120184936,0.2584888,-1.0567113
chain,0.099602446,0.3683092,-0.027718188,-0.086975425,0.02092413,-0.46622506,-0.1575336,0.4539132,-0.787839,-0.41658777,-0.1606833,0.17284547,0.02359244,0.90144014,-0.143556,0.111285396,0.058404732,-0.9399984,-0.9730849,-0.90078354,-0.34146208,0.7557821,-0.08600429,0.096325696,0.050743032,-0.21813752,-0.67123,0.38009667,0.30189866,-0.39604133,0.6421572,-0.4684318,0.22246365,0.13003318,-0.10919292,-0.123462535,0.020418745,-0.21493495,0.08949814,0.21705829,0.43174142,-0.85287446,0.8593367,-0.6940247,0.033290748,0.16809554,0.12017903,0.16524433,0.39668703,-0.5016744,0.01561392,-1.0916964,0.44360498,0.07699938,0.31384882,-0.3734026,-0.2371034,0.5336783,-0.7470496,0.23841335,0.029298957,-0.18942927,-0.6109544,0.43206578,0.6539029,-0.2738049,0.577873,-0.27158457,-0.25784612,0.036989365,-0.17768584,0.6995953,0.44441336,-0.31222528,0.039614864,-0.9554276,-0.35432485,-0.7758244,0.54216105,0.08302674,-0.45663774,0.5996215,0.12819387,0.52922887,-0.93219185,0.83124876,-0.07571359,0.01893783,-0.31253842,0.5197435,-0.5032714,0.49657285,-0.48669252,-0.092156015,0.41304472,-0.025402479,0.21302925,0.033699416,0.384088,-0.7932269
"water_pollutants,_chemical",0.42282975,0.28980282,-0.6764841,0.023360891,0.332613,0.6899209,0.09626924,0.079085834,0.8550648,-0.6311992,-0.7232291,-0.35097975,-0.25321928,0.36161825,-0.6437414,-0.12445902,0.7135388,-0.5065495,-0.7289351,-0.016985858,0.89094657,1.5758905,-0.07348714,0.36919022,-0.31138742,0.9501371,-0.88715,0.9518376,-0.012653159,-1.5726658,-0.3669592,-1.140891,0.025549367,0.43980592,0.0360328,-0.009013384,0.92262006,-0.9296309,0.22188972,-0.029707352,1.1118039,0.3581738,-0.26210156,-0.1694124,-0.7281643,0.3948552,0.053459533,0.5270429,0.3782687,-0.49185494,0.53909856,-0.6913724,0.5186161,-0.14637005,0.5660738,-0.07644404,-0.51605874,1.3125439,0.23708671,-0.18326473,0.58715016,-0.1387089,-0.43512192,1.3514643,0.45882672,0.77181923,-0.4193927,-0.89462894,1.1690502,0.66918176,-0.23167077,0.47552335,0.55547845,-0.46428558,0.4741633,-0.958846,-0.121675014,0.1438634,0.1788099,0.07815126,-0.24749964,-0.8541448,0.8941115,-0.6090733,-0.73516744,-0.58130795,0.4123175,-0.846843,-1.0583166,-0.5719733,-1.9425989,-1.4445559,0.46675736,-0.8322854,-0.88291806,-0.11378945,-0.3598761,-0.11495165,-0.38246673,-0.37799037
efficiency,0.3718653,-0.25214314,-0.62058365,-0.6532526,-0.3777883,0.03524395,0.39467603,0.6074547,0.37149364,0.34210593,0.0879012,0.2933477,0.07121401,0.5456503,-0.27937877,0.08461304,0.22575685,-0.6674594,-0.39885667,0.3896838,0.8804541,0.5799958,0.13133775,0.88669544,-0.0010345423,0.21303466,-0.43781555,0.45881662,-0.3889441,-0.17217365,-0.4843002,0.028587598,0.6224103,-0.2915045,-0.336352,0.0791412,0.42662543,-0.9033149,-0.80046046,0.23135783,0.16654155,0.0840638,0.26847786,-0.6505285,-0.14326382,-0.14645894,0.18982865,0.0757624,0.23586914,-1.514151,0.22016819,-1.3622254,0.68459487,-0.7430633,0.4470442,0.04368971,-0.22208817,0.34328708,0.61752516,0.19709858,0.49460396,0.58448803,-0.47009405,-0.23954652,0.41450873,0.18677558,0.33609655,-0.1147505,0.14067224,1.0458272,0.32925192,0.61748755,0.5589797,-0.59393626,0.06738455,0.25025833,-0.175027,-0.31568265,-0.08468602,0.060564697,-0.87620765,-0.39774412,0.18079983,-0.13042466,0.33054644,-0.013776331,-0.05759035,-0.5623031,-0.7848175,-0.02970177,-0.5178845,-0.92430174,-0.99603677,-0.6309778,-0.6010727,0.5093412,-0.645012,0.46166283,-0.5409784,-0.1971601
maize,0.91131324,0.23060423,-0.037246272,0.13263768,-0.16139963,0.06436218,0.16586241,0.41490734,-0.4688918,-0.454471,-1.5856571,0.5351275,0.17818691,0.5490792,-0.32862997,-0.29218343,-0.29801053,-0.46034288,0.17920642,-0.26394433,1.099427,-0.16165617,-0.6644744,0.59527993,-0.2581966,0.16434546,-0.34880584,-0.03003866,0.400187,-0.6143022,0.38945642,-0.6106289,0.08426014,0.37866884,-0.087779015,-0.27250212,-0.2569561,-0.40433556,0.1986206,0.11102267,0.30851415,-0.5066911,0.23091453,-0.29529214,-0.13970408,0.7721301,-0.28679186,0.052152865,-0.31790766,-0.3256588,-0.14278792,-0.9885652,-0.023883428,0.39635533,0.27501252,-0.15019093,0.14803173,0.88493365,-0.05717061,0.30536595,0.05764024,0.29660636,-0.053902935,0.33774444,-0.11434804,0.23528783,0.4824561,-0.2517422,-0.15278737,0.52045894,-0.29341352,-0.4221647,0.15582354,0.19040433,0.6745877,-0.50899744,-0.41241038,0.4307537,-0.0014871248,-0.56209546,-0.25567633,-0.06176055,0.3614391,0.5358692,-0.5773931,0.17146783,0.05352579,0.15119284,0.08229925,-0.4677802,-0.31376213,-0.67427474,-0.9865178,-0.2603337,0.14601077,-0.44037822,-0.36612678,0.2901523,-0.23348704,0.5086082
dopamine,0.02753168,0.17961475,0.27378333,-0.38389894,0.4524442,-0.09651686,0.63619184,-0.05077715,-0.46475735,0.21921334,-1.1052836,0.19583146,0.026251512,0.26576564,-0.46665838,-0.5698118,0.07678465,-0.76667327,-0.5112835,0.19105661,0.36692166,0.69913477,0.15074332,0.1285546,0.31827423,-0.12613715,-0.97130334,-0.9595238,-1.360694,-0.36032557,-0.4337554,0.27615777,-0.026191117,0.23203695,0.068277195,0.7894016,0.599299,-0.91757196,0.68143404,-0.1546419,0.16210021,-0.4060282,-0.4286612,0.33118773,-0.2214813,0.4680571,0.22626443,1.0784078,0.40721846,0.45619613,-0.5494885,-0.39852425,-0.100869335,0.64083827,0.5213705,0.38945693,0.28684053,0.41453928,-0.4873097,0.24393608,-0.4432499,-0.110555604,-0.106837146,0.85683197,0.7554972,0.48311803,0.45721826,-0.12286707,-0.113653965,-0.04333465,-0.59422135,0.17032245,-0.52179885,0.1610639,-0.6272061,-0.18773878,0.08608341,-0.03382674,0.032963403,0.7283952,-0.51039815,-0.32728955,-0.3181132,0.16359003,-0.16620068,-0.542428,0.30513063,-0.58875686,-0.01111019,0.017346175,-0.65524393,0.48814455,-0.11569317,-0.772251,-0.58895636,-0.03151279,0.63755405,0.08314999,-0.6950365,0.25048998
catalase,0.5653636,0.5400167,-0.3756474,0.24439149,-0.30017966,0.42897108,0.49406785,0.6080206,-0.4166401,0.19674414,-0.07062784,0.08819773,0.23494935,1.0992547,0.38711244,-0.28740504,0.07675013,-0.17329586,0.50806737,-0.054390837,0.10263075,0.39798117,-0.13679011,-0.3063501,0.05555824,-0.19059072,-1.0569885,0.15314779,-0.31471393,-1.2533182,-0.69850504,-0.55253386,0.14287904,0.052806035,0.019008644,-0.018008493,-0.08866958,-0.82147145,-0.3234946,0.09295182,-0.1762121,-0.5055793,0.52840436,-0.13227479,0.5899772,0.6033821,0.26214802,0.6186928,-0.0788827,0.44921482,-0.22220044,-0.45273176,0.77886283,0.42664358,0.71425724,0.3845482,0.96297026,0.26507822,-0.5962263,0.46805575,-0.26791447,0.30334026,-0.39831632,0.852116,0.06282319,0.6356698,-0.2027583,-0.72525215,0.29580158,0.31022218,-0.32341424,-0.04371232,0.43724126,0.036716558,-0.20613572,0.16284819,-0.31871796,-0.2655252,0.01211233,-0.5579589,0.38538995,-0.20502794,0.057050876,-0.47329485,0.24681486,0.30840555,0.13352329,0.40427762,-0.23790503,-0.10857794,-0.2840297,0.42129248,0.44786888,0.039415285,-0.058746506,0.30606303,-0.51283044,0.43127066,-0.8617551,-0.04115361
water_treatment,0.20367374,-0.13927236,0.19784042,0.05857775,-0.30665433,-0.53782517,-0.45371467,-0.055975396,0.17146042,-0.41657186,0.10211687,-0.3324082,0.17329612,0.5125202,-0.5500433,0.29251805,0.80261964,-0.25275743,-0.5054797,-0.09502687,0.7259133,0.3317101,0.42546844,0.19487913,-0.6499192,-0.09374063,-0.28328514,0.015924918,-0.35470325,-0.99076736,-0.67945653,-0.24722604,0.4754718,-0.5022468,-0.2265368,0.38361946,0.54950017,-0.60107654,-0.31213337,-0.48063177,0.76043445,0.050170038,0.15601891,-0.4044514,-0.53555346,0.41876093,-0.78658485,0.43903846,0.9327759,-0.56995595,-0.26311517,-0.7903941,1.0199183,0.104192644,0.5910722,-0.65911746,0.08017543,0.59067595,-0.2088462,-0.44323194,0.39579535,0.09663981,-0.38376343,0.65367544,0.10384917,0.38428342,-0.65368503,0.08673592,0.39921644,0.72673506,-0.12220245,0.47892985,-0.212491,-0.4465701,-0.06800546,-0.95701855,-0.12090732,-0.5934354,0.22859894,0.055735726,-0.048242237,0.40181094,-0.25511003,0.28066197,-0.42408136,0.5336262,0.4648723,-0.22354546,-0.68556976,0.14729695,-0.29788056,-0.090859525,0.018922403,-0.8055949,-0.59632725,0.5266797,0.057294607,0.017751692,-0.015626963,-0.18540967
calcination,0.31940058,-1.108442,-0.09028688,0.17335102,-0.31378797,0.4932332,0.8672309,0.19147184,-0.2568479,-0.18405926,-0.97707224,0.30665374,0.3923284,-0.16526385,-0.49004674,-0.6150265,0.3824772,-0.51424724,0.29705122,0.480472,-0.39058238,0.8619333,-0.41635874,0.15631329,-0.52931464,0.5074371,-1.0103346,0.6902613,0.26644945,-0.26128438,0.5737775,-0.25587568,-0.6679171,0.3843994,-0.013896532,-0.30241466,0.12128015,-0.29384202,-0.11899615,0.1169809,-0.1690908,0.2619697,0.53262573,0.029344978,0.5685368,0.17887616,-0.27791846,-0.51343,0.6432763,-0.16304648,-0.49420494,-0.7684179,0.15306485,-0.07672921,1.11532,-0.4942587,-0.10310276,0.40381542,-0.20212208,0.38377327,0.3299243,-0.5453782,-0.21248335,0.49867517,0.6127488,0.3818715,0.37084708,-0.36775586,0.5732995,-0.037396185,0.34775633,-0.35720655,-0.53177094,-0.11293184,0.1560472,0.10244945,-0.37570268,-0.32816753,0.05289576,-0.2651166,-0.3345882,-0.8926847,0.48938727,-0.17288914,-0.41885477,0.58079696,-0.21882087,-0.23996805,-0.31457946,0.117612384,-0.4281881,0.49797922,-0.80132574,-0.6755549,0.21980317,-0.60337603,-0.016301038,0.8563439,0.022502277,0.42791566
diet,0.56300294,0.7408058,0.28565717,-0.08745454,-0.5079572,0.9267755,0.39924005,0.059159726,-0.43345633,-0.16253455,-1.1123987,0.342338,0.46671668,0.15660684,-0.30881047,-0.27885017,-0.41987836,-0.37103704,0.34961206,0.4963856,1.17769,-0.22001971,-0.15958142,0.9611415,-0.681179,-0.32653695,0.06357429,0.1646361,-0.09886018,-0.48033395,0.19963567,-0.58719474,0.17197375,0.675356,0.44631374,0.502302,0.14574869,-0.12151776,0.59247637,0.8853133,0.38637236,0.23093376,0.6576417,0.4758134,0.18699358,1.2679379,-0.6762422,0.22186072,0.3323563,0.06836158,-0.22886698,-0.45192116,0.08450328,0.27830744,0.105208464,0.013987986,0.65118474,0.43457896,-0.5057348,0.35997006,-0.5341198,0.62708336,-0.47622854,0.12721036,0.9651056,0.1243026,0.6726161,0.17843255,0.12705226,0.40986723,-0.8041395,-0.38981992,0.032320205,-0.39824224,-0.36024186,-0.22236584,-0.2702138,0.6381982,0.42754894,-0.0641464,-0.16997874,0.45711938,-0.25607058,0.06244655,-0.34411964,0.02101665,0.3380004,-0.057877887,0.32121426,-0.5041085,-0.4941402,-0.61143667,-0.6491449,-0.51539344,0.036417443,-0.083888926,-0.015075753,0.19722651,0.033423305,0.5803306
animal_husbandry,0.1675166,0.32102513,-0.31039587,-0.47903708,0.014886813,0.43725333,0.4076896,0.0314915,0.58358645,0.14258258,-0.9718606,1.2402841,0.4371184,-0.30263662,-0.29719737,-0.15129311,-0.5413222,-0.87321115,-0.56925887,-0.059046313,0.58138937,0.18060826,-0.057529494,0.6062039,-0.05818503,0.09813267,-0.66411346,0.16117865,-0.06700892,0.20855698,-0.3927499,-0.18021695,-0.4421602,0.21266338,0.18442479,0.86940163,0.03984274,-0.72693044,0.6335267,0.90191096,0.3423052,-0.19818617,0.55173546,-0.31038892,0.34255254,1.178758,-0.0022025704,0.40565243,0.20636716,-0.5996502,-0.3152588,-0.3024225,0.20765796,0.03712046,-0.041729253,0.0034830798,0.42555025,0.4319404,-0.21145657,-0.04405425,0.00046952037,0.68054944,-0.4783969,0.46063352,0.7489556,0.1563806,0.6912111,0.38472235,-0.16168784,1.063182,-0.2845919,0.07145647,0.009409588,-0.66783905,-1.1842927,0.04202126,-0.08683927,0.154005,0.4782976,-0.027043786,-0.16138357,-0.09094435,-0.65148115,-0.07076167,-0.6334584,0.039242204,-0.36527506,-0.50223327,0.19554812,-0.5677679,0.08510662,-0.26059595,-0.38686082,-0.70473135,-0.0064260755,0.0023862189,-0.061170608,0.63501346,-0.16255388,0.019257925
surface_tension,0.15676881,0.07548535,0.025582558,-0.2940529,0.10312355,0.060086627,0.2716852,0.45062625,-0.18893082,-0.37471032,-0.7503236,0.02988518,0.61568326,0.05749704,-0.37752715,-0.7036287,0.07284963,-0.679551,-0.34263542,-0.015752705,-0.199942,0.37936592,0.17502278,0.054582708,-0.32416412,-0.46321523,-0.3646961,-0.07150213,-0.27719572,-0.2825952,0.13679127,0.24099892,0.1937536,0.22905527,1.0788666,0.036442704,0.86576366,-0.5273969,0.34536317,-0.41134566,-0.28587192,-0.7688947,0.60458744,-0.4675908,-0.38239485,0.36904657,0.0039437306,0.37393466,0.16121522,-0.20858715,-0.2894894,-0.7773305,0.20006815,0.101669036,-0.22814502,-0.29269162,0.15130508,0.34537506,-0.002162794,0.27859142,-0.17834078,-0.07917927,-0.60943973,-0.3246934,0.38791597,0.1497316,0.38217038,-0.16259767,0.11988646,0.07075129,0.30460018,0.6433033,-0.110486515,-0.13555744,-0.49268728,-0.030931402,-0.2801296,-0.32262307,0.15940557,0.31373557,-0.014955007,0.3192529,-0.33190334,0.25338745,-0.96998155,0.81024444,0.3791456,-0.50292945,-0.22162977,0.4465662,0.049743216,0.23547077,-0.7627131,0.0014679788,-0.38333812,-0.39526525,0.15578525,0.21984635,0.03734987,0.14988644
protein_protein_interaction,0.34082058,0.53173596,0.37401542,-0.36694923,-0.14712493,0.5897224,0.62153155,0.33899224,-0.018649543,-0.6098897,-0.5205543,-0.006691641,1.0538653,1.1413621,-0.16083275,-0.015203914,0.26319858,-1.0338523,-0.14150901,-0.6091014,-0.11865924,-0.3791158,0.09631933,0.5015862,0.31667933,-0.46001518,-0.060037557,0.77856565,0.49531898,-1.2663664,0.18392296,-0.023123683,0.15565117,0.009776771,1.0039831,0.11036334,0.231997,-0.3328777,0.37034073,0.18150692,-0.14705332,-0.4070784,1.3962026,-0.25965244,-0.22959033,0.8484184,-0.119226225,0.90901744,0.6298532,0.25835055,-0.42880917,-1.0685883,0.25503004,0.24462838,-0.005454959,-0.45104977,1.4686104,0.39984998,-0.9417989,0.10215804,-0.25061575,0.25012416,-0.53145915,-0.22165905,0.3709014,0.12347057,-0.065424286,-0.17183441,-0.15242714,0.27507114,0.10331889,-0.023211243,0.51444906,-0.22964984,-0.15960485,0.3112264,0.07034395,0.079870395,0.285241,-0.26978675,0.6181897,-0.4405722,-0.5995582,0.18818705,-0.55118674,0.48013616,0.42459157,-0.6087659,-0.05419471,-0.5569372,-0.22383167,0.80965537,-0.016819868,-0.66285306,0.12229934,-0.42802522,-0.018404704,-0.51959425,0.321206,-0.3926206
messenger_rna,0.46468672,0.3013778,-0.3019766,0.21995759,-0.13630347,0.63154715,0.5623336,0.8632221,-0.18366249,-0.12603469,-0.92346805,-0.5110932,0.68775946,0.97102726,-0.28042853,-0.31730184,0.09288494,-0.43048564,0.16188046,0.010869219,-0.48055485,-0.19031249,0.3140567,0.6067807,-0.43844274,-0.059803035,-0.27993774,0.63869864,0.1814446,-0.90776443,-0.24433094,-0.20233063,0.33405173,0.08863998,0.17623538,-0.12642077,-0.061582994,-0.4538042,0.89650375,0.5430783,-0.092988834,0.24883893,1.5932297,0.074864306,0.351363,0.96351504,0.09070453,1.222156,-0.08369973,1.0291984,-0.56373346,-0.58247375,0.46294105,0.19198878,0.62678826,0.060800146,1.0808185,0.47854584,-0.7331134,0.36909506,-0.8669816,0.8655326,0.32838148,0.50659823,-0.16989252,0.45761478,-0.0766831,-0.30105764,-0.009793521,0.5219341,0.48336124,-0.33952993,0.07289561,-0.016532129,-0.061115563,0.55623424,0.33585098,0.18189706,0.11915057,-0.50783277,0.2652478,-0.3015152,-0.37632662,-0.013712157,-0.060005143,0.035809625,-0.0211832,0.50442094,-0.29196283,-0.5487172,-0.7815146,0.4324513,-0.24569188,-0.32202867,-0.16044272,0.07786039,0.015780702,-0.25823897,-0.18543005,-0.47717592
agriculture,0.128373,-0.055495147,-0.36974943,0.24824022,0.039023947,0.16590387,0.3481216,0.210952,1.114852,-0.1060893,-0.43457448,0.59291923,0.06348937,0.16145374,-0.14426768,-0.21568808,-0.24019852,-0.4961217,-0.8370491,0.6916893,0.6380986,1.0138725,-0.050220758,1.0627003,0.39357373,-0.69174045,-0.8576389,0.14102672,0.1485019,-0.15490563,-0.13175252,0.103105746,-0.023466714,-0.4901116,-0.38354966,0.19190362,-0.5284267,-0.7169784,0.0846161,0.114101246,0.8252193,-0.20059675,0.12285363,-0.30153042,-0.02550286,0.40836015,-0.2654797,0.7500683,0.24670166,-0.5959161,0.59433657,-0.31600854,0.58570373,-0.67244667,0.28249922,-0.15417698,-0.53072125,0.23934372,0.1701258,-0.40775672,0.04371615,-0.15812278,-0.43125147,0.63712037,0.44970495,0.11941242,0.24750032,0.027168494,-0.04017604,0.8471226,-0.09865274,0.8704904,0.03818277,-1.0301207,0.02012499,-0.59739465,0.5350024,-0.0327529,0.7817527,0.102578804,-0.49888736,-0.25868338,0.2135411,0.5650847,-0.23710304,-0.4330936,-0.622382,-0.057581358,-0.105507106,0.48934188,-0.42892644,-0.08685727,-0.106619455,-0.29634845,-0.17430843,-0.12733026,-0.42951316,0.6064936,-0.45743147,0.37199616
gelatinized_starch,0.6409934,-0.4819245,-0.24235353,0.6003482,-0.08064091,0.09987274,0.35458246,0.4461929,-0.16822962,-0.16830353,-1.4287564,-0.15148261,0.20697208,0.75216985,-0.026558412,0.1902401,0.25901908,-0.5763147,0.08562046,-0.6039893,0.803888,0.20172422,-0.36016756,0.629911,-0.20935869,0.5567244,-0.5105988,0.094519146,0.66182905,-0.60238135,0.64601773,-0.20255393,0.4187328,0.42455196,-0.5286714,-0.26940572,-0.13073435,-0.6207119,0.14870209,-0.012554804,0.27717513,0.006928837,0.72282153,-0.03619424,-0.15561931,-0.07709506,-0.21640314,0.07599584,-0.028290993,-0.36924234,-0.23300739,-1.0919677,0.2432758,0.5207631,0.48678592,-0.1578919,-0.30821386,0.51416427,0.5819921,-0.08786263,-0.0764401,0.11602607,-0.059062414,-0.21068664,0.26633945,0.13508086,-0.18912558,-0.4808855,0.029861705,0.42266023,0.15270104,0.3332896,0.093350045,-0.2972271,0.6076332,-0.19314569,-0.23352806,0.013378273,0.0362297,-0.343981,-0.43858373,0.19328597,0.060959812,0.39822483,-0.031067584,0.521449,-0.068359934,0.10562604,0.1276279,0.084174916,-0.41469535,0.11867047,-1.4200189,-0.00172237,0.6189998,-0.44254896,0.16037185,0.7545196,0.07173236,-0.11698011
nitrogen_oxide,0.22961773,-0.41267297,-0.5539753,0.43084443,0.12950115,0.27739325,0.20703138,-0.10185324,0.98330885,-0.118406996,-0.32375798,-0.84827816,-0.1330686,0.29962233,0.052623603,-0.48323786,1.0128027,-0.63742024,-0.999559,0.8410719,0.31147876,0.35685724,-0.10348424,0.7296619,0.05094006,-0.112002335,-0.2029496,0.35910115,0.03641676,-0.7958275,0.49765635,0.03554589,-0.21868403,0.18994935,0.9430022,0.25515565,0.48533565,-0.7061082,-0.043520655,0.0820213,0.4307971,0.4465089,0.17526308,0.454861,-0.23103142,0.019384336,-0.23877937,0.57021755,-0.37204203,-0.7349418,-0.31502837,-0.6731986,0.75627184,0.3224214,0.75414145,-0.7181867,-0.8882318,-0.17890123,0.03203767,0.48465177,0.641984,-0.03826307,-0.29061788,0.14078096,0.09157477,0.46321386,-0.29362532,-0.5414208,0.91320306,0.7709365,0.65166885,0.5273223,0.71428645,-1.0615151,0.322184,-0.13873509,-0.5930672,-0.031058071,-0.20131649,0.532649,0.18542027,-0.46852395,-0.32538036,-0.18052818,-0.6648563,-0.017482413,-0.2286583,0.7115652,-0.36553276,0.03698716,-0.2130272,0.48672873,-0.14580119,-0.024744315,0.7299685,-0.63259387,-0.40253267,0.8209282,0.38273057,-0.2980181
validation_process,0.6081898,0.32305703,0.22360583,-0.3294772,0.033162575,-0.4330101,0.5676405,-0.0014536772,0.3038396,-0.51899654,-0.76059127,0.31275055,0.3167595,0.34192026,-0.64025974,-0.8281802,-0.17398801,-0.12772517,0.47137728,0.17258069,-0.026247706,0.6862103,-0.47225153,0.36973414,-0.50259537,-0.20665793,-0.47591302,0.59487444,0.00843639,0.14194132,-0.111306675,-0.7800786,0.50648475,-0.64071494,0.40842554,-0.3870581,0.4225849,-0.9392179,0.57697344,-0.50766015,-0.033023432,0.032684702,0.46665025,0.103488296,0.168205,0.9105595,-0.2909592,0.5877213,0.8672488,0.26560196,-0.5844156,-0.6226122,0.03607957,-0.14370725,0.30858642,-0.36981845,0.94701004,0.22366413,-0.6474033,0.12706211,-0.19649476,-1.311205,0.005717279,0.9594769,0.07882028,0.15440457,0.2585656,0.10073094,0.13602647,0.3435353,-0.19963358,0.4523215,-0.6854187,-0.2858684,0.05656254,-0.26903468,0.41656193,-0.17826825,-0.39463112,-0.14629278,-0.12910122,0.5217555,0.0077529857,0.09364361,0.14621487,-0.08475077,0.35652384,-0.47744036,-0.50035685,0.19547436,0.14470743,1.0298064,-0.17028585,-0.47140673,-0.23121008,0.41696653,0.098503046,0.14650287,-0.45698416,0.9302283
drug_solubility,0.8166954,0.4737557,0.026201054,-0.48002255,0.28860626,-0.5608603,0.77397,-0.06035739,0.20185111,-0.7192683,-0.5848358,0.20839557,0.33134484,0.9970809,-0.6861431,-0.49554348,0.059523858,-0.36785337,0.15585026,-0.59085375,-0.17128855,0.5398625,-0.382143,0.3219786,-0.060689155,-0.458667,-0.5897408,0.5416544,0.00080783846,-0.48416618,-0.0068009757,-0.03455127,0.7130909,-0.7040976,0.03826428,-0.39439538,0.29851893,-1.2683254,-0.33275232,-0.5373412,0.11291323,0.0061080568,0.81067765,-0.19553363,-0.031061586,0.48323098,0.20644829,0.3886741,0.6721046,-0.13790019,-0.61552256,-1.1793168,-0.016597606,-0.13198978,-0.03516982,-0.26250198,0.5552008,0.41055775,-0.109506704,-0.14974043,0.015865773,-0.9287355,0.36501473,0.68825495,0.10565524,0.32924896,0.7545961,-0.47317734,-0.05555708,0.54091585,-0.23028444,0.24477848,-0.23872092,-0.4193926,-0.02538295,-0.4060018,0.28298056,-0.19634642,-0.79659784,-0.32835138,-0.3927711,0.008355159,-0.024149936,0.33244997,-0.052837096,-0.15290624,-0.030297674,-0.22780807,-0.6746757,0.12560657,0.25726107,1.2888352,-0.34194288,-0.16382517,-0.018513724,0.18844792,-0.061499473,0.3241048,-0.53487957,0.42020288
shear_stress,0.35799348,-0.56950116,-0.3721291,0.67742556,-0.54194045,-0.13863802,0.21022151,0.51025236,-0.5492558,0.09934601,-1.4676585,0.077745534,0.68392396,0.878563,-0.440579,0.3648506,-0.1338781,-0.6049656,0.3251321,-0.6835254,-0.045137856,-0.053050917,0.20069392,0.052787896,-0.38202527,0.12411542,-0.42982092,-0.31631985,0.3265502,-0.87268776,-0.42221493,-0.15004471,0.560697,-0.046095666,-0.40241757,0.077622764,-0.20787473,-0.3817381,0.5235771,0.10702093,0.3931554,-0.02825282,0.92478746,-0.15054098,-0.55540025,0.18433234,-0.72317916,0.047319114,0.14069432,-0.705431,0.22986984,-0.48991853,0.3712709,0.5238946,0.07873027,-0.08457199,0.15637955,-0.019555278,0.25144792,-0.010497283,-0.057055123,0.6082832,0.0038481595,-0.03384051,-0.3346349,0.05147992,-0.50614303,-0.5814442,-0.31618375,0.32466307,0.29121083,0.21072948,0.27349162,0.21604379,0.3969293,-0.3632098,-0.29660887,0.26229918,0.24860686,-0.10494769,0.057904776,0.02158179,-0.12334403,-0.2031682,0.14064923,0.71783996,0.100524336,-0.25666595,-0.25507927,-0.18244818,-0.029928796,-0.14656894,-0.8725951,-0.2510299,0.59503436,-0.39721885,0.20430556,0.31693888,0.20354441,-0.5801138
navier_stokes_equation,0.14692795,-0.5903662,-0.116776645,0.70324945,-0.38065922,-0.24258251,0.030168306,0.17645352,0.15849046,-0.42652476,-1.1467612,0.27697617,0.80953825,0.44324297,-0.86536837,0.28319463,0.32161674,-0.36842728,-0.22353785,-0.1100839,-0.18964703,0.61966026,0.71692115,-0.0039757225,-1.0650206,-0.3014937,-0.89098126,-0.3872083,-0.64236945,-1.0392659,-0.40190667,0.38046408,0.2917459,-0.26099342,0.14040035,0.2867514,0.22018681,-0.66209084,0.5913011,-0.062096663,0.70143145,-0.058437333,0.60957944,0.007189648,-1.0258027,0.20091175,-0.79338104,0.5229159,0.72857887,-0.54967874,0.12620944,-0.24840799,0.46404684,0.43117076,0.034683578,-0.41381413,-0.063466005,-0.033057824,0.44530192,-0.31645465,0.25775656,-0.03535907,-0.18942948,0.42304316,0.11924406,0.3194445,-0.30123895,-0.74344856,0.50613046,0.13588464,-0.014771287,0.51937646,-0.026064143,-0.43448654,-0.29021052,-0.54941595,-0.2387072,-0.024615591,0.14551622,0.34156495,0.046418075,-0.23053963,0.15069959,-0.053336717,-0.0573442,0.54856014,0.11493985,-0.43413138,-0.15422449,0.02484548,0.07056895,-0.013628057,-0.5498395,-0.36082786,0.24959604,-0.3379667,0.21023127,0.21987243,0.20103736,-0.45217612
flow_pattern,0.1600653,-0.5717238,-0.0600242,1.0801963,-0.48935404,0.098622456,-0.26445132,-0.13107166,0.23562323,-0.48171526,-1.2071288,0.5935516,0.8210379,0.47503805,-1.116737,0.37200445,0.07901403,-0.5374908,8.354194e-05,0.20115289,-0.25642714,0.5615022,0.48928183,0.049910396,-1.402771,-0.47843203,-0.8354818,-0.34628293,-0.57286537,-1.1252476,-0.17118518,0.37559083,0.09827486,-0.3380396,0.09682021,0.13852504,-0.141813,-0.59155214,0.6461973,0.45693195,0.5290349,0.07594553,0.64586645,0.062138222,-1.147593,0.37069243,-0.9995018,0.52919215,0.7324019,-0.68261975,0.42528787,-0.47571424,0.2585898,0.46306843,0.18056798,-0.309796,-0.0203232,-0.1165185,0.17617851,-0.3132597,0.16956492,-0.18578532,-0.1833857,0.40413573,0.15381536,0.20755592,-0.0007220127,-0.64793724,0.46246293,-0.17462277,-0.013323468,0.5105715,0.008129312,-0.47192362,-0.14093003,-0.7811865,-0.2813662,0.010553776,0.050307296,0.1282941,-0.07952349,-0.21096817,-0.03878783,0.00041439393,-0.04257496,0.4142521,0.12062273,-0.40306237,-0.041022345,-0.2408672,-0.03549612,0.28070933,-0.27986488,-0.4997215,0.36139232,-0.5952913,0.17316471,0.09922947,0.31553888,-0.26649746
sodium_chloride,-0.5634289,-0.08847885,0.30385473,0.51555747,-0.7036664,0.42922688,0.24085037,0.2610341,-0.2967082,-1.2751216,-0.55494964,0.3449098,0.24704559,0.35013112,-0.41554964,0.10557017,0.5993304,-0.25962767,-0.3526092,0.574452,0.08724232,-0.16691118,0.4584256,0.61027277,-0.3642123,-0.17763558,-0.030380568,-0.33076733,-0.18451834,-0.2418587,0.18348809,-0.80506724,0.15178972,0.7586658,1.1652846,0.56739205,0.9145293,-0.041914035,-0.28776312,-0.6433142,0.14324322,0.27940485,-0.040543217,0.3303083,-0.48858425,0.40727744,0.07543811,0.1679722,0.8529304,0.35779616,0.041099902,-1.3767799,0.1227172,0.8228679,-0.21523632,-0.3670284,0.63855773,0.2500038,0.3775846,1.0801568,0.32250437,-0.38870463,-0.94353044,0.13643561,0.60087377,0.04325385,0.10825258,-0.32513312,0.34822673,0.24880977,0.005655862,0.11867162,-1.2482911,-0.23944053,-0.3547865,-0.1555157,-0.224915,-0.60859555,-0.045208607,0.08166539,-0.032577313,0.40073633,-0.61450857,-0.0177752,-0.1798982,0.8708321,0.40726036,-0.8899693,-0.09358913,0.53012276,-0.6190558,0.48371005,-1.1614861,-0.22251523,-0.4842609,-0.36139384,0.13270436,0.4310275,-0.4806991,0.26929018
light_scattering,0.20098868,-0.089348145,-0.25200924,0.7316848,-1.0025898,0.40781933,-0.41799164,0.048499987,-0.03351631,-0.4851578,-0.7255213,0.4209564,0.3177545,-0.37205562,-0.124598816,-0.16151343,-0.26571748,-0.7826247,-0.6949156,-0.26456758,0.19129078,0.42970642,0.029064829,-0.19885898,0.28091097,-0.4762982,-1.4948927,-0.07409983,-0.05770273,0.2636539,-0.1620296,-0.42119247,-0.057436865,-0.8875114,0.0493384,0.50825715,-0.7981043,-0.8177232,0.5499118,-0.19867142,-0.061943877,-0.64757025,0.3870322,-0.23456104,-0.79327285,-0.007254871,0.019439446,-0.25577632,0.5477983,-0.3748662,0.022191482,-1.0176983,-0.146548,-0.08188572,0.22544856,-0.3760514,-0.19677886,0.085684836,0.22888334,0.4844318,-0.128494,-1.0326022,-0.44376135,0.47784212,0.9558218,-0.08435676,0.024462594,-0.31430742,-0.16115203,0.6858816,-0.7029167,0.013489883,0.12985684,0.06277386,-0.61115015,-0.62834144,-0.07970906,-0.29046503,-0.07774249,0.48994085,0.35210198,0.29084656,0.30887288,0.3827933,-0.81947666,0.29513648,0.0054567778,-0.20886727,0.039533403,0.14041626,-0.63805646,0.74099165,-0.318885,-0.047130693,0.14069758,-0.08738177,-0.19120742,0.2936042,-0.4311859,0.30537373
biochemistry,-0.10078135,-0.01086229,-0.15867358,0.65044475,0.054248635,-0.2954747,0.44415712,0.26274976,0.60350853,-0.2995154,-0.24110845,-0.61290765,0.087358005,-0.10776529,-0.18940476,-0.48095286,0.16834207,-0.5328443,-1.1401384,-0.055551082,0.51708233,0.14041305,-0.055762086,0.46007052,0.7086331,0.12949456,-0.11662552,-0.72352296,0.26429093,-0.6107385,0.20516953,-1.0493214,-0.036670472,-0.42502135,1.0681835,0.3207381,-0.12729868,-0.68439394,0.054057617,0.35921097,0.22065338,-0.13400222,-0.21111974,0.5165842,-0.59023273,-0.4796123,0.83824664,0.21847598,0.2388913,-0.33534515,-0.20328563,-1.1275096,-0.038968343,-0.21342844,0.39298946,0.3504769,0.1003895,0.24078676,0.16383195,0.9770111,0.08873413,-0.6279046,-0.35637382,-0.24491903,0.32331672,0.37971434,-0.031407513,-0.42789802,0.19514148,0.40575296,-0.509181,-0.10752555,-0.18057568,-0.097784676,0.29479918,-0.5612177,0.68220335,-0.14650084,-0.111923434,0.6594236,0.32975915,-0.21630053,-0.37188134,-0.34747547,-0.8263608,0.6691206,-0.08164027,-0.09960951,-0.40397477,0.010669136,0.05024943,1.4211881,0.017457435,0.29881275,-0.59310186,0.25896585,-0.0012010178,0.42266276,0.16731794,-0.4262292
mutation,-0.3894127,0.46105704,-0.23639266,0.9914929,0.35460183,0.4707266,0.99097914,0.7742619,0.06077907,-0.123897664,-0.32579342,-0.44607985,1.1599221,0.34025106,0.063579455,-0.30992824,-0.08773336,-0.9138195,0.009545101,-0.00041476812,0.6245243,-0.22406158,0.34935915,-0.058921695,0.0094640255,-0.545204,0.00084055687,0.3789548,0.26392198,-0.90803313,0.31923008,-0.3006483,0.023706205,-0.076478384,0.08861369,0.064265594,0.111485586,-0.20504424,0.24827573,0.3083429,0.21376103,0.066457674,0.6197401,-0.2882044,-0.5197545,-0.034739133,0.38000432,0.70149493,0.21815868,0.5065342,-0.11484463,-0.49731934,0.47290215,0.28442767,0.020114778,0.319496,0.6337194,-0.31152922,-0.8415627,0.104576185,-0.43123472,-0.0867801,0.032889917,0.31029055,0.65266865,0.40069237,0.28375134,-0.50454986,0.13389316,0.8753748,-0.17108195,0.14791207,0.27022782,-0.12515326,0.22611907,-0.21793076,0.4286972,0.41542447,0.5836568,-0.37471414,0.4986473,0.23321974,0.0010640497,0.6141936,-1.0852706,-0.18584943,-0.088236175,0.23483285,0.313076,-0.1641863,-0.12325534,0.8621544,-0.19087029,-0.4514757,0.14583434,-0.27243525,0.17445235,0.053907342,0.2959574,-0.51894903
palladium,-0.25326043,-0.84711987,-0.11587526,0.20011164,-0.3665919,-0.2987095,-0.68736076,0.36682457,-0.2624896,-0.18993089,-0.8733153,-0.2891121,0.43002766,0.32228008,-0.60920715,0.013135584,0.5700411,-0.37133443,-0.1872594,0.7717541,-0.18774709,0.52959216,-0.54508364,0.26733884,-0.62911266,0.31341037,0.1261705,0.14941262,0.4608225,-0.90675855,0.4522218,0.24552709,-0.4612053,0.6744326,-0.11648955,-0.19357842,0.87385195,-0.6725809,-0.031510077,-0.13414493,-0.15686958,0.69714123,0.045149997,0.0015405942,-0.12552884,-0.19184797,-0.10857968,0.1288356,0.9777492,-0.5518831,-0.3075851,-1.0520583,0.46956903,-0.13173674,0.5609403,-0.70957416,-0.37318215,0.31535733,0.5691903,0.35795063,0.09079006,0.49637803,-0.6400169,-0.4074233,0.02650319,0.40355983,-0.22582315,-0.16875774,0.09936641,-0.22046,0.88886243,0.06474343,-0.15427697,-0.26414937,0.3458732,-0.011657768,-0.2488544,-0.34256563,0.047145687,-0.22644152,0.068285905,-0.5280744,-0.20382519,0.3214965,-0.3898363,1.0419097,0.17214979,-0.2399474,-0.9996716,0.75715786,-0.4253009,-0.022935564,-0.29005128,0.09541575,-0.46206763,-0.5824505,-0.20183328,1.0587863,-0.7229997,0.15951379
wound_and_injury,0.3504965,0.5092444,-0.7705615,0.1320027,0.5203456,0.08452063,0.82536244,1.9706479,0.370052,-0.0020516382,-1.7639997,-0.25674495,0.8759662,0.6585516,-0.6589819,-1.3244302,-0.80707926,0.30396986,-0.23483923,1.0333,0.1459816,0.5164424,-0.23388907,0.29149133,-0.99647146,-0.23195674,-0.51428455,0.1602118,-0.26966932,-0.5175122,-0.6643287,-0.8304212,0.8432008,0.6334348,-0.5253704,0.538037,1.7629435,-0.60467416,0.51794267,0.03534224,-0.0040854597,0.047845274,-0.094090514,0.20984626,-0.08206595,0.7915287,-0.5268775,0.10540443,-0.17556934,-0.4374529,-0.4258119,-0.051819883,0.8290621,0.037445985,0.5513751,-0.5091538,0.93997985,0.53671384,-0.82633096,0.41058025,0.0131243635,-0.1065203,0.34320977,0.2869517,0.91302687,0.44896066,0.08406684,-0.3367091,0.47912636,1.5888128,-0.12384133,0.9060746,0.55354345,0.736051,-0.14836355,0.30233008,-0.12897918,0.5161454,1.0451611,-0.49193347,0.2112176,0.43565083,-0.093063556,0.10210218,-0.58417195,0.8145284,-0.070315205,0.96308076,-0.5330563,0.3212686,0.33865598,-0.2584706,-0.46343684,-0.36887515,0.4095914,-0.059646618,0.14386198,0.8687013,-0.18586013,0.53852904
newborn_disease,0.31263506,0.2369236,-0.86705106,0.37011704,0.50547165,0.17783445,0.22593895,1.4986709,0.22108617,-0.3478793,-1.3342342,-0.5554779,0.84980863,0.349437,-0.19515367,-0.5563,-0.46656463,-0.0171443,-0.18312213,0.26961973,0.55030745,0.54983747,-0.22971974,0.027967859,-0.9285778,-0.40902478,-0.36942616,0.13079254,0.29294038,-0.8383998,-0.15753333,-0.62636095,0.48179078,0.38407537,-0.27324116,0.025644714,1.1898506,0.027687807,0.42749628,0.05471365,0.5929334,-0.0006662123,0.036204703,-0.06829227,-0.17546065,0.64358217,-0.4778293,-0.17279421,-0.14173348,-0.28749374,0.013269992,-0.13462122,0.87102723,-0.2953111,0.96720916,-0.20948166,0.66068655,0.44880542,-1.0720854,0.34846067,0.044321824,0.28387058,0.23053546,0.973145,0.7152933,0.6273035,-0.23438138,-0.3320697,0.5449328,0.6660056,0.48131663,0.72767633,-0.20050362,-0.059816573,-0.03116499,-0.30500695,-0.40620366,-0.16888325,0.94523954,-0.46096104,-0.072470695,0.81640625,0.35181755,0.4240206,-0.95155805,0.3044677,0.37493655,0.7791076,-0.30680215,0.2103582,0.54072124,0.2567982,-0.6055286,-0.021353327,0.43141353,0.17957202,0.16697563,0.8069383,-0.2578201,0.42645073
educational_status,0.39245018,-0.5300206,-0.8658598,0.17049935,1.0038427,0.14781824,0.41908333,1.3723725,0.7316046,0.17702442,-1.1218803,-0.25091705,0.6138765,-0.08366659,-0.38705075,-0.16954106,-0.41448048,-0.034405947,0.011704525,0.4725511,0.17172651,0.286098,-0.26858145,0.32117733,-0.51904625,0.30096304,-0.29247692,0.38105744,0.2776058,-0.2960247,-0.13269179,-0.3779423,0.16910338,0.3606792,-0.31894282,0.39292535,0.64360696,-0.4618723,0.033826884,0.8153075,-0.06973028,0.3803999,-0.46415967,0.3814755,-0.2499917,-0.009184726,-0.12584011,-0.20632863,0.28574383,-0.29148948,-0.17745034,-0.14196342,0.25392434,0.49270952,0.7506853,0.0019741692,0.5141172,0.45909333,-0.42075774,0.007799436,0.20294818,0.32906628,0.7561704,0.39093095,0.22381152,0.35958934,0.009633141,0.010781044,0.50464773,0.94099617,0.16696966,0.57201004,-0.31646326,0.32495943,-0.16318364,0.42115802,-0.18780465,0.19574012,0.36068472,-0.2566433,0.102780655,0.34904054,-0.38542572,-0.5357637,-0.25644454,0.6152531,0.040793277,0.4117663,-0.53107154,-0.21949461,0.05839571,-0.5051313,-0.43669727,-0.048503336,0.14318778,-0.45460755,0.13730161,0.93863785,0.0914153,0.35160193
disability,0.23558801,0.061843842,-0.6869342,0.04367226,0.36228013,-0.22213608,0.25180802,1.1918766,0.5151667,-0.17215994,-0.88448817,-0.2746414,0.6262567,0.19442229,-0.026042946,-0.55817646,-0.6773052,-0.18525496,-0.17793925,0.2562669,0.1088842,0.44282374,-0.19861415,0.21576968,-0.72289366,-0.24802423,-0.37039953,0.36483046,0.09172361,-0.73324525,-0.20817113,-0.463871,0.17314817,0.24163891,-0.15524472,0.23014227,0.74412084,0.12102981,0.09670002,0.10921039,0.2788196,0.12130362,-0.008075404,0.045363095,-0.14907609,0.56250805,-0.5157996,0.1940112,-0.022731166,-0.133022,-0.22087924,0.03696541,0.76715046,-0.2815929,0.6808434,-0.0013778488,0.6209206,0.31565544,-0.9782097,0.18738467,0.38038278,-0.17830592,0.1801808,0.7262212,0.66852117,0.42340565,-0.41267323,-0.0484425,0.2225729,0.3530282,0.3221619,0.5882555,-0.16038737,0.010341495,0.004463519,-0.04091015,-0.27050638,-0.10462862,0.3649036,-0.19004089,-0.018241668,0.5355392,0.050736513,-0.09593825,-0.5956319,0.22295216,0.1753858,0.40566185,-0.14418903,-0.10336952,0.5595785,-0.002684225,-0.36556333,-0.20530863,0.28741053,0.21744946,0.2628497,0.4959794,-0.008554439,-0.09478902
diabetes_mellitus,0.32365966,0.105699405,-0.48549268,0.04555717,0.38860834,0.21517771,-0.026653107,0.79511195,-0.18791178,-0.339509,-1.3320887,-0.28485507,0.62911123,0.2157735,-0.21806912,-0.16748908,-0.2588226,-0.1086148,-0.3395418,0.16361308,0.027360544,0.3190497,-0.1818458,-0.21615414,-0.80425686,-0.0026112096,-0.10801304,-0.25780326,0.15702718,-0.6140173,0.063417196,-0.3792339,0.13779561,0.44316345,-0.01924291,0.032373585,0.799146,-0.16235608,0.5579813,0.24116305,0.32843685,0.018489106,-0.14841597,0.08825465,-0.09872537,0.33308262,0.023456696,-0.34884268,0.38670796,-0.32285067,0.017396145,0.013773503,0.5639732,-0.2745618,0.7366313,-0.16878997,0.7015583,0.27331915,-0.68488693,0.42387882,0.1813208,0.21407983,0.096799836,0.737644,0.5150474,0.50039405,-0.17106433,-0.047567036,0.2891312,0.23451227,0.24033177,0.2051524,-0.38579747,0.06427724,-0.315222,-0.26101062,-0.4743286,0.010564332,0.555353,-0.33743772,-0.15681684,0.48925826,0.48128223,0.18848726,-0.44393107,0.38996604,0.50579304,0.4980519,-0.5976315,0.15304756,0.5068362,0.14986466,-0.32632267,-0.07023911,0.49740773,0.10773822,0.027492166,0.28043422,-0.28571323,0.3567057
chronic_obstructive_lung_disease,0.033141945,0.046951413,-0.48337957,0.11167228,0.709895,0.090935305,0.15763795,0.7307441,0.09429959,-0.5109012,-1.2198753,-0.16343178,1.0325252,0.2650685,-0.03161463,-0.330317,-0.16566095,-0.29418162,-0.2274635,0.12888475,-0.08292056,0.23748475,0.13028198,-0.5576481,-0.7741638,-0.065678254,-0.4038667,-0.01531521,-0.029516814,-0.48118627,0.06532804,-0.26928055,0.00054626906,0.54174215,-0.055959612,-0.039917424,0.9011762,0.040332094,0.4798822,-0.16404527,0.18733971,-0.040226996,-0.3431192,0.017227145,-0.4199241,0.5156846,0.09486419,-0.17427589,0.26768467,-0.14261685,0.028261784,0.10878413,0.5529112,-0.43554237,0.5527063,-0.2112641,0.86784786,0.30648,-0.67935616,0.36796024,0.040728953,0.5659067,0.13147965,0.7223825,0.5135934,0.8271419,-0.12118179,-0.03253628,0.46334308,0.19430637,-0.068589784,0.102603935,-0.124802396,0.11106947,-0.104103975,-0.4698624,-0.33889318,0.11306425,0.22442445,-0.15375182,0.25326437,0.12407824,0.40962565,0.21905382,-0.17415047,0.2726602,0.18794449,0.58602655,-0.5492071,0.18787031,0.38801557,0.21135111,-0.23487246,-0.2907691,0.4510605,-0.23025677,0.008557908,-0.20574327,-0.11437555,0.164826
chronic_disease,0.30772755,0.28133175,-0.8204531,0.056784242,0.7215637,0.035909403,-0.043074086,1.3515785,-0.1711372,-0.038210433,-0.9378726,-0.16568102,0.6963752,0.56486005,-0.04320943,-0.23095617,-0.5983926,-0.3298697,-0.51444656,0.27392483,-0.05607372,-0.08149002,0.19107577,0.19771719,-0.20487012,0.030167714,-0.18572101,-0.08762503,-0.014011911,-0.7849878,-0.30869648,-0.41695464,0.117429316,0.5707539,-0.2894415,0.30039486,-0.07942214,-0.03403772,0.15365136,0.35305354,0.016645238,-0.29074213,-0.34924775,0.31806275,0.4588089,0.5689502,0.19216605,0.0628134,0.43441093,-0.04138041,-0.06330597,0.08017234,0.537634,0.061051067,1.0209792,-0.014085227,1.0240915,0.30914947,-0.82374173,0.72749543,0.19760261,0.07723218,-0.019913774,0.50509524,-0.0202481,0.007926502,-0.52832896,-0.4236223,0.12150132,0.16247176,-0.23495565,-0.06213823,-0.41024396,0.40302598,-0.10988652,-0.3647489,-0.9832962,0.36021194,-0.21498309,-0.27177784,0.28456232,0.21029133,0.35500512,-0.43795532,0.02963596,0.63485193,0.7685008,0.5771425,-1.0796759,-0.2827742,0.17327924,-0.20373015,0.068927474,-0.114805095,0.011164178,-0.0963123,-0.031459074,0.37311172,-0.6244168,0.0231763
biofilms,0.1862555,-0.84666204,-0.26361632,0.2990967,-0.11428025,-0.11271085,0.178564,0.33195537,-0.3115999,-0.0056017754,-0.46857956,0.10075297,0.9423264,0.2721667,-1.2111942,-0.5675179,0.45500636,-0.5329526,-0.0779892,0.25208098,0.20826736,0.68162537,0.55976623,-0.10420433,-0.29693362,-0.24716535,-0.889039,-0.24685687,-0.4840616,-1.58083,-0.0009090509,0.43836468,0.2626393,-0.27863762,0.5067978,0.41934034,0.05789095,-0.56715125,0.50690514,0.5106935,0.51111954,0.40017813,0.29973227,0.31503472,-0.83024603,-0.3253094,-0.21218017,0.6871451,0.27597037,-0.72933304,0.1516116,-0.43824738,0.48640087,0.124622524,0.27685404,-0.76293236,-0.7886736,0.11968368,0.7108657,0.0978889,0.22350214,0.35590038,-0.60280824,0.15957466,0.16083758,-0.020495633,0.084393665,-0.5926566,0.22778413,0.25293517,-0.3265425,0.30188712,0.69496244,-0.17098024,-0.6260546,-0.44619498,-0.22378089,0.3389291,0.15379745,0.26146907,-0.14079872,-0.4567918,-0.09740331,-0.21633255,-0.47104344,0.25583237,0.2564925,-0.5019724,-0.53600335,0.27058724,-0.76027125,-0.27301717,-0.4368453,-0.60925,0.5572397,0.28302813,0.09975278,-0.61662817,-0.117777795,-0.5942111
spectroscopy,0.35203862,-0.53618085,0.024993956,1.2374125,0.2640297,0.5163128,0.3803814,0.30599445,-0.3797047,-0.16638437,-1.3213859,-0.2384947,0.26960197,0.24824832,0.4351433,0.1885786,0.056765765,-0.85223466,-0.16173343,-0.060424525,0.35949197,0.45139572,-0.23162772,0.1548003,0.2626819,0.6180443,-0.9490594,-0.032088157,0.26662794,-0.3969919,0.5763662,0.008393735,-0.53882986,0.40161318,-0.8487762,-0.46543738,0.042425018,-0.4129378,0.62959987,0.25586122,-0.028233299,0.17034985,0.00958426,0.34943104,0.35550877,-0.21946177,0.40517208,0.31341848,0.03513066,0.20598826,-0.4473765,-0.61546856,0.31833875,0.97333777,1.1415973,0.1472587,-0.5884877,0.64218146,0.4378647,0.067644656,-0.33213934,-0.13849747,-0.08450227,0.95909286,0.914499,0.0031458305,-0.014188671,-0.49722233,0.18113844,-0.0523686,0.23950762,0.85822445,-0.16617183,-0.47028753,0.1977145,0.4286282,-0.5320792,-0.4072764,0.47543085,0.07235043,-0.567589,0.0972044,0.485571,0.42618877,-0.09734321,0.39295736,-0.18137935,0.06811722,0.15373676,0.71757954,-0.70955163,0.48471352,-1.0839139,0.15295815,0.60051495,-0.29080343,0.4155043,1.0366678,-0.37172535,-0.36519054
parkinson_disease,-0.13876899,0.40028945,-0.000997525,0.4921012,0.49195156,-0.133835,1.2415583,0.37837613,-0.5038057,-0.7424802,-1.5311893,0.15357164,0.806133,0.07298075,0.10818072,-0.3913956,-0.246033,-0.4527562,-0.18546422,0.21577437,0.72956896,0.15097599,0.33951947,-0.30050611,-0.023518197,0.05025402,-0.5375922,-0.802849,-0.4441546,-0.13969667,-0.18055244,-0.43036234,-0.2475072,0.78899074,-0.83534634,0.0035811714,0.1906647,-0.19102575,0.28150624,0.35322878,0.5092628,-0.24258444,-0.15456845,-0.0148830535,-0.21967436,0.05280382,0.54093266,-0.20222802,0.36223665,0.71572036,-0.08644675,0.28380555,-0.01901011,0.59496313,0.6024132,0.91928095,0.76810133,0.43025926,-0.8189784,0.5737344,-0.68258184,-0.2123483,0.8194559,1.5094006,1.178616,1.3217186,0.6636074,0.12893285,0.28630835,0.32818457,-0.42930895,0.20847932,-1.1363139,0.38440156,0.14737858,-0.29804716,0.18446434,-0.2261627,0.8740385,-0.23768838,-0.25624943,-0.06179476,0.60185826,0.68214977,-0.61601484,-0.02058258,-0.19447377,0.55285305,-0.035432104,0.31563592,-0.5790833,1.002842,-0.5093998,-0.53431857,0.099079676,-0.735471,0.7128822,0.54172635,-0.27099878,0.29072085
mass_spectrometry,0.75433475,0.44615325,0.077440575,-0.041947626,0.570595,-0.24718139,0.09131155,0.1660877,0.5917368,-1.0084193,-0.30958393,-0.027412174,0.43852124,0.7174952,-0.39078832,0.46326494,-0.121876,-0.6384582,-0.06914487,-0.028257743,-0.080485076,-0.1309986,-0.70199895,0.77275395,-0.33004922,-0.48053217,0.009591812,0.45880002,0.6250159,-1.0128154,0.3488381,0.23529771,-0.28736934,-0.3117129,0.39652124,-0.4347385,-0.27096966,-0.58939344,-0.041997917,0.39283845,0.18476833,0.24334337,0.67702806,-0.1336849,-0.2659582,0.48898447,0.51152253,1.3805398,0.62608767,0.31076318,0.054550342,-2.1396008,0.091934375,-0.2019504,0.017686801,0.19192897,0.93385625,0.34442163,-0.17933698,0.2853565,0.42787656,-0.21006723,-0.12158889,-0.24646287,-0.30457544,0.09850946,0.57463235,-0.44564396,-0.24377511,0.6298694,0.38666937,0.13534492,0.25252184,-0.50196415,0.18576895,-0.7025817,0.35716474,-0.064973995,-0.97253865,-0.800514,-0.19746554,-0.28386512,-0.3116382,0.77275395,-0.78173774,-0.4531829,-0.19630493,0.5560388,-0.73056597,-0.20318803,0.12675454,1.054754,0.13630787,0.2264143,0.08923982,-0.5649114,-0.25246415,0.024684919,0.13617682,0.2740395
nanocomposites,-0.20393,-0.7332127,-0.09817464,0.51435494,-0.10510114,0.33974588,0.119692005,0.555255,-0.3321933,-0.39600664,-0.9892324,-0.9626296,0.39643747,0.7669225,-0.2588723,0.13337052,-0.07419031,-0.7165552,-0.199906,-0.43592694,-0.17210557,0.18419006,0.20255291,0.31382033,-0.32776406,0.23473626,-0.87606317,-0.07108081,0.08885944,-0.50033325,0.46109277,-0.17845774,0.19811636,-0.08916307,-0.5018929,0.14761977,-0.061384432,-0.49056426,0.42153198,0.2203075,-0.020863952,0.8741624,0.19698642,0.5776282,-0.23229334,-0.0291902,0.090733565,0.11459489,0.5952664,-0.035630155,-0.17494038,-0.7363761,-0.05175274,0.7804643,0.19472277,0.102332585,-1.0473312,-0.09061484,0.12856482,0.27480432,0.6678334,-0.25302938,0.24973893,0.768123,0.6876977,-0.32421634,0.5461775,-1.1343423,-0.13691123,0.4539631,-0.33518666,-0.5438774,-0.30309373,-0.6763027,0.13161543,-0.21684133,-0.21465638,0.52810866,-0.14447045,-0.01319433,0.028908636,0.038620725,-0.13715872,0.15369236,-0.026021473,-0.16791989,-0.74921674,0.27366096,-0.049944274,0.48245022,-0.16865996,0.98900205,-1.0740869,0.23665419,0.055315148,-0.13770519,0.33332825,-0.01391703,-0.06617584,0.00442461
lipid,-0.39001358,-0.12842654,-0.10632024,-0.022385584,-0.15570089,1.0792632,-0.22063027,0.5269003,0.069029644,-0.09614247,-0.4602343,-0.23111516,-0.6717678,0.9868083,-0.47306535,-0.035402443,0.46128464,-0.13521777,-0.23162752,-0.37866125,-0.14036728,0.32190356,1.1045341,0.7294747,-0.6301789,-0.11340388,-0.11284846,0.23505886,0.44193453,-0.25704333,-0.11129824,-0.79701144,0.11798462,-0.19326802,0.5325615,0.6477739,0.4070586,-0.61233014,1.4289155,-0.12112489,0.11337943,1.6623393,0.365559,0.114568226,0.3408478,1.4759123,0.016419549,0.6210177,1.1065115,0.08471221,0.46755287,-0.0079221,0.045845482,-0.3566762,0.3774038,-0.9745262,0.17990822,0.3988699,-0.1864985,0.39988327,0.25005937,0.45055747,-0.07803745,0.7412024,0.7717951,-0.2915378,-0.05797525,0.44670892,0.23497699,0.15406433,-0.30022538,-0.7662186,0.10438776,-0.7125425,-0.5221492,0.19863708,0.17551184,0.24954797,0.53241307,-0.4947344,-0.21773063,-0.2161302,-0.5454647,-0.51913434,-0.012039313,0.29962277,-0.23569494,-0.36288306,0.13674179,0.25822544,-0.9055675,0.33502394,0.15992163,-0.554375,-0.08463541,0.47580653,0.54028916,-0.36052242,-0.6746523,-0.2846454
hormone,0.41736913,0.11782355,0.18857187,0.04146004,0.17221487,0.93335885,0.46511224,0.532858,0.12969184,0.18526332,-0.7517106,0.019290494,0.15474631,1.1903713,-0.5375665,0.20883287,-0.117079176,-0.48532888,-0.7646542,-0.83207875,-0.19654123,0.19291703,0.5139581,0.842261,0.6159706,-0.28114384,-0.19639538,-0.0072563747,0.31805977,-0.52499115,-0.47572777,-0.05511083,0.10090276,-0.50376356,0.1116592,0.48072928,1.1914908,-0.91541755,0.845967,-0.5489218,-0.08334399,0.03621586,-0.10732226,-0.0041430104,0.6938575,1.1751271,0.24330485,0.6999592,0.35220173,-0.2970289,0.2497191,-0.23533538,0.07006942,0.43976292,0.6944643,-0.075144835,0.6040038,0.94776165,0.3103002,0.34550774,0.12930031,0.71484447,-0.19674326,0.25974557,0.28485912,0.12487524,-0.098155014,0.11829029,-0.52096397,0.52658653,0.35343045,-0.0041942718,0.067991324,-0.29027605,-0.057010505,1.0419496,-0.44300145,-0.37645683,0.48251227,0.722224,0.104776554,0.21186373,0.18108302,-0.07164981,0.49271145,0.6114666,-0.40658936,-0.619836,0.56197196,0.6189014,-0.11524515,0.25029987,0.26606092,-0.7208704,-0.46686777,0.19626364,0.9214516,0.49655175,-0.80774635,-0.20209822
food_intake,0.47163388,-0.1468152,-0.10960564,0.30263552,-0.23675361,0.6206277,0.53366417,0.2598055,0.13161032,-0.32945633,-0.8862685,0.0340252,0.07380375,0.9652612,-0.5165618,0.45416975,0.21321602,-0.12027608,0.08155753,-0.19928576,0.5185481,-0.26873657,0.09613781,1.0120277,0.30764768,-0.08126933,-0.13438094,0.41045648,0.35039172,-0.29505238,-0.5196117,-1.1414747,0.78516287,-0.1039531,0.10114842,0.26416823,0.81297714,-0.41766688,0.6809378,0.061594877,0.4294179,0.9292647,0.19851685,0.73348206,0.24793763,1.3658262,-0.17985706,1.0533224,0.41630185,-0.23276527,-0.18357304,-0.6267584,0.10252623,0.46319342,0.47370642,0.17143692,0.9902069,0.4272249,0.07758916,0.70170516,-0.009947667,1.1397865,-0.9096149,0.17222522,0.12277635,0.07937836,0.0473078,-0.1385965,-0.13733205,0.63453394,-0.20492077,-0.056142375,0.17109896,-0.14388984,-0.08656007,0.2965936,-0.091950476,0.21418618,0.35373923,-0.20762303,0.22408447,0.32168636,-0.69073796,-0.1943071,0.44485793,0.3337886,-0.04111439,-0.4733317,0.45626903,0.058058567,-0.114685364,-0.18407308,-0.5016324,-0.96280664,-0.11037076,-0.02133407,0.35717547,0.22033624,0.11438312,-0.06766433
neurophysiology,0.16163749,-0.05508824,-0.08615806,-0.45553967,0.8345339,0.4019197,0.16322933,0.15506811,-0.4219911,0.17888239,-0.706212,-0.16927026,0.2043397,0.29160148,-0.41647485,-0.079597324,-0.22097443,-0.879166,-0.324221,-0.09888236,0.52459896,0.5854857,0.26602268,-0.034674987,0.26529703,-0.2437575,-0.77943027,-0.31718534,-0.5294022,-0.8837655,-0.27838328,0.66876566,-0.38056812,-0.26305446,-0.108954884,0.774126,0.56853306,-0.67838496,0.40560862,0.24784563,0.22864304,0.15120105,-0.40600914,0.1806867,-0.46086007,0.552773,-0.0759885,1.265222,0.049181134,0.19301935,-0.055434402,-0.87374145,0.08844717,0.7742176,0.83630437,0.27904582,-0.17668746,0.26608387,-0.6093706,-0.05886111,-0.20887214,0.31723234,-0.15525933,0.952458,0.70412195,0.053109154,0.5145594,-0.33823726,-0.15883507,-0.22818354,-0.4356821,0.4433866,-0.32957223,-0.22326627,-0.6098064,-0.015355039,-0.0176719,-0.016418204,-0.13354766,0.84461695,-0.11364739,0.0100365365,-0.6637231,0.15108697,-0.6347289,-0.65491384,0.40404466,-0.8582547,0.22935382,0.23669207,-0.58709556,0.6561669,-0.024355197,-0.49608326,-0.2817072,0.42961845,0.5422308,0.30405354,-0.28693828,-0.24140166
magnetic_resonance_imaging,-0.097145304,-0.19753288,-0.4273506,-0.23125972,0.45504332,0.49590465,0.4179557,0.88378716,-0.96387553,-0.009774765,-0.44656214,-0.233563,0.5807415,0.27193767,-1.0328279,-0.46041703,0.5173125,-0.5296757,0.36422142,0.54492575,0.849516,0.23522235,0.79539365,-0.14595483,-0.42144176,-0.62512743,-0.8203816,-0.33898312,-0.2278517,-0.5563445,-0.44291443,-0.1529594,0.6872893,0.16520715,0.56474817,0.47329488,0.25098103,-0.22937028,0.23229435,0.5814618,0.13142487,0.8032068,0.017079642,0.51832914,-0.26360676,0.1550039,0.031111319,0.59574413,-0.20114408,-0.22664957,0.07627287,-0.56607604,0.15312903,0.51025635,0.34502196,-0.2282068,-0.31144184,-0.020556558,-0.11622134,0.88047385,-0.25040343,0.7252037,-0.5480163,0.60603374,0.22673148,-0.15541326,0.81151974,-0.23876782,0.24063607,0.29966334,-0.3371266,0.6522742,0.07590653,0.13506772,-0.6557563,0.1467134,-0.12813242,0.08480698,0.5794969,0.33895242,0.102495655,0.7861298,-0.7667325,-0.23608609,-1.191316,-0.06981351,0.43804163,-0.18436141,0.13963751,0.39204264,-1.1155963,-0.3147477,-0.85974395,-0.32344663,-0.19607447,0.2910797,0.42026314,-0.33674422,0.16414794,-0.6113831
disease_severity,0.07029548,-0.6057703,-0.82096946,0.5490638,-0.29228702,0.52785516,0.23330013,0.8323778,0.5996835,0.4135094,-0.8800393,-0.72738236,0.88725185,0.40047047,-0.21343444,-0.45305833,-0.19277188,-0.011235146,0.46461973,0.1424974,-0.08130997,0.40834257,-0.079445064,0.36667708,-0.56636184,0.030033894,-0.23819244,0.374739,0.41893494,-0.25858742,-0.21990727,0.07816061,0.18424468,0.18716241,0.3141371,0.30469766,0.4500941,-0.2543468,-0.45630902,0.86434346,-0.38731232,0.8183006,0.17146249,0.14863469,0.24092236,0.50106716,-0.077111356,0.064065464,0.054855675,-0.34431034,0.050260525,0.27909,0.4144388,-0.222999,0.6396575,-0.2665816,0.40636724,-0.34138188,-0.2889058,0.06587158,0.14061947,0.61632574,-0.015079722,-0.43875837,0.4921753,0.22189301,-0.24209774,-0.28783637,-0.14277692,1.2855715,-0.04300668,-0.36590344,-0.06822766,-0.5569149,-0.4715195,-0.065391585,0.11329227,0.71548384,0.57303053,-0.3922554,0.5742929,0.8709994,-0.6163005,-0.572855,-0.28468257,0.66107064,-0.57557,0.49259135,-0.11269087,-0.038213946,0.5067447,0.14007996,-0.24972816,-0.23036821,0.34299168,-0.46574137,0.047866724,0.8087116,-0.4093857,0.17869559
ketone,-0.2918018,-0.54932183,-0.16902685,0.074416585,0.8065234,0.2907317,-0.32982412,0.5069463,0.3610853,-0.917442,-0.97722864,-0.3102263,0.753051,0.8491199,-0.9002525,0.6399048,0.13470413,-1.0287013,-0.388262,-0.7458738,-0.03883153,1.3296983,0.2690603,-0.008059916,-0.6426846,0.18298212,-1.1315244,0.14592704,-0.41769606,-0.6509927,-0.022888172,0.28656632,-0.24827075,-0.5227278,0.16063893,0.28486323,-0.6968224,-0.3427165,-0.6795715,0.5919285,-0.36695445,0.4120398,-0.028791444,0.43418655,-0.4449946,0.056844775,0.9740519,0.35189795,1.2805705,-0.48599127,-0.026281795,-0.911971,-0.11316855,0.6133644,-0.13877654,-0.4628751,-0.29456702,0.21737768,0.38154018,-0.045358982,0.4210493,-0.6994122,-0.16631867,0.73547405,0.82481796,-0.2088215,0.9536331,-1.287385,-0.075117745,0.020931493,-0.5576194,-0.120527685,-0.374557,-0.5814544,-0.2648442,-0.49381888,-0.43978304,0.29875398,0.092220016,-0.40240815,-0.25616878,-1.165163,-0.16245028,0.49331963,-0.3100205,-0.078869745,-0.7690115,-0.3995146,-0.478592,0.20206915,-0.19172142,0.70058596,0.0014376654,-0.5177997,-0.55505675,-0.16301028,-0.11260373,0.1659747,-0.4220595,-0.72550356
bioconversion,0.052427914,0.36060268,-0.38909894,0.07937359,0.12638842,0.025892494,-0.34976977,0.33588028,0.21880777,-0.86454934,-0.66550463,-0.40051004,-0.08059778,0.5154551,-0.41629884,0.10178069,0.3114053,-0.5647482,-0.38769534,-0.046175785,0.13290447,1.2547048,0.15445805,-0.3703706,-0.6145201,0.6604833,-1.0021349,0.33771923,-0.6483155,-0.2937277,-0.20342638,-0.23291498,0.04626763,0.13590966,-0.08557771,0.2612806,-0.14664409,-0.26315334,-0.10233377,0.5247998,-0.15724128,-0.20672737,0.4645189,-0.3045917,-0.65602577,0.033449955,0.26195145,0.6977614,0.5559584,0.07906873,0.1542375,-0.11475594,0.4383022,0.4736853,0.020490265,0.3068288,-0.025108311,-0.0015902531,0.07424419,-0.26858932,-0.24755454,-0.16971356,-0.81686723,0.20991962,0.5613625,0.41353482,0.33362734,-0.74972147,0.26536104,0.32992285,-0.30662787,0.39177158,-0.1694906,-0.49592814,-0.8023296,-0.7493752,-0.28336298,-0.19665788,-0.28985932,-0.25905338,-0.3049863,-0.34647635,0.30165184,-0.007526507,-0.9128015,0.021422667,-0.54538566,-0.124589086,-0.6062072,0.09383507,-0.6696567,-0.205821,0.14632799,-0.5516022,-0.8920486,-0.06808239,-0.039955027,0.2777361,0.33399102,-0.8759543
substance_related_disorder,0.30936542,0.11612946,-0.5091461,0.24000335,-0.31349716,0.4184199,0.47270653,0.8534546,0.26642326,-0.13148776,-1.0585482,-0.3232602,0.93136513,-0.06778515,-0.50497764,-0.50869244,-0.9469821,0.14850864,0.39776257,0.85490346,0.65384036,0.58511937,-0.43291378,-0.05250752,-0.78598005,-0.35806558,-0.28979054,0.26787987,0.067717485,-0.24376465,-0.2769061,-0.358097,0.05770938,0.32536253,-0.32014266,0.22645651,1.4127301,-1.0019429,-0.34322783,0.934269,-0.4584118,0.18975574,0.5408791,-0.4771903,-0.024515152,-0.007272304,-0.33462954,-0.010132496,0.16966376,-0.4783573,-0.43437362,-0.26621476,0.7913653,-0.47665846,0.089439735,-0.47434,0.92198586,0.43955225,-0.4372617,-0.3997844,-0.22647849,0.33771673,-0.13478138,0.44300687,1.1544205,0.31198514,0.70932275,-0.45635283,0.23894651,1.2363747,-0.104818806,0.25073445,0.4097859,-0.5684047,-0.7886827,-0.2385992,0.11012991,0.42493543,1.0460982,-0.42953646,0.667028,0.7580012,-0.02092539,0.667337,-1.1194954,0.7025013,-0.24665914,1.1887515,-0.37443736,0.19173118,0.2591811,-0.14608273,-0.23321442,-0.5960407,0.6522923,-0.1911767,-0.2257211,1.0915045,-0.3015652,0.6223282
odds_ratio,0.034354076,0.1302143,-0.08047135,0.44346592,-0.42041293,0.72032183,0.4146856,0.7153336,0.11644444,0.14841202,-0.77466,-0.19962086,0.7372983,0.24700409,-0.3925876,-0.8310135,-0.92441624,0.24952349,0.5812677,1.0883821,0.6395289,0.6242221,-0.37719345,0.25863925,-0.74877644,-0.6797435,-0.14854488,0.19142607,0.32089043,-0.5030595,0.29488403,-0.31270355,0.03812628,0.19645736,0.3880095,0.4430988,0.9750746,-0.36861697,-0.027754558,0.7669014,-0.010207048,0.5638527,0.75081104,0.22140121,-0.042108156,0.3607168,-0.7143278,0.18124698,0.3598082,-0.09600209,-0.19410284,-0.32480827,0.6967555,-0.15662386,0.09292798,-0.5454205,0.69509983,0.101336285,-0.9325189,-0.08819027,-0.041942645,-0.08301554,-0.2873563,0.008811897,0.8892019,0.30275467,0.44057798,-0.4362072,0.2414769,0.8042444,-0.46193376,0.16320822,0.49326926,-0.6161835,-0.4921779,-0.028209534,-0.19095065,0.8577444,1.1687714,-0.47467458,0.4781857,0.6152575,-0.29398647,0.5423697,-0.87633634,0.4393628,-0.14334393,0.60729384,0.3129237,0.12454976,0.24202245,-0.2728021,-0.21725164,-0.39628038,0.78323084,-0.42800778,-0.26571923,0.5338732,-0.20207042,0.7084665
veterinary,0.4146117,0.7236854,-0.04059246,-0.5885839,-0.4536204,0.6363239,0.21782285,0.45835748,-0.20926636,0.18951233,-1.2581966,0.9789576,0.6756012,0.12983052,-0.10359618,0.04717573,-0.588135,-1.0734687,-0.19430791,-0.24152343,0.8700747,-0.15366784,-0.38831514,0.3747669,-0.26841867,0.23410341,-0.71069354,-0.14084235,-0.08457895,-0.5120567,0.03439115,-0.3394953,-0.27569148,0.6219629,0.4468373,0.51731217,-0.57250965,-0.06397868,0.59252864,0.85515755,-0.11718385,-0.52432525,0.9256437,0.2676557,-0.5742197,0.76177955,0.17241062,0.09407535,0.23638178,-0.05053954,-0.618538,-0.7162616,0.062490594,0.9267352,0.028098548,0.098300405,0.13831341,0.15207088,-0.55797,0.054545797,-0.335247,0.43385875,-0.5198089,0.06754833,0.5558734,0.1977978,0.6094832,-0.050822835,-0.47046214,0.765694,-0.23031881,-0.55441153,0.36087593,0.08489738,-0.55686146,0.009375478,-0.5665465,0.6402514,0.42441934,0.097812206,-0.00992414,-0.2606033,-0.29133528,-0.0053738183,-0.32514757,0.37996706,-0.1817029,-0.35717562,-0.048499722,-0.96529764,-0.04979544,-0.66516703,-0.49240518,-0.49457103,0.010815312,-0.3827545,-0.13841109,0.38356164,-0.21653363,-0.037673935
ethylene_glycol,-0.09651109,-0.096903205,0.44234058,-0.15242517,-0.3108542,0.17920253,-0.15980035,0.57208186,0.21824497,-0.08285776,-1.2521157,0.89098334,1.14479,0.23880532,-0.6852314,0.9964722,-0.32778046,-0.6462286,-0.1986328,-0.04254063,0.117446005,0.029012838,-0.015960075,-0.005516634,-0.07432682,0.092553586,-0.35149726,0.3369345,0.4679996,-0.26693624,-0.6089466,-0.43380243,-0.7571057,0.2171795,-0.23281977,0.30313176,0.14369395,0.028534047,0.21733074,-0.062187325,-0.58665884,0.017575234,0.4048987,0.025319988,-0.71679145,0.027266664,0.66867965,-0.07988837,1.1357545,-0.25184608,-0.47781304,-0.6587819,-0.035115346,0.9795215,0.5421036,-0.21754797,0.025789175,0.39934036,-0.19419871,-0.05604372,-0.097713955,0.30823436,-0.6399946,0.45970458,0.6775923,-0.20262492,0.15782705,0.045880146,-0.7458768,0.0037125035,-0.13569625,-0.3909349,-0.9384628,-0.18044919,-0.17213729,0.0355413,-0.690251,0.42623538,0.22893836,0.2637042,0.5977403,0.050412,-0.047850233,0.19891736,0.33961868,0.40802518,-0.59983784,-0.5372721,-0.3945713,-0.30387422,0.078301914,-0.23217049,0.30416578,-0.5740134,0.21755944,-0.6401114,0.21961568,0.705709,-1.1597428,0.22219937
clay_mineral,0.13837953,-0.0149608515,-0.23019409,0.8367415,-0.16823128,0.13653474,0.32857984,0.587377,0.28616166,0.068845764,-1.0214243,-0.759343,0.19718924,0.703129,-0.006149249,0.05565446,0.40336993,-0.61200744,-0.9560858,-0.12954609,0.37204322,0.57041633,-0.41176254,0.7550716,0.21812142,0.20629734,-0.4982559,-0.36407903,-0.09786882,-0.7272694,0.42123044,-0.6714721,0.16935009,-0.6714641,-0.09266901,-0.050541673,-0.5741899,-1.0015233,0.5152766,0.19282275,0.3026804,-0.30543712,-0.32329088,0.44121814,0.096383266,-0.44830334,0.6603778,0.57975423,0.21138929,0.14995529,0.014603217,-0.3247005,0.396919,0.9337052,0.35014144,0.49554613,-0.3701061,0.17738548,0.10755382,0.4473372,0.1000659,-0.5374581,0.06174409,0.7892812,0.08258188,0.30308065,-0.049259085,-0.8777433,-0.0019222436,0.40609917,-0.7081716,0.013062857,0.59030384,-0.16216834,0.6525039,-0.13742465,0.51441586,0.07110115,0.22735998,0.49023724,0.32729048,0.15788798,0.012721881,0.028161269,0.059248034,0.1974605,-0.44851282,0.7926806,-0.48699275,0.2184603,0.14082749,0.9191373,-0.800939,0.2968322,-0.6309797,-0.42607787,0.32091925,0.26383552,-0.123638675,-0.05547034
cell_damage,0.026380334,-0.42568895,-0.1464591,0.8783477,-0.23001136,0.33820978,0.1575379,0.5587965,0.43105546,0.071070865,-0.7333223,-0.8906026,0.17644642,0.6080365,-0.08692903,0.47333086,-0.25967956,-0.5028665,0.13326168,-0.2335355,0.21271501,-0.002670452,0.27725908,0.102261394,0.5085517,0.7178436,0.20591784,-0.31089193,0.31301802,-0.088539325,-0.13841157,-0.60819143,-0.26398665,-0.31653422,-0.78237426,0.28886873,0.25508192,-1.3071114,0.4445584,0.33194742,-0.7035684,0.17850459,-0.71104145,-0.123237215,-0.05227284,-0.2356211,0.34430653,0.7929674,-0.012962811,0.1133395,-0.22324134,-0.45376232,0.64971805,0.26583552,0.21377826,0.71110535,0.6440606,0.18850945,-0.43345878,0.061893746,-0.45497873,0.40032536,-0.2935066,1.0896484,0.28359303,0.37742242,-0.27361754,-0.26318213,0.21728806,0.52117723,0.038982958,0.46319702,0.22193854,0.029811932,-0.028299619,-0.05217338,0.35460398,0.29878104,0.46472195,0.17286576,0.45236388,0.27047265,-0.45467243,0.15908678,0.53322804,0.12872638,0.34580097,0.18604626,-0.25593108,0.105664745,-0.63774484,0.70811,-0.3015652,-0.74670696,-0.5826648,-0.009472658,0.44831946,0.88075465,-0.2181575,-0.30675554
signal_to_noise_ratio,-0.0128225135,-0.075840615,-0.14102629,-0.01943009,-0.036579393,0.54770935,-0.0032333324,0.50927395,-0.8420091,-0.4009313,-0.50283194,-0.2781525,0.3005563,0.19490208,-0.75729954,-0.17304629,0.073003255,0.11216968,-0.3751323,0.3356433,0.21424238,0.43734235,0.4684942,0.23374039,-0.36798576,-0.6291531,-0.34722453,-0.59884304,-0.029660586,-0.5616095,-0.0020586231,0.23063615,0.09690637,0.36422682,0.49229765,0.55015415,0.1035894,-0.26330218,0.35892737,0.18851341,0.18819979,-0.19280778,0.027552111,0.20694022,-0.011364764,0.1662721,-0.1469663,0.23744242,-0.12672463,0.037806615,0.29837438,-0.10995261,0.08353101,-0.107964404,0.5228824,-0.118211396,0.48377156,0.7027671,-0.07219416,0.49752304,-0.38377053,0.23542778,-0.48441422,0.14925028,0.22483467,0.27103543,0.16199389,-0.0024100973,-0.14068936,-0.07251998,0.26615676,0.5252113,-0.13124505,0.20296715,-0.29313377,-0.10752901,-0.33669627,-0.50826234,0.8838399,0.2880955,0.37657833,0.5139362,0.1527565,0.016384566,-0.5564446,0.3882493,1.0083705,-0.050070837,0.6137579,0.5169377,-0.85951555,-0.027212456,0.03890829,-0.08298525,-0.11335099,-0.058633596,0.4817516,0.1782136,-0.3362826,-0.3275817
metal_ion,0.36345005,-0.2116511,-0.045836277,0.35531527,-0.5368623,0.9595223,0.024890332,-0.25625864,0.2022833,-0.20036729,-0.42928565,-0.22408181,0.36497724,0.31513116,-0.8246321,0.18937442,-0.25096208,-0.2734716,-0.34215954,-1.0968016,-0.18849705,0.57733244,-0.65490174,0.4038315,0.08332808,-0.2326333,-0.5622945,-0.2145912,0.4600783,-0.72257036,0.72571516,0.6577425,-0.7510519,0.0058752843,-0.27850604,0.47612235,0.6400434,-1.1742194,0.07192517,0.32943353,-0.6809405,-0.56276864,0.72510284,-0.6427658,0.29700533,0.2435912,-0.21292709,0.61972076,0.3248241,0.080228455,-0.3155391,-0.8186085,0.0045005046,-0.056692433,1.1184986,-0.19919191,0.44578376,1.3383055,0.08328459,-0.21610655,-0.31909472,0.062329292,0.18610364,0.05208233,0.2548073,0.40930834,-0.40692008,-0.21316607,-0.2572787,-0.3160739,0.44784936,0.30447128,-0.12299605,-0.41408432,0.34968004,0.0052462113,-0.059185054,-1.0232693,0.4026715,0.81264025,0.19265413,-0.10695815,0.52655786,0.42514452,-0.44329923,-0.032913998,0.649847,-0.13195431,0.48826328,-0.065528214,-0.64697826,0.30286163,0.48184437,-0.36900273,0.30716127,-0.42478332,0.2499031,0.73546183,-0.8604491,0.2989454
chelating_agent,-0.41823173,-0.093250625,0.08929607,0.014894008,0.07681348,0.333989,0.2178458,0.18570669,0.103476204,0.17224135,-0.54042834,0.0055463277,0.08034592,0.656445,-0.44898275,-0.3939646,-0.4610105,-0.6200668,-0.6332496,-0.3715202,-0.44948122,0.7576699,0.16620554,0.116973095,0.061696794,-0.14947219,-0.051180605,0.062361643,-0.14538288,-0.6075347,0.07398146,0.3661089,-0.012430997,0.0430114,0.1060447,0.32494652,0.7203281,-1.2477634,0.65245986,-0.13593487,-0.35885754,0.006112197,0.54657143,-0.75791043,0.4095872,0.12208552,-0.13248332,0.19155678,0.47240913,-0.17638403,-0.087109655,-0.587526,0.26303688,-0.084127165,0.52674645,0.0029131963,0.24943657,0.59270996,-0.1797784,0.0218223,-0.34720066,0.21347542,-0.30823335,-0.3601577,0.4223093,0.0742615,0.09245938,-0.28633004,-0.20386483,-0.163265,0.476841,0.38539797,-0.16027625,-0.28526133,0.1935755,0.2404998,0.066864684,-0.40900782,0.0042400234,0.85616744,0.0694654,-0.4590362,0.7933092,0.09516199,-0.10593661,-0.098541796,0.22301255,-0.70937175,-0.020813322,0.18154483,-0.74452925,0.27485746,0.51865894,-0.6014128,-0.16544649,0.22114302,0.28535706,0.86065274,-0.8425231,0.21709296
anti_oxidant_activity,-0.09310353,-0.15246382,0.2417965,0.32381055,-0.5481651,0.4325131,-0.192527,-0.24006592,-0.018086383,-0.20189397,-1.2262139,0.63259804,0.1628938,0.72550267,-0.4328298,-0.5678971,-0.4796555,-0.64486206,-0.1346277,0.14334609,-0.5666004,0.5064343,0.026196439,-0.14945199,-0.374496,0.22052234,-0.31461787,0.014844519,-0.11960026,-1.0105232,0.27388546,0.44134316,-0.4709368,0.073302485,0.35276815,0.17086878,0.079618655,-0.8000322,0.5929904,0.33149257,-0.38283578,-0.42200863,0.31385714,-0.85343754,-0.43409088,0.47861493,-0.0868906,1.0737706,0.3777163,-0.018014552,0.1551616,-0.6913204,0.20934568,-0.15431808,0.6985468,0.123758055,1.0316256,0.49896756,-0.06809776,-0.21227816,-0.33790103,0.48435378,-0.81203204,-0.23677292,0.19613531,0.8604752,-0.08863978,-0.07535945,-0.22406234,-0.6908703,0.5159605,0.124988616,-0.1641567,-0.6740798,0.13075525,-0.51669097,-0.0476882,-0.36669594,-0.70741487,0.20559138,-0.03053467,-0.31944883,0.34122798,-0.02743975,-0.252433,0.0843502,0.7505254,-0.56301296,-0.16875608,-0.24430086,-0.35808718,0.22493707,0.38492325,-0.6606063,-0.19515797,-0.5086681,0.08595339,0.18854444,-0.9737,-0.17574929
structure_activity_relation,0.4876925,0.100004904,0.4131653,-0.48729822,-0.7223859,0.19023946,1.4421394,0.3730808,0.45197642,-0.018891437,-1.0356714,-0.7441165,0.31674895,0.94517726,-0.36025643,-0.70258844,0.3086944,-0.03716188,-0.5101685,0.024071675,-0.3783354,0.10003679,-0.37968075,0.15758501,0.25333217,-0.5355984,-0.081953704,0.026765376,0.116828255,-0.34712142,0.8099676,-0.024997955,0.48418826,0.028917307,1.1218668,-0.07389787,0.22659567,-1.5903286,1.0280607,-0.49044228,-0.40561968,-0.49354854,0.82406014,-0.13568628,-0.013381036,-0.14907637,0.1519789,0.14457439,0.3828842,0.13777128,-1.2875319,-0.9356686,-0.11909146,-0.14437255,-0.1236745,-0.47950378,0.7344528,0.35363778,-0.44435254,0.3607927,-0.25637466,-0.3679906,0.06775647,-0.06352102,0.45682693,0.41752627,-0.5306085,-0.10545537,-0.36322275,1.2604682,-0.08910928,0.012584872,0.269988,0.39871496,0.13934006,0.20382124,0.33538228,0.09980577,-0.15454777,-0.15522045,0.47331777,-0.14140823,-0.08937708,0.44236776,-0.55375767,0.42146367,-0.16680609,-0.10027825,-0.12948793,0.67023665,0.4872909,0.7965726,-0.51955867,-0.4996857,-0.30585754,-0.44066042,-0.046325736,0.7947635,-0.43923905,0.41850132
fluid_dynamic,0.2229243,-0.81801045,0.050045244,0.4943693,-0.314566,-0.0430531,0.050873633,0.24245419,0.2066109,-0.15495835,-0.7043412,-0.021408822,0.8524374,0.22182864,-0.9519738,-0.07384509,0.42084494,-0.52810854,-0.1696936,0.06905006,0.014312763,0.83634096,0.4891851,-0.062758826,-0.7612708,-0.2221563,-0.9919671,-0.13451944,-0.46906915,-1.2476872,-0.16192284,0.36748967,-0.11015749,-0.4992722,0.68192315,0.37173808,0.5087607,-0.5870586,0.52910906,-0.015327776,0.48095116,0.15499453,0.542551,0.17615758,-0.9123507,-0.12437612,-0.38897505,0.7121445,0.94526684,-0.49093148,0.05929848,-0.53152794,0.56204873,0.52836066,-0.099650584,-0.8770201,-0.39790308,-0.011718885,0.6153712,-0.34132472,0.40358284,-0.36823112,-0.47931892,0.66879874,0.25610015,0.15266743,-0.31185576,-0.8227574,0.7265655,0.043955967,-0.3287195,0.5811212,0.23899631,-0.55350864,-0.58676046,-0.15538722,-0.43287665,0.10047913,0.59657246,0.53379375,0.10801217,-0.422237,0.109841965,-0.056971606,-0.38723603,0.51931685,0.08264704,-0.8504378,-0.3360288,0.42509842,-0.081553735,-0.27066308,-0.37750122,-0.40168065,0.12862259,-0.06145138,-0.01539633,-0.04804867,0.18277282,-0.33377686
entropy,0.14388539,-0.10821866,-0.382793,-0.48180652,0.40140048,-0.19747314,-0.08018998,0.38451704,-0.18275198,-0.23794585,-0.5925304,-0.20476717,0.14460735,0.046525896,-0.13175292,-0.5764899,-0.3991702,-0.49911782,-0.9830449,-0.14872846,-0.49148095,0.514123,-0.05267959,-0.047335785,-0.48689118,-0.28910708,-0.4312934,-0.10332275,0.07914688,-0.33054966,0.67932713,0.06337406,0.3667901,0.41513953,0.8874216,0.18429925,0.62080896,-0.6219283,1.0715305,-0.03333041,0.022140581,-0.23300658,0.4102871,-0.4349534,-0.0029712922,0.48010084,-0.14631404,-0.1335222,0.32690114,-0.3141933,-0.020473959,-1.1531512,-0.18672702,0.16819513,0.00501579,-0.20298454,-0.4941119,0.40263838,-0.1927533,0.6133422,-0.006612845,-0.2644691,0.05983293,-0.28898534,0.6732564,-0.1781499,0.58356684,-0.44688985,-0.08871975,-0.0153738195,-0.0146270385,0.7978358,-0.024473919,-0.0966994,-0.22714375,-0.07359758,-0.4602646,-0.54577065,-0.2391528,0.26939785,-0.17253302,-0.014554793,-0.1288824,0.43082747,-0.7320769,0.14366801,0.35007432,-0.01875035,-0.2632771,0.45307627,-0.23895383,0.76788723,-0.49878407,0.60137445,0.1353715,0.15106557,0.11015773,0.34133875,-0.25317433,0.5887366
recovery,-0.36496434,-0.3990471,0.21852352,0.60060924,-0.73595494,-0.2232132,0.07780843,-0.068722904,0.39226678,-0.90023565,-0.8765689,0.23335573,0.61702085,0.0982982,-0.9806136,0.40718153,0.95859885,-0.003925049,-0.18989013,0.25195578,0.28637296,0.03761618,0.7155269,0.29798025,-1.1569786,-0.6639295,-0.6336383,-0.52522546,-0.6047267,-0.502034,-0.50942767,-0.22485098,0.38882256,-0.25960362,0.2900757,0.6117451,0.49899,-0.87942964,0.3792906,-0.49405146,0.5786951,0.22852466,0.044429686,0.04803558,-1.0975746,0.1863423,-0.49802864,0.25171295,1.5323765,-0.1935456,-0.061122693,-0.74678576,0.52420014,0.82070607,-0.27294314,-0.22253624,0.29913667,-0.38210964,0.411723,0.087994054,0.14168149,-0.092072986,-0.34924206,0.665525,-0.12842335,0.40247595,-0.5619467,-0.4387307,0.67028,0.15280856,-0.37488574,0.27876106,-1.0858489,-0.19029889,-0.49180827,-0.72936505,-0.0756461,-0.4017293,0.19321886,0.2902123,0.5557372,0.3918124,-0.3629146,0.18621075,0.064649306,0.18238129,0.3947723,-0.5268494,-0.19269277,0.34696153,-0.024323158,0.43076205,-0.19864842,-0.2762968,-0.2899149,-0.461338,0.06183948,0.2447953,-0.41780946,0.36113453
rare_earth,0.3470021,-0.33955157,0.1677435,0.30238464,-0.54869175,-0.044302452,-0.29683873,0.06095173,0.34878743,-0.4283457,-0.817366,0.05765775,-0.11337588,-0.16144548,-0.18940759,-0.27397266,0.44231287,-0.26894537,-0.1518475,-0.17641161,0.057237905,0.14570282,0.0924741,0.42330006,-0.70726705,-0.034759086,-0.36193392,0.25985178,0.22002138,-0.032746054,-0.21737567,-0.8813039,0.057190448,0.25178215,0.085802555,0.092251055,0.8501274,-0.61728674,0.73494005,-0.94219965,0.16228327,-0.074091464,0.3136477,-0.71739405,-0.572058,0.41055426,-0.610022,-0.13290842,0.76251894,-0.6036461,0.30561656,-0.9738088,0.6600144,0.39347345,0.16337793,-0.12546283,-0.3136416,0.14882521,0.28546047,0.046243303,-0.062388122,-0.13239428,-0.4745177,0.11157304,0.10787814,0.30839354,-0.64189804,-0.35824665,0.587939,0.018854048,-0.29126182,0.58766055,-0.68532,-0.61145836,-0.17139694,-0.46383306,-0.16198774,-0.52557695,0.33141905,0.48340726,0.32720563,0.7221195,-0.21903561,-0.029137867,-0.14276288,0.84013486,-0.0017879298,-0.510061,-0.1755672,0.18892995,-0.32838312,-0.0391205,-0.43217143,0.066487275,-0.17709552,-0.41131157,-0.03250869,0.56348795,-0.45029604,0.25547817
electrochemical_reactor,0.01356461,-0.6795062,0.07230377,0.3148223,-0.5883577,-0.21015625,-0.19332418,0.0023936955,0.47277102,-0.49776053,-0.7669842,0.091491856,0.5898558,0.08315237,-0.6343371,0.3297304,0.6578916,-0.21809018,-0.5093868,-0.23189376,0.20687181,0.3821834,0.57826054,0.11678895,-0.9019279,-0.28029543,-0.6871293,-0.10064163,-0.43662116,-0.6421534,-0.5010734,-0.029215554,0.17247958,-0.45870486,-0.11803291,0.6471432,0.80645406,-0.8385058,0.28726083,-0.42330378,0.7728249,-0.0629806,0.16600844,-0.24839923,-1.0702677,0.092974946,-0.63783413,0.07317428,1.3483406,-0.7605671,-0.060918868,-0.3254078,0.88635,0.35816783,0.1441889,-0.30041772,0.25400463,0.062386602,0.22636884,-0.46998107,0.34238788,0.07115274,-0.3063646,0.46176144,0.19094734,0.6787218,-0.7280583,-0.31496626,0.5794341,0.27326524,-0.19563423,0.28348562,-0.41484424,-0.6350284,-0.5320414,-0.5437845,-0.3307101,-0.30558693,0.47193122,0.59544456,0.6220499,0.15270048,0.06758957,0.048498664,-0.019309597,0.5303647,0.3570365,-0.62794054,-0.24250093,0.065229446,-0.034732014,0.027171195,-0.06966648,-0.4397062,-0.021081641,-0.3298291,0.15227813,0.28257325,-0.30802122,-0.053508356
"spores,_fungal",0.0034229925,0.8210991,-0.39533505,0.14976178,-0.16505232,0.39306393,-0.03407308,0.69262576,0.6710268,-0.26530248,0.04135009,0.008819835,0.33187467,0.5028084,-0.22905745,-0.6204655,-0.2021926,-0.89223045,-0.56060237,-0.2628277,0.018311942,0.5110323,0.06486576,0.668601,0.003934381,-0.23543164,-0.20336162,0.08991108,-0.16054873,-1.1779727,-0.1415401,-0.34531763,0.3852414,0.20414782,-0.2086788,0.638615,0.3912023,-0.597263,0.4808405,0.6532131,0.29375237,0.065872505,0.88272524,-0.40819073,-0.081824824,0.4996877,0.2239055,0.62570345,0.088116504,-0.34023798,-0.07602237,-0.053557213,0.18180008,-0.31606838,0.4503172,-0.43997014,-0.4122698,0.69905406,-0.76638573,0.014947346,-0.3631247,0.7317541,0.035482652,0.24474788,0.9559339,0.05114154,0.011086307,-0.3567731,-0.5739378,0.64358014,0.44026533,-0.12013511,0.62767345,-0.56953293,0.024297077,-0.8454355,0.6139185,0.42221022,0.021234658,-0.48929396,-0.3209534,-0.8207744,-0.47421482,0.10099862,-0.7161561,-0.20262109,-0.056311544,0.17382164,-0.7023687,-0.8496254,-1.1619136,0.4050387,0.45870638,-0.33174115,0.5268812,0.0704658,0.13707396,0.032807294,-0.7620987,-0.3273434
fungus_spore,-0.047410067,0.71505445,-0.3227154,0.121087365,-0.15144072,0.3507754,-0.07857628,0.56976765,0.6212093,-0.28457084,0.11191906,0.04998122,0.4063766,0.439547,-0.20637107,-0.53112435,-0.15097691,-0.83347666,-0.5144712,-0.21915671,0.00012730843,0.4756481,0.11336359,0.5589316,0.013074775,-0.23181754,-0.12899604,0.08799735,-0.11680367,-1.1139282,-0.09260403,-0.31517315,0.36952674,0.23783796,-0.19125667,0.587694,0.33837065,-0.5388801,0.47637326,0.5769597,0.28219083,-0.030836767,0.83945525,-0.41555503,-0.107752435,0.5108248,0.18082573,0.56927764,0.11328014,-0.3452305,-0.14234832,-0.07765407,0.118650325,-0.28334528,0.40953183,-0.41300562,-0.4088905,0.6653536,-0.76034707,0.029602036,-0.36483568,0.70057297,0.0459099,0.16257502,0.92107517,0.09087737,-0.022408552,-0.29539105,-0.56203395,0.5991687,0.4225278,-0.12193738,0.51583695,-0.55159897,0.020244982,-0.82762027,0.59416765,0.37076354,-0.018127687,-0.5424374,-0.2948862,-0.76137364,-0.45039308,0.10551028,-0.6458572,-0.18297426,-0.020061031,0.17184678,-0.68356895,-0.8164973,-1.0678841,0.4221802,0.47771943,-0.32334825,0.50871915,0.048786756,0.21246773,0.05954279,-0.8058669,-0.2788572
aging,-0.6852443,0.2893131,-0.6181845,0.35587576,0.4352363,-0.13430534,0.88171756,0.79470754,0.29767087,-0.25106928,-0.6961714,-0.38550484,1.271446,0.24361284,-0.45779648,-0.49379686,0.11422088,-0.5308708,0.38580754,0.058371,0.22900422,0.20278989,-0.06622999,-0.740029,-0.23069324,-0.23609726,-0.025087917,0.3190779,0.57162976,-0.4293983,0.22251613,-0.27578306,0.28267026,0.34754312,-0.46731243,-0.26191837,0.3620949,-0.6351837,-0.26066798,0.33741796,-0.38042253,0.48928946,0.5261408,-0.38145524,-0.64574736,-0.9842884,0.13767464,-0.15623249,0.54872733,0.1124033,-0.50959057,-0.32025617,0.399147,-0.04605319,0.011263817,-0.07179195,0.57659686,-0.66986525,-0.43840858,-0.15832204,-0.77869445,0.103355244,0.20536767,0.30566758,0.16688102,0.72378457,0.54688907,-0.20451105,0.3336246,0.7082368,0.47738764,0.40248877,-0.3958079,0.27706406,0.059298936,-0.20924494,0.7296301,-0.00070976536,0.31560037,-0.095319554,0.51703393,0.07429998,0.6685217,0.46429044,-0.81504446,-0.0045930003,0.21383078,0.52271146,-0.5729758,0.30165535,0.14641926,0.7236481,0.012711845,-0.24894638,0.30636132,-0.30286163,-0.15062447,0.43501878,0.4038772,-0.4929352
seismology,0.15795839,-0.43626383,-0.19293982,0.38497484,-0.027123503,-0.0678197,-0.035230234,0.16898037,0.7066676,-0.27931494,-0.8595536,0.13404669,0.55681914,-0.21081121,-0.48216116,-0.37827405,-0.35193148,-0.07685342,-0.54893255,0.18271133,-0.1292804,0.40412337,-0.30516922,0.5649808,-0.8271712,-0.18180183,-0.8262275,0.15633847,-0.0008178133,-0.43500948,-0.053546336,0.25101724,0.1938503,-0.011812312,0.38019758,0.28026918,-0.08902798,-0.30440837,-0.2808166,-0.011625503,0.17351073,0.18354069,0.041571237,-0.002575255,-0.27174956,0.008232659,-0.5031596,-0.25973067,0.053409968,-0.77275974,0.39813223,-0.34724557,0.3350921,-0.2203795,0.30535775,-0.46457967,-0.2590672,0.34002885,0.37592617,0.071787044,0.17165394,-0.16764674,-0.029792067,0.022307524,0.58601695,0.19328853,0.36457732,-0.19780903,-0.13856094,0.8171126,0.05030117,0.24428286,-0.08853714,-0.42142075,-0.22410244,-0.43074602,-0.00777508,-0.37358198,0.6732703,0.18782139,-0.47711724,-0.09647847,0.33158237,0.059453465,-0.21802112,0.6275568,-0.2067049,-0.001928411,-0.12912033,0.1116287,0.51371425,0.011157988,-0.4320529,0.084859736,0.09303854,0.08383887,0.18408649,0.73752,-0.048350457,0.30382365
seismic_design,0.11741558,-0.6317955,-0.11641486,0.39343867,0.0034783315,-0.003741709,0.03984053,0.18320635,0.8345513,-0.33611274,-0.9499089,-0.15871486,0.59975946,-0.17353047,-0.46238446,-0.46308532,-0.38710946,-0.019963427,-0.41495532,0.19300449,-0.26181892,0.31677544,-0.19359972,0.43064797,-0.94587314,-0.32161444,-0.770149,0.21058474,0.08898743,-0.49270654,-0.02414107,0.3576102,0.09532363,-0.027412541,0.6326305,0.25355598,0.0452539,-0.42917395,-0.24683224,-0.048301205,-0.040887855,0.23339796,0.06435145,-0.012120174,-0.25764665,-0.020383812,-0.51300627,-0.32027832,0.35846114,-0.6139566,0.22441871,-0.40869743,0.31936628,-0.19300203,0.23778932,-0.55464596,-0.11340051,0.25753668,0.2840082,0.030548077,0.23103574,-0.2657791,0.06687071,-0.065473765,0.6331526,0.27369636,0.27829313,-0.2565185,-0.103281304,0.877926,0.062661216,0.06923093,-0.09827575,-0.36870578,-0.15075928,-0.27877033,0.029249279,-0.30112433,0.6456282,0.20946142,-0.18905996,-0.106857106,0.35317174,0.053515207,-0.23535839,0.63680637,-0.212618,0.055148482,-0.06346272,0.20946798,0.747943,0.33335721,-0.33926344,0.077553,0.14681216,-0.043564517,0.30004084,0.80313313,-0.15517077,0.4474642
disorder_of_mitochondrial_function,-0.3909363,-0.4175473,-0.13232364,0.20582326,0.24632013,-0.069783136,0.62035227,0.92811066,0.25056395,-0.039783802,-0.7007592,-0.5916358,0.56733584,0.6139529,-0.8547587,0.3960794,0.21284685,-0.41924047,-0.23653412,-0.111661576,0.6456186,0.07220926,0.19970366,0.4896861,-0.025575232,0.35999084,-0.2387542,-0.09938455,0.12388209,-0.7387332,-0.045503672,-0.40028048,0.07418223,0.016087953,-0.10500766,0.29344037,0.1262439,-0.77014434,0.66636974,0.1461481,-0.018360566,0.31556866,-0.13460138,0.301363,-0.4088422,-0.17374568,0.57788163,0.97163093,0.5174433,0.51978344,-0.18572849,-0.7075414,0.296347,1.1874701,0.514873,0.47087917,0.48507947,0.27208546,-0.11016024,0.2808405,-0.46315655,0.79512984,-0.12019021,0.72598404,-0.07786095,0.496294,-0.40054932,-0.47509542,-0.019595386,0.3567584,-0.1892302,0.29806277,-0.39856926,0.2669784,-0.057931263,-0.017017497,-0.04564626,0.04677656,0.39876544,0.025513178,0.42163035,-0.05181179,-0.82224405,0.24388078,-0.067969024,-0.3744764,-0.029144747,-0.23345615,-0.25099635,0.15162452,-0.4040825,0.30965137,-0.10728382,-0.77590024,-0.8173818,-0.20676227,0.48016432,0.5606988,-0.13620034,-0.28458282
nanotube,-0.21533418,-0.9063018,-0.43406814,-0.04332071,-0.054298606,0.31352243,0.115422875,0.5504129,-0.53640586,-0.42084944,-0.34675467,-0.5937374,0.40962982,-0.07882066,-0.51327175,0.24347144,0.40905666,-0.56646585,-0.1696663,0.11962155,-0.22570054,0.5137123,-0.08911053,0.5175445,0.034799114,-0.014211099,-1.6478812,0.14724107,0.094197765,-0.41195387,0.07569934,0.30943725,-0.5620914,0.21172312,-0.6148395,0.21329613,0.8616291,-0.66505337,-0.4784211,-0.15703185,0.0904202,0.5278408,0.06827052,-0.1265836,-0.19766782,0.6382423,-0.13165422,0.0020939205,0.9907631,-0.23563094,-0.51441616,-0.5739762,0.18687128,0.07126438,1.0465453,-0.28133598,-0.21325417,0.42345873,-0.16231565,0.5004525,0.380241,0.070315264,-0.28168517,0.8113682,0.5595393,0.659946,0.33148858,-0.2208703,0.22397098,-0.6651746,0.31569624,-0.61255133,-0.37718117,-0.17249481,0.078137524,-0.20032528,-0.7634414,-0.50903887,0.39971724,0.06446327,0.33912656,-0.680865,-0.27123502,0.03601858,-0.68528837,-0.039486047,0.052931152,-0.19716503,-0.46810317,0.07661775,-0.60856664,0.25247037,-0.25640637,-0.64680034,-0.2935998,-0.9126498,0.28565234,0.5447235,-0.5408444,0.7321847
anti_bacterial_agent,0.38631734,0.121992454,-0.29560623,-0.07395785,0.22874315,-0.044135794,1.1195551,0.31510264,0.54713225,-0.35270208,-0.10705937,-0.1599507,0.43755838,0.4754905,-0.5307781,0.15514883,0.3968019,-0.41968223,-0.21624993,-0.11015425,0.30049375,0.528371,-0.1287294,0.39697728,0.4800122,-0.30840558,-0.23259732,0.053102568,-0.5087254,-0.4829344,0.08726556,-0.2598404,0.53393734,-0.8236757,0.42922696,0.24663128,-0.111184314,-1.0236036,-0.28706798,0.1781561,0.2693766,-0.2817745,0.12913214,0.10954558,-0.27895913,-0.23601978,0.656687,0.09821665,0.2423161,-0.40608767,0.16396989,-0.5096652,0.059893016,-0.024826989,-0.09706698,0.31616244,0.49348676,0.017915463,0.12647112,0.37734663,0.18231045,-0.3398684,0.4914787,0.56029767,0.30375615,0.36518553,0.6997235,-0.48672298,-0.32296696,0.43277967,-0.36627293,0.012401779,0.24636455,-0.6250839,0.30701736,-0.031120587,0.25801376,0.2796966,-0.1823495,-0.027923722,-0.12013973,-0.10305924,-0.12167379,-0.14581244,-0.20192413,-0.16196023,-0.20731334,0.8755437,-0.5445798,0.029897915,0.19124012,0.9860448,-0.15503825,-0.083529085,-0.29749086,-0.29126582,0.19150957,0.009232233,-0.3091191,-0.22340567
severity_of_illness_index,-0.10445672,-0.0604536,-1.3197815,0.7356497,-0.709495,0.5682578,0.43849394,0.8211036,-0.35819444,0.5014877,-1.1973068,-0.55972695,0.31276312,0.12752882,-0.11911971,-0.1996095,-0.3307264,-0.44429412,-0.3541138,0.2493852,0.17896585,0.49252918,0.5348592,0.048510328,-0.9130965,0.0658453,-0.7154528,-0.22621465,-0.048937522,-0.22668256,-0.44080168,-0.2606445,0.348696,-0.2107921,0.17536584,0.87361974,0.327927,-0.24756175,0.29856128,0.6328476,0.0528035,0.59758955,0.13593492,0.052673586,-0.09768733,0.4961779,0.10742541,0.10786735,0.10632866,-0.43351954,0.5391684,-0.1346904,0.8706608,-0.23187113,0.21810365,0.010085659,0.10224273,-0.44568953,0.011234485,0.3827219,0.76554245,0.22852485,0.00877195,0.16007864,0.42195466,0.45126727,-0.09622711,-0.7151172,-0.18696304,1.5188235,-0.032792374,-0.16627654,0.27220148,-0.3609285,-0.3407531,-0.09933134,-0.52262515,0.6018193,0.6566324,-0.23291844,0.15593098,1.0181887,-0.23751162,-0.33348095,-0.30999014,0.39526024,-0.48679242,0.5961285,0.34942213,0.21121977,0.22425799,-0.20500913,-0.47570005,-0.020496791,0.073588185,-0.2392717,0.094850875,0.116776176,-0.22445115,-0.32018283
photo_catalytic_degradation,-0.36946955,-0.98572546,-0.73443604,0.17580517,-0.17882445,0.037699837,-0.06766734,0.26533952,0.059881635,-0.2706981,-1.0117236,0.033977885,-0.24403574,0.3506383,-0.5679922,-0.40511066,-0.13705367,-0.4161177,-0.06661185,0.03735909,-0.28524804,1.1683924,-0.75608104,0.44634175,-0.64331055,0.09816284,-0.9727201,0.7357438,0.5408276,-0.1822067,-0.09220551,-0.30275962,0.11660386,-0.01600061,-0.92079806,-0.15934964,-0.004119803,-0.80372834,0.26209152,0.28260636,-0.100935966,0.8321038,0.2557746,-0.1201486,0.34215176,-0.22775343,0.25714922,-0.25052106,1.2451098,0.076496035,0.06749411,-1.0263515,-0.100897186,-0.059801836,0.6428319,0.14044063,-0.47027707,-0.074493855,0.35623723,0.26136115,0.21000704,-0.44003513,0.3953514,0.07887127,0.6223088,0.1576747,0.70885485,-0.8204192,0.046275817,0.33957234,-0.09040079,0.054378577,-0.63302004,-0.4509688,0.13991068,-0.64112645,0.24124938,-0.05280227,-0.0361526,-0.37571225,-0.027388785,-0.6628882,0.7739931,-0.11728694,-0.52115965,-0.16883694,-0.32188246,0.29660448,-0.6376279,0.6356211,-0.80503774,0.23262271,-0.43385753,-0.21563622,-0.43532267,-0.50005645,-0.036756504,0.59338975,-0.4431043,0.3624917
manganese,0.25669548,-0.17398584,-0.67079777,0.26656568,-0.33224997,0.14971921,0.030668788,0.5309962,0.05243131,-0.43224052,-0.3771813,-0.61219907,-0.69543815,0.52849364,-0.13833447,0.21836759,0.10080893,-0.01700904,-0.6102705,0.44220084,-0.22833149,1.4124796,-0.064268716,0.8320156,-0.6871475,0.029006004,-1.129924,0.38759086,-0.46872863,-0.23934956,-0.16118555,-0.17945802,-0.027616436,0.24469177,-0.39045313,0.3483354,-0.39755777,-0.5943246,0.112099595,0.019068943,0.59627235,0.1366228,0.6014836,-0.33433443,0.372227,0.24470927,-0.2505804,0.70461464,1.0247188,-0.024163412,0.69067997,-0.5484626,0.3809767,-0.15673074,0.45961037,-0.010236619,-0.13686669,0.4945429,0.25389776,-0.11511549,0.15042643,-0.66334474,-0.35732564,0.7285756,0.5490262,0.41524407,0.30155128,-1.0544173,0.38312468,0.26601034,0.07635645,0.4345843,-0.20920661,-0.9826785,-0.31255674,-0.59743166,-0.047053408,-0.15901864,-0.39907122,0.053574517,0.013984068,-0.5942205,0.99688244,-0.16422787,-0.39731175,-0.30112404,-0.43751538,0.13644318,0.17645738,0.26495662,-1.1430877,-0.8519183,-0.15312769,-0.1419822,-0.32074738,-0.22410259,-0.33280125,0.82131803,-0.43527234,-0.40492192
oral_drug_administration,0.49193674,0.4025057,0.37255362,-0.37556303,-0.18414396,0.040020015,1.4512287,0.5870349,-0.35597596,-0.3532209,-1.1133691,-0.31579033,0.6007196,1.9294498,-0.5909403,0.20047672,0.20112266,-0.304447,0.11095715,-0.6773129,-0.6241684,0.30655837,-0.08943954,0.74865055,0.46002883,-0.2561855,-0.4996578,0.25719342,0.25128233,-0.6366356,-0.47934508,-0.17325695,0.5655665,-0.6232951,0.22623536,-0.48488694,0.45370796,-1.2461705,0.02272025,-0.17649446,0.06003299,0.24904451,0.79082096,0.25908792,0.01751739,0.67984146,0.74795353,0.99441,0.76871604,-0.0103854295,-0.7564334,-1.4087666,-0.118390724,-0.056586433,-0.24962476,-0.0031192556,1.1094993,-0.041782357,-0.0015310354,0.59558123,-0.20152277,0.1308709,-0.028955845,0.49167055,-0.536638,0.27753907,0.5894046,-0.4294386,-0.29516256,0.41860178,0.052835725,-0.31214538,0.1374602,-0.31701636,0.17405133,0.1227648,0.47035834,-0.08287203,-0.22213045,-0.6101201,-0.26469654,-0.41034412,-0.22630174,-0.0072368393,0.31992587,0.089912705,-0.7202831,0.12248483,-0.5646493,0.693282,0.3998716,1.0296997,-0.53364027,0.0009324866,-0.6454132,0.0072454857,0.12696452,0.2352123,-0.7550482,-0.09412045
cytotoxicity,-0.20147942,-0.04236789,-0.37793663,-0.11860288,-0.24211249,-0.37629777,0.89547676,0.31749988,0.25029162,0.29421,-0.83959866,-1.0398865,0.1598416,0.67975134,-0.11549685,0.57695574,-0.32487035,-0.031333007,-0.48294008,-0.43169588,-0.37248284,0.38319984,-0.49506944,0.46102238,0.70996684,0.44905996,-0.076704904,-0.5874179,-0.09044183,-0.23410285,-0.15782048,-0.25347143,0.6801659,-0.71972287,0.26579332,0.3379408,0.42415264,-1.3924007,0.9220776,0.5938521,0.05869797,0.45209303,-0.053956352,0.44864506,-0.17634165,-0.2946609,0.6763885,1.2513185,1.1874931,0.27624458,-0.42735496,-0.64356685,0.39001226,0.35241154,-0.04305213,0.2713012,0.8207499,-0.18085146,-0.2831168,0.36626488,-0.21927075,0.2623393,-0.28950533,0.3690691,-0.2655678,0.1474677,-0.28399584,-1.0504426,-0.1748663,0.5266689,-0.15332335,-0.1898569,0.24691312,-0.5767707,-0.0021742198,-0.44752362,0.96034884,0.12472199,-0.2853324,0.26462978,0.6390331,-0.27927557,-0.7484646,-0.13706331,-0.041351628,0.09824215,-0.100811005,0.22655511,-0.7970443,0.43985975,0.077693224,0.4197337,-0.16501862,-0.26900825,-0.069392174,-0.36907122,0.0034084972,-0.3561862,-0.22954415,-0.42357004
"administration,_oral",0.45005682,0.3294887,0.28147665,-0.29320708,-0.040654775,-0.04686593,1.1601894,0.5481735,-0.27721593,-0.34447113,-0.8934964,-0.39287844,0.62951046,1.4902929,-0.5162629,0.04726665,0.102797255,-0.18756038,-0.033152137,-0.5101668,-0.62254965,0.27842736,-0.0779573,0.64245,0.3388202,-0.17126133,-0.490747,0.21079315,0.25912604,-0.40650955,-0.41452658,-0.020789929,0.43670714,-0.47595316,0.08209241,-0.44878504,0.4266671,-0.90652496,-0.10434664,-0.21871491,0.16062942,0.20693842,0.5480761,0.29119906,-0.021232955,0.5449404,0.4795895,0.6489831,0.55931306,-0.16876017,-0.5611072,-1.0638304,0.0017869356,-0.15848427,-0.3171864,0.031983048,0.852377,-0.085243754,0.0788938,0.48438418,-0.10100636,0.01920543,0.07563725,0.3364403,-0.6554148,0.35511047,0.43989423,-0.3574599,-0.14719151,0.28097427,0.05595589,-0.11868021,0.11247712,-0.21111828,0.027886482,0.055178247,0.3078311,-0.04549095,-0.121235944,-0.57692736,-0.25400695,-0.29774782,-0.12054271,-0.0019246796,0.25273713,0.11812495,-0.56606495,0.17224419,-0.44557253,0.62898,0.48842794,0.7601705,-0.3999393,0.2523275,-0.53221583,0.05793598,0.20696868,0.3397891,-0.5374609,-0.092582904
locomotion,0.06582328,0.7829199,-0.1084493,0.061330862,-0.40239763,-0.06748547,0.6600475,0.6270282,0.13932113,-0.14756387,-0.9222937,0.34923404,0.5077984,0.2969368,-0.8458195,-0.6810775,-0.35463166,-0.3841449,-0.092469394,0.6441269,-0.1582781,-0.15291409,-0.3488266,0.58322656,-0.3948897,0.10628251,-0.6340914,-0.2118004,0.26377234,-0.07674374,-0.21735296,-0.79676425,0.55147034,0.45172366,0.20743604,0.28604054,0.33310038,-0.625451,1.1558335,0.15151626,-0.28491262,-0.38239127,0.3636446,0.38050732,0.34302422,0.08766515,-0.09873716,0.111377366,0.59279853,0.16877691,-0.60170937,-0.43098292,-0.36478183,1.004627,0.5729491,0.21778879,0.5784744,-0.20036238,-0.0112457685,0.3361478,-0.9081534,-0.10106709,-0.55567944,0.07787991,0.4533315,-0.21447307,0.08800739,-0.09350571,-0.45308378,0.50312364,0.28642958,0.5706921,-0.9065931,0.10808469,-0.31760797,0.31712723,0.2729808,-0.100017354,-0.21164475,0.3794696,0.415692,0.44247815,-0.051956583,0.0012872651,-0.59557897,0.11090093,0.40042815,-0.239818,-0.3813613,0.42715335,-0.067563005,0.065509684,-0.23385899,-0.37789786,-0.44695625,0.15792903,0.22441669,0.7624666,-0.05736838,0.7324456
organic_solvent,0.28002706,-0.39572632,0.123961955,0.12431555,-0.690034,0.52927417,-0.5587937,0.7292297,-0.528294,-0.43741253,-0.7537209,-0.036104646,0.6463877,0.4987539,-0.9903137,0.07583577,-0.033471815,-0.3489962,0.09941423,0.54069275,-0.2721432,0.09206873,-0.23175974,0.26177466,-0.06735024,-0.31136093,-0.6037148,0.3394838,0.6015904,-0.6674304,-0.08685512,-0.08274169,-0.17772643,-0.1618095,-0.39647114,-0.007831607,0.0024423085,-0.23962368,-0.1620049,-0.12376363,-0.4783282,0.5489734,-0.07246567,0.4760929,-0.33259755,0.45789486,0.3634261,-0.18669662,0.55527997,-0.84424675,-0.4542769,-1.5023957,-0.29663634,-0.383333,0.880744,-0.79725266,-0.4533123,0.73820704,0.48184842,0.558081,-0.44817013,0.25935933,-0.8081165,0.1415375,0.5674309,-0.6624605,0.32693785,0.048624817,-0.7017685,0.011705724,0.26913002,-0.6132611,-0.09145918,0.1886101,-0.066553086,-0.086258985,-0.45226672,-0.3099243,-0.09255888,-0.21158776,0.20419444,-0.020934142,-0.3269958,0.41534677,-0.23538938,0.45080766,-0.29477713,-0.14408863,-0.5209604,0.73222214,-0.7276422,0.35345384,-0.28931278,-0.045855403,-0.31125748,-0.33192715,-0.08364595,0.68857163,-1.1831037,0.4794177
emulsion,0.19185771,-0.31941178,0.14465886,1.0955123,-0.58102274,0.3364616,-0.2773671,-0.24256422,-0.08941447,-0.40768793,-1.3664756,0.61291045,0.57430786,0.6128363,-0.22511072,-0.069328845,-0.35434076,-1.0518357,0.05975908,0.13506839,0.18284433,0.71215904,-0.4805539,0.3633028,-0.8464373,-0.0129838055,-0.39102793,-0.2474425,0.12113939,-0.7320529,0.6060402,-0.058855,-0.013399231,-0.12297096,-0.16489747,-0.3098466,-0.23982927,-0.7137701,0.5182065,0.72583926,-0.088619836,-0.33552873,0.21126139,-0.18791628,-0.44195846,0.21227635,-0.57963777,0.40619898,0.17030253,-0.5751016,0.110492684,-0.72419274,0.1424081,0.5648562,0.49559286,0.08315555,-0.287186,0.34409297,0.27039295,0.03808714,-0.41041356,-0.17529479,-0.24290052,-0.285118,0.23868987,-0.04132388,0.23588578,-0.24436519,-0.07011558,-0.03451816,0.28666237,0.76635313,0.08667756,-0.4654969,0.4352257,-0.7096842,-0.3757683,0.10684987,0.020656733,-0.099134974,-0.30529082,0.15975723,-0.07815579,0.27155375,0.10465317,0.3565523,0.33489588,-0.22302748,0.0899613,-0.28552824,-0.507905,0.6967788,-0.66613823,-0.21312828,0.3926028,-0.6894244,0.12376565,0.13238966,-0.17521466,-0.22390193
thiobarbituric_acid_reactive_substance,0.2770386,0.28765443,-0.6643095,1.1651736,-0.41062137,0.93257827,0.22736394,1.112791,0.857734,0.4028833,-0.3059129,-0.49912363,0.654476,0.38829118,-0.31290463,0.33717647,0.2918507,-0.6105789,0.10856131,-0.020148663,0.63115513,0.38780645,-0.32497635,0.40824768,-0.41980228,0.41442266,-0.28309897,0.3027521,0.5268881,-1.4471781,0.14341307,-1.4681672,-0.061799258,-0.4223241,-0.03740866,-0.13905786,-0.25068864,-0.99100935,1.9356307,0.11620954,-0.24515806,-0.3201953,0.09453969,0.20679775,0.27510357,0.056180008,0.8809756,1.3589829,0.3457192,1.2564925,-0.08365853,-0.9083301,0.22699156,1.2162483,1.3488597,0.4700703,1.1316401,0.120908126,-1.1699438,0.6033833,-0.7851693,0.6810138,-0.24620147,1.5406623,0.2200099,0.07057281,-0.40922847,-0.31349716,0.46225536,1.5005362,0.679327,0.22155955,-0.10614551,-0.3159682,0.38007697,0.42823365,0.6728159,-0.41005304,-0.085424185,-0.012270303,0.5258512,0.3302834,0.3354473,-0.297802,-0.3792435,-0.26345137,0.289198,0.054157592,-0.32993868,-0.121961035,-0.16809347,0.15391967,-0.15779321,0.03269374,-1.3703716,0.16285089,0.016189057,0.38800123,-0.16440713,-0.26882547
plant_structure,0.1627273,1.2014683,-0.18079491,0.016444838,-0.7278906,0.5126801,0.43545187,0.22534655,0.66001916,0.1209617,-0.98412675,1.0006632,0.35981184,-0.23080245,-0.49444833,-0.3956663,0.31018737,-0.78309953,-0.19976526,0.5466889,0.2669978,0.7671936,-0.6839564,0.5686496,-1.0141084,0.35077173,-0.5420438,0.6355139,-0.5909641,-0.40225723,-0.21420538,-0.7162419,-0.13167484,-0.27055234,0.77987087,0.7057268,-0.04576707,-0.82913864,1.2675036,1.2303306,-0.3013302,-0.4617512,0.8858892,0.31533527,0.42881575,0.5153372,0.90601546,0.758292,0.22254728,-0.040702075,-0.5766476,-0.63132644,0.014635559,0.20984928,0.38472772,0.20022124,1.0873183,0.7061221,-0.2365825,0.39251602,-1.3371232,0.5358945,-0.31013763,0.44855386,0.5173078,0.039419763,0.753809,0.42682546,-0.017385708,1.0869175,0.031671777,-0.0037011406,-0.021032946,-0.4385856,-0.36407393,0.20336716,0.92899096,0.12864354,-0.07524412,0.19107556,-0.57790035,0.15159734,-0.15216626,-0.16367798,-0.2738208,-0.19167216,-0.4550836,-0.38953957,-0.526879,-0.58279026,-0.5192723,-0.17592002,-0.023677377,-0.2847843,-1.3030118,0.5037936,-0.22769971,0.16919495,-0.11526225,0.18460009
"plant_components,_aerial",0.15037335,1.185696,-0.13955998,-0.046841092,-0.6635679,0.48512512,0.36379462,0.26856458,0.65416056,0.13907143,-0.9049869,0.9832209,0.36029956,-0.19844328,-0.4854762,-0.39666387,0.2923445,-0.7616373,-0.20329143,0.5305222,0.26708817,0.73911345,-0.6723309,0.52881545,-0.98099977,0.31911558,-0.55593157,0.5692388,-0.57287836,-0.4360551,-0.20477383,-0.6714587,-0.11996998,-0.22928506,0.7598531,0.72642136,0.037097357,-0.839442,1.2596391,1.1538384,-0.32321578,-0.42562374,0.81548107,0.34294504,0.4119822,0.518548,0.9012681,0.6903861,0.2109062,-0.089931466,-0.60176796,-0.61110604,0.048784904,0.20220505,0.4272929,0.17403582,1.0148709,0.68705374,-0.3040556,0.41530618,-1.257865,0.52207655,-0.20900297,0.48813325,0.5156991,0.04787673,0.7381594,0.3709476,0.0617413,0.9474332,0.065684594,-0.05790849,0.004303036,-0.39306092,-0.36498165,0.22552611,0.8688621,0.10960711,-0.09063355,0.22211315,-0.55066323,0.15959696,-0.21486758,-0.16644631,-0.17772873,-0.14129955,-0.35911536,-0.36357334,-0.55355024,-0.59089816,-0.4588336,-0.099588,-0.04987133,-0.23341167,-1.1981455,0.5087154,-0.17767228,0.1038108,-0.08039305,0.20787819
energy_utilization,-0.2766724,-0.7185935,0.167253,0.21996567,-0.16868857,0.083641306,-0.14253964,0.10291058,0.24417384,-0.7433824,-0.21419641,0.023633817,0.5926947,0.33487096,-0.38752404,0.3636069,0.50755006,-0.36772805,-0.87067866,0.16835393,0.13547559,0.29700312,0.2725812,0.1585287,-0.8404121,0.062245473,-0.024539456,0.034388203,0.013891007,-0.49693808,-0.114853896,-0.088553354,0.01347807,-0.046828847,0.37848997,0.53179103,1.0738173,0.0630104,-0.47214606,-0.11491545,0.41428286,-0.015613912,0.056914963,-0.21182652,-0.60356015,0.15245529,-0.5627167,-0.28230208,1.1948262,-0.5816346,-0.08597752,-0.6846824,0.8340897,0.362722,0.26575,-0.40167168,0.6290671,0.3629898,-0.3125456,-0.13289091,0.58559114,-0.31989455,-0.5657507,-0.03711705,0.42190206,0.8111877,-0.44484243,0.077261,0.70110023,0.392252,0.33357802,0.46821478,-0.5050351,-0.31098834,-0.37954497,-0.29316324,-0.63037395,-0.7823319,0.660122,0.2592991,0.22413693,0.15057059,0.11494108,0.08750723,-0.32089534,0.985076,0.4897366,-0.5169104,-0.389134,0.015556363,-0.14259271,0.39908257,-0.19802801,-0.67846847,-0.0704334,-0.34975088,0.3934676,0.2915713,0.07959036,0.02231597
energy_efficiency,0.03109636,-0.20855886,-0.05305562,-0.049612064,0.19269243,0.36706257,-0.03854127,0.17739236,0.028581617,-0.42138666,-0.6664769,0.03719089,0.59427315,0.21869361,-0.23811491,-0.1019146,-0.07570809,-0.2526705,-0.8024003,-0.07504162,-0.027457986,0.389573,-0.10145683,-0.058673427,-0.25038466,-0.31973526,-0.09330734,-0.20848943,0.21064861,-0.34908155,0.33113647,0.57887894,-0.24359725,0.12144757,0.5465608,0.40458328,0.75415945,-0.004022403,-0.28428242,-0.04217095,0.17129111,-0.4130782,0.1318112,-0.028192662,-0.5164876,0.06641231,-0.16401681,-0.1833422,0.21987431,-0.50641626,-0.25842717,-0.51066226,0.3122187,0.05802762,0.16584983,-0.5922901,0.48669976,0.5881831,-0.30671984,0.14804992,0.13253762,-0.21056232,-0.27347687,-0.21457675,0.50024277,0.4821998,0.039681293,-0.011397897,0.15180668,0.087715514,0.43587726,0.503432,0.13014933,-0.16445585,-0.29264998,-0.00052868255,-0.6294577,-0.5190098,0.66512054,0.3474801,0.030727156,0.05383623,0.20284319,0.3653153,-0.5071392,0.77427584,0.42374513,-0.001540607,0.03018433,0.24249174,0.07078648,0.4701101,-0.16956323,-0.058496863,0.40486732,-0.4541207,0.35358617,0.42692485,-0.20954019,0.064330235
design,0.21223047,-0.7549937,-0.31288782,0.6321705,-0.0348095,0.18801448,0.14303835,-0.060830448,0.8304776,-0.06614566,-0.740345,-0.10731964,0.50614184,-0.1375237,-0.5347951,-0.10130564,0.0005728804,0.09908041,-0.79207027,-0.102378786,-0.5445798,0.49080944,0.17425717,0.2782513,-0.94826114,-0.17248447,-0.79911476,0.013178724,-0.28579253,-0.3722933,0.06943781,0.3373368,0.11794201,-0.20705453,0.43397665,0.51105326,0.008716845,-0.4393629,-0.15496135,-0.12785712,0.2369386,0.24149367,0.070367955,0.22030751,-0.31204638,-0.032900512,-0.47656965,-0.67505765,0.5251684,-0.68521273,0.29351398,-0.54227114,0.1272266,0.011705129,0.28055003,-0.61242926,0.0022817366,0.120593205,0.0731903,0.062507264,0.4675676,-0.63144666,0.1397966,0.357194,0.7067132,0.40672317,-0.060480624,-0.48384506,0.39274362,0.78518796,-0.0021505612,0.2016414,-0.25225198,-0.19281971,-0.2477771,-0.170589,-0.29275677,-0.40950647,0.5178476,0.5188971,-0.01293957,-0.48340145,0.45699823,-0.0021288542,-0.09351021,0.6346542,-0.14544909,-0.19458207,-0.085335754,0.18353093,0.51226443,0.41485548,-0.19658047,0.02127372,0.07950572,-0.07705816,0.31744492,0.9184877,-0.014689398,0.2781122
ordinary_differential_equation,-0.11487237,0.36165476,-0.36217234,0.33007967,-0.033651724,0.12099628,0.1812023,0.43093395,0.1785863,-0.636665,-1.0034391,-0.105172805,0.7389363,0.49919635,0.09311081,-0.41955185,0.16300482,-0.5746813,-0.6184277,0.06584284,-0.22959521,0.63785213,0.3430078,-0.22611094,0.3233444,-0.24304174,-0.33868888,-0.33572522,-0.2736225,-0.46385744,0.07960332,0.23442668,0.061054483,0.06786991,0.7536128,0.41433272,0.7194059,-0.21590938,-0.65843135,-0.29695186,-0.2030264,0.098946586,0.28178462,0.18355756,-0.41393754,-0.11334092,0.38543305,0.32257295,-0.40354833,-0.2864626,-0.004677742,-0.19810136,0.56219536,0.10887945,-0.007411938,-0.26667252,0.108872615,-0.13848709,-0.035429843,0.29492792,0.17910607,0.28372025,-0.68977475,-0.2983004,0.6833263,0.22602205,0.5291695,-0.72134674,-0.3569766,0.49837628,0.26013318,0.1722344,0.048259694,-0.753605,-0.6747007,-0.13956605,-0.41210216,0.08892513,0.07591841,0.36881605,-0.05962914,0.03384283,-0.45138213,0.1268553,-0.3602837,1.0166413,-0.27900022,0.051275216,-0.20495659,0.2874203,0.13883094,1.0053545,-0.5754278,0.03930407,0.42324373,-0.2879365,0.026896326,0.61639154,-0.22193183,-0.7043649
chicken,0.24108493,0.648031,-0.15846662,-0.89616925,0.4617557,-0.018131688,0.973824,0.23599891,-0.22269996,-0.6590441,-0.20699997,0.51795274,0.7719051,0.5381091,-0.5587434,0.34867722,-0.0493352,-0.8180026,-0.15878034,-0.5397804,0.053356107,-0.14234263,0.07769189,0.53252894,0.8934277,-0.75086707,-0.16556764,0.13313656,-0.20360667,-0.87288547,0.087706804,0.13062286,0.23295246,-0.22996524,0.43572158,0.13169704,0.6133568,-1.3266212,-0.37630546,0.18323468,0.25987378,-0.38342705,0.57998717,-0.27248332,-0.16022705,0.5724759,0.58230275,0.5727833,0.4661439,-0.6225693,-0.9261324,-1.2882881,-0.092915356,-0.09803173,-0.13205859,0.01805648,0.7149754,0.4090084,-0.17361888,0.4864426,0.00964915,0.24217576,-0.13943586,0.39264864,0.6033827,-0.18289222,1.2233816,-0.41682366,-0.10234095,-0.016060974,-0.44035605,0.017417373,0.3969757,-0.35052112,-0.20032172,0.37284172,0.34575975,-0.26849017,-0.53403246,0.034895606,0.16448198,-0.62816596,-0.4248086,-0.13007201,-0.4875295,-0.26276115,0.18391962,-0.17228037,-0.5732881,-0.38207456,0.12870398,1.0100528,-0.4516189,-0.37478656,0.18074468,0.05675226,-0.39184767,0.04509446,-0.43265542,0.19052601
season,0.396665,0.4307511,-0.5987212,-0.4523916,0.19322526,-0.34078124,-0.06480812,0.6062615,0.17753597,0.30003786,-0.5478883,1.2322404,0.2754403,0.1354532,-0.58362937,-0.3830137,-0.52171254,-0.54901993,-0.9404403,0.2510315,0.65348816,0.74508876,-0.13248552,0.5492485,-0.11910231,-0.31447333,-0.81276137,-0.33899814,-0.19346495,-0.3383217,-0.58962584,0.079718545,0.42492118,-0.06052464,-0.43484205,0.6222684,-0.027663818,-0.36719987,0.022818768,0.7253978,0.6041128,-0.5548252,-0.017396083,-0.364631,0.03736865,0.38183433,-0.24513726,0.6206915,-0.20156755,-0.88482046,0.47984454,-0.25579292,0.64190066,0.18401477,0.17239664,-0.17291142,0.090340614,0.18092272,0.03041889,0.005918714,0.4543464,0.5457352,-0.550345,0.23898432,0.4735582,0.056897733,0.7497661,0.05494276,-0.06960766,1.3603933,-0.07911512,0.8542726,0.55805993,-0.272327,-1.0509235,-0.4603199,-0.42655846,-0.13718797,0.64666265,-0.042613957,-0.53536206,0.16982178,-0.15448965,0.2726488,-0.73232055,0.43554974,-0.07925092,0.05680556,-0.39191043,0.08095588,0.14293054,-0.29229847,-0.4471132,-0.2998152,0.11011618,0.32638,-0.042535137,0.3589206,0.23758657,-0.08792448
open_field_test,0.5726093,0.7390596,0.25787866,0.017663332,-0.48427126,0.05919385,0.8821278,0.4286913,0.4873717,-0.25406495,-1.0666643,0.70690584,0.5540645,0.4504403,-0.95883286,-1.0506033,-0.25760132,-0.31352666,0.11057263,0.64431185,0.06120137,0.47231573,-0.46951416,0.67358845,-0.5401223,0.010192022,-0.46006137,0.375546,-0.089547515,0.019144043,-0.17622176,-1.1201986,0.49291724,-0.15991026,0.36475575,-0.054218017,0.24966401,-0.9512347,1.2103243,0.05116082,-0.3108518,-0.54411125,0.4963427,0.13270509,0.5742615,0.6928471,-0.13669689,0.45728436,0.6204294,-0.06698122,-0.5296369,-0.33627504,-0.11746132,0.23013479,0.50347733,-0.07686271,0.99959546,0.1426236,-0.2289924,0.33662874,-0.86172974,-0.48133135,-0.5353486,0.3111593,0.48363394,-0.27108473,0.31113774,0.14466362,-0.28032628,0.59119874,-0.090544276,0.6492619,-0.58594626,-0.27316004,-0.15892567,0.40850785,0.54956263,-0.17197798,-0.15964873,0.15186149,-0.053850822,0.3841889,0.30068976,-0.1178919,-0.38332805,0.1615935,0.2774797,-0.279969,-0.63141954,0.19238256,-0.00046511804,0.36345264,-0.1550964,-0.7740484,-0.62518847,0.36789334,-0.026984518,0.45851037,-0.24131165,0.7206771
diazepam,0.49088922,0.61669314,0.2167466,-0.011731033,-0.30588534,0.086579524,0.68040776,0.36401927,0.55738044,-0.29140145,-0.96056753,0.6231766,0.51575756,0.25170836,-0.85141003,-0.9796946,-0.24299017,-0.29047906,0.07273882,0.66426337,0.028545288,0.41469404,-0.39650744,0.6193071,-0.5283527,0.119452015,-0.39333043,0.42265505,-0.05532241,0.05306241,-0.24244916,-1.0309588,0.4018,-0.064783126,0.2953441,-0.042260796,0.25165275,-0.7472096,1.0849825,0.14981885,-0.22922672,-0.489413,0.3626562,0.22534406,0.4835185,0.65743715,-0.2565603,0.37619102,0.5563324,-0.12726583,-0.48017678,-0.2722485,-0.13082191,0.24534896,0.45922792,-0.067198776,0.7940567,0.12662147,-0.12667061,0.30260125,-0.79556066,-0.5506022,-0.4947926,0.23562986,0.47347128,-0.27745062,0.32651165,0.15261374,-0.18197292,0.44405356,-0.026023895,0.6980704,-0.5166813,-0.23785046,-0.12792096,0.43673956,0.5145374,-0.13763842,-0.17173523,0.1913487,0.052109797,0.25503704,0.22598541,-0.14840095,-0.3717174,0.1336839,0.3179505,-0.24170224,-0.5694171,0.1694402,0.010448193,0.39292896,-0.07779403,-0.65433496,-0.4787777,0.37588885,0.020318067,0.45051458,-0.1291243,0.6393059
economics,0.17321746,0.29256555,-0.37951127,-0.15194781,0.018736403,0.13480115,0.1484696,0.31526244,0.57500094,0.23515363,-0.6615503,1.2384804,0.09678745,0.25763112,-0.49305508,-0.34426188,-0.1468949,-0.87332565,-0.64080507,0.16877867,0.6348713,0.45564792,-0.14421895,0.98311865,0.01878349,-0.25257045,-0.6878004,0.3130856,0.24632479,-0.101190396,-0.5432884,-0.27210805,0.21676704,-0.06881234,-0.11882402,0.34303427,-0.18105587,-0.43093327,0.2877622,0.32124972,0.60576534,-0.17633641,0.38426447,-0.33324823,0.11723511,0.85269624,-0.26301807,0.5302695,-0.10756876,-0.97624934,0.34975976,-0.531739,0.408321,-0.2075705,0.35522082,-0.27723214,-0.22448412,0.30183387,0.01993734,0.015320927,0.12229876,0.78746533,-0.59965366,0.3347408,0.33727214,-0.12595795,0.60131073,0.40114206,-0.21890278,1.1280448,0.040821064,0.5641681,0.14340973,-0.63073736,-0.5440524,-0.41042784,0.049043443,-0.04603446,0.6489762,0.033243403,-0.6660506,0.16920102,-0.32200667,0.0771294,-0.39587983,0.05087256,-0.3308125,-0.45961145,-0.1744063,-0.05634275,-0.20874542,-0.323094,-0.58112407,-0.40813205,-0.114596926,0.18690243,-0.19364583,0.5436078,-0.073505655,0.053753477
zinc_oxide,-0.13022429,-0.42191592,-0.57190675,-0.17359981,-0.45851076,0.0012193253,-0.19921935,0.55999327,0.13737984,-0.38887635,-0.8203891,-0.056201905,0.2719494,0.38177794,-0.37659332,-1.0161873,-0.11239844,-0.38675368,-0.43634057,0.32282645,-0.5403095,1.0026038,-0.49849135,-0.12956248,-0.7347199,-0.18946454,-0.7220067,1.0375208,0.608633,-0.4261091,-0.09389055,-0.2969583,0.49263102,0.051418457,-0.08168003,-0.24401556,0.5515666,-0.26827416,0.09850873,0.35059214,-0.45758146,0.2163954,0.5211416,-0.14210328,-0.34472227,-0.39080444,0.16779631,-0.39897493,1.3163377,-0.52175915,0.3299981,-0.3453253,0.19353905,-0.6582801,0.5003854,-0.2942389,-0.5997381,-0.15437153,0.5615821,0.07061948,0.14291663,-0.56069064,-0.32234794,-0.61654466,0.8317858,0.11861701,0.30776894,-0.06344373,-0.22283867,0.58679205,0.172712,0.44823915,-0.29634264,-0.5627976,-0.24961573,-0.7152707,-0.21672143,0.27195728,0.101667844,-0.2529837,0.06817386,0.038755275,0.9026827,0.07391619,-0.58995694,0.35975504,-0.293436,-0.040058922,-1.0983218,1.0846796,-0.44531244,0.18279883,-0.067149855,0.10950613,-0.083535284,-0.22032434,-0.23042357,0.086980216,-0.9645322,0.2578776
nonlinear_system,0.15608567,-0.3377985,-0.60841924,0.5139625,0.09220196,0.21656068,0.2746068,0.18507065,0.22791876,0.11314175,-0.6178353,-0.03396732,0.476787,0.07102621,-0.32700557,-0.03167635,-0.011248078,-0.28339833,-0.43141198,-0.3238901,-0.3366294,0.388343,0.12088573,-0.19394478,-0.19404174,0.15659168,-0.75584406,0.0379805,0.20756544,-0.023167515,0.11602117,-0.18869404,0.29063883,-0.044790126,-0.02231436,0.06447423,-0.15395974,0.016008452,0.39645278,0.065330625,0.30800778,0.049720563,0.48059192,0.2881261,-0.21264167,-0.1419676,-0.10503017,-0.588815,0.47432476,-0.40554145,-0.1375259,-0.39216715,-0.11445317,0.34844455,0.27283368,-0.1518008,0.22217837,-0.18575023,-0.22117876,0.28774,0.013443573,-0.31280425,0.36591318,0.43498865,0.4190258,0.20593998,-0.10541924,-0.22672246,0.40492263,0.36265036,-0.03959667,0.44967985,-0.07905348,0.16087131,-0.32569894,0.097665206,-0.29577735,-0.25315392,0.23019321,0.3510415,0.070323445,-0.13860631,0.33681878,-0.2828476,-0.37366742,0.4514188,0.23021221,-0.12897529,-0.24316591,0.15546106,0.08424032,0.26430684,-0.31577545,-0.14809114,0.30198717,-0.20372522,0.38114592,0.6829288,0.29003796,-0.1557445
solar_power_generation,-0.4949092,-0.09240491,0.08396487,-0.22262616,-0.17164621,0.373816,0.060788106,0.88976175,-0.036845434,-0.35328394,-0.36638424,-0.70157874,0.39243641,0.5375494,-0.43593782,-1.0719897,-0.1248519,-0.4817439,-0.7930348,0.61019915,-0.55593085,0.6134837,0.0925011,-0.10537897,-0.2669773,-0.17937803,-0.074497715,0.35709947,-0.093193345,-0.63173956,-0.14611587,-0.10188828,0.12306751,0.41471243,0.60617507,0.17645918,1.1638771,0.13967389,0.30538017,-0.33370772,-0.3002752,0.5602954,0.27004018,0.26310655,-0.1863059,-0.086955406,0.1473956,-0.11266529,0.5252996,-0.42453536,-0.19247502,-0.45596603,0.08854626,-0.3252265,0.29191998,-0.3665201,-0.99527746,0.11626927,-0.12813355,0.48581535,0.30111462,-0.28514838,-0.56872183,-0.41252157,0.9403332,-0.22634421,0.22442582,-0.45176315,-0.6538618,0.2651429,0.21778594,-0.12266183,-0.11023198,-0.41833675,-0.1583442,-0.38343662,-0.55501217,0.3723054,-0.037018068,0.108731404,0.11736435,-0.11738666,0.31908247,0.15654723,-0.48238212,-0.1163934,-0.51657534,0.39409634,-0.7141008,0.8122171,-0.37439325,0.601811,0.018712861,0.09457864,0.14167091,-0.027996926,0.28135303,0.069442,-1.0499748,0.1692079
voltammetry,0.80596215,-0.74906564,0.08928991,0.2711642,-0.6376075,0.39491862,0.38677257,-0.1146618,-0.62929446,-0.2022059,-1.0869312,-0.30906963,0.012314405,0.9434704,0.28873456,0.16456136,0.26400828,-0.5935623,0.40861842,-0.36444294,0.47934276,0.4057436,-0.28265706,0.31611633,-0.44443277,0.49903572,-0.7593579,0.29421636,0.45917124,-0.7453444,0.6140479,0.15525821,0.10274559,0.03288541,-0.5236098,-0.33656967,0.16443714,-1.0669466,0.073880345,0.10690544,-0.0069570923,-0.22478797,0.44493794,-0.23359293,-0.2986259,0.2912537,-0.4892141,0.68406546,0.338249,0.10203344,-0.1335427,-0.6130588,0.62079227,0.4809459,0.7404022,0.051261853,-0.38022485,0.7995862,0.45548752,-0.5374885,-0.03810919,-0.09883713,-0.2784434,0.4652495,0.37911943,0.6617114,-0.25260654,-0.54113275,0.29729906,0.37531123,0.25332448,0.42263392,0.10935751,-0.60552865,0.1955568,-0.3343988,-0.41647372,-0.05913926,0.00011878256,-0.47413793,-0.31763825,0.37501496,-0.12577148,0.38294753,0.43660966,0.30156717,0.26974428,-0.3404893,0.109017126,0.13486217,-0.5584498,0.7746897,-1.2398632,-0.023520712,0.36614573,-0.33954164,-0.021249827,0.19730204,-0.44498637,-0.09948259
hybrid,0.09370422,-0.15359047,0.29600242,-0.571107,-0.7309241,0.036266387,0.5106677,0.23855884,0.2583428,0.2550044,-1.0140245,-0.31212574,0.14196818,0.31809157,-0.016227987,-0.46637386,-0.22227572,-0.38298878,-0.036070723,-0.20920663,-0.023578897,-0.08224335,-0.4041363,0.49455926,0.46207544,0.089662164,-0.21816215,0.050212204,0.7267307,-0.4039299,0.6490903,0.24207976,-0.66431606,-0.4603443,0.7045216,0.19355986,0.18386953,-1.300456,0.143934,0.28928292,-0.3927436,0.5897004,0.76970345,-0.018313901,0.3498635,0.035603583,0.14136772,-0.20580876,1.2229413,-0.38108245,-1.1709479,-1.0213568,0.04783472,-0.5749014,-0.28806147,-0.4458597,0.24294323,0.22882625,-0.7135197,-0.0097976085,0.43265748,-0.27373293,0.0025045795,-0.088456064,0.09088825,0.37100187,-0.0038932606,-0.007394809,-0.50728524,0.68899745,0.021895701,-1.446784,0.15528734,-0.22795276,0.23567307,0.1633054,0.3732363,0.15833291,0.10457988,-0.5253586,0.56039053,-0.58379525,0.012109893,-0.06803575,-0.08164963,0.11330181,-0.17056647,-0.22406031,-0.23568706,-0.08912331,0.69907343,0.4030095,-0.2815849,-0.88383263,0.04888969,-0.13282812,-0.54539996,0.52552927,-0.5653279,0.74334323
biomass_production,0.35349137,0.02164078,-0.21925126,0.13021973,0.15342659,0.873193,-0.42639288,0.36412498,0.021350704,-0.3468271,-0.37234616,-0.3035814,-0.12140145,0.5039431,0.13784383,-0.33798695,0.22766097,-0.42328477,-0.22287484,-0.40974823,-0.30558535,0.14933662,0.62834716,-0.08567014,-0.38555142,0.093043804,-0.47579992,-0.07423991,-0.011492788,-0.49583778,0.16408068,-0.454851,-0.16074516,-0.025612528,0.62017983,0.5014671,-0.05752088,-0.55897444,0.052200824,0.3185915,-0.022179056,1.1866529,0.574065,-0.44651538,0.36020756,1.0943958,0.46588635,0.31341663,0.17523818,0.19508587,0.7916253,-0.47900644,0.2259797,-0.17405425,0.27958378,-0.6675529,-0.18319221,0.5419696,-0.30246323,0.40019545,0.6324024,-0.14884396,-0.081469774,0.5790968,0.59085363,-0.06844795,0.12502646,-0.17572749,-0.16937266,0.36059478,-0.51874465,-0.25473455,0.46494204,-0.55067384,-0.17194316,0.09612452,-0.47905043,0.65518945,0.3205017,-0.34739247,-0.23596224,-0.22484034,-0.5342296,0.0010028875,-0.535359,0.65888494,-0.27779776,-0.2860503,-0.1995212,-0.34656572,-1.1712899,0.66132915,0.14882454,-0.2871584,0.20263237,0.5219144,-0.09970065,-0.5286915,-0.47008318,0.036627248
electromagnetic_field,0.109811716,-0.6562403,-0.43467975,0.7559007,-0.14772682,0.17827292,-0.2728619,0.30667868,0.41793618,-0.3639124,-0.9168623,-0.31616306,0.5706599,-0.1457373,-0.34197938,-0.09304999,0.20571207,-0.3222013,-0.4407777,-0.24750353,-0.20193301,0.5198465,0.09481607,-0.10749072,-0.47526902,0.2228859,-0.6657496,-0.41061684,-0.3203993,-0.18073978,0.23843655,-0.01687206,-0.009800107,0.1018697,0.10917849,0.19262162,0.40803325,-0.5568827,-0.09697622,-0.020074667,-0.00799586,0.69588405,0.045518346,0.07122755,-0.1528721,-0.12142029,-0.3518551,-0.51958656,-0.2042515,-0.48984653,0.31380257,-0.3018105,0.30408144,0.019653512,0.32982787,-0.08720176,-0.18783756,0.13600267,0.24530469,0.09790694,0.34215686,-0.14930263,-0.31479314,-0.103336096,0.7343326,0.3103036,0.062110648,-0.5446974,0.07231062,0.45181143,0.086416066,0.11429744,-0.2902602,-0.4853711,-0.5612452,-0.18647206,-0.35654968,0.17212163,0.47633716,0.14901161,0.19879283,0.1483758,0.018878853,0.33260703,-0.38693252,0.9102318,0.12170694,-0.18667744,0.014179743,0.30202907,-0.05242646,0.57995045,-1.113518,0.024083879,0.25339675,-0.3086736,0.16573948,0.44763333,0.20355871,-0.16549492
catalyst_deactivation,-0.34629962,-0.8818379,-0.1583946,-0.038878344,-0.09100893,0.39151564,-0.32782254,0.4349445,0.03158198,-0.3659696,-0.5827348,-0.22976954,0.63853127,-0.2401318,-0.4500529,-0.38870046,-0.0054065846,-0.6096409,-0.23941399,0.23946461,0.11934155,0.8195135,-0.29293302,0.24662082,0.0537047,0.11579963,-0.9341426,0.35956222,0.09793497,-0.5934027,0.14713418,0.074608706,-0.6044428,0.19397378,-0.41178015,0.49378398,0.6491551,-0.26969162,-0.25042665,0.08783895,-0.18311916,0.5467938,-0.26804507,0.18688072,-0.0841269,0.0029787612,0.3561685,-0.35282537,1.1619364,-0.30627114,-0.3373763,-0.10767743,0.021130387,-0.46031013,0.72169906,-0.622164,-0.15800393,0.5000525,-0.12569167,0.051243912,0.6906557,-0.14147243,0.07999994,0.5181264,1.0835966,0.8181249,-0.097362876,-0.23223697,-0.101602875,-0.015254929,-0.072358675,-0.5942884,-0.23329219,0.18275629,-0.072005175,-0.37830985,-0.35258114,-0.011103535,0.5856116,-0.6719183,-0.08739023,-0.9266801,0.16696915,0.10331768,-0.39303157,0.2712723,0.22228013,-0.32914788,-0.8040347,-0.028276663,-0.4714913,0.39556774,0.15937078,-0.53927267,-0.04935729,-0.5698781,0.15300928,0.10312589,-0.9149572,0.43572593
dinger_equation,-0.0635525,-0.04820008,-0.097161226,0.24120903,0.16607372,-0.0006891904,-0.024065688,0.431255,0.34864035,-0.41929716,-0.77124846,-0.063539855,0.346589,0.061877433,-0.008651983,-0.5420703,-0.1903543,-0.3112257,-0.633019,0.11945272,-0.33028916,0.4534545,0.21730103,0.12440842,-0.003425695,-0.28592882,-0.09350465,-0.1926703,-0.051227488,-0.42621198,0.17544667,0.33240676,-0.07391313,0.061762724,0.7685239,0.38485658,0.6469663,-0.46473274,0.07962711,-0.43344146,-0.20488895,0.008965774,0.16795403,-0.11203203,0.032444343,0.0612338,0.030043669,0.13593523,-0.09169542,-0.20384301,0.13760757,-0.2594418,0.42068037,-0.19268015,0.17289117,-0.20054334,0.15819244,0.30855408,0.12875709,0.097307734,0.18580459,-0.016133182,-0.3722861,-0.44629404,0.47065637,0.14048527,0.07579611,-0.5387477,-0.20668495,0.3095397,0.33990857,0.42830816,-0.17055094,-0.4792111,-0.35703024,0.16462564,-0.15075648,-0.25055352,0.18901452,0.48673916,0.076724425,-0.03722336,-0.065867566,0.15924208,-0.259816,0.8334426,0.030364327,-0.24467736,0.034264263,0.279315,-0.05815149,0.6432225,-0.17919824,0.13634631,0.25002444,0.073638156,-0.01505639,0.7373815,-0.34394813,-0.13620405
maxwell_equation,-0.016158031,-0.65331,-0.37845406,0.5491527,-0.0020208028,0.261353,-0.13942106,0.4824071,0.061061367,-0.2846132,-0.8027229,-0.3114399,0.6077011,-0.22156982,-0.3008989,-0.0950423,0.06480121,-0.46629813,-0.028114047,0.061054554,-0.00064901577,0.48410767,-0.21499547,0.060108628,-0.3422389,0.11260893,-0.91751736,-0.21844344,-0.034813043,-0.1632303,0.083740555,0.09970885,-0.13546216,0.26300132,-0.17022006,0.12037324,0.6960739,-0.5342515,-0.4646165,-0.108038366,-0.2356441,0.49829727,0.108755924,-0.22247411,-0.017136753,0.0699646,-0.5165739,-0.42304718,-0.16222283,-0.46699414,0.058352735,-0.5131809,0.4767828,-0.012789258,0.5271667,0.04863094,-0.2713996,0.16498876,0.20096494,0.09235356,0.11736659,-0.04793108,-0.35356128,-0.20060413,0.697142,0.45337594,0.27044192,-0.42433164,0.076338,-0.10721202,0.18157107,-0.028252635,-0.41340733,-0.1665793,-0.3442465,-0.18500721,-0.43735132,-0.1488634,0.7956251,0.18706618,0.21125546,0.34123814,-0.055183303,0.29727903,-0.38925356,0.70887935,0.22670227,0.023187771,0.020908225,0.13403355,-0.11273401,0.52727485,-0.958404,0.0005571409,0.31027192,-0.62608904,0.28773257,0.6305895,0.06412493,0.22773089
hydrophilicity,0.33983743,-0.1410348,0.08381197,0.5825186,-0.6433481,0.14780642,-0.16324706,-0.08004232,-0.23276445,-0.21492733,-0.35267252,0.07748306,-0.18105195,-0.16912659,-0.32910132,-0.025294393,0.38251954,-0.6463852,-0.5301699,-0.34080672,-0.6379087,0.5867957,-0.3208865,0.080450326,0.19196387,-0.03251745,-1.2525843,0.03050866,-0.16540942,0.66245955,0.32323393,-0.67194915,-0.78723794,-0.110717155,-0.18774402,0.16409773,-0.19921269,-0.8794861,0.63341963,-0.18268985,-0.5010406,-0.4630284,0.43938497,-0.37395105,0.04973556,0.23334588,0.27144757,-0.2916738,0.93790585,0.30003923,-0.2679259,-0.59354305,-0.018698826,0.14956391,0.5937209,-0.5014751,0.007522546,0.245615,-0.4556042,0.47172987,0.4526565,-0.7016002,-0.4670441,0.5401196,0.91506416,-0.04752012,0.0036440284,-0.10424024,-0.2430888,0.44629815,-0.5720452,0.034828015,-0.24287032,-0.18357624,-0.83580226,-0.3815514,-0.48375553,-0.119605266,-0.12902226,-0.23011029,0.04522798,-0.18812278,-0.22761503,0.36813197,-0.5691142,0.810989,-0.28794822,-0.59043676,-0.68017554,0.15329918,-0.28508246,0.77514505,-0.41539866,-0.59767383,-0.12115476,-0.4657504,-0.21432929,0.04046297,-0.39804643,0.15051484
cancer_radiotherapy,-0.08982191,0.43376988,-0.57453585,0.52975297,-0.27173093,0.22997321,0.14743118,0.50675637,1.0077649,-0.044994146,-0.8199097,-0.11001652,0.21561009,0.22392765,-0.47326273,-0.9902006,0.06962221,-0.49811375,-0.30628017,0.15236412,0.15553968,0.3969808,-0.203329,0.5165661,-0.6434174,-0.36071932,-0.29877385,-0.19908,-0.49331158,-0.09145623,-0.18571825,-0.3397461,0.4205581,0.048096273,0.24897636,0.4447624,0.26728216,-0.8877538,-0.16056056,0.6146743,-0.472589,0.09442602,0.47107238,-0.08354692,0.17196089,-0.6327944,0.112309635,-0.44267842,-0.006403867,-0.49263012,-0.17425694,-0.07231064,0.33085084,-0.30899736,-0.09301482,-0.14715743,0.43999052,-0.10540118,-0.5267608,-0.14174667,0.14363232,-0.40002054,0.039701406,-0.58612585,0.6487725,0.2955087,0.29281488,-0.69514394,-0.24003501,0.98376024,0.43464234,-0.1458248,0.146498,-0.011159582,-0.38464266,-0.48008126,0.0275326,0.46369955,0.31939062,-0.01683562,0.28224492,0.0667729,0.11757505,-0.015326533,-0.71311384,0.098180786,0.6282262,0.89427936,-0.41461435,-0.6913311,-0.14254525,0.7988992,-0.004522162,-0.46195555,0.415793,-0.565581,-0.09687303,0.6344265,0.1884121,0.5976698
reaction_intermediate,-0.20319822,-0.7826924,-0.1658946,0.033805564,0.80515194,-0.3199696,0.30022684,0.74508864,0.17728105,-0.5369834,-0.07958663,-0.46435836,0.8530308,0.7204679,-1.0684705,0.49359906,0.7502058,-0.41195163,-0.33664754,-0.40301597,-0.3997674,0.5402333,0.17747784,0.24841683,0.19302993,0.22155608,0.32311073,0.072708026,0.7325181,-1.2509955,-0.12645063,-0.391115,-0.23043531,0.085973985,0.7898812,-0.5595221,0.47856623,-0.20982538,0.1650096,0.038345657,0.011338594,0.43776518,0.61433953,0.092326075,-0.26961038,-0.4603547,0.5542138,0.784295,0.8551181,-0.17378679,-0.73320144,-1.391071,0.15088305,0.30576146,1.2335006,-0.5057706,0.31688645,0.042708483,0.33827797,0.5120103,-0.024499595,-0.19766611,-0.2800457,0.689689,-0.25982922,0.2603551,-0.28249612,-0.5247888,0.8675508,-0.3984777,0.83287615,0.59789103,-0.2884772,-0.27962887,0.4670324,-0.07545723,0.22497785,-0.45409703,-0.4981509,0.5131079,0.45687428,-1.2001671,0.13085638,-0.46044463,-0.5392963,0.47759804,-0.0021543421,-0.09619055,-0.8878905,0.041346326,-0.39846885,0.6061599,0.19170608,-0.3169569,0.33733448,0.21349715,0.16973998,0.89597297,-0.03350546,-1.0519431
gene_expression_profiling,0.37478036,0.8642067,-0.023390029,-0.070048325,-0.30105358,-0.10052294,0.10646206,0.24727674,0.48492292,-0.36035916,-0.028792389,-0.33258888,0.1291486,1.1311883,0.1700771,-0.11053017,-0.06614245,-0.6382077,-0.41734374,-0.46211272,0.22150807,0.33463353,-0.31769934,0.42985952,-0.15301095,-0.31663328,0.29570168,0.2662476,-0.030124841,-1.3415531,0.43078414,-0.14064823,0.27012143,0.25961706,0.2684371,0.22300522,0.04069904,-0.612884,0.45016915,0.44305485,0.17562693,-0.1375798,1.3129355,-0.23599346,-0.078539446,0.010677548,0.05636739,1.342801,0.51932746,0.22622648,-0.49673,-0.3784329,0.6679127,-0.09063837,-0.029313225,-0.1572684,0.11594388,0.3806469,-0.8729101,-0.41097164,-0.14053792,0.5093793,-0.30403292,-0.14557357,0.5865551,0.41162476,-0.16615409,-0.5815355,-0.4424321,0.69160974,0.1620869,0.041199896,0.7921904,-0.67485887,0.05301925,-0.8009352,0.4879183,0.0910995,-0.08948315,-1.0064437,-0.31498227,-0.6139928,-0.52075136,0.42342478,-0.6033638,0.06474002,-0.12479965,0.2756633,-0.5726661,-0.48426467,-0.1858039,0.43674824,0.15359752,-0.27402368,0.6040957,-0.22653845,-0.24731258,-0.05956505,-0.1116918,-0.70282215
indometacin,0.47202,0.4279845,0.65432054,-0.37176958,-0.5987378,0.35839057,0.90831923,0.48197368,0.28125444,-0.06688531,-1.0726812,-0.7603597,-0.0924647,1.4109901,-0.4608628,-0.6259946,0.6194269,0.037263922,-0.14148922,-0.3196398,-0.0041851476,0.011955471,-0.2648862,0.96406764,0.07565804,-0.2500963,-0.20194143,-0.2840663,0.2068266,-0.66694254,-0.32191026,-0.26908958,0.38414216,-0.13866052,0.45101693,0.1494422,0.44759083,-1.1963414,0.11251224,-0.48016724,-0.112269156,0.30318013,0.743216,0.46046177,0.2051459,0.09214488,0.29619268,0.33238235,0.5464387,-0.049250558,-0.5627228,-0.7862238,0.21173775,-0.35049343,-0.29739293,-0.06614701,0.44267344,0.23801011,-0.5276598,0.46288037,0.05057071,-0.046447225,-0.30871323,0.27530766,-0.14678134,0.81809795,-0.2093762,-0.09007194,-0.47642267,0.9024256,0.20245095,-1.0280149,-0.28674683,0.14013873,0.37643757,-0.021691952,0.681622,0.00964118,0.38729665,-0.3275745,0.056198806,-0.02500993,0.12773223,0.07734633,-0.17956333,0.20928067,-0.24167907,0.16155621,-0.36395234,0.7276674,0.11648632,0.38208553,-0.06246536,-0.19029565,-0.6369748,-0.045078788,-0.00040409056,0.6602358,-0.71719927,0.40933558
ether_derivative,0.5028808,0.94915587,0.17582463,0.2597862,-0.78141516,0.07100652,0.7020183,0.19300076,0.3864592,-0.21230538,-0.69527537,-0.019252205,-0.17385803,1.2919582,0.30787608,-0.65868795,0.6803439,0.19030394,0.37396464,-0.16995753,0.39935762,0.4490733,-0.07844162,0.70521945,0.11629018,0.116111934,-0.3224954,0.16620485,-0.020019166,-0.71207505,-0.29065624,-0.8720154,0.60794115,0.002460469,-0.11209502,0.15869631,0.058490295,-0.85146236,-0.28684208,0.0066020875,0.2773473,-0.19567043,0.9912945,0.12446932,0.75397134,0.084608115,0.30967453,0.8299891,0.16250901,0.3595199,-0.32610226,-0.3930652,0.6642645,-0.122825675,-0.13097136,0.25759858,0.28260097,0.20559631,-0.24422167,-0.035203855,-0.33783987,0.06633089,-0.7197532,0.5039703,0.13684613,0.48448598,-0.40262312,-0.47970533,-0.37869433,0.97151136,-0.27718645,-0.29162687,-0.17514151,-0.55507696,0.19557363,-0.80159014,0.67796856,0.14645427,0.3207342,-0.23277089,0.039250877,0.014818315,-0.039526973,0.14995073,0.10811824,0.14065,-0.62898314,0.5152627,-0.40889817,0.40997928,-0.5833157,0.31211933,-0.35383156,-0.118326865,-0.17998445,0.019506356,-0.5627519,0.89852476,-0.49024704,-0.22922772
milk,-0.0068764803,0.02922022,-0.04988699,-0.2814129,0.16186546,0.3637252,0.19358125,0.3431963,1.0881487,-0.19525182,-0.6857803,0.8439722,0.29381594,-0.24624753,-0.34764612,-0.3186782,-0.3658921,-0.82442665,-0.87585336,0.31696045,0.9916275,0.28362128,-0.27950767,1.0605567,-0.014528319,-0.03766097,-0.43361434,0.060563873,0.3712357,0.015347016,-0.3595948,-0.42776006,-0.26219836,-0.35696405,0.07658143,0.4621024,-0.046306066,-0.5472763,0.46861205,0.4734815,0.5151854,-0.027477296,0.011844455,-0.4028053,-0.1783614,0.9155048,-0.3081142,0.5836568,0.08001839,-0.9863091,0.059774954,-0.3525553,0.41940594,0.058311004,0.093678586,-0.10812052,-0.52274597,0.3238525,-0.069508575,0.0705765,0.25147566,0.3100764,-0.8470439,0.4587466,0.25348982,0.34872538,0.4360823,0.6291554,-0.10165488,1.1540608,0.016970942,0.3288386,-0.03127006,-0.5424956,-0.48463514,-0.46381032,0.07007886,-0.105285026,0.6413178,-0.0776356,-0.41822696,0.14230372,-0.43646482,0.36040887,-0.92559135,-0.15927762,-0.43789127,-0.39806235,-0.111150965,-0.12516966,-0.19474182,-0.06346834,-0.3004287,-0.45875555,-0.2227966,0.02739007,-0.010802783,0.69811785,-0.34589514,0.4938613
bovine,-0.032769714,-0.05324528,-0.033053204,-0.29601315,0.17564088,0.35992178,0.18592943,0.33733237,1.0480698,-0.21311882,-0.71927416,0.82884425,0.24825178,-0.25553796,-0.38830084,-0.2693527,-0.37736824,-0.7309351,-0.80566853,0.30940542,0.94086766,0.25791758,-0.22563565,0.940372,0.014971045,0.009989448,-0.41463265,-0.030235292,0.3236772,0.030089688,-0.3666896,-0.43252733,-0.25172967,-0.29651493,0.094090946,0.44562155,-0.08637766,-0.51059777,0.48740375,0.44679686,0.48142073,0.0013447481,-0.038396064,-0.3788401,-0.18680371,0.9060899,-0.33802223,0.50881183,0.12768263,-0.9531059,0.04364499,-0.25739765,0.36807153,0.08456468,0.08468687,-0.1069854,-0.50862586,0.30763927,-0.07183419,0.07578447,0.2778961,0.35040754,-0.8212377,0.44146535,0.24792673,0.30587333,0.3832053,0.5791826,-0.14033754,1.0824246,0.020830773,0.28913832,-0.06977728,-0.4948237,-0.43994582,-0.44594476,0.08054313,-0.11741472,0.64383185,-0.10288622,-0.40116715,0.09148065,-0.4009517,0.32001677,-0.8374332,-0.1354662,-0.44237876,-0.35055694,-0.12003033,-0.10674961,-0.11827306,-0.0975405,-0.28713804,-0.47710097,-0.2040525,0.0025817307,0.013478882,0.6622529,-0.38841653,0.49049562
bos,-0.032972675,0.21284463,-0.10756726,0.015977336,0.25200528,0.3339976,0.23057537,0.03649573,1.1363193,-0.39875424,-0.706497,0.08819928,0.22115259,-0.18393551,-0.36703563,-0.38193658,-0.017926566,-0.5683749,-0.8542275,0.4713536,1.0048932,0.31379834,-0.36057496,0.9656349,0.068635315,-0.23310107,-0.3540749,-0.3846185,0.07288813,-0.16045557,-0.23420656,-0.36848918,-0.19512877,-0.53297836,0.083636686,0.301689,0.33670887,-0.6675196,-0.032495636,0.55428576,0.73456675,0.4116363,-0.38884184,0.108058095,-0.5695324,0.5193669,-0.11201236,0.57920766,0.07411897,-0.9903314,-0.113582075,-0.18215108,0.429501,-0.09190794,0.18018822,-0.09663451,-0.4119578,0.17276517,-0.14209655,0.10559327,0.3399514,0.12336826,-0.51077145,0.51165944,0.13819776,0.40766296,0.40628195,0.3858416,0.1735331,0.8198399,-0.07060288,0.0513337,0.11786657,-0.6628389,-0.120324224,-0.7425145,0.3623863,0.07404123,0.26888403,-0.011413209,-0.3487854,0.15304683,-0.32408428,0.2218726,-0.82872605,-0.3891895,-0.08539158,0.02883886,-0.2798049,-0.23559375,0.028074155,0.14624812,-0.18904872,-0.43303934,-0.12324574,-0.03933172,-0.024240863,0.27905267,-0.25563082,0.5379525
anaerobiosis,0.20535302,-0.10378205,-0.55935335,0.0815864,0.35779548,0.19470142,0.1772094,0.29625958,0.1452473,0.07738094,-0.31680232,-0.38960275,0.25161746,0.27205607,-0.46552867,0.15202634,0.26812816,-0.46020615,0.17824975,0.106062904,0.4299997,0.5289817,-0.12477132,0.43081322,-0.0017848772,0.3754843,-0.27998903,0.63070333,0.33696124,-0.32257283,-0.27637026,-0.71853703,0.041604966,0.20411082,0.27024394,-0.29691333,0.25188026,-0.26773855,0.019815154,0.13540497,0.28116915,0.2377378,0.44230363,0.25321177,-0.13272077,0.243829,-0.09718669,0.333244,0.6677895,-0.32580888,-0.56988233,-0.985232,0.39005172,-0.0032732796,0.053879146,-0.58853173,0.4319232,-0.07190939,-0.21340507,0.19985755,-0.06590139,-0.25405693,-0.46959487,0.78744656,-0.17729034,0.22016506,-0.19588874,-0.35619333,0.8154783,-0.08690032,-0.08344847,0.41008872,-0.026904637,-0.253384,-0.09306576,0.060340874,0.002862152,0.080585286,-0.064934365,0.07298343,0.063453786,-0.44266742,0.35178912,-0.51519865,-0.25009188,0.22173682,0.5801058,-0.35443905,-0.94813275,-0.031793486,-0.4158154,-0.45477822,0.2814306,-0.56159514,0.37410846,0.11622608,-0.13878493,0.34824407,-0.18508157,-0.5027579
anaerobic_growth,0.15726492,-0.15740636,-0.52357644,0.061179724,0.3673565,0.19594666,0.2107842,0.26681048,0.15115394,0.110174015,-0.31711724,-0.3574908,0.24290182,0.24603762,-0.43244812,0.1329039,0.2381103,-0.44184572,0.16939314,0.036200054,0.39283285,0.528951,-0.17159908,0.46378645,-0.010450771,0.40376845,-0.2687863,0.7011701,0.36779454,-0.36825365,-0.27606598,-0.69373304,0.051312223,0.11738236,0.2375711,-0.3001042,0.269186,-0.23691419,0.008484802,0.13330334,0.33844846,0.35819992,0.41503492,0.2686689,-0.102969244,0.2197233,-0.11041322,0.3767487,0.67820406,-0.32754728,-0.5911103,-0.96133405,0.3680626,0.0072228094,0.1216417,-0.62143314,0.49108714,-0.061527677,-0.242854,0.19491671,-0.016255656,-0.21077882,-0.44088235,0.77058107,-0.14712276,0.17380404,-0.14991933,-0.31002304,0.8090718,-0.05364505,-0.09495027,0.41955256,0.052627,-0.2842984,-0.088599116,0.023283137,0.05199325,0.07991157,-0.017282335,0.030721884,0.034865953,-0.38152823,0.33572546,-0.4967486,-0.23155485,0.25528666,0.48925194,-0.35555297,-0.8897218,-0.03058539,-0.35929662,-0.44084617,0.18400495,-0.62157804,0.39817223,0.10045616,-0.12680878,0.36641982,-0.15983632,-0.52593637
waste_water,0.44241455,-0.16551444,-0.36778262,0.13949165,-0.45985097,-0.24094135,-0.21579356,-0.33501115,0.47656432,-0.113971785,-0.36626998,-0.07542549,-0.43750155,0.5933864,-0.56247276,-0.0944881,0.5404003,-0.5471024,-0.3598114,-0.33970335,0.67766887,1.0297486,-0.40068072,0.45150033,-0.8981861,0.5345373,-0.5598565,0.96648324,-0.17446296,-0.5538036,-0.65367454,-1.0887995,-0.23259611,-0.3938961,0.0458203,-0.012596171,0.064126045,-0.8016998,0.45498556,0.020701151,0.499878,0.17364153,0.35614884,-0.34562564,0.022065055,0.52004534,-0.32448676,0.80668825,0.87715846,-0.30261377,0.035968035,-1.0840682,1.0625515,0.2385295,0.31903198,-0.15414141,0.2499901,0.27741143,-0.23951387,-0.21649057,-0.06345283,-0.44986495,-0.70451605,1.6062518,-0.16508721,0.5078854,-0.11492528,-0.30638582,1.157197,0.579311,-0.32429996,0.8725433,-0.031068897,-0.7810274,-0.34343994,-1.027449,-0.1576065,-0.330719,-0.16640891,4.4017223e-05,0.0855858,-0.059958253,0.09080689,-0.11872373,-0.71633327,0.059328653,0.4252893,-0.4447496,-0.45987836,-0.053809542,-0.616134,-0.48527426,0.2925676,-0.95543957,-0.86248636,0.43291962,-0.3932286,0.5191561,0.18723255,-0.784067
"biodegradation,_environmental",-0.015033845,0.21278435,-0.43570566,0.020422522,0.07067626,0.059665553,0.3886146,-0.04505013,0.23583451,-0.37070143,-0.4751465,-0.29613024,-0.23387754,0.31115624,-0.6180576,-0.3052173,0.46894723,-0.33647415,-0.15746744,-0.10231701,-0.075548515,0.73254466,0.050622374,0.03932491,-0.0644889,0.37626335,-0.7417438,0.43353492,0.13754964,-0.50323665,-0.06250618,-0.26941213,0.13324228,0.39043692,0.35525498,0.0037987956,0.048527204,-0.41060895,0.17091054,0.3280066,0.3253943,0.57650554,0.86944133,0.091587655,-0.19525018,-0.07268773,-0.14591166,0.28105637,0.6832982,0.40303284,-0.1725626,-0.3887796,0.27801117,0.21932396,0.308073,-0.3567487,0.3317989,0.009203432,0.12289202,0.06429877,-0.06014805,-0.12912463,0.18463239,0.77649486,0.36422774,0.040004343,0.14470176,-0.32973745,0.71860623,0.17683756,0.25826186,0.4223148,-0.11646516,-0.6382772,-0.28479356,-0.3507558,0.5983457,-0.023946151,-0.4182267,0.25542325,-0.13009088,-0.4927723,0.17207642,-0.3859866,-0.9044464,0.14320962,0.29082963,0.08681647,-0.40474743,0.11717031,-0.5311713,-0.49329725,-0.11929904,-0.6535691,-0.17398609,0.06310419,-0.04437369,0.37417892,0.3356715,-0.8382229
ameloblastoma,0.32719758,0.58561957,-0.6502239,0.5484977,0.2588902,0.24808449,0.16431834,0.7233584,0.5555147,0.13856666,-0.52126145,-0.45331725,0.33850875,0.8518908,-0.4760463,-0.4978635,0.22287528,-0.4711382,0.05402857,-0.4393629,0.39040056,-0.2760238,0.100983396,0.39980397,-0.128677,-0.3201375,-0.0036929809,0.04649643,0.5583213,-0.93145156,-0.47168624,-0.5555919,0.4462573,0.08978733,-0.16822957,0.11147723,0.27729705,-0.6045179,0.37990353,0.37415168,0.085636504,-0.20987512,0.06875831,-0.115472086,-0.3044245,-0.3070085,-0.0663336,0.22926292,0.21573272,-0.13553514,0.21563894,-0.6509896,0.4334762,0.07516366,0.31245056,0.023839843,0.7843895,0.014231405,-0.33061752,-0.058094352,0.27133515,-0.121047035,0.20046307,-0.30904832,0.44307482,0.24745834,-0.68693304,-0.55931944,-0.109376825,1.2852935,0.2513323,-0.20597911,0.20565069,0.45924953,0.09787624,-0.42521298,0.21230236,0.25732175,0.20201868,-0.34652197,0.79519576,0.22176306,-0.20945081,-0.09352214,-0.85700667,0.29084024,0.37928608,0.717924,-0.38304126,-0.1626107,-0.15865658,0.85175776,0.3249285,-0.7851813,0.71853256,-0.57468134,-0.0049881013,0.35833317,0.4473527,0.23806992
weaning,0.082661055,-0.115101956,-0.37095544,-0.4775249,-0.39686385,0.34386256,0.48888838,-0.013692591,0.2756287,0.19003843,-0.9277815,0.38903373,0.38901457,-0.23346996,-0.19536993,0.108663775,-0.6176191,-0.76959157,-0.40570825,-0.121515945,0.118382014,-0.17715389,-0.29112673,0.61406064,0.25499305,0.11785392,-0.57335496,0.43867218,0.29509574,0.009241467,-0.40202036,0.074573785,-0.7069683,-0.22355361,0.27142933,0.8166206,0.045907803,-0.7135395,0.20926118,1.0396689,-0.105001986,0.6283352,0.94311494,-0.038642097,0.32978475,0.945068,0.11223407,0.40110344,0.95568895,-0.3912406,-0.7573293,-0.62913984,0.4509431,-0.20949915,-0.09098887,-0.07483816,0.5919241,0.38565582,-0.5772889,-0.014595837,-0.00072078104,0.7664754,-0.4382587,0.22576249,0.63958967,0.23939887,0.18405658,-0.005139997,-0.5058714,0.7570339,-0.38993397,-0.45376015,0.1942501,-0.5880903,-0.89555806,0.021951675,0.17720592,0.29056004,0.30983505,-0.35589305,0.36606616,-0.36364976,-0.94284403,-0.13295661,-0.30344066,0.10337849,-0.3395531,-0.26295525,-0.16421418,-0.6768031,0.19088717,0.18710257,-0.090085305,-1.160214,0.16126107,-0.19835202,-0.2949363,0.03681998,-0.456866,-0.047601767
physical_parameter,0.37856954,-0.33111313,0.06322817,-0.560288,-0.07138152,-0.26501325,0.3986521,-0.048927527,-0.26632264,-0.622829,-0.568508,0.05468281,0.07284033,0.67168134,-0.3911494,-0.71886855,0.03849491,-0.02261089,0.3702356,-0.5506613,-0.6438573,0.28617656,-0.12370453,-0.25657952,-0.3299104,-0.21080856,-1.1305888,0.5695411,0.02429479,-0.070127755,-0.54875594,-0.069071285,0.6729767,-0.42575002,0.13950256,-0.11058402,0.32748872,-0.9659921,0.17907013,-0.51358116,-0.4225629,0.21652347,0.68065566,-0.61455005,-0.03344487,1.0274968,-0.38038144,-0.023944238,1.1947004,0.33696398,-0.4512039,-0.14633238,0.20752056,-0.057200737,0.250533,-0.32144126,0.20852688,0.42568,-0.14940906,-0.28939316,0.29828736,-0.94881964,0.052437924,0.557896,0.43644542,0.5158769,0.08764254,-0.38311923,0.21365893,0.6366751,-0.66417813,-0.089880764,-0.5400711,0.02549641,-0.8241281,-0.50927806,-0.020502537,0.13084166,-0.22819185,-0.3920093,0.16102712,-0.05380877,-0.023325441,-0.057885084,0.004669987,0.27195773,0.04180686,-0.7075023,-0.2880082,0.11629324,-0.17277692,0.71269196,-0.22390415,-0.6592225,-0.023994459,0.2291947,-0.06528573,-0.24530315,-0.7452253,0.6693724
litopenaeus_vannamei,0.32493702,0.4129457,-0.2948194,0.06646668,-0.03909816,0.713287,0.3861192,0.16528496,0.12633668,-0.076093026,-0.48585764,0.12040855,-0.062187307,0.44705203,0.18598808,-0.44905716,0.08660909,-0.0767156,0.066707045,-0.30173743,0.14092399,0.10255374,0.24765049,0.05123591,-0.02906019,-0.07366707,-0.50573397,0.08810139,0.11414926,-0.5315162,-0.027929632,-0.35827136,-0.07929269,-0.1429762,0.47252178,0.26858726,0.1984756,-0.44389254,0.050469246,0.26227632,0.20662145,0.36043018,0.31164482,-0.15344456,0.174121,0.9482445,0.1562371,0.29087636,0.18908124,0.045601703,0.20579128,-0.046282448,0.45301804,-0.28978986,0.15026958,-0.066860415,0.25822943,0.078799,-0.4743034,0.09124395,0.14129582,0.23191293,-0.2588383,0.66385424,0.32490554,0.1030383,0.16761997,-0.09776289,0.025280906,0.39164722,-0.42981213,-0.12203799,0.10461577,-0.72596127,-0.20976701,0.10120496,0.045056187,0.45981476,0.4003511,-0.31133726,-0.15801904,0.052811038,-0.1541567,-0.16405065,-0.3595794,0.06900004,-0.23001422,-0.08740981,-0.0076554674,-0.18419151,-0.08351444,0.39986968,-0.06185556,-0.22609955,0.07005796,0.3845817,-0.4841247,-0.03025985,-0.5556332,0.18545997
proton,0.2793775,0.05879202,0.2860459,-0.25920892,0.067847654,0.62297624,0.4594664,0.16182901,-0.030205617,-0.08411621,-0.23877463,0.26541665,0.28401574,0.82272583,-0.32421237,0.14752957,-0.13598748,-0.78512394,-0.39911798,-1.2001021,-0.12987274,0.23181508,0.2427493,0.44345692,0.61583346,-0.70342946,-0.2840228,0.14889179,0.13476743,-0.9330426,0.07256068,0.32043672,-0.15976056,-0.3550697,0.92899066,0.18526034,0.6676428,-1.4504088,0.59881663,-0.5040161,-0.20644863,-0.39086294,0.7544366,-0.74703944,0.13124523,0.7275146,0.1971595,0.8454026,0.51504266,0.004966994,-0.5499859,-1.3960524,0.24728298,0.2607605,0.14981402,-0.33094576,0.5863394,0.97528243,-0.2905937,-0.05953816,-0.2546474,0.13800792,-0.74893296,0.10331871,0.39516243,-0.17691107,0.014284347,-0.51401687,-0.3150196,0.16265236,0.02334153,0.3374004,0.2563877,-0.32885474,-0.29261482,0.35183305,0.008113482,-0.4823813,0.40315306,0.5907332,0.402699,-0.3074464,-0.34440243,0.20504615,-0.3246967,0.4464709,0.1685152,-1.0391866,0.3177385,-0.09144523,-0.45202705,0.6279505,0.105702735,-0.5480528,-0.26242495,0.07506094,-0.05871469,0.43749714,-0.71453124,0.15669748
school_child,-0.51953435,0.31727454,-0.84030515,0.91466826,-0.024852324,0.5008248,0.49615437,0.549552,0.7635631,-0.07129316,-1.0969702,0.032493085,0.2933839,0.23243123,0.18561123,-0.9978622,-0.2621335,-0.5443836,-0.36035863,0.2837352,-0.06991724,0.81421876,0.40164584,0.2845784,-0.3495861,-0.7843527,-0.65990126,-0.13837917,-0.28140453,-0.16620152,0.26401302,0.30900306,0.22177671,-0.1795286,0.8219151,0.7588413,0.10697552,-0.5647311,0.27364427,0.008055652,0.04720558,0.32307926,0.64130473,-0.11544327,0.35431728,0.18549724,0.28460166,-0.3104202,0.17289765,-0.2884819,0.24229696,-0.12107346,0.47191787,-1.229763,-0.336273,-0.2873347,0.64267975,-0.18903832,-0.7962177,-0.17352705,0.08592464,-0.26632684,0.06958819,-0.014201356,0.63497704,0.35418427,0.21421075,-0.43705437,-0.26282603,0.7052976,0.35000694,0.26731303,0.054551497,-0.59974873,-0.032597695,-0.25086892,0.13754196,0.6328798,0.9973716,-0.12201861,-0.18492597,0.19269142,0.16612674,0.14542422,-0.2707369,-0.11333075,0.07744675,0.3830842,0.5457278,-0.21517251,0.058064956,0.55504173,-0.045566212,-0.06520199,0.66976637,-0.45437282,-0.20413806,0.37193757,-0.46242934,0.42219552
prospective_study,0.03027543,0.4009603,-0.7324416,0.53141993,0.5942269,0.33996412,0.67723626,0.37052858,0.4652875,-0.20631517,-1.3148538,-0.04666995,1.0073546,0.54098445,-0.14105666,-0.5673611,0.105062276,-0.49652612,0.34803337,0.05154105,-0.18124765,0.40290624,0.17084846,-0.2009354,-0.18906811,-0.24159653,-0.37758064,-0.0436568,0.14600274,-0.1842664,0.27580094,0.19463733,0.5098003,0.066199586,0.504496,0.07904999,0.29224047,-0.69160414,-0.13012919,0.6905975,0.09626429,0.4811834,0.42629954,-0.2519418,-0.3555127,-0.10492652,0.10070496,0.23350495,0.06779863,-0.16441992,-0.18362057,-0.042215746,0.59774256,-0.5500449,-0.051056758,-0.53337276,1.000705,-0.4464634,-0.66314745,-0.21106169,-0.32376093,0.34511495,0.23103127,0.15621957,-0.08226347,0.30576557,0.6938141,-0.42546433,0.2342242,0.5783688,0.4453989,0.46794277,0.08218795,-0.9244543,-0.55315775,-0.34710458,0.14386992,0.7982018,0.39217892,-0.46593836,-0.044446375,0.429591,-0.18886837,0.0035444656,-0.34390134,0.106543936,0.46474844,0.8332737,-0.28958395,-0.5357576,0.36653367,0.8058645,-0.43788683,-0.07643461,1.06872,-0.59131086,-0.0028154685,0.13947344,0.1950983,0.036498662
zirconia,-0.21342877,-0.86857384,0.3172485,0.012131495,-0.08246279,0.09616604,0.09187774,0.28418157,-0.17246838,-0.7743544,-0.030946186,-0.30900344,0.0032551507,0.48166227,-0.2547993,-0.11491873,0.27739766,-0.14577961,-0.22151735,0.1228111,-0.43768653,-0.127132,0.17177992,0.15458536,-0.49826908,0.16015413,-0.3637329,0.42072445,0.3787928,0.011525098,-0.30710924,-0.6700292,0.2984428,0.13635957,0.2738599,0.13123707,1.0382807,-0.09909762,-0.227963,-0.26023698,-0.34182584,0.6749611,0.26028776,-0.20237538,-0.32439113,0.4952765,-0.27621868,-0.553684,1.4514471,0.09162057,-0.40660352,-0.66078204,0.28817374,0.05618502,0.37310666,-0.34577516,0.086218,0.46356907,-0.07138172,0.103153154,0.7286367,-0.7811972,-0.3937596,0.08459121,0.72185457,0.4454021,-0.2133125,0.20271784,0.4066522,0.6791487,-0.005706224,0.11232614,-0.8945838,-0.035590097,-0.46867582,-0.33932185,-0.33195397,-0.13451454,0.2431851,-0.23309483,0.04954583,0.12170567,-0.35154682,-0.07757137,-0.2578586,0.80669135,0.04611694,-0.8404905,-0.60177875,0.35225078,-0.2965643,0.6987132,-0.6986401,-0.71311456,-0.22886075,0.056772843,0.10187586,-0.1444291,-0.43034267,0.33844596
graphene,-0.2827179,-0.22540295,0.27286118,0.32301965,-0.59881896,0.44609022,0.03503877,0.55049604,0.04274237,-0.54589134,-0.5136653,-0.87371063,0.6174851,0.64561504,-0.17422338,-0.32046908,0.3296569,-0.7602442,-0.61867315,0.3406539,-0.21024054,0.45056143,-0.09531168,0.3388103,-0.27709356,0.5469445,-0.24993233,0.14165424,0.07700378,-1.0496706,0.6004721,-0.1322496,-0.1250989,0.42842257,0.35883948,0.24089937,0.42582646,0.19639952,-0.10548751,0.13459729,-0.3633502,0.2606299,0.25898406,0.6720007,-0.32771334,-0.3026541,0.35167977,0.09356361,0.5510867,-0.21231474,-0.31481504,-0.5056559,-0.016044822,0.2896338,0.5034757,-0.3575933,-0.8483389,0.2927788,0.051941592,0.28720528,0.55065566,-0.4007589,-0.2202906,-0.016421393,0.8877959,0.2916421,-0.17841913,-0.66709965,-0.40408504,0.3804739,0.3222365,-0.4984963,-0.1839732,-0.36320314,0.4369147,-0.3746778,-0.630102,0.18980463,0.084118366,-0.20887335,-0.19921987,-0.49290052,-0.024679353,0.1718633,0.0037569006,0.13006178,-0.5080357,0.13662419,-0.842224,0.45641905,-0.32708576,0.90231436,-0.41631082,0.0060276804,-0.030696485,-0.42579177,0.04099721,0.04338308,-0.61098504,-0.09274174
anthropometry,-0.10033322,-0.2749904,-0.772866,1.0905557,-0.28759775,0.784795,0.8153575,0.4103228,0.17091627,0.4646242,-0.950591,-0.40498158,0.5043056,0.34698677,0.36374643,-0.115938246,-0.20474507,-0.4278586,0.4264995,0.023208993,0.0049081193,0.36749294,0.4109793,0.0662877,-0.30425307,-0.23182172,-0.26744515,0.06556583,0.063156754,-0.26086268,-0.11442791,-0.24582714,0.17546323,-0.26057294,0.37941602,0.35277107,0.56224775,-0.6270344,0.1385055,0.08216309,0.094334304,0.6499811,0.5567726,-0.28887534,-0.017041633,0.4190727,0.17248496,0.028736895,0.20059472,-0.0485474,0.06285649,-0.20001195,0.69161063,-0.5503111,0.164892,-0.12915874,0.5242485,-0.36500436,-0.47190875,-0.017755404,0.2176945,0.7040242,-0.03208241,0.2351611,0.32203856,0.37306726,-0.15949759,-0.43908364,-0.17412448,0.898346,0.11295655,-0.06018303,0.104029365,-1.0394707,0.34223342,0.15808278,0.12785195,0.8595414,0.7900591,-0.2894156,0.037101436,0.5297184,-0.12321703,-0.17047457,0.21935153,0.2368643,-0.60785294,0.15648514,0.23463547,-0.17354727,0.19146495,0.35738805,-0.22037397,-0.029016221,0.4905098,-0.18923011,-0.2884852,0.42146704,-0.78465307,0.3588831
seed,0.3819375,-0.093420185,-0.034464374,-0.41808987,0.38058493,-0.014439862,-0.44915712,-0.12390091,0.035210583,-0.43109277,-0.5582191,-0.29870373,0.12677343,-0.06141607,-0.3231253,-0.28064921,-0.39559075,-0.81605846,-0.7042405,0.33337235,0.010456017,0.27230528,-0.4860475,0.38800493,-0.70493716,0.0674492,-0.3000705,0.14356765,0.3779177,-0.5039762,0.40230268,0.13247803,-0.36010587,0.03675161,0.5686318,-0.25618213,0.18086056,-0.41240865,0.8354692,0.6615756,0.026759308,0.22562736,0.18767096,-0.19404688,-0.24869242,0.7478177,-0.2044186,0.9435073,0.21240275,-0.19545498,0.02401618,-1.7219526,0.20050628,0.20092219,0.1508349,0.303443,-0.5644659,0.4947469,-0.13188134,0.36423558,-0.119392954,0.0028136338,-0.65019363,-0.11841813,0.089734256,-0.034350295,0.5288593,-0.08778532,-0.10474429,0.06330401,0.10124405,0.6642497,-0.031504028,-0.44737312,-0.26030463,-0.5586175,-0.09660768,-0.40799874,-0.5898173,0.069643475,-0.35100394,0.3130899,-0.5477307,0.630627,-0.943954,-0.35113645,0.06903583,0.11628263,-0.46613365,0.38300067,-0.40031692,0.43184403,-0.15220787,0.051357254,-0.51623756,0.052417602,0.056793794,-0.17157538,-0.10588344,0.3456814
spray_pyrolysis,0.010018298,-0.38893914,-0.20947017,0.0069172936,-0.38292086,-0.09878794,-0.16070017,0.48323673,-0.09177394,-0.62542135,-0.61481893,-0.10332745,0.13860114,0.57735574,-0.34287584,-0.5737003,-0.020488994,-0.20348433,0.030548386,-0.03249863,-0.45041612,0.3980124,-0.26742333,0.2256096,-0.7081482,-0.37764585,-1.0153873,0.6221624,0.38537827,-0.15469103,-0.43513754,-0.3709053,0.72273195,-0.16493577,-0.39761063,-0.1445807,0.5693596,-0.40645966,-0.42129058,0.06427806,-0.5352854,0.4523559,0.34290463,-0.13788992,-0.5063063,0.3387825,-0.038744237,-0.40176663,1.2462503,-0.19155434,0.1600016,-0.13179772,0.1274437,-0.21553439,0.26821858,-0.23921198,-0.3285174,0.1868968,0.30792,-0.1813616,0.5228673,-0.78370166,-0.12023096,-0.0928255,0.79454696,0.3468193,0.22151367,-0.14505038,-0.06299666,0.6625288,-0.21635374,0.13451561,-0.41823524,-0.18042462,-0.4814797,-0.9543604,-0.3966282,0.38251448,0.424366,-0.50356686,-0.0092961835,0.19224665,-0.19312121,0.15206347,-0.10872699,0.5906465,-0.24290425,-0.40280157,-0.80885535,0.56061876,-0.22379947,0.48631677,-0.594695,-0.314701,-0.13809773,-0.32026616,-0.17570102,-0.38528624,-0.78979313,0.44007552
microbial_consortium,0.42095482,-0.05014118,-0.41008455,-0.27444568,-0.39720872,0.6677291,0.255638,-0.07533246,-0.49040398,0.16454482,-0.27067685,0.120568424,0.39320156,0.10118552,-0.7310415,-0.6127622,0.35182965,-0.76833415,0.3349377,0.14590384,0.8833096,0.9977182,-0.25385416,-0.24413028,-0.5983537,0.310194,-0.632325,0.3409281,0.17173769,-0.79339874,0.16342436,-0.48700613,-0.13757476,0.3177303,-0.020969843,-0.10190042,0.49016598,-0.44472986,-0.14835577,0.542073,0.050663657,0.5724753,0.25334558,-0.4035561,-0.1348705,0.17837197,0.17323053,0.17228135,0.13407077,-0.67668647,0.036527768,-0.6323126,0.6015339,0.021005178,0.5364665,-0.53602237,-0.56767017,0.11397763,0.055719867,-0.0034685594,-0.09114679,0.63935137,-0.5997518,0.11384229,0.3785138,-0.04084903,0.77729696,-0.37158993,0.40594277,0.008520073,-0.53548133,0.41113588,0.49415356,-0.6183322,-0.7110079,-0.35620108,-0.39353946,0.34296742,0.22708338,-0.43325323,-0.8083015,0.036850527,-0.41989726,-0.27180734,-1.1876386,0.25846508,0.73863214,-0.57199454,-0.7456634,-0.29276538,-0.9131414,-0.51115566,-0.65510136,-0.7378085,0.030323135,0.0652605,-0.14666612,-0.6547375,-0.23805556,-0.2800117
methanogenesis,0.048982885,0.17942634,-0.5027943,-0.06551483,-0.19875333,0.46599928,0.1547676,0.25445956,0.15401085,0.39247033,-0.26791254,-0.038186923,0.51420903,0.35524806,-0.6171563,-0.2633545,0.38944334,-0.7434806,0.07336987,-0.01454133,0.81243646,0.78787804,-0.18068852,0.3635283,0.01625034,0.3387996,-0.32986298,1.0192114,0.35526675,-0.5185942,-0.34808037,-0.9202023,0.017684693,0.08981318,-0.01029585,-0.09705541,0.32293856,-0.39833277,-0.36634967,0.1083883,0.23091416,0.37242493,0.19055843,-0.027803058,-0.20827255,0.10038978,-0.26525724,0.06852579,0.9004199,-0.60310686,-0.29266968,-1.0115889,0.8366065,0.044408612,0.50956047,-0.8730088,0.1391837,-0.041182317,-0.16904074,0.17912902,0.17241511,0.04948659,-0.5951654,0.43584362,0.14612216,0.1179347,-0.09845153,-0.13057002,0.58188754,0.17306359,-0.2969335,0.44082507,0.10199281,-0.3777635,-0.043407746,-0.41052452,-0.12652045,0.2121409,0.33493316,-0.4005097,-0.08810848,-0.2649746,0.1177498,-0.19819751,-0.4049935,0.124001294,0.48440418,-0.30990204,-1.2370528,-0.10982268,-0.54009116,-0.7773244,-0.0022285113,-1.1866764,-0.09000381,-0.025845109,-0.45293298,-0.2851288,-0.3669512,-0.42298043
electrophoresis,0.36347952,-0.19833411,-0.46120468,-0.030505644,0.06906737,0.17819826,0.46999118,0.36486968,0.42663118,0.08058728,-0.20867734,-0.19155757,0.10459895,0.41157994,-0.5901266,-0.39688414,0.31549037,-0.34533268,0.030237164,0.0068080258,0.67601407,0.3625516,-0.07654057,0.26786456,-0.12767191,0.38279077,-0.088014096,0.7408529,0.035506934,-0.85654783,0.19145846,-0.6826932,0.0722851,0.08556255,0.13182391,-0.068631284,0.3817896,-0.43738824,-0.37736738,0.5454051,0.43339145,0.6620535,0.2228606,0.27631533,-0.23788375,-0.26392034,0.38064972,0.29407325,0.31484142,-0.36517495,-0.41962743,-0.76601934,0.1693562,-0.25112006,0.30012256,-0.36685485,0.269778,0.1863094,0.02075762,-0.00049208594,0.18109606,0.12690727,-0.35563335,0.25692558,0.4702272,0.35074586,0.10443109,-0.273355,0.57184535,0.256246,-0.124145545,0.2671723,0.2693635,-0.6984772,0.046118382,-0.23985834,-0.06966957,0.4293547,-0.1868908,-0.1672212,-0.3497135,-0.52639484,0.18074384,-0.16442552,-0.55809355,-0.070698544,0.32022354,-0.24152097,-0.8988708,0.012034738,-0.64348525,-0.7729859,-0.4032699,-0.8674222,-0.015690688,0.17166285,-0.3977361,0.018469008,-0.015364793,-0.29291344
molecular_physic,-0.06740339,-0.09536346,0.14230268,0.10645421,0.13473485,0.27395743,0.19287924,0.5951283,0.05126954,-0.12026196,-0.7723455,-0.04560583,0.1283063,0.60913515,-0.12753104,-0.31777132,-0.6081966,-0.4192591,-0.8078542,-0.5446847,-0.45063382,0.48297465,0.25740346,0.3330609,0.3454675,-0.47663417,-0.216844,-0.10932407,0.2560569,-0.5607943,0.119449265,0.81918865,-0.21867432,-0.25067583,0.38831192,0.3244538,0.75372434,-1.1924748,0.542748,-0.74564624,-0.29532057,-0.29981786,0.2563557,-0.572372,0.18367273,0.22404759,-0.19657631,0.50674206,0.3840392,-0.075187005,-0.050241992,-0.69455856,0.569702,-0.0014509744,0.67428726,-0.17479101,0.38444746,0.77199024,0.03671189,-0.19903985,-0.013779585,0.16506861,-0.48821583,-0.31488973,0.41040364,0.035878245,-0.29856554,-0.6457828,-0.56695163,0.02969663,0.45884737,0.55767274,-0.23383664,-0.4852224,-0.4364362,0.1846674,-0.13711241,-0.57920885,0.32768178,0.69057435,0.27904058,0.059274588,0.12977062,0.37521392,-0.29225725,0.8420009,0.17217523,-0.6623685,0.34777635,0.41471347,-0.27072757,0.55560315,0.20446219,-0.3326508,0.069338135,0.16044088,0.15696469,1.113757,-0.8216073,-0.04889532
antidepressive_agent,0.47938392,0.26629066,-0.046602324,-0.025884945,-0.001406069,0.2962589,0.7162598,0.47900018,0.576313,-0.030673653,-0.9320688,0.29410467,0.62699986,-0.03246979,-0.8787159,-0.8397369,-0.12860677,-0.24621418,-0.07588051,0.8379477,0.19121487,0.38839373,-0.15316142,0.67459345,-0.19955772,0.08315959,-0.39008206,0.3041002,0.11415728,-0.13212124,-0.38451883,-0.7265169,0.3177449,-0.009753605,-0.14087492,0.2165142,-0.17070746,-0.5860288,0.59585667,0.47990078,0.0911236,-0.21805587,0.53886986,0.6199443,0.621008,0.15076171,-0.14027266,0.16315281,0.14187135,-0.20719117,-0.24251495,-0.088751316,-0.15823884,0.2711545,0.74915403,0.11059343,0.35117903,0.28841782,0.05533356,0.25348678,-0.8726826,-0.14722979,-0.2066001,0.30968612,0.68850684,-0.20348816,0.42121977,-0.10227914,-0.18394107,0.48542434,0.041823678,0.6156684,-0.6399611,-0.23529315,-0.24184842,0.7934967,0.44911513,0.10158857,0.123826414,0.33453906,0.25456852,-0.0021994538,0.5037854,-0.12059839,-0.3501746,-0.14960586,-0.06080214,0.098471195,-0.4391715,0.29513097,-0.25020945,0.28499305,-0.20345142,-0.3243102,-0.49276966,0.33164048,0.053337727,0.9706629,-0.09900595,0.37055364
antidepressant_agent,0.4790506,0.29348844,-0.088807546,-0.033618376,0.016481286,0.28595605,0.6971563,0.46386114,0.5535654,-0.04897337,-0.9253825,0.2550335,0.6494528,-0.046756517,-0.8572562,-0.8032518,-0.08913036,-0.25894397,-0.079230785,0.84127766,0.18294305,0.38584432,-0.15115528,0.7052533,-0.18375608,0.12300522,-0.392974,0.32105267,0.1649234,-0.14757523,-0.37368473,-0.7287767,0.35375655,-0.06605795,-0.16638863,0.21660838,-0.16455488,-0.5814447,0.56658024,0.50893956,0.095680065,-0.2587068,0.55959773,0.6689795,0.65677655,0.13350333,-0.1629476,0.10698313,0.17415354,-0.21982522,-0.24266553,-0.10895645,-0.12162244,0.27187988,0.6809051,0.10790267,0.3046774,0.2908293,0.14246997,0.2459483,-0.87496644,-0.20008428,-0.15693767,0.31466693,0.65588367,-0.20616834,0.38188887,-0.13431354,-0.18065129,0.5118945,0.030074494,0.61089915,-0.6117301,-0.19415261,-0.21308643,0.8239127,0.42735764,0.11160585,0.101647906,0.3032103,0.28060952,0.0076192413,0.4936496,-0.083941035,-0.3134617,-0.14850356,-0.037946578,0.1566361,-0.4525305,0.33702308,-0.24324313,0.35715827,-0.1763155,-0.2663314,-0.45555902,0.3506977,0.044456556,0.92966163,-0.07901733,0.30483502
antidepressant_activity,0.4625729,0.28706387,-0.065947235,-0.10116337,0.049378935,0.26509222,0.74271494,0.50554323,0.55173874,-0.020587118,-0.94585484,0.29565784,0.62346303,-0.06972159,-0.80164754,-0.7966908,-0.080778405,-0.25526407,-0.112998515,0.786091,0.1759592,0.3546389,-0.10531505,0.67924726,-0.22795391,0.14825404,-0.37116948,0.27627134,0.07520974,-0.14081794,-0.37685946,-0.68119574,0.32531574,0.05885147,-0.10696451,0.26847416,-0.10650005,-0.5865248,0.62246865,0.4503187,0.1157772,-0.25488666,0.5321563,0.58156276,0.67304426,0.18478903,-0.11855946,0.09769235,0.16963118,-0.19446957,-0.28432852,-0.095557,-0.14317411,0.2907617,0.6321722,0.13073868,0.29970887,0.29926747,0.087735824,0.26041725,-0.81478727,-0.16548556,-0.15168601,0.25098997,0.705596,-0.19164933,0.382288,-0.12889977,-0.16561292,0.5661218,0.0653947,0.56751466,-0.5944366,-0.16290565,-0.20280808,0.79692763,0.4378564,0.133403,0.07579115,0.3155325,0.249859,-0.06735834,0.46178877,-0.10802561,-0.31048685,-0.14927281,-0.074394755,0.09106705,-0.44343424,0.26523373,-0.23052368,0.34500232,-0.20658238,-0.3252727,-0.44885144,0.32490698,0.038477957,0.93282735,-0.12648411,0.34978166
photocatalysis,0.025646405,-0.88690126,-0.40719655,-0.034773696,-0.7310188,0.0140627185,0.065339826,0.44420224,-0.06664392,-0.09953394,-0.8674732,-0.079765,0.27844977,0.34992403,-0.2402966,-0.48928338,0.019377392,-0.34760618,0.2742699,0.15528738,-0.33614513,0.87762433,-0.5787465,-0.1225328,-0.16288814,0.15167585,-0.7651138,0.7580001,0.5528555,-0.3809136,0.37018704,-0.38918537,0.08649958,-0.2616318,-0.053563714,-0.22908248,-0.024620118,-0.7217555,0.14319482,0.17397809,-0.42767242,0.30612376,0.47437465,0.08791907,0.1841814,-0.5884745,0.43672112,-0.6145806,1.4036691,-0.26476982,-0.4204972,-0.8541695,-0.19775471,-0.6802663,0.43857628,-0.42571488,0.11633525,-0.23924461,-0.22966123,0.4194304,0.20733812,-0.50250524,0.2879946,0.029780716,0.5910469,0.3744838,0.28364068,-0.18041062,0.017755108,0.56286246,-0.08478441,-0.62654895,-0.1103661,0.22024646,0.2428054,-0.016227623,0.11845264,-0.005488309,0.05816643,-0.74664336,0.00066543365,-0.73030895,0.90633243,-0.41549808,-0.4416206,0.626046,0.13358353,-0.25020388,-0.8105505,0.46812272,-0.18400964,0.20059058,-0.43742198,-0.35839862,-0.2509867,-0.2091716,-0.29395232,0.30086017,-0.39953825,0.4014355
cell_count,-0.27438948,0.34550616,-0.51666296,0.20998439,0.55778086,0.13673328,-0.18418893,1.2487684,0.104572915,-0.2522723,-0.59884554,0.22700685,0.61650807,0.57687384,-0.58963466,0.15135641,-0.05042273,-0.55848503,-0.10968128,-0.1652737,0.710105,-0.4917222,0.38513383,0.84635854,-0.07491704,-0.20411567,0.010787783,-0.44208512,0.0823547,-1.1188126,-0.31045675,-0.524385,0.22148415,0.004445927,-0.15542334,0.6188264,0.2525371,-0.33537596,0.46748003,0.32679874,-0.1257409,-0.42094788,-0.50576276,0.16298094,-0.110130206,-0.18171926,0.44520417,1.0235318,0.25248292,0.48066488,0.21488565,-0.54308957,0.15390426,0.6094596,0.3931718,0.24404483,0.9214308,0.21835688,-0.2964233,0.2110328,0.37537944,0.59936666,-0.1585828,0.035809025,0.0725029,0.09536438,-0.39431536,-0.30262685,-0.38958937,0.90563375,0.13824509,-0.47215527,-0.06424715,0.7240291,-0.19811858,-0.22327936,0.04492839,-0.11748579,0.41498208,-0.30779973,0.41680148,0.30032292,-0.74751437,0.053246062,-0.51281226,0.29756913,0.28578982,0.11603891,-0.6793597,-0.3079936,-0.3442409,0.5695638,0.17357907,-1.0226169,-0.106181875,-0.18905517,0.03360523,-0.052583963,0.17768952,0.13116965
swimming,0.63936967,0.90234655,-0.20756085,0.1263226,-0.16052093,0.5965917,0.9544571,0.7066569,0.12865685,0.10389173,-0.9693475,0.33679,0.593832,0.48757812,-1.1275795,-0.9557825,0.27921394,-0.2747085,0.32634372,0.5034109,-0.076122165,0.2014264,0.26755288,0.6748553,-0.38564306,-0.11753796,-0.56389445,0.58516157,-0.05095595,-0.41558063,-0.63415504,-0.8104401,0.6102483,0.17132823,-0.27739784,0.098568335,0.3857715,-0.6343893,0.85664994,0.30876845,-0.033559125,0.076618895,1.0774727,0.55581635,0.7637002,0.6975853,0.26876077,0.7647244,-0.20569804,0.212029,-0.46463037,-0.4905662,-0.3178699,0.11432474,1.3153329,-0.114120185,1.1801589,0.38903555,0.11908505,0.43856522,-1.1290255,0.50544465,0.112144314,0.37904537,0.67206466,-0.28767213,0.29132488,-0.1005305,-0.12546983,0.6668113,0.4511995,0.14654766,-0.29931208,-0.35662758,-0.34537297,0.885556,0.30410606,0.20319848,-0.3843547,0.12739792,0.09185863,-0.11590486,0.5553043,-0.27577206,-0.07788656,-0.38876,-0.13011874,0.33867127,-0.39630276,0.020824824,-0.5974398,0.1119688,-0.24018219,-0.70190936,-0.598834,0.35170606,0.3346549,0.45322755,-0.19006252,-0.1487555
liver,0.59370476,-0.06046131,-0.00417334,0.11221494,-0.3078506,0.41307434,0.58404195,0.50984913,-0.026315922,-0.1575737,-0.9637646,-0.2495883,0.5181878,0.97094125,-0.86726874,-0.09772616,0.24883902,-0.22348449,0.276125,-0.084288605,-0.2418554,-0.270938,0.15889448,0.74956,-0.2157101,0.49595264,-0.35485476,0.46206805,0.117083155,-0.51115036,-0.6840715,-0.55562633,0.7008467,0.28082404,-0.62804073,-0.060228832,0.42521623,-0.50759184,0.751434,0.6360174,0.049759526,0.835197,1.2605532,0.44713733,0.25854048,0.8743148,-0.009684945,0.7970944,0.3143175,0.22532499,-0.6213121,-0.5576387,0.008117112,0.29132277,0.967884,-0.20292278,0.7753399,0.6538157,0.14527921,0.23272975,-0.4947528,1.2667811,-0.06560144,-0.27538237,0.11424503,0.11857248,-0.11484078,-0.3570334,-0.33421886,0.6291658,0.5795942,-0.4417463,0.037881587,-0.26412362,-0.34565675,0.3014394,0.17261015,0.3211143,-0.09832834,-0.6104863,-0.007536001,-0.41468686,-0.56162745,-0.12201503,0.29460025,0.19253811,-0.22522233,0.107160166,-0.49200168,-0.5472444,-0.4038746,-0.0831351,-0.38683468,-1.0632516,-0.02240269,-0.08236633,0.3293329,-0.07641969,-0.07344496,-0.3481733
waist_circumference,-0.2833695,0.024062267,-0.5041416,1.0066829,-0.02509989,0.8241161,0.735521,0.5753269,0.6696182,0.06599527,-1.2427812,-0.13308148,0.6965422,1.0080204,-0.20777705,-0.7021336,0.015102246,-0.54313564,0.37423903,-0.007372427,-0.18698597,0.51121014,0.41587836,0.33377582,-0.23756027,-0.5296257,-0.6959413,0.21194789,0.029249785,-0.052969374,-0.49330747,-0.17647305,0.4527493,-0.3178007,0.5930813,0.27009776,0.68079954,-0.98330635,0.6076659,0.034079354,0.03883219,0.7367165,0.79325324,-0.20634618,0.11329012,0.9531758,0.22568952,0.5557739,0.5786395,0.090221964,-0.038397267,0.23358496,0.5117014,-0.8922553,-0.25058442,-0.50731325,0.9886132,-0.17946677,-0.8875672,0.16874589,0.042008936,0.89874077,-0.12900601,0.41696653,0.4812275,0.38713676,0.2517383,0.042685997,-0.27703005,1.3085043,-0.010178236,-0.33821246,-0.11098046,-1.1751546,-0.1969592,-0.03610887,0.54604864,0.8983966,1.1897113,-0.8911842,-0.049642198,0.5193453,-0.5918852,-0.14914557,-0.23516852,0.14526445,-0.75206345,0.3480111,0.53146476,-0.2575166,0.09995917,0.72780406,0.017458336,-0.19559416,0.4366528,-0.14129333,0.21069881,0.2691724,-1.0352598,0.67123884
analgesic_agent,0.01919663,0.46946922,0.50964403,-0.23927905,-0.25834998,0.58874124,0.45631212,0.44585368,0.19080439,-0.13665295,-1.0918095,-0.19361538,0.1841341,1.1221005,-0.42717326,-0.53461754,0.69444823,0.20090398,0.16339788,-0.31482565,-0.1706638,0.3825138,-0.0600964,0.79491603,0.023729363,0.14598487,-0.33302656,-0.048461366,0.4792141,-0.101496294,-0.24187487,-0.71751183,0.023033371,-0.02518531,0.43173745,0.18870004,0.513538,-0.5628948,0.23542987,-0.43138576,0.30065134,0.5442818,0.32118225,0.53373384,0.36935142,0.47932163,0.4245583,0.21759403,0.77353835,-0.066706575,-0.037543688,-0.33579665,0.19021007,-0.6819851,-0.21108523,-0.021206528,0.46862432,0.064910546,-0.44358772,0.6077664,-0.007725369,0.027471486,-0.5759444,0.41394004,0.038880687,0.36353588,-0.20902367,0.42655033,-0.497015,0.45529366,-0.3211722,-0.86166924,-0.7811726,-0.3480533,-0.23597594,-0.32905754,0.5652778,0.06411035,0.77879333,-0.3555166,-0.41595265,0.34096533,-0.13363247,-0.22439311,0.059386928,0.0047037806,-0.4616506,-0.080283776,-0.14746042,0.49581307,0.20843497,0.47690484,-0.35432002,0.0035064763,-0.31444365,0.08641827,0.03306704,0.07557391,-0.89646864,0.34836882
quantitative_analysis,0.07036602,0.78855777,0.01716565,0.25861424,-0.8641188,-0.11936294,0.7768743,0.87608117,0.5523963,-0.6869205,-1.335519,0.29285127,0.31009853,0.9339183,-0.7280852,-1.1712973,-0.57031435,-0.85637486,-0.4187888,0.3960275,-0.15597464,-0.10012267,-0.15187576,0.6672024,-0.656653,-0.5924825,-0.16493952,0.23537594,-0.22178915,-0.5902391,-0.40090767,-0.805563,0.57581055,-0.15479352,0.3552282,-0.0012019397,-0.33954117,-0.65124536,1.0842862,0.46370348,-0.699179,-0.7051639,0.7223057,-0.1743078,0.48961365,0.9101469,-0.2718478,0.9853744,0.60051805,0.039873984,-0.26497194,0.29561794,-0.18970461,0.78252804,0.2848202,-0.086463675,0.4265385,-0.074875794,-0.4147856,0.37658474,-0.16757374,-0.5635696,-0.12404412,0.12026835,0.37581605,-0.16496976,0.011453623,-0.12633543,-0.5495734,0.74018896,0.042511605,-0.107748546,-0.117461644,0.53425884,0.53552586,0.013306872,0.25076777,0.15366974,-0.2335829,-0.29480425,0.5771153,-0.32201332,0.17610566,-0.30801392,-0.5023228,-0.16710398,-0.26073706,-0.072985664,-0.14139271,-0.25074846,0.17987096,0.6195017,0.19292425,-0.92835665,-0.36508027,-0.24071404,0.034588687,0.114072554,0.16153578,0.33877438
total_organic_carbon,0.39521304,-1.0744034,-0.0090780975,0.19140556,0.37739354,0.5927683,0.03150702,-0.13058172,0.7480368,-0.12106594,-0.5482317,0.009658492,0.28124055,0.6223326,-0.9531354,-0.11306835,0.93582535,-0.76001745,0.20692994,-0.11384098,1.2814232,0.6745248,-0.5533385,0.4100985,0.30488434,0.56121826,-0.42215136,0.88308287,0.39265057,-1.0337434,0.48089144,-0.7465962,-0.35446778,-0.0061790375,0.032894243,0.08237306,-0.14694305,-0.5991257,-0.20844857,0.6390567,0.66622806,0.8248623,0.3110984,0.6715055,-0.2586307,-0.46143386,0.3879755,0.5139825,1.1560632,-0.41686943,-0.6860698,-1.8963622,-0.054460343,0.20290983,0.8978196,-0.7401665,0.1473218,0.6225071,0.041437425,0.21414031,-0.09549695,-0.14072171,-0.18522945,0.98524,0.7786138,0.535786,-0.08404145,-0.17138733,0.841915,0.3349012,-0.63566625,0.43085533,-0.028931176,-0.8464944,0.6477126,-0.29609808,0.29766804,0.25045925,0.1273533,0.25249165,-0.12616518,-1.3044187,0.5370597,-0.02026537,-0.5117995,-0.3231599,0.29063246,-0.22725521,-0.6982521,-0.3854769,-1.3276346,-0.5566941,-0.20052291,-0.9529899,-0.13851659,-0.1837638,-0.032158274,0.38037458,0.06307402,0.075684495
organic_carbon,-0.3203739,-0.9501542,-0.023944154,-0.19208139,0.45480672,0.76082146,0.24316,-0.08703445,0.33449826,-0.41939744,-0.06518236,0.06061191,0.15459539,0.40229917,-0.42350426,0.053711325,0.800064,-0.5352529,0.0360236,0.114601895,1.0165192,0.1941992,-0.14808215,0.52603495,0.039584566,0.4770316,-0.034346096,0.5767671,0.5949831,-0.35012475,-0.087823436,-0.9412919,0.22859389,0.34920493,0.5328071,0.10570631,0.6616145,0.10244412,-0.7541857,-0.029462026,0.6376873,0.52427006,0.08818217,0.13165465,-0.25289923,0.11799309,-0.072067015,-0.15176871,1.1961461,-0.27162397,-0.33009523,-1.5598016,0.32604045,0.3934546,0.44807285,-0.6577834,0.27103296,0.17134957,0.05537547,0.6253484,0.34052393,-0.32098517,-0.6651904,0.078899205,0.65661013,0.44116282,-0.08769466,0.18215427,1.1539963,0.6355545,-0.2401015,0.26897937,-0.610974,-0.3493014,0.28836605,-0.009203118,0.13167503,-0.26362762,0.46162057,0.107134536,0.03603433,-0.59178156,0.4646299,-0.3423011,-0.6051598,0.34153485,0.24254465,-0.13254862,-0.40294677,-0.06056647,-0.9882563,-0.31291085,-0.70621586,-0.75080633,-0.21100743,-0.22058421,0.21444553,0.19483206,-0.12128019,0.31341085
soil,0.5093438,0.12697849,-0.3766258,0.08622053,-0.049792342,-0.31410962,-0.002659383,0.026258625,0.58048207,0.07754474,-0.6290071,0.6423643,0.2091694,0.15450765,-0.41645938,-0.25381312,-0.3407228,-0.47496513,-0.8158079,0.22490996,0.45262283,0.67680097,-0.37909862,0.74611086,-0.23734418,-0.16828182,-0.75832397,-0.017089276,-0.067735836,-0.35363165,-0.1570747,-0.16068237,0.33427605,-0.038241338,-0.37599224,0.18671378,-0.38202286,-0.30349058,-0.04958039,0.20001304,0.7429804,-0.25275832,0.16679412,-0.1425608,-0.14381579,0.21432257,-0.32883453,0.26444396,-0.15575178,-0.9658581,0.33589056,-0.48250654,0.37546295,-0.11097397,0.555065,-0.31970355,-0.34832746,0.55377674,0.1530007,0.013881522,-0.011794867,0.11908607,-0.15371089,0.24944277,0.47191063,0.03803602,0.3961308,0.017405119,-0.07932976,0.8432581,-0.05970935,0.6918846,0.25782531,-0.62077284,-0.046703618,-0.6796148,0.14157957,-0.323736,0.25109473,0.13295065,-0.8343219,0.1142286,0.20973495,0.08774569,-0.12993804,0.2754467,-0.16317102,-0.051568534,-0.4993708,0.10045433,0.0040039625,-0.25431004,-0.63983166,-0.089949735,0.034949627,0.085271485,0.09316333,0.6141044,-0.20198448,-0.115014926
stochastic_system,0.4494564,-0.13010056,-0.3516182,-0.049727235,-0.09278524,0.10787057,-0.18461004,0.097229026,-0.020228859,-0.32738665,-1.2222581,0.17357023,0.40535635,0.28711778,-0.0226336,-0.634468,0.016146543,-0.64078593,-0.7229621,-0.78062105,-0.018524904,0.8837102,0.26319888,-0.41734862,-0.11758977,-0.3902851,-1.0409054,-0.29440808,-0.26012868,-0.23924838,0.13013262,0.42540035,0.20500338,-0.4450293,0.78867424,0.27013686,0.15518726,-0.8787375,0.28684154,-0.3354251,0.075567216,-0.5844484,0.57033944,-0.3974475,-0.5033753,0.24650101,-0.10040352,0.12627663,-0.047759693,-0.6458033,0.047245316,-0.3971524,0.41658443,-0.16875982,-0.3019164,-0.37613356,-0.19449143,0.35093287,0.3755454,0.08161333,-0.2432523,-0.38396916,-0.5404344,-0.28805056,0.5823413,0.042827617,0.32750756,-0.3480527,-0.2382849,0.42265007,-0.27955765,0.6434415,0.5596598,-0.6194285,-0.51312274,-0.17754586,-0.41057464,-0.040004894,0.20406786,0.6513983,0.11487826,0.26382837,0.3107396,0.45098096,-0.69538957,0.65392894,0.19529869,-0.20246966,0.25112414,0.27019486,-0.25363594,0.71953225,-0.54180306,0.17667837,0.29049963,0.022898644,0.052737862,0.14966722,-0.38858342,-0.24508004
harmonic_oscillator,-0.04258203,-0.038120404,-0.3478491,0.117437735,-0.021949153,0.046153385,0.03703946,0.47094673,0.31322822,-0.37600476,-0.9480611,-0.13454735,0.3887122,0.1933205,0.019548353,-0.5416508,-0.09603919,-0.5244604,-0.70232403,-0.041774035,-0.16269906,0.5954379,0.26305434,-0.13940147,-0.10046204,-0.13639383,-0.34190702,-0.15193366,-0.24893788,-0.13809583,0.22590902,0.14800096,0.32442388,-0.0064957696,0.5505033,0.34606418,0.48406228,-0.50495046,-0.14834915,-0.28355727,-0.24103056,0.07059812,0.40831122,-0.13698335,0.0121696275,-0.05377356,0.14239654,-0.20507461,-0.25675854,-0.5032521,0.0954738,-0.3767037,0.18154971,-0.2400244,-0.024512483,-0.13284858,-0.22687529,0.13946994,0.12925988,0.23366712,0.05934323,-0.018491063,-0.27565017,-0.5662814,0.7580631,0.07363481,0.4588426,-0.5382417,-0.4229335,0.46227303,0.1776448,0.28818232,0.056693617,-0.4758903,-0.23263906,0.05581245,-0.29889798,-0.0075952704,0.14791545,0.44567525,-0.057483047,0.15082808,0.020896362,0.2925323,-0.35493883,0.6230751,-0.1255485,-0.009907552,-0.079734795,0.31819806,-0.038827837,0.8398397,-0.5977514,0.26959205,0.22086799,-0.0009198663,0.01956786,0.60672355,-0.18524155,-0.11577611
kinetic_parameter,0.11131578,-0.7316993,-0.024292694,0.57162535,-0.12635636,-0.017297462,-0.057567786,0.22142021,0.37009418,-0.29923618,-0.40459943,-0.13897313,0.6576472,0.15902588,-0.594774,-0.15411562,0.31935042,0.00017132872,-0.6853158,-0.32871693,-0.54401755,0.44687292,0.18863858,0.045497224,-0.48163566,-0.037039056,-0.97112155,-0.1097726,-0.10899747,-0.6028238,0.17448214,0.08102118,0.0913805,-0.4330485,0.36349267,0.52420336,-0.020327313,-0.3941137,0.32276508,-0.023313047,-0.030594137,0.35574672,0.3377541,0.2406055,-0.46052843,-0.07675544,-0.051706918,-0.6759723,0.92872185,-0.64860606,-0.08707634,-0.63711876,0.18886939,0.22007059,-0.009062572,-0.8105902,-0.34690997,0.067706935,0.15151009,0.22605297,0.6386311,-0.9503493,0.03493064,0.4257905,0.7055868,0.08901642,-0.18606602,-0.48988262,0.35232913,0.5737457,-0.31766534,0.13231207,-0.17417146,-0.12159567,-0.5035032,-0.2577974,-0.58562636,-0.14813463,0.080088995,0.15819354,0.11184994,-0.5004683,-0.06679779,0.15701537,-0.10514759,0.46592796,-0.2572045,-0.25704867,-0.48160157,0.2048157,-0.19982542,0.8118518,-0.23464288,-0.036949333,0.60608083,0.14303795,-0.04511628,0.5494954,-0.64967364,0.3536508
heat_transfer,0.0014335472,-0.5691792,-0.11573228,0.004746614,0.03358444,-0.1317513,-0.22032043,0.5265444,0.1380978,-0.2556889,-0.5464827,-0.17818947,0.66206706,0.097444035,-0.382417,-0.85915595,-0.09211309,-0.090450525,-0.7570862,0.108303554,-0.653488,0.6687441,0.0734454,-0.11108295,-0.6309502,-0.24339609,-0.5551994,0.21869284,0.07949526,-0.9652698,0.12324528,0.16483931,0.13292368,0.14296749,0.67870003,0.29617062,0.5102065,-0.2317233,0.82213354,0.032019418,-0.08533779,0.3121825,0.4577104,-0.048451163,-0.1768572,0.08574561,-0.03715867,-0.31625924,0.8451215,-0.5279029,0.15103044,-0.38232738,0.4393158,-0.22594753,0.059032388,-0.69045776,-0.71839833,0.23623547,0.31426752,0.22095259,0.48134533,-0.7036625,-0.26819834,-0.24868767,0.7971072,-0.048522517,-0.07335633,-0.54535896,-0.099305294,0.17972274,-0.15589313,0.34628,-0.12320911,-0.36287823,-0.2699858,-0.24872734,-0.6009724,0.13393301,0.025734467,-0.02260251,0.2230442,-0.30987927,0.38702458,0.21759833,-0.33916938,0.3054102,-0.08190021,0.054314736,-0.73228556,0.56232196,-0.42203084,0.6152813,0.10531579,0.3602956,0.7688733,0.21069466,-0.11680589,0.112938836,-1.3101559,0.5198512
extraction,0.2459281,-0.24764729,0.30467907,0.36105055,-0.257216,0.22904553,-0.3063291,0.35217276,0.18620527,-0.17684706,-0.86466813,0.21087204,0.3447998,-0.06363863,-0.45472264,0.055257183,-0.14558318,-0.2197065,0.063661896,-0.15918101,0.20990878,0.19083472,-0.07638692,0.45221657,-0.41686955,-0.05140443,-0.36164933,0.15127407,0.5156713,-0.35755163,-0.23933181,-0.57615614,-0.51041734,0.2989795,-0.44398502,0.041421156,0.7090362,-0.44223616,0.67802566,-0.57795584,0.014000956,0.28567603,-0.07336738,-0.20009606,-0.4511295,0.36655992,-0.16033168,0.27670175,0.8554192,-0.09476746,0.15234026,-0.6390702,0.41357833,0.620078,0.645198,-0.25369197,-0.20524831,0.4886249,0.10219192,-0.21567199,-0.0094240075,-0.008531821,-0.3078335,0.6822376,0.18277533,0.030141203,-0.47493008,-0.27364638,0.13625889,-0.37936357,-0.21072885,0.3285478,-0.7509096,-0.32136253,-0.06419201,-0.39507344,-0.36057165,-0.023706198,0.48825064,0.09382451,0.30527452,0.41435677,-0.2702233,0.16401221,0.20368597,0.36832613,-0.03419877,-0.71065354,-0.10944536,-0.09092223,-0.35375547,-0.22222066,0.09249643,-0.15344746,0.22892216,-0.26698098,0.08981928,0.32418773,-0.9931534,0.25730637
family_history,-0.1403849,0.33103782,0.08078844,0.66470015,-0.13517052,0.6820404,-0.2251966,0.5302367,0.6302772,-0.10664978,-1.0180565,-0.20541501,0.52986187,-0.05525148,-0.76064664,-0.7459722,-0.10244686,-0.22855388,0.2677807,0.87537956,0.24614505,-0.09936282,-0.2886924,0.7196744,-1.3156092,-0.1973034,0.34317,-0.08234782,-0.12390935,-0.29300773,-0.33649635,-0.35007948,0.046641767,0.19195037,0.6436613,0.285749,0.43100622,-0.34481153,0.544343,0.9940818,-0.25981817,0.48705056,0.2792972,0.30057326,0.21071106,0.17447875,-0.5615471,-0.18660185,0.08990708,-0.12403349,-0.30349433,-0.047774814,0.2709681,-0.27690795,0.38210052,-0.11119662,0.8173998,0.25392842,-0.77919596,-0.08613852,-0.3610745,0.019881431,-0.21289699,-0.24858537,0.5767843,0.2687115,0.22079591,-0.07329108,0.14856827,0.5026877,0.3804582,-0.1343795,-0.05904592,-0.12067907,-0.41144478,-0.5389602,0.016273623,0.5632645,0.91160876,0.009572909,0.16594598,0.72454405,-0.30568525,0.21080513,-0.81367886,0.1617641,0.91446793,0.60762763,-0.12226956,-0.7722517,-0.015820043,0.346562,-0.03462853,-0.8336617,0.14113168,-0.3316487,-0.071432225,0.6234092,0.37803045,0.938342
unsafe_sex,0.0041214973,0.38136017,-0.55994934,0.28859758,0.25928584,0.60618687,0.40069944,0.92773354,0.3446503,-0.40084428,-0.77138543,0.0071038995,0.8330517,0.25301796,-0.107342035,-0.619126,-0.907749,-0.022521516,0.02031986,0.36084396,0.460753,0.17498074,-0.031965587,0.25651258,-0.6736729,-0.84092927,-0.51113635,0.38311598,0.17039298,-0.24064538,-0.2285193,-0.025179893,-0.12709676,0.23474966,0.122057706,0.45629588,1.3132974,-0.4510617,-0.19375658,0.21124253,0.0048008077,-0.035417806,0.63452005,-0.54093504,0.009873588,0.8556052,-0.5464634,0.23177086,-0.3813995,-0.016199144,-0.3000234,-0.38835573,0.75084174,-0.4296668,0.25670025,-0.030391632,0.8618538,0.8363548,-1.1362112,0.12516192,-0.45887637,-0.008351317,0.13312125,0.40037447,0.8640471,0.4825416,0.56489414,0.0741259,0.42023212,0.5060426,-0.17512153,0.88222826,0.22215565,-0.40758008,-0.39587912,-0.122597046,-0.019587146,-0.17489935,1.1737195,-0.12643707,0.17565267,1.0187638,-0.3877394,0.63841796,-0.9496659,0.30159566,0.27356613,0.849952,0.58283573,0.09627943,-0.35119438,0.43274048,-0.49104235,-0.2472185,0.50613314,-0.14142247,0.025309823,0.7613476,-0.36798623,0.40163526
transmission,0.013647068,0.10045521,-0.17643145,0.38459608,-0.3884732,0.89185,0.48427394,0.46946546,0.24575885,-0.43620726,-0.64922315,-0.084100276,0.78123647,0.054806735,-0.4054185,0.1256989,-0.9119742,0.23598845,0.03781738,0.14965221,-0.11898073,0.24688426,-0.072266236,0.2619382,-0.017883465,-1.0414351,-0.52095354,0.27797243,0.21852364,0.072979696,-0.1547596,0.37961704,-0.65476525,0.039227583,-0.29238543,0.6866497,1.2702907,-0.96886915,-0.66258174,0.20036305,-0.4540738,-0.13772655,0.42851824,-0.49254203,-0.08319031,0.36012116,-0.35276374,-0.025250893,0.084253065,-0.040093556,-0.21761996,-0.44971266,0.046256613,-0.5232636,0.34142873,-0.09884483,0.865692,1.1327925,-0.46400836,-0.04158817,-0.26515898,-0.39018312,0.029881375,0.04247706,1.1967188,0.2529612,0.5347085,0.011817751,-0.12182708,0.24912927,-0.0641475,0.2844325,0.03557409,-0.5096185,-0.36982,-0.16413032,-0.1694983,-0.29845974,1.0810856,0.25682306,0.52088916,0.88408846,0.0486292,0.68301404,-0.69256365,0.42736492,-0.072142,0.5814419,0.7739694,0.3453989,-0.31758234,0.3214529,-0.16476732,-0.57634646,0.4165017,-0.77205193,0.29526618,0.6335257,-0.6694135,0.5840057
multicenter_study,0.059567068,0.14931615,-0.18126959,0.05774094,-0.15931554,0.48894635,0.9428147,1.0046993,0.2924524,-0.37071192,-0.74099666,-0.21069555,0.7073438,0.5798024,-0.20725574,-0.7724221,-0.7032653,0.38590044,0.23413233,0.47784185,0.12417571,0.29354203,-0.0909034,0.16467634,-0.444719,-0.7574726,-0.2586543,0.5471139,-0.10303504,-0.012639639,-0.29467872,-0.48955154,0.3779463,0.19265127,0.15751399,0.15815225,1.5392424,-0.62047654,-0.04631008,-0.22321336,-0.3492737,0.112472974,0.21475545,-0.21518178,0.18648104,0.43908277,-0.26819718,-0.29254588,0.21847294,-0.29265308,-0.45235646,-0.21573572,0.17870995,-0.40472537,0.018272998,-0.2601687,0.64692074,0.56422436,-0.60179925,0.34444132,-0.058799915,-0.16116786,-0.006581003,-0.034810636,1.1704224,0.4638824,0.47461882,-0.098538354,0.07439188,0.9931973,-0.6567076,0.28919363,0.42982578,0.05017898,-0.17878011,0.1676775,-0.10641526,0.26249695,0.8341253,-0.35655436,0.22870484,0.5666276,-0.07759603,0.4610441,-0.72300375,0.581788,-0.3878898,0.75452995,0.21384412,0.64963764,-0.029374398,0.10391517,-0.5283726,-0.39614534,0.2755755,-0.16415082,0.0868815,0.41115984,-0.58334035,0.8349441
logistic_model,-0.063271664,0.1474134,0.071866654,0.23787948,0.02344963,0.62147593,0.40607125,0.7471925,0.30694753,-0.1851152,-0.4755508,-0.10677648,0.9533193,0.19744729,-0.6410746,-0.43282372,-0.8597059,0.07715096,0.5282282,0.7935754,0.50362235,0.26542777,0.043572515,0.052097585,-0.6303833,-0.63259983,0.2792835,0.36615154,0.18444581,-0.5573179,0.094868764,-0.37575823,0.035831388,0.2765456,0.49041873,0.29922518,1.0239904,-0.6192951,0.047360696,0.651869,-0.29537117,0.54589164,0.31470007,-0.18324222,-0.009696503,0.2586876,-0.7149978,0.16008587,0.34578875,-0.1720007,-0.24018882,-0.25848123,0.36873886,-0.08500798,0.058805726,-0.36389515,1.0556481,0.36445972,-0.8862462,-0.165499,-0.3264365,-0.055703413,-0.20384382,0.15493715,0.9756252,0.11707795,0.687321,-0.042875376,0.35778242,0.4009767,-0.32128453,0.58613616,0.4207769,-0.4764527,-0.57749665,0.062239617,-0.16302998,0.5908287,0.84500587,-0.1638985,0.5112134,0.7605835,-0.2453561,0.45988944,-0.8973137,0.32795495,0.45158875,0.4447624,0.2677614,-0.1680137,0.016007973,-0.14955176,-0.25576296,-0.77612895,0.41503093,-0.2796678,0.17052841,0.3425286,-0.03620167,0.3812844
sequence_analysis,-0.1813009,0.5012907,-0.93488467,-0.20405138,-0.33050048,0.004250853,-0.110114835,0.613712,0.8242065,0.04667991,-0.4515139,0.21073602,-0.1457592,0.20867218,-0.45566863,-0.92320824,0.20852855,-0.7459114,-0.24782492,-0.08669018,1.0247878,0.5969092,-0.50917506,0.68649364,-0.7722791,0.20356682,-0.33082095,0.3486517,-0.34960222,-0.19850978,-0.95279217,-1.2320349,0.5660372,-0.052728057,-0.2597622,0.04404548,0.7572242,-0.58896285,-0.4242814,0.8189986,-0.05578308,0.62960273,0.2724037,-0.4680357,-0.111089565,-0.26855645,0.43953583,-0.14230454,0.45725355,-0.80878294,0.06935963,-0.26252723,0.5248314,-0.75177675,0.10746645,-0.109392956,0.30529332,-0.35530233,-0.07460819,0.18912855,0.4516094,0.043004006,-0.1227566,-0.4581927,0.45382783,0.48546943,0.44892463,-0.41456163,0.16079542,1.0379696,0.10955507,-0.19897486,0.49291322,0.07602666,-0.19367181,-0.9645502,0.102140695,0.5735818,0.19984291,-0.6476979,-0.3086749,-0.50607634,0.40080574,-0.34360132,-1.0245099,-0.3697561,0.82696855,0.6156356,-1.2782568,-0.9281602,-0.75383794,-0.17172736,-0.17675003,-1.0093498,-0.09276329,0.026851287,-0.2585425,-0.21266598,0.15508538,0.17696752
cylinder,-0.24071352,-0.33956462,0.13145025,0.09968791,-0.42470667,-0.33648288,-0.27841166,0.4642218,-0.044801723,-0.7975995,-0.42062256,-0.01629484,0.6954186,0.17420554,-0.4784527,0.05858916,0.45036656,-0.342434,-0.49593225,0.2731932,0.17094247,0.3653156,0.6106845,0.13510771,-0.65922517,-0.10131735,-0.27331206,-0.3783377,-0.5198043,-0.65583366,-0.4446274,0.17352965,0.35192072,0.063746855,0.19084376,0.51641864,0.77337754,-0.26405984,-0.022588003,-0.49364424,0.30375147,-0.38324273,0.17266943,-0.40374705,-0.596669,0.19351523,-0.4672472,0.20996885,0.69825256,-0.41025612,0.023895703,-0.09544694,0.8270476,0.25069112,-0.014227133,-0.28618446,0.15944353,0.21590912,0.1652313,-0.25211504,0.41548932,0.28919208,-0.6108305,0.027625602,0.19030096,0.48406652,-0.35777178,-0.30634865,0.19070911,0.30892774,0.26541105,0.30533257,-0.43475777,-0.20342368,-0.4653034,-0.45370996,-0.33825958,-0.5159215,0.43395692,0.04469297,0.058247413,0.16585116,-0.2505203,0.014991607,-0.1015818,0.89909995,0.353723,-0.47640342,-0.4426387,0.15676117,-0.1213443,0.026142767,-0.34300646,-0.39535794,-0.29590753,-0.2133612,0.22500719,0.22851719,-0.183077,-0.16526274
rheology,0.32403803,-0.05778059,-0.044128373,0.6700878,-0.11189835,0.16754287,0.09729196,0.20731527,-0.36425567,-0.5325065,-1.5258942,0.35221654,0.28596556,0.8122264,-0.62703913,-0.011156674,-0.042901628,-0.85326695,0.15697639,-0.29673505,0.85214865,0.26857433,-0.39675212,0.6573031,-0.36988986,0.0052331416,-0.4910792,-0.20511098,0.3895215,-0.5115248,0.48463434,-0.3341117,0.22562388,0.20106025,-0.6464947,-0.2738208,-0.18032342,-0.7970125,-0.028841553,0.01240303,0.2685358,-0.20813136,0.20146427,-0.10291245,-0.56536543,-0.029032381,-0.16033563,0.17811187,0.25489935,-0.5824725,0.049592413,-1.3666306,-0.08138922,0.4933573,0.21532221,-0.05811784,-0.25499994,0.50964034,0.60140836,0.17041115,-0.3037941,-0.09533005,-0.19377254,-0.07331256,0.21768142,-0.08119992,0.48073062,-0.55576307,-0.24831894,-0.05193317,-0.19592153,0.3865788,-0.22145116,-0.39180517,0.5935103,-0.68332225,-0.14654504,0.14407034,-0.13939215,-0.40955982,-0.42835036,0.19662648,0.17115153,0.5797398,-0.292127,0.14306068,0.19826232,-0.27502683,-0.08595988,0.18835048,-0.3773954,0.11014327,-1.0662357,-0.19647464,-0.07142377,-0.5157827,-0.06410979,0.40835178,-0.36032918,0.04331361
cell_infiltration,0.27962804,0.39546102,-0.15170358,0.19275531,-0.59773135,0.22623885,0.37440118,0.29298943,0.37120488,0.08736508,-0.7968984,-0.4567293,-0.012213859,0.5977293,-0.58004904,-0.35613143,0.44416675,0.04714088,-0.6642706,-0.3149292,0.24318075,0.24042405,0.051573567,0.439629,0.13521022,-0.06764846,-0.66099775,-0.7145319,-0.4586265,-0.40258446,-0.31674728,-0.39488846,0.56710994,-0.678651,-0.012425469,0.41064364,0.2177875,-0.5398099,0.06909109,0.10766022,0.44741032,-0.19995354,0.059495054,0.75985706,-0.2542291,-0.11210107,0.7347196,0.4190754,0.2955189,-0.12135297,-0.15040503,-0.39048624,0.19522603,0.2370031,-0.17228374,-0.11929154,0.41097066,-0.25048092,-0.3373636,0.6083059,0.28511477,-0.23843987,-0.43386078,0.17532478,-0.050618913,0.111916326,-0.2807771,-0.44065416,-0.32646123,1.2861619,-0.36098397,-0.73509103,-0.21020854,-0.14977305,-0.25865272,-0.41357228,0.31895912,0.2954525,0.26808494,0.117160246,-0.11798573,0.34340665,0.2151946,-0.19180651,-0.12494866,0.2175639,-0.14919901,-0.035725433,-0.47066438,0.4255316,0.43662763,0.31573257,-0.1724637,-0.19331832,-0.52863824,0.40033388,0.2215962,0.23999266,-0.21511503,0.33380872
hydrogen_atom,-0.017744718,0.11873808,0.0060066497,0.42344326,-0.27787706,0.18059316,0.04389756,0.56699497,-0.066735156,-0.77092487,-0.8542111,-0.17892736,0.6584983,0.31584638,0.055135623,-0.28685367,0.005843671,-0.46890548,-0.5851604,0.42962295,-0.3403347,0.33841506,0.36140525,0.23981331,0.09141586,-0.20037171,-0.15124197,-0.2474675,-0.026980875,-0.64252436,0.24832946,0.0936679,0.003008214,0.48459637,0.9064818,0.49800736,1.0924001,-0.32715157,-0.12747355,-0.48887387,-0.050292596,-0.14163251,0.35488415,-0.034108926,-0.33009472,0.15728232,-0.015629658,0.24366987,-0.16171858,-0.12708926,0.11796555,-0.62757117,0.43748227,0.06659436,0.09914978,-0.272294,0.2103833,0.46623835,0.2171671,0.39579847,0.32144085,0.07172958,-0.75323516,-0.49025372,0.7575875,0.04601506,0.25114563,-0.5477096,-0.10338199,0.39035192,0.47768864,0.318133,-0.25648376,-0.60818535,-0.41104457,0.11240878,-0.40280235,-0.2935386,0.2012496,0.51247,-0.114462644,0.29981712,-0.3131333,0.034451433,-0.35818776,1.2792844,0.10586544,-0.36966395,-0.18459181,0.42505226,-0.3033864,0.59716535,-0.838699,0.17388475,0.19428822,-0.26110032,0.044331323,0.8467232,-0.3000479,-0.24977797
eigenvalue_and_eigenfunctions,-0.020714942,0.10727246,-0.18798268,0.21882743,-0.033285335,0.10273704,0.05467834,0.5438417,0.10633591,-0.65115744,-0.9693979,-0.08914428,0.6542707,0.20917341,0.08402833,-0.56209594,-0.099018745,-0.44701934,-0.54026157,0.3336417,-0.29360625,0.45836416,0.20029205,0.1713466,-0.036810875,-0.17352521,-0.061385404,-0.15577093,0.0796866,-0.5405111,0.29027757,0.26354527,-0.09517965,0.40733197,0.9270099,0.3518237,0.8699723,-0.28546137,-0.14396247,-0.30907223,-0.10147608,-0.008491465,0.33326593,-0.014826394,-0.12656608,0.13217078,0.095034726,0.31210425,-0.13085026,-0.2549129,0.10244443,-0.36921746,0.45795846,-0.1313533,0.14843275,-0.3602352,0.26045337,0.38863754,0.26228234,0.20625272,0.22724076,0.20969576,-0.5887532,-0.5307708,0.73551804,0.14478998,0.34093288,-0.5534826,-0.16338986,0.21131116,0.46295807,0.3370199,-0.14604656,-0.7275488,-0.4647732,0.1480496,-0.31085706,-0.11747693,0.08192838,0.18508764,-0.13754477,0.092399105,-0.3308742,0.03110022,-0.3376794,1.1801975,0.0593724,-0.24703111,-0.14857565,0.2724113,-0.09065332,0.57158613,-0.6155511,0.24371009,0.39261228,-0.13315995,-0.061425634,0.7668597,-0.40339392,-0.23983638
saccharomyces_cerevisiae,0.17615582,0.05616271,0.122470655,-0.579791,-0.4314016,0.1853739,0.9790708,0.07099032,0.3271043,-0.27805117,-0.16065349,-0.15085079,0.17594968,0.1724959,-0.102080114,-0.26506233,0.05442259,-0.16410016,-0.31071258,-0.1042327,-0.039268915,0.07368449,-0.11954901,0.38001892,0.5239348,-0.054951675,-1.0229768,0.3677841,-0.023915596,0.26909092,-0.0017627486,-0.65440214,0.080979586,-0.23316555,0.30947828,0.23247653,-0.17237477,-0.7448442,0.83539647,-0.055856742,0.09631322,0.09735864,0.35775754,0.044269674,-0.045410387,0.64023024,-0.2357846,0.31345624,0.5611666,0.22456445,-0.47430098,-0.019704549,0.09789337,0.21234027,0.06472526,-0.07710664,0.248951,0.14775716,-0.4402159,0.4341087,-0.38320908,-0.12481027,-0.46265805,0.79612374,0.5534536,0.16614959,0.05706466,0.077748105,0.1381141,0.31124827,-0.87318516,0.2339456,0.25657046,-0.20308466,-0.56785905,0.038670465,0.5421649,0.16353047,0.2954385,0.030741213,0.5883052,-0.250691,-0.48459598,0.08117554,-0.24433683,0.063200116,-0.09881738,-0.40362677,0.18443246,0.3111292,-0.6189474,0.16108645,-0.3240851,-0.8658049,-0.45555392,-0.05047774,0.13470188,-0.18688093,0.09813301,-0.04080949
genetic_predisposition_to_disease,-0.73173743,0.42661908,-0.4477688,0.7248004,0.67082494,0.29323757,1.1782205,0.7044298,0.2579559,-0.4253227,-0.8697346,0.20548233,1.3903991,0.336221,0.011518713,-0.41122535,0.12595774,-0.5458287,0.226433,0.09636339,0.11327387,-0.026288586,0.43806428,-0.4232165,-0.14641458,-0.44341502,-0.40490872,0.5985824,0.20540528,-0.43157884,0.29818344,-0.38238108,-0.11213207,0.15424438,0.20686169,0.19830163,0.75159454,-0.06288982,0.08424138,-0.20518783,0.24670938,0.696678,0.49005428,-0.25100553,-0.4604601,0.6530604,0.1885217,0.35361898,0.5166497,0.27446643,-0.34953648,-0.28869152,0.5720105,0.022978624,0.10136397,-0.13088419,0.89105344,-0.12987083,-0.73341304,0.112919785,-0.53901637,0.41811433,-0.15524943,0.64389724,0.54269016,0.718178,0.3461289,-0.04938152,0.14511438,0.45419362,-0.33013806,0.31676558,-0.01856255,-0.33518302,-0.030320536,-0.054121107,0.20520312,0.46096987,0.67933005,-0.41069087,0.2601983,0.028932348,-0.10465775,0.45757312,-0.4141411,0.029630637,-0.56862754,-0.023117384,0.23137443,-0.023866722,0.2449362,0.5385517,-0.3217032,-0.67155224,0.35593602,-0.37833333,-0.10126057,-0.20995487,-0.121744365,-0.515952
genetic_predisposition,-0.75818235,0.43431038,-0.39473206,0.6572332,0.6749035,0.27943686,1.1568458,0.69245553,0.22786094,-0.38230366,-0.83955365,0.14910546,1.3706859,0.32203144,-0.055960517,-0.41473073,0.16852719,-0.47615144,0.2534747,0.13550448,0.11425322,-0.007603118,0.45150754,-0.43601963,-0.16082945,-0.42195904,-0.34664693,0.5674049,0.14995627,-0.41582316,0.26868358,-0.40071827,-0.1039858,0.14795685,0.15733546,0.18277578,0.8063608,-0.101363495,0.11041965,-0.22588886,0.25638446,0.73279715,0.40882015,-0.21853259,-0.46267787,0.62714434,0.22085091,0.34216017,0.5778575,0.329591,-0.32547072,-0.30137736,0.5330326,0.025673969,0.13598958,-0.124299854,0.8769786,-0.1564055,-0.68055224,0.11745672,-0.5604682,0.38559762,-0.080598064,0.71563005,0.50837743,0.78415185,0.33405066,-0.054139517,0.22535087,0.4400061,-0.38310197,0.2818988,-0.023224106,-0.3033378,-0.054842513,-0.07361704,0.20702036,0.46940923,0.65630627,-0.40213352,0.27107745,0.007602897,-0.0862947,0.48336655,-0.3838838,-0.047620267,-0.5747676,0.010613894,0.190614,0.045670874,0.22166984,0.4855908,-0.3028829,-0.7053557,0.24024373,-0.34163237,-0.086836815,-0.28603974,-0.15520178,-0.45484957
genetic_association,-0.48722485,0.20112893,-0.5872317,0.79705393,0.4621499,0.52232206,0.9998363,0.40635568,0.50128585,-0.120645516,-1.2295588,0.13337041,0.9300517,0.54022485,0.31330305,-0.57899624,-0.036345385,-0.64375114,0.06400179,-0.012054877,-0.055298492,0.28865913,0.43442628,-0.19125883,-0.112578385,-0.4539907,-0.7634943,0.23733866,-0.042716086,-0.27541053,0.31728664,-0.15194438,-0.072395794,0.0006484128,0.64324975,0.42886093,0.730685,-0.49797457,0.30135718,-0.16118442,0.24825498,0.4999038,0.42953438,-0.2964383,-0.4333213,0.8520428,0.13050148,0.34932056,0.60882866,0.29155114,-0.24609745,0.039995153,0.7670455,-0.40654,-0.08604091,-0.36954802,1.1567681,-0.18486053,-0.93374246,0.07204759,-0.17590307,0.20971932,-0.10858229,0.5306125,0.6714883,0.7728887,0.17872326,-0.048650034,0.2576754,0.45005774,-0.4742366,0.20975211,0.0666544,-0.689967,-0.047065567,-0.10904235,0.048613705,0.79106104,0.8279071,-0.42640895,0.08191057,0.019222636,-0.20337178,0.059366502,-0.14164862,-0.018038344,-0.23107599,0.18930484,0.33581933,-0.32473034,0.2427673,0.5589307,-0.35177758,-0.5284335,0.69148445,-0.5848715,-0.12063303,-0.32541797,-0.5008476,0.0614384
gene_frequency,-0.5034821,0.22958304,-0.56884086,0.795971,0.425362,0.5188599,0.9321525,0.39050502,0.46782255,-0.14751749,-1.201732,0.08868753,0.90772206,0.5211927,0.31839254,-0.5523039,-0.040900405,-0.6636218,0.04552057,0.0019316121,-0.03824573,0.26076412,0.42208612,-0.15225767,-0.118056156,-0.39152327,-0.69872665,0.24888015,0.008341974,-0.2760231,0.31954044,-0.13523826,-0.03148991,-0.011319479,0.62363756,0.405744,0.7170048,-0.44852114,0.2846886,-0.1219227,0.280254,0.4591208,0.44693637,-0.295855,-0.45058078,0.8050452,0.12535936,0.3862109,0.6162474,0.26316962,-0.22754394,-0.0052288077,0.77817285,-0.48474324,-0.09650886,-0.3905118,1.0993376,-0.19824941,-0.9140772,0.042085823,-0.16945761,0.17549291,-0.13614316,0.4948425,0.6407954,0.6883499,0.12237023,-0.025515739,0.25412577,0.4458537,-0.41997415,0.26755878,0.083629906,-0.7186681,0.0024592164,-0.15148032,0.09114535,0.7880366,0.8862303,-0.418266,0.037177317,0.056763437,-0.20499723,0.107561305,-0.14398393,-0.04828986,-0.16981876,0.20469023,0.2673036,-0.2867839,0.19278285,0.5427646,-0.34431282,-0.50568587,0.69120187,-0.52858865,-0.12835643,-0.27891508,-0.48944357,0.06255758
randomized_controlled_trial,-0.37653533,0.17103474,0.082715966,-0.21048059,-0.12847109,0.65292346,0.32584432,0.45595595,0.6629637,-0.057861615,-1.2409613,0.7827056,0.19243996,0.42727274,-0.38249788,-0.40877327,-0.14437911,-0.60820854,-0.35506007,0.11187495,0.34923455,-0.024882244,0.21237567,1.1711386,-0.26798913,-0.042690206,-0.29176638,0.24877496,0.5402888,0.32520947,-0.51395935,-0.2739392,-0.016670309,-0.02681723,0.5174862,0.38339865,0.37990236,-0.5971696,0.9885163,0.20089565,0.19201286,0.5899156,0.38018104,-0.40154687,0.2146705,1.3227412,-0.2228186,0.6052772,0.6249422,-0.49279705,0.19470258,-0.26974893,0.18273306,-0.50054353,-0.17139311,-0.37418464,-0.041259933,0.3378553,-0.1968103,0.1977861,0.22909628,0.90824354,-0.68462455,0.11450021,0.2054691,0.07096048,0.24959247,0.84126234,-0.4949723,1.0983019,0.20538917,-0.20365827,-0.328327,-0.79810053,-0.41449317,-0.23259832,0.30698314,0.47260302,0.89459425,-0.6033506,-0.5041666,0.3458521,-0.7790454,0.081471615,-0.26355892,-0.18866192,-0.6467092,-0.5183103,0.31689775,-0.17522173,-0.17187586,-0.07345729,-0.5061661,-0.4418841,-0.16421105,0.06492793,0.121008664,0.11961516,-0.78434616,0.5639915
heart_rate,-0.47760552,0.19301721,0.0031461287,0.04717319,-0.053788226,0.71586657,0.54780644,0.45754617,0.16590568,-0.19120803,-1.1824194,0.42792988,0.503418,0.48882875,-0.40436506,-0.2989509,0.041539144,-0.60392183,-0.013270165,-0.046150308,-0.08719575,-0.120078035,0.4346829,0.6444968,-0.36479855,-0.09742197,-0.25559095,0.44387296,0.39505824,0.17320606,-0.23635294,-0.15181242,-0.0067793867,0.063254155,0.6144236,0.3843204,0.58382636,-0.49365,0.8938359,0.024755897,-0.033739135,0.6840012,0.7205043,-0.18194613,0.19399017,1.1255802,0.10244771,0.46302226,0.9033712,-0.11462449,-0.17523903,-0.44594878,0.075303465,-0.42662498,-0.24340503,-0.40271387,0.42611307,0.3631874,-0.48389372,0.33263737,-0.17085807,0.79249084,-0.49111748,0.04784659,0.46785098,0.019547738,0.23119749,0.43697008,-0.45561007,0.60330087,0.015828215,-0.21272893,-0.3560661,-0.74989367,-0.25790995,0.059456907,0.33528268,0.5931666,0.7068858,-0.5533594,-0.24821223,0.23258889,-0.5773708,0.011558653,-0.22369856,-0.05448776,-0.43850732,-0.4681235,0.26500788,-0.28580028,-0.20420152,0.17419955,-0.37545636,-0.5515503,-0.054125145,-0.059469797,0.16469568,-0.2777515,-0.79614145,0.23524894
solvent,0.10171331,-0.31996253,0.56531024,0.045577418,-0.571476,0.23548649,0.16364957,0.5828235,-0.021825934,-0.17355074,-0.7086723,0.10892428,0.7310689,0.7895585,-0.59709895,0.70497346,-0.14385143,-0.4870209,-0.17488371,0.3944879,-0.26681376,0.06536059,-0.05188214,0.35777152,0.2154825,-0.013870688,-0.75745606,0.0016319212,0.346291,-0.6353956,-0.43520615,0.15276735,-0.112024404,-0.7084657,-0.38166973,-0.10437564,0.3476127,-0.98159766,0.43897897,-0.16295941,-0.49959967,-0.3267593,-0.2864109,-0.2706826,-0.16972025,0.22901747,0.1670593,0.6459012,0.83866656,-0.71341705,-0.77450466,-0.5729183,0.056224473,0.32964057,0.99372196,-0.18895452,0.01490829,0.8577458,0.49300078,0.10013512,-0.36798945,0.2918993,-0.90317875,0.5819744,0.3110229,-0.10302695,-0.3469969,0.28727156,-0.36032584,-0.23486382,0.51825094,-0.046737637,-0.42335,-0.2320598,0.15543129,0.14392139,-0.4297264,-0.66018075,-0.2193511,0.3774169,0.2730228,0.43021703,0.4057837,-0.031460162,0.48709404,0.2532246,-0.04235613,-0.58059394,-0.5088083,0.35352644,-0.3697724,0.29240382,0.15722005,-0.57255197,-0.56855166,-0.19565113,0.2897867,0.75238824,-1.486487,0.7030008
cell_division,0.07711158,0.16233149,-0.22389244,0.575936,-0.19687852,0.21092845,0.585784,0.6477443,0.5556771,-0.1808019,-0.41226164,-0.3725202,0.7351975,0.60031027,-0.21473587,-0.12404094,0.31767285,-0.5925634,-0.56623995,-0.15552017,0.51620674,0.2230438,-0.17309065,0.32755992,0.45970854,-0.020882372,-0.17702335,-0.33414677,-0.08204805,-0.80653286,0.49463362,-0.7723534,0.2666998,-0.78204596,0.26467115,0.42391175,-0.45758593,-0.57152617,0.40296197,0.8029749,0.3136544,-0.029466474,0.47710973,0.5867195,-0.21128534,-0.42893106,0.4585322,0.3931743,0.300516,-0.04238923,0.14121489,-0.2648835,0.27714708,0.17602107,-0.026922977,0.6801943,0.46784604,-0.24437912,-1.0112631,0.61669457,0.20881356,-0.009125996,0.04315148,0.4266819,0.3979942,0.54032385,0.047794927,-0.48774645,-0.3220727,1.1364962,-0.28670457,-0.46032754,0.28793094,-0.45896998,0.23641664,-0.41950417,0.5860818,0.41433734,0.2518833,-0.22866856,0.32309258,-0.10606622,0.0018082007,0.025971022,-0.50691724,-0.058567557,-0.10264277,0.51711345,-0.44128516,-0.2723289,0.09627704,0.8939047,-0.47811824,-0.041716523,-0.34182087,-0.16422905,0.06857866,-0.16146506,0.16112185,-0.5245734
cholesterol_blood_level,-0.36180508,-0.023382863,-0.23487854,0.4466346,-0.37206036,0.8880815,0.30383253,0.6825864,0.41040555,-0.014068257,-1.0022358,-0.109934285,0.6581513,0.7842705,-0.32608467,-0.45803377,0.07987369,-0.3176054,0.32545567,-0.022913469,-0.2870321,0.2860316,0.35443452,0.37607226,-0.5199602,-0.27157113,-0.17889306,0.39927256,0.43280652,-0.15280968,-0.5362159,-0.23493929,0.21230763,-0.08870341,0.67561096,0.25003713,0.55578166,-0.50754297,0.77346617,-0.107131384,-0.1516675,0.76114357,0.5872593,-0.15881938,0.3396207,1.1454768,0.043432534,0.34680182,0.75561816,-0.19304793,0.08533749,-0.14399368,0.3820048,-0.4067418,0.02443413,-0.2593184,0.44750166,0.0582985,-0.5775169,0.35207146,0.028895495,0.9351955,-0.41192454,0.034437172,0.31920394,0.20299096,-0.085016094,0.01822317,-0.39815855,1.0399405,0.06550713,-0.4809353,-0.15394418,-0.80281585,-0.27991965,-0.11322489,0.3493412,0.5972492,0.82396644,-0.7195253,0.20579052,0.41689965,-0.6614418,-0.1975959,-0.18246923,0.39764065,-0.81211084,-0.15662031,0.4403878,0.022659048,0.26255807,0.48301697,0.020055693,-0.2573408,-0.01753155,-0.28214395,0.09093024,0.37361452,-1.0007359,0.35909203
microstructure,-0.100740954,-0.2594283,-0.38316253,0.34216148,-0.0061058407,0.10992299,0.005882325,0.7834044,0.0056814025,-0.49609938,-0.88278985,-0.41878533,0.09440595,-0.042903047,-0.7146164,-0.6837805,0.04293747,-0.5023086,-0.019295549,0.28941128,-0.2487212,0.51259893,-0.21356614,0.5176598,-0.89970595,-0.8512905,-0.8184418,0.4884135,0.27375835,-0.21208073,-0.199409,-0.1569675,0.52386874,-0.085383445,-0.5085486,-0.20473567,0.6520189,-0.29232404,-0.3465285,-0.10828468,-0.28185937,0.070537165,0.11350862,0.20931664,-0.629515,0.011136298,-0.020506147,-0.12508671,0.6887371,-0.31151152,0.30304578,-0.32955357,-0.3116182,-0.18750359,0.7285679,-0.05954499,-0.7816357,0.37504917,0.5250182,0.032173384,0.05901481,-0.6299316,-0.29324284,-0.258222,0.6249282,0.2382804,0.27900463,-0.28754896,-0.40829322,-0.15923308,0.23425077,0.47972685,-0.43007925,-0.2686043,0.19109452,-1.0015459,-0.3461118,0.21817921,0.26414445,0.25205526,0.34844172,0.26996452,0.21688195,0.5677376,-0.5343713,-0.11041627,-0.18545333,-0.1883614,-0.57900774,0.9456712,-0.31467178,0.08031067,-0.53137225,-0.09541119,-0.330319,-0.8106828,-0.06881951,0.103753716,-0.67462176,0.39847702
zinc_phosphate_glass,-0.6466056,-0.2352391,0.008915028,-0.15684372,0.032127418,0.17320107,-0.05038999,1.0454168,0.2232166,-0.33700874,-0.735645,-0.7231429,0.47324276,0.16399716,-0.5702178,-0.84479153,-0.6100327,-0.70656747,-0.7488088,0.49285135,0.037212566,0.40931875,0.20854187,0.3372518,-0.47288674,-0.19844383,-0.13105522,0.10374245,-0.03362683,-0.3690911,-0.121194646,-0.32979217,0.21853212,0.4538333,0.13593073,0.5088603,1.0522048,-0.5820829,0.56078905,-0.3322107,-0.17155828,0.8218991,0.1532013,-0.11981724,0.05588839,0.099579655,-0.023023488,0.010451853,0.45811394,-0.31401014,-0.033507556,-0.90964293,0.0026041323,0.020239515,0.4289297,-0.06816674,-0.937085,0.2826103,-0.3713063,0.41900167,0.26817337,0.19431566,-0.41251877,-0.26788452,0.9903842,-0.2048905,0.5530618,-0.6282214,-0.63805586,0.22079001,0.20764422,-0.097407,-0.55543905,-0.37675413,0.13009451,-0.43321955,-0.12763529,0.3842387,0.13519059,0.57311946,0.4376295,0.1872672,0.03110649,0.35479397,-0.4668035,-0.35776863,-0.38224763,0.25212058,-0.20284262,0.41735145,-0.5825414,0.47943613,-0.104707554,0.050390176,-0.11937459,-0.06132564,0.45437875,0.64603084,-0.676697,0.726122
nonradiative_energy_transfer,-0.6160731,-0.21599399,0.034524765,-0.18919885,-0.010811686,0.18104191,-0.04822664,1.0183728,0.17752723,-0.3278928,-0.6888678,-0.71803427,0.4388516,0.18388681,-0.5199335,-0.8498126,-0.59059334,-0.71344227,-0.7064584,0.5077016,0.019208275,0.38128093,0.20674326,0.31555864,-0.44891757,-0.17987947,-0.12604813,0.11442649,-0.04572102,-0.3940358,-0.14611271,-0.35248986,0.18569726,0.49032304,0.16297239,0.47481972,1.0723933,-0.582549,0.55256593,-0.31601557,-0.19124539,0.83689034,0.12049183,-0.14953592,0.027261015,0.09587195,-0.02348872,0.02008937,0.43174684,-0.28225192,-0.0018903603,-0.8689008,0.01509504,0.008487328,0.42866355,-0.07525434,-0.96429694,0.30183455,-0.36168748,0.41866383,0.28246334,0.25317693,-0.43394563,-0.27552867,0.9685264,-0.21197583,0.54850763,-0.61339104,-0.63562864,0.20343913,0.22233717,-0.13883889,-0.5255371,-0.4125907,0.12993562,-0.43473887,-0.14870265,0.42934895,0.12120879,0.5600387,0.4310168,0.18565872,0.017321644,0.32031476,-0.43537876,-0.35923573,-0.40211502,0.24176925,-0.2208413,0.40619767,-0.5819712,0.44048887,-0.09277438,0.06607212,-0.092875704,-0.06136955,0.41985208,0.568988,-0.72003555,0.7230478
radioactivity,0.072414055,0.26073134,0.20248728,-0.52536565,0.11934419,-0.47778022,0.24286762,0.6429849,-0.12015675,-0.2760035,-0.10613099,-0.46445835,-0.09135216,0.8111525,-0.6687855,-0.25753775,-0.077948205,-0.20671114,-0.60675293,-0.5533529,0.27692994,0.10599362,-0.26816186,0.35584283,0.4184016,-0.6833916,-0.59849954,0.08117058,0.2199718,-0.3663654,0.2517426,-0.1726998,0.6297909,-0.35304594,-0.30303615,0.30992326,-0.3387711,-0.48337772,0.06497163,-0.44828862,0.40107307,0.24755913,0.5640957,0.023067541,-0.083052896,-0.040350057,-0.26683876,-0.2809589,0.27314207,-0.6844139,-0.91158324,-1.0077851,0.07282571,-0.35694486,0.141854,-0.7612366,-0.29616207,0.3835632,-0.6929617,0.1917098,-0.0587873,-0.39286688,-0.029501285,0.7865936,0.25452062,-0.052115817,-0.22199951,-0.1526244,-0.74014366,0.33310091,-0.30816895,0.17311187,0.41445035,0.48622128,0.1932674,-1.1424437,0.096395895,-0.47650403,0.255152,-0.039921973,0.08759464,0.30192804,-0.12970361,0.7879409,-0.8092877,-0.11407811,0.1905033,0.43057027,-0.14449391,0.67325246,-0.3403832,0.1972497,0.02727967,-0.58228856,0.42899922,0.13292585,0.13382392,0.5923248,-0.21152243,-0.29510048
biological_activity,-0.045487113,-0.014254005,0.6406526,-0.32807523,0.3726704,-0.15003899,0.34598243,0.5713056,0.65558183,-0.34698465,-1.0475144,-0.7354283,0.13254514,0.8205553,-0.44357726,-0.587853,-0.28792953,-0.187677,-0.7068462,0.08274981,0.3116978,-0.1845238,-0.5731987,0.8617691,-0.01464201,-0.37191218,0.0069657033,-0.31940722,0.62945426,-0.40036705,0.35770848,0.36652985,-0.5125888,-0.07816072,0.4455216,-0.3185457,0.14598502,-1.2432319,0.56223184,-0.51529825,-0.011867801,0.2954923,0.23980029,-0.0015528974,0.03133128,0.26971585,-0.32722414,0.34552935,0.23519912,-0.07964527,-1.2309194,-0.86124635,0.75155145,-0.18092486,-0.3750307,-0.31467363,-0.1633621,0.4721528,-0.51652503,-0.015021434,0.18053064,-0.3766096,-0.13721617,0.4917397,-0.69592416,0.6211988,-0.8916289,0.10489471,-0.38522598,0.6560398,0.36421347,-0.08271459,0.01391344,0.52098864,0.27091172,-0.51093113,0.21353379,-0.46589196,0.39557046,-0.5953858,0.14053218,0.09469101,-0.46015626,1.0149201,-0.63203233,-0.1688565,-0.034558285,0.406913,0.12916562,0.5105153,0.5829153,0.26983687,0.41985598,-0.40597653,0.013222503,0.02760243,-0.16726047,1.1945453,-0.5749151,0.5195213
exchange_correlation_functionals,0.23879081,-0.42242053,-0.05581113,-0.024860585,0.27171078,0.33028844,0.1865768,0.17154267,0.0062102918,-0.44177324,-0.7804508,0.14845797,0.6258489,0.14221387,-0.12993671,-0.2008994,-0.1105172,-0.7220719,-0.16910511,0.0574509,0.19142222,0.32431144,0.04031014,0.5268568,-0.11719039,-0.16114712,0.035836756,0.13906096,0.4452942,-0.63400984,0.54233736,0.1095069,-0.3227871,0.4439665,0.96060133,0.16312128,0.65274763,-0.3254608,-0.13502488,-0.10616318,0.10428406,0.103590146,0.45882818,0.029000595,-0.010290336,0.2777919,0.072442226,0.39914316,0.24050286,-0.39945662,-0.1554803,-0.9571364,0.3853673,-0.059280753,0.29795098,-0.29750806,0.35116366,0.7006822,0.58619183,0.024464654,0.039533697,0.43378645,-0.7094414,-0.34686026,0.51617295,-0.031730093,0.47080585,-0.45265257,0.18623309,-0.16692886,0.45182812,0.4314134,-0.23854418,-0.854284,-0.2808808,0.65115345,-0.03341889,-0.25872138,-0.028134754,0.30013412,-0.0002629683,-0.2301666,-0.51025695,0.015197198,-0.28511593,0.8502664,0.16605061,-0.68804896,0.22490935,0.1265146,-0.07561377,0.40270016,-0.8488177,0.23673555,0.08831235,-0.109007865,-0.22004138,0.83978146,-0.23702912,-0.22222324
geometry,0.1302691,-0.25469863,0.112033166,-0.019673929,0.20057614,0.023709588,0.17241165,0.33277062,0.6548363,-0.045350306,-0.3192992,-0.33469427,0.16954747,0.39365122,-0.17532128,-0.7103773,-0.07679134,-0.5335399,-0.91821295,-0.01576841,-0.23645799,0.6249326,-0.09797821,0.59490085,-0.22505978,-0.11138404,0.038512923,0.29429412,0.07844055,-0.87317795,0.6010486,0.29287916,-0.09311042,-0.039784502,1.0009766,0.31851608,0.17642146,-0.6458264,0.15914798,0.008202951,-0.15923788,-0.008385119,0.48395094,0.012094714,0.1412542,-0.12202639,0.003068304,-0.37119663,0.54043454,-0.7292487,-0.20974153,-1.1264858,0.13418187,-0.2710598,0.1591338,-0.8085283,-0.24085186,0.46538246,-0.029154336,0.13585456,0.36258036,-0.7208674,0.038446523,-0.379698,0.65199983,0.13176171,0.034570806,-0.3008996,0.13635717,0.52229017,0.2891174,0.28239152,0.29710206,-0.18404344,0.26597708,0.2449916,-0.17791933,-0.3422881,-0.027370391,0.21125628,-0.22660717,-1.0290642,0.21289667,0.21101087,-0.48183814,0.43409446,-0.0505676,-0.403181,-0.53145486,0.306922,-0.06986653,0.65901333,0.0066713663,-0.13817222,0.12802938,0.3670766,-0.22502688,0.8390722,-0.26885223,0.06275015
zinc_sulfide,0.57610977,0.052558504,-0.14338753,0.34670305,-0.44145808,-0.10628606,-0.29423317,0.5308566,0.32691416,-0.20708312,-0.9083011,0.020319117,-0.25036222,0.39923978,-0.24638397,-0.2535271,-0.1220451,-0.019444555,-0.3065506,-0.11665377,-0.24522108,1.1398463,-0.44061542,0.7401827,-0.4323649,-0.5645003,-1.1174151,0.69185853,0.4619951,-0.27931336,-0.51062113,-0.31663588,0.1859927,-0.4108375,-0.75686127,0.053528935,0.21810289,-0.6199156,-0.47449708,-0.4879081,0.08645641,-0.20708664,0.26877412,-0.083639674,-0.2779518,0.32679957,0.1254425,-0.021486258,0.96879524,-0.4992587,0.66838104,-0.47646815,0.31723493,-0.72944105,0.5793311,-0.39578998,-0.55327755,0.8033216,0.44040018,-0.42979443,0.28999862,-0.8689117,-0.62661195,0.082256064,0.7548679,0.106606066,-0.10205789,-0.21381809,-0.29301542,0.3944916,-0.18539491,0.3225679,-0.19313408,-0.7198275,-0.1445183,-1.4507211,-0.371722,0.21685919,0.5830892,0.055081833,-0.30803505,0.23368886,0.39684534,0.36920226,0.17005357,0.6410314,-0.69650894,-0.4071776,-0.51581854,0.9362005,-0.3486271,-0.23730023,-0.20947875,-0.0010038929,-0.21985883,-0.346312,-0.4528234,0.3818011,-1.1771616,0.21383375
selective_leaching,0.39044735,-0.034355924,-0.029862395,0.3303436,-0.42613584,0.021307312,-0.25220683,0.37378213,-0.03774372,-0.26226357,-0.90972406,0.026190162,-0.37750483,0.27677566,-0.12108443,-0.21475929,0.11080594,-0.11164981,0.051427174,-0.52445984,-0.11646715,0.5431264,-0.21953888,0.54079866,-0.33385447,-0.2613024,-0.6213978,0.45798323,0.48953173,-0.17532937,-0.17984723,-0.84854716,0.005716866,0.26224852,-0.4169375,-0.15832931,0.6246963,-0.7964847,0.5580191,-0.9291809,0.10928745,0.035479672,0.33789873,-0.63342696,-0.07732176,0.45103356,-0.18412724,0.08611836,0.71341074,-0.17562601,0.42662743,-0.9253384,0.4781412,0.115422,0.54084706,-0.11084807,-0.33195624,0.43535408,0.1210905,0.083735034,-0.09793586,-0.27076337,-0.5303975,0.324031,0.29755127,-0.08506317,-0.25739032,-0.53981763,0.13018458,-0.26700073,-0.3191285,0.25719598,-0.5001925,-0.6820833,0.10884769,-0.7628495,-0.119778946,-0.25483677,0.3539785,0.26724276,0.23350649,0.42883226,0.16871364,0.036009267,0.0008432029,0.6466514,-0.32964146,-0.2908688,-0.07931472,0.39548406,-0.5463259,-0.16743723,-0.21722443,0.17851542,-0.00337346,-0.36313313,-0.15815556,0.6014521,-0.8256792,0.3173311
drug_synthesis,0.09741756,0.048670184,0.36721334,-0.38052163,-0.27892113,-0.023098648,1.1370561,0.38514268,0.44755524,-0.12523142,-0.92743653,-0.77337533,0.3444694,1.0469999,-0.5209062,-0.44624612,0.31421694,0.124928236,-0.52386534,-0.18136784,-0.111359715,0.101048306,-0.3820453,0.29927304,0.22016935,-0.6798789,-0.47129875,-0.20754123,0.31643617,-0.43671295,0.69579387,0.17923714,0.51548195,-0.08178668,0.47111034,0.10307348,-0.005222558,-1.2946137,0.58700484,-0.49873412,-0.06693016,-0.010920976,0.6075864,0.00047133284,-0.04644149,0.05590501,0.029248372,0.16108026,0.5597115,0.0550001,-1.2397498,-0.7148746,-0.07660331,-0.17062694,-0.14952633,-0.7144867,0.38155687,0.27845863,-0.7402305,0.16451503,-0.025330307,-0.23667601,0.18760668,0.35111022,0.23771836,0.3372969,-0.58426446,-0.2199274,-0.48377368,0.90917,-0.21386762,-0.20718344,0.11374266,0.40114182,0.28595826,-0.48559976,0.36474884,0.18372919,0.03978281,-0.42797944,0.43906027,-0.15458502,-0.06190997,0.6110995,-0.55223036,-0.13671792,0.06658548,0.28148207,0.020634871,0.53760743,0.310035,0.7262351,0.027584491,-0.5873994,0.15773657,-0.42045894,0.05078411,0.61256915,-0.6289976,0.29070413
deformation,0.13710606,-0.7360608,-0.11435651,0.45934483,-0.02157824,0.002240966,-0.009698147,0.15372474,0.59444845,-0.4895494,-1.0425742,-0.069365986,0.70235884,-0.31971842,-0.46261215,-0.50688815,-0.30027968,-0.046605717,-0.23456496,0.21616371,-0.24949664,0.35440817,-0.06507474,0.15613067,-0.890107,-0.28095564,-0.8981487,0.037889164,-0.0090503385,-0.3492965,-0.031544216,0.38282683,-0.008499388,0.028310178,0.75794756,0.26735425,0.11857221,-0.4378388,-0.11871296,-0.207724,-0.114171036,0.26462018,0.14341228,-0.05938183,-0.3479421,0.08580705,-0.625119,-0.21287975,0.24208964,-0.49742365,0.12273559,-0.3284097,0.47890416,-0.07310046,0.16940893,-0.5410495,-0.14317305,0.20085984,0.45363072,0.018405829,0.24505748,-0.35003766,-0.1297031,-0.11941299,0.6011683,0.28034455,0.2506809,-0.43931597,0.03727087,0.6119668,-0.07621927,0.16733713,-0.2682091,-0.42969736,-0.46298468,-0.19842407,-0.07724087,-0.19998683,0.4983377,0.23732227,0.058069874,-0.06225351,0.15501945,0.03830988,-0.27762935,0.7856117,-0.13726687,-0.09673544,0.15016282,0.14723852,0.56310517,0.29574704,-0.5407817,0.05011677,0.29621428,-0.16284344,0.1403995,0.7328341,-0.14809476,0.4184029
stability,0.21555704,-0.26028106,-0.13459188,0.25059253,0.08021651,0.14225428,0.1590956,0.23824468,-0.059998646,-0.1853486,-0.4070982,0.040243823,0.54458356,0.14989927,-0.06721968,0.004172112,-0.021618562,-0.5188373,-0.19264096,-0.1238922,0.15029494,0.02321886,0.06738048,0.2765091,-0.065534174,-0.15384719,-0.049638525,0.12420206,0.3217801,-0.48164263,0.27486864,-0.03841246,0.13877164,0.1353546,0.46577966,-0.03171622,0.59350145,-0.14344694,-0.044019695,-0.1317566,0.20253238,-0.12167598,0.47439888,-0.12993228,-0.33479685,0.03199421,-0.16504277,0.04674927,0.16456863,-0.46705347,-0.06454731,-0.7754925,0.39522064,0.06738293,0.11630275,-0.10187552,0.27556697,0.3073716,0.2172101,0.036280513,0.0056141913,0.12683423,-0.4236717,-0.46116048,0.30781615,0.118539706,0.10362452,-0.20272048,0.23848273,0.053219922,0.3139244,0.53123784,0.13074607,-0.20326138,-0.17831366,0.26816592,-0.19711043,-0.30143553,0.33993512,0.4655415,0.14530662,0.27120054,-0.27629292,0.012354384,-0.362905,0.8083275,0.24907638,-0.3800533,0.051665105,0.1094654,0.017377196,0.2290076,-0.77084297,0.08098463,0.1523884,-0.21680868,0.090067215,0.48265842,0.26932585,-0.14227712
semiconductor_doping,-0.029844418,-0.4523967,-0.069165565,-0.1309476,-0.14392705,-0.11185514,0.11853856,0.3833558,-0.37754008,-0.59719557,-0.6574857,-0.053540874,0.13036981,0.51812106,-0.37286136,-0.32772177,-0.24527587,-0.17681627,0.21316412,-0.05436117,-0.4804095,0.08424098,-0.107246146,0.047453534,-0.33408076,-0.2739971,-0.7682748,0.5000728,0.34390855,0.097850226,-0.18763737,-0.33510256,0.43327394,-0.15008344,-0.34216413,-0.084104314,0.339209,-0.5701961,-0.17597029,0.049496338,-0.48829842,0.631441,0.34846184,-0.23172103,-0.23138194,0.38507766,-0.018994944,-0.38714036,1.0085192,-0.07607106,-0.20351008,-0.6099343,-0.09190396,-0.17473018,0.4030871,-0.09288943,-0.12791337,0.28005794,0.09145788,0.12646894,0.36244196,-0.53112406,-0.023343476,0.10363438,0.7322789,0.05162315,0.5075454,-0.11996181,-0.19674322,0.41152924,-0.32356927,-0.19947083,-0.55182415,-0.08480217,-0.297449,-0.5887427,-0.14496703,0.23670952,0.016421614,-0.43248916,0.069454886,0.23514995,-0.20313118,0.12317663,-0.139135,0.37536457,-0.3479156,-0.24342261,-0.3992655,0.4138262,-0.20534487,0.6191604,-0.6130647,-0.4379126,-0.030952876,-0.15910274,-0.015950253,-0.018239988,-0.546417,0.52011013
nucleotide_sequence,0.39267614,0.67518777,0.25714758,-0.2677493,-0.035757143,0.49978837,0.8981461,0.13019907,0.5145154,-0.27520347,-0.27034828,0.2788314,0.8301169,0.9877035,-0.0970989,-0.6200214,0.68828917,-0.38190275,0.7086147,-0.3611656,0.7680437,0.47470337,-0.40910736,0.3371357,0.3160202,-0.043120593,-0.40316826,0.9318844,0.25476858,-1.582572,-0.34941518,-0.717904,0.19907859,-0.29093596,0.78283185,-0.3596533,0.93845606,-0.44842073,-1.1310533,-0.057719205,0.23987138,0.008549975,0.51822215,-0.39239243,-0.45164996,0.2645245,0.037508674,0.47672254,0.30920875,-0.068863586,-0.34959903,-0.32507017,0.72867453,0.39743832,-0.03671774,-0.5350555,1.0152102,0.5503883,-0.3071618,-0.08032545,-0.29021648,-0.21307336,-0.9229155,0.3685942,0.1297688,0.6495022,0.20095737,-0.13529806,0.716734,0.21102457,-0.41183022,0.1035796,0.70090634,-0.031031478,0.10118553,0.16114952,-0.03971281,0.26157254,0.5115714,0.0136834765,0.36203977,-0.628225,0.33278835,-0.33159813,-0.52899724,0.19580668,0.40065664,-0.46402183,-0.24687344,-0.75195247,-0.3997997,-0.3070887,-0.009793053,-0.8957594,0.046172645,-0.22621445,-0.4914969,-0.28074878,-0.2503636,-0.30929697
ruthenium_compound,-0.6176685,-0.8074194,0.105704606,0.111642964,-0.39981684,-0.235718,-0.18887946,0.24043773,-0.051234744,-0.7570999,-0.027475782,0.23544487,0.24822433,0.06878369,-0.42847693,-0.14817421,0.6936301,-0.5313267,-0.59839976,0.46748295,0.098218404,0.4960052,0.29969084,0.2508001,-1.0440866,0.26965848,-0.13645284,0.30629724,-0.3996342,-0.646506,-0.3645597,-0.21815595,0.13006073,-0.0012947735,0.06531771,0.5867299,0.94716626,-0.18418008,-0.11677788,-0.21552613,0.17464195,0.099209145,0.00029982938,-0.49557924,-0.20155755,-0.024914663,-0.28440356,-0.33552203,1.5723534,-0.26101884,-0.011176442,-0.6775733,0.7146301,0.19010405,0.5447502,-0.2313816,0.17566393,0.10593784,0.14913338,-0.023414455,0.3808594,-0.071880914,-0.33777028,-0.30375603,0.5088455,0.9014196,0.06752354,-0.06487506,0.5974464,0.4506513,0.27466008,-0.0111076115,-1.0147158,-0.043573152,-0.26546988,-0.31168246,-0.24057163,-0.90277076,0.2518041,-0.1995062,0.023169635,-0.46290076,0.3191099,0.059806664,-0.51636046,0.72168577,0.31903073,-0.8064722,-0.8222669,0.10276504,-0.62982583,0.41076273,-0.18112819,-0.54420394,-0.6934637,-0.035804678,0.13505425,0.36598065,-0.2592152,0.14308086
up_flow_anaerobic_sludge_blanket_reactor,0.45851356,-0.69285285,-0.28229672,0.34175006,0.10426653,0.5508606,0.26277924,0.022002682,0.23371053,0.23805681,-0.46337655,-0.1476839,1.0224812,0.1117249,-0.9169161,-0.09834385,0.6144301,-0.8301396,-0.047468737,-0.014086247,0.89413655,0.79323,0.09554399,0.24508592,-0.013064019,0.4347226,-0.81700796,0.7667346,0.4047576,-1.2068205,-0.3560929,-0.35717154,-0.39196756,-0.35481492,0.20264961,0.13789764,0.06042831,-0.21222703,0.11797561,0.1779978,0.78579235,0.33420998,0.30533037,0.13604684,-0.7456263,0.29069632,-0.5458736,0.3927945,1.4033713,-0.7439333,-0.22044994,-1.1884432,1.1229026,0.28188956,0.23324415,-1.2373058,-0.11576808,0.15637624,-0.16399701,-0.23719896,0.7040499,-0.19260517,-0.8249318,1.2154435,-0.023387356,0.38251925,-0.77488834,-0.6527026,1.0403798,0.43958196,-0.7554152,0.5832079,0.30300698,-0.8678411,-0.43756402,-0.4352322,-0.34867024,0.6299129,0.26710916,-0.16033705,-0.063088164,-0.94722146,0.27243245,-0.24918577,-0.6955853,0.29761896,0.5357335,-0.8763207,-1.0104936,-0.16000725,-0.5306469,-0.81991416,0.2650729,-1.4518421,0.38361046,0.1707216,-0.5010655,-0.37876788,-0.4777669,-0.5265804
viscoelastic_property,0.59041405,-0.44780532,0.039228916,0.40731552,-0.555045,0.12764972,0.21554957,0.25082064,-0.58009326,-0.24074547,-1.5607644,0.2807072,0.39936516,0.8986171,-0.3219732,-0.19931374,-0.19998159,-0.7629115,0.22857262,-0.48368332,0.49555084,0.20070145,-0.46678895,0.41763964,-0.21506864,0.23607117,-0.6409022,-0.021620393,0.5886299,-0.77576816,0.4003628,-0.15276396,0.35686287,0.03357513,-0.60612464,-0.25832653,-0.2062994,-0.7419045,0.0902086,0.13694969,0.14790551,-0.19359517,0.44439113,-0.27521136,-0.6914162,0.07397194,-0.41513315,0.06297231,0.19999942,-0.6850124,-0.046653807,-1.0477759,0.06935491,0.13182677,0.366663,-0.043676108,-0.120416686,0.53373545,0.566357,0.023143498,-0.16418372,0.06751858,-0.15475808,-0.31665128,0.18751496,0.39788303,0.061303586,-0.287001,-0.36021036,0.25876006,0.09663071,0.11042549,0.15366156,-0.09210837,0.6104145,-0.74740255,-0.20512189,0.19158454,-0.11835228,-0.56220835,-0.44085118,0.16729087,0.124200895,0.41941237,-0.055608664,0.48757744,0.11073357,-0.20918645,-0.16743359,0.017984068,-0.39249137,0.28516197,-1.1591527,-0.42131987,0.2827029,-0.4902473,0.07198347,0.21117477,-0.50831896,-0.006623361
stratified_medium,-0.08155604,-0.2133473,-0.22894657,0.20576945,-0.15098862,0.121989146,-0.12749982,0.38644314,-0.014243253,-0.41395023,-1.0272874,0.067828394,0.64317936,0.19750033,-0.059948724,-0.24315295,-0.1959265,-0.40521732,-0.29356468,-0.16418989,-0.1646031,0.3608581,0.106886595,-0.23784995,0.081124544,-0.22881612,-0.58435255,-0.25447923,0.119332284,0.005342038,0.13219716,0.14844671,0.12637734,-0.07204591,0.28959295,0.23632003,0.27599064,-0.32952815,-0.21627192,-0.30867234,-0.38463145,-0.08952334,0.2496825,-0.15647918,-0.26783225,0.06548209,0.23673423,-0.16562526,-0.07597061,-0.3136897,-0.1553999,-0.43802324,0.18179402,0.048296355,-0.08039559,-0.094035886,-0.0023123987,-0.017425312,-0.024024123,0.3215243,-0.08286708,0.09721331,-0.4658487,-0.30280373,0.5588253,0.2060641,0.4279187,-0.37852183,-0.31535986,0.12880485,0.098945275,0.011474877,-0.25928557,-0.19481474,-0.444643,-0.11549927,-0.35418174,-0.11855966,0.18026201,0.21448861,0.043473512,0.42411685,-0.19018911,0.35901976,-0.11846824,0.6867951,-0.005858348,0.08072777,-0.041101027,0.2652048,0.15203734,0.833357,-0.74491525,0.24432203,0.18515679,-0.43620026,0.1528907,0.45209667,-0.48033214,0.18915494
exact_analytical_solution,-0.06882648,-0.5117499,-0.59136313,0.126055,0.24095997,0.18311086,-0.13413754,0.3928539,0.06001265,-0.10775755,-0.79811805,-0.117320456,0.445627,0.08810164,-0.22324312,-0.03326321,-0.05368979,-0.46131623,-0.46763983,-0.930664,-0.19520807,0.3591878,0.005510824,-0.072431825,0.11173025,-0.41598487,-0.6607859,-0.502453,0.2578168,0.23827668,0.4510132,-0.023434885,0.32485282,-0.059693843,0.54675335,0.27163792,0.64507,-0.7476983,0.080971316,-0.3880785,-0.40331256,-0.060211238,0.27903637,-0.3389836,-0.0152457645,0.23561303,0.380638,-0.40032777,0.3192681,-0.43788806,-0.35522234,-0.8559591,0.033735454,0.14161135,-0.2551784,-0.25940245,0.024201917,0.03249279,-0.33084875,0.5670059,0.17764345,-0.022748657,-0.20987391,-0.15258606,0.4165745,0.11795909,0.19419114,-0.45974445,-0.053397972,0.30571276,-0.04718608,0.36850896,-0.0981162,0.12701036,-0.3690674,-0.003192872,-0.50884646,-0.36382112,0.37500176,0.14357372,0.17577288,0.28167278,-0.4632797,0.36597866,-0.3408159,0.7538453,0.354076,-0.08999635,-0.087169,0.28963727,0.25696355,1.0823262,-0.93566555,0.16300079,-0.035270177,-0.3926754,0.28135628,0.41808012,-0.40426528,0.5144798
emission_spectroscopy,-0.63499093,-0.9868751,0.43851596,-0.50180024,-0.34779185,0.11962025,-0.13570376,0.71397793,0.2786933,-0.2935408,-0.67444956,-0.074577376,1.0083699,0.17791592,-0.82131076,0.010069221,-0.36865696,-0.36661765,-0.3907752,-0.08090511,0.39257878,0.2505324,-0.095363095,-0.019487683,-0.22331108,0.34940603,-0.16770276,-0.17334025,0.3582476,0.05148444,-0.049441095,-0.43282324,-0.17460771,0.28370094,-0.44866762,0.14907417,0.8689845,-1.0258222,0.06805228,-0.39625704,-0.6959359,0.88018405,-0.16342686,-0.8299599,0.16627887,-0.23117286,0.4652466,-0.25729927,0.74432033,-0.061107587,-0.328548,-0.92094165,0.025173001,0.52675277,0.40235427,0.033956178,-0.5942676,0.408836,-0.15673168,0.26784354,0.5239551,0.39043143,-0.70244414,-0.28923443,0.53345245,-0.27339962,0.41873348,-0.5534406,-0.7149732,0.430676,-0.035198793,-0.25512135,-0.9503123,-0.07653935,0.21192826,-0.33362535,-0.11041659,0.4354716,0.2399394,0.24174458,0.35884097,0.46021768,0.20049624,0.74977076,0.09241772,-0.09479421,-0.3373472,-0.01922712,-0.3968364,0.123986244,-0.56838936,0.3819015,-0.4809136,-0.547373,-0.31698313,-0.29430088,0.6385672,0.25168777,-1.0093987,1.1371063
structural_characteristic,0.24140233,0.3040581,0.095795415,0.16751304,-0.38351825,-0.3546857,0.023033025,0.089576796,-0.42510492,-0.13757661,-0.82061577,0.26195884,0.28344792,0.6822594,-0.1298138,-0.15727651,-0.08270985,-1.0324432,-0.2276167,0.06370367,-0.22857891,0.28741005,-0.29342502,0.5760577,0.27118444,-0.09450493,-0.14569508,-0.43748492,0.09203483,-0.7880926,0.53733695,-0.21225077,0.30629745,0.16669896,0.10436622,-0.12528685,0.2548893,-0.8187587,0.10887919,0.4432841,0.17901509,-0.5531849,0.48507255,-0.325958,0.0515389,-0.13528845,0.3692617,0.5905092,0.04090658,-0.5463972,0.07590523,-1.1222748,0.3202052,-0.07048418,0.38137165,0.24106042,-0.05949243,0.40924168,-0.43581015,0.6076135,0.046922747,0.3710995,-0.85317135,-0.21026039,0.2802712,-0.29505384,0.7719296,-0.24001768,-0.44509026,-0.14152865,0.1727376,0.20471518,0.1222547,-0.70513946,0.46273118,-0.6631344,0.28374746,-0.25009334,-0.42329544,0.24278137,-0.4666435,0.36124134,-0.13081527,-0.3227099,-0.09384115,0.6857628,0.4308712,-0.1621929,-0.5586642,-0.16457321,-0.2066551,0.49897084,-1.0261126,-0.15215065,0.41168323,-0.20534925,-0.1235425,-0.084631234,-0.23092556,-0.25889564
fiber,-0.15657635,-0.102780774,-0.25287297,0.3545822,-0.42045185,-0.023438003,0.0939926,0.020364737,-0.013870793,0.163301,-0.66228807,-0.026954325,0.1319379,0.031550445,-0.7477523,-0.8032081,-0.3887714,-1.1201653,-0.29252082,0.68245053,-0.22688891,0.2969599,-0.4712517,0.5836952,-0.6087126,-0.220368,-0.2118004,-0.18841629,-0.1487291,-0.5454106,0.3500726,-0.4324263,-0.16059451,0.33750352,0.1312604,0.12401456,0.23994601,-0.721358,0.49990985,0.6729069,0.05971158,0.38822407,0.25484133,0.05458681,0.30539116,0.13504514,-0.06719611,0.2445397,-0.007258998,-0.45338517,0.21120916,-0.9378424,0.25766447,0.10350241,0.547576,0.23060665,-0.59671444,-0.31247076,-0.7048902,0.5912075,0.37402913,0.31232035,-0.38937485,0.047002614,0.19695802,-0.5937953,1.0516049,-0.54777825,-0.17942011,-0.38303906,0.17642185,-0.12013649,-0.11371148,-0.53369224,0.16206852,-0.68242276,-0.10440267,0.2727303,-0.37464613,0.5709244,-0.053156994,0.04969479,-0.18884297,-0.54701,-0.2624098,-0.3064223,0.5634662,-0.022076728,-0.36360744,-0.28508,-0.18274684,0.33512697,-0.5017503,-0.39742902,0.39529714,-0.2709574,-0.008842681,-0.20664987,0.4981146,0.25247324
serum_albumin,-0.14445297,0.123935685,-0.8536523,0.700585,-0.06894811,0.7698691,0.6041402,0.74179137,-0.33244306,0.4898872,-1.1655223,-0.5794578,-0.26369908,0.36064693,0.15509869,-0.040673904,-0.37564477,-0.5143095,-0.72424996,-0.0694427,0.069330834,-0.041115154,0.293066,0.36783117,-0.23202728,-0.032905154,-0.4370664,-0.14824511,0.18047135,-0.06385198,-0.4601373,-0.06770141,-0.06539782,-0.3172972,-0.38148928,0.7173272,0.86296004,-0.87771493,0.53080726,0.13537094,0.21395013,0.7292283,0.070678815,-0.43988466,0.2158551,0.43638808,0.3054349,0.1891438,0.31865656,-0.23205021,0.37520045,-0.6111978,0.8801182,-0.03031321,0.08609587,0.38071308,0.018594911,0.26648828,0.01158893,0.16445118,0.6913866,0.32414466,0.25335717,0.3030884,0.0057812515,0.5547131,-0.21052748,-0.7408909,-0.07618769,0.98631805,-0.06781095,-0.30403534,0.31195727,-0.30530682,-0.047103725,-0.037097394,-0.32664108,0.40767875,0.31096724,-0.09800299,0.21920958,0.66293156,-0.029126305,-0.19619091,-0.04577815,0.111340776,-0.3606391,0.29980558,0.46628207,-0.14672609,-0.08811841,-0.17230783,-0.19568434,0.04880326,0.044353485,-0.038692333,0.13566984,0.30463666,-0.5330142,-0.0022123554
binary_mixture,0.20094225,0.18584213,-0.18746904,-0.1261062,-0.15480599,-0.098912664,0.2235738,0.5210543,-0.49241227,-0.17468043,-0.42680457,0.38805994,0.42301518,0.1948998,-0.46154693,-0.716729,-0.01955983,-0.7405723,-0.38769478,0.11527812,-0.43331316,0.5297906,0.1842606,-0.04393919,-0.1213463,-0.49668255,-0.7536859,0.3628718,-0.1267682,-0.40545544,-0.19673106,0.20496185,0.16105086,0.0025883685,0.69043064,-0.35038528,0.5476596,-0.4766236,0.37828746,-0.43647975,-0.15736035,-0.9112446,0.5252547,-0.5851091,-0.39444324,0.39743558,-0.26706943,0.32773122,0.221974,-0.3685433,-0.04452382,-0.7438304,0.40336463,-0.051714174,0.08773601,-0.47464007,-0.033045385,0.2839585,0.25768536,0.33706844,-0.06302261,-0.22905202,-0.77871174,-0.19164714,0.34333745,-0.13442735,0.2662897,-0.16874804,0.15335125,0.14048359,0.32401448,0.83596474,0.14330146,-0.12970136,-0.5984823,-0.23924051,-0.4397034,-0.4693608,-0.055249184,0.18736282,-0.097742856,0.2521792,0.127037,0.22252153,-0.8768426,0.9198111,0.31899217,-0.5190202,-0.59760416,0.72392666,-0.28902397,-0.10369091,-0.5614491,-0.25938863,-0.33505067,-0.24772134,-0.11506178,0.2867636,-0.08316344,-0.028134437
animal_food,0.35157514,0.3317187,-0.1699223,-0.32305732,-0.163355,0.61872536,0.28347597,0.51523536,0.24769558,-0.044478714,-0.99309087,1.143137,0.19280362,0.17037575,-0.1467385,-0.3696232,-0.26495537,-0.73031795,-0.2377708,-0.035054967,1.2176381,-0.072829396,-0.16741273,0.9331512,-0.13279332,0.06669453,-0.5477994,0.060460333,0.43774936,-0.27920336,-0.316373,-0.75073063,0.07910841,0.21502888,0.043495607,0.30560505,-0.11147574,-0.24815285,0.2817803,0.46832234,0.41048124,-0.25604922,0.28012067,-0.2850838,-0.005408091,1.1903754,-0.34750447,0.42926857,-0.07353472,-0.699687,0.13589938,-0.50274,0.23125915,0.18589105,0.068702325,-0.12177953,-0.27634215,0.21343888,-0.031691164,0.18651783,0.41887006,0.56015426,-0.80699146,0.33102456,0.24642421,0.19500121,0.532588,0.2905986,-0.15910815,1.1129891,-0.19353542,-0.1967887,0.09970354,-0.19469716,-0.18479154,-0.24569719,-0.32455167,0.34602088,0.6906204,-0.41961685,-0.43830574,0.09289859,-0.15776837,0.06109233,-0.586664,0.053596754,-0.3015113,-0.38462132,-0.06671366,-0.4333236,-0.25257862,-0.43096718,-0.6717333,-0.30193716,-0.075070366,0.062391914,-0.31547874,0.48245803,-0.34172556,0.48957866
waste_water_management,0.40066522,-0.3748687,-0.6837803,0.81008357,-0.95669264,0.4516891,-0.34658816,-0.16930118,0.13518657,-0.13404758,-0.67970765,-0.19891542,-0.6747107,0.34689516,-0.37290496,0.19849513,0.8841126,-1.0035362,-0.73475057,-0.45458373,-0.0058815703,1.2811413,-0.3818517,0.3187946,0.38785324,0.77773297,-1.8276538,0.36607733,-0.37398288,-0.2724663,-0.091285676,-0.8705648,-0.29325885,-0.2634389,0.222885,0.5238526,-0.28412008,-0.8312701,0.5311233,0.22148009,-0.150741,-0.11928696,0.7089942,0.40470666,0.17319192,0.1355237,0.6348617,0.5462916,0.7936016,-0.19340545,-0.1961573,-1.0110512,0.28391755,0.61078095,0.85737413,-0.10934913,-0.22563049,0.13152076,0.3416737,0.5363015,0.03028164,-1.0782094,-0.5112395,1.3551087,0.9147083,-0.024164384,-0.3345387,-0.5804275,0.18278408,0.59093446,-0.47123912,0.27771822,0.039712083,-0.48644704,-0.07461488,-0.37751096,-0.5998424,-0.43626624,-0.024497611,0.8461035,-0.021250501,-0.5563397,0.8752492,-0.89603275,-0.49692953,-0.032593884,0.009700948,-0.31885844,-0.37518382,-0.039663244,-1.2820113,-0.11861129,-0.19751461,-0.79080683,-0.7762604,-0.0426399,-0.06905896,0.40837348,0.122239076,-0.8862727
calcium,0.03645222,-0.009221723,-1.0530584,0.20756894,-0.17512047,0.6355721,0.17557001,-0.12005283,0.6788346,0.5214183,-0.71673083,0.34147045,-0.22895898,-0.05741309,-0.1047126,0.19076255,-0.09649071,-0.5931572,-1.0201012,-0.79567814,-0.24195395,0.3769203,0.015275867,0.010606882,0.32703286,0.4520175,-0.9705749,0.25984836,0.14013867,-0.09698704,-0.2889719,0.058371894,-0.5534784,-0.44218504,0.3466377,1.0984591,0.31463093,-0.16037722,0.34893218,0.77469575,0.34983224,0.4166043,0.63904405,0.52052575,0.31058338,0.7097819,0.33448243,0.149438,0.7796376,-0.7851993,-0.3594697,0.15244435,0.45982018,0.45976737,0.04915611,-0.37324104,0.52331156,-0.075521514,-0.49692896,0.01687454,0.19647594,0.09224862,-0.119781435,0.9895768,0.97652066,-0.08338257,-0.3439797,-0.11825195,0.19633728,0.49712878,-0.37191713,0.2471954,0.55030495,-1.1137009,-1.0148638,0.2550556,-0.34744725,0.011226911,0.3417034,0.62081516,0.4131658,-0.42309582,-0.15372165,-0.7710267,-0.4085213,0.028203571,-0.24207903,-0.16762343,-0.256144,-0.13728847,0.23042057,0.13947465,0.025518807,-0.699418,0.59582597,-0.08133359,0.080377825,0.58785635,-0.1126089,-0.65390784
porous_medium,-0.4730458,0.025437014,-0.51365477,-0.013985317,0.1217831,-0.29109752,-0.5395364,0.57055837,0.12790671,-0.16959348,0.028623572,-0.10663247,0.31713217,0.044831667,-0.73578,-0.3676919,-0.3791669,-0.7041604,-1.1997076,-0.34033108,0.4902625,0.7175108,0.0362352,0.3496295,-0.090348326,-0.19097374,-0.76847464,0.23532507,-0.21873815,-0.32589474,-0.027291495,-0.18758032,0.51219517,-0.15208812,-0.43732592,0.7220755,0.2588544,-0.06727931,0.012388329,-0.25999293,0.51101106,0.14943236,0.5283281,-0.19492373,-0.018278632,0.1992844,-0.31998572,-0.30314136,0.33597222,-1.1136953,-0.25482288,-0.8993214,0.41851613,0.07142694,0.03383727,-0.3846182,-0.76515156,0.14226608,-0.75231445,0.08956636,0.4732051,0.0036154184,-0.43694207,0.4630884,0.6973725,-0.1575163,0.11722583,-0.6640207,-0.2574435,0.20682885,-0.23222275,0.5864516,0.2041339,0.016840892,-0.29360592,-1.1363258,-0.30836976,-0.68108886,0.27251524,0.5795177,-0.47917905,0.51209843,-0.101560526,0.27858534,-0.6771317,0.08979351,0.04409743,0.33022338,-0.5843776,0.10319353,-0.45343292,0.066552445,-0.2725548,-0.32306483,0.12598377,0.32671028,0.37469962,0.5946609,-0.17588307,-0.1586389
zeolite,-0.13303864,-0.48116547,0.15412267,0.3060942,0.038464338,-0.024276817,-0.1793305,0.024944765,0.3691484,-0.46739468,-0.7221344,0.24415116,1.1562308,0.11003811,-0.45818353,0.19132964,-0.3578455,-0.2556561,-0.2591757,0.4571791,-0.14926709,0.53260267,-0.480272,0.20183037,-0.37640935,0.6629076,-0.5064704,-0.053511146,0.5656239,-1.234131,0.4233746,0.055155165,-0.49623305,0.10502618,-0.24060538,0.28755072,0.41386324,-0.2143358,-0.10838841,0.50589544,0.25554448,0.73889375,-0.19805177,0.29155907,-0.63881445,-0.06892666,-0.045075085,0.11025223,0.56328624,-0.536515,-0.24676314,-0.65647894,0.10606147,-0.096381955,0.43959224,-0.78157735,-0.3018066,0.5683493,0.07964117,0.18376438,0.6102464,-0.6129917,-0.055695646,0.2803661,0.9878323,0.30805686,-0.045008164,-0.09776441,0.122287385,-0.06439475,0.3023705,-0.09914433,-0.090917535,-0.523238,0.40294725,-0.7232512,-0.3388481,0.12594712,0.20682682,-0.25509137,-0.7156486,-0.23111078,0.38436538,0.04733672,0.16770455,0.22256683,0.03095238,0.008049396,-1.138491,0.15201883,-0.6926831,0.5689305,-0.10985405,-0.14225736,0.6273043,-0.108696654,0.22764665,0.46874985,-1.1869062,0.5056256
n_methyl_dextro_aspartic_acid_receptor,-0.5248761,-0.22503878,-0.1900953,0.20705256,0.29135144,0.01872995,0.68221337,1.3146874,0.19819982,0.11502935,-0.5680843,-0.15413283,1.1130115,0.341628,-1.0761544,-0.08549335,-0.24842598,-0.48843458,0.25900617,0.81743354,0.78332096,0.22940019,0.13389893,0.39514986,-0.2801607,-0.019243833,-0.2530972,-0.3318735,0.21175922,-0.9753587,0.30242056,-0.58366865,0.2892553,0.19729649,0.39207953,0.3447224,-0.2936566,-0.67899203,1.3063418,0.3013907,-0.34418285,-0.022579998,0.035325486,0.49412924,-0.11838161,-0.43604493,0.58130187,0.8732628,0.41117847,0.8397831,-0.5763755,-0.7149302,-0.12624732,1.2572992,0.7874306,0.31244722,0.5862286,-0.10623664,-0.67309564,0.34941277,-0.7864039,0.5479493,-0.44608718,0.48296866,0.17628554,0.032782175,-0.35240927,-0.35725617,-0.42733708,0.7695364,0.040269747,0.48329392,-0.6087664,0.4236991,-0.5221641,0.10279608,0.1555161,0.13386558,0.485625,0.056668658,0.4506177,0.30945006,-0.66259885,0.10343988,-0.7106517,-0.106600516,0.13045016,-0.42561838,-0.50716984,0.1261794,-0.4340789,0.049807098,-0.120767154,-1.0211488,-0.86357063,-0.1970095,0.31784418,0.47605383,-0.27813584,0.13091302
rheumatoid_arthritis,0.019864207,0.8053833,-1.0726109,0.6382188,-0.13313915,0.15212367,0.2717533,1.0118792,0.08247636,-0.11082998,-1.1257026,-0.28753078,0.50428987,0.46160018,-0.48335332,-0.7156361,-0.09567808,-0.060317554,-0.48573828,0.6538811,0.13151005,0.51748526,0.3494434,-0.3062208,-1.3346531,0.084520675,-0.681274,-0.1455609,-0.47537097,-0.2681877,-0.82384014,-0.8810041,0.61461717,0.10548921,-0.28792438,0.47029343,0.8379562,-0.12578629,0.38209417,0.33743855,0.3020833,0.3294344,0.04727273,0.2615858,0.01704451,0.5675101,-0.0622739,-0.18971969,0.3618913,-0.5406729,0.16783148,0.13555689,1.0701084,-0.12157806,0.37130758,0.018913634,0.4936725,-0.13854945,-0.49330103,0.41587332,0.43954083,-0.04410603,0.23483334,0.67259145,0.40195462,0.6809052,-0.13697962,-0.5222265,0.35296518,1.4110141,-0.1525123,-0.15350509,0.18193835,-0.19098665,-0.5693921,-0.7814707,-0.6944743,0.29925478,0.112335525,-0.3690469,0.042848006,0.8529594,0.283921,-0.20576347,-0.5402808,0.46035385,-0.16308144,1.4411199,-0.6061722,0.2587362,0.36193207,0.040124282,-0.02404243,-0.23748624,0.18907529,-0.016597591,0.13773654,0.32158357,0.012442248,-0.24951029
hepatitis_c,0.035396967,0.24018101,-0.6787891,0.20940948,0.08701802,0.34749883,0.29198536,0.7987924,0.13669385,-0.1932851,-0.801891,-0.20339748,0.60382813,0.23685095,-0.18154348,-0.3136276,-0.5770975,0.2537117,-0.1670791,0.37070483,0.3014612,0.5776688,-0.17679374,-0.007683978,-0.42028716,-0.46868232,-0.4274253,-0.1336586,-0.103375964,-0.64338326,-0.22666049,-0.3594331,-0.039208464,0.2379443,-0.16968195,0.44050708,1.2783405,-0.23800257,-0.16916189,0.123775825,0.1371367,-0.2338483,-0.10246205,0.3661203,-0.19489737,0.15522407,-0.20478697,-0.2069408,0.24116431,-0.10905748,-0.26291284,0.07944839,0.4666405,-0.2882251,0.26270664,-0.16964743,0.71849203,0.36880973,-0.61621,0.29745504,0.17930868,0.045149844,0.34503847,0.66435313,1.1279578,0.4012399,0.21465005,-0.057494354,0.2990375,0.35283563,-0.10655072,0.22584346,0.21528608,-0.271191,-0.073231444,-0.16047722,-0.5442994,-0.21471943,0.92917067,-0.3750192,0.059010565,0.109917305,0.0059689186,0.3108749,-0.6491068,0.25038835,0.08410735,1.2099124,-0.10332123,0.63866085,0.26176578,0.35898882,-0.14908542,-0.07889058,0.4700537,-0.24476299,0.23352395,0.43414795,-0.5733798,0.5937574
africa_south_of_the_sahara,0.19315541,0.147128,-0.6101048,0.13267739,0.21901394,-0.004436913,0.0493356,0.70074046,-0.06366084,-0.25465637,-0.8599269,-0.4618271,0.40546194,0.33563024,-0.067973234,-0.344702,-0.32715106,0.055386033,-0.31000444,0.11578933,0.33436322,0.41447273,-0.229759,0.0068015126,-0.66181785,-0.41404462,-0.47291198,-0.14198266,0.14066663,-0.5803026,0.012573164,-0.3487065,0.25990126,0.14335021,-0.23427664,-0.0068106987,0.8657043,0.040171225,0.33549005,-0.1368408,0.5832889,-0.08214785,0.10127696,0.05700703,-0.10612407,0.4587012,-0.26987922,-0.10213359,0.0023662844,0.059153706,0.036382385,0.02291505,0.71335053,-0.11676647,0.68594956,0.106194146,0.38941693,0.27880472,-0.7477227,0.34735456,0.22134833,0.12329066,0.24504867,0.7610323,0.5966313,0.78509444,-0.2829492,-0.30997145,0.34486815,0.19490482,0.1594345,0.3785421,-0.26350734,-0.16148128,-0.096120104,-0.23640801,-0.41979408,-0.37569502,0.44930336,-0.34741694,-0.1345251,0.5109773,0.2503147,0.41784823,-0.6328713,0.03522008,0.19443443,0.7021586,-0.17932115,0.4241585,0.4413727,0.44711238,-0.55860627,0.1813131,0.20869698,0.12922831,0.18073471,0.348691,-0.34768972,0.23688479
crystalline_structure,0.11968547,-0.26110625,0.24355532,-0.3293016,-0.30371392,0.36855432,-0.052963432,-0.13892363,-0.15649799,-0.29087144,-0.7633891,0.39933392,0.23985119,0.22041865,-0.41607958,0.39755848,0.22632419,-0.03193975,0.36238673,-0.6315623,-0.21793039,0.41101238,-0.38035107,0.30205992,0.0042524445,0.107741274,-0.4611699,0.3059247,0.45054385,-0.23328389,0.25318053,-0.27885234,-0.5358365,0.40929827,0.764657,0.31047904,0.676847,-0.6749002,-0.40076274,-0.42050502,0.11339291,0.29197958,0.5539872,-0.11388863,-0.0013164236,0.8008451,0.32341754,0.06651001,0.66117764,0.11447733,-0.390486,-1.1698332,-0.15852682,0.06056354,-0.36923128,-0.85133004,0.56390053,0.63014257,-0.26020193,0.5497833,0.28369808,-0.39682814,-0.70995843,0.3966168,0.75938106,0.113468245,0.32017422,-0.009687804,0.26493204,-0.3347756,-0.2723439,-0.4293743,-0.5572522,-0.55809927,-0.031423945,-0.15775086,-0.068020165,-0.17220774,0.20557755,0.052856103,-0.07250611,-0.07363045,-0.30910164,-0.15422457,-0.0848798,0.84629333,-0.09068989,-0.59393954,-0.08956735,0.28477174,-0.2775936,-0.12211583,-0.719772,-0.16536495,-0.21047363,-0.5818985,0.026688896,0.5959326,-0.68805254,0.70709497
laplace_transforms,-0.19172902,-0.25481272,-0.7763076,0.22938275,0.2636122,0.28283334,-0.3050078,0.5792437,0.3408525,0.19622087,-0.4628872,0.019946065,0.29402778,0.18200469,-0.46807706,-0.34216183,-0.2133582,-0.37250733,-0.7441619,-0.9974013,0.19644833,0.77522844,0.03219982,0.09046967,-0.047705427,-0.37605724,-0.5011682,-0.32636267,0.021853326,0.00942198,0.08084746,-0.33197743,0.73684424,-0.35154477,0.23570366,0.45430538,0.6084649,-0.85562825,0.32638425,-0.20899294,-0.30398047,0.07349829,0.33456665,-0.38438985,0.37682804,0.15878603,0.29199025,-0.7370674,0.26965633,-0.7943568,-0.1616234,-0.91198885,0.103979975,-0.14547,-0.15362372,-0.12700048,0.22958823,0.16453983,-0.6288133,0.4811531,-0.18330711,0.024490906,-0.27882484,-0.20633714,0.35374027,0.05378503,0.13924405,-0.40910828,-0.00025654514,0.58893406,0.1848239,0.672318,0.24067587,0.33417606,-0.32573026,0.03117097,-0.24197756,-0.70282036,0.73782396,0.5758141,-0.0142833805,0.38509977,0.120273694,0.31586045,-0.32373068,0.48332164,0.43104967,0.055368062,-0.2561672,0.14357513,-0.16938947,0.833642,-0.39015847,0.015662817,-0.24701254,0.24736522,0.29632303,0.6405245,-0.59430933,0.5536948
crystallization,0.17595547,0.00028852542,0.0019063257,-0.82756376,0.65712196,-0.04473941,1.0016111,0.10225902,0.76850826,-0.78035265,-0.63108474,-0.48786846,0.4760387,0.84185916,-0.5108158,0.10061708,0.017329566,-0.22871709,-0.2622443,-0.47809973,-0.047968183,0.50180197,-0.2611114,0.87694573,0.28952938,-0.5312617,-0.59354824,0.15393288,0.27818263,-0.23493145,0.42925698,0.2414751,0.058985054,0.021556389,-0.08178738,0.23009199,-0.32882074,-0.8880259,-0.58877784,-0.26461273,0.32198587,0.4372986,0.4536455,0.37332284,0.3847873,0.3420255,0.6733535,0.09698416,0.7290534,-0.26408857,-0.7533942,-1.0122211,-0.07862616,-0.18044119,-0.5182282,-0.5418939,0.0719279,0.28896126,0.044178247,-0.19705616,0.13332416,-0.5621324,0.20398116,0.803387,0.3093743,0.26172546,0.29927883,-0.9402029,-0.55469304,0.1820414,-0.24758773,0.23516811,-0.4697812,-0.049533643,0.23733832,-0.45379454,0.2773646,0.08777172,-0.20527455,-0.46985036,0.0632058,-0.8812026,-0.24355255,0.94906455,-0.2213658,-0.5346105,-0.14043698,0.1030455,0.025852187,0.46838892,0.089548446,0.96863973,0.1327322,0.060808077,0.051329385,-0.41389447,-0.15166023,0.9241769,-0.6838858,-0.22194055
acetone,-0.19278745,-0.8150705,-0.087864056,-0.24477325,0.84007496,0.13341834,0.06050259,0.7369969,0.17724133,-0.22700074,-0.6956757,-0.46250466,0.5703901,0.62245226,-0.83920616,0.53382367,0.06935095,-0.1329754,-0.44213012,-0.60824764,-0.23113917,1.0664362,0.023705762,0.2769477,-0.07931875,-0.258485,-0.13667472,0.008927761,0.52127606,-0.5694799,-0.087870374,0.60561895,-0.5229552,-0.21443021,-0.3803716,0.48470962,0.2569184,-0.2530264,-0.37263206,-0.09798262,0.14285727,0.3175019,0.017729156,0.24403207,0.063115954,-0.25488,0.7529515,0.096982405,1.3571582,-0.2751325,-0.20785727,-0.7822117,0.14719775,-0.062719256,0.25074217,-0.65586746,0.3520713,0.70431155,0.20256522,-0.31754273,0.30051863,-0.17747934,0.19569954,0.40839309,0.50819474,0.14973356,0.016091708,-0.7236841,-0.20720391,-0.19843072,0.19669238,0.10664744,-0.053113334,-0.19337611,-0.084383965,-0.11306608,-0.031177506,-0.07606344,0.18633197,0.050182864,0.31630647,-1.1130319,0.13621926,0.46944383,-0.12709394,0.13150369,-0.15336856,-0.089869484,-0.016485294,0.30384025,-0.00025690178,0.38312253,0.526249,-0.103910655,0.35021663,-0.32327265,0.105480105,0.80476266,-0.8099543,-0.41204923
biogas,0.14255978,-0.09380417,-0.3951348,-0.27595714,-0.2816655,0.12512986,-0.1247227,0.013066096,0.24891627,0.115064524,-0.30129638,0.09436659,0.31367418,0.043036014,-0.44592184,-0.28451008,0.23504587,-0.6665515,-0.33344558,-0.027778652,0.6058743,0.6386335,-0.30256352,0.3710239,-0.14243998,0.22565643,-0.39854297,0.71888256,0.07984864,-0.0755233,-0.50980574,-0.92048424,0.0063235885,-0.036232788,-0.016780982,-0.07936557,0.28321403,-0.51835376,-0.045499444,0.2639986,-0.1635457,0.52672094,0.25476962,-0.2804741,-0.019876907,0.24250439,0.028932987,0.223123,1.004471,-0.4442417,-0.031944953,-0.9268902,0.80578566,-0.13092542,0.4623654,-0.51005864,0.15789562,-0.03538404,0.15934302,0.48679006,0.46508652,0.03004982,-0.6835879,-0.0006857146,0.2172662,0.027550241,0.004358909,-0.037466306,0.1356147,0.22276498,-0.4995387,0.69265723,0.13447747,-0.41256258,-0.37859195,-0.4133949,-0.06594387,0.16134976,-0.0022533156,-0.3349669,-0.08490298,-0.12053012,0.11398207,-0.25233886,-0.5046202,0.16003704,0.46029586,-0.2024744,-1.1636178,-0.15712865,-0.47976413,-0.60533947,-0.121270984,-1.0736364,-0.20197955,0.2157496,-0.3712933,-0.55260617,-0.61197335,-0.38842863
prognosis,0.23312512,0.8564339,-0.7595374,0.15619443,-0.931586,-0.33566457,0.7275912,0.74274606,0.5488641,-0.5210324,-1.6649773,-0.6470842,0.7351447,0.21269579,-0.63339275,-0.48117545,-0.80579644,-0.6549819,-1.1251657,0.46327317,0.013929281,0.06318703,-0.08064774,-0.13562113,-0.93309236,-0.056576233,-0.3430909,0.1783058,0.0461098,-0.59432256,-0.2885646,-0.55296266,0.1138482,-0.03186162,0.14880866,0.59214556,-0.056461107,-0.3833182,0.5270461,1.0218601,-0.23809128,0.043779574,0.5857176,0.37651733,-0.01102535,0.7437268,-0.118246436,0.35374868,0.18351068,-0.4850877,-0.30063006,0.43972188,0.19019724,0.17268603,0.08506286,-0.068566985,0.4179862,0.18556777,-0.57168823,0.13469608,0.51644236,-0.34433958,0.8248572,0.41791344,0.43786398,0.64879525,-0.3695495,0.20168655,-0.7935375,1.3819779,0.13426071,-0.26655582,0.29622686,0.27503258,0.20454502,-0.3068871,-0.31674412,0.13765731,0.15297738,-0.93347335,0.28255332,0.80566627,-0.24672757,-0.18143545,-0.7392381,0.216471,-0.7833103,0.6343191,0.15724327,0.02842129,1.1593342,0.011114504,0.12616985,-0.5441978,-0.18498923,-0.20501712,0.50287503,-0.36301804,0.5042031,-0.91718674
incidence,0.2767531,0.27084786,-0.76093924,-0.19377416,0.5113824,-0.38539532,0.2990771,1.2301953,0.1122826,0.006911548,-0.8492947,-0.030663015,0.65983355,0.21705891,-0.49283332,-0.7427436,-0.7311503,-0.23088533,-0.9140064,0.25886837,0.023543537,0.44368252,-0.07958779,-0.029693179,-0.37711802,-0.41476,-0.7673562,-0.21546823,-0.33890763,-0.65560865,-0.48985583,-0.05050772,0.38660604,0.0827118,-0.30778918,0.87682426,0.78775656,-0.14301421,0.09146941,0.36679944,0.4148402,-0.16103415,0.080457374,0.030160427,-0.2674647,0.3062963,-0.30489376,0.11968731,0.17940326,-0.6317023,-0.22847101,0.09851598,0.87693703,-0.030040331,0.20732923,-0.13747889,0.37730294,0.3000904,-0.59237236,0.3033294,0.6364127,-0.3206568,0.17605406,0.35450327,0.9282923,0.48079887,-0.15381499,-0.262209,-0.08016746,0.9272552,-0.19107182,0.53075963,0.43186328,0.31279284,-0.6053996,-0.2731665,-0.64720935,-0.109649174,0.45618257,-0.23912618,-0.023740122,0.33553433,-0.019966485,-0.032968827,-1.1198876,0.67211276,0.16718408,0.74857527,-0.40434802,0.20056061,0.37829947,0.02635781,-0.20294148,-0.34006292,0.67313176,0.06876275,0.43388748,0.25436628,0.07105856,-0.37763068
age_distribution,0.30211338,0.13962112,-0.4815877,-0.24140927,0.14986622,-0.2436438,0.4539601,1.032475,0.18468815,-0.04279759,-1.0165094,-0.21758638,0.30535528,0.40200472,-0.23723951,-0.8013331,-0.84279025,0.1096374,-0.5319403,0.34848127,-0.31359535,0.30426013,-0.25662476,0.37242812,-0.35839826,-0.28342038,-0.62668496,0.010619741,-0.17649512,-0.29828477,-0.3493297,-0.40496233,0.21983337,0.19961408,-0.34830996,0.46347305,1.0649782,-0.26779336,0.23412791,-0.28121752,0.09256515,-0.007513483,-0.039979566,0.28157508,0.063398,0.6787327,-0.25556377,0.21076095,0.093274884,-0.19687144,-0.45764208,0.10832139,0.63995236,0.038110707,0.30893335,-0.09365586,0.41610572,0.31946853,-0.5005968,0.43524593,0.66142017,-0.684739,0.27408826,0.27289057,0.8467981,0.49183843,-0.41238222,-0.28893533,-0.059073567,0.7041936,-0.25114155,0.24926762,0.29585958,0.51610327,-0.14032525,0.24784707,-0.32173365,0.036479294,0.1491092,-0.29605538,0.09502848,0.065336116,-0.007596976,-0.01865862,-0.36687982,0.48582476,-0.26785493,0.6278307,-0.24058966,0.453989,0.49752995,0.17225128,-0.38770634,-0.2343567,0.45629942,0.005035227,0.34311944,0.34098676,-0.21248889,0.08852894
chiroptera,0.024886085,0.37084216,-0.5032657,0.13344839,0.21103989,0.17256178,0.09262633,0.14226261,1.0352038,-0.18987894,-0.53629833,0.23469137,0.12410304,0.116263404,-0.29617438,-0.64291376,0.2143859,-0.5932706,-0.3754068,0.35125923,0.7255382,0.4776406,-0.18687955,0.8174708,-0.31631294,-0.37066853,-0.464228,0.17775998,-0.0043487963,-0.2699525,-0.431806,-0.3871953,0.16515857,-0.19687745,0.005288661,0.32169303,0.3041807,-0.5517151,-0.3856925,0.5442955,0.54058355,0.6569435,0.1537744,-0.017079389,-0.41610798,0.56647676,-0.09660987,0.3142444,-0.1395613,-0.70665175,0.32464957,-0.14150594,0.47798795,-0.47832516,0.31315744,-0.3290147,-0.2892188,0.13740376,-0.041678973,-0.10632115,0.35081553,0.10761678,0.112011604,0.2968675,0.26981342,0.50066566,0.50235057,0.050738163,0.14497088,0.92672366,0.10008021,-0.0773708,0.32160652,-0.73760104,-0.11190241,-0.79978096,0.14701381,0.49410236,0.35761064,-0.3453863,-0.28862655,-0.19905482,-0.42036778,0.09415299,-0.50739014,-0.3135386,-0.23928899,0.36814263,-0.32833362,-0.48568147,-0.41094223,0.18647762,-0.04492157,-0.26075283,0.13822544,-0.1266093,-0.13331807,0.03183379,-0.077599876,0.26392004
bat,0.0529169,0.34843743,-0.46731,0.1294579,0.25552624,0.18392581,0.11555699,0.14809944,1.0570163,-0.21275458,-0.5077756,0.18958507,0.16468999,0.09251231,-0.3162259,-0.6193978,0.2069546,-0.5972907,-0.33760273,0.35498232,0.7220219,0.4643855,-0.18327503,0.81987834,-0.30659226,-0.3542965,-0.44516477,0.16287923,-0.03362402,-0.34022075,-0.3886844,-0.36213169,0.12716925,-0.20423606,-0.008060828,0.31384915,0.2734276,-0.5808286,-0.35288143,0.61536855,0.5435386,0.65728754,0.13087998,0.03712422,-0.44576368,0.52416366,-0.116297394,0.30857274,-0.13699746,-0.7067046,0.29169473,-0.105020024,0.42017886,-0.47157472,0.373401,-0.34055245,-0.27155724,0.12956977,0.008618138,-0.13383363,0.40501994,0.11829603,0.1712892,0.33224404,0.3079349,0.47897094,0.5025273,0.06351852,0.16467626,0.85060334,0.10061352,-0.106571496,0.27277747,-0.694768,-0.10668902,-0.76332265,0.13687009,0.47752127,0.29078045,-0.37843823,-0.29488978,-0.23193564,-0.4398407,0.07126124,-0.518153,-0.3029616,-0.16277696,0.4344415,-0.35097712,-0.4999673,-0.36948684,0.23686302,-0.018846706,-0.22427557,0.21243668,-0.13510573,-0.11837651,0.056815546,-0.0570136,0.29099354
nickel_compound,-0.49159667,-1.4257076,0.20886849,-0.32965004,-0.42918876,-0.13698058,-0.289319,0.56162345,0.13196196,-0.5881134,-0.20945539,-0.4721451,0.7250609,0.10858749,-0.65964776,0.4798073,0.7323841,-0.39077732,-0.37525,-0.5043196,0.5658703,0.4014501,0.41791725,-0.027499875,-0.42468512,0.47349998,-0.730802,-0.44936794,-0.20847371,-0.33509243,-0.49245977,-0.1541565,0.06961714,-0.35127905,-0.59148306,0.5078731,0.7542693,-0.94046086,-0.4070772,-0.5616476,-0.07285619,0.55557394,-0.38419047,-0.77412593,-0.1479271,0.14384961,-0.020794848,-0.2676438,1.4237083,-0.45602554,-0.5184857,-0.48402742,0.7904749,0.41203797,0.28155044,-0.1908306,-0.1732281,0.30496508,-0.07236943,-0.18920624,0.85164547,0.3543226,-0.5823201,0.41496158,0.20509794,0.56604415,-0.32965752,-0.6064174,0.089139745,0.573391,0.030395607,-0.35837922,-0.5856058,0.038344014,-0.105105095,-0.5264434,-0.27771094,-0.39303374,0.7753757,0.0043190336,0.32867953,-0.034292076,-0.016861117,0.46840137,0.11453032,0.41899464,0.19815147,-0.27194703,-0.48174652,-0.016278284,-0.39036712,0.5463393,-0.6320641,-1.0747019,-0.86347795,-0.20839185,0.542159,-0.092664644,-0.43244642,0.4428149
hydrodesulfurization,-0.281624,-1.553553,-0.13499269,0.16401576,-0.37309715,0.6072144,0.019831413,0.38536602,0.27010533,-0.21721531,-0.4929226,-0.76273656,0.5580527,0.008086367,-0.4906208,0.023564292,0.52643853,-0.3042673,-0.42051625,-0.8359354,0.057331715,0.43129998,0.13928516,-0.062602505,-0.13351241,0.63310623,-0.7492645,-0.3623919,0.08920281,-0.4229442,0.19685397,-0.19219653,-0.30193198,-0.12586236,-0.2901808,0.19712105,0.39997035,-0.9400377,-0.1515141,-0.12298648,-0.3603561,0.96806437,-0.42332175,-0.37565964,-0.016433908,-0.011915179,0.28908843,-0.48454702,0.7721982,-0.07636691,-0.26554304,-0.47392872,0.3656956,0.12362666,0.5327821,-0.1890738,-0.32793626,0.375023,0.011628478,0.24333766,0.8562012,0.14561692,-0.4828979,0.45384327,0.31626663,0.47491315,-0.29720402,-0.8293207,0.0540205,0.6641777,0.15966144,-0.38957933,-0.27476364,-0.061680302,0.05558295,-0.45168242,-0.19315396,0.14979766,0.5871112,0.12112265,0.3974086,-0.43353918,0.20953132,0.5568526,-0.086563244,0.3202012,0.15953252,-0.0630202,-0.23419367,0.20012555,-0.66190207,0.7299079,-0.6530875,-0.70170873,-0.31006277,-0.4176941,0.42608666,0.06733791,-0.5703536,0.36249343
fuel,0.122801766,0.045397345,0.25422734,-0.13742226,-0.033448935,0.09193954,0.5002357,0.1183035,1.0290123,-0.5560678,-0.7032179,0.6313705,0.984375,-0.16447675,-0.31290492,-0.09492847,-0.64130867,-0.3430721,-0.49039164,0.53969765,0.62549126,0.2423183,-0.8299679,0.9390926,-0.003334259,0.35008666,-0.75993305,-0.37364668,0.77812356,-0.73467475,0.18369411,-0.3044526,-0.5414519,-0.5259455,-0.16820942,0.095426686,-0.27164996,-0.30893013,0.03567329,0.8279987,0.4241786,0.10613565,-0.23044932,0.15817915,-0.6746834,0.5811974,-0.47716415,0.5325606,0.014659545,-0.9938566,-0.6184124,-0.11943602,0.1608731,0.22897573,0.36438292,-0.17271946,-0.5064417,0.4695573,0.06147656,0.058470447,0.17091991,-0.7536288,-0.42843336,0.9907316,0.30388716,0.45127788,0.2785989,0.6583579,0.26692468,0.3760099,0.2378051,0.013417406,-0.22171228,-0.5749495,0.1520879,-0.6752372,0.0027156493,-0.251111,0.15800005,-0.3253734,-0.8135326,0.07111537,-0.21416748,0.27904013,-0.34554377,-0.3409391,-0.4261585,0.037040506,-0.71960247,0.012549474,-0.14667287,0.5958637,-0.25850263,-0.35511136,0.31890208,0.079808846,-0.042314712,0.8201724,-1.1568804,0.70664185
low_temperature,-0.2979087,-0.9180159,-0.142768,0.29852456,0.30599967,-0.34814563,-0.07005125,0.35510772,-0.20970146,-0.16054258,-0.6241514,-0.5751739,-0.1344885,-0.05552116,-0.12087044,-0.2298159,0.20804784,-0.2662509,-0.28044984,0.16866928,-1.0180767,0.2350666,-0.24151176,0.19206282,-0.09876628,0.03917697,-0.7625114,0.18371502,0.3244115,-0.21761131,0.65383214,0.10713693,-0.5701427,0.65540415,0.17623536,0.17749332,0.8027131,-0.98533964,0.4707555,0.028547106,-0.6695123,0.6325579,0.39320534,-0.310933,0.022638813,0.44992146,0.07558358,0.14967734,0.94920504,0.54778,-0.06268075,-0.28127128,0.21822794,-0.09428326,0.93022656,-0.43852282,-0.37400573,0.18037772,0.10461165,0.29362383,0.42706722,0.010101636,-0.59160674,-0.34748995,0.8474195,0.16549271,0.16182986,-0.24944933,-0.03927595,-0.2756388,0.31226104,-0.03812373,-0.36686027,-0.51911306,-0.15214868,-0.14093526,-0.57742393,0.24311632,0.18366005,0.104012825,0.4712531,-0.5914883,-0.83530986,0.3715497,-0.65616894,0.849932,-0.14541364,-0.58367765,-0.49496782,0.59418803,-0.3258226,0.85036635,-0.28718463,-0.3002132,0.17320721,-0.6457396,-0.1721119,0.5614783,-0.3988808,0.56413865
energy,-0.11471962,-0.2833251,-0.0794688,0.0854939,0.12125864,-0.1928421,-0.17664476,0.64377034,-0.12712844,-0.4024027,-0.6828153,-0.28322357,0.28304914,0.090959676,0.036474865,-0.49884498,-0.038281612,-0.34709105,-0.4515665,0.36613142,-0.57483506,0.43258855,-0.20346747,0.24198581,-0.44803464,-0.08671968,-0.06302815,0.077294864,0.3628649,-0.68493843,0.5020651,0.26587605,-0.31121883,0.64100033,0.6630089,0.2348303,0.87974066,-0.4989926,0.43798456,-0.15923113,-0.16838534,0.06403146,0.36904204,-0.23426151,0.10760113,0.081745364,0.11714065,0.12266463,0.49609762,0.024361696,0.12177083,-0.52475137,0.38310704,-0.19378233,0.2638725,-0.4009962,-0.15428384,0.35144386,0.23804054,0.27921227,0.3248329,-0.025243472,-0.37691978,-0.6795432,0.76549155,0.057529185,0.1625674,-0.4676757,-0.059260823,-0.038076766,0.5316897,0.24657492,-0.1369995,-0.6267689,-0.29001406,0.050768446,-0.43395096,-0.06707038,-0.017054763,-0.032494966,0.15456472,-0.19748075,-0.2552588,0.1895656,-0.47208717,0.9134169,0.16481188,-0.08818301,-0.35078624,0.49733377,-0.30920225,0.5833869,-0.4508874,0.4910779,0.50920933,-0.30577406,-0.20476992,0.76805717,-0.60594857,0.24316491
"polycyclic_hydrocarbons,_aromatic",-0.10045019,-0.083042316,0.030716445,0.08865648,0.4174635,0.16203105,0.019883094,0.5160766,1.0139991,-0.33032194,-0.7475735,-0.013919633,0.30698892,-0.06500532,-0.31307745,-0.37263837,-0.5593177,-0.6299264,-0.9835854,0.46990037,1.1052272,0.31779742,-0.50084394,0.89438665,-0.059378505,-0.090556316,-0.19558951,-0.3297323,0.5172988,-0.22242568,-0.052166052,-0.15043205,-0.69482625,-0.58674455,-0.0031842496,-0.045124277,0.17308402,-0.9482496,0.46458605,0.16513449,0.35800487,0.20482276,-0.48893884,-0.4268329,-0.34185153,0.41846663,-0.3857007,0.70367044,0.10418928,-0.597251,-0.23987763,-0.42117602,0.9601762,0.25148138,0.21901396,-0.035151515,-0.3562541,0.4479036,-0.19500127,0.021329178,0.09396064,-0.06594317,-0.6098548,0.7031044,-0.2635998,0.592508,-0.13549264,0.38027072,0.1850652,0.6519887,0.11062424,0.66954815,0.17710234,-0.28460833,-0.18390688,-0.50517625,0.1757456,-0.44735906,0.6754145,-0.1829491,-0.105147235,0.28888953,-0.38742882,0.7958974,-1.0292537,-0.122811474,-0.14354523,0.03391207,-0.19794418,0.118363194,0.03724232,0.054843105,0.06595282,-0.49017438,-0.31944877,0.06737987,-0.04991214,0.80125326,-0.40891302,0.48337287
polycyclic_aromatic_hydrocarbon,-0.09213868,-0.07257856,0.025377782,0.10025498,0.42080137,0.15494101,0.049325,0.55760247,1.0425557,-0.33105066,-0.7232892,-0.0080960365,0.31662196,-0.07154179,-0.2741085,-0.31934023,-0.5782248,-0.63113505,-0.99195987,0.46243438,1.0761546,0.29634917,-0.5041127,0.952559,-0.074661955,-0.09568229,-0.18014914,-0.29633376,0.56856346,-0.22892627,-0.016518492,-0.1735755,-0.6854479,-0.609511,-0.026949668,-0.015868248,0.11510003,-0.9036062,0.48766226,0.16812894,0.33685932,0.15211645,-0.4994078,-0.4331888,-0.33879605,0.4239944,-0.3495666,0.6949173,0.105420254,-0.54620093,-0.20833735,-0.3914957,0.8896409,0.22411437,0.27653092,-0.047358975,-0.32421538,0.450484,-0.21318588,-0.007480025,0.090788744,-0.10531685,-0.5787777,0.67261386,-0.2546952,0.57059246,-0.14821279,0.4362492,0.1601494,0.68029153,0.15206118,0.6102012,0.13086107,-0.26645195,-0.13882928,-0.49780285,0.22198427,-0.45005018,0.62819046,-0.22749351,-0.14482664,0.28032824,-0.36349353,0.7896664,-1.0194359,-0.15764114,-0.16354442,0.023466721,-0.20269535,0.11744714,0.030125469,0.08092507,0.092811376,-0.47347924,-0.33242372,0.051112678,-0.048986033,0.7628321,-0.41255996,0.4903783
health_risk,-0.2923886,-0.22149062,-0.004912245,0.007482585,0.23539437,0.06722427,0.21073483,0.30240268,1.0705545,-0.28983286,-0.40520725,-0.03649015,0.18616076,-0.3724395,-0.53089595,-0.51242876,-0.33398423,-0.64517975,-0.6685405,0.5502898,1.0148091,0.5019916,-0.5303082,1.2735984,-0.2275584,-0.05150261,-0.3035443,-0.09879483,0.3511561,-0.29971692,0.024769375,-0.26097357,-0.5140787,-0.49161083,-0.15220398,0.024417209,0.29183683,-0.7342935,0.15371247,0.36306974,0.32170153,0.37343436,-0.24679115,-0.14289393,-0.57332516,0.38201272,-0.47160223,0.7156767,0.0105246715,-0.31880534,-0.22209466,-0.21489504,0.5518947,0.19876043,0.6017252,-0.09270868,-0.4193752,0.31771448,-0.022109864,-0.06864894,0.05165931,-0.017979503,-0.55778766,0.41867754,-0.053485096,0.58547384,0.06348077,0.41328174,0.21443196,0.5069469,0.34616673,0.62017566,0.05852398,-0.48142248,0.12825246,-0.52037746,0.47622773,-0.31511053,0.62833816,0.16236387,-0.116675556,-0.13841335,-0.32709357,0.68055874,-1.0902606,-0.4112884,-0.06472966,-0.2966163,-0.28957298,0.20757142,-0.33982137,0.04747305,-0.10128027,-0.7686195,-0.5512646,-0.11291809,-0.09660953,0.7533462,-0.13677338,0.2919379
combustion,-0.2504473,-0.2604626,0.16820394,-0.09023269,0.60580224,-0.075649545,0.2525051,0.19792746,0.9078036,-0.51318014,-0.2615735,0.09050101,0.15234785,-0.22510254,-0.19370145,-0.085867584,-0.5180336,-0.76818216,-0.67298454,0.6129615,0.6199935,0.28744417,-0.24255279,1.0292429,-0.045870706,-0.046968553,-0.31481966,-0.027231602,0.36774704,-0.19976966,-0.09005632,-0.14497852,-0.4962747,-0.7135258,0.06477135,-0.17183705,0.25128755,-0.63149595,0.2910357,0.21679878,0.4467035,0.16241634,-0.26184583,-0.38353556,-0.47224027,0.5277592,-0.3297743,0.5184672,0.15368146,-0.4512956,-0.26464635,-0.57195663,0.4520177,0.2910937,0.13567652,0.31113324,-0.5966571,0.23603426,-0.043702714,0.032023765,0.25939474,-0.37177184,-0.34799498,0.51420796,0.10060367,0.31540206,0.58250237,0.2936969,0.36331698,0.63324434,0.18523946,0.62396276,-0.19329229,-0.7749417,0.015779397,-0.21470724,0.4099504,-0.5505798,0.26852039,0.19492163,-0.4072299,0.15833834,-0.31900856,0.559999,-0.8921882,-0.28305903,-0.49947932,-0.111439124,-0.27582124,0.4008184,0.00802664,0.66979134,-0.40910515,-0.27813938,-0.58106023,-0.026959822,-0.05862452,0.84644765,-0.1975569,0.4731098
air_pollution,-0.13431968,-0.3225619,-0.1693908,0.46590582,0.44267437,0.020978387,-0.05323793,0.49502233,0.6398378,-0.20619911,-0.6927065,-0.6145773,0.2863202,0.012407825,-0.18801937,-0.5072021,-0.2341747,-0.55257034,-0.866318,0.44985855,0.7257543,0.18783143,-0.35566348,0.82105476,-0.2853962,-0.1786036,-0.18629564,-0.1772398,0.6102529,-0.39734074,0.10343694,0.12092256,-0.69695145,-0.37464738,0.04182411,-0.056915656,0.43052757,-0.8630866,0.41988802,-0.23560937,0.29213193,0.38393247,-0.4374748,-0.16229837,-0.418943,0.18785006,-0.54011554,0.40298247,-0.03699794,-0.36673236,-0.14214477,-0.67527455,1.1695148,0.38975435,0.41344136,-0.2005683,-0.56733364,0.21844903,-0.10931999,0.041747585,0.21456985,-0.1433342,-0.22719534,0.63910955,-0.43328813,0.6065623,-0.45478198,-0.13230252,0.55044043,0.5407658,0.28817034,0.6599511,0.24202688,-0.12914115,-0.06696941,-0.40987247,-0.22575751,-0.31393918,0.62584674,0.017550796,0.30426824,0.073589884,-0.5259633,0.79074734,-0.95961,0.03008776,0.0090486985,0.3117346,-0.006630701,0.3516542,0.037502553,0.31120953,0.14666347,-0.17401044,-0.026749242,-0.14345616,-0.027408643,0.9760554,0.027825365,0.22741045
air_pollutant,-0.1880605,-0.31876248,-0.19676563,0.5036132,0.41612467,0.023567615,-0.045592617,0.54112965,0.6611764,-0.19535112,-0.6443757,-0.63425577,0.24614231,0.03208195,-0.20753075,-0.49803534,-0.15836605,-0.55245465,-0.8932138,0.42163748,0.69661975,0.16167639,-0.27507338,0.783947,-0.27478984,-0.1660469,-0.14593644,-0.16810127,0.5897876,-0.37572318,0.08772178,0.07975729,-0.6369759,-0.37494358,0.039677355,0.02019673,0.42255673,-0.86455095,0.43792403,-0.27699903,0.2744053,0.42584777,-0.44358927,-0.17470239,-0.40406242,0.12731098,-0.50139374,0.37284097,0.023602702,-0.39675182,-0.11210746,-0.6621683,1.1283714,0.4118402,0.45225644,-0.22425526,-0.5883807,0.206071,-0.10402427,0.05056822,0.24017785,-0.102727525,-0.19677992,0.6414883,-0.4339318,0.60454345,-0.49868757,-0.16406238,0.53631556,0.4799078,0.28146735,0.64592123,0.22299978,-0.1360834,-0.06540191,-0.41324553,-0.24651988,-0.32365623,0.54152226,0.03994482,0.32182127,0.07735541,-0.5670216,0.72283363,-0.90636486,0.028914053,0.01742287,0.24350972,-0.018300395,0.2978479,0.008111177,0.30618083,0.17562704,-0.18295522,-0.06343946,-0.13014087,-0.021174561,0.9398328,0.024172714,0.2027387
power_transformer,-0.07152633,-0.60530216,-0.24095154,1.1950881,0.027955575,0.23904274,-0.3429606,0.120725885,0.24437365,-0.06716588,-1.0552425,-0.21846686,0.38144553,0.0016725998,-0.2495103,-0.03409174,-0.02024385,-0.84740275,-0.17329343,0.15975975,-0.012925137,0.6100401,-0.2935583,0.06915872,-0.51953083,0.3372609,-0.29855704,-0.4503634,-0.20046827,-0.21998408,-0.1516744,0.04606027,-0.4584004,0.22754365,-0.12874368,-0.2555951,0.59824646,-0.69058293,-0.15987608,0.15426771,-0.4637113,0.65163845,-0.32894823,-0.24593891,0.22866383,-0.13757235,-0.3819864,-0.00041705425,-0.23119678,-0.5722779,0.2696022,-0.682255,0.71122324,0.32598093,0.50122285,0.3110873,-0.22036205,0.037801843,0.4028239,0.1015284,-0.028042914,0.030983051,-0.69796026,-0.20898017,0.26463032,0.15028626,0.1379361,-0.520267,-0.050700158,-0.21608964,0.27190548,0.7698137,-0.4040105,-0.43611553,-0.27798286,-0.23588872,-0.43313777,-0.052087564,0.6072973,0.25792372,0.1294074,0.33095458,-0.26353046,0.23541072,-0.34477267,0.7927897,0.37165818,-0.17393783,-0.051188435,0.19644576,0.061634883,0.36107105,-0.7042595,-0.20238769,0.26563287,-0.47170514,0.19390441,0.595041,-0.11939351,-0.40395704
water_vapor,-0.27033538,-0.33509275,-0.029501075,0.08376539,-0.5591208,0.49922132,-0.07017,-0.19342305,-0.5647626,-0.44522655,-1.1373963,0.3364331,0.2847513,0.052428573,-0.26150048,-0.18604845,-0.7935539,-0.9088346,0.1136442,-0.045021374,-0.48851708,0.32975855,-0.27500296,0.21024011,-0.027493091,-0.22556299,-0.6468615,0.054746263,0.3559858,0.021859534,0.2551498,-0.13279106,-0.75723696,0.13142323,-0.017328573,0.44804445,0.55364996,-0.67620116,-0.018726874,0.2735684,-0.24333197,0.11136037,0.4364413,-0.369493,-0.07905754,0.81231624,0.14367689,0.40673578,0.4133212,0.06593435,-0.12361648,-0.95593673,0.10170704,-0.22484241,0.18492098,0.23205002,0.3521574,0.3839818,-0.06781029,0.45337015,-0.1125042,0.2951544,-0.75814575,0.0678827,0.54246056,0.22076832,0.57370305,-0.08212299,-0.5769207,-0.6370274,0.2326569,-0.27561724,-0.60799646,-0.46622184,-0.37139815,-0.7218779,-0.2175466,-0.19846395,-0.32968816,-0.22752993,-0.05910652,0.32157782,-0.5687165,0.10848963,0.041685876,0.19808085,0.2693586,-0.38076818,0.13196492,0.009520135,-0.26309565,0.46258724,-0.5262937,-0.42138183,-0.05229621,-0.8036132,0.18609005,0.08965084,-0.794127,0.13979658
precipitation,0.45349988,-0.3381174,-0.49844384,-0.16332239,0.31766018,0.69814295,-0.32329708,0.57344335,0.3999383,-0.4837538,-0.54821724,-0.15010855,0.29173386,0.4526714,-0.8066938,0.19772017,-0.47453764,-0.26768684,-0.3894911,-0.073807806,-0.094339244,1.3236933,-0.14420974,0.8706507,-0.39634272,-0.61567366,-1.0655258,0.1934178,0.4698543,-0.54284954,-0.18807553,0.026590794,-0.31052813,-0.5036481,-0.25243568,0.35428616,-0.65265816,-0.32159513,-0.32212374,0.07631023,0.2648017,0.571077,0.055102434,0.25065088,0.18583587,0.9197012,0.30546466,0.23224378,0.8632118,-0.761837,0.4546163,-1.252716,-0.06313574,-0.65250313,0.5610072,-0.75175905,-0.33157593,1.2036935,0.3890827,-0.1832222,0.12995732,-0.46691093,-0.29920793,0.7055689,0.55486107,-0.34100708,0.5985041,-0.6582139,-0.47196126,0.23678313,0.01888923,-0.15475345,-0.19012618,-0.6910442,-0.11509627,-0.404767,0.13041544,-0.1593036,-0.18725674,-0.41418666,-0.2706996,-0.7621562,0.1355324,0.5750799,-0.05017341,-0.17304881,-0.6317565,-0.0064963163,0.06954859,0.42238575,-0.63163996,0.17167176,0.29693225,0.03629976,-0.26680285,0.065327585,-0.27749324,0.49489632,-1.4187969,0.24378772
hydrogen,0.20202228,-0.4653291,-0.042273585,0.15416665,-0.07548334,1.127261,0.029059123,0.3622973,0.16403498,0.22847685,-0.27354378,-0.21575473,0.25227547,0.9823297,-0.429929,-0.014230481,-0.33995226,-0.26483497,-0.2942429,-0.62746525,-0.6367309,0.6195083,-0.05646481,0.35209352,0.15034726,-0.27133727,-0.54401666,0.2143393,0.68933994,-0.859732,0.29774848,0.58594,0.0692245,-0.9026801,0.73970175,0.2125399,-0.04702954,-0.50581867,0.3622217,0.08664096,-0.40734363,0.47838476,0.3122295,0.36724123,0.17512453,0.4652451,0.17029573,0.28224468,0.7233718,-0.70173365,-0.18623203,-1.3183929,0.08339197,-0.024374329,0.88984317,-0.57337165,0.04263761,0.904857,0.2980263,0.21071449,-0.6433824,-0.044981178,-0.7036837,-0.22181894,0.37936804,-0.60411364,-0.17149931,-0.14949696,-0.49067953,0.12766403,0.4086773,0.028131366,0.18902664,-0.6849362,-0.19448926,0.7601672,-0.036913477,-0.62569195,0.110442206,0.7601995,0.12437476,-0.23290454,0.079113126,0.07888917,0.031282164,0.22886492,-0.6188576,-0.41647035,0.39267844,0.668887,-0.6991218,0.6352789,0.32128942,-0.22688408,-0.3326336,0.5109528,0.009620614,0.7321317,-1.4629033,0.123179704
petroleum_reservoir,-0.7514794,-0.32597396,-0.6229689,0.02391709,0.36293048,0.055143002,-0.40079075,0.17500886,0.6153869,-0.25432378,-0.42614007,-0.021826006,0.24454236,-0.27406815,-0.711655,-0.512105,-0.36704463,-0.6827859,-0.9895837,0.027939588,0.67772543,0.91519004,0.07552283,0.36462894,-0.35008126,0.023986114,-0.72325826,0.3318838,-0.15325275,-0.06831914,-0.11848518,-0.16081157,-0.09043348,0.23939836,0.14196326,0.7402111,0.55888325,-0.13222727,-0.15235436,-0.1392126,0.20598353,0.6344375,0.36122066,0.06930364,0.112079486,0.26591232,-0.2008008,-0.24727616,0.4218808,-0.9052452,0.0031660357,-0.6044585,0.6048308,0.30944958,-0.10351297,0.04448944,-0.53937596,-0.10072392,-0.32070947,-0.07734975,0.614794,0.027326655,-0.70026946,0.5159441,0.659569,0.074740864,0.35926917,-0.73078287,0.31692713,-0.05906769,-0.15446737,0.4928332,-0.319161,-0.3656045,-0.5926609,-0.662689,-0.34802657,-0.5154719,0.18412949,0.6219702,-0.22945814,0.09275711,-0.36403346,-0.0967041,-0.5093907,0.03182175,-0.15846406,0.03031792,-0.23087499,-0.09814948,-0.17021856,0.02290358,-0.092062995,-0.35312492,-0.19143154,0.16618982,0.16033919,1.0367712,-0.09527738,-0.07245244
oil_field,-0.69849706,-0.32233936,-0.6077404,0.024026617,0.35987896,0.04006568,-0.42264554,0.15666117,0.611199,-0.24754198,-0.43392503,-0.003552926,0.20113313,-0.2874498,-0.7105889,-0.5361883,-0.35590085,-0.6727404,-0.98704946,-0.0043512196,0.65970963,0.93433523,0.059557494,0.3444304,-0.36037126,0.024004491,-0.69689256,0.28804028,-0.16518092,-0.046733268,-0.122724876,-0.21706441,-0.086793885,0.25331587,0.1676425,0.7536116,0.55036026,-0.11259299,-0.149951,-0.14099787,0.18992579,0.6444957,0.34015828,0.10526583,0.13666266,0.2542034,-0.20881271,-0.2921486,0.39100927,-0.8882066,-0.014201656,-0.60366946,0.56654775,0.30190277,-0.11418102,0.020725055,-0.51231974,-0.11407718,-0.29137278,-0.06298035,0.596144,-0.03699457,-0.6679903,0.49973065,0.6909476,0.047633126,0.36519775,-0.73815036,0.3266852,-0.06357007,-0.15170921,0.5378289,-0.31821147,-0.3349238,-0.6044477,-0.63856596,-0.36003718,-0.56239486,0.13884906,0.608248,-0.25215748,0.10744333,-0.38945737,-0.10595523,-0.51198345,0.048157897,-0.14849584,0.028053781,-0.24907272,-0.07602353,-0.16433054,0.050522678,-0.068697095,-0.31503597,-0.20568831,0.18820952,0.13285574,1.0500152,-0.08020467,-0.06317251
feasibility_study,-0.42472497,-0.06598195,-0.98039216,0.2083141,0.14598678,0.32090366,-0.11987694,-0.1527579,0.5015676,-0.18071644,-0.62325376,-0.050652,-0.559524,0.12071573,-0.21553983,-0.3960761,0.025784524,-0.57789826,-0.94986767,-0.19592755,0.31544274,1.1001778,-0.03199364,-0.0637296,-0.098479524,0.68151706,-1.1251229,0.37865487,-0.31773287,-0.21314992,-0.25121713,-0.29287195,-0.54333484,0.32568803,0.3495053,0.25413218,0.17388098,-0.41716647,0.13982767,0.49456933,0.26502955,0.47563782,0.27304283,0.07508225,0.11787266,0.25202882,0.009871804,0.48826808,0.4555286,-0.27872702,-0.040381618,-0.1977416,0.8155551,0.6103065,0.32140142,0.22561184,-0.15916218,-0.146825,0.0540688,0.023998197,0.34888524,-0.37242553,-0.703092,1.0686682,0.70613694,0.1838182,0.005058434,-0.7018496,0.7480376,0.2513515,-0.11588006,0.6769661,-0.18106699,-0.9412868,-0.85595804,-0.70700777,-0.34997627,-0.22152251,-0.45750034,0.3835625,-0.20622258,-0.13406268,0.58404213,-0.54492486,-0.6974275,-0.14855948,-0.23680347,0.13689986,-0.17104718,0.13943358,-0.79510623,-0.26070595,0.028129587,-0.5686885,-0.25345418,0.2776321,-0.022783553,1.0518057,-0.0866509,-0.8188679
enhanced_recovery,-0.31882796,-0.22892007,-0.19360209,0.18383092,0.2899344,0.4055404,-0.042997114,-0.2107369,0.4448941,-0.33083406,-0.54503024,0.43555012,0.4312133,0.014680376,-0.4034681,-0.2746594,-0.4400378,-0.5413503,-0.7579534,0.45290658,0.117702775,0.80367285,-0.26245362,0.23226647,-0.18205142,0.3363588,-0.6814991,0.15181881,0.30013195,-0.33511713,0.19240168,0.13631466,-0.7980209,0.3188106,0.4222085,0.19581059,0.46115947,0.054647237,-0.43478236,0.19848685,0.1499598,0.18696794,0.20247385,0.16472517,-0.004054612,0.43046752,-0.25127006,-0.12796487,0.17840755,-0.82200384,-0.28528634,-0.6499152,0.5179861,0.31896305,0.26069474,0.021069558,-0.14442077,0.37518987,-0.07681527,0.1575382,0.4794604,-0.5210484,-0.7781904,0.4715179,0.70844054,0.14430547,0.3922079,-0.23434089,0.60683125,-0.3108878,0.45086464,0.38897312,-0.45837748,-0.71240634,-0.25198108,-0.14801373,-0.56730324,-0.6787688,-0.124876134,0.5040925,-0.57725054,-0.103431046,0.034767997,-0.2850605,-0.23340306,0.24925229,-0.22894438,0.021592237,-0.28902796,0.11195959,-0.27258107,0.19125287,-0.11148931,-0.27378222,-0.01362811,-0.09920163,0.017062193,1.484941,-0.56498396,0.028860709
resistant_starch,0.2819207,0.030706542,-0.16106306,0.1934751,-0.32744563,-0.34541476,0.16197242,0.14573528,-0.519518,-0.23057188,-0.92339003,0.32891595,0.27278844,0.6718376,-0.26745,0.17890747,-0.1990249,-0.94945586,-0.25856096,-0.6143728,0.09478502,0.38822418,-0.5229058,0.52524376,0.3827003,-0.080639675,-0.6655058,-0.10761559,0.3334864,-0.33143854,0.66574717,-0.4731869,0.23354548,0.050656367,-0.73701143,-0.23986109,0.043836433,-0.98377967,0.05882974,-0.08801058,0.2837,-0.4556521,0.3517757,-0.3357065,-0.08129784,0.28707397,0.26003778,0.39698562,-0.0824517,-0.3560926,-0.21195652,-1.2546686,0.12404431,0.30168656,0.36644736,0.15561685,-0.32799143,0.2746929,-0.3519211,0.47058085,0.04296007,0.1627224,-0.3167466,0.35514772,0.36663875,-0.1803987,0.946455,-0.6443906,-0.38558367,0.050800744,-0.21283804,0.10544858,0.2284472,-0.4157337,0.52584136,-0.6834681,-0.096270196,-0.25405768,0.103853926,-0.12866206,-0.43177396,0.26438203,-0.15875222,0.37789077,-0.26202092,0.3665704,-0.085815884,0.037671123,-0.33152145,0.14731485,-0.09898338,0.7317887,-1.321033,-0.007926364,-0.026174003,-0.4743346,0.08118176,0.22605608,0.086353645,-0.011154113
binary_alloy,-0.50738525,-0.20745292,0.30881065,0.07655493,0.065352485,0.25773388,-0.09722736,0.28961232,0.6190569,-0.30725247,-0.4076318,-0.53344655,0.5999274,0.14750127,-0.26568145,-0.32482752,-0.14716597,-0.60404354,-0.702107,0.745827,-0.19522715,0.2827978,0.08635856,0.39455786,-0.45176032,0.3133115,0.041447736,0.033631936,0.19753668,-0.8932769,0.16086057,0.029952373,-0.5494437,0.55599463,0.5021484,0.60397136,1.2272236,-0.2648207,-0.0009327303,-0.12466361,0.061705694,0.95801413,0.10003338,0.26196593,-0.10843244,-0.059343185,0.05546519,0.2173153,0.2372328,-0.20777425,0.0044707283,-0.71719694,0.3634022,0.073486574,0.23670846,-0.5930284,-0.7942427,0.25739264,-0.32052162,0.20772766,0.77069193,-0.19522065,-0.39270148,-0.12783572,0.87513477,-0.014253936,0.11407865,-0.43178812,-0.04446199,-0.11532052,0.6130592,-0.0103320265,-0.28599876,-0.93620145,0.41870698,-0.22910239,-0.37086973,0.45429873,0.19621459,0.7855167,0.0018676884,-0.019034442,0.17558911,0.06547089,0.0132271135,-0.1596642,-0.0985332,0.09297607,-0.49791905,0.23400304,-0.53252274,0.5412073,0.062573165,0.16444336,0.33489063,-0.24332571,0.41432706,0.5698983,-0.4377801,0.46108893
monomer,-0.2843849,-0.31769943,0.35741362,0.023521818,-0.20477591,-0.54532987,-0.03812812,0.16785346,-0.12678286,-0.47815394,-0.7974738,0.8643441,0.78956264,0.35316345,-0.9439355,-0.056151327,0.1067545,-0.4959378,-0.11506815,0.13185541,-0.6549914,0.187063,-0.21730897,-0.00633661,-0.4288089,-0.084023386,-1.1485906,0.15256897,0.37339932,-0.027865808,0.10552965,-0.23746856,-0.27469325,0.2408135,-0.14785495,-0.31913632,0.17658089,-0.89924693,0.2454379,0.29303542,-0.8307086,0.27121884,0.38858888,-0.6155743,-0.30237573,0.27540243,0.197266,0.009473016,0.8032633,0.05229398,-0.09824173,-0.6484253,-0.013532973,0.6652506,0.407321,-0.3407593,-0.31817633,-0.10389692,0.15451282,0.3665466,0.25319764,-0.084316306,-0.7272778,0.06641597,0.64051235,-0.48285237,0.89927113,0.09815883,-0.17490998,-0.08732419,-0.18222328,0.19781668,-0.81463575,-0.25051185,-0.38869825,-0.4703232,-0.6195818,0.19464722,0.07252001,0.06724963,0.016456975,0.27285212,-0.56174004,0.5376742,-0.27341413,0.56906533,-0.4765737,-0.67820424,-0.9407726,0.59844506,-0.37927625,0.5562258,-0.39952317,-0.7136361,-0.040771693,-0.5000296,0.024076797,0.24138388,-0.5666474,0.73761505
atomic_force_microscopy,-0.012110769,-0.0037955747,-0.04476797,0.23437333,-0.15183832,-0.49928913,0.02890492,0.062428072,-0.0021846455,-0.44952375,-0.76039064,0.7191651,0.46134883,0.39713487,-0.81815594,-0.20134413,0.0973714,-0.6905329,0.033423726,0.41848147,-0.18351923,0.46655312,-0.6792016,0.29154724,-0.72819865,-0.5632903,-0.8029949,0.5387269,0.28807724,-0.103415094,-0.31026223,-0.45899177,0.15522759,0.055682153,-0.22650482,-0.6647245,0.67480725,-0.39421865,-0.5180092,0.37313205,-0.36700207,0.14608416,0.30989859,-0.20979688,-0.38306016,0.1116233,0.07833361,-0.17229894,1.1161582,-0.4746569,0.27557173,-0.5619823,0.11836641,0.0415227,0.12472305,-0.12733057,-0.18075328,-0.010287512,0.15421622,0.1991381,0.6157016,-0.6262302,-0.54998106,-0.13578546,0.32224274,0.032515023,0.6993203,0.15198082,-0.05915058,-0.0072742426,-0.047749113,0.678217,-0.48163998,-0.24627593,-0.16589575,-1.0978727,-0.67656225,0.26278523,0.27545643,-0.28039622,-0.40533727,0.41808608,-0.024769891,0.18580261,-0.13669883,0.55436647,0.009680213,-0.60119677,-1.3050123,0.68742967,0.0861172,0.11398229,-0.58202165,-0.7312919,-0.13019712,-0.7136316,-0.18799603,-0.25791913,-0.4205005,0.48095933
diagnostic_and_statistical_manual_of_mental_disorder,0.3544946,-0.1710766,-0.66751134,0.07333456,0.060518242,0.034527786,0.284771,0.69977456,0.23104385,0.18058102,-0.942868,-0.24201395,0.9603649,-0.2852986,-0.56830436,-0.5607456,-0.49573752,-0.11323038,-0.060847875,0.5182257,0.39152405,0.3174422,-0.5905819,0.5470062,-0.7107056,-0.15006034,-0.42859474,0.39798218,0.43086988,-0.1299731,-0.14613643,0.3542459,-0.09606009,0.07791495,-0.5684635,0.19790772,0.6356553,-0.5898326,-0.2369832,0.9335382,-0.09901497,0.52664185,0.50398695,-0.19009991,0.10869387,0.16399975,-0.3189323,-0.09265542,-0.016334988,-0.5043607,-0.4080361,-0.40813416,0.77058834,0.110620104,0.35349828,-0.41150746,0.11866078,0.41199088,-0.105397135,-0.22152281,0.042513024,0.59870625,0.15505528,0.010718523,0.34545842,0.6896852,0.24569695,-0.41280589,0.07013569,1.2779769,0.16733184,0.19475657,0.15112482,-0.19861872,-0.7923618,0.05083142,0.0621391,0.3349736,0.76657164,-0.4925501,0.417418,0.43148914,-0.474241,0.5989308,-0.6980498,0.80340225,-0.5600624,0.66690797,-0.26294312,-0.06028306,0.2382103,-0.19180879,-0.36446548,-0.17660563,0.31011972,-0.54878366,-0.15092413,1.0782552,-0.14448577,0.18126425
brazil,0.38570413,-0.294896,-0.66708684,0.40897655,0.4681972,0.06512979,0.114979595,0.7170479,0.41570485,0.08035214,-1.0099571,-0.45072666,0.575757,-0.25948134,-0.4316602,-0.29645613,-0.10787314,-0.051717773,-0.20724417,-0.033002418,0.22751433,0.3371514,-0.4554373,0.06642503,-0.5392434,0.050733656,-0.33254382,-0.14497666,-0.11505841,-0.006649923,-0.2970267,0.0017605444,0.06754826,-0.006796471,-0.10695768,0.19752112,0.54883486,-0.5953238,0.47455758,0.5724658,0.24902304,0.0568192,-0.13203011,0.06649611,-0.52281904,0.14866531,-0.16105591,-0.65860397,0.03844915,-0.22435866,-0.36915213,0.044981338,0.22767076,-0.17776065,0.4843643,-0.04580777,0.5164865,0.6026332,-0.46632,0.08711681,-0.1751839,0.5735097,0.82666254,0.39808673,0.600764,0.50420177,0.1418883,0.1696106,0.1267146,0.8334276,0.30749276,0.26327413,-0.26195928,-0.16629705,-0.29233202,-0.30168238,-0.0019824936,-0.05425177,0.9259198,-0.27589986,-0.019045437,0.44133395,-0.45000267,0.19584957,-0.6776892,0.57971907,0.028431233,0.7348686,0.17888829,0.035481058,0.077362746,0.22409585,-0.33601144,-0.019007945,-0.024889521,-0.4913988,0.2630775,0.84150106,-0.17654818,0.7901551
chronic_inflammation,0.51295906,0.58341044,-0.0012184723,-0.06627167,-0.6416994,0.14531614,0.90720296,0.53265095,0.10434733,0.09690124,-1.0279397,-0.14374313,0.025800128,1.050349,-0.051033955,-0.8154412,0.24761486,0.20606704,0.25665754,-0.24860059,-0.017644597,0.45863196,-0.26915225,0.5240073,0.3109851,0.27801085,-0.40609857,-0.051952086,0.14558405,-0.7199578,-0.5071856,-0.7667126,0.5745658,-0.39854205,0.19773796,0.08255889,0.25739026,-0.7854727,-0.054819003,0.0057453043,0.2938408,-0.21975271,0.35502326,0.054930843,0.63819635,0.5867067,0.37195405,0.48642123,0.22858088,0.049770568,-0.37250683,-0.58769083,0.42588493,0.07997382,-0.25715402,0.27738705,0.50542796,0.07725137,-0.23102102,0.48170647,-0.21606877,-0.023093266,-0.62106854,0.44858664,-0.33155322,0.43669623,-0.23889562,-0.36489347,-0.11127194,0.8994251,-0.34558052,-0.42998752,-0.23076454,0.02238444,-0.020732451,-0.5638612,0.2893691,-0.022809863,0.16806151,0.05744962,-0.03210595,0.2653813,0.12298955,-0.17842855,-0.19522351,0.2555717,-0.46693307,0.14553663,-0.5146086,0.4840408,0.076478936,0.14187127,-0.46221897,-0.047681037,-0.48234716,0.05625312,-0.37720746,0.78962237,-0.8430043,0.334985
tank,0.18687533,-0.716261,-0.46068153,0.8086796,-0.11986242,0.05015396,-0.12531982,0.4060449,-0.058479235,-0.2641904,-1.0283821,-0.24358802,0.51845676,0.0265073,-0.4711772,-0.17410569,0.21029654,-0.5783539,-0.1850821,0.040861424,-0.06903397,0.47154188,-0.0974097,0.11277263,-0.51796436,0.060184576,-0.6727618,-0.34344086,-0.09409322,-0.50060564,-0.01837204,0.0056845327,0.16643731,0.26887143,-0.19210562,0.03788807,0.4421351,-0.49195534,-0.1973433,-0.19865716,0.15674527,0.47524646,0.13911489,-0.08365741,-0.10976099,-0.013346126,-0.60063887,-0.22574843,-0.31501627,-0.6409615,0.36270583,-0.51790327,0.5458462,0.04954082,0.57442564,0.01094897,-0.34028643,0.06667924,0.49180648,0.040144425,0.12732968,0.074783094,-0.3517943,-0.2539359,0.3834856,0.2038955,0.1553528,-0.6841402,0.0082243085,0.07436544,0.17402387,0.3206437,-0.25226274,-0.29112822,-0.24126977,-0.32108065,-0.42452902,-0.035572805,0.56084317,0.2960591,0.2028542,0.22354242,0.07641262,0.09623856,-0.41633472,0.8272467,0.35537606,-0.08707823,-0.010109724,0.3227091,-0.17022398,0.2285269,-1.1260452,-0.0070515634,0.3110747,-0.43802348,0.25247216,0.47971278,0.39041442,-0.27573684
drug_cytotoxicity,0.19285867,0.20557567,0.31863034,0.25520048,-0.23703606,0.38861066,0.8254736,0.48249137,0.6146952,-0.2082638,-0.28645873,-0.94596255,0.45617345,1.1799054,-0.46770158,-0.21923883,0.6676782,-0.3051336,-0.33760506,-0.03927774,0.13224213,0.44784278,-0.33666188,-0.0642972,0.46753493,-0.18986918,-0.6234107,-0.5144065,0.0008472387,-0.6345241,0.42432642,-0.5442853,0.35828716,-0.779086,0.8358066,0.17508076,-0.34661523,-1.1591774,0.7101874,-0.079764985,-0.21294415,0.0067265914,0.2125702,0.42412093,-0.46834457,-0.34725678,0.18348734,0.1750255,0.6320488,0.092256255,-0.433358,-0.39411685,0.20237564,0.4054088,-0.13937147,0.32609934,0.117161654,-0.23884793,-1.111391,0.5343913,0.37662178,-0.615046,-0.007510288,0.6116706,0.25133014,0.5055273,-0.09922241,-0.4495605,-0.26191914,1.1993525,-0.4351516,-0.42808455,0.49124902,0.0688412,0.13776106,-0.6839741,0.3655985,0.3168903,-0.16836937,-0.30683887,0.7175837,-0.04263653,-0.10811594,-0.074150704,-0.67847866,-0.0467377,-0.10356397,0.69580764,-0.28103098,0.0735873,0.059193507,0.9883999,-0.062687755,-0.28924894,-0.38124526,-0.5707688,0.19504209,-0.15530731,-0.10553307,-0.25786006
cancer_inhibition,-0.0185221,-0.047875296,0.02615328,0.13543619,-0.31215644,0.20437936,0.25142747,0.41647884,0.6426554,-0.20579208,-0.29656565,-0.8080219,0.4333611,0.674801,-0.24324363,-0.3201954,0.40219092,-0.5919677,-0.50696623,0.06632006,0.067541935,0.5112606,-0.3671916,0.3545364,0.18441042,-0.05474231,-0.33600378,-0.18270934,-0.051709384,-0.7412849,0.160482,-0.53811705,0.030728051,-0.87693435,0.65619886,0.22944926,-0.6685106,-0.8157924,0.31280467,0.5806271,-0.10324617,0.115747,0.119517155,0.49147496,-0.24307124,-0.34758306,0.29414693,0.18721934,0.8639752,-0.09646122,0.19062498,-0.35485113,0.38789317,-0.038043607,-0.24394321,0.37222755,0.17128198,-0.43252423,-0.785601,0.53043485,0.56687033,-0.6338936,0.031742603,0.3130632,0.23538218,0.5316289,0.23254117,-0.43047562,-0.17844592,0.9616983,-0.27873954,-0.77721256,0.2066361,-0.31988448,0.13713712,-0.55940115,0.43252796,0.40538946,0.01363183,-0.20279095,0.7307327,-0.110426635,-0.025903221,-0.116463624,-0.4667027,-0.038226124,-0.11218812,0.36332712,-0.40353334,-0.072440214,0.10554737,0.9371672,0.040834926,-0.15566024,-0.46303052,-0.37742457,-0.02927753,-0.16298838,-0.071040474,-0.028446903
sulfur,0.65710664,-0.4671829,0.27908328,0.35633284,-0.1409001,0.68884426,0.7357486,0.4198561,0.07416275,0.064921,-0.12974806,-0.6217636,0.6011312,0.056465372,-0.31071696,-0.1728569,1.1260253,-0.47118753,0.6106943,0.85874283,0.2747413,0.29222736,-0.40051475,0.29412633,-0.38917074,0.836872,-0.31316024,0.5889919,0.20411296,-1.2016027,0.08833283,-0.73045653,-0.41953206,0.54797006,0.47693694,-0.16087765,0.64465046,0.03150521,-0.34638608,-0.025654607,0.36631238,0.19630203,0.32569453,0.15111168,-0.26196072,-0.21034865,-0.19420521,0.17774154,0.74891555,-0.16566357,-0.12829131,-1.1713197,0.48885745,0.09533994,0.79514235,-0.4770987,-0.07039767,0.62067586,-0.31428832,0.5661525,0.29139373,-0.45139974,-0.5341189,0.6460482,0.3880944,0.92882615,-0.735886,0.01797042,1.1045003,0.20117424,0.22872777,-0.024515709,-0.0020333403,-0.11919035,0.5237371,-0.21927187,-0.36689782,0.05623125,0.029183853,-0.07650048,0.031462118,-0.61117697,0.22369426,-0.6799631,-0.41398904,0.16365582,0.25821206,-0.026093775,-0.9035729,-0.35552105,-0.92914486,-0.27728426,-0.65954155,-0.545202,0.099060744,-0.7037653,-0.08023285,0.22873172,-0.32198057,0.041762702
water_purification,0.64649016,0.19720055,-1.4231848,0.3301729,-0.934253,0.54473984,0.11208584,-0.13733332,0.6584561,-0.13247097,-0.5565796,0.1255142,-0.35691717,0.7969699,-0.58551913,-0.62582135,1.5310383,-1.0161366,-1.0172018,0.121992946,0.5695245,1.360407,-0.48570448,0.5609332,-0.70366526,0.6205617,-1.2500818,1.2184442,0.06811484,-1.2376529,-0.0054105837,-0.9242284,0.26140195,0.0704674,0.053013895,0.055443652,-0.15256423,-0.5433891,0.2172859,0.6778796,0.33687294,-0.077386685,0.41549155,-0.22416896,0.066896826,0.4455779,0.052753344,0.43666884,0.26378375,-0.6793732,0.39511025,-1.0043741,1.097141,0.3311682,0.7349982,-0.76681226,-0.31648582,0.085955545,0.24713042,-0.13604584,0.10196924,0.44894606,-0.66348505,1.1085664,-0.034038525,0.40357774,0.03630905,-0.73849165,1.0497196,1.1755514,-0.049095564,0.70819515,0.8458221,-0.80482095,-0.40353003,-0.9727092,-0.643659,0.1560573,-0.21670389,0.19224103,-0.17843147,-1.1413215,0.20751558,-0.32572332,-1.2495846,-0.1670366,0.81794727,-0.21181104,-1.3232584,-0.19407152,-1.4385425,-0.3603835,-0.03899199,-0.95141286,-0.4491201,-0.3156062,-0.72962594,-0.06933738,0.52655125,-1.0113086
nitrite,0.16610974,0.05033152,-1.1541934,0.4064166,0.0077330107,0.4831764,0.20545505,0.23121183,0.1832951,0.47556585,-0.37478814,-0.36403745,0.16889597,0.6619982,-0.65239865,-0.06560793,0.66211635,-0.84060323,-0.42797485,-0.34857175,-0.16345587,0.69656646,-0.16505544,0.013570533,0.013309152,0.17860219,-1.1236405,0.5159435,0.48122805,-1.0644933,-0.0577165,-0.25253013,-0.0456927,0.043222684,0.2963063,0.027393727,-0.10893727,-0.35747325,0.13480109,0.46093884,0.41391787,0.21745354,0.5613116,0.51946026,-0.24851954,0.12762968,0.31147078,0.5698001,0.4847722,-0.4664749,-0.38476786,-0.7289887,0.580738,0.4099881,0.91400343,-0.6727642,0.07072285,-0.41236663,-0.15798122,0.3581679,0.14562981,-0.0063029607,-0.06127766,1.0802244,0.18186888,-0.22200282,-0.08929377,-0.5988103,0.8412967,0.37073037,0.29128438,0.28464752,0.46075985,-0.83564043,-0.20948517,-0.18248425,-0.37230417,0.097237945,-0.2975243,0.40159413,0.09354418,-0.6477546,0.41456258,-0.7995701,-0.6584645,-0.018674599,0.29847756,0.35877714,-0.67371047,0.12941107,-0.19868383,0.09758269,0.037620235,-0.35932845,0.19068338,-0.022652889,-0.210444,0.52758324,0.29009297,-0.8935534
bacterium_culture,0.20965837,-0.09585924,-0.5984305,0.04748192,0.10031117,0.13323224,0.44120604,-0.029450137,0.3153519,0.2573256,-0.37282708,-0.29557002,0.11638847,0.5825862,-0.8148043,-0.28626764,0.54226035,-0.24075513,-0.12480662,-0.025117965,0.07190845,0.353356,-0.31293222,0.22135867,-0.22907153,-0.11553452,-0.47776017,0.26254904,0.33263808,-0.77243984,0.13281049,-0.027210401,0.14032952,0.35463244,0.18683948,0.06270453,0.19471349,-0.46880206,0.05423652,0.54253376,0.30945998,0.4415635,0.7193652,0.56959414,-0.20164143,-0.20307179,0.057653625,0.41590887,0.3777155,-0.2566272,-0.47417417,-0.6480665,0.32881603,-0.02394922,0.73207366,-0.5856003,0.2802605,-0.1674231,-0.04101576,0.29464203,-0.022487063,0.3401657,0.24789189,0.5655579,0.2928805,-0.023354882,0.030006535,-0.21783732,0.84921134,0.12240064,0.2848402,0.4400869,0.318588,-0.7682111,-0.08792797,-0.10015415,0.40360668,0.14641067,-0.3983158,0.23668948,-0.09318765,-0.6483862,-0.10592064,-0.38652694,-0.74725753,0.08790457,0.3754118,0.43721464,-0.6000834,0.2099185,-0.0451678,-0.15096019,-0.22234665,-0.39949957,0.3182894,0.011865194,-0.24591593,0.40259364,0.4609803,-0.5844345
crystal_structure,-0.1685261,-0.50361246,0.33149987,0.21199304,-0.18525423,0.1678502,0.2464101,0.3259086,0.12734985,-0.43026897,-0.071047,-0.12052263,0.08102413,0.028442524,-0.09437971,-0.17864813,0.303636,-0.48620647,-0.38560048,0.201776,0.18352835,-0.13837332,0.28023428,0.43036556,-0.5908733,0.326272,0.28631026,0.23107983,0.15173058,-0.094458126,-0.20371367,-0.8578443,0.013296777,0.3656787,0.5665074,0.15276402,1.2946283,-0.3953201,-0.05476929,-0.3944892,-0.037678126,0.27131608,0.030060805,-0.554403,-0.25780436,0.15331988,-0.32592514,-0.1653473,0.7742941,-0.27019602,-0.043266986,-1.1767672,0.7253314,0.27927405,0.29245794,-0.19458733,0.3546989,0.4656654,0.14241908,0.18341236,0.31803527,-0.22246328,-0.75342864,-0.12682079,0.3295725,0.40925744,-0.3395462,0.024545511,0.71028864,0.4065719,0.52821517,0.6202568,-0.6741363,-0.21877892,-0.21583945,-0.0049917586,-0.23710813,-0.5317223,0.35972413,0.36480835,0.20030661,0.45080185,-0.23085114,0.102525994,-0.33809263,0.810908,0.38681972,-0.83717084,-0.36618683,0.10858245,-0.5216564,0.15014525,-0.61363006,-0.4554347,-0.28176203,0.0515601,0.039124437,0.57281905,-0.11849094,0.25335678
polymerization,-0.044057008,-0.39171368,0.12699908,0.06023784,-0.7327011,0.11638368,0.28112084,0.23275527,0.21232918,-0.33460176,-0.59630775,-0.3112484,0.21269867,0.6540645,-0.37796563,-0.016447114,0.23644924,-0.3450321,-0.046738215,-0.024063058,-0.09254406,-0.054132435,-0.31816584,0.44932678,-0.22151601,0.061830964,-0.29476178,0.104252435,0.34080446,-0.5947825,0.55392987,0.034686767,-0.06659501,-0.49216238,0.32447496,0.17563747,-0.631016,-1.359503,0.18961985,0.8883508,-0.75577575,0.10420472,0.12754971,-0.21047306,-0.23300898,-0.6645805,0.53206956,0.19550735,0.894763,0.10085839,-0.0728048,-1.2051613,-0.14351621,-0.09244818,-0.11198869,0.21627413,0.31041038,-0.042518917,0.30508772,0.13610323,0.0130383,-0.5045788,-0.038804352,-0.45481128,0.35955495,-0.0015446924,0.117714524,-0.12768732,-0.43553185,0.6819318,-0.11169622,-0.3435357,-0.18910953,0.0642398,0.23969428,-0.4972104,0.32454064,0.3081371,-0.3049883,-0.41577673,0.26708445,0.110197715,-0.26950887,0.37894747,-0.43543822,-0.063694656,0.1299449,-0.31138587,-0.31002265,0.22480886,-0.3975389,0.7651365,-0.1816935,-0.67309445,-0.35772336,-0.16322844,-0.38965335,-0.010142217,-0.4674971,0.14471255
polyester,0.019563876,-0.054426096,0.2619979,0.12838383,-0.2794452,-0.019843193,0.48806983,0.061145224,-0.24493298,-0.65078634,-0.86277926,0.35166782,0.22064634,0.79224324,-0.7279654,-0.22254597,-0.13817717,-0.54171836,-0.0013356275,0.29865274,-0.3951339,0.01096626,-0.16854607,0.018536441,-0.30986345,-0.13036434,-0.46453077,0.4780445,0.3718626,-0.070470795,0.23839492,0.12025736,0.0052384506,-0.3209976,-0.2818812,-0.2760727,-0.12337019,-1.1832541,-0.29772028,0.56306195,-0.63166416,0.2968264,0.38878232,-0.58486724,-0.24548836,-0.012313157,0.16509607,-0.20274913,0.58118564,-0.3214815,-0.011883907,-1.2898586,-0.06074383,-0.08371541,0.18166192,0.17086317,-0.025957761,0.11484035,0.3813369,0.22997399,0.022040999,-0.25114527,-0.35306424,-0.47839755,0.66585284,-0.39711502,1.0756897,0.08731982,-0.34772208,0.2549796,-0.12055386,0.12845078,-0.5653068,-0.40884212,-0.18581621,-0.46889126,-0.096982904,0.12285511,-0.53389204,-0.43492734,-0.3603189,0.513006,-0.050708573,0.4393548,-0.56787056,0.28821617,-0.40594584,-0.4267479,-0.49495217,0.5962581,-0.4164603,0.42661178,-0.5156194,-0.6971484,-0.28605643,-0.12391816,-0.10172348,0.25465527,-0.31665835,0.27902985
irradiation,0.35875577,-0.30764815,-0.21465264,-0.14628758,-0.20835708,0.9491349,-0.0038581002,0.2704703,-0.1616822,-0.4288474,-0.34752926,0.055019002,-0.122814596,1.0696889,-0.6670829,0.011788905,0.15516357,-0.08682415,0.21518807,0.042943303,-0.60059416,-0.04003823,0.08862784,0.14324553,-0.6877607,-0.4804326,-0.33966413,0.75426084,0.49184176,-0.60300493,0.30778474,-0.07326952,0.016554609,-0.45299047,0.60981274,-0.068925016,-0.6702228,-1.1679393,0.32768726,1.0646633,-0.490982,0.94291306,0.8144237,-0.29965,-0.0006578436,0.5583502,0.052157927,0.21679991,0.7346017,-0.32530597,0.15502805,-1.5621035,-0.3445498,-0.24026433,0.7829447,-0.62410545,-0.1310045,0.7896969,0.6700919,0.27009377,-0.44394594,-0.35248712,-0.10569266,0.04537873,0.6955309,-0.6755151,0.38968614,0.22050719,-0.111571275,0.3835123,-0.15833142,-0.06573169,0.25647783,-0.3784902,-0.16997413,0.10442068,-0.20080955,0.23516972,-0.6239048,-0.33215648,0.1662982,-0.15822853,-0.4525273,0.24373676,-0.5341467,-0.08740696,-0.3224674,-0.25102684,0.05102436,0.20998651,-1.272912,0.36525917,0.08976763,-0.5870135,0.16268077,0.4188223,-0.5691053,-0.07325331,-0.84815794,0.114632756
liver_cell,-0.31091058,-0.23895688,-0.2668358,0.2321097,-0.32302073,0.061104275,-0.1059617,0.7595137,0.3396973,0.1417947,-0.5018486,-0.4131588,0.5269923,0.53398055,-0.044463318,0.1440056,-0.29675308,-0.13509008,0.35483062,-0.04641872,-0.09718634,0.08913,-0.32447124,0.1570711,-0.037824534,0.44491297,0.4367146,-0.098053895,0.80536973,-0.7796235,0.4472761,-0.37409574,0.19829853,-0.26205176,-0.01939673,0.22164297,-0.18662147,-0.9333689,0.68729883,0.76381344,-0.39520064,0.44132325,0.028574094,-0.33954337,0.31537536,-0.8651356,0.67669934,0.3842517,1.196922,0.22478011,0.26374677,-0.5815427,0.33989513,0.09269598,0.26817274,-0.016626777,0.59735715,-0.031946305,-0.47689688,0.18181072,-0.33212855,0.6452404,-0.3098254,-0.34901857,0.15457143,0.018934093,-0.73369265,-0.11330342,-0.4810144,0.8159342,0.04092618,-0.104140125,0.11504155,-0.229826,-0.24199267,-0.13106546,0.40316802,0.7580308,0.40890753,-0.7284801,0.13322836,0.1664209,-0.40443206,0.21389169,-0.13100778,0.48989123,-0.11624288,-0.24508023,-0.48650807,-0.08269641,-0.255802,0.20830478,-0.1426665,-0.6506869,0.02072853,-0.077367365,-0.3584766,-0.40865228,-0.71667004,0.13452688
neurodegenerative_disease,-0.1760491,0.0654475,0.095196374,0.38581708,0.03590762,0.10973014,0.8032342,0.7335991,-0.100936815,0.29641187,-0.612762,-0.4929659,-0.022922711,0.62440133,-0.15097728,-0.37129316,-0.10988987,-0.75427836,-0.1018742,0.016249266,0.46330932,-0.67620534,0.5011885,0.39252627,-0.2779337,0.035334393,1.0719967,-0.43285432,-0.09397517,-0.5011871,-0.77838343,-0.7614431,0.3092625,0.29804322,0.41326648,0.1279369,0.9880271,-1.3206125,0.44897673,-0.013071396,-0.2750325,0.29334748,-0.2628337,-0.7973099,-0.06822133,-0.14209695,-0.2488546,0.15769933,0.3763137,-0.26136672,-0.057546124,-1.0253751,0.7020011,0.36519796,0.13796258,0.29660508,0.7307368,0.25405952,0.03343879,0.43316376,-0.34760574,0.27613282,-0.42592716,-0.1026197,0.011726689,0.20319085,-0.31376785,-0.12964384,0.37672877,0.45531738,0.7368981,0.806954,-0.32974163,0.22691149,0.3073285,0.29407814,-0.051833928,-0.09481915,0.090643235,0.3726128,0.6740931,0.43259227,-0.42230546,0.037740797,-0.2805663,0.1521602,0.87439156,-0.15784217,-0.14642867,-0.026593115,-0.63214755,0.2084637,-0.27149725,-0.693924,-0.3654105,0.05872035,0.10787624,0.9482579,-0.24820371,0.113340214
circadian_rhythm,-0.55294484,0.052131362,0.11665848,0.41511592,-0.23643419,0.2921486,0.14524987,0.84336084,0.2877875,0.09311802,-0.42681503,-0.6987762,0.19421534,0.5767705,-0.2991156,-0.2775893,-0.58803064,-0.60032594,0.04221792,-0.120596424,0.11397144,-0.12621036,0.7068725,-0.19734272,0.12374656,0.09521692,0.6447036,-0.4264573,-0.11488847,-0.44976082,-1.2948895,-0.81328654,0.13749179,-0.35152063,0.051281482,0.35162953,0.40612718,-1.049038,0.16283706,0.2721681,-0.3697716,0.9426064,-0.39913094,-0.5734754,-0.18752906,0.39835438,-0.16239637,0.31804636,0.35277113,-0.584463,-0.055442363,-0.40126663,0.5697745,-0.057889763,0.08163479,0.09885475,-0.13341464,0.09156102,-0.4909602,0.35158843,-0.4462769,0.60958666,-0.7707253,0.5492461,0.10310643,-0.19070369,-0.050407782,-0.005012191,-0.4156733,0.45273033,0.18315032,0.10799318,0.049402036,-0.22083174,0.012996038,-0.7930627,-0.04645791,0.44696948,0.45542043,0.24740791,0.79906523,0.31703502,-0.59704506,0.2591122,-0.2847894,-0.1010773,0.050205402,0.11434101,-0.18990418,0.08160166,-0.5592003,0.49861652,0.47175297,-0.87198615,-0.33269376,0.32884562,0.23239861,0.72404635,-0.8984928,-0.17371607
syrian_hamster,0.027001964,0.09453385,0.24015203,-0.28348237,-0.13126442,-0.2517122,1.1294739,0.35495302,0.72679657,-0.3364513,-0.7492362,-1.0124892,0.27386096,1.003444,-0.52090925,-0.17269552,0.5989054,0.009689459,-0.45517528,-0.2673206,-0.04618332,0.13724066,-0.21251683,0.16478297,0.14604373,-0.49821267,-0.18009843,-0.2307761,0.07768946,-0.43708447,0.042422038,-0.26213023,0.6358488,-0.28374803,0.5299675,0.1357791,0.14261857,-1.2387375,0.46726298,-0.67680186,-0.056959845,0.29084435,0.02821144,0.2125095,-0.26703686,-0.10151536,-0.13753389,0.13505495,0.41808304,-0.4019497,-1.1423157,-0.61017275,-0.05907558,-0.05106318,-0.20155919,-0.59314877,-0.018642394,0.11229973,-0.7610649,0.17382129,0.010029874,-0.45113647,0.17186521,1.0197295,0.23198813,0.47934595,-0.6356871,-0.14267735,-0.26663578,0.8532191,-0.21373598,0.15789282,0.12216548,0.4205618,0.58793646,-0.81933004,0.29611102,0.19485252,-0.0070241643,-0.13983017,0.46866694,0.100685365,-0.20410621,0.45857427,-0.41158542,-0.20736301,0.06694561,0.36925536,-0.26211533,0.65214455,0.20174682,0.7055318,-0.0042446344,-0.5812671,-0.10259203,-0.34310785,0.15037236,0.3460473,-0.49354377,-0.01084568
regulatory_mechanism,-0.15999264,-0.010449233,0.21171749,0.18662505,-0.3180358,-0.41148955,0.36801064,0.40878278,0.62954056,-0.29928532,-0.34900624,-0.8194962,-0.06379507,0.63234454,-0.61554354,0.01749358,0.38699296,-0.17591058,0.008895112,-0.19082639,0.3944048,0.26020837,-0.06732494,0.069401085,-0.46751443,0.19338185,0.73089796,-0.22292551,-0.14601843,-0.25751734,-0.87841105,-0.8635199,0.4692825,-0.7366728,-0.13745981,-0.07217822,0.66635805,-1.4170935,0.3552328,-0.48998466,-0.1414917,0.9169521,-0.24497664,-0.6876021,-0.05238567,0.030846203,-0.6075645,0.35428366,0.43159425,-0.6226098,-0.35046837,-0.5136567,0.74629116,-0.122094996,0.020315267,-0.3129688,0.0902274,0.5943813,-0.58980095,-0.02762166,-0.20216557,0.17935126,-0.22771002,1.358751,-0.5155277,0.46194598,-0.47422424,0.2400553,0.2463229,0.7765318,0.5678849,0.7986224,0.108342096,-0.26740748,0.56252766,-0.94153506,0.60281867,-0.25495926,0.2630428,0.04729195,0.32394484,0.6537865,-0.16864148,0.1603471,-0.112444185,-0.15930313,0.3483762,0.15364628,-0.39009506,-0.00978262,-0.3697512,-0.33747384,-0.046367176,-0.8066626,-0.9845912,0.36420268,0.15831669,0.4170687,-0.4642528,-0.29433313
"gene_expression_regulation,_neoplastic",-0.21606594,0.04854816,-0.5356131,0.43308192,-0.070394404,0.3666115,0.16342811,0.8454822,0.83932906,-0.23820546,-0.49601334,-1.0712512,0.6159128,0.776086,-0.36609548,-0.092970595,-0.14532815,-0.67599833,-0.31968728,-0.11898277,-0.081226185,0.09449793,-0.05963354,0.020134287,-0.45738304,-0.3394337,0.17968236,0.4102436,0.3551411,-1.1691874,0.011853716,-0.08883825,0.3842656,-0.31606942,0.59491956,0.13207175,-0.12173071,-0.5574857,0.69657844,0.55553323,-0.3426968,0.13181813,0.36135393,-0.12173789,-0.39480668,-0.2991661,0.16568437,0.429251,0.5286162,0.11591288,-0.16885908,-0.5664753,0.4164458,0.26604614,0.1765334,-0.057663362,0.5879425,-0.010531776,-0.84891146,-0.28417856,0.26109183,-0.063235536,0.64107794,0.16205114,0.21683395,0.6732638,-0.4831351,-0.6603793,-0.14373875,1.2462231,0.14951126,-0.33032116,0.6435239,0.36875653,-0.03635598,-0.6871748,-0.10154487,0.49707952,0.30523598,-0.44851947,0.8339938,-0.13220772,-0.35231367,0.15087804,-1.007662,0.025083954,0.10344538,0.61498845,-0.4465314,-0.40355274,0.06895939,0.7644211,0.5662872,-0.77997994,0.21255028,-0.7107159,0.15899356,0.042020276,0.50794744,-0.0017452802
epithelium_cell,-0.44463494,-0.01721497,-0.4611772,0.13830346,-0.17213292,0.4298074,0.18151145,0.5326592,0.63306993,0.17123835,-0.63052887,-0.21778262,0.7912047,0.3645867,-0.3896638,0.18064353,-0.4336822,-1.0085354,-0.6770974,-0.16987367,-0.0606143,0.28753185,-0.3464542,-0.029502599,-0.15971096,-0.0272408,-0.3750449,0.17869611,0.2621698,-0.6580934,0.38122517,0.25612542,-0.05460653,-0.19995014,1.2522215,0.32757154,-0.13900176,-0.24645594,0.7751294,0.7649449,-0.48839438,-0.18200657,0.9799745,0.21730378,-0.49894294,-0.057062972,0.21914524,0.20387343,0.6818766,-0.08357482,-0.61149067,-0.39578876,0.22275732,0.5127722,-0.26155692,0.0031102647,0.8743862,-0.21281457,-0.80919373,-0.037772287,-0.012022935,-0.021251278,0.14711185,0.04941795,0.30738056,0.41639167,-0.09743294,-0.25336212,-0.16264649,0.60422546,0.16468567,-0.110411145,0.7354376,0.31055304,-0.1777505,0.1817791,-0.003879698,0.18976474,0.6419019,0.27329037,0.7552749,-0.35312563,-0.39502534,-0.27782062,-0.7935089,0.279745,0.366911,-0.20758773,-0.12091415,-0.6151806,0.41300645,-0.07748385,0.3444933,-0.70228446,0.19695444,-0.5803618,0.18041098,0.28354794,0.452672,-0.2965993
epithelial_cell,-0.46277165,-0.046459194,-0.4652564,0.09578809,-0.2002897,0.42490694,0.15607971,0.5598365,0.6190191,0.18308496,-0.650004,-0.17471907,0.76308817,0.38902813,-0.39958924,0.12888877,-0.47492066,-0.99408126,-0.7094011,-0.13029604,-0.08649874,0.32230133,-0.34031233,-0.015226944,-0.20705344,-0.02300087,-0.3549119,0.14804767,0.25258628,-0.7156985,0.4224188,0.27515003,-0.05142199,-0.169817,1.2951638,0.37938333,-0.14886436,-0.20005605,0.86954606,0.78545386,-0.505917,-0.1994682,0.99743766,0.27653235,-0.47602144,-0.052745406,0.19328874,0.1978919,0.73171455,-0.08793505,-0.552632,-0.4105638,0.22669587,0.5315383,-0.24550873,0.019376783,0.87141925,-0.20536129,-0.8035115,-0.06810449,-0.022743048,0.01991955,0.15209298,0.0105029065,0.35817674,0.43233532,-0.08991469,-0.2618294,-0.15983793,0.5642661,0.18887997,-0.07847371,0.7794071,0.27878982,-0.20568682,0.15017703,-0.049718853,0.17480941,0.6344745,0.31578663,0.75067264,-0.40024152,-0.41659838,-0.29267174,-0.7757978,0.2902166,0.4162949,-0.17853256,-0.15745555,-0.60471576,0.37798116,-0.039539687,0.3496956,-0.6800274,0.21457234,-0.5796572,0.20971721,0.25831154,0.45716107,-0.31189942
breast_cancer_cell_line,-0.14564584,0.028262086,-0.06844192,0.28901783,-0.19989802,0.32887337,0.1226785,0.51908815,0.6313035,-0.36999738,-0.3699411,-0.6119973,0.5403439,0.85087585,-0.13922797,-0.026529588,-0.13427584,-0.96017236,-0.40291575,-0.28037634,0.06282382,-0.063244686,-0.043210763,0.11888697,-0.10566884,-0.38919967,0.05594681,0.25488207,0.4005695,-1.1721822,0.35758805,-0.00061115884,0.10223196,-0.29883265,0.8113339,0.08640557,-0.38533452,-0.4881789,0.77187955,0.42719907,-0.27674386,-0.084344976,0.680129,-0.26325855,-0.3250704,0.12865819,0.06891246,0.8471075,0.73455036,0.20922472,-0.2542804,-1.0125284,0.32953897,0.20806591,-0.016366359,-0.17748514,0.5866733,0.014707159,-0.89245915,-0.19200265,0.24132495,-0.3564994,-0.027320778,0.015365274,0.13826299,0.43562156,-0.46199238,-0.5025011,-0.21317782,0.8118908,0.018354189,-0.18555592,0.676874,0.14776243,0.2489795,-0.75874025,-0.024094062,0.33215228,0.26013455,-0.37182298,0.5061438,-0.24867481,-0.33799455,0.32435384,-0.88354963,0.07595216,0.1561478,-0.01675736,-0.39862996,-0.42612177,0.042598307,0.83426017,0.3919287,-0.8597757,0.07904838,-0.6594785,0.0034278014,-0.18645367,0.37561575,-0.020951705
photon,0.10272093,-0.13511948,-0.459463,-0.35652903,0.46732792,0.5143295,-0.2957574,0.59064674,-0.75587004,0.054954223,-0.16409253,-0.25461707,-0.36404887,0.8269235,-0.3682797,-0.3193626,-0.10750081,-0.53372663,-0.5656047,-0.88439023,-0.52565384,0.5195506,0.44449815,-0.40009972,-0.37791452,-0.36631736,-0.4806432,0.6006166,0.088390365,-0.71022755,-0.045052417,-0.055769507,0.24816433,-0.0058717895,0.3743528,0.24281341,0.21124627,-0.78042156,0.91265017,0.72754085,0.2474846,0.44097742,0.8586605,-0.62743944,0.15718456,0.7427972,-0.10894589,0.08095835,0.73050505,-0.4010831,0.07650596,-0.9138634,0.14178625,-0.09569916,0.5850895,-0.91409665,-0.05493944,0.74032223,-0.37065232,0.108884454,-0.18304949,0.11818613,0.17697336,0.44473648,0.91065574,-0.62797785,0.50535166,0.087136954,-0.01544643,0.4203522,-0.21147324,0.7040411,0.9552848,-0.43701842,-0.49795884,-0.015658917,-0.6151637,0.13598864,0.40719867,0.0014083423,0.16212815,-0.15398966,-0.09891731,0.13470009,-1.3045771,0.45548216,0.36504567,-0.08074673,0.17116381,0.1300494,-1.0691013,0.3222972,0.36008677,-0.45784244,0.56693345,0.7245652,0.17596468,-0.43088877,-0.16647445,-0.5085003
intelligent_system,0.3717545,0.07240234,-0.4783654,-0.4280343,0.5117521,0.30241168,-0.097645074,0.47316146,-0.37791157,0.015603095,-0.59151655,-0.08444826,-0.0474684,0.52066255,-0.35828277,-0.4155222,0.065650396,-0.6404728,-0.82664025,-0.86827344,0.07494744,0.89779216,0.15127744,-0.30327123,-0.19951564,-0.42125008,-0.7385594,0.096926175,-0.06806484,-0.46688807,-0.014536978,0.30344746,0.23756292,-0.19472958,0.6683413,0.087744586,0.6253739,-0.86582625,0.506719,0.074826635,0.2250154,-0.61686355,0.48149246,-0.6998517,-0.10965419,0.37096295,-0.053126477,0.3878497,0.28697452,-0.6450859,-0.09574733,-0.74293536,0.49658713,-0.050998766,0.063846946,-0.43140465,-0.003898451,0.6855747,-0.13595259,0.040173087,-0.45740122,0.044192184,-0.5186244,0.11325883,0.3642436,-0.11578619,0.3800327,-0.098677725,0.046059538,0.38296375,0.083161406,1.0995376,0.7044785,-0.455096,-0.5300819,-0.118463255,-0.5438946,-0.3880636,0.57849675,0.4872316,0.11832884,0.41865098,0.2851539,0.43967426,-1.2898492,0.39462122,0.54448146,-0.13039815,0.1784596,0.35257596,-0.58417934,0.12646842,-0.035168577,-0.06312871,-0.07159521,0.28166482,0.26748446,0.12180656,-0.14854237,-0.29286015
pollutant,-0.056524962,0.061206628,0.0098926285,-0.23466098,0.257743,0.38982505,0.04396936,0.1831482,1.3103422,-0.4139348,-0.85224485,-0.057391036,-0.07957397,-0.4829059,-0.42603225,-0.640084,-0.24714114,-0.5101202,-0.95280904,0.34676632,0.8161734,0.89547896,-0.6013502,1.1765641,-0.07513793,0.022859195,-0.4219392,-0.19184178,0.14950407,-0.36717418,-0.17751828,-0.31960478,-0.48907274,-0.037905023,-0.25219423,0.20881683,0.74121016,-0.89516044,0.31256276,0.2383529,0.5267981,0.3500358,-0.3539136,-0.14856572,-0.4182383,0.54772663,-0.29508385,0.63030225,0.09302131,-0.4590309,0.0793936,0.15202232,0.28366655,-0.28918123,0.6369597,-0.0691252,-0.71979845,0.8063594,0.19900033,-0.14411154,0.44637913,-0.12749867,-0.29955843,0.6008168,0.46198627,0.7558526,-0.24433574,0.2903738,-0.0142018525,0.50515604,0.24033953,0.27433747,-0.03137763,-0.4470003,0.36799756,-0.69562244,0.54068005,-0.06273795,0.71165055,0.1338973,-0.28008643,-0.39605352,0.22618283,0.33334765,-0.8036151,-0.51045805,-0.14044103,-0.41145116,-0.39657724,-0.031590223,-0.54149073,-0.27184224,0.16092445,-0.40173644,-0.6607439,-0.12666258,0.04102386,0.54993,-0.5963312,0.56956804
heavy_metal,0.43006793,0.37987053,-0.063908294,0.14139763,0.19188777,-0.19748172,-0.44697073,0.1177899,0.8753285,-0.67612,-0.8682715,-0.5954345,-0.4530623,0.049437307,-0.5549181,-0.5554628,-0.0960384,-0.21137407,-0.8816318,-0.15856934,0.53297067,0.7521269,-0.30728072,0.6281893,-0.006127673,-0.07331716,-0.26850563,-0.70126104,0.16898072,-0.9874132,0.21180484,-0.61278015,-0.15641525,0.19467773,-0.2586882,0.5055062,0.41423988,-1.1210731,0.57846874,0.04407421,0.4561228,0.3270964,-0.49931458,0.26129186,-0.6312156,-0.12158288,-0.049921643,0.6325324,0.0012015089,0.031535596,0.4448872,-0.80653703,-0.08334677,-0.19656816,0.5977968,0.11478537,-0.29416606,1.0828044,0.08558118,-0.11001274,0.41044012,-0.63492656,0.15639791,0.47908533,0.51273304,0.39788088,-0.7602349,-0.21901813,-0.111554384,0.48055038,-0.104638234,0.0418158,-0.12336404,0.38104507,0.43421674,-1.2739686,0.6043915,-0.1345998,-0.040036805,0.16457324,0.0114480285,-0.24399114,-0.015359634,-0.07342127,-0.550372,-0.044883713,0.0836763,-0.42689988,-0.37328023,-0.07106813,-0.7975753,0.2582306,0.5348675,-0.22029045,-0.44394433,0.13323858,0.1743179,0.17729321,-0.04126686,-0.042809475
arsenic,0.679075,0.22233704,-0.24795298,0.24783339,-0.025221923,0.10513799,-0.10899165,0.31857494,0.5682662,-0.33665246,-0.89108914,-0.015029227,-0.088922225,0.0963563,-0.46524167,-0.16064638,-0.3237109,-0.23814368,-1.0684792,0.042459935,0.24906066,1.2462184,-0.29531294,1.0224936,-0.18411268,-0.13950922,-0.850763,-0.22180295,-0.052002545,-0.55971736,-0.062140223,-0.3617045,-0.101444416,0.038329665,-0.59002733,0.33459374,-0.010157209,-0.7082189,0.29082665,-0.27687046,0.82261485,-0.0035783984,0.029038213,0.03608471,-0.19528201,0.5846595,-0.19105926,0.28925776,0.124454066,-0.65534395,0.4902069,-0.31923088,0.23161206,-0.42712277,0.64237344,-0.43315977,-0.4406294,1.2054168,0.24746892,-0.113325655,0.42137492,-0.54771596,-0.11975872,0.7258659,0.55807745,0.0014933803,-0.21671996,-0.3313798,-0.22435726,0.48692644,0.08922774,0.40369666,0.053208586,-0.46791977,0.35231,-0.83401227,0.13463299,-0.1797423,0.206727,0.04578459,-0.6777399,-0.21823175,0.59904116,0.07179607,-0.023312027,0.07403531,-0.2289108,-0.2576823,-0.2552491,-0.000823265,-0.5391209,-0.55468255,-0.052654684,0.014444449,-0.1399618,0.0430761,0.007064913,0.51374346,-0.83380306,-0.049710162
photocatalytic_activity,0.18588601,-0.74764687,-0.830627,0.083282165,-0.2690737,1.0619959,-0.08791582,0.36864248,0.051067404,-0.270819,-0.77177364,-0.1396573,0.117782146,0.6916361,-0.862908,-0.38919517,0.016448729,-0.11140909,-0.07497436,0.027936244,-0.52257097,1.0339688,-0.5825133,0.15784805,-0.57619977,-0.18924212,-0.6872326,0.61567014,0.77593815,-0.44258964,0.31707263,-0.2462421,0.33410332,-0.29780608,-0.16254616,-0.3065994,-0.26622504,-0.32729384,0.118523404,-0.028373526,-0.3766347,0.48922157,-0.10681388,0.25654665,0.11746405,0.35920826,0.2635969,-0.69467074,0.6954497,-0.66364723,-0.31682935,-1.4321744,-0.39371473,-0.6237885,1.0058763,-0.4328479,-0.22673376,0.37956917,0.20014967,0.6468337,-0.43542776,-0.30013266,0.005841097,-0.04733562,0.35410708,-0.08700723,0.29544783,-0.26527664,-0.061211653,0.60068303,0.16070773,-0.23266909,-0.093633465,0.32243606,0.07312111,-0.1129949,0.12383116,-0.3977701,-0.27549288,-0.5248621,-0.025980692,-0.8114087,0.73013186,-0.049829435,-0.58453953,-0.03917181,-0.049925394,0.35922,-0.3938413,0.645179,-0.7654789,0.5087475,-0.060327522,0.009439552,-0.5536429,-0.23268987,-0.09524431,0.552874,-0.98505723,0.21063742
photocatalysts,-0.35458684,-1.0015019,-0.66874105,0.21793757,-0.20312175,0.4199154,0.21468034,0.29007575,-0.04005387,-0.5034402,-1.1115432,-0.09523627,0.23726903,0.43926245,-0.89019126,-0.22533996,0.01780985,-0.43367204,-0.17928986,0.002728941,-0.35072544,0.9706835,-0.5675043,0.15442497,-0.5344536,0.15712051,-0.95623803,0.48649827,0.4812174,-0.1133982,0.12379637,-0.22546564,0.1466223,-0.15501949,-0.7154257,-0.28879967,-0.0903334,-0.5659459,0.19643974,0.07765241,-0.23008427,0.5327199,0.039489433,0.1072487,0.028145362,-0.07500046,0.24333918,-0.5561075,1.1249416,-0.25470242,-0.48690632,-1.1250023,-0.38754594,-0.029160393,0.6650588,-0.027318263,-0.15827022,-0.082959205,0.19724546,0.5515801,-0.0006454847,-0.41393152,0.48467934,0.24737743,0.49702913,0.31495315,0.5306079,-0.54180545,-0.054724276,0.54252356,-0.10593025,-0.06896945,-0.6846393,0.194083,0.06506039,-0.34031168,0.17225228,-0.35979173,-0.050123256,-0.6031916,-0.18054263,-0.6978805,0.872815,-0.004986053,-0.6698848,-0.108051,-0.086169705,0.25707588,-0.6508692,0.70597255,-0.4396575,0.49945986,-0.46890655,-0.34086937,-0.71003544,-0.5188441,0.1529604,0.62647176,-0.4618284,0.26300436
coprecipitation_method,-0.026772808,-0.9050786,-0.7127094,0.26648438,0.35313594,0.70628905,0.1671115,-0.023758216,0.46419632,-0.66720444,-1.2683039,0.23040468,0.32521605,0.24649464,-0.81215525,0.09204511,-0.118756525,-0.37419575,-0.2393075,-0.34951878,-0.5283899,1.2095942,-0.2130744,0.112957284,-0.8114618,-0.20580736,-0.53097683,0.36158553,0.4839674,-0.063862704,0.35828936,0.2146527,-0.3542611,-0.022124555,-0.25293598,-0.100672476,-0.10111993,-0.5606534,-0.33454272,0.085489295,-0.11715218,0.5790531,0.14579196,-0.23994508,0.2210276,0.3481173,0.13769493,-0.38557842,1.0225654,-0.38948733,0.076972224,-1.2339085,-0.04080262,-0.277064,0.569555,-0.33503285,0.21909212,0.23649174,0.073805444,-0.01934516,0.2652745,-0.47549137,0.1940347,0.020684442,0.43616378,0.20379375,0.6602576,-0.85714245,0.083767645,0.008725988,0.1598885,0.20459668,-0.8352873,-0.34131208,0.2287992,-0.3235543,0.1270983,-0.12172658,-0.10268034,-0.36388826,0.04370623,-0.944833,0.87368685,0.24097566,-0.3944629,0.17563099,-0.08378996,-0.0077473614,0.121978655,0.0940129,-0.38889,0.56409067,0.1358127,-0.21237709,-0.13124923,-0.79764676,0.19894315,0.772761,-0.35636237,0.03827321
partial_differential_equation,-0.29567835,-0.11511431,-0.8437334,0.42811275,0.13044979,0.22113651,-0.19430064,0.54797584,0.5826924,0.0861822,-0.44119132,0.15401095,0.3500383,0.16563673,-0.61782545,-0.6855905,-0.14142506,-0.27453575,-0.62318784,-0.56659085,0.21173573,0.8183072,0.008477707,0.33510613,-0.405515,-0.3833516,-0.59755677,0.045672417,0.036352474,-0.08790298,-0.04082658,-0.5147035,0.8950724,-0.23622218,0.24651666,0.45000944,0.58150786,-0.53753465,0.09966099,-0.026011696,-0.34454775,0.45689282,0.76081973,-0.11505474,0.40987137,0.31914258,0.06370458,-0.7967076,0.21060589,-0.95375955,-0.22085337,-0.8260903,0.12915736,-0.22180487,-0.16908094,-0.23696621,0.15171742,-0.16307873,-0.5203784,0.3945345,-0.21203339,-0.12133584,-0.4419085,-0.34213904,0.45926765,0.116310276,0.26659346,-0.42751253,0.16142574,0.44704515,0.1946169,0.6931274,0.16204403,0.36666244,-0.4524536,0.005009863,-0.14923742,-0.63809115,0.66427785,0.6365043,-0.15787533,0.40289798,-0.042375192,0.07853973,-0.3670228,0.4828089,0.18628594,0.12744619,-0.50324667,0.06937159,-0.2231938,0.7644648,-0.373612,-0.11574069,-0.06378188,0.26353297,0.20132232,0.8847623,-0.43149152,0.50559807
neutron,-0.28710905,-0.10282979,-0.8515055,0.4471642,0.10393436,0.2618061,-0.1802688,0.5558295,0.6220266,0.09212681,-0.4576608,0.16487248,0.32373053,0.19804971,-0.5815578,-0.6725396,-0.13646238,-0.28074518,-0.6137784,-0.59077793,0.20100565,0.80519533,-0.025546592,0.3554545,-0.41523725,-0.3786763,-0.56826854,0.05160745,0.05765806,-0.11274132,-0.010943674,-0.5647631,0.8887267,-0.22239937,0.21772072,0.4710312,0.5396812,-0.5076534,0.12544875,0.029295534,-0.33895466,0.4834509,0.7683068,-0.06816627,0.40973827,0.32610542,0.09597122,-0.8050647,0.22973597,-0.9629524,-0.22982152,-0.83869505,0.09849039,-0.2342378,-0.14051926,-0.24021918,0.20611322,-0.16495158,-0.53858197,0.3999559,-0.22290386,-0.09844063,-0.41506964,-0.3626142,0.47503397,0.09225459,0.25223872,-0.4010254,0.15135862,0.44156364,0.24786678,0.68145525,0.15508188,0.3703443,-0.44168648,0.03248245,-0.113687545,-0.6203653,0.65851086,0.6491319,-0.165973,0.36997855,-0.03955822,0.054201778,-0.35322756,0.46718994,0.20917767,0.14399707,-0.5050715,0.06683417,-0.21762207,0.7835318,-0.37727472,-0.12772813,-0.056737363,0.3019098,0.21005583,0.871843,-0.40141964,0.4947659
mean_square_displacement,-0.18169671,-0.31779683,-0.70720565,0.16933784,0.14413527,0.27670503,-0.26952535,0.5035783,0.2798753,0.1597449,-0.39156026,0.017934283,0.29868942,0.123669855,-0.4582821,-0.30621555,-0.17774326,-0.31356466,-0.5828404,-0.9049261,0.16871645,0.61363536,0.0023413135,0.12081233,-0.00985941,-0.36885467,-0.57469827,-0.23062241,0.14498761,0.07284456,0.061844263,-0.3445002,0.71434814,-0.4101993,0.20130248,0.40423185,0.56286913,-0.7805411,0.1829182,-0.20892243,-0.33423325,0.13715057,0.34274372,-0.33483475,0.28739843,0.2616639,0.2897271,-0.6611704,0.26408663,-0.77668226,-0.21445301,-0.9134098,0.054393675,-0.15300868,-0.2352836,-0.096143715,0.13580333,0.06633206,-0.565008,0.48908633,-0.14489156,0.001961471,-0.36574438,-0.22752684,0.27187687,0.0722496,0.16876863,-0.4094594,-0.0010667837,0.5188322,0.038175885,0.5038231,0.18748075,0.35717058,-0.37718192,0.022786273,-0.22497016,-0.65012133,0.6524551,0.48954386,-0.022855844,0.47739175,-0.0645226,0.29141343,-0.24668004,0.49050948,0.29827443,0.045319784,-0.27769923,0.17398033,-0.1012087,0.8222624,-0.50708973,0.014063873,-0.27121204,0.1976429,0.21684669,0.5364107,-0.56826437,0.62094295
fractional_diffusion_equation,-0.34065515,-0.1332702,-0.8702201,0.4510772,0.114803165,0.24432483,-0.2366635,0.5286617,0.6322643,0.0998168,-0.43150857,0.16647363,0.3741796,0.14947991,-0.59253997,-0.66629237,-0.12958957,-0.26636454,-0.6016397,-0.57856786,0.24659306,0.80571944,-0.027089402,0.36648986,-0.44777924,-0.36548847,-0.5551748,0.043757435,0.050058767,-0.09759942,-0.040251713,-0.5856527,0.9248115,-0.24044633,0.21102655,0.46220663,0.5399339,-0.4576055,0.06566657,0.030794334,-0.3787289,0.54179424,0.76303256,-0.08655464,0.43682432,0.30269495,0.08586976,-0.86579585,0.2372787,-0.9732497,-0.19743511,-0.84879357,0.11068031,-0.2422549,-0.17963779,-0.233497,0.22353603,-0.17832106,-0.53958476,0.4205636,-0.20945571,-0.06850946,-0.43587548,-0.42939833,0.45021185,0.11522805,0.23606482,-0.39178586,0.15448095,0.41731656,0.2288868,0.6717929,0.16537032,0.4039199,-0.4425213,-0.0095344195,-0.11825132,-0.6148557,0.7174889,0.6201347,-0.21280263,0.37198126,-0.049474295,0.06498106,-0.30479023,0.47998196,0.24838194,0.11246751,-0.54948187,-0.009529415,-0.21838793,0.76788646,-0.36279067,-0.15067616,-0.058334086,0.30322206,0.20214422,0.8183338,-0.4457017,0.4973602
iron,0.33413577,-0.11514827,-0.47609973,0.761479,-0.59076226,0.5851555,1.2229573,0.468355,-0.07867354,0.47802094,-1.0807096,-0.40959573,-0.241744,-0.00033937435,0.41317725,-0.313609,0.16640714,-0.6266055,-0.49044058,0.27837053,-0.015148789,-0.18094873,0.14430363,0.55413365,-0.24248052,0.34295782,-0.16880316,-0.07305801,0.097412676,-0.2746188,0.09377527,0.10033447,-0.16302942,-0.43101507,-0.055663522,0.5232526,0.6154945,-0.984173,0.12518749,0.118089855,0.2611312,0.43232483,0.19205914,-0.2188974,0.30324244,-0.17756625,0.46155676,-0.3695991,0.17109936,-0.90358114,0.21356581,-1.0118958,0.9054665,-0.57283306,0.27863908,0.39804605,-0.22258888,0.101790294,0.4535128,0.1682816,0.9475487,0.089009225,0.19533855,0.2924795,0.03301671,0.60221326,-0.37340996,-0.5410675,-0.11674196,1.3453584,0.3753541,-0.1796802,-0.026433196,-0.8229121,0.49770814,0.35706103,-0.10736398,0.38529667,-0.10228491,0.16541106,-0.2958878,0.50391334,0.5543175,-0.09696672,0.14090951,0.22705318,-0.5996009,-0.10191973,0.13204591,0.39459416,0.31195876,0.060850367,-0.8375156,0.36928686,-0.02198258,0.30209798,-0.73300815,0.884472,-0.65992403,-0.082669616
hysteresis,0.21377249,-0.6085434,0.06604431,0.18616036,0.17709422,0.078428596,0.18260768,0.16189566,0.8914972,-0.26328632,-0.71684927,-0.19523846,0.5275812,0.032155894,-0.50764287,-0.52774143,-0.37511393,-0.038207978,-0.56822854,0.15077475,-0.45982713,0.28597257,-0.34798625,0.45479625,-0.73779726,-0.44858587,-0.49600923,0.20913571,0.020259919,-0.5800741,0.26976565,0.6807011,-0.029918024,-0.15581268,0.7511355,0.27406952,-0.023502357,-0.62559766,-0.22435679,-0.06665405,-0.15464877,0.05140354,0.1891309,-0.06067404,-0.20192353,-0.055857625,-0.37941757,-0.35122597,0.3527684,-0.7327163,0.063296035,-0.60620314,0.2279656,-0.40264395,0.17661992,-0.620839,-0.066146,0.410629,0.20251954,0.033431742,0.18436989,-0.42874828,0.15523389,-0.18321946,0.5156355,0.30565044,0.28840566,-0.17647547,-0.18500699,0.85280216,0.14874394,0.061436176,0.14531797,-0.30402735,-0.09243586,-0.06164176,-0.01468471,-0.38307294,0.42494816,0.25079724,-0.2051755,-0.48688072,0.3924323,0.23144943,-0.38510713,0.5145395,-0.2566211,0.11705063,-0.04855617,0.31119338,0.7427919,0.34352836,-0.03067488,0.008768163,0.17019092,0.011561688,0.08191904,0.86592364,-0.1601282,0.4482145
"accidents,_traffic",0.5740899,0.07466455,-0.12723428,-0.35883304,-0.23451889,-0.25369513,0.78545755,1.0626959,-0.075771585,-0.13434334,-0.9689102,-0.26826036,0.515104,0.53119016,-0.2997583,-0.9101602,-0.80031395,0.36496717,0.11971181,0.266083,-0.24747947,0.23225197,-0.5582984,0.42981467,-0.61954933,-0.31629613,-0.24641451,0.5115386,0.07439602,-0.3052168,-0.32820746,-0.26582453,0.47709846,0.28771123,-0.5242905,0.00476972,1.2008696,-0.6529858,0.15989801,-0.14272387,-0.31861773,0.13935034,0.40138936,-0.43943045,0.28833503,0.54736316,-0.39493588,-0.0059550814,0.060706038,-0.14386004,-0.52860075,-0.3129432,0.41658702,-0.14984223,0.35919574,-0.16133916,0.36414993,0.71814024,-0.1858586,0.14251481,0.09378432,-0.11297014,0.079756916,-0.24177362,0.7907488,0.5837862,-0.13502845,-0.41454226,-0.26616672,1.1045716,-0.23384121,0.15811127,0.28949744,0.5311198,-0.16365463,0.19809453,0.015687268,0.19757575,0.29806378,-0.5309486,0.21574597,0.17065825,-0.013307342,0.42979524,-0.444857,0.80183154,-0.52932125,0.5396231,-0.39019954,0.4273757,0.1800646,-0.08868891,-0.5373234,-0.32369456,0.23638462,-0.044730633,-0.057250313,0.48352882,-0.42732596,0.3317047
wave_function,-0.009740716,-0.09371858,-0.0693565,0.025639812,0.12036383,-0.0015750771,0.1261757,0.6199548,0.004762304,-0.32364595,-0.7626375,-0.07274489,0.3419246,0.17145652,0.049464054,-0.5648845,-0.46236736,-0.4919277,-0.60220534,0.24266958,-0.35620084,0.37039283,0.12726662,0.25379044,-0.1419944,-0.27054468,0.075339824,-0.08468436,0.114735745,-0.414473,0.36844024,0.24492273,0.030559963,0.29468283,0.730293,0.23345686,0.79354966,-0.61906177,0.43003651,-0.33104566,-0.19903496,-0.16028917,0.3793762,-0.3386841,0.24566267,0.12179053,-0.06667683,0.08097922,0.0852323,-0.292159,0.10412129,-0.60964024,0.33969253,-0.20167142,0.367664,-0.069621846,0.037670206,0.491682,0.14646761,0.22306353,0.1449351,0.14518774,-0.3569439,-0.6029179,0.5700191,-0.029856974,0.21524385,-0.48645338,-0.33230734,0.17858557,0.51891726,0.5245878,-0.23475802,-0.43636373,-0.19267662,0.34582663,-0.22887212,-0.33458897,0.030898938,0.4013299,0.028955162,0.11056537,-0.036697023,0.16038063,-0.2660944,0.7808305,0.22206646,-0.2974528,0.033147324,0.33668846,-0.14549541,0.5848669,-0.3891779,0.31492573,0.30000463,0.08814979,-0.03088419,0.90619767,-0.4429292,0.117451504
spatiotemporal_analysis,0.15457106,0.20356114,-0.484365,0.3916654,0.7308208,0.15762502,-0.3961405,0.029976195,0.9021422,0.051787607,-0.9054656,-0.15699185,0.054382782,0.3829109,-0.5489068,0.15131065,0.009380048,-0.58727634,-1.0146465,-0.35394117,0.319499,0.6580756,0.15604413,0.23606549,-0.07081301,0.19577892,0.019861389,-0.33415282,0.1090317,-0.3219606,-0.46142018,-0.43905306,0.30092022,-0.32433707,0.14102112,0.65537405,0.47234565,0.07489796,-0.017337924,0.4955033,0.7777475,0.75519496,-0.027605776,0.7051818,-0.71676767,0.5204396,-0.11985267,0.011894974,0.14475438,-1.2283581,0.41548836,-0.32109377,0.27000156,0.056198735,0.37659281,-0.2922042,0.40599915,0.23463793,-0.6820295,0.2663863,0.20722215,0.28774217,-0.026015043,0.3776321,0.3409071,0.102288105,-0.1862095,0.3801736,-0.082643494,0.5657678,-0.1677862,0.509221,0.33770102,-0.24591321,-0.06366535,-0.5140296,-0.10288007,0.20713787,0.35333443,0.76711625,-0.049423758,-0.06692428,-0.31045964,-0.2884086,-0.46443963,0.21758845,0.21559952,-0.21301606,-0.3863338,-0.22429334,-0.08343992,-0.09568179,0.49489674,-0.7129079,0.27598304,0.17400473,0.6233159,0.29379115,0.35865515,-0.5485694
population_distribution,-0.1474007,-0.20663181,-0.10481076,0.32651332,0.24064548,0.1606575,-0.32283524,0.3538778,0.4701767,-0.08276298,-0.3775918,-0.23606282,0.13736103,0.19179183,-0.50596535,0.07200335,0.0029548495,-0.4439535,-0.27660424,-0.09050568,0.3556046,0.21121162,0.1880144,0.33926955,-0.04899677,0.22060858,0.16556151,0.1282877,0.28816757,-0.16829553,-0.7218218,-0.46757942,0.07179068,-0.40675214,-0.035123367,0.26280504,0.51380706,-0.08401037,-0.36296666,0.39072564,0.12723875,1.150312,-0.2856046,0.016472949,-0.31725138,0.50642055,-0.03964726,0.24092637,-0.0018250396,-0.64969796,0.48682088,-0.37555543,0.38772753,-0.33452678,0.34890532,-0.39116672,-0.011852359,0.28390697,-0.14967671,0.14642024,0.49191123,0.5072515,-0.48287818,0.15855478,0.15391177,0.0033075882,0.04524252,0.24479802,-0.2544961,0.6347855,0.058589842,0.0042786193,0.15298098,-0.3656587,0.07047228,-0.63966674,-0.061951052,0.39060307,0.5071944,0.017648857,-0.06578052,0.2468099,-0.49033192,0.1657881,-0.3705271,0.17866519,-0.1997072,-0.2810728,-0.35183492,-0.079683006,-0.49939683,0.008013051,0.19456458,-0.60627717,-0.016310249,0.34444052,0.26911423,0.026422502,-0.04453235,-0.10845878
nitric_oxide,0.23811288,0.27403027,0.20311376,0.36746517,-0.5224896,0.18376756,0.9395374,0.8658675,0.31652752,0.3849625,-0.7251292,-0.24930571,0.046186473,0.9315909,0.12533715,-0.46249732,-0.27289924,0.27301574,0.37503466,0.032034636,0.101535514,0.16627464,0.14135584,-0.24022378,0.04653084,0.69527507,0.29384553,-0.27761853,-0.22237034,-0.74370134,-1.3211397,-1.1157115,0.46158808,-0.1329764,-0.1760406,-0.20696993,0.96074206,-1.5261271,0.6001756,0.1985412,-0.43867227,0.13748734,-0.14843869,-0.86936146,0.39980638,0.07569977,0.416725,0.57199323,0.29708654,-0.14057864,-0.34385398,-0.29158938,0.6759842,0.29550833,0.1770319,0.5348926,0.9815341,0.6106549,-0.4474729,0.05854313,-0.74547005,0.9908603,-0.85804677,0.8193623,-0.17509465,0.7478456,-0.15474844,-0.12526579,-0.10450006,1.0890856,0.21560097,0.38649222,0.105394855,-0.18884405,-0.0979204,-0.09259304,0.48098484,0.17548437,0.32647145,-0.17605557,0.056603976,0.18858643,-0.051665653,-0.04149706,-0.26495427,0.6441789,-0.3595488,0.13190821,-0.9746389,0.15640649,-0.0574059,-0.47754994,-0.02672269,-0.4811039,-0.9956339,0.5681426,-0.29917422,0.91732556,-1.5142009,0.07524084
superoxide_dismutase,0.45443153,0.9282061,-0.6314955,0.64731437,-0.29722983,0.45646834,0.8201512,1.1018574,-0.046866104,0.42271644,-0.5606529,-0.06382448,0.03755791,1.5464232,0.1105017,-0.36819765,-0.17792992,-0.18757364,0.22792178,-0.2508456,-0.078588426,0.43415308,-0.009351907,0.099735826,0.25614512,-0.15197957,-1.0442147,0.00215691,-0.06184724,-1.5375049,-0.84605515,-0.86391944,0.3896683,-0.21188816,0.05422844,0.021496974,0.08236051,-1.0352421,0.60555875,0.4567915,-0.026636502,-0.45965636,0.81637746,0.0503529,0.70807713,0.6797189,0.5149387,1.4658235,0.023357581,0.6467216,-0.6067392,-0.48684433,1.1139616,0.32889706,0.7885229,0.64813304,1.5274671,0.12716639,-1.1091686,0.4587697,-0.5773145,0.74737,-0.7250005,1.2138405,-0.19812964,0.25884986,-0.58236367,-0.7354316,-0.11269187,0.9268558,0.19639547,0.1494191,0.47235864,-0.2229988,-0.2687781,-0.0921537,0.36606246,-0.26128498,0.21138123,-0.27954152,0.3800536,0.2121621,0.04834402,-0.52695704,-0.119951285,0.23585549,-0.12272989,0.49260142,-0.46491355,0.097334936,0.022981808,0.30692816,0.45936027,-0.45372063,-0.25835407,0.6587771,-0.49346364,0.96986187,-0.8265917,-0.46994078
nutritional_status,0.11257396,0.35704443,-1.1555462,0.7277963,0.5473509,0.22088903,0.39533237,0.5994282,0.44061863,0.01816333,-0.93613744,-0.42680997,0.3223313,1.0239218,0.51720446,-0.6602363,-0.70638365,-0.4943961,0.08606677,0.12386681,0.44072914,0.43494186,0.038397755,0.6822219,-0.3602464,-0.47821724,-0.56748974,0.24237496,0.34721762,-0.70780677,0.34765396,-0.2877677,0.10870856,0.16054335,0.5329464,-0.025043787,0.15206942,-0.68100226,0.35756832,0.16372441,0.39278403,0.19537757,0.6369325,-0.36687228,0.6085429,0.8885965,0.05403019,1.3486778,-0.29239383,0.8461506,0.14574918,0.050628744,1.1505679,-0.40109882,0.49479276,0.39815807,1.5480667,-0.053654376,-1.049333,0.2876706,-0.50812423,0.2294444,0.16206536,1.0478954,0.09644789,0.7008561,-0.14977859,-0.13128652,0.56189024,0.21818624,-0.016094036,0.7447985,-0.15583262,-0.8344596,0.05992191,0.28488412,0.13416827,0.32697114,0.48592052,-0.6094088,0.06118788,0.6825205,-0.012902367,0.14750448,-0.24391852,-0.46853033,0.45037046,0.94378555,0.6242272,-0.23745157,-0.5250737,0.6934184,-0.14859734,0.22523248,0.6104447,0.22823773,0.022623407,0.73981416,-0.46194822,-0.15819407
abundance,0.12501317,0.17567493,-0.15386875,0.2591389,0.22068053,-0.1744461,-0.34645554,0.061897334,0.49696466,-0.15120572,-0.56652135,0.2212361,0.10250327,0.23008439,-0.5706368,-0.10188096,0.028911952,-0.45926386,-0.39138058,0.061256897,0.3227952,0.428421,-0.02833942,0.47571075,-0.2615182,-0.062025834,-0.117293835,-0.13996838,0.14930585,-0.3368191,-0.23170017,-0.28291455,0.21369962,-0.219609,-0.15378402,0.16332261,0.14323688,-0.30836388,-0.21022597,0.47056627,0.30166736,0.5230278,-0.19332685,0.17935115,-0.35618904,0.3187558,-0.03808341,0.2918266,-0.23189038,-0.6472309,0.5353281,-0.46095446,0.19135253,-0.11302911,0.33557054,-0.18856013,-0.010675309,0.21886702,-0.10658954,0.10890901,0.28761128,0.26452738,-0.20152545,0.12303469,0.21867746,-0.19916907,0.28555915,0.24163195,-0.14669065,0.4501786,-5.654958e-05,0.3400835,0.1906515,-0.3348179,0.072529726,-0.6743748,0.04866535,0.16105244,0.3058284,0.19176418,-0.3026404,0.3266519,-0.37090498,0.15339948,-0.30989337,0.17306036,-0.1494901,-0.16481555,-0.48337105,0.10321852,-0.29778773,0.061081998,-0.048438825,-0.38073137,-0.13154835,0.11948536,0.21680501,0.018191498,0.2882746,-0.18600303
ultraviolet_spectroscopy,0.1726062,-0.42060348,0.25760376,0.024938062,-0.5466397,-0.40972868,0.18212646,0.33224604,-0.1627628,-0.3901199,-0.754693,-0.37724555,0.6679604,0.6419562,0.010444315,-0.48508248,0.0052394713,-0.5295029,0.61918956,-0.06534167,-0.380699,0.24081704,-0.3181479,0.3287682,0.6480515,0.37228325,-0.30125046,-0.49493274,0.6722474,-1.1061577,0.8449532,-0.30846092,0.16620061,-0.2988428,0.52545434,0.13050388,-0.0056796963,-0.9040967,0.21641226,0.46387368,-0.39476871,-0.008166766,0.36236867,0.14348334,0.1437713,-0.48993447,0.35308996,0.039359607,0.5819845,-0.21908422,-0.32405457,-0.80450153,-0.04504202,-0.310531,0.34228802,-0.24325986,-0.14574192,0.29476392,-0.19874749,0.61485,0.043268796,-0.27462384,-0.61179215,-0.47076553,0.34529912,-0.109615535,0.049522698,-0.17393698,-0.5330086,0.030785762,0.2328348,-0.59755564,-0.25316858,-0.28791392,0.4802137,-0.18903854,0.30280033,0.019135209,-0.16663466,-0.22648954,-0.1655254,-0.13877605,-0.14336944,-0.49544698,0.3008233,0.92758155,0.41154167,-0.9473867,-0.62887406,0.2956567,-0.42228383,0.69378746,-0.79372644,-0.59390557,0.38684094,0.082155146,-0.4343398,0.017887916,-0.6123393,0.26215613
metal_nanoparticles,0.064996146,-0.34181297,0.2049799,0.16124496,-0.50139165,0.140632,0.18988115,-0.045469526,0.2932996,-0.6379117,-1.0243183,-0.7202924,0.48950243,0.7079492,-0.34477612,-0.3688461,0.0878301,-0.7067929,-0.35312486,-0.7753712,-0.14128396,0.40233636,-0.55889463,0.7828764,0.17958026,0.6377487,-0.56421316,0.030995227,0.7297538,-0.92446697,1.0278463,-0.23292138,0.11032233,-0.083160006,0.049524166,0.17556071,-0.06957836,-0.40338024,0.2132654,0.75589883,-0.52247435,-0.13241945,0.15938468,0.6815275,-0.36693108,-0.16854581,0.24061702,0.12393564,0.63158745,0.08717402,-0.5227475,-0.50070083,-0.611024,0.23026392,0.9736188,-0.34817302,-0.35874844,0.9145726,-0.100816995,0.07879801,0.29892918,-0.72238654,-0.24825235,-0.18512483,0.39794698,0.58595675,-0.71433777,-0.24043186,-0.8135767,0.0031104656,0.5123519,-0.07698371,-0.15748446,-0.16085783,1.022709,-0.98146677,-0.12105616,0.27665177,0.37706536,-0.2378003,-0.017341236,-0.51064974,0.3358226,0.473929,0.059111297,0.26790556,0.19068167,-0.71168137,-0.9270988,0.50765914,-0.6236213,0.9546264,0.08226653,-0.717832,0.06188078,-0.34735954,-0.019540342,-0.0638171,-0.7362105,-0.009038193
electron_microscopy,-0.22626163,-1.0223521,0.2386717,-0.02111673,-0.035754748,0.2518872,0.22054641,0.22278032,0.0871072,-0.5522039,-0.77029854,-0.5274321,0.8026356,0.946303,-0.67851835,0.049485326,0.26485112,-0.27744424,0.27671546,-1.0452884,-0.05892864,-0.015483183,0.2005627,-0.110006325,0.07708915,0.62019694,-0.78938663,-0.48149866,0.6409879,-0.88422143,0.12749845,-0.38150805,0.26535633,-0.6193888,-0.5161588,-0.08189701,-0.23395512,-0.9235726,-0.08685651,0.61998487,-0.48975512,1.1360878,-0.46456188,0.19919354,-0.15549092,-0.041988585,0.35508433,-0.30003515,0.9601832,-0.13802965,-0.7238359,-0.6220587,-0.2452587,0.44989076,0.19795235,-0.2149286,-0.17586991,0.3847319,0.24703228,0.12048441,0.59299785,-0.3286846,-0.28948444,0.47355205,0.29084435,-0.12904166,-0.09623086,-0.57716167,-0.31078398,0.51095843,-0.14339006,-0.38646054,-0.331127,-0.058402408,0.23184907,-0.38836768,0.074578136,0.44736898,0.24684456,-0.33020017,-0.012655459,-0.1205097,0.06546528,0.41080967,0.29359525,0.08638809,-0.073568225,-0.3652802,-0.6230333,0.67039466,-0.46623397,1.1626035,-0.65846246,-1.1007042,-0.20568267,0.19756687,0.07894871,-0.37271234,-0.75530696,0.20755866
aqueous_solution,0.6908653,-0.1534068,0.5057233,0.83857745,-0.6746981,0.5729353,-0.033561103,-0.035568293,0.5664215,-0.22618744,-0.77404386,0.2847979,0.029434301,-0.31811622,-0.43699306,-0.24110128,0.24426769,-0.613407,-0.3937992,0.16832203,-0.093195446,0.5122269,-0.15792966,0.5439697,0.036579676,0.43165475,-0.9582211,0.0055849864,-0.80914897,0.51511854,-0.24419078,-0.72502446,0.17077234,-0.34962526,-0.233184,0.4229232,-0.2601787,-0.8665271,0.97323585,-0.16412504,-0.12233867,-0.6002862,0.4809039,0.33321792,0.25643343,-0.10155438,0.14576866,-0.29308477,0.30353892,-0.19436793,-0.54013675,-0.60775745,-0.6227386,0.021955645,0.8797719,0.0107837375,0.7690592,0.825371,0.23652932,0.36891675,-0.781308,-0.45474848,-0.2649746,0.2201914,0.99706584,-0.2704432,0.009165912,-0.03401614,-0.5349349,0.50759935,0.15862666,0.5807876,-0.3021116,-0.42107683,-0.3501736,0.8064154,0.3419675,-0.50699687,0.0037948654,0.774516,-0.08244716,-0.014068857,0.40071204,0.15832113,-0.3166722,0.25934193,0.29168817,-0.37856913,-0.04456152,0.0751153,-0.48635414,0.18097743,-0.65797687,-0.6835412,-0.8308619,0.012351612,0.04938836,0.7437669,-0.029240187,0.13209635
pollution,0.4671102,-0.857591,0.0490507,0.25514993,-0.2435943,-0.23482807,-0.047626983,0.57611483,0.06706851,-0.46959293,-1.0403539,0.07599844,0.31419912,0.68217,-1.1037698,-0.023077758,0.25120702,-0.007720224,-0.23030956,0.13088633,-0.44047484,1.6073204,0.09722671,0.341395,-0.405426,-0.69223315,-1.3293889,-0.08713149,-0.34826162,-0.6364147,-0.6248659,0.5801669,0.007954859,-0.40557888,-0.5168303,-0.041087016,-0.16708858,-0.8058379,0.273988,-0.77879304,0.37877688,0.08946131,0.47655863,-0.17983255,-0.26068467,0.48453033,-0.42028156,0.4141882,0.4689124,-0.5890042,0.334269,0.080590986,0.33395413,-0.56059223,0.5923932,-0.4692666,-0.5199292,0.7552502,0.7141542,-0.28605422,0.2730623,-0.34911898,-0.21956797,0.75132173,-0.11081817,0.0014826619,-0.0038299486,-0.64603776,-0.05990799,0.13652034,0.023582047,0.2810977,0.3345964,-0.20388186,-0.09414091,-0.7465556,0.061086733,-0.08932291,-0.11632999,-0.04342891,-0.2860066,-0.8126871,0.6301182,-0.009451464,0.1259371,0.17430466,-0.6200665,-0.19578214,-0.11065356,0.1838814,-0.23995909,-0.50574744,-0.3459617,-0.5108223,0.07383224,-0.295853,0.081012405,0.084173635,-0.5193575,-0.4407941
nitrogen_removal,0.3905632,-0.82653564,-0.7332203,0.52843493,0.29803005,-0.33130708,0.2015058,0.33024833,0.21493784,-0.009763754,-0.6410716,-0.099878676,0.90016156,0.71796745,-1.0611405,0.04513288,0.35584548,-0.5899711,-0.05178756,-0.09217432,-0.4093158,0.9863666,0.19538552,-0.2359647,-0.5999968,0.15893185,-1.0865641,0.5601664,0.04997415,-1.7296644,-0.17551038,0.29969755,0.44930056,-0.17423113,0.1854656,0.039714765,-0.035232484,-0.530671,0.545471,0.1706241,0.69211334,0.23517446,1.1709353,0.13578716,-0.47083983,0.19741592,-0.3104278,0.74136096,0.90978163,-0.5458469,-0.30463833,-0.6297452,0.6825186,0.4558055,0.47020736,-0.6376218,-0.08435859,-0.24220452,0.4803332,-0.23934129,0.10780476,-0.41762322,-0.14817734,0.78002435,0.087961905,0.14369878,-0.26513922,-0.9132515,0.98089224,0.037008155,-0.1449297,0.8830836,0.25565973,-0.5419233,-0.2863915,-0.19171414,-0.43646175,0.014529629,-0.44977543,0.32841715,-0.14653975,-1.0907737,0.64087224,-0.69449556,-0.4551711,0.25869256,0.26494187,-0.2216393,-0.8511613,0.24876225,-0.27805334,-0.28644633,0.05547488,-0.4105337,0.712857,0.3216606,-0.058383394,0.49529055,-0.03578504,-0.97131866
diffusion_in_liquid,0.44992346,-0.42536348,-0.43130857,0.33607227,-0.29271597,-0.3065004,-0.08882225,0.29269403,-0.2376337,-0.24751052,-0.84445226,0.48360813,0.64112526,0.31811804,-0.7205493,-0.31379288,0.0006883339,-0.52623904,-0.2599302,-0.13632844,-0.16004509,0.8923832,0.32105118,-0.21514814,-0.48188728,-0.47163624,-1.494363,-0.13115707,-0.4733024,-0.6888474,-0.3046624,0.28198814,0.42345065,-0.39724782,0.32792425,0.046186,-0.2772982,-0.51693183,0.59050447,-0.26715302,0.23402734,-0.71324503,0.83328086,-0.052613605,-0.630081,0.24734095,-0.495342,0.40642667,0.39970717,-0.63227695,-0.023844229,-0.5546806,0.4210621,0.12022966,0.10397172,-0.53295195,-0.17618242,0.105490066,0.59799343,0.20346253,-0.072914876,-0.53329724,-0.44420108,0.30084306,0.21739918,-0.16192037,0.030281186,-0.6320488,0.23058535,0.077698626,-0.25717872,0.75784606,0.47532386,-0.1277413,-0.4301192,-0.4051323,-0.38463607,-0.33534247,-0.10466629,0.47483358,0.012784671,-0.18908352,0.3904955,-0.0654597,-0.3312641,0.5869523,0.11515501,-0.22991537,-0.41340077,0.23167615,-0.114467576,-0.0058314693,-0.5512507,-0.30364072,0.34104502,-0.09346193,-0.0873981,0.19091925,-0.059065793,-0.38390905
pyridine,0.8322276,-0.69535655,0.16999981,-0.10141433,-0.26145285,0.47043464,1.1955597,0.46298185,0.6190728,0.14758867,-1.095619,0.15996224,0.21808854,-0.34729248,-0.5817141,-0.23608835,0.040743627,-0.5441252,0.17947236,0.42955682,0.33821157,0.1799037,-0.22703728,0.93289983,0.275338,0.74688095,-0.30920213,0.30941224,0.32343927,0.00871692,0.16408496,-0.45786124,-0.28705674,-0.2722275,-0.3535343,0.10311959,-0.055916246,-0.83832717,-0.08009529,0.7583247,-0.011135589,0.085983835,0.5502479,0.4348332,0.896807,-0.049832545,0.074962765,-0.31101477,0.3696976,-1.0104024,-0.6446135,-0.61892784,-0.121976316,-0.17853424,1.058716,-0.13889907,-0.10931699,0.65174556,0.39867726,0.11663346,0.12933566,-0.005517215,0.1428253,0.21882282,0.5574473,-0.46914628,0.2262163,-0.12983036,-0.2887099,0.42352393,0.36352274,-0.22381465,-0.3766695,-0.7271853,0.4426976,1.0379639,0.36072192,0.082082585,-0.22570248,0.020536492,-0.25595713,-0.21248773,0.31072837,-0.19667076,-0.009126841,0.14694487,-0.34666035,-0.4654729,-0.36262894,-0.048944306,0.41479832,0.3859089,-1.1007804,-0.83687353,-0.13008717,0.3593316,-0.4260079,1.0812604,-0.012137189,0.55444926
legume,0.043577053,-0.49928224,0.0026145866,0.7416756,-0.19063956,0.09276681,0.07659967,-0.18166618,0.11680329,-0.28361553,-1.1761903,0.24754483,0.33987018,0.2496369,-0.65669966,0.10353298,-0.47738084,-0.6581147,-0.14614575,0.50007284,0.29531372,0.173081,-0.21310338,0.49099752,-0.47574553,-0.10968664,-0.4073376,-0.4284871,0.20744757,-0.45817664,0.16914026,0.10937564,-0.4455744,-0.10537329,-0.2598785,0.0019183154,-0.22718096,-0.49662414,0.32847676,0.58924204,0.4249039,0.26681975,-0.011722312,0.023123147,-0.61645985,0.8049589,-0.9026728,0.61802655,0.18924935,-0.3077817,0.33916056,-0.34470204,0.330202,0.5123993,0.6838238,0.15080063,-0.16387066,0.13043554,-0.30226117,-0.14622346,0.19368745,0.099812746,-0.09442937,0.26511693,0.049714472,0.04854723,0.35396692,-0.34247127,0.032963686,-0.1286832,-0.09272724,0.20687422,-0.10995292,-0.48344758,0.16105983,-0.8079622,-0.27041528,0.22505072,0.082008965,-0.18604134,0.15852182,0.01606868,-0.5326858,0.19302295,-0.27862215,-0.013601073,0.15812269,-0.07143338,0.14024019,-0.27665085,0.015313509,0.611452,-0.3790636,-0.8499181,0.28023303,-0.82967997,0.28732488,0.043117125,0.4478864,0.25603986
fabaceae,0.18045032,-0.48554426,-0.03661962,0.26053125,-0.118462786,-0.11452312,0.007799842,-0.06932953,0.22150403,0.09724859,-0.8176659,-0.07190491,0.062718965,0.12538499,-0.6620533,-0.22386284,-0.54350495,-0.7692039,-0.23872907,0.29362413,0.34086376,0.1789543,-0.31375948,0.6527742,-0.43913236,-0.009966189,-0.34811485,-0.19397882,0.18355155,-0.37380815,0.26476184,-0.23575674,-0.50080377,-0.07510382,-0.060574576,0.10006662,-0.14988668,-0.6752614,0.5535055,0.61901045,0.22972758,0.5287432,0.10260772,0.12537201,-0.105292894,0.78028774,-0.61304724,0.5207672,0.2263068,-0.26262772,0.09376083,-0.7073464,0.2276788,0.35476953,0.66830146,-0.047921665,-0.43838072,0.14296818,-0.60882175,0.0017546357,0.41513973,0.026685296,0.057812043,0.5287098,0.06474339,-0.24139981,0.5792804,-0.31932136,0.0013878836,-0.12139375,-0.21221408,-0.057636138,0.118533164,-0.50519264,0.2653261,-0.6395171,-0.23662044,0.41256633,0.013814993,0.01911713,0.13777247,-0.17914209,-0.67572963,0.07087348,-0.30269086,-0.2294458,0.31127542,-0.23871538,-0.03201603,-0.32143804,-0.03058776,0.514352,-0.31460795,-0.91125804,0.22335047,-0.3510158,0.068935856,-0.12740885,0.57512283,0.386758
brownian_movement,-0.2497401,-0.093638584,-0.70511127,0.30628684,0.12904006,0.09928064,-0.18953116,0.47236094,0.45264217,-0.047030285,-0.46630895,0.085937776,0.31203362,0.061874017,-0.46710145,-0.6246966,-0.18802325,-0.22980046,-0.6571312,-0.52167106,0.07291635,0.67282057,0.09650052,0.17372398,-0.2608096,-0.44834343,-0.5114864,-0.09469441,0.01239758,0.0061895605,-0.017176507,-0.29204577,0.7698446,-0.23951308,0.3328037,0.44046378,0.56319386,-0.4610414,0.13549292,-0.22761898,-0.2747073,0.26090056,0.58998525,-0.11094625,0.26333413,0.2535681,0.007156279,-0.62764955,0.10368631,-0.79636747,-0.20258734,-0.7146879,0.1247619,-0.112033315,-0.23665318,-0.24161571,0.094688036,-0.08269273,-0.39820632,0.41996247,-0.17650661,-0.118144825,-0.35248,-0.3694597,0.43557844,0.0577215,0.1956442,-0.46159616,0.030253423,0.40495703,0.11007199,0.7110711,0.08939707,0.29288474,-0.5085192,-0.021928916,-0.19363615,-0.54853946,0.5462094,0.5902563,-0.056611165,0.37134856,-0.14069535,0.19767368,-0.382042,0.5380776,0.20233081,0.11390716,-0.32538384,0.1808209,-0.11286254,0.7820341,-0.37880436,0.0717349,-0.018449834,0.2087454,0.205894,0.7630354,-0.37877584,0.37330255
weight_gain,0.13939881,0.7491211,-0.12973405,-0.17313397,-0.5476937,0.54174626,0.61341506,0.24009411,0.1245394,-0.21812195,-1.0316222,0.53039676,0.4504638,-0.103039145,-0.49050647,-0.0700736,-0.081639245,-0.6840263,0.022007853,0.23000093,0.6322941,-0.2260302,-0.04508736,0.99817806,-0.42322,-0.12951587,-0.2198019,0.24684191,-0.2685024,-0.29360214,-0.6532176,-0.53781056,0.062431235,0.2502017,0.30922386,0.8947307,0.38094175,-0.44512907,0.49771523,0.80708444,0.25324568,0.4670008,0.70947176,0.36673343,0.1449045,1.2776914,0.08996166,0.7122896,0.469768,-0.12153544,-0.49223787,-0.716643,0.29788253,0.19886121,0.14033687,0.0883258,0.85982275,0.46095833,-0.44166598,0.44329748,-0.7192897,1.2103409,-0.7798388,0.23612866,0.68022954,-0.1483936,0.45867488,0.16439646,-0.23898113,0.5746064,-0.21103406,-0.2206319,-0.32494116,-0.5500512,-0.68665147,-0.19334039,0.40083522,0.19414528,0.17160285,0.13742715,-0.012514531,0.18078484,-0.9108265,-0.2803404,-0.17717227,-0.22648408,0.11688324,-0.54171634,-0.06595255,-0.7067791,-0.37539524,-0.17980443,-0.29545516,-0.8479178,-0.2889061,-0.01029579,-0.19231385,-0.054984313,-0.268401,0.08406444
meat,0.23928976,0.5600937,-0.19407742,-0.57513106,-0.30717692,0.27321875,0.5293778,-0.076433256,-0.21010254,0.012822711,-0.8162829,0.9017099,0.54159915,0.075405404,-0.6722115,-0.13496727,-0.23392092,-1.0512395,-0.18869911,0.54752356,0.08262653,-0.17078136,-0.11576739,0.6559709,-0.1214264,-0.1562159,-0.61207014,-0.42444482,-0.55053663,-0.5574249,-0.17680922,0.05192062,0.10170607,0.16542771,0.10001214,0.5940351,0.27543142,-1.2416867,0.24070206,1.1869265,0.29382923,-0.30684495,0.47201908,-0.13236928,0.08838936,0.86726415,0.17900358,0.52719265,-0.092169315,-0.71065545,-0.48611084,-0.8722011,0.15761398,0.087625444,0.34138578,0.3352184,0.2639937,0.4957603,-0.4498102,0.5341469,-0.29092824,0.90497345,-0.40991855,0.0041753673,0.5545948,-0.27465582,1.2389812,-0.0068289745,-0.099395595,0.03920953,-0.002907625,-0.27066848,0.3451332,-0.69774175,-0.37839344,-0.09443714,0.16898875,0.02628326,-0.2995302,0.4078839,-0.26477855,-0.13188858,-0.5497629,-0.5090795,-0.098383375,-0.21940394,0.46656856,-0.22498505,-0.6440043,-0.9103411,-0.3978562,0.18535952,-0.7998145,-0.60922056,-0.008577823,-0.15876527,-0.21648906,-0.32051542,-0.21477161,0.38744313
hydrocortisone,-0.084784746,0.534168,-0.14341933,-0.40717682,-0.2955293,0.4776339,0.4722791,0.46081892,0.029348245,-0.13016629,-0.9998223,0.8194786,0.5125411,-0.13193181,-0.29931036,-0.15864326,-0.42715573,-0.91456527,-0.21557678,0.18837802,0.2792936,-0.08461551,-0.117750816,0.72716504,-0.35904577,0.2397339,-0.5284593,0.37579292,0.10607111,-0.0854657,-0.3730221,-0.09265009,-0.09601782,0.32424617,0.2782095,0.6669308,0.2515532,-0.4893832,0.9671524,0.6946025,-0.01220252,0.106355496,0.8283482,-0.12667222,0.35663387,1.075753,0.19736953,0.5141187,0.6214154,-0.31752726,-0.557388,-0.77059335,0.07812918,-0.13816437,0.07617664,-0.06724284,0.46563387,0.5820791,-0.51033974,0.046884928,-0.53995,0.95778656,-0.5828105,0.060470257,0.62467045,-0.1111278,0.49956262,0.16256079,-0.34370998,0.54422635,-0.07913545,-0.017576585,-0.030248577,-0.6801003,-0.8029776,-0.13761458,0.35015428,0.34896773,0.2536649,-0.23267023,-0.38770372,-0.0057947505,-0.5615467,-0.14152938,-0.3252045,-0.14225397,-0.040097646,-0.6427457,-0.24459569,-0.720484,-0.3208181,-0.31082964,-0.47531468,-0.7174511,-0.18798855,0.019810524,-0.12229189,-0.23761366,-0.5436675,0.022923216
spinocerebellar_degeneration,-0.60955185,-0.27582926,-0.70826244,0.7380098,-0.23928802,0.64246416,0.4798092,0.87631196,-0.09396647,0.23978461,-0.84963024,-0.109832555,0.5406322,0.040430576,-0.6250544,-0.22907344,0.256864,-0.54998076,0.27113035,0.4693342,0.351114,-0.013193103,0.51889515,0.17835364,-0.5782862,-0.20852567,-0.3260418,-0.110141054,0.09091471,-0.106143534,-0.5251423,-0.17716995,0.36506674,-0.032995295,0.48829082,0.7262363,0.3260235,-0.09086033,0.25530106,0.45783505,-0.34890664,0.41984302,0.12596503,0.31224257,-0.0999749,0.013103553,0.1758982,-0.04956886,-0.08997529,-0.36313823,0.053928323,-0.078490265,0.14990485,0.06422998,0.10521189,0.017230483,0.00843797,-0.35348478,-0.096355766,0.45437324,-0.08849691,0.6034256,-0.43424582,-0.12723981,0.39949846,-0.0015604153,0.116724305,-0.3582636,-0.21185769,0.8739507,0.21413127,0.17423391,-0.20906346,-0.028126111,-0.30186793,0.14377847,-0.105122514,0.46195865,1.0146755,0.09322594,0.123556,0.7418078,-0.3627886,-0.3324102,-0.6904481,0.047252487,0.077702545,-0.032878768,0.27741846,0.20054069,-0.4169602,-0.15911579,-0.5776662,-0.3667726,-0.2479931,-0.16739431,0.16959843,0.30136776,-0.11383122,0.067943715
psychomotor_performance,-0.08942344,0.41286868,-0.27790716,0.32592544,-0.5594962,0.275944,0.9220313,0.7538092,-0.13670668,0.07061951,-1.034074,0.32645807,0.62637514,0.10774813,-1.0724205,-0.8583058,0.36717328,-0.4419458,0.45935467,0.8636089,0.23370023,0.022479502,0.0027277127,0.29978412,-0.58596265,0.29100123,-0.68059224,-0.16366601,0.04906427,-0.032608613,-0.23698632,-0.8727145,0.5692283,0.38351095,0.3526097,0.43539557,0.07807143,-0.61511946,0.9638341,0.47669962,-0.40417802,0.1479198,0.54156446,0.49072006,0.6529844,-0.32113978,0.30414465,0.06818789,-0.053966995,-0.014030433,-0.565159,-0.40614486,-0.112952195,0.6066753,0.49851674,0.17005716,0.4053917,-0.14819251,-0.00017977905,0.50375736,-1.1525412,0.5934409,-0.9246335,0.22224005,0.18242922,-0.043910045,0.13256854,-0.06925717,-0.38657758,0.82145375,0.2266105,0.629032,-0.62353486,0.20175704,-0.67655563,0.4073241,0.39095214,0.14940777,0.4579502,0.5762041,0.04926248,0.800849,0.021733977,-0.12564647,-0.71698904,0.16671777,0.24210623,-0.5005508,-0.1577959,0.35936433,-0.7983906,-0.5595396,-0.6524495,-0.571862,-0.7698895,0.28680333,0.13278517,0.64561653,0.030412441,0.12266745
nuclear_magnetic_resonance_imaging,-0.17742936,-0.079780035,-0.3610106,-0.04590974,-0.024769459,0.47667813,0.41639546,0.7084647,-0.7989644,-0.13077334,-0.4880518,-0.14457655,0.55345035,0.22181475,-1.2083374,-0.4815833,0.8116811,-0.42580524,0.15616174,0.6572869,0.87756425,0.19229893,0.7969587,-0.038241062,-0.40554416,-0.44754845,-0.5936141,-0.36007276,-0.22175671,-0.4675845,-0.4808492,-0.37838396,0.65094185,0.34751514,0.72844714,0.49600694,0.17602108,-0.25292477,0.20728618,0.49630454,0.20734368,0.7009869,0.21844484,0.5789159,-0.28434923,-0.023878455,0.019589521,0.44721445,-0.12882766,-0.34260747,0.046602227,-0.4552314,0.11603145,0.2913299,0.15252662,-0.42519614,-0.24556436,-0.03524768,0.07152083,0.90538883,-0.3926636,0.76325965,-0.7479468,0.33912984,0.26214084,-0.06482112,0.5817236,-0.13348745,0.27093267,0.32724643,-0.25212672,0.53238124,0.13598941,0.021159895,-0.68449366,-0.12774996,-0.15109669,0.15960969,0.7619883,0.20179519,0.13988979,0.61589473,-0.61376405,-0.22344102,-1.1567272,0.1054175,0.5442186,-0.045790378,-0.0010157712,0.40996283,-1.1694398,-0.3623777,-0.7800767,-0.40607044,-0.27655298,0.12044393,0.4965323,-0.3127625,0.22760305,-0.6560993
frontal_cortex,-0.643795,-0.06958249,-0.48654538,0.08419722,-0.41227663,0.28738463,0.8999144,0.9755453,-0.30165225,0.1278707,-0.8210029,0.12896803,0.72064704,-0.012877665,-0.47897357,-0.38559783,-0.065051496,-0.3957261,0.45559382,0.7238846,0.46937937,-0.0052193273,0.2533307,0.1773623,-0.4032109,-0.109340824,-0.44930884,-0.3906544,0.20549434,-0.2410794,-0.03341992,-0.34597045,0.35126722,0.7172303,0.82446355,0.74142957,-0.02374186,-0.23751284,0.6124919,0.3431482,-0.4291147,0.17598848,0.33738348,0.3798161,0.3654395,-0.10660701,0.22662899,-0.15948446,-0.07905035,0.017366605,-0.55900985,-0.22392333,-0.09647366,0.4301804,0.2468206,0.27818686,0.14827164,-0.304379,-0.41713235,0.535583,-0.69447917,0.54897594,-0.6187889,0.1335824,0.3446152,0.04912231,-0.13579376,-0.2174346,-0.53081053,0.46471786,0.1923435,0.409389,-0.6220577,0.28501406,-0.49824697,0.1324833,-0.1549569,0.26408628,0.7923269,0.27000797,0.30390376,0.64106846,-0.4661723,-0.07896779,-0.8572653,-0.10930384,0.3024705,-0.2784849,0.27851737,0.32520157,-0.7106697,-0.27940407,-0.52563816,-0.6112,-0.23977089,-0.23789391,0.1848825,0.52369726,-0.40418595,0.13964435
sphere,-0.45020366,-0.37924796,-0.25961888,0.58122957,0.13560818,0.057096995,-0.55254287,0.5368163,0.481599,-0.38255838,-0.64040285,-0.39466023,0.077759735,-0.19237916,-0.5556652,-0.3828406,-0.2241454,-0.35823655,-0.36616734,0.11941183,0.08404977,0.36553103,0.22067432,0.46486616,-0.7768092,-0.518243,-0.47816518,-0.019155422,0.09996558,-0.23714858,-0.20302343,0.3283962,0.04016211,-0.15127337,-0.11630382,0.62784725,0.66977465,-0.4689114,0.17974275,-0.5900323,-0.098306715,0.113693066,-0.008069044,0.123701595,-0.6381738,-0.0026378836,-0.22023728,0.2019494,0.56270343,-0.19043405,0.09973284,-0.5814928,0.38680276,0.29765266,0.18938315,-0.17276059,-0.69345945,0.060443696,0.29349396,-0.075036235,-0.08405355,-0.08469413,-0.4784797,-0.34320012,0.47129318,0.0032091273,-0.1873793,-0.6392612,-0.10710893,-0.38562477,0.026274748,0.61305314,-0.3326543,-0.5870137,-0.41439041,-0.52734715,-0.33702174,-0.2744702,0.34480917,0.7720765,0.4552408,0.19074914,-0.4792041,0.48608172,-0.39384434,0.036211144,0.024541419,-0.15259756,-0.056004964,0.64502424,-0.28190106,0.25918654,0.00015500383,0.14183033,0.0117793055,-0.39405286,0.031860195,0.74300605,-0.554698,0.017559825
magnetic_field,-0.045610633,-0.11330095,-0.46392843,0.36624646,0.03466548,0.069446154,-0.3283598,0.3637055,0.47795922,-0.45599192,-0.8669967,-0.15984336,0.24311294,-0.094766386,-0.13116693,-0.5996092,-0.19469674,-0.3707557,-0.82813764,-0.3119297,-0.08004872,0.4899909,0.28744617,0.06108161,-0.20117101,-0.5027086,-0.58006895,-0.33920756,-0.060238607,0.04274507,0.06581026,0.1114273,0.31548727,-0.23216203,0.49837482,0.5182046,0.52874035,-0.5188396,0.1849898,-0.5721247,-0.06596301,0.15830213,0.183732,-0.0037017595,-0.30476066,0.17088184,-0.14207163,-0.22019002,-0.13940354,-0.51035786,0.07161972,-0.4185896,0.30794546,0.10064446,-0.17117938,-0.30103117,-0.31470102,-0.02504924,0.023509748,0.284145,0.027928121,-0.2806964,-0.3096377,-0.24376427,0.5814929,0.06863538,0.08947951,-0.6383195,-0.14526539,0.39956197,-0.031550042,0.6431627,-0.026035257,-0.25439823,-0.5522472,-0.22540687,-0.32280752,-0.27745384,0.41215876,0.63883895,0.22498603,0.27940845,-0.38720962,0.40090036,-0.51153404,0.6081567,-0.009467607,0.018196344,0.085778505,0.3778155,-0.08574845,0.91515213,-0.41053593,0.3270292,0.25225228,0.0010583007,0.19043674,0.7032041,-0.22817355,-0.02513605
lagrange_multiplier,-0.047718216,-0.42482424,-0.18622392,0.42219386,0.04496054,0.010107095,-0.1464972,0.37786654,0.4236068,-0.4956769,-0.83649933,-0.20160541,0.50275046,-0.1817113,-0.14766134,-0.64014864,-0.2668286,-0.2473792,-0.47967657,0.13502328,-0.15215677,0.35338777,0.29844904,0.09462774,-0.36972192,-0.45444867,-0.57842886,-0.17125684,0.06782887,-0.22551143,0.026346698,0.30802983,-0.06675552,-0.117727414,0.73011893,0.37582982,0.46817964,-0.46772182,0.28112072,-0.64112705,-0.08783348,0.052301936,0.06354986,0.018961048,-0.45753872,0.10823847,-0.44784135,0.019441163,0.13801534,-0.3174272,0.036962125,-0.27894437,0.6214424,0.08275454,0.0427274,-0.45112064,-0.31124538,0.04364868,0.2440006,0.1548038,0.2588179,-0.34876117,-0.35431564,-0.11083835,0.4086348,0.1556823,-0.13198897,-0.64560705,0.0814283,0.26829383,-0.00075960153,0.48058382,-0.16021127,-0.44491032,-0.5394651,-0.117494695,-0.29593837,-0.18132222,0.2576757,0.5807965,0.39552274,0.15336795,-0.21943846,0.16672859,-0.3804353,0.6350085,-0.018898686,-0.033187963,0.19919503,0.32171878,0.099969864,0.60485584,-0.22566427,0.23829153,0.42018637,-0.12199221,-0.052827466,0.79633284,-0.31387854,0.13274406
second_virial_coefficient,-0.018943839,-0.21027917,-0.19122249,-0.10723367,0.05820118,-0.0056915977,0.15736212,0.5118298,0.014035819,-0.5110463,-0.6122024,-0.13914137,0.7498885,0.13338491,-0.46348405,-0.22449988,0.2936965,-0.52793914,-0.28150338,-0.2628217,-0.17511755,0.27099204,0.12558275,-0.04343318,-0.30613357,-0.57816356,-0.6283059,-0.18600233,-0.06464859,-0.18040134,0.3051264,0.06301535,0.37698418,0.2794762,0.8649303,0.05947346,0.9325377,-0.51229066,-0.0077248686,-0.48119262,-0.31462365,-0.43069813,0.53043175,-0.34294143,-0.58022946,0.25088096,0.15035766,0.02033011,0.437018,-0.20048377,-0.39937204,-0.7431252,0.13106138,0.31959334,-0.46966493,-0.4219377,0.01890828,0.07044961,-0.044063985,0.3887648,0.12805863,-0.11890338,-0.44608757,-0.28015378,0.32975557,0.31119922,0.16366103,-0.40648437,0.20651254,0.13653675,0.12118043,0.48998424,-0.0690797,0.15875877,-0.49341774,-0.13342656,-0.58897203,-0.24077705,0.46315452,0.1086649,0.19835703,0.27585936,-0.6172625,0.34320864,-0.7026933,0.90326196,0.21765509,-0.2895709,-0.44443047,0.4216226,0.31445116,0.5695699,-0.9138362,0.042454794,-0.24831654,-0.7894291,0.18843117,0.10631811,0.004774656,0.32392183
lennard_jones_potential,-0.0077599413,-0.11603291,-0.15592313,-0.25685632,0.21489656,-0.0018868946,0.20439771,0.46451044,0.04665498,-0.46852598,-0.62574375,-0.06338913,0.683295,0.023891756,-0.49463862,-0.45889485,0.16274391,-0.5124547,-0.3418256,-0.23188709,-0.25812423,0.28463283,0.060206115,-0.09690999,-0.30919585,-0.5330641,-0.5496973,-0.13227896,-0.10076055,-0.06726997,0.23876534,0.06282197,0.25661972,0.18707077,0.9270357,0.080677174,0.93274885,-0.5263205,0.02544261,-0.34715128,-0.34937572,-0.4152304,0.46046153,-0.34775877,-0.4595267,0.36035612,0.20974916,-0.02018561,0.35097477,-0.25063154,-0.41515628,-0.7252396,0.08129952,0.12461135,-0.40962058,-0.42002055,0.037238684,0.08868172,-0.15721822,0.4790092,0.038410295,-0.12535317,-0.38760605,-0.29358238,0.34387553,0.25253662,0.32138476,-0.2328374,0.11247458,0.124720946,0.07596528,0.4538435,-0.09020285,0.16715686,-0.48947072,-0.16270237,-0.52894217,-0.24619804,0.40793207,0.10487979,0.1359643,0.22224262,-0.49507916,0.39043793,-0.81272155,0.75813174,0.26342633,-0.29031965,-0.45259047,0.43701512,0.2596951,0.5878421,-0.7778404,-0.04754952,-0.26312602,-0.62029374,0.18398286,0.0745152,-7.580123e-05,0.39958912
hydrostatic_pressure,0.041032117,-0.049226955,0.10354463,0.06098334,-0.0080307815,0.05999105,0.047727972,0.46266764,0.453908,-0.3522807,-0.42357552,-0.046821464,0.38585413,0.0072477213,-0.27927393,-0.63785607,0.33810678,-0.5395765,-0.36223364,0.17311345,-0.014299368,0.2723388,0.2916145,0.04576579,-0.5779948,-0.2448104,-0.15186271,0.034646057,-0.17583685,-0.15719081,0.023857528,-0.32790548,0.35268614,0.28788948,0.90174294,0.068188235,1.1627603,-0.4776392,0.082110435,-0.66134906,-0.30314443,-0.5049721,0.45283315,-0.54797024,-0.38259456,0.055069048,-0.07049384,-0.15008871,0.3592739,-0.59465826,-0.16287865,-0.6755181,0.45300892,0.09874305,-0.26490483,-0.34820956,-0.17231475,0.16039087,0.019610135,0.21355712,-0.065608166,-0.2330341,-0.6003517,-0.55449414,0.16923353,0.2725499,-0.05306606,-0.16840607,0.4251653,0.22807245,0.45094532,0.74416304,-0.17228818,-0.19195122,-0.22936215,-0.046099927,-0.36477,-0.38567814,0.3979175,0.5452407,0.11457728,0.4840084,-0.16283019,0.17691262,-0.65192926,0.85535604,0.22795443,-0.4335428,-0.54355735,0.31392348,-0.005649112,0.34338662,-0.55659026,0.10329825,-0.30398035,-0.39400318,0.00839907,0.42077276,-0.04513776,0.3423915
corresponding_state,0.0004213042,0.067884,0.09343266,-0.112739325,-0.21811697,-0.0772796,0.033847194,0.60939634,-0.02986741,-0.53214186,-0.5022567,0.056383375,0.770944,0.111768,-0.42437232,-0.40161023,0.21055557,-0.46692717,-0.36485636,0.10265774,-0.11266881,0.3224998,0.3179349,0.012827903,-0.40393695,-0.41651288,-0.38507244,-0.17697911,-0.3186805,-0.41667828,0.008695491,0.10560697,0.38006097,0.28437766,0.80658156,0.1861368,0.95187944,-0.34540918,0.21123506,-0.51344556,-0.10480861,-0.733898,0.456864,-0.4150174,-0.5936265,0.21937239,-0.03920408,0.25195995,0.28578836,-0.2801927,-0.20255777,-0.40581357,0.31559438,0.20515543,-0.28710175,-0.36242995,0.038423784,0.26669937,0.06844949,0.15657814,0.044830404,0.058320742,-0.64586115,-0.31055647,0.39742866,0.24959749,0.05428349,-0.2784909,0.1357722,0.30897933,0.23837067,0.46610355,-0.085235685,-0.055725444,-0.54179627,-0.18727472,-0.37941715,-0.34658164,0.45544562,0.15853354,0.060690135,0.341362,-0.39674178,0.18874015,-0.63197047,1.071185,0.1396005,-0.43076235,-0.50954574,0.3832037,0.12988436,0.15857862,-0.7251661,0.021493878,-0.33111656,-0.5006563,0.16990964,0.18190067,-0.01434245,0.14439075
"rna,_messenger",0.2647024,0.6116684,-0.49152413,0.30066404,-0.104036056,0.8312397,0.72924495,0.9161882,-0.014892365,-0.11763249,-0.8250733,-0.39927524,0.5569569,1.1378322,-0.4465449,-0.29694575,0.34842542,-0.55254495,0.26361093,-0.08117767,-0.30062824,-0.06376832,0.4709978,0.5622066,-0.23767257,-0.37471187,-0.30138856,0.63799834,0.43481234,-1.147627,-0.10200615,-0.4003069,0.3175573,-0.08807979,0.4341143,-0.085719705,0.22484332,-0.5599721,0.8570796,0.317867,-0.14984855,0.28784108,1.3137139,0.113636464,0.2853226,0.8610753,0.18054247,1.4053224,-0.05918696,0.83403295,-0.40314776,-0.6340806,0.5065627,0.28576538,0.70765924,0.00019136522,1.4371648,0.121306136,-0.7579781,0.38469985,-0.71537113,0.8487906,0.16469434,0.761485,-0.21508358,0.3122453,-0.18349619,-0.38066489,0.14298199,0.5257758,0.48806614,-0.31573325,0.14526595,-0.032369114,-0.1456416,0.5704388,0.23275265,0.22991258,-0.084669374,-0.34988087,0.40887934,-0.19803478,-0.08558737,-0.3262103,-0.23467985,-0.21243568,0.12375227,0.3719398,-0.30017102,-0.45808703,-0.6546994,0.3732549,-0.11599695,-0.56454045,-0.21519676,0.002773573,0.07863938,-0.3428969,-0.044739906,-0.5128496
protein_phosphorylation,-0.046751663,0.21333505,-0.18335944,0.29761854,-0.56277853,0.33689547,0.8742544,0.8648377,0.35737053,-0.48762146,-1.1985967,-0.41985804,0.98404896,0.85842085,-0.7176646,-0.31680536,0.15004645,-0.6704414,-0.18305032,0.045563012,-0.29717046,-0.4097711,0.122134015,0.317593,-0.3100922,-0.14329691,-0.035151564,0.41653913,0.18532763,-1.2075332,0.2660999,-0.53265804,0.5355937,0.15077314,0.69910103,0.3358116,-0.15080284,-0.37961787,0.7677649,0.52123624,-0.5008712,-0.22841676,1.0375129,0.19522919,0.004014958,0.5064572,0.32128593,0.649227,0.34684062,0.41406637,-0.81768894,-0.4497098,-0.32425544,0.25982368,0.25567183,-0.3948089,0.99973214,0.10075206,-0.7771539,0.3658999,-0.13695878,0.23369631,0.36450875,-0.12787122,0.5211879,0.15495224,-0.49815273,-0.23914556,-0.5593166,0.8764791,0.021755563,-0.60037625,0.2072531,0.3878368,0.28692403,-0.09030657,0.06742253,0.36626083,0.2379581,-0.68956524,0.3248229,-0.18484083,-0.5399179,-0.15137424,-0.52987736,0.08152197,-0.11325337,0.11072696,-0.48999467,-0.41952693,0.3216031,0.725324,-0.30759004,-1.0011182,-0.14301565,-0.5832798,0.07379394,-0.5080886,0.10753297,-0.21271075
"cells,_cultured",-0.21200167,-0.2829471,0.092258684,-0.17556174,0.22778434,-0.23236832,0.37680262,0.55827767,0.23083861,-0.06453137,-0.81803495,-0.4027402,0.27992618,0.7749617,-0.60991853,0.07914457,-0.13261656,-0.7830726,-0.5240036,-0.07540339,0.69574434,0.23831415,0.04641511,0.6338016,0.39092594,-0.016859973,-0.21051195,-0.55815977,-0.17199408,-0.59080786,-0.025020795,0.15154181,0.10081347,-0.09168766,0.09709053,0.63618976,0.08361284,-0.70077944,0.61139345,0.41754997,-0.14105816,0.18452464,-0.27168214,0.4619727,-0.25824934,-0.2236092,0.38949463,1.3970888,0.117923856,0.30602875,-0.1644392,-0.53720415,0.13531874,1.1541862,0.2463175,0.58037484,0.27036092,0.4050728,-0.20151319,0.11702981,-0.30830044,0.6633743,-0.43468952,0.47783276,0.17989135,0.40143993,-0.106476784,-0.3544309,-0.31648216,0.15049276,-0.11807505,0.38844454,-0.20726764,0.03141888,-0.2657643,-0.25415105,0.072710395,-0.112819284,0.13526647,0.29818028,0.014221117,-0.06435082,-1.0897704,0.18314648,-0.19835195,-0.19924344,-0.014497642,-0.469476,-0.12933692,0.092206776,-0.50166804,0.4807899,-0.2691308,-0.67494124,-0.5731122,-0.21446201,0.64838535,0.43795553,0.15553674,-0.58118397
antineoplastic_activity,0.11413153,0.0703196,-0.11558418,-0.27182266,-0.61211634,0.14533362,1.1600811,0.38436067,0.53042954,-0.32364798,-0.6083072,-0.627229,0.7994365,0.80230725,-0.54106534,-0.40761602,0.40553787,-0.09812278,-0.2117404,0.11809865,-0.021918599,0.09872428,-0.2620647,-0.08928451,0.058536477,-0.47109956,-0.5987773,-0.08336968,0.186245,-0.5845369,0.56193584,-0.033295427,0.35407034,0.10835675,0.6484336,0.23339905,0.10899553,-0.8735465,0.23995394,-0.08104799,-0.36792907,0.03289926,0.28577486,0.26035067,-0.17030612,-0.14136457,0.26560956,0.102956966,0.27424157,0.06285348,-1.013853,-0.32022035,-0.26137054,0.30283833,-0.15260486,-0.5814036,0.78962165,0.0006807505,-0.61799866,0.4400732,-0.09041448,-0.38699055,0.421244,0.48292702,0.43049574,0.32747674,-0.35928193,0.03588305,-0.056958593,0.5472298,-0.45350125,-0.26449063,0.24756539,0.39303043,0.06926317,-0.2687725,-0.17392114,0.5193224,-0.049464837,-0.65601933,0.46368298,0.052017,-0.39416933,0.010874431,-0.57304364,0.038575027,0.20673718,0.24537016,-0.11992551,0.022732988,0.3710376,0.7573591,-0.30463302,-0.61940783,-0.047391955,-0.77667356,0.30638075,-0.2697103,-0.2143705,0.05911819
genetic_variation,-0.18818936,0.2886101,-0.5743319,0.9131944,0.26285398,0.46941757,0.5365092,-0.048801817,1.1108527,-0.06620865,-1.0704693,0.04354511,0.22873801,0.314755,0.20222759,-0.5383924,-0.05388746,-0.63897806,-0.23055845,0.33589432,0.54031307,0.5609463,0.054188896,0.6702697,-0.19995558,-0.5097977,-0.7045036,0.10247744,0.1263317,-0.09798515,0.12279783,-0.0767721,-0.060630623,-0.42806208,0.35522062,0.41692203,0.23452647,-0.64927757,-0.07132992,0.3175502,0.61187315,0.6501414,0.19167584,-0.13545449,-0.44493416,0.5214018,0.057840545,0.4102181,0.22577728,-0.15605493,0.51095873,0.10432597,0.67949533,-0.8294763,0.09257606,-0.3291691,0.57621866,-0.11232363,-0.4072538,-0.38380554,0.15528463,-0.20202488,0.20461003,0.5429881,0.38914397,0.5612891,0.42137724,0.08129808,0.3347928,0.7674741,-0.12981696,0.2227355,0.10098807,-1.293009,0.098855026,-0.5718994,0.2554092,0.8156063,0.82693964,-0.37596613,-0.28587848,0.20110364,-0.15642655,0.13663049,-0.0969588,-0.53242457,-0.1478749,0.32839975,0.41474137,-0.43116626,-0.17538936,0.45380095,-0.28218776,-0.2457655,0.52866465,-0.5246196,-0.10978858,0.032966234,-0.20739391,0.42528278
sulfur_dioxide,-0.030878177,-1.1507323,-0.51836675,0.25817904,0.31339493,0.20939763,0.04292943,0.16211565,0.33468044,-0.15766972,-0.39132196,-1.0042917,-0.23986956,-0.3209918,-0.22868384,-0.29348624,0.5550829,-0.521367,-0.64466166,-0.026558623,-0.039886087,0.35933262,-0.16042072,0.67885524,-0.11169143,-0.1412958,-1.0616328,-0.010524775,0.21595673,-0.16371097,0.43438146,0.27106115,-0.9388633,0.026789859,0.013785382,0.3808771,0.59300435,-0.9048321,0.18303655,0.034840904,0.026013156,0.90117824,-0.029959692,0.04405261,-0.28023937,0.599143,-0.44864917,0.07476522,0.34488466,-0.13029164,-0.21115299,-0.57187015,0.7564024,0.2789649,0.86435115,-0.6453362,-1.1045824,-0.06420354,-0.105875105,0.24755476,0.7397707,-0.24342874,-0.07742526,0.63791394,0.22401932,0.71107495,-0.2468436,-0.38204044,0.5295948,0.17167182,0.2454004,0.008292282,0.18321368,-0.14766502,-0.08038092,-0.40266693,-0.6510377,-0.061561257,0.46381077,0.19300145,0.6172595,-0.7989203,-0.8741613,0.7030532,-0.90284413,-0.001388423,-0.056550615,0.076286994,-0.013457055,0.29990548,-0.36147395,0.82937676,-0.14846541,-0.4036113,0.35697,-0.7850239,0.020135693,0.70220965,0.22094621,0.195869
nitrogen_compound,0.50093484,-0.9899721,-0.6572159,0.6420465,0.12603396,0.35560098,0.4590894,0.06073419,0.15568915,0.31520104,-0.55233836,-0.7258059,0.2949955,0.29678065,-0.5681675,-0.23595488,1.1294061,-0.38389334,-0.5000487,0.09149264,-0.03051744,0.7330024,-0.21654354,0.3773376,-0.37262762,0.10544378,-1.016724,0.27540904,-0.1507881,-1.0089543,0.30365187,0.31247187,-0.017677091,-0.19322684,0.38914806,0.31181362,-0.22570306,-0.35588607,0.2217114,0.22052245,0.49276316,0.33048996,0.31257066,0.53141683,-0.09127031,0.08904421,-0.016423453,0.4375632,0.5379422,-0.43240532,-0.12008353,-0.81091946,0.8145836,0.2529194,0.6469401,-0.8816535,-0.52699727,-0.109038636,0.2293681,0.3789865,0.68112916,-0.17893699,-0.20619848,0.6011485,0.21377061,0.29322088,-0.29286763,-0.91938156,0.8636169,0.64250046,-0.36286768,0.2941612,0.78707796,-0.58511215,-0.09755795,-0.2976002,-0.5199585,0.22853419,0.09381297,0.135875,0.06086034,-0.84726644,0.06240443,-0.30993098,-0.67140955,0.18504208,-0.055623274,0.43759853,-0.2197439,0.10999717,-0.08950446,-0.051084068,-0.43216515,-0.50014836,0.78190845,-0.46731994,-0.23164983,-0.10309995,0.24231586,-0.4462568
measurement_accuracy,0.6214639,0.2621031,-0.0091392305,-0.48023167,0.12678285,-0.5447927,0.44438535,0.050151475,0.06559183,-0.5406947,-0.6626878,0.031583853,0.24811196,0.6024157,-0.5813954,-0.5457359,-0.051781893,-0.25447178,0.15517159,-0.35172978,-0.21709532,0.56599146,-0.42165256,0.2202965,-0.29697457,-0.13099095,-0.6236118,0.4925188,0.09073248,-0.21000616,-0.25737926,-0.32486942,0.576245,-0.591515,0.05268013,-0.2389284,0.46666285,-0.9310402,0.14974146,-0.4651439,0.036350872,0.13367504,0.69032514,-0.07944247,0.057716746,0.74671274,-0.17693612,0.35842577,0.79327357,0.023960277,-0.5889674,-0.69228226,0.1991468,-0.17045979,0.21776299,-0.31332245,0.38919395,0.42707235,-0.34051892,-0.08576116,0.038012393,-0.8834286,0.1185927,0.9475599,0.017091984,0.410899,0.2534118,-0.15128268,0.090790436,0.51202697,-0.01220373,0.17519945,-0.5281358,-0.19606148,-0.04133859,-0.47011295,0.28774515,-0.29369608,-0.49487576,-0.19086458,-0.2094286,0.20669635,0.014791029,0.15412727,0.07873735,0.042048242,0.14253217,-0.30949256,-0.6879924,0.1685663,0.17416792,0.87201804,-0.14798911,-0.15493375,-0.082661726,0.49497503,0.008354595,0.2995967,-0.53046906,0.45279345
integral_equation,-0.09361413,-0.433679,-0.45254064,0.549561,-0.0012698891,0.04721867,-0.10472399,0.54307383,0.44023436,-0.23994829,-1.0686102,-0.2284476,0.46621856,0.05827784,-0.18805592,-0.376012,-0.008806661,-0.6475774,-0.47921926,0.06992338,0.01772534,0.6771522,-0.043449085,0.0612289,-0.4378205,0.15669969,-0.32812268,-0.27817717,-0.22431386,-0.17657599,0.256257,0.002193659,0.29260513,0.25540593,0.15672214,0.1398544,0.49398595,-0.6234345,-0.23705181,-0.057802558,-0.33005515,0.4835239,0.3384294,-0.10273717,0.2832069,-0.2939611,-0.19786324,-0.5015787,-0.298098,-0.7315268,0.23629329,-0.5136826,0.30683783,-0.114786506,0.34105062,0.075826265,-0.35024276,0.027074188,0.31478238,0.054384347,0.025826555,0.0377511,-0.2711392,-0.69406796,0.7778737,0.17174694,0.39663205,-0.6606046,-0.3133803,0.29356542,0.3409173,0.28802866,-0.29633915,-0.39304072,-0.12254312,-0.007472883,-0.24810937,-0.006262771,0.48044723,0.33641633,0.035861615,0.15470277,0.11304884,0.29081702,-0.2983417,0.6877477,0.08507915,0.014787862,-0.07141113,0.24194935,0.017070986,0.72814626,-1.0035355,0.17654619,0.29316384,-0.23836902,0.13625012,0.74189776,0.12738006,-0.068714194
shear_flow,0.2962629,-0.58937526,-0.17482589,1.0063013,-0.3965716,0.13300025,-0.015857294,0.12936322,-0.37034962,-0.38742122,-1.2842864,0.3269904,0.7692399,0.5328394,-0.6186958,0.19362997,-0.04452542,-0.7524994,0.23431239,0.1095809,0.062152162,0.16549754,-0.02012285,0.24476932,-0.9065897,-0.26973864,-0.65727425,-0.21786137,0.22143549,-0.9934645,0.32982323,0.061635368,0.11194889,0.17758192,-0.11758447,-0.15737794,-0.062143356,-0.37128845,0.4313968,0.4252631,0.4474802,0.028522663,0.74291986,-0.03987021,-0.75881535,0.34809726,-0.84111506,0.32237524,0.19751553,-0.41015422,0.2408223,-0.73590827,0.4881112,0.51897746,0.32827753,-0.17463085,-0.07673312,0.016994525,0.27616614,-0.07134092,0.05408767,0.19306345,-0.14707558,-0.0064602355,0.016071377,0.022985559,0.1601349,-0.56996673,0.1593749,-0.02909281,0.15541673,0.4118465,0.079729706,-0.2842606,0.051329326,-0.41977358,-0.4592062,0.06326863,0.18780297,-0.12391843,-0.09607621,0.19208498,-0.23187302,0.09964001,-0.20163491,0.6340112,0.3311665,-0.10081128,0.06330449,-0.10811309,-0.09345705,0.27338046,-0.9164113,-0.17898025,0.69611937,-0.74630255,0.14143914,0.15414755,0.55529445,-0.21187717
electrochemical_method,-0.14074196,0.22202983,-0.0020182338,0.22266713,-0.75764495,0.18533012,-0.13620743,0.07518496,0.053705137,-0.64591086,-0.6629998,0.21935017,0.21530701,0.34453556,-0.8809848,0.5764201,0.72501296,-0.39135867,-0.01001301,0.29599586,0.3203024,0.09977114,-0.11051928,0.7301602,-0.8435372,-0.6651385,-0.50992125,-0.31640592,-0.20282821,-0.20861953,-0.13358052,-0.5322721,0.16730458,0.78383344,0.005996283,-0.0039322656,0.9526155,-0.46110034,0.043859072,-0.29894525,-0.14425656,0.07994386,0.013658632,0.41665673,-0.47112793,0.17760578,0.0011528874,0.39825487,1.3158575,0.19337393,-0.06520805,-0.73162085,-0.26300442,0.58455336,-0.10794953,-0.24123454,0.2757892,0.17661475,0.18633194,0.4073733,0.30994904,-0.33759406,-0.24042688,0.8040436,-0.0025617213,0.18222077,-0.3773373,-0.038986243,0.057961527,-0.26696193,0.22688276,0.30594215,-0.75906444,0.43560708,0.08404412,-0.7415405,-0.47844064,-0.09206463,0.18398657,-0.17131187,0.14827164,0.17388037,-0.5474176,0.0058147986,0.19396855,-0.16216516,0.97729576,-0.5744937,-0.5175128,0.066624105,-0.19814946,0.19145885,-0.24971071,-0.32115778,-0.39947465,-1.0109833,0.13593999,-0.273968,-0.5183009,0.47349086
dynamic,-0.01992918,-0.2942846,-0.4285837,0.7815412,-0.11085595,0.29920334,-0.35377616,0.3204014,0.6348578,-0.3650096,-0.6085504,-0.52311623,-0.091448955,-0.40723956,0.008536259,-0.62884444,-0.29541895,-0.572401,-0.7699151,-0.021604918,0.4114611,0.16125652,0.02421626,0.47282314,0.025935462,-0.41962183,-0.53517777,-0.24425416,0.38487995,0.0725239,0.1438335,-0.30707604,-0.17085242,-0.46806568,0.34764397,0.4880361,0.10874748,-0.66505444,0.65824,-0.51792294,0.011265647,0.100100785,-0.29878542,0.07516252,-0.6434074,0.06430038,-0.39830986,0.03730268,-0.10160118,-0.52665085,-0.046279006,-0.8499144,0.4373993,0.284646,0.40510362,-0.32002604,-0.89988315,-0.08498125,0.04681816,0.3787747,-0.010652902,-0.55424345,-0.32510152,0.2258523,0.31127736,0.056850746,-0.30702478,-0.5515027,0.13127387,0.6002279,-0.17541648,0.44028962,0.07845383,-0.25190732,-0.2743472,-0.54143393,-0.1536172,-0.2693216,0.21165912,0.6352651,0.57612866,0.15416919,-0.45498738,0.5328833,-0.9999363,0.23706223,-0.10818142,0.22834074,0.27639404,0.3328748,-0.30221453,0.97091246,-0.03958289,0.37315023,0.22072303,-0.1057757,0.034014218,0.93099856,0.045025542,0.12968199
membrane,0.016117584,-0.23405598,-0.21735007,0.25122806,-0.28451324,0.5800848,0.07686942,0.28979978,-0.12833612,-0.4622201,-0.2596922,-0.067442864,0.65818685,-0.10284587,-0.34011444,0.48807964,-0.09909984,-0.10441935,0.11994833,0.07177811,-0.00077071314,0.28001794,-0.17371985,0.36890537,0.02625877,-0.39654022,-1.1147964,0.038604017,0.2535582,-0.2979686,0.06663289,0.40532982,-0.48996124,0.11869625,-0.41876143,0.3108847,1.0125852,-0.74351174,-0.8788247,-0.06671765,-0.04475608,0.13574852,0.25472963,-0.46207318,-0.27913076,0.39160845,-0.46298346,0.0049265823,0.36997297,-0.12332198,-0.19918215,-0.575358,0.29980463,0.03740681,0.58842313,0.01850859,0.3350904,0.61641,0.07553124,-0.03508259,0.07023416,-0.22548324,-0.41748333,0.34039417,0.5495668,0.5075574,0.24825461,-0.10351878,0.2410287,-0.41442487,0.3124505,-0.26354063,-0.4227517,-0.33580467,-0.24160329,-0.16477956,-0.4806553,-0.51420987,0.6778503,0.3456836,0.28613535,0.33969063,0.011427423,0.29239663,-0.3279222,0.28247458,0.33465716,-0.19724272,0.008591317,0.053085286,-0.3802998,0.099471904,-0.22724912,-0.23660666,0.22975072,-0.8225626,0.08788877,0.720232,-0.6591941,0.6677585
tuberculosis,0.6267103,0.21779573,-0.2841753,0.1131624,0.64828813,-0.32657155,0.30042425,1.5970984,0.49401125,0.016772876,-1.1343638,-1.4048694,0.9773295,0.8258884,-0.20105772,-0.72512496,-0.32141277,0.44984326,-0.45563877,0.12301419,0.44234392,0.5735949,-0.17785227,-0.23257902,-0.38547003,0.77860117,0.227998,-0.09249213,-0.3903782,-0.8504107,-0.77631086,-1.4069296,1.0043148,0.4442931,-0.4711541,-0.06952727,1.1642734,-0.7216893,0.9152831,0.45914686,0.6772935,0.42607567,-0.33683118,0.36968663,-0.16921324,0.18019342,0.39912212,-0.06169501,0.33785504,0.015640382,-0.26998857,0.3313859,0.30090943,0.07493304,1.1034364,-0.37151387,0.86238754,0.6454416,-1.1237249,0.51466924,-0.80619234,1.0324702,0.5962005,0.72576284,0.53532994,0.7434818,-0.30932024,0.33228216,0.14289595,1.2648598,-0.25375584,0.61370605,-0.049560633,0.054880254,0.11469372,-0.28647515,0.1040003,0.4307122,1.0167016,-1.0249054,-0.32696372,0.46085724,-0.48577175,0.42266625,-0.46962377,0.7879339,-0.37984797,0.96579945,-1.023401,0.4595487,0.21835464,-0.06283644,-0.22910982,-0.13258173,-0.4060311,0.8795593,0.5047522,0.35035524,-0.74380606,0.48609158
substance_abuse,0.1752407,0.15961505,-0.77029914,0.39575577,0.31601965,0.33635423,0.05258044,1.6657728,0.36143586,-0.22324075,-1.6315404,-0.19202137,1.0075791,0.27087322,-0.7795019,-0.9436524,-0.6680719,-0.21147206,-0.32296625,0.75355166,0.19613138,0.23598665,-0.07884987,0.38105208,-1.3909909,-0.078535065,-0.105795294,-0.16577415,-0.18394561,-0.611916,-1.0138986,-0.49604985,0.27065402,0.53160816,-0.2790966,0.53533894,1.3147312,-0.0632914,0.752268,0.34897962,0.05108341,-0.070288785,-0.04719446,0.2450753,-0.13159163,0.8115902,-0.61344784,-0.24156891,-0.1748431,-0.6364701,-0.17421874,0.27050954,0.8396164,-0.34706458,0.7442064,-0.10185846,0.7366941,0.60891306,-0.78022397,0.53911364,-0.10877698,0.6042794,0.002945555,0.27847606,0.9291058,0.3001793,-0.12623487,-0.05650891,0.22176898,0.7637709,0.57534105,0.4526915,-0.1535173,-0.07042708,-0.30392438,-0.2965505,-0.48338652,0.15511209,1.0110874,-0.17854731,-0.041591756,0.5269663,-0.15529372,0.029242244,-0.7993685,0.63449126,0.5015737,0.9545214,-0.4634549,0.020882994,0.24232468,0.032834314,-0.2747254,-0.47492084,0.24268426,0.01907494,0.29342833,0.81528157,-0.21033981,0.61949545
musculoskeletal_disease,0.3918331,0.007813545,-0.9513745,0.4666135,0.55196804,0.23792495,0.14181672,1.367825,0.0322898,-0.32673493,-1.6730442,-0.57231086,1.0481206,0.23657791,-0.44627234,-0.45390832,-0.5757854,-0.2469404,-0.51044214,0.32866672,0.28946748,0.60018307,-0.21096799,-0.18094724,-1.0068322,-0.11493244,-0.5323626,-0.19022521,0.0253423,-0.84167266,-0.11644594,-0.48235992,0.2920692,0.4979252,-0.35483778,0.07031355,1.1565449,-0.29724228,0.4570593,0.34089828,0.37413296,-0.023238402,-0.24064891,0.20504744,-0.26243907,0.3933771,-0.06570492,-0.41581354,0.17043285,-0.50493133,-0.20660186,-0.06063321,0.6945698,-0.33630234,0.8902569,-0.37329653,0.79323184,0.43206263,-0.8744491,0.4835538,0.23515488,0.19319189,0.28274205,0.83293617,0.88762856,0.5859838,-0.043089263,-0.25986364,0.4026384,0.7291473,0.313892,0.47490937,-0.1774005,0.10207331,-0.11184804,-0.41991624,-0.72684443,0.02251664,0.84867465,-0.5127275,-0.1431255,0.67099744,0.55449665,0.26498446,-0.7973345,0.5165644,0.4785703,0.9502503,-0.69339186,0.26855275,0.57183176,0.096602865,-0.48780498,-0.062279556,0.5879118,0.059599843,0.31790394,0.6510162,-0.38328162,0.5408999
malaria,0.34902856,-0.02246781,-0.8302456,0.4283374,0.54330987,0.16817887,0.09119548,1.2147988,-0.03241704,-0.3194965,-1.5133389,-0.52795225,0.97233826,0.19620734,-0.45525494,-0.42737988,-0.48298785,-0.23294862,-0.49611798,0.35655946,0.26056677,0.5375654,-0.16751836,-0.17979705,-0.94000876,-0.09060536,-0.4885338,-0.2320355,0.007940425,-0.7456512,-0.10537624,-0.4416439,0.29322422,0.48558015,-0.33934867,0.09822624,1.0252614,-0.23795642,0.46033156,0.26348332,0.3604014,-0.029041735,-0.20566337,0.20866023,-0.21899918,0.38010082,-0.076175,-0.4536278,0.24913782,-0.4947864,-0.16713206,-0.031778127,0.60721505,-0.27729172,0.79744464,-0.34688327,0.71318567,0.43968722,-0.7879883,0.47676623,0.21379669,0.21107118,0.24323422,0.7455313,0.81689614,0.6117285,-0.084861465,-0.2310777,0.3659293,0.60928476,0.2360185,0.36447155,-0.21438107,0.09953356,-0.12360384,-0.4066986,-0.6901617,0.03183762,0.73621684,-0.44485977,-0.14681658,0.63683766,0.52595097,0.2523593,-0.71198636,0.56692326,0.4499372,0.8641774,-0.71043175,0.27176422,0.47250092,0.054840174,-0.44585088,-0.08228976,0.4955947,0.017322233,0.33612776,0.55646914,-0.39545518,0.5137157
liver_cirrhosis,-0.061910246,0.0448104,-0.55003583,0.19126305,0.52111536,0.3441799,0.3154869,1.1462557,0.44123524,-0.3235808,-0.7361819,-0.14000769,0.8774161,-0.058353614,-0.107248634,-0.33633673,-0.73893094,0.042560782,-0.032390006,0.5415199,0.50182134,0.6199977,-0.19786836,-0.12427436,-0.3139793,-0.2632178,-0.27140865,0.1779671,-0.03390801,-0.5171585,-0.1068798,-0.46597877,-0.13603555,0.35755953,0.022613244,0.31309023,1.2771964,-0.4693501,-0.23980251,0.17900454,0.010111559,-0.26859698,-0.27065527,0.09984355,-0.23649986,0.075273044,-0.09642742,-0.3882829,0.3541786,-0.23542762,-0.30394396,-0.09312478,0.32855648,-0.429876,0.26657882,-0.14802098,0.9222244,0.5781537,-0.7382541,0.19527496,-0.009184567,-0.06112089,0.38067317,0.5628554,1.0786276,0.26970962,0.43038756,0.118495494,0.4291879,0.4065269,-0.20600821,0.44911575,0.01787646,-0.17127398,0.080830686,-0.045147493,-0.36554995,-0.0809327,0.9654072,-0.3952262,0.09410309,0.35777494,0.1406034,0.21745357,-0.6286089,0.40677595,0.10863342,0.8958745,-0.24726786,0.437946,0.094717,-0.022721175,-0.16926506,-0.10272632,0.20083505,-0.21055616,0.13644367,0.6816144,-0.71715564,0.7801133
life_expectancy,0.31888008,0.056347664,-0.6207932,0.05933511,0.6337956,-0.24474727,0.33873865,1.097557,0.37835962,-0.3299437,-1.2579068,-0.26123837,0.9875051,-0.19651751,-0.36689365,-0.49872246,-0.7972062,-0.34033993,-0.5786766,0.28593874,0.2947134,0.5501012,-0.27879405,-0.13004434,-0.6350394,-0.10549072,-0.35750985,0.113662764,-0.0512542,-0.5652261,-0.02559673,-0.44197056,0.03595018,0.33373076,-0.12771411,0.22643816,0.69297093,-0.34947,0.32301566,0.33104408,0.32374123,0.03555103,-0.2577308,0.06268135,-0.33560324,0.29917058,-0.07955207,-0.26095703,0.39635688,-0.41835448,-0.3359604,0.012959054,0.3080367,-0.218736,0.5670281,-0.31367058,0.74320036,0.5537902,-0.8069214,0.24603587,0.24476622,-0.1074116,0.4469089,0.6251533,0.9496385,0.55442405,0.019668616,0.28171143,0.02025809,0.7217725,0.06302987,0.54965246,-0.18752313,0.24150261,-0.038525585,-0.21996567,-0.35421062,-0.015017728,0.57826436,-0.5916784,-0.15224661,0.4583167,0.2468178,0.17089966,-0.8131271,0.45798323,-0.013488488,0.47944367,-0.36645818,0.049660128,0.5066143,-0.15489426,-0.27104074,-0.2533808,0.20894685,0.026190158,0.496662,0.33830106,-0.24212101,0.28581947
ischemic_heart_disease,0.36254293,-0.046291966,-0.75236326,0.37167707,0.5162097,0.10957374,0.055952884,1.175561,-0.021986598,-0.3272011,-1.4279503,-0.5003245,0.92740816,0.22635706,-0.386409,-0.40119225,-0.45205104,-0.2642009,-0.4924218,0.309127,0.18926871,0.5206885,-0.17289592,-0.23015524,-0.8724438,-0.049058013,-0.4220788,-0.21201922,-0.017835438,-0.72938377,-0.06456261,-0.39667952,0.31338143,0.46144643,-0.25861776,0.06343656,0.9353031,-0.17184176,0.46320158,0.24318369,0.36772448,-0.10606043,-0.22292255,0.1857779,-0.2242262,0.30136368,-0.022615667,-0.4199659,0.21975322,-0.47337517,-0.1350466,-0.032930035,0.5593556,-0.29616293,0.7636262,-0.28635755,0.64918095,0.38536033,-0.7593204,0.478407,0.22027129,0.13245423,0.21590419,0.65055096,0.74399555,0.53055656,-0.09791242,-0.20985456,0.28969383,0.52614504,0.23398538,0.3894273,-0.251207,0.14431214,-0.058299046,-0.41456085,-0.66134727,0.022364957,0.6260206,-0.40895167,-0.1651905,0.568884,0.548768,0.17071931,-0.6572275,0.5015058,0.50386924,0.7744497,-0.6846586,0.27421805,0.43159884,0.09611569,-0.4327768,-0.010357709,0.4938494,0.07775502,0.3071464,0.4765989,-0.34515586,0.4694639
diarrhea,0.3518889,-0.10128053,-0.5957346,0.25414714,0.5486752,0.060254976,-0.06537497,0.89252687,-0.041107856,-0.302351,-1.2233034,-0.46534467,0.76586556,0.17725594,-0.3486694,-0.28643087,-0.38477194,-0.28729784,-0.42672986,0.26879767,0.1896502,0.38538367,-0.12990747,-0.20513508,-0.6857212,0.040147804,-0.40581366,-0.23976943,0.0133467,-0.62425137,-0.03923263,-0.37577802,0.16569626,0.37126726,-0.25950179,-0.028083535,0.7408156,-0.21429905,0.42327592,0.19665419,0.34362862,-0.09417089,-0.27226672,0.20022415,-0.2513889,0.24846952,-0.0018579492,-0.31616902,0.20665611,-0.35668463,-0.101961896,0.025106115,0.5087518,-0.28243297,0.6660559,-0.14672603,0.5640942,0.33235365,-0.56720054,0.4401016,0.2582631,0.11910077,0.17614129,0.61695373,0.600917,0.45877966,-0.1264995,-0.17381103,0.23747587,0.31870326,0.15063436,0.23158816,-0.3753182,0.10069447,-0.07716041,-0.35716453,-0.55496836,-0.0040003513,0.35456884,-0.35346824,-0.14121175,0.54373294,0.4932791,0.11270311,-0.4782695,0.36592132,0.44188255,0.6510832,-0.6520405,0.2382329,0.37333632,0.0807209,-0.34561044,-0.013558854,0.4181692,0.13268574,0.25646845,0.3860674,-0.28345007,0.4327141
chronic_kidney_disease,0.38743424,-0.057623696,-0.6135662,0.27082098,0.5321749,0.053667765,-0.041561563,0.8430069,-0.13540918,-0.28943002,-1.1351662,-0.44538027,0.719107,0.25115126,-0.31608766,-0.26722172,-0.3323379,-0.20943649,-0.372031,0.24588116,0.16981836,0.38508546,-0.11639055,-0.25415105,-0.642742,-0.03255534,-0.40870452,-0.26649988,-0.030724494,-0.5872267,-0.007966287,-0.329127,0.17231213,0.42362854,-0.2746416,-0.031182759,0.70009047,-0.2385455,0.34217986,0.17176707,0.31830212,-0.11752448,-0.23460056,0.23089327,-0.17746183,0.22249117,0.059009105,-0.29827383,0.20266092,-0.28244972,-0.109898895,-0.003859744,0.47522056,-0.25344032,0.6229355,-0.15990566,0.59708506,0.36053097,-0.57296836,0.4429705,0.18267758,0.12717806,0.17500462,0.6017524,0.535848,0.4533529,-0.113510035,-0.205178,0.25177732,0.28127703,0.09324271,0.246534,-0.32742772,0.06171631,-0.06474898,-0.34080973,-0.6077344,-0.0286403,0.32680523,-0.3741028,-0.12371476,0.54531866,0.5059475,0.11196177,-0.4422876,0.40031087,0.4235438,0.71347225,-0.6512929,0.2611983,0.33835533,0.060705863,-0.31032744,0.07354962,0.38285276,0.055297464,0.23629254,0.3566569,-0.33778322,0.38713026
cardiovascular_disease,0.22744584,-0.08685357,-0.4160363,0.20344815,0.6524423,0.096618354,0.05663886,1.0290174,0.16614778,-0.42424884,-0.9228386,-0.40246686,0.65136015,0.10518557,-0.02481768,-0.25979564,-0.38267705,-0.17101343,-0.03379586,0.2372158,0.52490133,0.44609967,-0.28880924,-0.14449587,-0.5597351,-0.19948766,-0.22987515,0.27067587,0.25766867,-0.5796851,0.18378146,-0.4342978,0.22850494,0.37321034,0.02544251,-0.173887,0.7421301,-0.11336602,0.39802077,0.026447203,0.3967756,-0.15355545,-0.011323164,-0.11231858,-0.15126339,0.38374126,-0.22530769,-0.29527617,0.096887805,-0.10141837,0.017671634,-0.2512401,0.4748256,-0.29249504,0.6976662,0.08379968,0.5970618,0.55951303,-0.7769513,0.2132286,-0.05424975,0.1463796,0.37757987,0.7200454,0.5691936,0.48363096,-0.09184624,-0.07724774,0.4030911,0.2484444,0.25499582,0.6251041,-0.38563234,0.026647657,0.22932102,-0.04594931,-0.19050184,-0.30049467,0.58418196,-0.40707365,-0.18042795,0.681524,0.44881624,0.28390554,-0.63627553,0.19093886,0.31155893,0.31717718,-0.2242719,0.21334055,0.20918359,0.0074690953,-0.54907495,0.09404865,0.09670477,0.16613646,0.11816124,0.5988037,-0.28901237,0.33466682
packed_bed_reactor,-0.06811898,-0.9777129,-0.024140242,0.31403214,0.16935731,-0.17971997,-0.22060387,0.37676412,0.20764054,-0.3852722,-0.44608855,-0.3885848,1.1381955,-0.032430988,-0.79018456,-0.36493167,0.20643592,-0.0067373835,-0.37157312,0.3796344,-0.061354518,0.58896846,0.2079107,-0.12696731,-0.26852164,0.19421919,-0.6898988,-0.22886042,0.03485569,-1.3514116,0.33125892,0.4556734,-0.08137086,-0.2610305,0.1953957,0.56660587,0.171568,-0.17784777,0.19532692,0.44599313,-0.08386072,0.6562868,-0.11645432,0.3721133,-0.8150847,-0.51637495,-0.03236951,-0.1687206,0.9008203,-0.52804106,-0.02363936,-0.44040814,0.27759415,-0.18261985,0.26712584,-0.8145545,-0.46484643,0.18318345,0.27988142,0.10255262,0.708765,-0.31167325,-0.044858035,-0.013612472,0.6912529,0.40984416,-0.26541027,-0.3744517,-0.017293554,0.41765317,-0.3287085,-0.19124597,-0.031839844,0.09788121,-0.41729742,-0.37806213,-0.22701912,0.23759408,0.07426183,-0.34004784,-0.025349904,-0.6224676,-0.0033602314,0.05919745,-0.4119009,0.43233335,0.054769766,-0.17631054,-0.9102162,0.2168034,-0.40928945,0.39907232,0.2613881,-0.35344288,0.59211487,0.17986833,0.028259955,0.034222707,-0.8801514,0.24288692
silica,0.23244207,-0.18273598,0.033509035,0.8204748,-0.41475677,0.5712882,-0.11651986,-0.11823645,0.16981153,-0.51156336,-1.0717437,-0.013192498,0.23864822,-0.30606794,-0.23580378,0.18324281,-0.08155737,-0.90805864,-0.78340584,-0.57966083,-0.2933711,0.6694441,-0.3816796,0.2586709,0.017650304,0.20880237,-1.1708795,-0.36295426,-0.052569956,-0.13276267,0.76940966,-0.13391945,-0.8722143,-0.036073186,-0.696187,0.2645681,-0.5922798,-0.8018285,0.7717741,0.35735703,-0.2163736,-0.49971238,0.26348242,-0.06475288,-0.088544235,0.31513426,0.07787949,-0.27639326,0.5922052,0.12518734,-0.28490525,-0.3525214,-0.26068598,0.12461075,1.074632,-0.33406377,0.119368754,0.98237723,-0.60798925,0.28935888,0.2588366,-0.89582425,0.20550412,1.0869539,1.028266,0.12908058,-0.13592528,-0.10646292,-0.16341129,0.13893253,0.16105562,0.27211583,-0.17969581,-0.19305864,0.40325412,-0.37251005,-0.09254951,-0.5944095,0.41311517,0.119690634,-0.3756686,-0.4075956,0.85756814,0.57809544,-0.42333567,0.27150682,0.27305567,-0.33286595,-0.14861228,0.14603807,-0.73020864,0.7989434,-0.2413386,-0.7127218,0.13019268,-0.56282145,0.25038388,0.37422606,-0.2829109,0.2154603
enthalpy,0.037223574,-0.17654389,-0.028691022,-0.32374346,0.5745732,-0.041108888,0.23477577,-0.042339418,0.023416977,-0.2685055,-0.38441706,0.038225956,0.28950927,0.029255077,-0.21191385,-0.19554728,-0.4876602,-0.8070116,-0.40347943,0.13327831,-0.30061686,0.29491425,-0.23892848,0.31827125,-0.36611515,0.08562448,-0.79871625,0.13603805,0.3173476,-0.5059565,0.25272545,0.08151047,-0.25503466,-0.08692398,0.2937562,-0.2147734,0.31897312,-0.59223276,0.5054252,0.3607604,0.21158642,0.14370151,0.24152945,-0.27744,-0.20901392,0.6945295,-0.29781872,0.2751921,0.16976412,-0.28792483,-0.36519307,-1.0011973,-0.053697485,0.42485878,0.2089917,0.28115693,-0.58982426,0.3700922,-0.12889667,0.3578358,0.078097925,-0.58247465,-0.010588786,0.46904463,0.4733913,-0.08014459,0.98558414,-0.019513562,0.36778954,-0.22819749,0.07160082,0.5078892,-0.31364843,-0.65020555,0.00866285,-0.035168007,-0.21500961,-0.4242534,-0.2777691,0.4321733,-0.46006918,0.14206047,-0.14758678,0.104778446,-0.777122,-0.418653,-0.0052078413,-0.08971195,-0.279412,0.41221276,-0.24607113,0.7115886,-0.580055,-0.013766681,-0.30680996,0.04322667,0.118369825,0.42508844,-0.16524717,0.48983
gelation,0.5646836,-0.4137508,-0.1952504,0.5149393,-0.24620672,0.20013858,0.29066053,0.39958227,-0.32153097,-0.25082022,-1.206612,-0.7014252,0.05434762,0.70680857,0.021432605,0.3825373,0.2666918,-0.63648134,-0.11301295,-0.5177624,0.6109605,0.32445803,-0.33982486,0.7955187,0.116747856,0.44203472,-0.5386025,-0.10235738,0.52872247,-0.5456995,0.7083025,-0.4113501,0.13843572,0.34148797,-0.83922,-0.111486904,0.023207447,-0.84197676,0.2709093,-0.20855148,0.39896628,-0.0226778,0.2454765,0.19693369,-0.04800168,0.08366249,0.024196554,0.55038977,0.10623062,-0.015071576,-0.3072552,-1.0828251,0.2603293,0.63128746,0.6758684,0.10904083,-0.61699545,0.57014084,0.23453555,0.12959877,0.12423091,0.11576228,-0.052106466,0.59659237,0.3129398,0.08378137,0.04221047,-0.87570965,-0.020725898,0.39371747,-0.08803684,-0.045717828,0.032508694,-0.47383276,0.672852,-0.38019368,-0.07167368,0.038626045,0.058354948,-0.17310971,-0.123079695,0.08736583,-0.009046869,0.24233295,-0.053684194,0.16245183,-0.23164067,0.27461752,0.09825458,0.12675662,-0.3922713,0.32040894,-1.3165573,0.27875945,0.1015234,-0.46301356,0.22351167,0.6354108,0.055035498,-0.16010767
cyclodextrins,0.7446257,-0.48181462,0.0752994,0.21070673,-0.34097874,0.38895103,0.5252735,0.19409902,-0.41159847,-0.14741488,-0.83610076,-0.7377689,-0.03762971,0.7731813,0.21654037,0.18948397,0.6132591,-0.52617455,0.13987054,-0.71729904,0.4933328,0.44027564,-0.25479603,0.36469623,-0.07883256,0.48047,-0.6642444,0.09074531,0.2635471,-0.66660994,0.62964803,0.0070402185,-0.07664034,0.08460659,-0.5454077,-0.20379362,0.28783324,-1.114898,0.09753661,-0.47872618,0.086713515,-0.043285646,0.2740272,-0.020213721,0.100856066,0.09941735,-0.041343816,0.6024078,0.21519703,0.28340328,-0.34595144,-0.7105115,0.65601456,0.72643256,0.6000789,-0.055575665,-0.56752753,0.5885065,0.2483184,-0.35577166,0.20843886,-0.100285016,-0.03678343,0.9752032,0.359664,0.25268167,-0.0031141588,-0.880664,0.33587465,0.41616762,-0.072085544,-0.03597399,0.084537745,-0.6722189,0.26215014,-0.039476994,-0.24880049,-0.014228499,0.099559724,-0.0071138553,-0.07711099,0.13907814,-0.03610653,0.2938581,0.15170589,0.17114523,-0.100103505,0.027735913,0.210433,0.18443397,-0.32799837,0.71363187,-1.229476,0.33247238,0.12619972,-0.22423388,0.23205586,0.32049718,-0.048387635,-0.049077157
sleep_deprivation,-0.33589038,0.26769212,-0.29892287,0.526819,-0.14826995,0.6921408,0.6565025,0.7082877,-0.07575186,0.17148313,-0.5748457,-0.38845685,0.06858238,0.74951535,-0.63721097,0.0784501,0.31565693,-0.22964557,0.25418237,-0.29897216,0.5786592,-0.15334164,0.7784618,0.091358915,-0.11850648,0.1350629,0.54545385,-0.025253113,0.093049265,-0.35369474,-1.2525811,-1.1347156,0.19653064,-0.13742936,-0.25359452,0.31891456,1.2270887,-1.2854985,0.33223233,-0.24082607,-0.21241486,1.2358074,-0.057135083,-0.48825043,0.57528186,0.6823973,0.1909255,0.6484464,0.53672844,-0.0998336,-0.24266344,-0.55525875,1.0703442,-0.08635047,0.5465914,0.13832693,0.8205372,0.37214455,-0.1537401,0.5633209,-0.38110393,1.524789,-0.68527555,0.8897574,-0.041010257,0.12597722,-0.049991883,-0.025613848,-0.1619741,0.865641,0.2569072,0.061386332,-0.4980354,-0.4286632,-0.2812101,0.08360958,0.20811386,0.043737497,0.4201521,-0.08239029,0.4497411,0.9434339,-0.28680286,0.0187236,-0.0076343575,0.060605474,0.24286515,0.09473508,0.18738267,0.044184852,-0.34522322,-0.08859502,0.26068977,-1.1150354,-0.6077646,0.76008594,0.18900473,0.6348516,-0.91604877,-0.3038787
sleep,-0.09708376,-0.033641342,-0.256465,0.27713612,-0.04463125,0.9542539,0.26461354,1.0768969,0.20500076,0.13064873,-0.83338916,-0.70234406,0.41221678,0.98004216,-0.38157418,-0.15740852,0.07436782,-0.34954822,0.23111026,-0.5196205,0.19387929,0.019530866,0.730347,0.63190854,0.13719705,-0.1701101,0.16699152,0.2318168,0.5908865,-0.5198619,-1.1590946,-0.37733036,0.3197542,-0.37763938,0.10668489,0.5689811,0.843665,-0.2979401,0.13631062,0.011493833,-0.015128879,1.2123766,0.27486336,0.1231491,0.11011069,1.0436704,0.026657572,0.54296184,0.16891016,-0.3797689,0.3576568,-0.06136614,0.61947536,-0.2595689,0.4669876,-0.13233817,0.3715484,0.22014375,-0.4806275,0.28604552,0.15275764,1.4152437,-0.41252124,0.3928041,0.07352949,0.4342742,-0.16964261,-0.19505489,-0.39116216,0.913366,0.20377973,-0.66897184,-0.19022815,-0.4199596,-0.3426937,-0.013701991,0.07467436,0.63724726,1.0102296,-0.36341637,0.38428995,0.31701264,-0.6270687,-0.20978107,-0.052113958,0.36269942,-0.5285687,-0.190919,0.26222485,0.037802644,-0.23182292,0.35214192,0.28298044,-0.5156383,-0.13408302,0.08674945,0.29714558,0.47301027,-0.68688244,-0.10243243
energy_metabolism,0.21983844,-0.49984637,-0.43053293,0.18763942,-0.051861044,0.30049917,0.5440621,0.21256611,0.022796063,-0.07294848,-1.0545367,-0.34682745,0.20550436,1.0223227,-0.6573676,0.61088496,0.2548098,-0.18727118,-0.05327243,-0.67532694,0.29200372,-0.20683233,0.22172901,0.689371,0.62864447,0.52634376,-0.51570904,-0.32460955,0.30385897,-0.41935796,-0.43453407,-0.6954827,0.56179607,-0.1442792,-0.117855914,0.49519446,0.34672987,-0.76037204,0.5945965,0.33217517,0.053570393,1.1349934,0.113694265,0.5475896,0.21562415,0.6529052,0.10168914,0.9443474,0.5527849,0.18669116,-0.19048887,-0.48014504,0.24009058,0.5120316,0.62190694,0.46576986,0.70923674,0.14455424,0.112415746,0.47557452,-0.059995886,1.3114923,-0.6778457,0.36948663,-0.04108443,0.20908673,-0.5506414,-0.35307944,-0.5494365,0.7757498,0.022609564,-0.2249997,-0.30704057,-0.22936565,-0.43704325,0.17462099,0.019545445,0.1131944,0.355416,-0.13919298,0.28901526,0.28341314,-0.77695036,-0.014442337,0.34424162,0.16330329,-0.19341038,-0.31747392,0.0745915,0.029211473,-0.36416125,0.2912611,-0.16532871,-1.3781682,-0.15670173,0.04977376,0.46701232,0.13969246,-0.38980928,-0.40977964
eating,0.4131794,-0.44618383,-0.2989426,0.095852934,-0.0010662177,0.5304861,0.5245351,0.43414512,0.12699632,-0.058399595,-0.8458116,-0.2146381,0.20490289,1.0747591,-0.47517017,0.32885042,0.24377792,-0.10546227,-0.087170385,-0.43702984,0.22000313,-0.1698228,0.30500862,0.7536187,0.351341,0.35892636,-0.16759817,0.45054463,0.5822864,-0.28070074,-0.6218845,-0.95079774,0.77630293,-0.20521131,-0.08137677,0.038960155,0.64990294,-0.41802323,0.7746282,-0.05882243,0.14689161,0.8823474,0.2093701,0.4796504,0.42010984,1.0641339,0.048429526,0.9294989,0.5125511,-0.09378673,-0.09825101,-0.48268887,0.16282742,0.31690753,0.48675013,0.09143981,0.8230936,0.39471275,0.19387376,0.5064985,0.2103431,0.9958398,-0.61796874,0.08991095,-0.087507814,0.25177076,-0.19025968,-0.31162772,-0.20109712,0.8736095,0.043632124,-0.02854969,0.1832948,-0.11489138,-0.25511703,0.5538698,-0.13188861,0.24999385,0.38093588,-0.46486014,0.24415383,0.07883192,-0.48737758,-0.18246727,0.4504873,0.47578844,-0.25794637,-0.25074816,0.1409781,0.21532997,-0.037839934,0.015301796,-0.38086402,-0.957461,-0.2581414,0.026948327,0.543925,0.25847292,-0.1704629,-0.4104208
blood_glucose,-0.029398445,-0.1572868,-0.26940665,-0.63149226,-0.08280966,0.84838545,0.29456988,0.23948252,0.069170296,0.21916312,-1.0555834,0.15640695,0.06255621,0.4368874,-0.35441038,0.085481144,-0.13891354,-0.39030915,-0.14750566,-0.39397064,0.23153964,-0.0035980635,0.34205538,0.610568,0.30791023,-0.14695252,-0.40839213,0.027344266,0.56402034,0.0848566,-0.7173812,-0.29127023,-0.32900828,-0.04042591,0.46627423,0.57828766,0.6075804,-0.51696146,0.52274466,0.15982229,-0.17951813,0.6109903,0.237101,0.20333013,0.41083488,1.0397942,0.28758714,0.6283122,1.0602317,-0.204924,-0.0064535136,0.07950172,0.45349103,-0.18465544,0.028139751,-0.2623649,1.0115337,0.12995054,-0.3892139,0.30643082,0.6504043,0.7604763,-0.48601463,0.8014298,0.66249347,0.35192117,-0.022132339,0.18811542,-0.16014461,0.64216137,-0.24641721,-0.7101994,-0.47451591,-0.54524666,-1.0392246,0.7117818,0.006262756,0.19739129,0.58590865,-0.513782,0.4127042,0.005578325,-0.5604292,-0.53092,-0.054495204,0.36712447,-0.23722748,-0.37877387,0.30854222,-0.01952558,0.25035623,0.30451322,0.14294572,-0.7700487,0.13991004,-0.039527465,0.39546818,0.23564212,-0.8439213,0.12547238
biomarkers,0.15299922,0.262703,-0.4593521,0.44620243,0.23609659,0.699746,0.13411413,0.549858,-0.09391396,0.20175429,-1.1720024,-0.21374856,0.05809642,0.75370187,-0.76788926,0.24960703,0.51197225,-0.27299583,-0.586583,-0.6101426,0.122495025,0.045945108,0.78051925,0.62668914,0.1574359,0.026112389,-0.38550568,-0.4763772,-0.0868257,-0.09688912,-1.0880852,-0.5834579,0.5041795,-0.26445967,-0.23723656,0.7380937,1.0939089,-0.4421044,0.459538,-0.3126747,0.45123416,0.5680952,-0.17381312,0.48801643,0.055536184,0.84483427,0.5583937,0.46304712,0.36858997,-0.4289993,0.31625238,-0.16144113,0.38398787,-0.09193903,0.15417674,0.09385702,0.708683,0.24689662,0.23087299,0.5521424,0.5619058,0.55100906,-0.24234799,0.24135299,0.2723931,0.12275286,-0.16877654,-0.52253497,-0.26244977,0.95790553,-0.13123643,-0.714162,-0.11004748,-0.09763958,-0.4524349,0.02988307,-0.22431867,0.12512362,0.5652808,0.24670021,0.11536403,0.5098146,-0.1988513,-0.5263385,0.29983333,0.38120404,-0.08636425,0.1749618,-0.010244026,-0.03374628,-0.04756826,0.35336894,-0.044333793,-0.64001155,-0.15018058,-0.053420886,0.74720794,0.11615063,-0.4885581,-0.115209684
hiv_infection,-0.30373085,0.31289077,-0.23973185,0.51252043,-0.2213091,0.54495126,0.327529,0.6605681,-0.08516137,-0.30681503,-0.7719248,-0.035212133,0.57906556,0.3169506,-0.07263609,-0.5253514,-0.15179932,-0.16922088,-0.054945827,0.1843181,0.17240748,-0.094488695,0.04269472,0.4130069,-0.8246324,-0.6116477,-0.1261293,0.06299465,-0.16960165,0.095110975,-0.32322598,-0.02465796,0.2453328,0.17988369,0.018682424,0.4211189,1.0123155,-0.29378274,-0.09132082,0.18607551,-0.2365704,0.12085185,0.50815004,-0.32707268,0.13904008,0.39903277,0.09738187,-0.43988952,-0.05362628,-0.08793621,-0.16203526,-0.3677464,0.25073728,-0.44571307,-0.04369337,0.10373235,0.3793324,0.46209183,-0.4385968,0.3312543,-0.2245077,0.022179728,-0.04784012,-0.60202014,0.6698175,0.6113528,0.44443128,-0.214527,-0.06930431,0.7227673,5.629379e-05,-0.06321024,0.13608949,0.06225495,-0.18433765,-0.2865743,-0.19513588,0.08452881,0.9365359,-0.23104088,-0.119000934,0.7103665,-0.066785455,0.5025787,-0.5767179,0.3840376,0.21433823,0.61889255,0.19542953,-0.10001501,-0.30383834,0.5547088,-0.51913875,-0.076097555,0.18038557,-0.29085577,0.08322767,0.2513338,-0.3955351,0.5122722
case_report,-0.45512024,0.65736467,-0.66378516,0.6541752,-0.20692337,0.3093664,0.41785493,0.71710044,0.49205303,-0.22403356,-0.75294924,-0.038729034,0.14269106,0.3543284,-0.10122374,-0.91077167,0.33461154,-0.45686582,-0.2526289,0.04926942,0.28606814,0.27088737,0.15784754,0.35450858,-0.83407766,-0.34511018,-0.20683384,-0.081453644,-0.52204686,-0.11993771,-0.27907017,-0.5760128,0.6264218,0.24758208,0.21967483,0.39155427,0.6286028,-0.527963,-0.12826923,0.20075092,-0.2550144,0.23040758,0.41388667,-0.12270336,0.21408309,-0.33702183,0.42811644,-0.60066396,0.024390666,-0.33381602,0.010911646,-0.2755939,0.27737698,-0.38688722,-0.1292401,0.09799241,0.31154785,-0.18235083,-0.43589127,0.16275814,0.12602541,-0.17832205,0.07315687,-0.5312555,0.5525447,0.50750554,0.36126173,-0.5808402,-0.18131113,1.0160724,0.36506146,-0.12885696,0.16226988,0.33341148,0.048887398,-0.45508307,0.055978347,0.37885588,0.5463736,-0.11807267,-0.07993308,0.15167595,0.2394035,0.08855264,-0.6518183,0.00025187005,0.42144862,0.685044,-0.28659186,-0.49293226,-0.34800613,0.6948812,-0.1577818,-0.16128522,0.21484983,-0.26931328,-0.102235235,0.22687675,0.029437905,0.39955264
malnutrition,0.45548522,-0.08685308,-0.77265257,0.17765994,0.82391566,0.30234954,-0.1073789,0.89097553,-0.34732056,-0.07145038,-0.37648964,-0.64371496,0.5632889,0.8246115,0.16899428,-0.5295777,-0.7449545,-0.32932514,0.40976453,0.0019017394,0.3153193,0.17869566,0.101141915,0.14114429,-0.70456207,-0.56306833,-0.43386203,0.24172197,0.3339295,-1.3445671,0.24432428,-0.026964296,0.14398065,-0.03506437,0.23531134,-0.04823523,0.16138189,-0.08051417,0.610338,0.27362314,0.19796832,0.11594309,0.084420405,-0.14581543,0.4889198,1.1296335,-0.32975882,1.3055829,-0.58891475,0.74809164,0.28250274,-0.47051618,0.8446066,0.36751845,0.9315076,0.7431258,0.5941134,0.35051,-0.94242924,0.5097462,-0.41121423,0.33926204,0.114451736,1.0216483,0.11426806,0.21516794,0.04086825,-0.43778694,0.18520166,0.20892647,-0.2039233,0.703141,-0.27821025,-0.011999135,-0.20488815,0.33711386,-0.05820874,-0.112595424,-0.015731648,-0.2142454,0.051599212,0.81803215,-0.20432565,0.09466701,-0.60080475,-0.2895769,0.5433101,0.23879942,0.47987226,0.26253918,-0.5137418,0.3335541,-0.44375888,0.27843493,0.14549425,0.52076155,-0.021914985,0.5496065,-0.19357197,-0.57736975
chemical_activation,-0.29648274,-0.60311705,-0.21982971,-0.03574767,0.7989248,0.5749966,-0.02302588,0.50808716,-0.63828576,-0.17095591,-0.3841666,-0.48377123,0.41206402,0.7726298,-0.37264413,0.08795806,-0.08200784,-0.5596025,0.24513397,-0.39839885,-0.28233442,0.015886733,0.58378613,-0.2856774,-0.46833605,-0.16685505,-0.62443566,0.31543878,-0.01749154,-0.90098906,-0.07438158,0.13146773,0.06397289,-0.23980598,0.1298523,0.07493424,-0.3885258,-0.5886606,0.63546276,0.96660614,-0.08917786,1.3487921,-0.037969213,-0.00041915264,-0.2339914,0.62350446,-0.013273934,0.42521423,0.52280563,0.3693732,0.20479266,-0.663721,-0.047212776,0.7375471,0.67818445,-0.12586854,-0.3134718,0.18845652,-0.16151007,0.38435453,0.2952505,-0.019939104,0.374226,0.91003305,0.65273654,-0.4947082,0.5686106,-0.57738966,0.16948763,0.25690037,-0.6195981,0.105323166,-0.2515531,-0.3469222,-0.45239913,0.35656562,-0.22228438,0.21877807,-0.034616333,-0.29202315,0.047115322,-0.23088473,-0.58028775,0.09662334,-0.5072307,-0.30082414,-0.16795415,-0.3771669,-0.1258113,0.58112055,-1.1573015,0.7903696,-0.2351455,-0.4651571,0.0039477437,0.7076778,-0.068648525,-0.37216234,-0.3290654,-0.22405408
ionization_of_gas,0.25280544,-0.30594876,0.08470966,-0.24850638,0.51012427,0.5604185,-0.028651027,0.17498645,0.6765486,-0.4743709,-0.55352753,-0.14107442,0.5271982,0.36364463,-0.42211828,-0.36428192,-0.054988913,-0.35667494,-0.6805859,0.31185767,0.1415566,0.5286945,-0.40378183,0.15746288,0.03441646,-0.3904922,-0.20198669,0.026273657,0.25833252,-0.5645477,0.5801404,0.8226951,-0.37779728,-0.2507734,0.8946911,0.06416672,0.14889838,-0.2798638,-0.5275096,-0.11165077,-0.0043747528,-0.10624575,-0.02531944,0.21950828,-0.43544006,-0.015301238,0.02539685,0.1272935,0.021061448,-0.747868,-0.3432867,-1.0250412,0.32723266,-0.07531049,0.03089273,-0.72674793,-0.22687124,0.48118553,0.09442251,0.17315833,0.013884468,-0.32472986,-0.5282603,-0.15042508,0.2298125,0.24309611,0.31620878,-0.083194956,0.11084708,0.48040798,0.24906057,0.19339535,0.3418874,-0.37292743,-0.32252368,0.16389385,-0.27690014,-0.526741,0.18575016,0.24897484,-0.1981061,-0.47354266,0.038837954,0.5520517,-0.6693265,0.3817749,-0.16242395,0.16201407,-0.08805199,0.5745579,0.21092568,0.23259412,-0.037913106,0.059718758,0.07411684,-0.23370454,-0.0036072612,0.6879986,-0.19396766,0.21498728
biological_water_treatment,-0.06095871,0.25304586,0.028698698,0.34924152,-0.10525434,0.03287021,-1.0072645,0.55404574,0.4158339,-0.9173994,-0.4322295,-0.20846203,0.6329089,0.5095953,-0.35523167,0.18300493,0.27104896,-0.7517045,-0.61667925,-0.3391561,-0.10228829,1.1489228,0.32226145,-0.0589547,-0.5141122,0.36303136,-0.7637659,-0.22068721,-0.7302617,-0.5932021,-0.32313886,-0.11474801,-0.1751163,0.021188425,0.12910722,0.5595221,0.22543707,-0.16832471,-0.7097813,0.25469908,-0.3932764,0.32788607,0.09641696,0.08888556,-0.39362034,0.19416456,0.68842125,0.5931875,0.4142116,-0.100846544,0.5178948,-0.34931913,0.3972032,0.29029134,-0.28500253,-0.26453197,-0.07122833,0.3800564,-0.18456027,0.16607204,0.57740355,-0.257582,-0.66284007,0.15480405,0.72613996,0.021017876,0.3272793,-0.82858425,-0.41381136,0.47730038,-0.3477877,0.060179744,0.2717765,-0.36815152,-0.386574,-0.9175452,-0.5079754,0.46462703,0.49767154,-0.22894636,-0.31375086,-0.36080548,-0.5823202,0.4055055,-0.46621215,0.7843606,-0.64580077,-0.25078595,-0.8123393,-0.39550862,-0.5181819,0.51460207,0.062432352,-0.508999,-0.41220078,-0.18522024,0.21078615,-0.38702938,-0.19927199,-0.8273378
probability,0.27499795,-0.018192273,-0.26846784,-0.028784573,0.01350828,-0.029158873,0.047030777,0.556436,-0.1642988,0.27721497,-0.6551279,-0.060045123,0.90773726,-0.2378767,-0.5839397,-0.9309488,-0.43780845,0.09448257,-0.08672579,0.70157146,0.46880463,1.0797327,-0.5556793,0.43528596,-0.72214544,-0.26350334,-0.47735056,0.33159,0.099095665,-0.46149638,-0.025458798,0.3691918,0.02807046,-0.031972412,-0.22242905,0.4738673,0.78531283,-0.25631854,-0.28993142,0.593614,0.55019504,0.514648,0.89024585,-0.016076187,0.0035831917,0.08969244,-0.5133952,0.07107987,0.32404262,-0.4876832,-0.33024254,-0.37890834,1.1104935,-0.28138986,-0.069262095,-0.918189,0.11697376,0.577084,-0.15644667,-0.3471357,-0.02996592,0.4193637,-0.43494028,-0.06573969,0.5156207,0.78621274,0.06351667,-0.39177135,0.15320168,1.0474257,-0.1665148,0.46247703,0.772008,-0.425338,-0.81320035,-0.09110354,0.01747724,0.42342874,1.4405432,-0.318295,0.017171513,0.008941926,-0.1618474,0.65075946,-0.85645646,0.960114,-0.59441304,0.3679729,-0.18519817,0.09567872,-0.14367355,-0.9863226,-0.043021813,-0.20455067,0.42597103,-0.16385637,-0.21971396,0.5706611,-0.40044075,-0.06689971
predictive_value,0.021584382,0.50365525,-0.58151484,0.46889746,-0.84904695,0.059140455,0.3016769,0.07290439,-0.08902584,0.12691602,-0.86989045,-0.2607286,0.49859256,-0.12638815,-0.6149209,-0.44158193,-0.21201068,0.14897272,-0.37937582,0.75466084,0.42457178,0.85791737,-0.14508417,-0.19915631,-1.0186969,-0.08800562,-0.7019259,-0.14542124,-0.31359616,0.20807618,-0.097968675,-0.5314319,0.26959372,-0.1754682,-0.17917123,0.37376904,0.539483,-0.5744698,0.16074492,0.70328563,0.04334398,0.57662326,0.550625,0.034627933,0.08398565,-0.03991364,-0.14952843,0.024442816,0.72652006,-0.20410088,-0.046165198,0.022507004,0.87421745,0.14300305,-0.16797836,-0.29506946,0.47133705,-0.29645345,-0.013419302,-0.13172048,0.23941654,0.13065824,-0.08580121,0.32025838,0.44891572,0.8891334,0.18355465,-0.503618,0.011230564,1.6055349,-0.38667598,-0.2955287,0.50121576,-0.5040326,-1.0313765,-0.49755275,-0.22447215,0.38881534,0.5912459,-0.34342158,0.43426016,0.75591046,0.05541264,0.38775182,-0.61898434,0.6811807,-0.8658867,1.1478273,-0.11723582,0.32904172,0.4241447,-0.36035264,-0.04396969,-0.4310082,-0.12602109,-0.3475619,0.23190668,0.33221552,0.0795607,-0.23486869
mexican_american,0.15110387,-0.03580483,-0.3561283,0.05561511,-0.22878866,-0.069131166,0.2913348,0.4376744,-0.1375525,0.25605625,-0.8037797,0.017418504,0.9306548,-0.2557512,-0.448229,-0.88435525,-0.7747072,-0.08097987,-0.11229554,0.68894064,0.33456412,0.6542963,-0.5652986,0.5251411,-0.80453545,-0.38903084,-0.48316088,0.15069808,0.30132785,-0.13905124,0.054467637,0.35595524,-0.06846214,-0.006337952,-0.35068613,0.23230569,0.79273146,-0.6753687,-0.05461838,0.64115983,0.114794835,0.43928286,0.8647064,-0.33218375,0.28085992,0.2129899,-0.4274169,0.10025025,0.34240952,-0.24307084,-0.4626363,-0.3847528,0.98819554,0.021327795,0.07887652,-0.42868942,0.23866855,0.38601556,-0.22456574,-0.22771975,-0.08651746,0.47423255,-0.27527994,-0.044960797,0.51448953,1.0222996,0.16819923,-0.39746585,-0.06970147,1.1879462,-0.04781472,0.27261475,0.26961052,-0.36138088,-0.8932289,-0.05642805,0.05319084,0.3108359,1.0232257,-0.40843552,0.3068375,0.38260695,-0.2704194,0.92045224,-0.75173163,0.9265763,-0.72833747,0.5979702,-0.18922454,0.22094129,0.14422192,-0.29651734,-0.32695824,-0.15916893,0.28961426,-0.4344347,-0.09952069,0.93144345,-0.44472888,0.28741822
group_by_age,0.10665739,0.59509414,-0.557184,0.43214515,0.33623672,0.024710305,0.49403468,0.22909822,0.08977731,0.1520289,-1.1791059,-0.047811884,0.45312268,-0.09802336,0.060797147,-0.9489507,-0.17538077,-0.016265268,-0.3178923,0.11319248,0.42511314,0.8497328,-0.11640652,-0.17478152,-0.37595832,-0.05023149,-0.47678882,-0.35162142,-0.11993312,0.12985094,0.37177908,-0.2773857,0.36617893,-0.16231216,0.21153045,0.22924091,0.8219739,-0.5712594,0.38319352,0.2641538,0.71689725,-0.17645492,0.3553612,-0.4295817,-0.2876444,0.18388169,0.020186469,-0.23051494,0.74226534,0.07506311,0.08017194,0.26942712,0.8107733,-0.3788691,-0.054933485,-0.38354707,1.111329,-0.035821486,-0.47491136,-0.14845937,-0.23406433,-0.020246685,0.46492904,0.43634996,0.40034696,0.84181964,0.16537215,-0.18808185,0.26431412,0.81125975,-0.255926,0.45478803,0.004442922,-0.72958076,-0.3380946,-0.2679626,0.059475467,0.6077221,1.2007369,-0.56040835,0.109936215,0.17618878,0.17840882,0.574859,-0.24650042,0.3928617,-0.15959415,0.8403322,-0.004970222,0.24261749,0.20976216,0.28351924,-0.29002586,0.18893753,0.25985822,-0.53191024,0.046706945,0.48144415,-0.5330061,0.5970497
drug_use,0.14917819,-0.0661621,-0.31958672,0.09603269,-0.30897355,0.38818723,0.48990804,0.3516656,0.0074927066,0.05100083,-0.6413654,-0.40860626,0.8292653,0.123449765,-0.3812833,-0.35996664,-0.71829146,0.23741281,0.17975657,0.6594251,0.67169315,0.43993765,-0.30353165,0.0026204993,-0.27559012,-0.61060965,-0.3189974,0.12451491,0.29344368,-0.26913506,0.19102433,-0.0495173,-0.07262945,0.13653456,-0.06511179,0.2732074,1.1701717,-0.7572339,-0.5301028,0.5488796,-0.26362753,0.22523384,0.5263586,-0.24133527,0.08235678,-0.024387378,-0.33620167,0.028016917,0.32279366,-0.30961892,-0.3670287,-0.28356358,0.7176807,-0.10732599,-0.066512726,-0.35313538,0.5801317,0.22978313,-0.43004304,-0.18977593,0.046077326,0.15531667,-0.19054195,0.26966256,0.9734682,0.6034121,0.41756305,-0.49139732,0.17776524,0.811186,-0.5320402,0.117233716,0.3572616,-0.5725017,-0.7355355,-0.011539522,-0.14228506,0.32666174,0.85644525,-0.27719963,0.6918349,0.64682776,-0.18485412,0.6568423,-0.8877404,0.63355666,-0.3598339,0.92672026,-0.027813878,0.56896293,0.25402176,-0.03100099,-0.36866355,-0.46551946,0.53709394,-0.40387845,-0.042676758,0.8195281,-0.42641848,0.39280277
alcohol_related_disorder,0.15221469,-0.057817876,-0.31791213,0.061589252,-0.24614541,-0.080886215,0.23532633,0.35552213,-0.11414408,0.25641707,-0.7103259,0.01730839,0.8986871,-0.21093915,-0.42094728,-0.85094994,-0.75754935,-0.1124596,-0.08776628,0.6441659,0.26893514,0.6136528,-0.5432822,0.5470841,-0.7437383,-0.41066667,-0.45981127,0.14162032,0.25395024,-0.11698938,0.06639127,0.35008526,-0.07839084,-0.05927874,-0.3482722,0.22782916,0.6677323,-0.6419572,-0.035216797,0.6129506,0.11022888,0.39051297,0.85902035,-0.26174918,0.31608573,0.1791526,-0.3784732,0.12274478,0.34151682,-0.18613234,-0.4467368,-0.32154232,0.9286794,0.0039624716,0.09839621,-0.35950857,0.22656672,0.37934855,-0.22137101,-0.19667344,-0.13390891,0.4493853,-0.29989114,-0.041475415,0.4914975,1.0016693,0.15566842,-0.35951993,-0.09831601,1.0914329,-0.07471777,0.2507043,0.209292,-0.40027308,-0.87176746,-0.04153508,0.05271561,0.30462465,0.90230423,-0.36820537,0.2675264,0.36326095,-0.22664107,0.87131274,-0.7041418,0.8304002,-0.6759154,0.5713475,-0.17780216,0.19207445,0.111621946,-0.24852292,-0.2479315,-0.13993213,0.22327484,-0.39028397,-0.06864759,0.88207746,-0.4296303,0.30797586
inhibition,0.15625018,0.124000885,-0.19279647,0.5433171,-0.14262243,0.384615,0.32465345,0.23084636,0.87716323,-0.15464261,-0.9509128,-0.6257993,-0.21261169,-0.049675137,-0.11266458,-0.40246314,0.32794237,-0.47828966,-0.991722,0.06992754,-0.0020991943,0.7726267,-0.30232874,0.8826685,-0.11494197,0.124130435,-0.34160846,-0.42207164,-0.23250921,-0.7810045,-0.09554476,-0.24507673,-0.30885744,-0.16273957,-0.17416224,0.37979397,0.8088801,-0.9906971,0.4224332,-0.22065721,0.50214666,0.37013295,-0.5301923,0.29772705,-0.25698784,0.06995101,0.37410086,0.47304782,-0.04785565,-0.4020307,0.50356835,-0.020204162,0.46817726,-0.25513935,0.6065287,0.18561377,-0.63121396,0.5166825,0.15459913,-0.016067406,0.9916504,-0.40125477,0.25924152,0.99690115,0.31572598,0.61096746,-0.7230327,-0.61254746,-0.026784044,0.8547434,0.32847342,-0.21245421,-0.03781155,-0.5365744,0.7308908,-0.7584131,0.21034193,0.30039275,0.3098751,0.32900724,-0.22355415,-0.20531367,0.573001,-0.29574946,-0.0058250413,-0.19574514,-0.35115188,-0.22188728,-0.4173432,0.009760541,-0.2883255,0.024400186,0.0301567,0.37394944,-0.49068868,-0.09147926,0.05856825,0.29643065,-0.561105,-0.004234458
anti_inflammatory_activity,0.014980595,-0.17560792,-0.35385826,0.25985467,-0.36969408,0.15188271,0.86899513,0.2614764,0.58387554,0.11231548,-0.74228835,-0.711072,0.234288,0.04346313,-0.103956394,-0.3703423,0.47134846,-0.5956586,-1.0497353,0.2793568,0.09306366,0.439667,-0.18164389,0.7446883,0.19489738,0.16566679,-0.33745435,-0.37873402,-0.3307297,-0.5593037,-0.007815565,-0.34801397,0.2799145,-0.6604163,0.15027265,0.41224042,-0.22395939,-0.8060903,0.10350844,0.24165173,0.41622773,0.06923969,-0.37549895,0.48026782,-0.07306208,-0.38629636,0.66488063,0.16935146,0.39651355,-0.44892853,0.21533614,-0.09495882,0.36402658,0.1551479,0.12427093,0.41770685,-0.114894785,-0.3587735,0.08710645,0.46883416,0.5089891,-0.39890423,0.04821257,0.27941248,0.03759755,0.5224736,-0.2025603,-0.62201345,-0.14362533,0.79024607,-0.30391726,-0.24336869,-0.11043266,-0.36661905,0.19132605,-0.28764126,0.23818229,0.30559137,0.18802363,0.29536316,0.12719001,0.078118525,0.24217229,-0.34407708,-0.038248826,0.14304137,-0.06316888,0.110818684,-0.72251284,0.40177393,0.24869548,0.6199347,-0.25010207,0.18611526,-0.49486667,-0.32519895,0.16115743,0.13715404,-0.46090066,-0.14001437
swine,-0.15224618,0.10592258,-0.4613207,-0.39378074,-0.26574278,0.52422094,0.36297593,0.14331798,0.43063492,0.17742983,-0.87032807,0.4434363,0.67621076,-0.16131519,-0.22612794,0.22796012,-0.6047604,-0.9344062,-0.5044638,-0.2215643,0.32674134,0.05925468,-0.020375926,-0.057477687,0.22298294,0.13725653,-0.4905971,0.20141643,0.20275758,-0.2422083,0.12788571,-0.052662108,-0.8105259,0.23033702,0.7217615,0.8375252,-0.078352116,-0.24680442,0.31293833,0.7039266,-0.3278445,-0.099340424,0.5381765,0.20736122,-0.07945182,0.58429945,0.4592399,0.12365447,0.9673406,-0.20471941,-0.5571131,-0.24896052,0.13032505,0.6237393,-0.065392956,-0.10922048,0.676894,0.021047117,-0.5587198,-0.11815351,0.09815668,0.4279847,-0.26132384,0.5055104,0.92766094,0.134333,0.17959577,-0.0332209,-0.4797754,0.54226846,-0.4618976,-0.33373603,-0.046793427,-0.3095264,-0.967332,0.16418776,-0.57743895,0.38217294,0.21021071,-0.09527429,0.65465105,-0.27263358,-0.74209183,-0.20554835,-0.578328,0.18513347,-0.18095493,-0.3966799,0.13611905,-0.39633724,0.4633459,-0.006034904,0.16590442,-0.9541068,0.23513974,-0.5072721,0.15363126,0.47120434,-0.34001872,-0.26576868
hydroxyl_radical,0.14131825,-0.179259,0.22950317,0.8827737,-0.16532877,0.43445724,-0.086006716,0.4610034,0.5157542,0.31183755,-0.58558416,-0.053645767,0.24843098,0.45253614,-0.08447878,0.6208666,-0.066009566,-0.58177984,-0.2611884,-0.036478825,-0.06619427,0.5913819,-0.2774072,0.3537191,0.299538,0.25155222,-0.45565692,-0.18638122,0.22603571,-0.6234722,0.10762819,-0.22093274,-0.73829454,-0.45839646,-0.101116724,-0.17246966,0.33667716,-1.3682873,0.9782834,-0.15595616,-0.5402402,-0.22300304,-0.82420176,-0.066756755,0.39736307,0.022982648,0.53737074,1.1162467,0.22853467,0.117619835,0.00115207,-0.37623644,0.6491817,0.9267247,0.76957506,0.03104698,0.0053322073,0.45498025,0.12161914,-0.027733212,-0.07928965,-0.31535226,-0.5601644,1.3072056,0.308477,-0.3070615,-0.56657535,-0.5474684,0.26654804,0.36519253,0.12524694,0.6489727,0.122831926,-0.47147766,0.123108804,0.42102352,-0.13508323,-0.19705065,0.47012722,0.54617673,0.20192929,0.45592326,0.2660632,0.355681,0.42409334,0.557649,-0.3825903,-0.19088396,-0.105083965,0.6341715,-0.21638024,0.7285402,-0.13209847,-0.09505899,-0.5878022,0.26372012,0.24880426,0.666362,-0.67986524,0.040909614
concentration_response,-0.16272104,0.108512074,-0.30317366,0.82235074,-0.028659323,0.006363664,-0.14917623,0.97723013,0.35991055,-0.13846315,-0.40909314,0.2584021,0.6681819,0.73366976,-0.7343971,0.34963167,0.0658117,-0.69045085,-0.05413658,0.22340839,0.40099397,0.35627902,0.078176916,0.6906282,0.0584364,-0.36418274,-0.20071578,0.09967149,0.36948365,-0.7758752,0.14765497,-0.36485186,0.1668717,-0.5621965,-0.4946641,0.15162331,-0.41514468,-1.0752271,0.4003658,-0.05685348,-0.62387234,-0.35636294,-0.43094277,0.21790493,0.18164879,-0.62390876,0.9215777,1.1609378,-0.13591416,0.5543789,0.41948512,-0.7791971,0.05507839,1.3022027,0.127855,0.41710418,0.384663,0.12082218,-0.19728869,0.22637385,-0.18524401,0.45866415,-0.39272088,0.6299871,0.12249967,-0.02501609,0.28634703,-0.48052523,0.004682867,0.9428499,-0.07908955,0.56190985,0.28821415,0.22935264,-0.1499164,0.2558321,0.19374606,-0.19653232,0.41425923,-0.044649493,0.25503066,0.27818364,-0.5735706,0.2638658,-0.15518531,0.3490779,-0.62467974,-0.14436923,-0.68965596,0.39459077,-0.4890964,0.63484865,-0.4847899,0.16094516,-1.2634116,-0.26445526,0.13600384,0.40995297,0.15022358,-0.32664785
clay,0.090671584,0.15779151,-0.2733573,0.8559907,-0.17760214,0.3340268,0.28870457,0.5062358,0.7514357,0.1233669,-0.7201796,-0.71642095,0.17162924,0.46743998,-0.181453,-0.014285464,0.38173887,-0.45645532,-1.0143305,0.061400328,0.20917498,0.5761018,-0.37352985,0.69112664,0.41937265,0.23367691,-0.3771499,-0.39332342,-0.13740334,-0.80597764,0.1389881,-0.65434134,0.04700229,-0.80001885,-0.019994438,0.26479343,-0.2704582,-1.122058,0.48576686,0.25493437,0.18532805,-0.22067289,-0.6605022,0.47341362,0.08297563,-0.34737578,0.8744109,0.7040304,0.2086998,0.20965734,0.057042334,-0.2083199,0.37720194,0.64956236,0.2964804,0.43987858,0.054186743,0.1260315,-0.15084597,0.45761687,0.1536861,-0.3916457,-0.038239412,0.7838065,0.20345932,0.32185578,-0.36668184,-0.6389571,0.11129836,0.76513445,-0.5385891,0.16436021,0.5970936,-0.09677822,0.22152244,-0.14230543,0.3830726,-0.016653623,0.31909373,0.46360943,0.2562461,0.0821702,0.0029674724,-0.027077883,-0.055946708,0.16925435,-0.15276942,0.50517756,-0.65385437,0.25939086,0.0004983074,0.73343074,-0.36077026,0.06329451,-0.87063164,-0.13773797,0.14188662,0.22232166,-0.32980096,-0.12849188
decision_making,0.0057827407,-0.029933564,-0.10993296,0.23581171,-0.089702025,0.5764585,-0.051794346,0.5310719,-0.29202238,-0.53754115,-0.60194874,-0.02233615,0.58838403,-0.068842575,-0.43102714,-0.15503457,-0.29783642,-0.029639129,-0.3350223,-0.22632067,-0.032280702,0.13627882,0.007000265,0.05302897,-0.5473397,-0.48531908,-0.33527276,-0.15653872,0.11491934,-0.1292861,0.10158344,0.42671922,-0.19135313,0.28920814,0.10472645,0.51344484,0.82295746,-0.22627258,0.14986932,0.12554798,-0.11345919,-0.3139028,0.43321618,-0.36379397,-0.17892396,0.37235194,-0.26540163,-0.21101832,-0.0891409,-0.104156025,-0.3407089,-0.4198965,0.052963067,-0.20211425,0.3097874,-0.33114782,0.41566014,1.0652754,-0.53958035,0.13433057,-0.22280271,0.1225664,-0.10782639,-0.20136474,0.4989914,0.23876838,0.2487002,-0.07858474,-0.08923795,0.20876153,0.475802,0.4143525,0.18716176,-0.0026441065,-0.33325115,-0.30008036,-0.35635397,-0.4642189,1.0408531,0.018877078,0.045488868,0.41671434,-0.024212848,0.62448955,-0.76076555,0.5478282,0.567815,0.15944348,0.43608195,-0.07449997,-0.3485481,0.43263268,-0.2791888,-0.14238873,0.33734098,-0.3693237,0.21079856,0.23405491,-0.30376318,0.24419266
complex_network,0.20597015,-0.32201037,-0.0960272,0.35278395,-0.181792,0.7614025,-0.30570328,0.32174557,-0.22356357,-0.5440342,-0.7491073,-0.22163463,0.4521804,-0.25655004,-0.45809123,-0.04465751,-0.015401648,-0.35591102,-0.6358567,-0.5933702,0.13138804,0.4600378,-0.30771384,0.22809583,-0.35580155,-0.068615496,-0.41211677,-0.46608782,0.39458847,-0.44568953,0.74580073,0.2877558,-0.44556627,0.44302124,0.07176727,0.46719423,0.35722145,-0.06414191,0.424473,0.2890361,-0.16131186,-0.58274543,0.22776443,-0.16080493,-0.05795773,0.24579042,-0.057333298,-0.12180693,0.09218666,-0.12311129,-0.36073366,-0.501263,-0.20951216,0.034967452,0.78773504,-0.66729057,0.13066307,1.2434806,-0.5907309,0.16388375,0.10008389,-0.14136706,0.020670276,0.007187723,0.43817207,0.4206755,-0.41166282,-0.074929826,-0.35756567,0.15407231,0.5659221,0.3993696,0.106395416,0.2154521,0.33357775,-0.59647447,-0.5527238,-0.48367894,0.97375304,-0.03138045,0.0077172467,0.042495526,0.3489758,0.6665053,-0.8839779,0.56511664,0.8680941,0.03753417,0.38383314,-0.18678388,-0.6276513,0.51921785,-0.074587576,-0.2763575,0.38892344,-0.6462834,0.48124963,0.1018528,-0.31451237,0.18612923
order_of_magnitude,-0.064215526,-0.16746186,0.23816122,-0.118007444,-0.06361652,0.37639087,0.18528609,-0.027718723,-0.17773883,-0.34272024,-0.7236466,0.23152122,0.46428147,0.5311882,-0.8568848,0.3142613,0.061423767,-0.28995365,-0.19807675,0.18305685,-0.066471845,0.28913844,0.067541674,-0.06429323,-0.45230457,-0.09277743,-0.35692087,-0.24556363,-0.059573933,-1.0491952,0.16983,0.6659154,-0.21816978,-0.13319318,0.17960143,0.20172358,0.63764024,-1.1439627,0.34502968,0.3368514,-0.050855428,-0.3466529,0.26107404,-0.43041906,-0.4982525,0.108248964,-0.19063288,0.5087407,0.43734264,-0.45065975,-0.49109444,-0.6610348,0.047542166,0.1272652,0.7261262,-0.09660816,0.6410913,0.86810565,0.16837853,-0.090742536,-0.50762224,0.4521673,-0.5381106,0.022326393,0.23237348,0.39809644,0.02241297,0.34808502,0.13499095,-0.38234094,0.67891884,0.4993152,-0.07308321,-0.21199161,-0.0040301783,0.23526576,-0.27039212,-0.8315082,-0.081035085,0.51705474,0.0024310213,0.08480382,0.49178347,0.12528384,-0.4593477,-0.0924939,0.845625,-0.8218107,-0.12603007,0.26219758,-0.5715784,-0.057811737,0.15706137,-0.68429595,-0.30348143,0.045095086,0.13897519,0.4841608,-0.7879246,0.10508381
copper_compound,-0.10409905,-0.55031127,0.19431804,-0.35763466,-0.0017932961,0.17876461,0.21755338,-0.2664861,-0.45574096,0.30164042,-1.0263653,0.06641491,0.10578789,0.5868461,-0.8630094,-0.11365197,0.034153596,-0.8514614,-0.21989073,-0.19311093,-0.33793148,1.0417536,-0.33158287,-0.355461,0.014224872,0.26288038,-0.47508523,-0.14269206,-0.41739497,-0.87714946,0.070357576,0.88021624,-0.45781088,-0.29205757,-0.48051578,0.42490342,0.5861203,-1.1810219,0.27555767,-0.08608986,-0.038217433,-0.22710845,0.1425328,-0.2660514,-0.118204355,0.112807095,-0.031619526,0.58574545,0.8016623,-0.04886531,-0.32209533,-0.5809476,-0.03158957,0.32952017,0.93632036,0.039382283,0.29366148,0.61931646,-0.32737058,-0.24494256,-0.49949327,0.40701225,0.047428343,0.4787815,0.22281416,0.74571806,0.33303815,-0.22517818,-0.29218116,-0.31798783,-0.018978052,0.09126946,-0.01872898,-0.07529264,-0.1979445,-0.09121248,0.038500644,-0.41588572,-0.46711078,0.6070847,-0.15174538,-0.699043,0.08271884,0.0921587,-0.37904626,-0.31747887,0.40661493,-0.83540547,-0.06217817,0.11042171,-0.2908302,0.5024968,-0.008160079,-1.1251004,-0.56691295,-0.15158792,0.5786207,0.08977428,-0.40576792,-0.07604539
computation_theory,0.12785117,-0.41610503,-0.081414655,0.18708667,0.023075534,0.038096227,0.002460335,0.17678173,0.18982267,-0.11485895,-0.8984125,-0.026953338,0.5757422,0.69579124,-0.89028025,-0.17670724,-0.031056123,-0.48980522,-0.54154575,0.11114134,-0.2772747,0.9229656,0.1869401,0.0042172815,-0.90246433,-0.19503781,-0.63661045,-0.55388236,-0.8577982,-1.4529417,-0.1282649,1.1658674,0.003624527,-0.08097471,-0.035102125,0.59528655,0.3741742,-1.0932263,0.78683704,-0.032668103,-0.068667315,-0.59687144,0.49494866,-0.30731615,-0.3811445,0.113012165,-0.58544606,0.62450784,0.40130934,-0.42973128,0.028874014,-0.36781412,0.58955246,0.308307,0.4502463,-0.18091445,0.11782764,0.37366638,0.50498885,-0.123497576,-0.28226653,0.16656718,-0.15573435,0.10628124,0.11008264,0.42842764,-0.1106912,-0.5160264,0.42384785,-0.5381227,0.22227617,0.785545,0.57975197,-0.14011237,-0.050959535,0.1947499,-0.29129568,-0.43768778,-0.34389198,0.72393274,0.051376164,-1.0682083,0.5709913,0.053448517,-0.39429334,-0.1916847,0.71784884,-0.209468,-0.12907486,0.04883632,-0.22218913,-0.21538225,0.34275174,-0.67639506,0.10651605,0.031727377,0.0706951,0.23485072,-0.12330828,-0.39671537
drug_structure,0.47590068,0.25219303,0.20730041,-0.40723267,-0.1661805,0.014522871,1.5036633,0.14942677,0.33265337,-0.3059082,-0.82992,-0.44106928,0.6392208,1.0134559,-0.38742673,-0.29073685,0.34640193,-0.33257937,0.047470782,0.053185336,-0.41144955,0.14787506,-0.4061425,0.07569405,0.39149132,-0.6576782,-0.6359784,0.2336828,0.23910376,-0.6157123,0.428554,0.18339452,0.44327426,-0.08855202,0.23068993,-0.2522832,-0.22294524,-1.1178535,0.09492256,-0.059333235,-0.1260416,-0.28669432,0.57539886,0.11813632,-0.15341763,-0.21354945,0.32371163,0.14251976,0.15058073,-0.0905065,-1.217051,-0.87705845,-0.16943274,0.005901554,-0.0066858833,-0.1581651,0.53845245,0.040660843,-0.14062448,0.11840914,-0.33240727,-0.6084114,0.20436203,0.48085916,0.56546015,0.19932987,0.2779644,-0.49394977,-0.19926463,0.49788746,-0.30882603,0.26033983,0.18779753,0.2605248,0.3041385,-0.029238142,0.24740988,0.11426004,-0.4268191,-0.13390496,0.18479021,-0.35780752,0.19587399,0.26888004,-0.44384643,-0.27955285,-0.047983665,0.26278156,-0.5202664,0.44773766,0.28968254,1.1969352,-0.4743528,-0.2783022,0.17573816,-0.6524908,-0.29633728,0.44465607,-0.28383315,0.04118572
drug_screening,1.1513833,0.61801803,-0.044134367,0.09922866,-0.66084236,0.48611596,1.1089786,0.27205834,0.33877945,0.18636297,-0.9612844,0.20248789,0.016111659,0.47460675,-0.12388648,-0.8089985,-0.16811618,0.19864225,0.5162885,0.20817472,-0.32500294,0.32213798,-0.42628437,0.07249459,-0.1554112,0.08114636,-0.66341436,-0.27621043,-0.3503993,-0.5616431,0.06943478,-0.56688315,0.32054946,0.11365058,0.51445055,-0.07313758,0.030802503,-1.294646,0.5072794,0.321067,-0.33319825,-0.5663049,0.84043753,-0.17323868,0.6338178,-0.070572585,0.25249344,0.027228003,-0.33481425,0.11465904,-0.5941071,-0.5620129,0.0978416,-0.18839838,0.640967,0.6154698,1.0440192,0.26365098,-0.09934678,0.17651571,-0.90824574,0.19487903,-0.29036868,0.26598483,0.39612645,0.051670022,0.12409984,-0.449247,-0.4773012,0.90085787,0.1972332,0.048577555,-0.05324688,-0.5687785,-0.47988155,0.4697185,0.31713188,0.050751958,-0.2943731,0.42133245,0.015078478,0.36596286,0.70110047,-0.05320355,-0.31016353,0.39513853,-0.39857602,0.4599245,-0.48974,0.26975897,0.2062694,0.08091879,-0.4599331,-0.22724108,-0.3707514,0.06326683,-0.6076044,1.1795168,-0.69157714,0.4215346
normal_human,0.16198073,-0.56016105,-0.5381546,0.5774396,0.15119475,0.634171,0.77315813,1.101138,0.22266343,0.2013956,-1.0405415,-0.7307321,0.28264138,0.4812708,0.15270829,0.3017349,-0.5878922,-0.61633337,0.12890689,-0.09703168,0.46522686,-0.3437447,0.20470686,0.45916465,0.18434767,0.37946525,-0.31521338,0.20664193,0.64498234,-0.40453687,0.32163212,-0.18359178,-0.23207845,-0.21123874,-0.2227583,0.35665917,0.13220294,-0.7981824,0.08235137,0.71066976,-0.35259613,0.20707834,-0.038535494,-0.12296615,0.07715517,0.10158408,0.049491715,0.312333,-0.039230663,0.10763043,0.14275257,-0.60055315,0.5663302,0.24041158,0.22601597,0.63404894,0.4114267,0.2973586,-0.29826063,-0.101754144,0.12798506,0.24573742,0.510768,0.49604878,0.08122332,0.3387528,-0.36252,-0.40595442,0.12178148,0.64462316,-0.046607986,0.073555194,0.10503343,0.0146352425,0.22757304,0.53620154,-0.033005953,0.22558267,0.6915892,-0.07371817,0.42784905,0.4121442,-0.41065767,-0.21165112,0.25544468,-0.15228136,-0.019064093,0.1397871,0.118255414,-0.33690494,-0.15133251,-0.055876333,-0.7922517,-0.3500504,-0.031770613,-0.43737325,-0.028164014,0.59270686,0.078831814,-0.06728484
dielectric_spectroscopy,0.68374383,-0.6918389,-0.41433063,0.3355614,-0.36563593,0.6266939,0.7723671,0.64993984,0.03815959,0.27666104,-0.84325814,-0.63917106,-0.18905953,0.34338734,0.32811147,0.41464254,0.113524675,-0.6695699,-0.2167524,-0.11301451,0.5313344,0.0633564,-0.06122791,0.771823,0.09536322,0.6057837,-0.27487105,0.43343353,0.57100195,-0.300678,0.8020343,0.008722919,-0.03588775,0.23751101,-0.33726552,0.3754762,0.3075104,-1.092593,0.13602719,0.16592486,0.008181626,-0.10688146,0.5459845,-0.20685399,0.34272578,-0.18228698,0.03814116,0.0800975,0.022793757,-0.3463643,-0.103028476,-1.0369052,0.46789432,0.20244192,0.522444,0.068286665,-0.4131347,0.83864325,0.3770968,-0.18130773,0.25376272,0.39104912,0.13583536,0.14459002,0.5472623,0.0052909097,-0.25113884,-0.5520985,0.15817454,0.9429219,0.43821853,0.3817496,0.28571784,-0.5776122,0.35910878,0.75973195,-0.24796039,-0.009018929,0.055819176,-0.0130663,-0.23352239,0.18207413,-0.0751397,0.10344454,0.027452366,0.21133763,-0.029674396,-0.25124517,0.29671687,0.031873636,-0.43625173,0.051962197,-1.4649465,0.24398017,0.19143872,-0.046261944,-0.23272185,0.9356133,0.038013183,-0.14433813
brownian_dynamic_simulation,0.019850874,-0.017958771,-0.45206782,0.0059971204,0.14499111,0.12664147,-0.062005054,0.5254377,0.1331272,-0.15468536,-0.49313885,0.04657199,0.30130208,0.25550035,-0.4925386,-0.4641402,-0.2025275,-0.24487522,-0.7185229,-0.7076867,-0.16004863,0.5278545,0.093544334,-0.006641428,-0.08944501,-0.66854024,-0.45795664,-0.24676244,-0.03224847,-0.12574513,0.19728354,-0.16307458,0.6765168,-0.12160437,0.66838646,0.34858143,0.6623215,-0.7304606,0.4501771,-0.46034586,-0.12841788,-0.2129743,0.37764242,-0.25267503,0.0032532879,0.38410115,0.0915884,-0.4774253,0.107203595,-0.54212874,-0.26269847,-0.84636325,-0.04374297,0.06943553,-0.32381514,-0.2785692,0.1790969,0.20490797,-0.41125965,0.5968625,-0.15794235,-0.19901493,-0.16265887,-0.16258849,0.45677012,-0.006553336,0.19879797,-0.3342228,-0.050830156,0.45998734,-0.017864924,0.69483554,0.20267712,0.29677275,-0.4409482,0.0074099274,-0.32947904,-0.6016088,0.41356015,0.48349226,0.10645585,0.30575442,-0.20442793,0.3544122,-0.5721075,0.5920793,0.2800882,0.09165253,-0.15065801,0.38317934,9.125506e-05,0.82728386,-0.4800092,0.20669718,-0.045028504,0.021085218,0.29126075,0.53943115,-0.37716484,0.427856
recycling,0.5997483,-0.15823263,0.06594521,0.08321067,-0.74675745,-0.49980584,-0.30380097,-0.13994427,0.8218951,-0.61256856,-0.29997128,-0.4956156,-0.0940411,0.013716586,-0.41372073,-0.2790933,0.6205003,0.122825466,-0.061476573,-0.15263842,0.51055336,0.17132817,-0.096794225,0.26611176,-1.063625,0.016292972,-0.12613173,0.3943655,-0.07379247,-0.4888579,-0.54972667,-0.5874747,0.49705687,-0.46581465,-0.44016305,0.3954964,0.50724995,-0.9414354,0.036983162,-0.04033035,0.46090218,0.6190434,0.5018259,-0.48421508,-0.7612165,-0.087169774,-0.85746485,0.28276536,0.83882576,-0.62065256,-0.1445868,-0.6105134,0.66370326,-0.12452798,0.34234777,-0.43217605,-0.28712204,0.31359962,0.11115743,-0.6135958,-0.045167923,-0.32079586,0.29936233,0.5481456,0.2476438,0.45292026,-0.7636035,-0.006524903,0.43532303,0.7585816,-0.36843818,0.5049956,-0.45777935,-0.6703031,-0.099580854,-1.191517,0.7237154,-0.21421847,-0.08937876,-0.18201376,0.28993115,0.65592426,-0.28824416,0.07190597,-0.5201449,0.19881164,0.16912849,0.11766026,-0.51361287,-0.09572877,-0.52093947,-0.06485009,0.19470166,-0.19486602,-0.047343742,0.36416894,0.013672063,0.5392173,-0.21662705,-0.26335293
ozone,-0.12680204,-0.5237793,-0.16625246,0.73356766,-0.21199518,-0.030142147,-0.31078953,0.29895908,0.8871212,-0.32808128,-0.59080184,-0.53701866,0.11772845,-0.22416207,-0.30702692,-0.092104316,0.51275545,-0.26991674,-0.4801528,0.22467819,0.50829905,0.16829504,0.07886881,0.73051244,-0.60185784,-0.19707522,-0.3944103,0.07685053,0.34647593,-0.382599,-0.28339326,-0.13132021,-0.19608675,-0.35311618,-0.056179166,0.5843351,0.66251206,-0.6361807,0.31173888,-0.6365736,0.40752414,0.41374528,-0.17407864,0.026308062,-0.794561,-0.049341187,-0.50223017,0.21660534,0.70523894,-0.6391429,0.13247342,-0.5506054,1.093056,0.45244667,0.2974672,-0.33215827,-0.72784096,-0.32204342,0.366267,-0.24960634,0.235399,-0.036548138,-0.3896293,0.299065,0.06594647,0.36941504,-0.77759504,-0.56127703,0.64705014,0.30610287,-0.105180115,0.45343912,-0.23598593,-0.7721456,-0.41264188,-0.57244843,-0.25699747,-0.30749768,0.59963393,0.4613791,0.42851263,0.21087693,-0.716644,0.29936743,-0.32962468,0.28962514,-0.20713533,0.05719826,-0.20708638,0.40540186,0.008800833,0.3460694,0.06594549,0.114386454,0.28773996,-0.33923125,-0.15027998,0.9254883,-0.21198066,-0.06901698
nickel,-0.11431298,-0.68334836,-0.21723187,0.64208096,-0.9989602,-0.048081014,-0.05084886,0.15222286,0.5809812,-0.07766782,-1.0828222,-0.56601095,0.24162237,-0.14923118,-0.3622965,0.13161168,0.8135252,-0.1330303,-0.21198219,0.40849915,0.21001425,0.43247962,-0.32756945,0.5226477,-0.73822135,0.35049066,-0.19977997,-0.00735461,0.31612232,-0.6695705,-0.028305786,-0.5105121,-0.030580303,-0.18175097,-0.36953247,0.277998,0.7920163,-0.6495336,0.24533923,-0.40394422,0.41618398,0.430354,-0.07274731,0.25392827,-0.55728173,-0.5191386,-0.13692816,-0.016221862,1.0810759,-0.81281626,-0.019727198,-0.5253726,0.7187858,0.08200174,0.49355602,0.06727926,-0.34044844,-0.4240458,0.65130115,-0.109058276,0.3990213,0.0803136,-0.06699789,0.38486546,-0.1672344,0.65762705,-0.8597842,-0.42190638,0.42820075,0.42695144,0.17385286,-0.1899857,-0.73200566,-0.72394544,0.42915413,-0.30349487,0.13238001,-0.19194503,0.32136378,0.40454742,0.25912526,0.2780424,0.5057113,-0.41720274,0.29024526,0.3412696,-0.14275046,-0.046036724,-0.69803166,0.4904475,0.17935294,-0.10875502,-0.18715525,0.4612548,-0.27487814,-0.35867065,-0.3960314,0.8800065,-0.75391805,0.1537572
electric_reactor,0.14127699,-0.4949263,0.0228608,0.5466822,-0.52019185,-0.10116586,-0.20369768,-0.023188991,0.66503304,-0.33403194,-0.96993387,0.022069294,0.50436026,0.16345243,-0.5981284,0.15076905,0.51864135,-0.16545491,-0.35765138,-0.32957226,0.12226741,0.5935464,0.34070104,0.06975801,-0.8557788,-0.38390398,-0.5939206,-0.05044911,-0.25878683,-0.58775085,-0.3128214,-0.14679283,0.19216067,-0.4853083,-0.034068286,0.44344243,0.50471044,-0.78819394,0.48363996,-0.44267485,0.66522443,-0.058218177,0.29159206,-0.12668039,-1.0569829,-0.122736655,-0.6071341,0.0915102,1.155884,-0.746388,0.20361443,-0.34536493,0.6509199,0.3877793,0.10992368,-0.3306497,0.10140349,-0.0084981145,0.27432606,-0.5047363,0.15431681,-0.2574556,-0.11677664,0.46553594,0.17053775,0.49340484,-0.77615154,-0.41945168,0.4669287,0.29311988,-0.28040278,0.54112476,-0.2372635,-0.6246761,-0.33071178,-0.52138895,-0.14609855,-0.18373318,0.41862744,0.6998173,0.53726447,0.15888418,0.23051274,0.07468543,-0.052245248,0.48353103,0.12306394,-0.4208459,-0.106415965,0.21605924,0.027347557,-0.04429971,0.05428144,-0.22090405,0.10191681,-0.35906497,0.105342545,0.41674095,-0.2757115,-0.21842273
pathogenicity,-0.04329935,0.5170935,-0.49829108,-0.04733492,0.13377988,0.20944552,-0.16310792,0.4518865,0.8415551,-0.267394,-0.28228977,0.3073777,0.34892502,0.22841235,-0.50575125,-0.7427313,0.248768,-0.7737812,-0.6425742,0.039139293,0.30584243,0.45646456,0.0045187636,0.8118617,-0.33151412,-0.28483194,-0.41554472,0.31058422,-0.010887198,-0.88977367,-0.3835224,-0.27406743,0.37041304,0.22441916,-0.24863385,0.6805249,0.56974375,-0.39467713,-0.05720517,0.6725403,0.5230014,0.43523967,0.6616365,-0.10330997,-0.29459453,0.546157,0.14575838,0.21567321,-0.08678375,-0.6591219,0.077869765,0.051057246,0.12840135,-0.5019563,0.5085192,-0.564395,-0.5130862,0.61025375,-0.29086226,-0.11125542,0.1547946,0.6142293,0.4014086,0.179143,0.77813315,0.44516176,0.10831773,-0.09753039,-0.15049121,0.6773692,0.37643912,-0.12713993,0.3161801,-0.40377757,-0.083994955,-0.89394826,0.16676514,0.5454349,0.31564736,-0.4601584,-0.585591,-0.6053613,-0.5014544,0.010339878,-0.6067542,-0.27025133,0.037081722,0.115494564,-0.93940276,-0.825215,-0.9572171,0.23323569,0.1254748,-0.22765747,0.3436587,-0.01213411,0.1407432,0.025030121,-0.4002515,0.051920027
larva,0.037245903,0.49828643,-0.026491579,0.11884376,-0.28895867,0.29030344,-0.5041357,0.11659964,0.6833166,-0.40843493,-0.2285156,0.59488297,0.035442445,-0.030602444,-0.45107713,0.285501,0.5279151,-0.6240254,-0.6638958,-0.1555903,-0.13421127,0.4905961,0.0969147,0.71152705,-0.77436996,0.21064068,-0.25238514,0.3871924,-0.04204896,-0.60913104,-0.27834204,-0.3850608,0.12056369,0.084191926,-0.12780029,0.8714294,0.29129377,-0.39017278,0.7588457,0.37963817,0.48267755,0.02225736,0.8772744,-0.08761076,-0.059505295,0.8477812,0.21178374,0.3865201,0.42462078,-0.11916839,0.029396215,-0.06540086,-0.1294783,-0.03449844,0.28350928,-0.5570112,-0.263362,0.81851536,-0.34446567,-0.10635097,-0.27257222,0.5549006,0.046488125,0.5042621,0.8630784,0.07718171,-0.21529861,0.29937527,-0.14468254,0.2683972,0.53051853,0.042764354,-0.19037487,-0.78510445,-0.12585552,-0.6316768,0.42634246,0.041362707,0.14176424,-0.05896777,-0.7709188,-0.25271782,-0.36487517,-0.18018906,-0.25472113,0.01868014,-0.16143331,-0.23009267,-0.7548478,-0.59206563,-0.9281706,0.0869349,0.118956596,0.093995124,-0.3398009,0.2823087,0.36045378,0.0029982724,-0.5269156,-0.2711278
biological_assay,0.15331271,0.47335857,-0.18867874,-0.14129153,0.3030543,0.16684255,-0.2589501,0.38912004,0.8100335,-0.2796563,-0.4932853,-0.027165506,0.044325635,0.17242584,-0.3768858,-0.48930016,0.10539656,-0.61848307,-0.90127254,-0.14481935,0.18481132,0.6422812,0.02267396,0.9823573,-0.067455776,-0.26190415,-0.27603933,-0.022061002,-0.17363293,-0.95757437,-0.4301076,-0.21565947,0.14421001,0.45225552,-0.25922677,0.71117884,0.6607337,-0.7403098,0.40273944,0.10072037,0.7244145,0.28501242,0.33236316,-0.070099674,-0.30498624,0.6558541,0.04903602,0.44473854,-0.0815181,-0.36594504,0.25336406,0.0011589057,0.008178962,-0.2848264,0.66481197,-0.36686635,-0.705246,1.2387958,-0.23601642,-0.14851056,0.27019632,0.23154908,0.40396553,0.585226,0.9006843,0.52844536,-0.44154018,-0.22516453,-0.18069156,0.5018082,0.27940443,0.0030757508,0.18736129,-0.3170629,0.33810282,-0.8815316,0.23832227,0.3942229,0.2908023,-0.16659555,-0.43467802,-0.8201981,-0.23068355,-0.021355579,-0.32193238,-0.18114705,-0.11480169,-0.15242627,-0.59583485,-0.6810282,-1.100576,-0.08836496,0.34716466,-0.06018127,-0.026617317,-0.014986683,0.36514008,0.14889605,-0.7808825,-0.10817342
bioassay,0.14472125,0.47268367,-0.20628361,-0.15943289,0.36368042,0.15040745,-0.23290436,0.40253124,0.777397,-0.29482594,-0.49414527,-0.023868836,0.020529732,0.20787214,-0.3735011,-0.5350382,0.1328957,-0.5772548,-0.90895295,-0.1487587,0.18429929,0.65239507,0.027212778,0.9696733,-0.09604172,-0.24849437,-0.22557266,0.011335769,-0.1907121,-1.0538695,-0.38688332,-0.18461627,0.1529998,0.47600788,-0.18159539,0.6983381,0.6762967,-0.773929,0.47596115,0.1040204,0.7181193,0.25139868,0.30775392,-0.09276449,-0.29925865,0.66620976,-0.020745285,0.4317128,-0.11611955,-0.3465395,0.24724278,0.020275356,0.04764486,-0.30507034,0.7026892,-0.32195392,-0.70026535,1.3006841,-0.18747973,-0.16288574,0.23631455,0.2491979,0.43449634,0.5722663,0.89453274,0.5411396,-0.4802059,-0.19972597,-0.14050962,0.4814829,0.29851502,0.038275264,0.13542093,-0.26751247,0.37530518,-0.84609777,0.2525482,0.3237648,0.24110122,-0.18255669,-0.48954147,-0.85267204,-0.19280605,-0.028842771,-0.3171006,-0.23472941,-0.08636783,-0.13700831,-0.5952014,-0.64751506,-1.1136919,-0.1397102,0.39232492,-0.051843308,-0.05217719,0.11601118,0.31754136,0.13999362,-0.80647844,-0.16218577
degenerative_disease,-0.25695902,0.11863511,-0.11544863,0.3212004,0.2273247,0.10731743,1.0114449,0.72295505,0.24240875,0.2827475,-0.99681574,-0.80147254,0.3505533,0.75600415,-0.3182096,-0.26560354,-0.12823813,-0.5343061,0.13570799,-0.36866513,0.5913691,-0.31119865,0.38650054,-0.29575467,0.14621595,-0.14566553,0.96898264,-0.48559138,0.17258735,-0.6504751,-0.4227623,-0.5317846,0.30568957,0.02115741,0.11576402,-0.0071993866,0.8248671,-1.495624,0.29783764,0.26303557,-0.425701,0.46352604,-0.25408134,-0.5998453,-0.3077946,-0.53467107,-0.010712843,0.06224674,0.37939057,-0.20774609,-0.3946546,-0.70306677,0.3917766,0.027988551,-0.12891638,0.1896855,0.78714126,0.08187756,-0.37615266,0.27929196,-0.62747306,0.33115187,0.02187329,0.3841006,-0.014870251,0.29972827,-0.31796813,0.09235317,0.050166864,0.4901025,0.51911396,0.7903027,-0.08411675,0.41438913,0.61362225,0.08753946,0.3993881,0.12209432,0.45323735,0.25842234,0.8189127,0.3765865,-0.061153863,0.23765269,-0.3805853,-0.30075896,0.6529243,0.13148755,-0.11923107,0.31440586,-0.41216484,0.3557817,0.12775356,-1.0497664,-0.050647564,-0.06557213,0.079177,0.6968873,-0.3296617,-0.1113195
antiproliferative_activity,-0.13454923,0.012926421,0.29260507,0.13978289,-0.19109377,0.09998649,1.3628775,0.37849504,0.57264805,0.015301798,-0.88277227,-0.92612815,0.63344157,0.9632124,-0.4216395,-0.49190503,0.4946464,0.03704408,-0.08379158,-0.021031369,-0.13798326,-0.07161691,-0.1605648,-0.16496369,0.17810977,-0.50212127,-0.061383523,-0.141623,0.3648829,-0.47285625,0.569812,0.15836339,0.40566632,0.021277286,0.4919125,-0.1522567,0.46892512,-1.3480438,0.30636853,-0.39775684,-0.3329556,0.24006566,0.5915839,-0.31849447,-0.3224938,-0.46881002,-0.010915547,0.18430528,0.46086633,0.02888026,-1.1104054,-0.56573373,0.06073733,-0.26791292,-0.2729978,-0.57650024,0.49045452,0.017048562,-0.68921775,0.026909634,-0.32309696,0.005939155,0.20002545,0.2591964,0.06654253,0.45992622,-0.42038384,0.028293999,-0.11744394,0.8106918,0.12676261,-0.019632941,0.05134346,0.104390964,0.41267842,-0.32143936,0.5633017,0.3576276,0.12340952,-0.26707545,0.60629463,0.063050725,0.112846844,0.5627178,-0.53095526,-0.03528267,0.0958757,0.30641907,-0.001726262,0.55978787,0.3139504,0.738195,0.03337439,-0.71184766,0.23275079,-0.40704605,0.13871056,0.6644519,-0.4050988,0.20015933
synaptosomes,-0.59919727,-0.037537992,-0.2523194,0.3937955,0.29318509,0.24369574,0.6621623,1.5929606,0.17453289,-0.07315024,-0.76208526,-0.6056828,0.9714525,0.7591923,-1.2795054,0.17519225,0.2516478,-0.77006936,-0.3451543,0.31997648,0.7661214,0.10412234,0.37350237,0.67636174,-0.3309751,0.14966814,-0.043896023,-0.032285966,0.14705154,-1.3662258,-0.23498066,-0.81063604,0.12008513,-0.06543506,0.052926227,0.39241806,0.42013165,-0.94112766,1.2495638,0.2125729,-0.15986997,0.4038677,-0.2768802,0.39603528,-0.40517586,-0.120044164,0.8483114,1.2864076,0.76520646,0.78523433,-0.20042013,-1.0333678,0.18683106,1.4635653,0.8911444,0.3321802,0.8684685,0.23349655,-0.4687032,0.5100621,-0.6574204,0.9193619,-0.07990546,1.0053827,0.020799229,0.42485225,-0.21585059,-0.3311769,-0.02131513,0.9922378,-0.030880572,0.10225175,-0.44652212,0.5540745,-0.22177838,0.1409521,0.23257338,0.12889467,0.4760291,-0.071664184,0.5070811,0.007204557,-0.8983629,0.19429716,-0.5912252,-0.3015891,0.029609788,-0.42086706,-0.60006386,0.10849807,-0.6064886,0.27315396,-0.0026457333,-1.0013764,-1.3255918,0.11005172,0.49145788,0.18310386,-0.16874224,-0.27137592
synaptosome,-0.5538611,-0.018292325,-0.25778082,0.35875243,0.26487714,0.24346617,0.62381524,1.5544214,0.16189855,-0.06126418,-0.7836354,-0.56851256,0.9611911,0.7662363,-1.2665486,0.16827911,0.24671324,-0.7298877,-0.25018266,0.28907138,0.6950642,0.07769805,0.322779,0.66699785,-0.35606274,0.115602,-0.100629,-0.05895938,0.12250957,-1.3450519,-0.20672819,-0.74950975,0.15906611,0.018414037,-0.011424079,0.3937663,0.38589528,-0.9469285,1.2031596,0.26775947,-0.19890226,0.44071767,-0.24824113,0.421408,-0.3708509,-0.15141791,0.8270102,1.2432078,0.7680265,0.75454193,-0.23033597,-1.0011679,0.13409509,1.4602587,0.84152037,0.26270652,0.8574705,0.19536155,-0.49713862,0.493922,-0.64717805,0.8993016,-0.011775525,1.0157243,0.030648874,0.38879544,-0.25160587,-0.31383818,-0.03331398,0.95952445,0.013988149,0.098952055,-0.43261674,0.5859622,-0.1789423,0.09049077,0.20496592,0.17596912,0.39883038,-0.11857288,0.49870658,-0.020340143,-0.883644,0.2107386,-0.5856789,-0.33965898,0.07802367,-0.39504632,-0.60477066,0.08702218,-0.6480472,0.25358856,0.0075058206,-1.01089,-1.1959138,0.04607749,0.5011591,0.17388535,-0.20282395,-0.23700845
quinolinic_acid,-0.24222332,0.156725,-0.08053493,0.22417776,0.49142876,0.014443108,0.6892281,1.2528085,0.046916824,-0.025789183,-0.7661166,-0.49635255,0.42420235,0.89011776,-0.9510501,-0.005323596,0.23958161,-0.85997254,-0.24539487,-0.2538392,0.8108853,-0.3013745,0.41463926,0.67839193,-0.348929,-0.05360912,0.3882179,-0.17811386,-0.26690963,-1.1876142,-0.22007394,-0.51022184,0.2878482,0.17098182,0.20518939,0.3203691,0.66375655,-1.1129341,0.8089565,0.20544545,-0.27145997,0.1990444,-0.31936204,0.008433251,-0.5492337,-0.39752185,0.7018055,0.78017247,0.47556108,0.3349969,-0.06640915,-1.0220839,0.12802123,1.1610489,0.590947,0.40389195,1.049023,0.18822794,-0.10665313,0.3020364,-0.5772423,0.53966737,0.15542857,0.31645253,0.14882864,0.27766505,-0.07526091,-0.23561312,0.039636854,0.71150756,0.17669481,0.2158043,-0.33799732,0.68459135,0.09471916,0.39043745,0.0017403082,0.27173883,0.12717961,0.087878674,0.5051048,0.00049472414,-0.6033779,0.32544598,-0.56567454,-0.38418227,0.35243964,-0.33444428,-0.11013674,-0.05305288,-0.7300104,0.39644703,0.0049720802,-1.1054446,-0.8104682,0.14615361,0.4242906,0.3290707,0.10503777,-0.07173682
propionic_acid,-0.4312462,0.2193129,0.036669977,-0.19392584,0.28515935,0.3126783,0.7765549,1.230225,0.07027699,0.1725714,-0.12215459,-0.43900037,0.9259013,0.59788907,-0.8235538,-0.17992507,0.3981273,-0.3812671,0.227985,0.56622726,1.2945417,0.24391925,-0.25057852,1.1167591,-0.026056759,0.28483963,-0.23293564,0.5306269,0.23762642,-1.2895532,-0.19188088,-1.0011935,-0.09907806,0.23661363,0.4326786,0.035637233,0.96797687,-0.4501063,-0.17981783,0.19085787,0.046008114,1.2940476,-0.23079963,0.68552065,-0.5491683,-0.13945964,0.47767037,0.8382877,0.6282566,0.564132,-0.3684984,-0.78478676,0.32009864,1.1721547,0.73161834,-0.51708364,0.71402717,-0.07233618,-0.34389627,0.58111334,-0.14354748,0.14302598,-0.22904414,1.2727115,-0.28825712,0.76224655,-0.20892948,-0.02572369,1.0410236,0.121127784,-0.11739191,-0.1202511,0.06998332,0.5546393,0.3307811,0.4263679,-0.13937862,0.13902226,0.6871347,0.05544234,0.34307587,-0.5289713,-0.5117573,-0.3036787,-0.16791597,-0.4761209,0.3481689,-0.57796794,-0.7846244,-0.4771256,-1.2380294,-0.6144653,0.044574205,-1.2008742,-0.738326,0.18578888,0.042761028,-0.2498974,-0.100133225,0.11098607
deficiency,-0.87536997,0.09621444,-0.40545577,0.44460806,0.5403606,0.03427719,0.96837324,1.0761755,0.07208149,0.016876357,-0.46110353,-0.5457803,1.2712562,0.35631892,-0.59083205,-0.004433022,0.008262462,-0.3171354,-0.1747985,0.4962833,0.5904524,0.033878155,0.25985575,0.07598811,-0.26460057,-0.2366081,-0.09949899,0.5105187,0.31630182,-0.60480416,-0.0019630103,-0.50536084,-0.2244235,0.16689478,-0.12113546,0.16298896,0.753264,-0.26683727,-0.025372716,0.15878125,-0.03670719,1.0997303,0.2684189,0.12535475,-0.45849606,-0.33955765,0.66898596,0.65126175,0.6519356,0.7353818,-0.12265248,-0.38394132,0.2372237,1.1141135,0.6885753,0.12208189,0.61093414,-0.12299032,-0.40715617,0.19658364,-0.952761,0.47970977,0.29896232,1.0494951,0.18372425,0.9490039,0.26642743,-0.05856497,0.43777466,0.19389573,-0.19976759,0.40024033,-0.46444115,0.1268515,-0.04706688,0.43141982,0.035401072,0.17659721,0.62212944,-0.07042052,0.77520126,0.0067544663,-0.45350495,0.559264,-0.42684138,-0.42793643,-0.40328094,0.05625721,-0.07395811,0.19027473,-0.6831235,0.46480623,0.11510116,-0.5816127,-0.44594344,-0.10145045,0.40321353,0.057796434,-0.0557352,-0.35441545
carboxylic_acid,-0.08016556,-0.162124,0.1318874,-0.027500339,0.14723578,0.004890819,0.09797784,1.0326364,0.10451891,0.15033181,-0.84412026,-0.06292406,0.98617226,0.2040787,-0.75474423,0.23799151,-0.218327,-0.13682105,-0.42753148,0.24724732,0.40379545,0.08448838,0.20929356,0.7547349,-0.53809106,-0.0045702485,-0.155175,0.34092638,0.50123715,-0.7748229,-0.37648466,-0.63088626,-0.33754885,0.44351763,-0.2391285,0.3286054,0.39961138,-0.22916518,0.87954295,-0.20832312,0.020982834,0.5269659,-0.009929233,0.40752655,-0.49384254,0.06392097,0.37169155,0.59456134,0.9704113,0.5964882,0.07163665,-0.63624805,0.08669472,1.3588413,0.96870023,-0.07011743,0.33939245,0.30712938,-0.04439652,-0.01530075,-0.46307635,0.28299618,0.23520398,0.83375776,0.028198665,0.45924672,-0.4428205,-0.16856778,0.26819658,-0.1568616,-0.25188348,0.1611852,-1.02558,0.4028978,0.023680257,0.30883157,-0.30543682,0.042400584,0.46313798,0.25478497,0.72202253,-0.046213157,-0.5446087,0.12007644,0.31947535,-0.15586537,-0.10042879,-0.63325626,-0.25912255,-0.13546695,-0.72738296,-0.1657601,0.3944954,-0.21135248,-0.36200786,-0.1206452,0.42969546,0.26278922,-0.60326284,0.039111465
ultraviolet_spectrophotometry,0.5096543,0.33326316,-0.23064752,-0.45044768,-0.15756722,-0.80343825,-0.17682233,0.10574683,-0.043122232,-0.2792044,-0.0035674155,-0.008000253,0.023377117,0.3657286,-0.5467849,-0.21400228,0.2764748,-0.47967672,-0.1266746,-0.32401735,0.24440064,0.7020561,-0.5508409,0.1716578,-0.33179104,0.17581177,-0.4606688,0.7577673,0.05056361,-0.25044012,-0.5187656,-0.68079036,0.7887174,-0.82662225,-0.5499664,-0.19332547,0.31334105,-0.77896756,-0.19224292,-0.53072906,0.23598519,0.072290696,0.34527683,-0.3110222,0.015547928,0.52049464,-0.18976209,0.041936137,0.88362736,-0.54042244,-0.44043002,-0.9955818,0.4045821,-0.41946068,0.4149413,-0.55554134,-0.07484779,0.47814894,-0.49942625,0.1812256,0.025193656,-0.7893818,0.35753813,1.2437826,-0.19808412,0.6010487,0.07605766,0.073419005,0.32917863,0.9807107,0.19428518,0.25010303,-0.07564492,0.1255558,0.44944617,-0.98708737,0.23841253,-0.675124,-0.2891324,-0.41357222,-0.4300644,0.3205461,0.069373205,0.32876536,-0.37969512,0.06912533,0.37243155,-0.07350853,-1.1592492,0.17804557,-0.21960934,0.5102487,-0.17093097,-0.18961243,-0.916392,0.6456481,-0.06716034,0.2629869,-0.17254913,0.048210237
gel,0.52591634,-0.17768157,-0.58231866,-0.41720983,-0.21196938,-0.35473558,-0.03814006,0.3558203,-0.72518885,0.18699594,-0.52732444,0.31009737,0.08340304,0.5358696,-0.3667258,-0.2889559,0.038614824,-0.8685904,-0.08475144,-0.84969014,1.0164851,0.4949239,-0.72012466,0.47627285,0.091424264,0.436814,-0.59164166,0.4366852,0.17014022,-0.53471494,-0.07451761,-1.124808,0.6348493,0.12505892,-0.7737581,-0.49314842,0.13931313,-0.7041777,0.026801914,0.10836047,0.11998391,0.23497607,0.4382345,-0.36766517,-0.3299115,-0.11831106,0.06460277,-0.07059149,0.47060534,-0.5922295,-0.036365405,-1.2373122,0.34964308,-0.1775329,0.6892495,-0.32863408,-0.16484793,0.4158949,0.55426663,0.6331773,0.22748634,0.0062398133,0.0052778027,-0.16375156,0.16128898,0.23881093,0.14545664,-0.23380211,-0.21717009,0.5838713,-0.12238935,0.19422214,0.65457493,0.2881893,0.7181311,-0.7085732,-0.118238814,-0.044585347,-0.16329233,-0.6857014,-0.58021504,-0.16461593,0.30356383,0.21136026,-0.3186042,0.19960675,0.43146837,-0.13306041,-1.1846088,-0.10216805,-0.82375044,-0.41692284,-1.1588781,-0.8580755,-0.19346689,0.15051039,-0.22253801,-0.3323237,-0.36042234,-0.37030753
quinolone_derivative,0.569368,0.4917069,-0.40982738,-0.32067654,0.3184817,0.06267515,1.2695092,-0.06355682,0.39095208,-0.29946026,-0.4332449,-0.018430062,0.5174645,1.0270996,-0.6023559,-0.153261,0.44815633,-0.27689582,0.38602158,-0.36729997,0.011317247,0.60889,-0.4339268,0.14752665,0.15523922,-0.54720026,-0.39555147,0.7790711,-0.0025501025,-0.703277,0.15342337,-0.17793897,0.7064705,-0.34495875,0.42276368,-0.2880382,0.47090727,-1.1905831,-0.7997018,0.19155283,0.15101553,0.3647312,0.9678626,-0.20799445,-0.22122116,0.059170205,0.50200236,0.019596014,0.4938343,-0.5222062,-0.4255099,-1.291757,-0.10796096,-0.4090084,0.09097444,-0.4702142,0.49861428,0.119411506,0.23206276,0.16423745,-0.070745654,-0.35160825,0.6284768,0.41815698,0.3477633,0.22246398,1.018216,-0.40603074,0.116133295,0.5678342,-0.21619074,0.33644375,0.5405141,-0.7174995,0.38087878,-0.080701984,0.18615323,0.21490116,-0.38407892,-0.4025873,-0.33637503,-0.4475345,0.10438274,0.0816941,-0.4128975,-0.34023413,-0.2096246,0.6871901,-0.47998118,0.116162576,0.17784889,0.8022184,-0.35120532,-0.16965751,0.32391095,-0.14042024,-0.35431096,0.22764131,-0.25381896,0.012110414
catalysis,-0.2832112,-0.24859703,0.43475038,0.27335125,0.44287953,0.088308506,0.6822012,0.55782956,0.34238777,-0.6797672,-0.19520672,-0.3847734,0.73306376,-0.29484224,-0.06645736,0.10805354,0.34115905,-0.81093323,-0.17587928,0.117449164,0.5023926,0.037820823,-0.39662644,0.52233624,0.25875467,0.3083694,0.008589852,0.40716395,0.7610584,-0.6631722,0.38021293,-0.2933537,-0.9617533,-0.1574192,0.54810184,-0.2137681,0.5034194,-0.55562866,-0.3223967,0.028213674,-0.07606355,0.008542597,-0.019722493,-0.5172617,-0.42602006,-0.24468662,0.6492852,0.4059965,0.858711,0.46301335,-0.24204832,-1.1806703,0.25872207,0.018877508,0.7029292,-0.122935906,0.21653798,0.32323146,0.09079397,0.23757148,0.39952412,-0.3147651,-0.4143988,-0.16107371,0.15753783,0.5810912,0.12193524,-0.15588194,0.38191235,-0.036109652,0.3405643,-0.31746054,-0.34883687,-0.24321294,0.495986,-0.44245622,0.17331289,-0.074993804,0.05733633,0.08032478,0.24930912,-0.2852916,-0.08829851,0.5483502,-0.82949024,0.26520976,0.015187831,-0.4259194,-0.42586303,-0.057938665,-0.25895768,0.9479247,-0.17307973,-0.13002145,-0.042827435,-0.53358096,-0.104004554,0.38094878,0.13816823,0.42125538
observational_study,-0.292721,-0.13669167,-0.8405995,0.71294343,-0.09672573,0.5075828,0.68427193,0.76067275,0.00086959003,0.297584,-1.0930418,-0.22031134,0.661172,0.7025263,0.10976773,-0.85855436,-0.70806617,-0.48655877,0.21233395,0.4275152,-0.03262026,0.73322505,0.39786726,0.2658251,-0.4229185,-0.60701054,-0.7260513,-0.05758046,0.06320364,-0.3334002,0.027726835,0.26348057,0.3656106,-0.16016416,0.34315348,0.605777,0.64600605,-0.26931345,0.19685675,0.25692242,0.24983639,0.44152358,0.5392104,0.034862045,-0.011174537,0.6376188,-0.069550455,0.3041342,0.16764203,-0.0435443,0.2453471,0.074221425,0.8310718,-0.7935806,0.055009883,-0.37453955,0.5663707,-0.4730157,-0.80034,0.15988404,0.3916409,0.063122086,-0.029422428,0.10108998,0.7607247,0.5174972,0.03321127,-0.59675723,-0.13148808,0.9134336,-0.25138977,0.2321447,0.27623063,-0.8130577,-0.21118608,-0.021669965,-0.2788584,1.0786569,0.9545911,-0.4424915,-0.039177988,0.5625148,-0.18571709,0.1641166,-0.30192405,0.125388,-0.21848702,0.5665573,0.27399993,0.13722296,0.10814845,0.3686975,-0.38746306,-0.10314122,0.9810899,-0.30965653,-0.016284559,-0.022581805,-0.4937003,0.39807335
dental_caries,-0.12977655,-0.007569295,-0.8706984,0.43869534,0.089495964,0.31365168,0.06629498,1.3666422,-0.121774115,0.16768605,-1.0928931,-0.3182623,0.45394132,0.64517397,-0.15992731,-0.91254,-0.65091497,-0.25711763,-0.17550905,0.42956594,-0.20436512,0.53279054,0.061759405,0.40048555,-0.73725003,-0.409985,-0.57641685,-0.12647273,0.12747452,-0.62622285,-0.5501717,-0.15442048,0.3943269,0.2009577,-0.03528285,0.70556056,1.0372795,0.1640084,0.25190854,-0.011023215,0.21676025,0.19546881,0.20971905,0.3095768,-0.040420126,0.6196646,-0.4218584,-0.119490385,0.12380051,-0.38761154,0.18816288,0.07953558,1.0226961,-0.3999439,0.43094635,-0.088606946,0.23619841,-0.0543711,-0.62662417,0.56334907,0.68114614,0.024077931,0.045661867,0.118467316,0.6804469,0.48556876,-0.38829747,-0.5656723,-0.06487424,0.7359336,0.047793444,-0.020283217,0.09710369,0.039740548,-0.17487818,-0.25199434,-0.6764416,0.37560818,0.76518595,-0.27607292,-0.005514076,0.50624466,-0.013101801,-0.14494821,-0.49586195,0.60377914,0.12554924,0.83096427,-0.17080067,0.48000282,0.0811209,0.20081829,-0.11581166,0.07366941,0.86891526,-0.15871243,0.07374258,0.4675382,-0.40265274,0.4313099
clinical_evaluation,-0.4669447,-0.23161471,-0.815501,0.4422181,-0.18423305,0.32300758,0.26058748,1.0721918,-0.14388262,0.18694064,-0.9033875,-0.1854361,0.6919151,-0.0011900552,-0.27620977,-0.6182064,-0.405228,-0.41734064,-0.111180015,0.50290096,0.05913405,0.64099747,0.34649444,0.21705234,-0.5149397,-0.4285115,-0.6868709,-0.3938972,0.068041906,-0.25323617,-0.26798823,0.29599094,0.16775152,0.15226905,0.38803682,0.8566727,0.18407199,0.052521084,0.16868304,0.041823436,0.056725614,0.37940904,0.15364935,0.39487877,0.028263327,0.1876683,0.110264674,-0.17592236,-0.04930558,-0.37297028,0.22987849,0.14983396,0.43963808,-0.4481428,0.20645274,-0.13738126,0.060789045,-0.23398203,-0.42629454,0.44568375,0.18992732,0.30953932,-0.449902,-0.057062455,0.62028,0.15836844,-0.077207334,-0.40346652,-0.52872235,0.66162306,0.22623637,0.17443329,-0.29441258,-0.14591725,-0.43077978,-0.06212409,-0.33285502,0.43307668,0.96940184,-0.08775478,-0.027478525,0.6099069,-0.15943845,-0.10241088,-0.5356214,0.26192185,-0.14746276,0.06577333,0.45241085,0.36185881,-0.05917021,-0.20328331,-0.29199892,0.097721264,0.26967552,-0.13573194,0.18213633,0.24535586,-0.57872385,0.1711785
fluorescence_spectroscopy,-0.5626319,-0.4142007,-0.5786907,0.49455234,-0.057670936,0.46030483,0.49213767,0.67726874,-0.17914462,0.37536886,-0.7458543,-0.89604837,-0.4163744,0.4445975,0.020245181,-0.2998521,-0.5863801,-0.4648038,-0.40720057,0.22914615,0.055856515,0.385927,0.07284555,0.65957093,-0.2012901,-0.04874237,-0.4650649,0.3113714,0.22287713,-0.024600737,-0.08171307,-0.09967613,-0.24582478,0.087675214,-0.7260101,0.49422863,0.4068857,-0.7208215,0.31414175,0.040852413,0.042917654,0.94074863,0.13260877,-0.1551795,0.58168197,0.19685498,0.32429758,0.3442093,0.7457619,0.4282108,0.34885126,-0.63267285,0.3329341,0.11996079,0.32636127,0.34887382,-0.42114264,-0.06580457,0.21070655,0.015359905,0.5135839,-0.2468532,0.33479977,0.0067051374,0.40280586,0.16637886,0.2796512,-1.1272281,-0.02554643,0.13553166,-0.20457074,-0.38639894,0.012563851,-0.5070983,0.27488166,-0.24291328,-0.2140542,0.4649296,-0.17651628,-0.0992922,0.40368256,-0.13934118,0.13091125,-0.17000943,-0.111619376,-0.74432665,-0.30190226,0.3841722,0.25715104,0.071871184,-0.34243348,-0.103252694,-0.42521566,-0.24829882,-0.22775029,-0.48279345,0.111385934,0.32877225,-0.36469212,0.21469598
chlorophenol,0.36093137,-0.42116755,-0.4458727,-0.051394697,-0.08945051,-0.033930775,0.5085303,0.25803939,0.30504963,0.07876412,-0.36782035,-0.45932698,-0.45379454,0.11941719,-0.43683207,-0.65675604,0.3096866,-0.46586975,-0.2756008,0.2985879,0.44182926,0.6269734,-0.42649916,0.5532807,-0.24127752,0.19818322,0.045214284,0.7387919,-0.32806027,-0.31107944,0.043712,-0.82816607,0.045981407,0.25629842,-0.23778379,0.123424284,0.43378186,-0.53939193,-0.12732372,0.55433464,0.26012424,1.0331792,0.3468137,0.04733857,0.37183446,-0.5076451,0.5786482,0.24888647,0.7225693,-0.07002827,0.27258462,-0.84891635,0.0040761344,-0.29052663,0.38035983,-0.0073990417,-0.104841225,0.018289493,0.15045597,0.119115956,0.4415918,0.17770472,0.05621459,0.18851672,0.52698797,0.6024382,0.48656303,-0.737607,0.08574828,0.18056859,-0.25175044,0.39129925,0.091374226,-1.0081172,0.11748237,-0.45639727,0.060668074,0.5456495,-0.5219945,0.08608596,-0.07400382,-0.7670489,0.23490334,-0.1517374,-0.6641689,-0.37922117,-0.0064613093,0.041656207,-0.77555513,0.17418845,-0.8009371,-0.7114664,-0.49555528,-0.6780628,-0.012089763,-0.18664664,-0.31797805,0.00740131,-0.0747183,-0.30161718
experimental_value,0.39017308,-0.3536362,-0.22300017,0.40461224,-0.6277876,-0.15689643,-0.3175284,0.4287793,0.26895848,-0.39226252,-0.6157088,-0.37978783,0.24127083,0.53867215,-0.16515417,0.19064549,0.4531233,-0.32478642,-0.12695345,0.14533857,-0.10968797,0.56678134,-0.1998008,0.13241062,-0.6267992,-0.2425883,-0.8718383,0.3242529,0.23784417,-0.70861477,-0.062350772,-0.2341219,0.70260423,0.07622388,-0.46675166,-0.12875666,0.60212123,-0.47256282,-0.32567674,-0.022461012,0.03875712,-0.44787297,0.33110008,0.09601857,-0.8667373,-0.5692454,-0.014035051,-0.114754565,1.0882058,-0.30968812,0.39456034,-0.026683513,0.061438352,0.12861557,0.3613456,0.1864653,-0.3809262,0.4734952,0.62152255,-0.30475304,0.24180743,-0.53045416,-0.4211688,-0.30327278,0.6968456,0.5224513,-0.35077506,-0.1612933,0.24731773,0.49593747,0.30801174,0.57510275,-0.12105698,-0.5734946,-0.14480714,-0.7973204,-0.570019,0.232599,0.13442594,0.28067735,0.16025786,0.34270126,0.124708876,0.062699586,-0.07482596,0.8244007,-0.05112879,-0.3912927,-0.8242723,0.82763755,-0.252874,0.18037768,-1.0199581,0.052281957,-0.4010024,-0.8792333,-0.07712039,0.08914834,-0.3498161,-0.11496697
solution_and_solubility,0.2561025,-0.12361571,0.16702662,-0.35627487,-0.28336942,0.22770825,0.69377935,0.060685948,-0.22334239,-0.14769545,-0.69311774,-0.36052132,0.0644678,1.3868425,-0.15641381,0.16859616,-0.22322892,-0.5401427,-0.18346071,-1.1743329,-1.4759551,0.45447108,0.1953125,0.06318118,0.5369166,-0.3358903,-1.2503368,0.10535575,0.047239598,-0.94662595,-0.093577,0.56676173,0.27356088,-0.38827935,1.0538083,0.00874355,0.55289304,-1.423714,1.113308,-0.40343246,-0.5859762,-0.14502701,0.97761804,-0.58401823,0.16452028,1.0908309,-0.11593225,1.0859232,1.0825363,0.34073535,-0.72287315,-1.028829,0.36015594,0.31136474,-0.15966406,-0.17955005,0.46444473,0.28122205,-0.07972185,-0.05794617,-0.043220878,-0.40138963,-0.29503155,0.5784227,-0.04925835,0.19119662,-0.3853506,-0.7967667,0.049485434,0.11524599,-0.0768518,-0.01492462,0.35656103,-0.19278443,-0.31890795,-0.0022284545,0.023881111,-0.35354155,-0.32260838,0.7311509,0.5728654,-0.58342963,-0.07663742,-0.12391746,0.19695415,0.28766,-0.07743779,-0.5673468,0.24924,0.44139597,-0.16466105,0.8501401,0.227651,-0.6837092,0.15400651,-0.22274698,0.20309038,0.100397676,-1.0094056,-0.33423752
drug_formulation,0.6748341,-0.054969255,0.17794153,-0.5098746,0.10425947,-0.6583096,0.6542585,-0.042649172,-0.12559809,-0.54493976,-1.0391186,-0.31155223,0.70175,0.88381964,-0.40209284,-0.14711249,-0.3543555,-0.21918917,0.36667398,-0.7530062,-0.47734565,0.08105678,-0.49173245,0.14169851,0.34248886,0.4750384,-0.8346151,0.04469841,0.71942,-0.6486648,0.20429164,-0.10159612,0.5144816,-0.76761645,0.054870598,-0.1782568,0.13091673,-0.88998777,0.3814149,0.24905372,-0.28697327,0.39535296,0.47990292,0.2312155,-0.19477703,0.49140194,-0.14516562,0.80144113,1.0122508,0.19951734,-0.7327845,-0.75166875,-0.010521934,0.031717718,0.5651525,-0.23924573,0.47160095,0.45345566,-0.18001255,-0.17306976,0.13116297,-0.77185446,-0.046678886,0.5616999,-0.29029253,0.3443969,-0.34621397,-0.064387426,-0.30443,0.2071021,0.06013536,-0.3141639,-0.33263534,-0.18680488,0.2089028,-0.8682809,0.22961652,0.19881529,-0.7308204,-0.26825634,0.040860582,0.24836396,-0.26371318,0.0074886703,0.5306763,0.32896537,-0.03320509,-0.50332606,-0.6899206,0.23566228,0.29453006,1.0704594,-0.070411794,-0.75602764,0.48894942,0.2475221,0.33471265,-0.26874647,-0.6438507,0.16340038
drug_blood_level,0.4020198,0.3005267,-0.3402404,-0.13440257,0.3405958,-0.09635853,1.1270752,0.2568323,-0.025156211,-0.26607153,-0.96230835,-0.33304188,0.74371254,1.3264278,-0.3661426,0.10960436,-0.056828834,-0.6434721,-0.037850786,-0.48672003,-0.8199508,0.21606316,-0.11018902,0.1366848,0.5695429,-0.4297859,-0.68484885,0.10730061,0.38938826,-0.5240035,0.3541185,0.7251632,0.5338858,-0.52822876,0.45781076,-0.14978394,-0.019016366,-1.0982975,0.016052626,0.027569273,-0.015017142,0.34054565,0.7311148,-0.07160811,-0.16514836,0.24669687,0.21139574,0.7413922,0.41133103,-0.28850406,-0.6664908,-1.0368756,0.17873394,-0.16418478,-0.06794271,-0.38411388,0.55470586,-0.19157493,-0.08437524,0.15361963,-0.1044515,0.023595912,0.28373113,0.35857788,-0.33609787,0.10715984,0.5914484,-0.6520549,-0.101185694,0.16164628,0.30191413,0.27614385,0.5089347,-0.8168465,-0.045632996,-0.18906392,0.043843843,0.28141457,-0.6260457,-0.22446632,-0.0699562,-0.08601309,-0.27816153,0.07641501,-0.0008326244,0.04533804,-0.10636717,0.43793407,-0.28931442,0.17176071,0.5012661,1.1195321,-0.41014305,-0.13388813,0.675791,-0.44352707,0.175405,0.17356339,-0.32469437,-0.4571965
"chromatography,_high_pressure_liquid",0.13996893,0.36100918,-0.7552168,-0.6569647,0.20646632,-0.41859227,0.5033789,0.84382224,-0.39713505,0.09094213,-0.5481062,-0.24797998,0.1824433,0.9914689,-0.5631415,0.13546808,-0.28062832,-0.15716513,0.04704682,-0.37550047,-0.7691746,0.30392125,-0.25686318,0.09393259,0.07303289,0.09431899,-0.7576784,-0.03582103,0.28527144,-1.0099688,-0.4225222,-0.119509965,0.043357674,0.16737835,0.43199697,0.06323857,0.26540837,-0.6969862,0.19564877,0.49693623,0.22385818,0.6163616,0.7609374,0.3468956,0.47894394,0.3638523,0.35607272,1.1139604,0.8068431,0.39912596,-0.957276,-0.7033236,0.29162532,0.10758084,0.5421668,-0.19803575,0.92223847,-0.38005558,-0.034216207,0.45448995,-0.06691236,-0.0858421,0.123691626,0.872435,-0.3912118,0.04368371,-0.25568587,-0.34153384,0.5477998,-0.5042215,0.3366591,0.053794194,0.1324376,-0.16127333,-0.44230363,-0.23712797,-0.39480197,-0.16865365,-0.6515584,-0.007965695,0.27123296,-0.47068474,0.2719944,-0.8794404,0.068040885,-0.019725543,0.33329165,0.42864135,-0.7323655,0.19264784,0.16729397,0.10232772,0.11764855,-0.35230032,0.24312875,0.29447305,0.27253997,0.47050452,-0.3486961,-0.71917313
spinal_cord_injury,-0.48446557,0.11208605,-0.1216813,0.74408066,-0.21307795,0.13825044,0.46591324,0.5017379,0.027622148,-0.752323,-0.71270865,0.3100813,0.09633388,0.55189013,-0.84070235,-0.2248961,0.035564713,-0.29350185,-0.12065844,0.5498416,-0.0121145025,-0.63083005,0.4533521,0.20747878,-0.77765524,-0.8758353,-0.33634007,-0.43848768,-0.23989151,-0.34017295,-0.4512341,-0.5705658,0.2691762,-0.007576919,0.4175677,0.13506356,-0.0018011044,-0.7504987,0.7315613,-0.044359423,-0.14257888,-0.13395897,-0.001151708,-0.27358988,-0.22481611,0.45680356,-0.22805654,0.67734295,1.0284237,0.25364217,-0.19669975,-0.68635577,-0.1679614,1.117696,0.20881723,0.2318616,0.6657818,-0.13129187,-0.11170393,0.6164633,-0.07220644,-0.4755449,-0.20691212,0.16202517,0.3580258,-0.13941498,-0.07817475,-0.4852198,-0.1732369,0.3065853,-0.48446915,-0.021852426,-0.9157122,0.49021742,-0.19419667,-0.29289985,-0.07945094,-0.08140215,-0.49611008,-0.28949833,0.88918084,0.27767617,-0.24939393,-0.058457967,-0.8976278,-0.110335015,0.5589381,-0.0085772155,-0.048508976,0.081268646,-0.077085994,0.658472,-0.11315145,-0.7473965,-0.30995643,-0.5266127,0.059800494,0.14082938,-0.2876867,0.7953187
immunoreactivity,0.15910526,0.534238,-0.18057397,0.21567485,0.29426283,0.12537923,0.7172225,0.9173049,0.07747706,0.106897905,-0.8679392,-0.18632786,-0.095951565,0.637196,-0.6406767,-0.5227074,-0.0772829,-0.51840645,-0.014032159,-0.29180014,0.60579365,-0.66748095,0.2984102,0.4907893,-0.27508864,-0.4915958,0.32097527,-0.3614481,0.14549029,-0.5104109,-0.37296027,-0.6535741,0.495856,0.21480846,0.1004561,0.30619153,0.67469585,-0.9308771,0.57602507,0.09929726,-0.03494575,-0.17025112,-0.1255292,-0.11422357,-0.20762175,-0.28874236,-0.05329407,0.1251379,0.2914529,-0.1181641,-0.047760356,-0.9187834,-0.02808343,0.8149142,0.35434562,0.22446342,0.72656786,0.15052737,0.005330007,0.33620876,-0.20718412,-0.15773931,0.15097971,-0.31376684,0.44098958,-0.21018696,-0.2985671,-0.3374173,-0.20935346,0.5864927,0.24197026,0.29233086,-0.3876641,0.74713695,0.11476661,0.23884895,-0.20253797,-0.13162701,-0.1752002,0.39058766,0.8020149,0.51548195,-0.24092866,0.02544326,-0.8948475,-0.18664844,0.7320797,0.07855516,-0.088078305,0.10331203,-0.3517997,0.6016428,-0.13089025,-0.8971972,0.28006637,-0.311907,0.15689446,0.6343121,0.48753405,0.6127818
histology,-0.11606111,0.5703649,-0.21253897,0.75681144,-0.21533865,0.1440093,0.35068485,0.40396056,-0.11256499,-0.32595602,-1.1177123,0.23496442,0.05285413,0.54322773,-1.1650922,0.45744926,0.498045,-0.046289414,-0.31471583,-0.005815414,-0.034783795,-0.31900218,0.46932667,0.3610102,-0.534415,-0.43589884,-0.45876932,-0.7900312,-0.52109635,0.17154051,-0.96748054,-0.50135446,0.57480496,-0.04923288,-0.18069851,0.46497452,0.7505386,-0.49931788,0.27758428,0.015306779,0.15320379,-0.03875637,-0.022569232,0.5053182,-0.5882845,-0.015699545,0.57317793,0.2598538,0.7551239,-0.13119845,-0.005160984,-0.70060205,-0.23107512,0.8267952,0.093342744,0.21006124,0.68327785,-0.23263383,0.40092093,0.6764766,0.06168949,0.018518025,-0.14450279,-0.08874252,0.35346234,-0.2665921,0.017815672,-0.52561253,-0.46092108,0.70428026,-0.09513792,-0.22760382,-0.95882636,0.16131435,-0.5551312,-0.2918203,-0.33800742,-0.09404288,-0.21170625,0.249921,0.13980189,0.85904384,-0.3339603,0.013660364,-0.2279368,0.1876016,0.1628067,0.16478379,-0.4206918,0.32521898,0.1527234,0.69793046,-0.19644982,-0.515585,-0.10949289,-0.3302998,0.55760944,0.30560133,-0.23482987,0.62124085
phosphor,-0.02925184,-0.123500824,0.19866474,0.16276123,-0.30117285,0.2279071,-0.056418106,0.8316085,-0.2933599,-0.4959073,-0.47406247,-0.41584146,-0.04712462,0.52874,-0.42763418,-0.4455495,-0.45118868,-0.629479,-0.056561094,0.014895124,-0.082389966,-0.1152857,-0.1532241,0.027595012,0.15131114,-0.41804254,-0.619176,0.6958423,0.38072002,-0.181996,-0.0435046,-0.41660708,0.18529975,-0.24447545,-0.53167206,0.025122458,-0.35852137,-0.4404029,0.16701524,-0.2863306,-0.2803543,0.32788906,0.39929637,-0.14868517,-0.13248973,0.14621677,0.24252692,-0.3280703,0.5913421,-0.31063414,-0.39533228,-1.1507676,-0.42306197,-0.42528692,0.7032776,-0.2380189,-0.33680326,0.40714058,-0.31410873,0.19660655,-0.25461298,-0.25910103,0.13645725,0.54008216,1.005285,-0.059382286,0.40519813,-0.0156996,-0.7800526,0.2219727,-0.20315252,-0.45907742,-0.2300983,0.100933015,0.19421123,-0.7303284,-0.21210557,0.06153059,-0.13615806,-0.3280791,0.20322359,0.23817384,0.12562361,0.70044965,-0.84083873,-0.18437977,-0.29760188,0.21011649,0.0154996775,0.56854504,-0.48649698,0.47207114,-0.12058363,-0.45019716,-0.23526663,-0.1721664,0.091245085,0.428511,-0.5669182,0.4224675
finite_temperature,0.13679507,-0.3210704,-0.03769019,-0.08278867,0.12197875,0.17694321,0.14355615,0.20030072,-0.07412522,-0.10704546,-0.28503993,-0.123147234,-0.21708581,0.46338618,-0.11797813,-0.23859805,0.09864357,-0.39313033,-0.24057257,-0.21311487,-0.51646477,0.44566077,0.2927692,-0.0032456848,-0.26191577,-0.10862066,-0.68638474,0.24106003,0.009983532,-0.30375642,0.011915385,0.051449604,-0.03402645,0.22774282,0.59278315,-0.085778385,0.7866335,-0.8263415,0.4727534,-0.3304227,-0.33686063,-0.16549735,0.43914127,-0.6475024,0.13338101,0.5769405,-0.21493828,0.22860597,0.4654658,-0.068256624,0.064908266,-0.5580021,0.5123208,0.107529774,0.38391885,-0.014663742,-0.04662647,0.44597682,0.020350214,0.10680478,-0.041580293,-0.05633205,-0.54860735,-6.356348e-05,0.21450336,0.07729357,0.015717903,-0.19356397,0.2525601,0.0337115,0.33251506,0.5342392,-0.10069862,-0.3919893,-0.26425835,0.2152602,-0.38706225,-0.544824,0.19772044,0.5935655,0.2237089,0.112698376,-0.08675372,-0.009449775,-0.43932763,0.5310253,0.10948415,-0.5310177,0.08092751,0.41388676,-0.47883627,0.30465907,-0.1782352,-0.315688,-0.31984982,-0.06943871,-0.065650046,0.5452754,-0.29814705,0.048258003
rate_constant,-0.34884614,-0.25473502,0.06080326,0.81104493,-0.09688555,0.297442,-0.27724954,0.48597556,0.57435846,-0.16620994,-0.64768803,-0.1778831,0.49374008,0.3945545,-0.2208072,-0.124672346,0.10036566,-0.45864934,-0.31423602,0.3172301,-0.2575641,0.4490223,0.32618278,0.5341103,-0.22069785,-0.07157984,0.05407886,0.1806078,0.30708253,-0.75555646,-0.2439049,0.4457218,-0.1814774,-0.27427348,0.7162487,0.44665313,0.66159624,-0.25647372,0.3137099,-0.4974963,-0.18778686,0.2898476,0.12080853,0.12819074,-0.27679294,-0.102523975,-0.0060444134,0.502368,0.845151,-0.5783633,0.20136683,-0.7911206,0.8388289,0.2084584,0.3635603,-0.21152678,-0.14786737,-0.086069986,0.4462861,-0.03343801,0.034609035,0.40285546,-0.9412057,-0.31315133,0.28688598,-0.18385676,-0.45696774,-0.62507194,0.10543215,-0.050049786,0.31347385,0.48750013,-0.38740298,-1.200528,-0.37063444,0.13688235,-0.21558785,-0.27157062,0.27835733,0.68702704,0.16255265,-0.02760313,-0.5266345,-0.17950815,0.34536704,0.70426667,-0.52636975,-0.5572652,-0.13552238,0.5673421,-0.079388976,0.4205423,0.20064774,0.14370573,0.1291607,0.09393036,-0.1270265,0.9601477,-0.99081993,-0.48697942
potential_energy,-0.376047,-0.36476156,0.1756217,0.95059335,0.040563438,0.30527085,0.45554593,0.32530683,0.08646536,-0.5648439,-0.53080934,-0.2945963,0.5749668,0.115771145,-0.18628679,-0.22765586,0.1691374,-0.9486546,-0.6364012,0.37016255,-0.33873215,0.20758782,0.0034189455,0.5860462,0.18912165,-0.023648707,0.19517726,-0.15229246,0.38106412,-0.8154964,0.3129817,-0.0046854476,-0.6927235,-0.11274385,1.0495387,-0.049575016,0.57108545,-0.41808602,0.14418867,-0.12491076,-0.12736519,0.109487444,-0.11047067,0.001151542,-0.2817194,-0.20059061,0.296008,0.6220366,0.327825,0.038861472,0.12067969,-1.142326,0.50118744,0.25507852,0.8393749,0.16084544,0.2594234,0.079642035,0.29932523,0.5321522,0.26739424,-0.034582816,-0.80203617,-0.18638209,0.16574919,0.17081328,0.052007824,-0.5549821,0.20457445,-0.06988031,0.6648807,0.24909106,-0.6210973,-0.55001646,-0.013450051,-0.009988688,-0.010786972,-0.43795612,0.009385446,0.6139539,0.275652,-0.22610797,-0.471828,-0.10850971,-0.4116136,0.8466629,-0.031672943,-0.68162465,-0.11445434,0.4186642,-0.14077757,0.91098887,-0.1989347,-0.044914685,-0.0045492123,-0.29906905,0.00083823,0.8022677,-0.04786011,-0.4368458
density_functionals,-0.1711278,-0.49798277,-0.040863458,0.2943533,0.10683235,0.6425909,0.14056003,0.10598248,0.21364677,-0.15317656,-0.9353482,0.09789654,0.5269496,0.34636393,-0.19058745,-0.34370083,-0.07532969,-0.78577155,-0.3549185,0.13644671,-0.35793504,0.6156191,0.13229604,0.39357072,-0.01602852,-0.025084935,-0.10058927,0.034483675,0.29714903,-0.64168406,0.17561263,0.5063258,-0.5829349,-0.079295255,1.2597759,0.30207318,0.587142,-0.3007673,0.14225873,0.12731981,-0.23545136,0.31047684,0.16933164,0.2637958,0.18494487,0.23557432,0.32194602,0.5825116,0.5417666,-0.47496074,-0.05267854,-0.7277778,0.5305418,-0.12406723,0.5008341,-0.20984985,0.33175436,0.37479267,0.45491466,0.15246047,0.11768128,0.41571894,-0.868089,-0.024296107,0.52413225,-0.084591605,0.20364481,-0.38513303,-0.028869696,-0.13013951,0.5597634,0.38693458,-0.46357086,-1.3226191,-0.46774805,0.5774621,-0.060382716,-0.21994582,0.021797089,0.39918986,-0.1367585,-0.2247769,-0.43506935,-0.2733785,0.050184935,0.6589381,-0.13091987,-0.745188,0.18647245,0.4932783,-0.0072806343,0.6708581,-0.24665645,0.051253475,0.101405896,0.22482577,-0.20970401,0.86312747,-1.0174885,-0.41455153
triterpene,0.12727664,0.5632101,-0.18944499,0.5257013,-0.7522515,0.043916825,0.9571864,0.89499307,0.7746816,0.24431987,-0.9284927,-0.47691426,0.3770205,0.6254415,-0.7134077,-0.36089072,0.079900496,-0.009563127,0.08301497,0.3479849,0.10649825,0.98782367,-0.21630909,0.122197576,-0.73650247,0.6767487,0.19945806,0.10617579,-0.70153666,-0.42132473,-0.46988055,-1.5302143,0.75447184,-0.22959624,0.10131973,-0.016260372,0.3957306,-1.2973874,1.7667837,0.48872712,-0.352051,-0.088619344,0.22914015,0.28789556,0.20201397,-0.13201787,0.9268934,0.75209016,0.5543236,0.14748266,-0.73111385,-0.41171354,-0.21781805,0.46396455,1.1227088,-0.058354363,1.2621996,0.17253244,-0.2346081,0.27880743,-1.5102155,0.9641091,-0.1786288,0.53627515,0.5381602,-0.23319943,-0.16730358,0.15850554,-0.29215208,1.3779064,0.19020689,0.29470897,-0.16132103,-0.43144605,0.017445706,0.21582958,0.742521,0.039727144,-0.245625,0.07230771,-0.32391077,0.034201745,0.13064946,-0.046251494,-0.384809,0.14678822,-0.747696,-0.06252379,-1.21553,0.17231205,-0.35115242,0.1718481,0.16476396,-0.8777461,-1.4460764,0.848028,0.017903406,0.47360376,-0.4898167,0.21225679
polyphenol,-0.111715734,0.70870066,-0.3385646,0.573604,-0.61606276,0.25984797,0.8229565,0.46700087,0.65214586,0.27304113,-0.8213557,0.7885522,0.36640206,0.41192693,-0.9725303,-0.2970345,0.4064512,-0.4915406,-0.049132973,0.5640512,0.24028952,1.0215743,-0.31565183,0.35011286,-0.55346495,0.10625407,-0.41053233,0.24495825,-0.30362678,-0.69572234,-0.1555932,-1.096268,0.49280512,-0.25850058,0.34567147,-0.06541811,-0.2674099,-1.0398128,1.16654,0.56356686,-0.19341108,-0.87401235,0.46181875,0.29159495,0.5426746,0.029835973,0.6157636,0.8019893,0.29890475,-0.09879362,-0.54645306,-0.654655,-0.03267469,0.45269725,1.0132719,0.06474138,0.97274274,0.3761392,-0.2059156,0.5748453,-1.1417563,0.40133393,-0.2594722,0.45512435,0.19542584,-0.43206134,0.009889386,0.06885378,-0.35360718,0.9376655,0.2837248,0.61265415,-0.30823803,-0.25127268,0.20211929,0.06161407,0.6237681,-0.20438151,-0.085609175,0.108642556,-0.5362668,0.22275132,0.66589516,-0.13917251,-0.3083816,-0.27175516,-0.17308746,-0.2075195,-1.015588,0.21920134,-0.42068487,-0.17565437,-0.07036604,-0.98115605,-1.3363525,0.28927135,-0.17679177,0.5083253,-0.34193742,0.14561291
neuroprotective_agent,-0.03004206,0.298127,-0.004756256,0.31795186,-0.04893446,0.37199524,1.0827122,0.5532417,0.43719214,0.116256654,-0.76251113,-0.23951603,0.6396671,0.67033744,-0.6296827,0.002601929,0.08317317,-0.38576624,-0.110221475,0.452031,0.6062168,0.48891196,0.008884267,-0.16426295,-0.5534454,0.2455232,-0.219015,-0.3103803,-0.26502258,-1.0112225,-0.043020166,-0.7825971,0.11359277,-0.1882644,0.114728466,0.10910363,0.22569111,-0.91657144,1.2354652,0.27022773,-0.16701415,0.0076655857,-0.11411469,0.45273,-0.3777439,0.30055836,0.6897735,0.885897,0.7422002,0.6936708,-0.31508675,-0.24790876,-0.13114108,1.1750004,0.6408768,0.2602517,0.7990443,0.32596827,-0.65358,0.38896853,-0.81599313,0.5200676,-7.672649e-05,1.267624,0.44658932,0.55626696,0.36873788,0.22167477,0.22690494,0.7940989,-0.021776631,0.3168552,-0.66159207,0.099446565,0.33041713,0.26331863,0.3550413,-0.34396246,-0.19032367,-0.1598444,-0.19756235,-0.17762148,0.10649299,-0.40286696,-0.15094906,-0.750772,0.03097359,-0.25634024,-0.5982009,-0.06492677,-0.12159159,-0.24471521,0.08566672,-0.32745528,-1.180365,0.05376695,0.18776433,-0.20460539,-0.5468498,0.026904069
medicinal_plant,0.39360738,1.0978901,-0.2926997,0.04275785,-0.9560532,0.32703307,0.5399577,0.3026076,0.5290393,0.048619863,-0.9081207,-0.18447001,0.4218711,0.65879506,-0.41365942,-0.76005745,0.5710455,0.045185637,-0.064207435,-0.28616235,0.12738635,0.78663814,-0.32370138,0.29478383,-0.5784306,0.63565415,-0.28093016,-0.06563464,-0.17580818,-0.94070053,0.3041501,-1.2125548,0.2635521,-0.265817,0.42425963,0.025989559,0.13658632,-0.8344586,0.6823293,0.08392086,-0.027256208,-0.43272233,0.29799306,0.030440504,0.37177065,0.3022431,0.7674286,0.44856006,0.6106978,0.55051756,-0.35872093,-0.547359,0.55913776,0.06621295,0.086193,0.12748851,0.8022294,-0.10186829,-0.35276097,0.4582153,-0.719214,0.09922594,-0.5382772,0.6192956,-0.36293834,0.3323337,-0.50509083,0.06729559,0.108416654,1.3613912,-0.19041584,-0.42309502,-0.37707126,-0.07790928,-0.0743786,-0.4997598,0.50220406,0.099516414,0.068656094,0.08520144,-0.097721174,0.2429794,0.44715837,0.08004227,-0.018134272,-0.14604788,-0.34233007,0.18478385,-0.7119357,0.4254645,-0.031023365,0.12674667,0.18537545,-0.14583202,-1.1263701,0.32629886,-0.38803935,0.6736318,-1.1130096,0.21099325
evaluation_study,-0.07828238,0.7731457,-0.71544415,0.34032595,-0.98433495,0.26274854,0.50545067,0.052154806,0.09886181,-0.5149241,-0.8235951,-0.5200829,0.020656448,0.43893194,-0.09646321,0.13944404,0.45213217,-0.29369637,-0.5963488,0.6773536,-0.014087418,0.944549,-0.26730472,-0.39381212,-1.366559,0.87154305,-0.5924627,0.32481182,-0.32739776,-0.2959506,-0.029778726,-0.92801225,0.26772615,0.34234783,0.7331231,0.079068474,-0.041404743,-0.5112997,0.976128,0.6451058,-0.15156507,-0.012561998,0.21364422,0.16572504,0.047697376,0.2824143,0.12861921,0.23599488,0.74163526,-0.14412254,0.4620834,-0.14353658,0.54217064,0.20200415,-0.05110642,0.44270372,0.37477866,-0.09782524,0.5741516,0.6257979,-0.3426285,-0.2815388,-0.17709303,0.5225878,0.30759457,0.87279016,0.16191703,-0.06522186,0.64948016,0.84100664,-0.03348569,0.2149024,0.31732246,-0.40455684,-0.44472355,-0.21972468,-0.18517902,-0.19422509,-0.40748492,-0.5424352,-0.14004557,0.66479117,0.43206125,-0.72805494,-0.26848373,0.09937604,-0.39641628,0.329096,0.2569489,0.6323663,-0.3889592,-0.65306324,0.054531403,-0.12513019,-0.96922016,0.14279236,0.16359846,0.015816797,0.37875292,-0.9435536
ear_edema,0.258545,0.7891791,-0.3522366,0.23025984,-0.77019715,0.24112597,0.30670685,-0.12527074,0.4019013,0.17051709,-0.8518772,-0.31982887,0.6963851,0.36238182,-0.51586014,-0.42658034,0.39216202,-0.291641,-0.5913488,-0.3384104,0.04072762,0.6443782,-0.5316675,0.23053347,-0.1620829,0.39600965,-0.19406748,-0.30205202,-0.46150005,-0.7751703,0.5539199,-1.0556763,0.22352497,-0.31877246,0.41370717,0.027987946,0.055001687,-0.7954835,0.42355806,0.17040278,0.32225436,-0.33760408,0.08535324,0.47536033,-0.25299263,-0.033565953,0.7438585,0.2670459,0.58443093,0.33133924,-0.15861712,-0.37983954,0.24714333,-0.0035139732,0.3198677,0.093741454,0.23194584,-0.5426182,-0.2728792,0.7124338,-0.3676647,-0.22776935,-0.33976233,0.4465699,-0.2413584,0.28733182,-0.18648686,0.09138206,-0.16221367,1.2984518,-0.20428307,-0.5205798,-0.24181059,-0.17188446,0.15727507,-0.38053766,0.569668,0.17274545,0.1369579,0.37573346,-0.08208931,0.1791182,0.34314173,-0.0052325493,0.003584953,-0.26884425,-0.15265627,0.23583403,-0.32695112,0.27459496,0.19862032,0.41866988,0.15898196,-0.047222763,-0.85352534,0.50684804,0.010191244,0.44201958,-0.6433988,0.27426225
drug_activity,-0.13689521,0.46475434,-0.22323373,0.31846878,-0.63628364,0.20418487,0.25496054,0.040493328,0.8291222,-0.17229404,-0.5019063,0.17426644,0.32299548,0.56858903,-0.38787362,-0.822091,0.15401168,-0.29083073,-0.339315,0.7168898,0.15971787,0.4791491,-0.35407454,0.14574745,-1.1436855,-0.25119862,-0.13638347,0.18948826,-0.19480218,-0.50113374,0.09208472,-1.004059,0.161522,-0.22598888,0.7480818,-0.08272076,-0.14402749,-0.69388264,0.8921813,0.16674748,-0.40503874,-0.39372817,-0.03816923,-0.13045454,0.08999393,0.54347694,-0.0037855692,0.7762896,1.0781051,0.2875504,0.08605601,-0.11201063,0.32880265,0.60976475,0.4518984,0.033317145,0.90018106,-0.19012664,-0.5014879,0.7005346,-0.4390701,-0.4965418,-0.184699,0.3145353,0.34211868,0.41200164,-0.14266124,0.32938293,0.3908258,0.5442071,-0.5437515,0.2877472,-0.5208599,-0.025024427,0.3391156,0.057696894,0.31122956,-0.036191132,-0.5392104,-0.3172548,0.373651,0.086607225,0.290106,-0.3582357,-0.40190777,-0.3014437,0.3573211,0.10829157,-0.4406555,0.016453493,0.021157432,0.3182476,0.35550565,-0.33212027,-0.93155915,-0.036352843,-0.07447692,-0.19344035,-0.53726935,0.64021283
antiinflammatory_agent,0.36309636,0.45217174,-0.55032486,0.21460736,-0.8295607,0.108446635,0.34662843,-0.019994607,0.28767905,0.26160848,-0.5088829,-0.21090977,0.6496258,-0.07799053,0.06540462,-0.45788178,0.04973377,-0.014609687,-0.6180036,0.028675241,-0.10191288,0.5409218,-0.44757292,0.13533781,-0.028265795,0.30967093,-0.3237081,-0.37528446,-0.5327701,-1.0459107,0.295989,-0.6398102,0.260644,-0.24592319,0.34958327,0.20715383,0.07654931,-0.5222922,0.11407965,0.40939775,0.15032914,-0.6185179,-0.17056827,-0.070761986,-0.01570804,-0.043624904,0.7155992,0.28362328,0.26108846,0.09027323,0.03538552,-0.13039748,0.31475723,0.1210958,0.424994,0.3408278,0.5085147,-0.46860978,-0.08549142,0.36098158,-0.50308925,-0.122745335,-0.36494714,0.3750885,-0.16109003,0.4760687,-0.114535786,-0.33340782,0.1193787,1.0582019,-0.29270676,-0.27989575,-0.012690207,-0.25735557,-0.23458733,-0.25324327,0.4161133,0.254136,0.015986893,0.26266274,-0.025047222,-0.054883823,0.29293716,-0.0016619721,-0.2523829,0.24161384,-0.16996656,0.4282209,-0.39812878,0.2752415,0.3269078,0.29169813,-0.06206407,0.14044568,-0.82201034,0.22596754,-0.2123021,0.35315296,-0.98193794,0.057613492
anti_inflammatory_agent,0.30164373,0.38754326,-0.5123399,0.19276862,-0.7903191,0.15723975,0.36946073,-0.0781683,0.3158285,0.19385485,-0.53147036,-0.19699234,0.53538257,-0.08225081,0.04278579,-0.403865,0.026809942,-0.0791166,-0.5732753,0.0384492,-0.054003745,0.48193705,-0.4412171,0.15544851,-0.0012874271,0.34581152,-0.3414126,-0.3707623,-0.48127457,-0.99211854,0.3286826,-0.67704266,0.20475943,-0.2501671,0.41864312,0.14182618,0.14333639,-0.5642847,0.1375234,0.40909448,0.05674209,-0.5651953,-0.17221725,-0.02267009,0.02499031,-0.0010357654,0.7101993,0.3075256,0.27811962,0.064744204,-0.03322741,-0.16580279,0.31759748,0.13743497,0.38325256,0.34881315,0.5148368,-0.41002232,-0.06614183,0.31555486,-0.43355945,-0.15162738,-0.3266813,0.36673498,-0.17138983,0.4705029,-0.055538546,-0.31876856,0.12299473,0.9522225,-0.31932068,-0.28288853,-0.012655629,-0.2214967,-0.1544867,-0.21906105,0.4326015,0.11832088,0.025535887,0.3362781,-0.012084153,0.0493949,0.30386153,-0.09239455,-0.2329073,0.19569078,-0.08635814,0.32061622,-0.4517107,0.21110937,0.3323756,0.25519666,-0.064640485,0.15502657,-0.76954895,0.21903609,-0.22375044,0.30662122,-0.9261999,0.03513861
alzheimer_disease,0.25032112,0.2897739,-0.4757554,0.22125839,0.38360864,-0.0077181403,0.040152345,0.52073246,0.4785681,-0.4617403,-0.7444136,-0.14157517,0.79965633,0.20000955,0.009715675,-0.30856913,0.09923232,-0.24768084,-0.61952275,0.5407897,0.35391018,0.69369155,-0.4517548,-0.3836452,-0.8511528,0.2272594,0.10457949,-0.14759591,-0.25494844,-0.854026,0.3894575,-0.5038678,0.12258269,0.43264607,0.42545506,-0.017003395,0.2530046,-0.36457118,0.45482242,0.4470421,0.07152722,-0.7268912,-0.3928247,0.19819465,0.15556648,-0.13790664,0.6715469,-0.26284426,0.44936952,-0.21321079,0.099389054,0.104038,0.3206833,0.15589145,0.34885168,0.3195968,0.84639025,0.5678114,-0.4597152,0.59727186,-0.39621064,0.29333043,0.2230335,0.4435258,0.30795184,0.8684873,0.022538431,0.3087317,0.25925538,0.3362263,-0.05812134,0.52846503,-0.5251369,0.050946947,0.083404705,-0.13310386,-0.037314963,-0.2639155,-0.14024141,-0.5446946,-0.37448606,0.6643519,0.458729,-0.091355376,-0.5129407,0.46739534,0.30654162,0.4709656,-0.67364174,0.3731845,0.29672018,-0.3167389,0.06757838,0.31491306,-0.29586595,0.109444514,0.23378465,0.20978995,-0.5579376,0.19717693
small_interfering_rna,0.13967027,0.41498,-0.02409193,0.28599435,-0.61805683,0.20289692,0.7617121,0.902873,0.5529119,-0.36723033,-0.94951755,-0.39383662,0.5429622,0.8575433,-0.4566003,-0.25173703,-0.23737727,-0.8762764,-0.06483417,-0.15358523,0.15227431,-0.22566332,-0.015649384,0.04229968,-0.35093507,-0.23967771,-0.104360886,0.1504091,-0.030638682,-1.131522,0.013240641,-0.89038855,0.5822101,-0.18638529,0.6343013,0.36708748,-0.64540815,-0.7144098,1.1830754,0.8602921,-0.41452405,-0.27026704,0.9536671,0.17550156,-0.119655766,0.35883623,0.10954827,0.44047338,0.55781627,0.24304949,-0.6055968,-0.46142292,-0.17672075,0.25741765,0.21029116,-0.027363341,0.6236997,-0.042038538,-1.2688894,0.081571855,-0.03533332,-0.28608617,0.3679823,0.4222925,0.43622065,-0.018204669,-0.3178833,-0.37821874,-0.721479,1.3585087,0.08028741,-0.4819664,0.3467796,0.24303123,0.36090446,-0.5788552,0.27919635,0.5013858,0.2770811,-0.50440764,0.5503562,-0.08612093,-0.3015481,-0.034334432,-0.8776769,-0.19043678,-0.08329368,0.117536545,-0.49240762,-0.49753526,0.13253224,0.70516014,0.08571243,-1.1113067,-0.055379663,-0.31558615,-0.13932253,-0.13649821,0.37489265,-0.097947836
feedback_control,0.06713985,-0.45456308,-0.44805995,0.6397234,0.08725139,0.18575375,0.19022198,0.21508834,0.2312822,-0.018778935,-0.69286186,-0.114377856,0.40643513,-0.044070914,-0.21338366,0.057852414,0.003225951,-0.238425,-0.3514196,-0.21396579,-0.2872086,0.39208722,-0.054692242,-0.03806173,-0.35451585,-0.0334968,-0.7398485,0.019953968,0.12475737,-0.15508018,0.18761045,-0.08819249,0.1552666,-0.082878165,0.02224686,0.06636151,0.014699398,0.064696945,0.1996692,-0.021738557,0.15912327,0.058928534,0.3675086,0.26318794,-0.28866178,-0.018804817,-0.17431025,-0.51961493,0.42139605,-0.28708714,-0.09912237,-0.31325683,0.11828721,0.25920835,0.29998276,-0.21506116,0.22735517,-0.13472702,-0.13032825,0.13278563,0.08861596,-0.43465954,0.270107,0.29290977,0.4802425,0.24251488,-0.11650101,-0.25739264,0.35429326,0.21269229,0.020411173,0.3753972,-0.15863074,0.079135716,-0.23465836,0.025781102,-0.39241478,-0.42934626,0.41743693,0.32930577,0.0032663394,-0.07766444,0.44011667,-0.17380793,-0.22789608,0.478111,0.22364229,0.116317675,-0.119322,0.21387783,0.24882837,0.30866605,-0.345384,-0.00830936,0.30863202,-0.27245197,0.30652592,0.5532531,0.18363109,0.01077354
controller,0.032932017,-0.48235247,-0.35285443,0.35944968,0.036276586,0.23088233,0.027400682,0.11708705,0.26277837,-0.06870163,-0.6529266,0.03339908,0.40843606,0.2827151,-0.28070235,-0.008229788,0.11682767,-0.1777655,-0.6155901,-0.047001608,-0.29810742,0.48230347,-0.07853864,0.024808858,-0.6155572,-0.0998828,-0.39147553,0.0004078854,0.033460163,-0.3733286,0.061241526,0.16450329,-0.0025515428,-0.008325548,0.09903357,0.26547983,0.5471693,0.082180545,-0.07881322,-0.014130237,0.23686543,-0.15196334,0.15124525,0.18756394,-0.3110203,0.04672387,-0.35612786,-0.41172925,0.5087569,-0.5119981,0.053185225,-0.31311867,0.49360025,0.20143154,0.37507254,-0.28251007,0.45021605,0.079885945,-0.19782974,0.036198486,0.25352466,-0.2533541,-0.05280983,0.013192237,0.5010458,0.39528096,-0.22798753,-0.09529516,0.3557893,0.17564514,0.30764538,0.38524288,-0.036978878,-0.09296981,-0.20597872,0.042722613,-0.5613594,-0.45968786,0.5014442,0.50681585,0.16069458,-0.13620906,0.37268582,-0.105771296,-0.16872928,0.5976261,0.31798106,0.023499837,-0.1239051,0.14728095,0.24055637,0.26994887,-0.09655057,-0.19828737,0.36462623,-0.41645518,0.37689283,0.42840302,0.14595349,-0.010016344
bifurcation,0.10142555,-0.27321318,-0.33391446,0.36446512,0.08793004,0.09471799,0.07069345,0.20197679,0.10225034,-0.0033100108,-0.34278595,-0.087518096,0.33617523,0.050681867,-0.08747508,-0.0018048747,0.0055437027,-0.3122589,-0.2794966,-0.21527508,-0.08430401,0.1425985,0.02375958,0.11483476,-0.15051733,-0.0149363,-0.32429415,-0.002638946,0.18497379,-0.19442782,0.1861792,-0.06928252,0.15404223,0.06529626,0.20018147,0.036018025,0.14586915,0.04646736,0.10137531,-0.059969507,0.1984676,0.021905601,0.35024998,0.13918944,-0.27410686,0.0013360882,-0.14328167,-0.2814442,0.14137918,-0.29663837,-0.07774427,-0.38339302,0.11324162,0.1588205,0.1886406,-0.18803716,0.15121198,-0.037308346,-0.0054140873,0.07763233,0.07590567,-0.12623775,0.0039597186,-0.0019245317,0.28937972,0.0916495,-0.036595684,-0.2478579,0.27380273,0.1221316,0.1781866,0.31154254,-0.004723459,0.026490657,-0.14130753,0.14585502,-0.2806781,-0.2928047,0.3009278,0.3212211,0.05094107,-0.046985265,0.07640301,-0.16770655,-0.18730824,0.45443323,0.18692051,-0.100606054,-0.052952625,0.10858071,0.12888107,0.20303047,-0.4554129,0.09552025,0.2552936,-0.17015941,0.16712147,0.4247029,0.28299338,-0.07291608
enzyme,0.21238282,0.06609904,-0.35484543,0.5309212,-0.73522717,0.3387835,-0.034239054,-0.15994994,-0.076228395,-0.73061657,-0.66372025,0.08654446,-0.3769908,0.6199709,-0.3128147,-0.11445978,0.1871821,-0.5629413,-0.33573526,0.06214634,0.0693259,0.9346409,-0.21842413,0.015888581,-0.72101283,0.3525819,-1.0548567,0.052036274,-0.25191465,-0.76346964,0.13509662,-0.63128,-0.24322636,0.28403682,0.06546258,-0.099430434,-0.36283663,-0.70081866,0.5705305,0.51643956,0.22686313,-0.38407156,0.55111754,-0.3388835,-0.51366824,0.3805317,-0.440946,0.93792135,0.46371546,0.1667786,0.11960888,-0.41083756,0.6224188,0.29605252,0.61063474,0.24719162,0.37392554,0.22517017,-0.051522337,0.21240962,-0.13330546,-0.5077832,-0.91920227,0.60458314,0.32147396,0.3443747,-0.022259183,-0.41536847,0.6650822,-0.026639467,0.3338095,0.50403804,0.09113151,-0.6942807,-0.14816202,-0.95078814,-0.054330885,-0.4965103,-0.5599259,-0.14844038,-0.20196451,-0.17758204,0.64778394,-0.5503107,-0.6412058,-0.02991952,0.6016168,-0.1715786,-0.31072322,-0.28764445,-1.0468614,-0.13027526,-0.19001433,-0.67862433,-0.18871309,-0.29747912,-0.15369861,0.19815506,0.13889413,-0.7313897
conceptual_framework,0.30271935,-0.10594669,-0.41710678,0.137576,0.33118063,0.06743382,-0.20632018,0.58271307,-0.14122231,0.0057727983,-0.6450205,-0.1289528,0.6216084,0.09887748,-0.5855861,-0.5121196,-0.120553166,-0.19514857,-0.44247788,0.3588804,0.3983581,0.9826343,-0.17544001,0.17727824,-0.5541102,-0.15596117,-0.449322,0.039871376,-0.07313992,-0.70514536,-0.06948806,0.21916361,0.11823668,0.029315164,-0.14866011,0.4643656,0.53108144,0.044175692,-0.112533465,0.36575437,0.59109104,0.17073901,0.22089396,0.23662755,-0.26117438,0.03993918,-0.28690386,-0.024460485,0.22478248,-0.69831556,0.10875302,-0.35787186,0.7854355,-0.13838512,0.18058446,-0.72597593,-0.06311477,0.37840497,-0.112504095,-0.062092364,0.26588538,0.10214187,-0.25318015,0.24482258,0.5132378,0.3907302,0.04333813,-0.4344448,0.2812247,0.5662013,-0.12434835,0.49916822,0.6512662,-0.21226902,-0.4290977,-0.31432632,-0.413297,0.24948914,0.9157792,0.0024758698,-0.162677,-0.20542334,0.08961726,0.31086087,-0.7178782,0.608321,0.03953743,0.31071246,-0.32296786,0.16656967,-0.17929082,-0.60888684,0.009557411,-0.1761522,0.5506823,-0.032743692,-0.020073593,0.2070279,-0.04497091,-0.26324487
cobalt,-0.25626037,-0.6480955,-0.33050424,0.24939442,-0.27937827,0.2108425,-0.099243805,0.48019558,0.09683431,-0.35501456,-0.5888816,-0.14011475,0.7817396,0.020361394,-0.5734589,-0.32926726,-0.032624196,-0.24251291,-0.22757204,0.5566529,-0.032295346,0.7286344,-0.4062731,-0.010393903,-0.21653582,0.24965996,-0.74517864,0.3753081,0.27453452,-0.6606411,0.28286785,-0.069428414,0.057504054,-0.042253975,-0.40327823,0.10361245,0.13805842,0.08171547,-0.05249031,0.04813204,-0.06045736,0.37117586,-0.15395077,0.41368484,-0.30279475,-0.3407981,0.235961,-0.5183983,0.82219213,-0.46930507,-0.39590192,-0.44655424,-0.22373492,-0.38860112,0.55985606,-0.5369329,-0.07760008,-0.005203081,0.038442105,0.36406296,0.1272556,-0.31523588,0.25379705,0.2684013,0.72662735,0.61659986,0.045880903,-0.06350344,0.06311602,0.4248516,-0.04125038,-0.27169532,-0.18348025,0.4296322,0.13642904,-0.15167595,-0.110098794,-0.20672539,0.28797445,-0.49074292,-0.31068859,-0.698627,0.7806058,-0.05385471,-0.47572827,0.15032677,0.04199078,0.09844503,-0.9017854,0.38940457,-0.35085157,0.19659811,-0.03480438,-0.12196004,-0.23668799,-0.24193576,0.10140327,0.35480762,-0.66154325,0.31385753
disturbance_rejection,0.06109051,-0.20493165,-0.11769743,0.47378412,-0.11386248,0.109335095,-0.23277004,0.21441342,0.15693992,-0.026390756,-0.20773034,-0.22139125,0.048853654,-0.027915059,-0.20387074,0.029669492,-0.17576668,-0.31744638,-0.19462906,-0.01039627,0.11457962,0.17561397,-0.06157894,0.026619012,0.033045717,0.17817013,-0.19763763,-0.039074484,0.12672633,-0.06789748,-0.036824126,-0.37525448,-0.27031246,-0.13476212,-0.15331672,0.014466074,0.00024703008,-0.4645105,0.428677,-0.036733337,-0.18426266,0.017309599,-0.17713037,-0.14077462,-0.12206597,-0.043352973,-0.045316897,0.19422886,0.25697222,-0.05464311,-0.12738247,-0.646095,0.25270167,0.14426471,0.20300323,0.061436072,0.03504185,0.20580816,-0.20533243,0.16011603,-0.0022491827,-0.18613823,-0.3293026,0.5014531,0.12471042,0.03682545,-0.27317554,-0.100453235,0.049307045,0.2481353,-0.086927764,0.3537361,0.01700889,0.029771075,-0.15004545,-0.28596538,0.0051997327,-0.2039333,0.07160103,0.07750719,0.14923759,0.07963566,-0.08047997,0.17000808,-0.39272088,0.21977317,0.13223234,-0.06640163,-0.2728932,0.12446837,-0.19415373,0.080540396,0.052437518,-0.339791,-0.29972085,0.038565528,0.01672648,0.34113243,-0.121922284,-0.13268213
boiling_water_reactor,0.03733926,-0.14211012,-0.24132767,0.007784028,-0.04439606,0.10050726,-0.1069941,0.26037407,0.04226308,-0.017925173,-0.26669914,0.15234798,0.34646907,0.32455897,-0.13916145,-0.2161142,-0.039033033,-0.406207,-0.28384438,-0.41140237,0.113743365,0.32452914,-0.103275076,0.09017342,-0.15126729,-0.3450633,-0.22077215,0.22184965,0.27532306,-0.2540234,0.046010744,-0.035228945,0.39313295,-0.19846901,0.20342453,0.030758636,0.49307525,-0.193998,-0.14285593,-0.0783501,-0.028168956,-0.22182582,0.49223983,-0.24060795,-0.26187217,0.059392903,-0.013663562,-0.21938184,0.2922083,-0.58745134,-0.0056239488,-0.45929885,0.21312313,-0.19928782,0.0108340485,-0.14247078,0.31832522,0.12935258,-0.067672506,-0.012386654,-0.13888487,-0.027539156,-0.38135538,-0.47529283,0.29148003,0.2257004,0.07509541,0.020446938,0.0063066226,0.06166,0.25666058,0.46186602,0.2908247,0.04510378,-0.18258138,0.019521067,-0.25550956,-0.325425,0.50506353,0.41437835,0.1240451,0.3716555,0.06498196,0.08590859,-0.2834033,0.5474945,0.24148545,-0.24308936,-0.13824618,0.13936162,-0.068903424,0.22939257,-0.3652835,-0.075703695,0.044313993,-0.23025599,0.18225911,0.23602572,-0.13071293,0.06276797
structural_frame,0.033115424,-0.628875,-0.10949359,0.35576534,0.026054284,0.02833967,0.10102484,0.20863669,0.6708338,-0.302065,-0.88076204,-0.24000986,0.6097733,-0.13786846,-0.44033557,-0.4133471,-0.34659263,0.0066381274,-0.39042276,0.12919076,-0.31820995,0.31443083,-0.17681088,0.32942823,-0.8899038,-0.2715862,-0.687685,0.15635869,0.023164215,-0.44996667,0.035437543,0.34456488,0.10378467,-0.029909875,0.52285343,0.24036726,0.10977795,-0.41519225,-0.20492376,-0.108890936,-0.030991573,0.282228,0.08290249,-0.052710835,-0.257271,-0.03179927,-0.47814175,-0.3216615,0.32579204,-0.5485315,0.18914288,-0.41453344,0.31206456,-0.15430075,0.20747119,-0.45849928,-0.12454756,0.2318542,0.24913631,0.029895924,0.24223268,-0.27460015,0.06996875,-0.06984279,0.552829,0.28830844,0.24367379,-0.30587658,-0.08083766,0.7270357,0.023558721,0.09309765,-0.13756779,-0.27130884,-0.1553329,-0.25121588,-0.03723089,-0.29686293,0.6031723,0.19284998,-0.10952483,-0.12644958,0.31836137,0.10944937,-0.27485237,0.582215,-0.16129231,0.05632053,-0.051573273,0.22579102,0.62338114,0.26444432,-0.29245222,0.0795165,0.15852264,-0.08945088,0.28079736,0.7463061,-0.14898098,0.4276524
equation_of_motion,-0.063192904,-0.24530484,-0.14147258,0.34187317,0.020198904,0.06938831,-0.236303,0.4241416,0.09266908,-0.36596072,-0.6143648,-0.17981468,0.08113399,0.06135935,-0.13182004,-0.5043135,-0.360653,-0.3129692,-0.5090557,-0.07963984,-0.17306381,0.33109337,0.233866,0.24472803,-0.06333353,-0.5227935,-0.40151647,-0.2313768,0.07960913,-0.15039645,-0.007392023,0.28620365,0.025918065,-0.16396587,0.35183376,0.34436017,0.5836064,-0.6035957,0.42607588,-0.63574624,-0.13831864,-0.14062342,0.040018227,-0.20502779,-0.19663112,0.19724457,-0.31735104,0.19526896,0.016218623,-0.20879337,0.21444377,-0.3716644,0.5260051,0.063305326,0.31264892,-0.11292957,-0.23650661,0.21747,0.11965369,0.14484432,0.06802664,-0.06564584,-0.44039887,-0.15571806,0.27404287,0.022839013,-0.17549026,-0.5010844,-0.17610067,0.18746105,0.19321138,0.57118076,-0.14413925,-0.28677225,-0.44755664,-0.12404018,-0.21769994,-0.44809443,0.37717113,0.61041814,0.3507206,0.3161268,-0.3129524,0.23433404,-0.39296874,0.5920267,0.0894092,-0.24935383,0.27620888,0.5171722,-0.2711026,0.45750114,-0.07331984,0.17010184,0.19748306,-0.052085567,0.08066037,0.8086869,-0.3698771,-0.06528842
degree_of_freedom,0.107525155,-0.7519684,-0.41737834,0.3316752,0.42067516,0.23942387,0.2647801,0.6738079,0.37749836,0.042529784,-0.81839925,-0.41163427,0.38241518,-0.12363723,-0.279825,0.19983329,-0.34141076,-0.30511895,-0.092633426,0.09633624,0.24976361,-0.20475948,0.09247539,0.37053668,-0.39530912,0.2172957,-0.1763827,0.35065165,0.4457868,-0.30901816,-0.04154164,-0.042493436,0.0035662306,0.08127453,0.007987152,0.32914323,0.20781839,-0.31671172,-0.037242383,0.54496217,-0.15630248,0.5743925,-0.15716155,0.005830011,-0.3024081,-0.026264982,-0.15429497,-0.087795824,0.008200674,-0.23829259,0.2837897,-0.3952647,0.1350838,0.42535314,0.4426292,0.008974727,-0.0741725,0.21866712,0.038167942,-0.09632338,0.2461687,0.41923696,0.31640673,0.06001132,0.22776625,0.17343383,0.028838292,-0.1591628,0.014568837,0.64064676,0.14760272,0.2514913,-0.30449596,0.024522696,-0.07878807,0.2966196,-0.13530761,0.17610021,0.4907916,-0.05476951,0.14096709,0.22043808,-0.47015443,-0.14665565,-0.14749332,0.27342978,-0.073073335,-0.2415523,0.031411134,-0.26697958,-0.0035340313,-0.1740826,-0.5762956,-0.17905813,0.107152276,-0.23102824,0.17982453,0.5230569,0.23396271,0.045216005
stabilization,0.05604908,-0.3303671,-0.31980512,0.7790861,0.12967277,0.12767303,0.29794592,0.3239841,0.0011804049,-0.19903073,-0.8834989,0.09733534,0.53153545,-0.121212475,-0.18982266,0.020806087,-0.17596544,-0.46609813,-0.2460773,-0.11341039,-0.18463704,0.46046513,-0.13819739,-0.05603816,-0.19123247,0.12483675,-1.0381398,-0.012281149,0.10143291,-0.060345497,0.24692434,-0.34341893,-0.14208041,0.06008041,-0.43106502,-0.09669244,-0.15335357,-0.008063976,0.27045146,0.1538859,0.017614804,0.09632449,0.28919235,0.28625035,-0.108473554,-0.047553398,0.09401935,-0.55648327,0.46550095,-0.026265262,-0.28857237,-0.4653564,-0.19318846,0.36939302,0.7430228,-0.09808741,0.19083408,0.12324954,-0.2818396,0.37499592,0.0037724972,-0.69807523,0.41125962,0.75566465,0.7827482,0.21424937,0.23993044,-0.19814932,0.21531197,0.10339051,0.037785172,0.26773706,-0.37621,0.16219042,0.18911888,-0.022091057,-0.32379758,-0.45089573,0.43398318,0.2012877,-0.16559951,-0.13916324,0.7123329,0.018095832,-0.22461948,0.29726407,-0.013401501,0.19562347,-0.21593967,0.3160008,-0.09345372,0.54459697,-0.5372118,-0.16454409,0.2816627,-0.3748645,0.35919106,0.7155492,-0.04511211,0.19662558
solid_state_culture,0.086171225,0.16423093,-0.071198285,0.0296142,-0.0242884,0.25234526,-0.68737274,0.3517135,0.55249256,-0.6194371,-0.21131684,0.018791165,0.43983284,0.03507333,-0.37180135,-0.14654136,0.28267545,-0.66879636,-0.79583013,-0.25109392,-0.18542811,0.30023664,0.21288957,0.48698106,-0.11068084,0.043861713,-0.35542095,-0.04656541,-0.1007179,-0.7387706,-0.19342482,-0.15035702,-0.048229374,0.31858316,0.08040493,0.983511,0.551617,-0.16637225,-0.15773088,0.4233065,0.18842082,0.5955996,0.58349985,-0.015863717,-0.18759458,0.70767695,0.2918285,0.2207835,-0.09540643,-0.32932803,0.2860938,-0.16667227,0.05283589,-0.26514682,0.24234515,-0.6284965,-0.4934231,1.0209783,-0.37752774,0.12240589,0.42206106,0.42463607,-0.08448877,0.15961108,1.0541373,0.12064639,-0.1245893,-0.20333816,-0.5288195,0.41698554,0.18185198,-0.019336171,0.14508995,-0.4662393,-0.17412797,-0.7665806,-0.08057735,0.40173593,0.37819114,-0.12640561,-0.5034943,-0.49390137,-0.8085833,0.1319728,-0.5335897,0.38924396,-0.100633666,-0.19657141,-0.74099904,-0.6406704,-1.1802446,0.38123944,-0.026883977,-0.26349327,0.21545528,0.0872932,0.36979622,-0.25688303,-0.47094437,-0.35574433
traditional_approach,0.2282267,0.02293912,-0.24342655,-0.38684618,0.32473737,0.2455883,-0.022379074,0.28307164,-0.0016014649,-0.043856937,-0.6201704,-0.00093646126,0.21285342,0.4566006,-0.3256799,-0.45076796,0.056076452,-0.60774624,-0.63876635,-0.6796815,-0.024940738,0.84022826,0.077100255,-0.21840276,-0.15540905,-0.396341,-0.594965,-0.035384763,-0.115821175,-0.34973782,0.04858163,0.34696695,0.15521999,-0.275214,0.75007915,0.053076677,0.62806594,-0.8841641,0.2827785,-0.13190499,-0.055049706,-0.58999103,0.36018738,-0.5536612,-0.21732183,0.22217992,0.08451,0.2709935,0.3084929,-0.5804119,-0.11641121,-0.65880674,0.3169389,-0.011087791,-0.10806047,-0.27076727,-0.02526437,0.46260452,-0.071525164,0.1236334,-0.40599427,-0.103536546,-0.54486096,-0.08754219,0.3273428,0.09963899,0.30118468,-0.08605248,0.04547895,0.17291436,0.095407024,0.78714424,0.42530382,-0.40112814,-0.38631272,-0.00042751347,-0.38175744,-0.37952727,0.39855468,0.6078591,0.1344625,0.215147,0.22264408,0.41296202,-0.8321427,0.33578175,0.33672813,-0.27681938,-0.009864548,0.40821323,-0.32048815,0.36870348,-0.11840341,0.0032307222,-0.2409074,0.03780167,0.18877885,0.23701894,-0.3663691,0.0045420774
