keyword,v1,v2,v3,v4,v5,v6,v7,v8,v9,v10,v11,v12,v13,v14,v15,v16,v17,v18,v19,v20,v21,v22,v23,v24,v25,v26,v27,v28,v29,v30,v31,v32,v33,v34,v35,v36,v37,v38,v39,v40,v41,v42,v43,v44,v45,v46,v47,v48,v49,v50,v51,v52,v53,v54,v55,v56,v57,v58,v59,v60,v61,v62,v63,v64,v65,v66,v67,v68,v69,v70,v71,v72,v73,v74,v75,v76,v77,v78,v79,v80,v81,v82,v83,v84,v85,v86,v87,v88,v89,v90,v91,v92,v93,v94,v95,v96,v97,v98,v99,v100
metabolism,-0.18896255,0.10829031,0.25802162,-0.12911958,0.111385144,0.44910026,-0.15798797,0.27325726,0.20149367,-0.8166417,-0.30184823,0.81261706,-0.06476934,0.035170045,0.69752884,0.82249916,0.37293142,-0.50312966,-0.2677603,-0.12508607,0.03938923,-0.33700836,-0.5449593,0.25025138,0.13735008,-0.37308663,0.13696572,0.07869756,-0.19320841,0.06847189,0.47243488,-0.5805264,-0.17538613,-0.084263265,-0.05892151,-0.6445137,0.23748624,0.52377796,-0.10702186,0.12640196,-0.08155377,-0.31389764,0.45633048,0.008231863,-0.095892906,0.47463432,-0.087286696,0.017916186,0.45042172,-0.012868511,0.513786,-0.5855316,0.065312,-0.018527327,-0.03377441,-0.7507363,-0.7139903,0.46837902,0.5025385,0.8712525,0.6067859,-0.5074471,0.048192203,0.40129882,0.058692545,-0.25374493,0.7192035,-0.00890179,-0.47186446,0.0009730073,0.7180637,-0.23787124,0.047016002,-0.5385419,0.31821528,-0.037695136,0.23190597,0.087680995,-0.15831079,-0.0035195237,-0.5240008,-0.22975583,-0.19370608,0.6253772,-0.16517949,-0.097301416,0.040060896,-0.48836175,0.5208976,0.41057214,-0.1749731,0.33170328,-0.31124973,-0.2560851,0.7258463,-0.05907614,-0.43407106,0.1251773,0.0049825157,-0.04701132
genetics,0.5259414,0.0229354,0.25261477,-0.28712693,-0.01628247,0.28942135,0.25049117,-0.37689626,0.42593864,-0.21820189,-0.38971844,0.36751068,-0.24628392,0.32218224,0.11875995,-0.11693054,0.131072,-0.7427746,-0.019824322,-0.38081017,0.36284122,-0.32998115,-0.058948025,0.1946942,0.393367,-0.024650374,0.20215283,-0.050759874,-0.54572856,0.11702296,0.22170359,-0.1083478,-0.3174809,-0.42081767,-0.4087462,-0.6550775,-0.47040024,0.13535686,0.09291601,0.50671077,-0.07983193,0.33945823,0.11616198,0.15670519,0.16429348,0.3438728,-0.23910277,0.5558196,0.83858913,-0.29736176,0.7565312,-0.26858014,0.5262505,-0.17291853,0.2668571,-0.032669112,-0.57216203,0.38668728,-0.39943495,0.6336523,-0.025756823,-0.06286659,-0.32483098,-0.53348184,-0.56816745,0.1947688,-0.045135334,-0.5074095,-0.7225257,0.36518392,-0.040217575,-0.2826491,0.50922763,-0.03070454,0.43587935,0.17424558,0.29010755,-0.6629249,0.046241112,-0.08698766,0.27491692,-0.3790044,-0.13931033,0.016141105,0.12913337,-0.19632109,-0.78910494,-0.41342992,0.16213055,-0.25320852,-0.5466359,0.09793182,0.35359803,-0.1588732,0.363014,-0.46982953,-0.30512363,-0.33848053,-0.58802664,0.8189263
mexico_[north_america],-0.14623715,0.062499873,-0.30819127,-0.1622842,-0.19153237,-0.34735548,0.49224573,0.4524036,-0.6457191,-0.073944926,0.0018680339,0.006662203,-0.03847812,0.52204144,-0.26513946,-0.7296633,-0.015541779,-0.62109995,0.5692259,0.37083113,0.4806255,0.27115145,0.0105204135,0.6506298,0.38754323,-0.44669765,0.15196517,0.14326073,-0.43227553,-0.1326364,0.12994525,0.115200326,-0.90041584,-0.13632223,-0.15583917,0.07827472,0.008444318,0.012129496,0.08782038,0.025429616,0.0973595,-0.119498946,0.27910656,0.4410345,-0.5047747,-0.06178913,-0.028543256,0.07094486,0.46171868,-0.30705222,0.13265029,-0.74974644,-0.020401128,-0.4182526,0.5413282,-0.37260658,0.03346158,0.14587179,-0.3472888,0.57440066,0.53665936,0.140591,-0.39424118,0.3880261,0.60639536,0.14710128,0.6119944,0.19482681,-0.69660115,0.67416906,0.29756024,-0.97741944,-0.3781189,-0.20174822,-0.36950922,0.048443384,-0.3448659,-0.31020236,0.016910832,-0.21070233,-0.37256974,-0.40435636,-0.06629823,-0.3803233,-0.30318588,-0.20513026,-0.7935245,-0.60691994,-0.49075764,0.2531164,-0.061291218,-0.45650378,-0.32223007,-0.2811275,0.16281095,-0.12834442,0.21057725,0.116527274,-0.49271715,0.23709686
rat,-0.071612395,0.36053377,0.030831194,-0.0023062285,-0.20424381,-0.095570035,-0.22776245,-0.49642122,-0.22755398,-0.80512995,-0.4149712,0.2553761,-0.048833974,0.17125356,0.16682196,-0.25494403,0.55139124,-0.36343047,-0.61794364,0.4041005,0.018390683,-0.14269158,-0.3017666,0.6004216,0.25708324,0.38070688,-0.38057876,-0.8496218,-0.52022415,0.46656656,1.0804957,0.2645327,0.029332157,0.18290232,0.07101121,0.72988874,0.24914823,-0.8606098,-0.04075791,0.14089483,0.14954811,-0.35484946,0.30959493,-0.025620123,0.39497185,0.043832853,0.8252813,0.15437968,0.259215,-0.81405485,-0.38924885,-0.94647384,0.022225205,0.25283617,0.8690867,-0.01735551,-0.2252543,-0.26907164,-0.069105424,0.46287343,0.18385369,-0.17251748,-0.27547807,0.35014036,-0.1827762,0.03449328,-0.01798279,-0.1508913,-0.038912468,0.15586393,-0.035738975,0.3197583,0.15949258,-0.029389154,0.58854437,-0.0040483484,0.42191428,-0.3171973,-0.5169723,-0.007321256,0.23815672,0.1872172,0.26239294,0.5259875,-0.5001188,-0.18698587,-0.26186982,0.18104145,0.30929893,-0.26787975,-1.0302948,0.37351862,0.56008095,-0.25934294,0.05993449,0.22388442,-0.39854044,0.0203902,0.074658915,0.12853636
chemistry,1.1731393,0.35910806,-0.58599097,0.6985162,-0.49487248,0.79873174,-0.27130836,-0.27539518,0.18973334,0.097773865,-0.20100245,-0.52164435,-0.026113685,0.024371479,-0.15979137,-0.18479237,0.40089154,-0.25760728,-0.4337328,-0.048876613,0.35529697,-0.0757731,0.15641947,-0.22921085,0.13088779,0.12446923,0.16934133,-0.23626661,-0.92666364,0.36764258,0.6456325,0.15771501,-0.026376033,-0.07874715,-0.58351284,-0.11429719,0.27221948,0.59171915,0.2335166,0.36113822,0.36711842,-1.0601361,0.42713898,0.22517738,0.3838052,0.88649714,-0.47324988,0.4080355,-0.25618023,-0.49400482,0.05868131,-0.19007985,-0.11331872,-0.65677804,0.30693132,0.34532267,-0.37376964,0.6040374,-0.046811998,0.2269035,0.32867458,-0.8253638,0.6605599,0.42072085,0.012631207,0.9990404,-0.15248509,0.008814444,-0.264373,0.19088203,0.03397571,0.36468244,-0.49150047,-0.19610983,-0.19678408,1.0390872,-0.82951367,-0.15140976,0.018404616,-0.16484289,-0.59799564,0.40621462,-1.0175282,-0.06102454,-0.53166354,-0.7986261,0.3767938,-0.60006404,-0.389811,0.21558723,-0.36777416,0.6798037,-0.58580446,-0.59568197,-0.1625241,0.26500666,-0.4663803,-0.17849882,-0.18414655,0.1426781
gene_expression,-0.44603452,-0.26246664,0.14767924,-0.23909442,-0.28676885,0.121984124,0.4526967,-0.59146446,-0.24782482,-0.34146398,-0.38809377,0.09238545,0.024129454,0.61669326,-0.28760794,-0.26981324,0.096357346,-0.4851744,-0.64091235,0.021128146,-0.01867897,-0.4083537,-0.32949468,0.24256003,-0.3338832,0.028656168,-0.15275183,-0.36356658,0.2739315,0.8635443,0.3832767,-0.48921457,0.18190731,-0.32101363,-0.26173455,-0.24223737,-0.18853877,-0.4860899,0.49464756,0.18025583,0.643735,-0.3593709,0.4198024,-0.4823423,0.20939644,-0.27232474,0.36438802,0.26070538,0.31127366,-0.28163752,1.0522549,-0.47033316,0.061564237,-0.16178814,1.0653818,-0.5038901,0.30156222,0.8290643,-0.11115653,0.12916371,-0.13553347,-1.0328077,0.03207424,-0.68467313,0.4619795,-0.33050412,-0.090092614,-0.6197329,-0.04696003,0.74094325,0.36215833,0.23215376,0.21757996,0.13583876,-0.5390949,-0.252109,0.4069309,-0.06478331,0.33411315,-0.645219,-0.055932935,-0.45192516,-0.67050093,-0.7898732,-0.3229987,0.1951838,0.61554724,-0.12116191,0.58226836,0.46606612,0.095603354,0.4748757,-0.19387442,0.31958613,0.2692446,0.24515642,-0.12508693,0.09423336,0.052931868,-0.056188885
mouse,-0.3192957,0.36786687,-0.06115727,-0.9339183,0.081473246,0.7968791,-0.14915365,-0.37790066,0.36373472,-0.2005559,0.34028515,-0.14494258,0.34502563,-0.14558777,0.32137746,0.2056907,0.12965247,-0.13155375,-1.0694629,-0.55416924,0.56576127,0.37221137,-0.70600593,0.3337462,-0.14610313,0.0004922413,-0.76325756,-0.66403323,-0.50967777,0.65280896,0.86517686,-0.4181907,0.29366606,-0.21894394,-0.41532665,0.5611162,-0.13433099,-0.73919845,0.8946868,0.2686719,-0.28938848,-0.23973949,0.55486125,-0.44647664,0.7340126,0.30227658,0.5031173,-0.24929063,0.60722,-0.09167704,-0.47325885,-0.49020207,-0.09558714,-0.5374039,0.35571602,-0.26998067,-0.6943448,0.17949091,-0.11668352,0.3477461,0.16840462,-0.04962493,-0.7443977,-0.031159041,0.50334305,-0.47052234,-0.11220347,0.30195922,-0.11720881,0.41943148,0.67186016,0.11331584,-0.62736267,-0.61584973,-0.55025095,-0.2749048,0.18970688,-0.25404337,-0.102729425,0.2319925,0.03772215,-0.62570816,0.32354686,0.25484985,-0.103142306,0.22206463,-0.0041583707,-0.16672733,0.22132322,1.0987191,-0.014000152,0.9267613,0.5199337,0.3397161,-0.34562576,-0.38870332,0.377188,0.046795614,-0.6474902,-0.34230348
protein_expression,0.42423162,0.7793978,0.35271677,-0.06654783,0.005686175,0.2515918,-0.31341353,-0.22158188,0.47041872,-0.7883518,-0.23919101,-0.049264055,0.65725845,0.94282717,-0.032305047,-0.36405513,0.4295745,-0.3504747,-0.5928958,-0.51730394,-0.5977931,0.44172788,-0.63523936,0.7836804,0.332512,0.2794313,0.2107216,0.17336066,0.19798276,0.9877899,1.3190368,-0.18521616,0.22625214,0.09504809,-0.434769,-0.24949543,0.042868648,-0.696825,-0.029149102,0.39701936,0.19188377,0.13617867,0.8770997,-0.84262156,0.65326333,0.045740563,0.5732973,-0.009797005,0.42697704,-0.24210158,-0.34963503,-1.1258888,-0.25347826,-0.3075304,0.18330789,-0.625377,-0.10313669,0.10257452,-0.0124842515,0.2279931,0.114167,-0.3884477,-0.26205996,0.15368707,0.16607696,-0.40010095,-0.28597918,-0.13356525,-0.67637867,-0.2651343,0.49095178,0.36351296,-0.3852314,0.4873565,-0.08870081,0.11741423,0.3771674,-0.5958197,-0.4058738,0.08986296,0.8227596,-0.02962051,-0.5412871,0.04702778,-0.31265208,0.0691315,-0.35610226,0.0581286,0.58600694,-0.0019536077,-0.76510173,0.5993106,0.19428784,0.29954836,0.16087502,-0.18545988,0.48016533,-0.023956558,-0.23046404,0.15789914
molecular_dynamic,-0.019188596,-0.67012495,0.11451819,0.35298702,0.18549833,0.83244306,0.06494002,-0.80688155,0.46397528,0.3917855,-0.4130245,0.2643709,-0.047733776,-0.3439062,0.16158842,-0.48800585,-0.0628737,-0.73128533,-0.33890778,-0.3519216,-0.62418133,0.41987327,-0.7357173,0.079150304,0.4437171,-0.65802294,-0.17450102,-0.3173195,0.6248986,-0.53459024,0.14930017,-0.1177407,0.25035584,0.3338077,0.14322592,0.4217066,0.115614854,-0.32237688,-0.6162323,0.32143888,0.7568923,0.27452794,-0.04232236,-0.35053325,-0.40052208,-0.25197834,-0.12305951,-0.24791306,0.5400826,-0.25517324,0.5264275,-0.14533274,0.61544186,0.85562146,0.6225385,0.101985484,-0.5299562,0.026908007,-0.43341774,0.4181887,0.36994922,0.4245653,0.046959884,0.43532762,0.75624806,0.81093925,0.588599,0.2819495,-0.24413395,-0.3915173,0.4537298,0.48541176,-0.04683987,0.61519855,0.077308245,0.34989417,0.15942366,0.34734863,0.10485498,0.56594634,-0.8974097,-0.28252488,-0.45432597,-0.24781817,-0.4330411,-0.60374546,0.21707965,-0.25144908,-0.7432317,0.035232753,-1.0757006,0.7798836,-0.13532573,0.1265468,0.035142917,0.46647796,0.37179318,-0.49884865,-0.578363,0.2607205
enzyme_activity,-0.11109596,-0.6188818,-0.3190692,0.43921146,0.71359015,0.4312709,0.12170627,-1.0300403,-0.62046665,-0.39060646,-0.04253829,0.04695579,-0.20428517,0.5681935,-0.4527917,0.616594,0.12301823,-0.16813573,-0.6373561,0.3279373,-0.11925687,-0.23079784,0.4847617,0.29577088,-0.70825857,0.7722531,0.6258839,-0.78369755,-0.69143456,-0.080973536,0.4674605,0.04858623,0.3947101,0.52181804,-0.41448683,0.14374483,-0.21682066,-0.6494773,0.63470924,0.7165328,0.36390024,0.28091064,0.6835151,0.24796607,0.34797952,-0.2726685,0.49550202,0.011215533,0.7721925,-1.0526795,-0.632493,-0.7740518,0.029411504,0.46785963,-0.0361339,-0.19640769,-0.36347377,0.5616019,-0.46171963,0.6702954,-0.37092942,0.27304375,-0.12168968,-0.45531565,0.6539256,0.45771497,0.43491492,0.05025498,-0.6791023,-0.17453526,-0.7547173,-0.14775847,0.01988278,-0.087893,-0.13598262,0.09630501,-0.20374523,-0.16439107,-0.50275344,0.2297695,0.50534654,-0.108501315,-0.16007017,0.27879193,-0.77274966,0.02868005,-0.3605372,-0.730189,0.38101155,0.2411892,-0.3398332,0.50657034,-0.033072237,-0.5490502,0.116014645,-0.5088131,0.29838872,0.19065918,0.07684207,-0.032351498
plant_extract,-0.29846492,-0.39941567,-0.3493557,0.36318153,-0.6752938,0.42291555,0.18739577,-0.3096642,0.7483432,0.23141429,-0.38557762,0.07627,-0.5005428,0.35833606,0.33532825,0.40676728,0.31754494,-0.35092467,-0.48982084,-0.4113524,-0.2827329,-0.7135451,-0.23093145,-0.06874413,0.78488016,-0.31516683,-0.8816656,-0.39459023,-0.3181566,0.04930446,1.083265,-0.18685319,0.5864416,0.027273307,-0.8367472,-0.1558582,0.28840965,-0.22813128,0.43361068,0.13912058,0.21922137,-0.1540803,0.26429436,-0.17444958,1.0666509,0.3853702,0.19330132,-0.030226093,0.36832362,-0.552413,0.08866845,0.00066285743,-0.22678919,0.120858796,-0.38972124,0.0784699,-0.44594225,0.93189657,-0.87902653,0.1948748,0.4025363,-0.210314,-0.71350557,0.026221642,0.42297044,0.48788157,-0.038419392,0.6578258,-0.0034035656,-0.23132561,0.695503,-0.14690758,-0.2374904,-0.41467488,0.49623892,0.41441885,0.081152074,-0.81512874,0.6026163,0.13977279,0.41809845,-0.3352166,-0.2558718,0.15175751,-1.0086827,-0.034295548,-0.02642754,0.6062789,-0.34463477,0.7542377,-0.007015318,-0.15568388,0.024502836,-0.18244155,0.70458317,-0.12686017,0.377369,0.45056367,-0.37254143,-0.15274298
real_time_polymerase_chain_reaction,-0.2411084,-0.48641258,0.6320745,-0.8791237,0.02690599,-0.38179326,-0.08298995,0.44210228,-0.21064465,-1.3522433,-1.1598089,-0.24673194,-0.03567582,0.667331,0.42591,0.16214208,0.54705876,-0.6777023,-0.43382314,-0.30300665,-0.23735642,-0.88199043,-0.1130172,-0.47040462,0.39389583,0.3941714,-0.021683073,0.1370686,-0.020906786,0.7481354,0.47885945,-0.25965324,-0.3421396,-0.18650915,-0.008000892,-0.84522516,-0.3019982,0.005287802,0.13531065,-0.22620633,-0.003899048,0.67314696,0.949002,-0.22783233,0.22307394,-0.13485256,0.056505617,0.706165,0.69365513,-0.120338395,0.062350504,-0.7296043,-0.22621548,-0.25939357,0.61448747,-0.6541644,-0.13083375,0.682902,-1.07981,0.22426893,-0.75698996,0.023042452,-0.33424518,0.05658493,0.4067863,-0.66963756,0.27782562,-0.03696748,0.21415985,0.70578027,0.82788646,0.055931047,0.35276335,-0.50392216,-0.18051374,0.25549152,-0.18938556,-0.72698665,-0.26763004,-0.11226693,0.46917227,0.10105465,0.5162272,0.47238392,-0.17420821,-0.20410268,-0.12709273,-0.537277,0.86675847,0.30409038,-0.81854194,0.34082532,-0.5669578,-0.017111767,0.24370252,0.5304664,0.16944554,0.35936585,-0.74423933,0.43918008
scanning_electron_microscopy,-0.024128273,-0.11094898,0.0039763786,0.05172936,0.299969,0.30343816,0.08514015,0.3056286,0.15728216,0.40292954,0.30274448,-0.20528194,0.08788766,0.061927807,-0.363602,-0.91050744,0.5099822,-0.1479252,-0.03711802,-0.55677104,0.6249768,0.4595795,0.11702211,0.41876265,-0.17176896,0.69814426,-1.0683186,0.44113186,-0.40518343,-0.34464002,-0.38248637,-0.5128022,0.26427463,-0.74708116,0.060930803,-0.012559592,0.042591047,-0.5663018,-0.32524562,-0.3782448,-0.014337957,0.25893235,1.0588131,-0.1824425,-0.013114359,0.18972535,-0.06437856,0.041000012,0.03047367,0.11355427,-0.0063223387,0.1647765,-0.034370113,-0.010254769,0.37373653,0.059477728,0.4418553,0.31886867,0.188225,0.6161876,-0.19899546,3.86248e-05,0.5305953,-0.23125267,0.2855241,-0.13037795,-0.16998097,-0.32516578,0.0639877,-0.029354798,0.34349796,-0.34458145,-0.14822169,0.4909755,-0.2930064,0.3913271,-0.2718548,-0.18153593,0.6358107,0.92774904,-0.18112028,-0.055328522,-0.25012988,0.07784357,-0.24467623,-0.7134383,0.3814916,-0.65621126,-0.367771,0.60208297,-0.6760779,-0.2868083,-0.249927,-1.2044755,0.51042324,0.4788364,-0.5144397,0.2458003,-0.15539898,0.3007365
cell_proliferation,-0.14654896,0.10558282,0.026278518,0.017105073,0.011735802,0.50140107,0.4799112,-0.40757367,-0.10655611,0.48374772,-0.88592565,-0.1805173,0.5663748,0.71933836,0.24703036,-0.42889473,0.4004464,-0.8054912,-0.04278339,0.08917561,0.19573505,0.9451005,0.22891533,0.76077855,0.08685785,-0.327912,-0.217772,-0.54242724,-0.11076013,0.07645656,-0.040956445,0.3333814,-0.024147976,0.1936877,0.19394086,0.017113144,0.21144073,0.44742808,0.43644515,-0.015991062,-0.29022887,-0.40318593,0.8092179,-0.13333453,-0.44667646,0.72465414,-0.0076120794,0.031857204,0.3188222,0.00023768215,-0.5198296,-0.48273218,-0.013787515,0.9645133,0.2989827,-0.70569676,-0.14896932,-0.48907986,0.025416175,0.7512944,-0.12729102,-0.7541318,-0.38621736,0.10683762,0.16272138,-0.049271468,-0.623604,0.0023917085,0.6634623,0.16126563,0.6983743,-0.0006072418,-0.6001048,-0.08455781,0.46027824,-0.14971083,0.22213852,0.7404519,-0.37591574,0.047046095,0.27071625,0.04651671,-0.7046508,0.3443404,0.047706794,-0.30552855,-0.16408819,-0.762794,0.944326,0.4903083,-0.8599847,0.5447513,-0.055883735,-0.038634453,-0.084608905,0.3057631,-0.2782614,0.124562465,-0.48519647,0.09841753
gene,0.6093792,-0.048580945,0.13895196,-0.42717114,-0.047534972,-0.31828693,0.5913099,0.21601135,0.11145678,-0.3947362,-0.7960139,-0.055412516,-0.5889018,0.23200093,-0.66059613,-0.2634426,0.44100392,-0.35368592,0.16773163,0.046624247,0.5159874,0.26358145,-0.590541,-0.2869419,-0.38107482,0.08568688,0.035954416,0.68949294,-0.3787421,0.31939942,0.42284557,-0.56596863,-0.8175165,-0.62696624,0.39438546,-0.104061455,-0.2427217,-0.027942482,-0.115999974,0.29073837,0.49834126,0.29175493,1.0399435,0.079085484,-0.48642743,0.083031625,0.3719672,0.9323735,0.5514451,-0.41204393,0.77368885,0.2834684,0.60362273,0.040477112,0.509323,-0.5850342,0.14264175,0.20045273,-0.58081603,0.52555305,0.13554618,-0.36066025,-0.30734107,-0.6553263,0.123312734,-0.24172458,0.10117383,-0.35500976,-0.4330672,-0.096201174,0.35881567,0.27711746,0.58797455,-0.10235301,0.4836371,0.118267186,0.26218534,-0.37906578,0.018068025,-0.54980606,0.21827158,-0.6707358,0.03320892,-0.047705535,-0.10296249,-0.18295576,-0.1408792,-0.19857156,-0.24141718,0.8755019,-0.12939869,0.34113085,-0.57889545,0.059969146,0.34645337,-0.22279352,0.42695028,-0.3795912,-0.22274888,0.7039772
antioxidant,-0.06945604,-0.10852939,-0.026443094,-0.26902318,0.13299431,-0.036407914,0.12712392,0.46054164,0.5742695,-0.2326141,-0.5464307,-0.16740447,0.112842456,-0.050052967,-0.70283264,0.14311442,-0.08413691,-0.18048371,-0.23389615,-0.46428236,0.31259015,0.27736795,0.2562973,0.065918215,-0.022092544,0.52224696,-0.26285595,-0.34312937,-0.5388499,0.2638624,0.29486036,-0.6371883,0.79530495,-0.17057171,-0.08968101,-0.45376098,0.47515142,-0.5922838,1.050909,0.82968587,0.5379139,-0.49396142,0.09558955,-0.20277058,0.10964721,-0.22047801,0.27731678,0.07035406,0.23313978,-1.0430984,-0.46606055,-0.3387851,-0.10134281,-0.33318508,-0.112713374,-0.73488224,0.103297696,0.60843015,0.61771274,0.13263196,-0.03609339,-0.075120315,-0.008598677,0.14492309,0.7344892,0.4257245,0.4682405,0.57764095,-0.32612556,0.10656793,-1.0540242,-0.2279227,0.48995173,-0.007515109,0.37664166,-0.18915915,0.6281296,0.14008844,-0.53221536,-0.6717158,0.0010218127,0.037987914,0.13056359,-0.16987546,-0.51307017,-0.44846565,0.20072336,-0.3285384,1.0676382,0.103080824,-0.3154025,0.37600714,-0.109728985,-0.54101163,0.90178525,0.025521534,0.189847,-0.49356467,-0.07363477,0.009868999
biological_marker,0.28093797,0.09060713,0.19286244,-0.58919835,-0.054954782,0.42140254,0.40263772,-0.11571569,0.2743909,-0.09050503,-0.084610686,-0.5758095,-0.41289103,0.9185798,-0.21110353,-0.4865947,0.8770423,-0.33846682,-0.6780877,0.15848549,0.08458165,0.17697367,0.041706454,-0.60202837,0.23423664,1.0921698,-0.5191228,0.25735754,-0.5012514,0.00912597,1.1598873,-0.015360455,0.14971223,0.22945061,0.21166214,-0.21979977,0.01510996,-0.7023197,-0.35357365,0.12802999,0.20930941,-0.23535588,0.1907704,0.054173812,-0.31488207,-0.19645697,0.022055142,0.11038884,0.29091173,0.038854238,-0.41191226,-0.5825252,-0.2042939,0.07398777,-0.047922023,-0.38549206,0.16257061,0.46193698,0.59175074,0.08881489,-0.14500166,0.055492766,-0.11572911,0.25183922,0.53257966,-0.10944409,-0.000512598,0.41420653,-0.42372862,0.77189857,0.33783108,0.06975551,0.17092313,0.19102389,0.2954516,0.8220167,0.3209749,-0.17560452,0.31814268,-0.33494195,0.14922577,-0.64127696,-0.5715373,0.4743461,-0.12120963,-0.04957558,-0.14454299,0.1713443,0.68394256,-0.45580924,0.13052854,1.0885257,0.174881,-0.8529496,0.0270247,0.07577729,0.48639005,-0.27512008,0.01997532,0.16418731
western_blotting,0.15877526,0.16403793,-0.031500958,-0.18298654,0.012587065,0.90924436,-0.043779563,-0.20298123,0.18861635,-0.109462,-0.68481183,-0.1956006,-0.07410198,0.7741167,1.1259722,0.04457774,0.31971815,-0.17269698,-0.5074799,0.6058374,-0.6712166,0.6257981,0.046054024,1.2207507,-0.3911037,0.4603987,-0.12331039,-0.63774717,0.070988975,0.22056928,0.51269037,0.17807023,0.50084394,0.4058402,-0.25646266,-0.30340415,0.6922368,-0.74721396,-1.0793263,0.37339932,0.046363715,0.5894394,0.6401511,-0.21591824,0.32527986,0.44717908,0.45737725,0.40738708,-0.014066095,-0.9161755,-0.0908736,-0.80611134,-0.3295616,-0.22451535,0.34853974,-0.25587896,-0.54184955,1.073448,0.55386764,0.30890328,0.24089041,-0.78104246,0.0012031485,0.68132424,0.08360246,-0.5921459,-0.5695623,0.30144534,-0.27366766,-0.033101775,-0.2951187,0.04496454,-1.1479087,-0.3306464,0.77752584,0.59551746,-0.120700985,-0.6136869,-0.5286198,0.09439659,0.9658783,-0.29219303,-1.0290837,1.3541061,0.43418357,-0.63633555,-0.00972233,-0.6664859,0.73395985,0.32575235,-0.13184725,1.1840699,0.5767112,-0.07587913,0.5793136,-0.36111793,-0.29113835,-0.3246562,-0.8179526,0.22637728
protein,-0.33937463,-0.60762733,1.1623373,-0.52968585,-0.6909818,-0.85096085,0.41813448,-0.77583015,-0.0035094188,0.15748622,-0.5778602,0.70431685,-0.73830324,-0.094275184,0.5085693,-0.5914842,0.12549557,-0.54143804,-0.5615456,-0.6058716,0.099822596,0.75665164,-0.57230103,0.44797915,0.2926974,0.84449637,-0.559413,0.002376844,0.09897131,-0.18596861,1.2307712,-0.057085287,-0.47940692,-0.24373145,0.052914817,-0.7071467,0.51025486,-0.109801784,-0.5407291,0.030203259,0.39919564,-0.5330204,0.11216921,0.10003596,0.5501819,-0.6414169,-0.20071699,-0.18758158,0.32762277,-0.16512434,-0.7000745,-0.32735986,0.4935735,-0.39677563,0.37760305,-1.2180713,0.4332813,0.042801745,-0.039939992,0.25036362,0.7702311,-0.20808496,0.5002756,0.4469742,1.084979,-0.08986882,-0.41352087,0.73444235,-0.43707687,-0.4167353,-0.15262453,0.92727965,0.04219731,0.6096526,0.36590713,-0.3614914,-0.70761025,0.882435,0.013666325,0.1817368,0.35709718,-0.85985017,-0.35297224,0.028005766,0.023404954,-0.7238109,-0.7167987,-0.6047722,-1.0733924,0.65535504,-0.7366493,0.37059355,0.18234447,-0.043565013,0.13115056,-0.29739276,-0.048958827,0.18667793,0.05162176,-1.0093169
physiology,0.013040625,-0.3750024,0.51657885,-0.51298106,-0.15228094,0.38218653,0.49746782,-0.6422977,-0.7074191,0.46605068,-0.70824003,0.7611273,-0.7083518,1.0646082,-0.44503644,0.23426391,0.75857586,-0.3309815,-0.34694174,-0.2500867,0.21649633,0.16523637,-0.12030634,0.41967896,0.38193268,0.8699664,-0.19144583,-0.74662554,-0.53863615,0.10824571,0.3153947,-0.31533486,-0.16079009,0.10540137,-0.057225518,-0.5044391,-0.033414897,-0.64566344,0.71024615,-0.2174124,0.38935447,-0.5675306,0.40484515,-0.44483328,0.46919888,0.07857411,1.0207424,-0.27557966,-0.19629708,-0.31246102,-0.13351116,-0.9840918,-0.70137316,-0.18955511,0.48004872,-0.27091444,-0.38730517,-0.32776114,0.00026862635,0.462642,-0.21953833,-0.6283184,0.47019944,1.0026109,0.6328301,-0.6914307,0.57990956,0.27685717,-0.21051927,-0.35810122,0.18959953,0.13486977,-0.16064516,-0.2526839,0.45472416,-0.3768101,0.006091585,-0.035321794,-0.7893742,-0.47098458,0.022582792,0.06720233,0.0942368,-0.1947378,0.49436927,-0.035830565,-0.52343994,-1.0280373,-0.6011477,0.72886086,0.5490658,0.64756775,0.42941523,0.068645574,0.7517864,-0.2598596,-1.0526603,-0.10907795,0.33715287,-0.14247604
glucose,0.5698072,-0.20053764,0.0996946,0.4647845,0.36488268,-0.054932117,-0.031986553,-0.62802637,0.84361297,0.12316089,-0.6508788,0.12139921,-0.88000363,0.50290394,-0.44912803,-0.4759391,0.36300504,-0.019813426,-0.21542858,0.047420993,-0.34314355,0.030632881,-0.69884205,0.4419074,-0.6039007,0.6071683,0.0103334915,-0.5468141,0.1551615,-0.04819887,-0.0008023588,-0.62126136,-0.14945592,-0.03659101,0.24076888,-0.55522436,-0.23932071,-0.15584175,0.44793448,0.3056437,0.07272381,0.66212124,0.16040106,0.22330225,-0.25896645,0.39954686,0.5830197,0.24270828,0.9578116,-0.040497765,-0.5807648,-0.8712862,-0.5498741,0.47978854,0.13590659,-0.13109173,-0.22853638,-0.25507793,0.43042296,-0.030215522,0.10425454,-0.3558891,-0.60887116,0.63823265,0.14410923,0.17747489,0.7274403,0.29714566,-0.33788404,0.13426116,-0.46570903,0.78213197,-0.06505167,-0.44116938,0.21797301,-0.22285059,-0.10534692,0.013509047,0.06551623,0.017474873,0.42235827,-1.1027007,-0.28612027,0.65756327,-0.19564486,-0.34267455,0.45276386,0.17822467,-0.65359324,-0.33564243,-0.080275394,0.6881583,0.084298946,-0.28331536,-0.71085,0.59874696,-0.21034959,-0.38547486,0.21269567,-0.6686942
mexico_city,-1.0157573,-0.42630887,-0.57100093,-0.10452333,-0.42463467,-0.7491928,0.1931818,0.23160361,-1.0843688,-0.7053997,-0.58631617,-0.22367807,0.7442671,0.678861,0.024166966,-0.7983115,0.5640028,-0.45674238,0.38364586,0.00036113904,0.4956229,0.3436633,-0.021307604,1.1557883,0.40833795,-0.5521526,0.0042155003,0.1711736,-0.71302044,-0.07233165,0.27275074,0.11109118,-0.47465608,-0.18076503,-0.13883512,-0.23340543,-0.05744356,-0.121988736,0.013912267,-0.1254075,0.43994412,0.16483456,0.046179548,-0.15568563,-0.26244712,0.25348735,-0.22004072,0.96961594,0.22326732,-0.26717648,0.15155251,-0.8081099,0.20042814,-0.068257116,0.7000518,-0.51649404,-0.19168615,0.3293998,-0.5351303,0.37436923,-0.38764492,0.17122933,-0.30629212,-0.122364275,0.80881774,0.31994054,0.3110241,0.6587605,-0.32630327,0.45966443,0.34203604,-0.12495301,-0.18340148,-0.43567207,-1.0164257,0.64045686,-0.73750925,-0.25800532,-0.2356602,-0.18390486,0.21641643,-0.41004512,0.31269735,0.38323784,0.085067965,-0.30464345,-1.0115929,-0.8516724,-0.36206844,0.0027178256,-0.5804724,-0.43591246,-1.1545384,-0.18388699,0.4908975,0.25711885,0.28241614,-0.01750284,-0.40555212,0.23765726
high_performance_liquid_chromatography,-0.38315004,-0.8689017,-0.95995015,-0.9803872,-0.6599417,1.2107972,-0.15357825,-0.1118423,-0.5551175,-0.15725024,-0.38784608,-0.90042305,0.21328907,-0.6229142,0.060345452,-0.3716621,0.122362256,-0.33291107,-0.86606234,-0.25015578,0.25221816,-0.5382794,-0.37017852,0.5363426,0.2110928,0.7672783,-0.6723819,-0.15066716,0.062787704,0.3863556,0.5233444,-0.40912956,0.34666014,-0.16123655,0.4359656,0.59255934,0.1298478,-0.6195057,-0.36543584,0.66975695,-0.15807591,0.13154015,0.34347668,-0.20517525,0.8312517,0.2048584,0.44208306,-0.2135098,0.36755872,0.103673115,0.43050706,-0.5633044,-0.83630294,0.57796,-0.024030747,0.47724235,-0.63662875,-0.25624523,-0.8279726,0.5448699,-0.5578929,-0.025743488,-0.08452864,-0.297458,0.03839718,-0.48694545,-0.2831966,0.75185394,-0.29296064,0.683478,0.11472239,0.16110249,0.36744797,-0.117675945,0.18768084,-0.15010093,-0.47662014,-0.2087278,-0.39344558,0.7870544,-0.17565195,-0.32160696,-0.885634,0.2590982,-0.49246088,-0.78703225,0.66665,0.07053439,0.6965338,-0.117905594,-0.33987692,0.074855365,-0.67864877,-0.32683498,-0.19849312,-0.050979428,-0.33656803,-0.0045370357,0.015928388,0.26956886
synthesis,-0.46099517,0.48447514,0.37650552,0.47026166,-0.48103467,-0.29275793,-0.4415309,-0.49497962,0.27864155,0.5380162,-1.528402,0.285463,-0.20666337,-0.7572312,-0.9088669,-0.78359747,0.9255731,0.11917267,-0.180713,-0.27408308,-0.5562407,-0.3988785,-0.20726909,-0.010071386,-0.17853862,0.26708844,-0.74332047,-0.9045111,-0.38694242,-0.7350619,-0.9857926,-0.25714633,-0.28386763,0.13082147,-0.8257086,0.5452351,0.62483805,-0.1796267,-0.1124509,0.87068224,0.29297447,0.14012064,1.4178795,0.03198798,0.054100517,0.66382104,0.30177912,-0.26517278,0.6305623,-0.40721616,-0.50677234,-0.109261826,-0.33901265,0.62969047,-0.120078266,0.31132662,0.28959075,-0.93275523,-0.81370425,0.8876423,-0.1918249,0.46280706,-0.21890402,0.07133831,1.448016,-0.080231175,0.96818453,-1.2149924,-1.1667608,-0.16089958,-0.3037683,0.03455419,-0.5666882,0.7196537,0.20960362,-0.10592235,0.14570966,-0.29715633,0.5291807,0.10096586,-0.16988294,-0.25796857,-0.5263509,0.3469254,-0.90916073,0.40053535,0.24691767,-0.35735005,0.38985083,0.095834956,0.0078453645,0.5310748,-0.21796842,-0.6572837,0.06671161,-0.14624178,0.913035,0.1901259,-0.51668143,0.3951927
enzyme_linked_immunosorbent_assay,-1.0379995,0.01847626,0.18556657,-0.50471216,-0.08926567,0.1996756,0.07186909,0.28227982,0.7368272,-0.1454419,-0.5789883,-0.66387385,0.057948407,0.31671834,-0.035668336,-0.29784843,0.16158405,-1.1012647,-0.21206525,0.11331942,-0.101813644,1.1676753,-0.40330014,0.40418947,-0.36691293,0.3423003,-1.2953104,0.23676951,-0.006560192,0.33094272,0.1809053,0.12224163,0.18546648,-0.42280057,0.019159772,0.20158805,0.80050623,-0.2533908,0.7244313,-0.16565634,-0.70833653,-0.10659058,0.30405697,0.4690439,0.13387083,-0.23690034,0.43336174,-0.5047538,0.8115184,-0.37761506,0.81646174,-0.14482014,-0.06775889,0.48560223,-0.29952663,0.33130473,-0.34147963,0.034510408,-0.49039072,0.53516686,-0.6153968,0.025286194,-0.37212455,0.76471984,-0.027867695,0.024634536,0.12594487,0.20239748,-0.17865984,0.27676952,1.0129467,0.19606145,-0.5864134,-0.5277933,-0.16642423,0.11196557,-0.054170515,-0.49330208,-0.22520444,-0.9366835,0.046396658,0.062321253,-0.66670424,0.91494644,0.06734784,0.03372974,0.085769996,-1.216833,0.27551508,0.22107735,-0.9397384,0.4969731,0.26549125,-0.4309765,0.18294436,-0.2140749,0.3296015,0.13685143,-0.39972377,-0.072424404
bioinformatics,-0.04433222,-0.50016063,-0.36370167,-0.33649057,-0.53330094,-0.18749931,0.74628586,-0.14048481,0.60814893,0.11745303,-0.46580988,0.38198358,0.5470621,0.48871547,-0.931851,0.39530605,-0.44402424,-0.2768801,-0.1523265,0.8296233,0.15653302,-0.747075,-0.53965974,0.56113684,-0.3937032,-0.10242178,-0.43454733,0.22992675,-0.3082227,0.09673511,0.33600408,0.5858158,0.46482384,-0.29893136,0.027252086,-0.45623863,0.11684478,0.012038521,-0.0017529613,0.20195806,0.4728016,0.3399095,0.80850405,0.16048314,0.6269165,-0.2189133,-0.11174816,0.3789477,0.4054478,-0.48116738,0.6693239,-0.18247919,0.033512834,-0.5653241,0.65617687,-1.159592,0.5410852,0.5101358,-0.18563163,0.42677638,0.5721418,-0.8701748,0.0851717,-0.026542965,0.43622082,0.33689502,0.17183316,-0.21260735,0.2047056,0.46776512,-0.15142612,0.13135831,0.06309096,0.19480641,0.6751909,-0.8165818,0.46405867,0.100613005,0.24061824,-0.62955976,0.060123764,0.1161134,-0.38282466,-0.471048,-0.05766259,-0.37550142,-0.4019968,-0.55779696,0.09705264,0.84385633,-0.5158139,0.21471047,0.07900034,-0.48050863,0.08572529,-0.06536311,-0.053365253,-0.17665221,0.21226771,0.19133341
body_mass,0.12702335,-0.18349272,0.3178239,-0.1378926,0.4343531,0.24567756,0.27059042,-0.30762365,0.13091888,-0.13521011,0.02145268,0.2841938,-0.40775123,0.8245501,-0.7785368,-0.18902567,0.6257602,-0.8884394,-0.10070528,0.34905192,0.5852483,0.2710672,-0.88037115,0.85335046,0.38434523,0.75664306,0.668346,-0.41746292,-0.029316373,-0.21755335,0.67593616,-0.25197694,0.81621575,-0.37207976,-0.2859841,-0.4784951,0.1546363,-0.1272916,-0.27831358,-0.1291517,-0.2555594,0.3983303,-0.06570367,-0.097782716,-0.51496905,0.0040372293,0.56653816,-0.27738515,0.76241404,-0.09356857,0.110169195,0.13047571,0.02530768,-0.12609859,0.3996087,0.5750839,-0.6070126,-0.24652149,0.0025921082,0.36745697,-0.2889844,-0.4162712,-0.86950177,0.40323964,0.11282557,0.36354226,0.0044138725,-0.043977212,-0.45512673,1.1096936,-0.1684241,0.0020146086,0.37162176,-0.30766788,0.46725306,-0.38427782,0.4539683,0.34955525,-0.01898382,0.09517891,-0.6169043,-0.63098025,-0.4081132,0.18036437,0.5034396,0.33031455,0.073312655,-0.2330723,0.008362986,0.29380983,0.10431425,0.2912975,0.48798516,-0.2951919,0.27370778,-0.16394018,-0.22240207,-0.15798503,-0.23613594,-0.0011654658
density_functional_theory,0.7082038,0.19187173,-0.6674577,0.46767026,-0.5070181,0.31071657,0.54299724,-0.12099494,0.75974303,0.97114223,-0.16378331,0.22824185,-0.164139,-0.14506719,-0.32928222,-0.8428358,0.0132858725,-0.45379767,0.12872204,0.6443541,0.23082443,0.50708216,-0.96702665,0.61957824,0.8183046,-0.84549683,-0.3726054,-1.1988932,-0.45582044,-0.27582073,0.27439603,-0.12697363,0.51254195,0.13263518,-0.37998977,-0.62559736,0.07558697,-0.49248576,0.67291486,0.43772522,-0.4655457,-0.5904149,0.61183465,-0.16204764,-0.11865325,0.24384452,-1.0461042,0.26722717,-0.14765696,-0.14299951,-0.044517174,-0.07006829,1.05819,-0.16566709,0.42420492,1.0317092,-0.10389069,0.81357783,0.13443753,-0.044541683,0.051572412,0.44896996,-0.55154043,0.12521121,0.30213112,0.36957353,-0.06496566,0.6949723,0.09009328,-0.04171556,-0.058776967,0.13964151,-1.1470424,0.091363594,0.19488645,0.595055,0.12310882,0.16190952,0.2949418,-0.07019845,0.14728113,-0.24375874,0.12965935,0.009922837,-0.4992256,-0.6448804,1.0427219,-0.03683698,-1.1568826,0.4459872,-0.34225088,0.26739535,-1.1620399,-0.028816001,0.0022746678,0.09444769,-0.31768107,-0.40416253,-0.5927389,0.027317988
adsorption,0.35528758,-0.7773745,-0.14537796,-0.32804558,-0.5989088,0.3538973,0.062277503,-0.026472807,0.20223619,-0.28715563,0.16295022,-0.24732703,-0.5836371,0.4370196,0.5703459,-1.3619713,-0.40157133,-0.012403649,-0.6450536,0.2484135,0.2587125,0.8526955,-0.5704885,0.6348873,0.34915486,0.2506895,-0.6806383,-0.31962857,0.48170137,-0.20963229,0.40602586,0.17572096,-0.13334778,0.11613492,-0.22395253,0.2148395,0.42029464,0.009477734,-0.23769231,0.85867137,-0.17841111,-0.053526707,0.040615212,-0.14593665,0.72997916,0.20627998,-0.56096673,0.48613527,-0.20684998,-1.0162154,-0.9812341,-0.23755074,-0.15611693,-0.6895114,0.54689914,-0.041639723,0.10183499,0.20958097,0.7311195,0.18302226,0.5327173,0.49057412,0.2631806,0.52231205,0.47436705,-0.2696816,0.35111567,0.15359521,0.27972093,-0.050775133,-0.68854773,0.2897927,-0.99968207,-0.23190035,0.8033086,0.602395,-0.12459381,0.3861662,0.6930854,0.80879927,-0.1546729,0.14998181,-0.12208523,-0.9626091,0.063586906,0.16203955,0.5369806,-0.6695719,-0.24964784,0.23469085,-0.8087625,0.39823034,-0.2308108,-0.06519761,0.15162076,0.59837633,0.13857016,0.026590003,-0.7670838,-0.09440038
particle_size,0.44112295,-0.45981136,0.6293525,0.48724493,-0.43725178,0.38368863,0.068088375,-0.19005935,-0.3164583,0.020917367,-0.57046866,-0.06387891,0.032216847,-0.46813083,-0.26144394,-0.8401385,0.26900008,0.1429175,-0.24395266,-0.16067144,-0.11488892,0.14217821,-0.101057805,0.5597487,-0.1971414,0.09799042,-0.15189147,0.09169536,-0.06619317,-0.0046429127,0.14520597,-0.07080237,-0.057268064,0.16073333,-0.22489414,-0.12212002,0.47131127,-0.58612573,0.56181425,0.316185,0.40781528,0.43296814,0.99328506,-0.9241356,-0.105781235,0.0018128525,-0.25549603,-0.65490127,0.26542726,-0.7069335,-0.66694343,0.11917916,0.2766268,-0.64506036,0.37020296,0.024993459,-0.2501411,-0.24882549,-0.3002649,0.20852736,-0.01691126,-0.56591773,0.48027608,-0.18946192,0.8414269,0.8610358,0.5514737,-0.6728584,0.5190842,-0.21449101,-0.3535334,-0.73039526,-0.21529607,0.6678005,-0.34155908,-0.28078443,0.00936161,0.14299455,0.5690748,0.5317978,0.0083496785,-0.49858242,-0.092745006,0.063068025,-0.53738546,0.028983217,0.37185508,-0.5316685,-0.32419446,0.33541006,-1.4322169,-0.3583516,-0.083206736,0.4755164,0.0019567136,0.59697336,-0.7154279,0.013560727,-0.9971896,0.53735864
morphology,0.25534385,-0.51713943,0.1671274,-0.15331163,0.1811953,-0.06117326,-0.0066086818,0.28267753,-0.16579509,0.18084599,-0.67966896,0.1328221,-0.44831678,0.0530489,-0.6778383,-0.9867854,0.5862671,-0.08808594,-0.15430501,-0.047785427,-0.25807887,-0.30621794,-0.2522814,0.16441172,-0.11694615,0.35979334,-1.5355822,0.79627097,-0.73575246,-0.6154168,-0.12606047,-0.544474,0.13927984,-0.31700283,0.0106314,0.46039367,-0.014527529,-0.71433014,-0.22364074,-0.30101296,0.2943867,0.33242095,0.27775446,0.43374422,-0.06522723,0.19751412,0.39790106,-1.2092923,-0.23831819,-0.46122438,0.020525781,-0.47074088,0.011500811,-0.37042853,0.13413553,-0.1694349,0.066420846,-0.9893724,-0.13398346,0.46189898,0.29749703,0.09080895,0.555001,0.026068373,0.6586025,0.08890521,0.31813163,-0.323981,-0.57674396,0.08104599,0.03045817,-0.5333474,-0.41912368,0.17983651,-0.12977944,0.7841015,-0.35624298,-0.020260453,0.7082149,0.45492035,-0.4647228,-0.31960458,-0.04800648,-0.66667295,0.10577909,0.05490265,0.34737867,-0.46711698,-0.31604785,0.13411017,-0.3167388,-0.195167,-0.24954024,-1.4855753,0.023406748,0.04720304,-0.53496563,0.3781575,-0.8007509,-0.26872686
tumor_necrosis_factor,0.12216093,-0.22859192,-0.2797856,-0.2165336,-0.2697823,0.58862036,-0.39876017,-0.7722672,0.67306983,-0.6392196,-0.39185554,-0.62961113,-0.37590525,0.65124714,-0.37408608,-0.55967975,0.6579814,-0.82670146,-1.2451165,0.16770783,0.2663205,0.47754434,-0.79758394,0.71692187,0.5317631,1.0534325,-0.07068101,0.6180621,0.4483499,0.74478126,0.24455805,-0.030778516,0.89350736,-0.33784375,-0.34460828,-0.17604272,0.50194263,0.18582237,0.104817666,0.031771727,-0.2943847,0.38170746,0.42898193,-0.26166478,0.93958837,-0.28692883,0.5314652,0.3066348,0.9828619,-0.49272093,-0.249655,-1.0824076,-0.14302765,0.20728815,0.08310449,0.046299323,-0.6358853,0.79009706,-0.065696366,0.5270625,-0.101566456,-0.28371692,-0.8362158,0.08234891,-0.5635811,-0.45314088,-0.48736432,-0.35989743,-0.4186476,0.42487153,0.8140064,0.41210985,-0.75723654,-0.18180202,0.49469662,-0.04603865,0.8457127,-0.71749485,-0.05476485,-0.7698184,0.32096893,0.038587656,-1.1598531,0.039054748,-0.00804325,0.17771186,-0.012749008,0.01231596,0.14164338,-0.22555256,-1.0162992,0.28841913,0.6169649,-0.48771298,0.3197457,0.32585505,-0.3575949,0.32820016,-0.033835284,0.25450495
inflammation,0.27016878,-0.16628449,0.18910637,0.2196342,0.14050491,0.5346875,0.9537504,-0.46412757,-0.11322093,-0.52432936,-0.29272935,-0.5079466,-0.60855925,0.9529672,0.13364008,0.022187363,0.31564263,-1.0593121,-0.04859242,0.4956595,0.26736292,0.14941268,-0.050303966,0.32831645,0.0789367,0.54017717,-0.17031084,-0.5794042,0.25685343,0.29912528,0.49738812,-0.28894114,0.2711003,-0.04304108,-0.37279204,-0.20337223,-0.29525816,0.27336654,0.17624548,-0.4320975,0.14576007,0.07552285,0.86617523,0.23062022,0.35004985,-0.053888515,0.9721896,-0.3670789,0.3568848,-0.5921968,0.01489103,-0.39327413,-0.31729653,0.17360123,-0.5024014,-0.7319344,-0.13929483,-0.36256006,0.23499647,0.67693573,-0.14584674,-0.5232369,-0.03277695,0.87295556,-0.2314972,0.31406906,0.31863087,-0.07364705,-0.86161256,0.39021954,0.45890322,0.27794617,0.32459143,0.068444304,0.4951643,-0.20004952,0.7867091,-0.5575195,0.447503,0.22089657,0.097555794,-0.20718311,-0.7927292,0.041418944,-0.07447385,-0.38904968,-0.7489433,-0.90787214,-0.38432136,-0.21556793,-0.63939404,0.573041,0.2589162,0.032848,-0.67255783,0.4278229,-0.29332685,0.7406463,0.06113192,0.2809384
carbon_dioxide,-0.013914399,-0.1632719,0.40202862,-0.005288363,-0.2686731,-0.47274527,-0.008478966,-0.041282944,-0.08013725,0.044168055,-0.71179044,0.114916354,-0.43011007,0.4473079,-0.52317923,-1.0960304,0.27292538,-0.5146002,-0.022006294,-0.4072886,-0.24773316,-0.40895703,-0.44746965,0.22314669,0.37371263,1.3807303,-1.1875168,-0.26051137,0.73675865,-0.23882817,0.22252475,0.14434479,-0.23768088,0.32062113,-0.62680775,-0.15938811,0.85084665,-0.1702669,-0.2994121,0.14386953,0.90089786,-0.23593299,-0.5811107,0.24812305,0.45921084,-0.21272133,0.49249431,-0.7718466,-0.2798197,-0.010589408,-0.8033536,-0.24231608,-0.023333583,0.4619712,0.22618178,-0.17702135,-0.43913156,-0.29581365,0.017119836,-0.05909171,0.2737733,0.36097685,-0.2205167,-0.015997475,0.6731574,0.33217743,-0.11595879,-0.685358,-0.20372301,-0.43305236,-0.28278127,-0.94523424,0.18648107,-0.14550295,1.01468,0.20384413,-0.53820014,0.28786558,0.80266666,-0.03456181,0.06832517,0.3382989,-0.40971395,0.6741553,0.26669326,-0.28383857,0.18852787,0.18661372,-0.055162024,0.17023775,-0.61479557,0.17088322,-0.076773316,-1.6956552,0.049086913,1.1039798,-0.14162348,0.0783096,-0.9316805,-0.048335023
simulation,-0.567963,-0.54546535,0.13744307,0.22263509,-0.12994617,0.3184948,0.52152216,-0.047595438,0.5014554,0.8673671,0.81498504,-0.11364505,-0.7743767,0.8630084,0.30515614,-1.1397574,-0.16922112,-0.2299172,-0.2386575,0.3307481,-0.7152844,0.11636753,-0.2988733,-0.105424516,0.2646154,0.64247686,0.34924844,0.23928778,0.5701907,-0.31555477,-0.462255,0.47354537,-0.48025098,0.42861405,-0.3569855,-0.20139046,0.36409333,-0.9091227,0.46638882,0.38510314,0.9378098,0.13285732,-0.27293923,-0.59028864,0.12563927,0.25076547,0.32282963,0.58726853,0.20382497,-0.8492179,-0.022036988,-1.0759616,0.24588595,-0.2325947,1.3627565,-0.9788359,0.3283607,0.5640795,-0.6462896,0.014684733,0.7946387,0.6153417,0.44071305,-0.3478886,0.56992275,1.3325324,0.4523296,0.8943508,-0.17451796,-0.25616124,0.075787514,-0.2412706,-0.052161172,0.6821118,0.16733442,-0.11437023,-0.032195345,0.9606645,0.07691454,-0.07764256,0.34421885,-0.4110844,0.010229914,-1.1203724,-0.23921765,-0.19700316,-0.34517246,-0.14697115,0.06464758,0.564669,-0.7248943,0.7349404,-0.8864118,-0.50456065,-0.123639025,0.39293578,-0.14740607,-0.022345271,-0.6400858,0.7102974
hydrodynamics,0.24130608,-0.13806403,-0.37393242,-0.3025025,-0.42307237,0.55143315,0.42066836,0.3673424,0.43495008,-0.50722396,0.28354385,0.10908175,-1.2040527,0.2731852,-0.07704884,-0.24757533,-0.56705415,0.43874332,-0.44811264,0.83445543,0.2556126,0.45367524,0.083557785,0.7887416,-0.12244268,0.048143122,-0.16548094,-0.052497864,0.5525403,-0.4573102,-0.46027502,-0.40716463,-0.49029556,0.18352082,-0.6761138,0.7304057,0.03213026,-0.23778649,-0.54767346,0.6129217,0.9363078,0.18693525,0.1969981,-0.08893552,0.09603491,0.0030811275,-0.16863145,0.9130965,0.2430641,-0.5377596,-0.20704556,-0.50828606,0.23805943,-0.2991829,1.1472155,0.15758279,-0.5834176,0.72807,-0.43654457,-0.42172775,0.08842755,0.35543594,0.080167085,0.2455442,0.3559242,0.49261853,0.2901165,-0.19510964,-0.20063196,-0.19003442,0.05396794,0.23792309,-0.59821284,0.07526351,0.10857721,0.8586132,-0.47124073,0.15601563,0.4666968,-0.5070037,0.4562404,-0.58600885,-0.41853783,-0.27082035,0.015398701,-0.40534177,0.27036718,-0.08125508,0.30198967,0.31540957,-0.9614077,0.13295412,-0.6958071,-0.63813764,0.8886343,-0.34476098,-0.6342501,0.13587084,-1.5686182,0.60835534
numerical_method,-0.06563491,0.0467945,-0.5365,0.51764804,-0.5280879,-0.7449199,0.7943182,0.7554752,0.31570426,0.41575268,0.1186386,0.16689329,-0.9945886,0.4129195,-0.15816784,-0.18772122,0.16892323,-0.286965,0.34753972,0.13967435,0.6437655,0.09571085,-0.4412223,0.47371498,-0.17524211,-0.434765,0.016397959,0.4674811,0.5463622,-0.40488982,-0.8257722,-0.32456645,-0.060101632,0.26878852,-0.20780888,-0.3109065,-0.0011322162,-0.6256697,-0.09658544,-0.026377779,0.3424033,0.034130994,0.014835811,-0.74273473,0.042271372,0.0827006,-0.039619975,0.26697195,0.50346965,0.2912071,-0.9109558,-0.81011206,0.52017444,-0.5008524,1.1253822,0.19634625,-0.5225211,0.62355417,-0.3520609,-0.12565513,0.02767499,0.012802234,-0.025459437,1.062399,0.31900594,1.0039718,0.12970333,-0.18911378,-0.3106922,-0.4046206,0.341678,-0.22091892,-0.39732432,-0.38719305,-0.07569345,-0.22818655,-0.3276919,0.13914059,0.24959598,0.079720706,-0.24539885,-0.4845188,-0.28394508,-0.48054343,-0.36631662,-0.14695248,0.3849033,0.6824881,-0.2451171,0.31048974,-0.5831486,0.3547236,-0.7840285,-0.84237725,0.07335819,0.2401134,-0.40007243,0.46577084,-0.97961164,0.3661384
cell_culture,0.21110615,-0.4226518,-1.2323966,-0.08139838,-0.41291842,0.2295357,-0.2718093,-0.20401378,-0.23324727,0.4003575,-0.74528116,0.0901154,0.25913012,0.42523867,0.04979172,-0.34729397,0.39173743,-0.56687105,-0.8562677,-0.4905094,0.41409594,0.20728901,-0.48048595,0.61189055,-0.1698519,0.7673486,-0.7821144,-0.65748024,-0.41719794,0.24661198,0.38535225,-0.04540352,-0.006794671,0.4544358,-0.4835599,0.636837,0.24552765,-0.32166556,0.3519025,0.88575155,-0.3216557,-0.38361043,0.85489756,0.33739707,-0.08245553,0.69340324,-0.09560426,0.5568852,0.7703096,-0.49316466,-0.30945006,-0.34433457,0.468967,0.3311157,-0.15155041,0.14870705,0.28227964,-0.40010485,-1.4273205,0.4470398,-0.29960337,-0.7253967,-0.44978508,0.21415631,0.4870267,-0.4294576,0.10658534,0.51592565,-0.28552932,-0.5132489,0.42225733,0.10145841,-0.71097606,-0.2343756,0.45538986,-0.46347728,0.7722441,0.109773725,-0.373137,-0.41485465,0.10109759,-0.25967795,-0.5884432,0.053500082,0.87787384,0.09600023,0.266705,-0.0050593778,0.93202263,0.4325195,-0.17007041,0.40493107,0.23386396,0.032890864,0.13289322,-0.02766547,0.48212153,-0.084614016,-0.3526747,-0.46796548
oxidative_stress,0.25361317,-0.19992353,0.25564897,-0.43090224,-0.29725718,0.6010199,-0.4825146,0.29209253,0.17330359,-0.35867223,-0.55251783,-0.17612867,0.54323155,-0.25813204,0.19784372,-0.11830423,0.020368455,-0.6729375,-0.029715098,-0.13488694,0.64261717,0.13637301,0.42255306,0.019498542,0.059588913,0.3868409,-0.9610044,-0.37071896,0.3395907,0.2483666,0.9188295,-1.0429044,0.5406158,-0.46076292,-0.051110663,-0.027190574,0.31536528,-0.0057424917,0.8813491,0.5022347,0.1658306,-0.15271123,0.267917,-0.16806115,0.084372595,-0.078298174,0.3112518,-0.021819139,0.28759593,-1.0548499,0.14228907,-0.46744934,-0.8954412,-0.6014286,-0.10440443,-0.94384027,-0.8150509,-0.07712649,0.05955553,1.1107846,-0.16651799,-0.14423078,-0.16407496,-0.29208758,0.79314506,0.22772129,0.32130942,0.5540392,-0.8001251,0.6664193,-0.82384896,0.38880008,0.4104527,-0.539919,0.5096,-0.7565031,0.5792871,-0.39983392,-0.28603813,-0.5659443,0.43477413,-0.38593102,-0.0954656,-0.34532404,-0.81260335,-0.7800113,-0.55772483,-0.42355904,0.40175268,0.667603,-0.22553177,0.50810593,-0.04759551,-0.16458683,0.90949124,-0.059722316,0.1887112,-0.7529055,0.30382058,0.23653744
kinetics,0.44116917,0.091346666,-0.4707567,0.27735767,0.48749256,-0.037251968,-0.19388492,0.83855146,0.47143668,0.26878026,-0.94878626,0.14903757,-0.3108393,-0.4747913,0.19942483,-0.7403433,0.31146476,0.23841542,-1.0666598,-0.050867867,0.17456521,-0.27691534,-0.6621179,0.44858637,-0.074567266,0.2935135,-0.68492657,0.0104478095,0.13528635,-0.94588506,0.059943512,-0.67994666,0.60387033,-0.18132284,-0.28975362,0.4107822,-0.07776213,-1.5261486,-0.2779133,0.024366423,0.53038526,-0.48864838,0.6485037,0.37935674,-0.6756905,0.82296866,0.27111328,-0.5442705,0.08712401,-1.030596,0.57348216,0.15289529,0.5000116,-0.24897645,0.29898763,0.16567594,-0.63426495,0.54530096,-0.16721351,0.81495357,-0.09074119,-0.3914296,0.8524111,-1.1898562,-0.25192463,0.37182903,0.066582106,0.23140302,-0.31467703,0.6224349,-0.46541435,0.38631028,-0.16513263,0.08457462,-0.85750765,0.2612772,0.8105387,-0.042951144,0.669569,0.49777436,-0.35536212,-0.5382425,0.110509515,0.16075142,-0.6729907,-0.72516066,-0.338253,-0.4291737,-0.19283773,0.63357276,-0.5648197,0.50233203,-0.5859168,-1.0162835,0.43145347,0.18692632,-0.5598248,1.0309051,-0.03669727,-0.40584555
apoptosis,0.011255254,-0.42733642,-0.28845933,0.38631606,-0.09666661,0.6111372,-0.07135409,-0.05957565,0.3321164,0.08536516,-0.1603826,0.20837389,0.14091568,0.5669958,-0.10255889,-0.32810128,-0.28692773,-0.64588195,-0.55195,0.28475425,0.029286299,-0.33602148,-0.5782488,-0.5684491,0.3463194,-0.13261573,-0.48376617,0.33359927,0.14692408,0.09055916,0.8343947,0.06912945,0.10595198,0.2590889,0.009195504,-0.5365249,-0.057542738,0.41847575,0.23863378,0.23303561,-0.0617713,0.30396065,0.7939735,-0.6090893,0.4734531,0.12930915,0.07665596,0.237774,0.18119186,0.032919727,-0.45043322,-0.9406293,-0.27483422,-0.041561633,0.1476345,-0.64635205,-0.24776386,0.1470837,-0.4005692,0.8608292,-0.5638412,-0.68969834,-0.3363842,0.43432412,0.74784094,-0.22788948,0.63842523,-0.63632923,-0.14220695,-0.42297292,-0.0735398,-0.23228854,0.013819624,0.015042216,-0.15358321,-0.27566007,1.0851048,0.16746844,-0.33316943,-0.45271778,0.69941056,-0.19392361,-0.0605186,0.13572904,0.47361764,0.21136613,-0.74566823,0.24157141,0.89021385,1.3972311,-0.62004197,0.32712343,0.042769104,-0.39221752,0.35341606,0.48508525,-0.15990655,0.09478714,0.081431486,0.38288355
depression,-0.25642565,-0.12197673,-0.35043022,-1.0619208,-0.48092163,0.032109156,-0.55234563,0.43492162,-0.21408124,-0.6696131,-0.88887703,-0.3890751,-0.27996406,1.5396867,-1.3127025,-0.47259498,0.8794063,-0.44261667,-0.56364816,0.017523667,0.18878219,0.22979979,0.28301534,0.33016005,0.85482454,0.18457298,-0.68157905,-0.025094656,0.6521149,-0.38982654,-0.4770384,0.28992206,0.37775424,-0.24940947,0.04463577,0.13818152,0.86901027,-0.00060721603,-0.38008553,-0.13246356,1.0645045,0.16109228,0.04668749,0.22374536,-0.20134734,-0.13843678,0.12051968,0.54422104,0.96847963,-0.15744722,0.101867616,-0.96557873,-0.13946985,0.18204732,-0.22095083,-0.19868071,-0.64440036,-0.45910382,-0.08924233,0.19595507,-0.6325417,0.07561355,-1.1102009,0.005634065,-0.008385318,0.46338606,-0.49466386,-0.4183129,-0.4176553,-0.23362699,0.4673287,0.18430172,-0.1833404,-0.60289425,-0.18891253,-0.58949375,0.07334631,0.435399,0.28837752,-0.15381515,0.28852925,-0.4332677,-0.282829,0.6597248,-0.36253625,-0.49164614,-0.495192,-0.66078013,-0.18285382,-0.23332049,-0.6911328,-0.4186693,0.26339525,-0.7394366,-0.586456,0.56325877,0.14893317,0.02431106,-0.016504476,0.2974338
titanium_dioxide,0.0695731,0.2488849,-0.8647006,-0.29641214,-0.5421081,0.27125573,0.19512153,0.862822,0.52165145,-0.011381514,0.17452572,-0.019349162,-0.4479133,-0.2148193,0.07125325,-0.27956435,0.5775303,-0.8105775,-0.33125758,-1.0348439,0.025158469,-0.14827381,0.22442904,-0.059577443,-0.6491931,0.122427315,-1.0578579,-0.09208054,-0.3093041,-0.5430617,-0.45734966,-0.7166381,-0.24572183,-0.609787,-0.21442614,0.030144745,0.28902417,-0.41705814,-0.52544206,0.008291139,-0.015641108,0.17073166,0.72318274,-0.523531,-0.035923198,0.3407786,-0.26881012,0.11435434,0.8312529,-0.4690507,-0.6825023,0.029969972,0.27514198,-0.47623616,0.3647003,0.1905281,0.06687838,-0.18005738,-0.062487267,0.5344488,-0.39290497,-0.30264887,0.08606363,0.4372471,0.99450403,0.28809658,0.43711144,-0.13699932,-0.8550467,-0.14582115,-0.09103018,0.2989583,-0.1562033,0.4834508,0.4217747,0.18097715,-0.8136288,-0.038624007,0.8097862,0.91689026,-0.5494236,0.3370306,-0.4250383,0.1437803,-0.84383833,-0.8435708,0.44228548,-0.24565962,0.11353765,0.89026225,-0.911238,0.09144429,-0.5507686,-1.0030448,0.6437365,0.6922927,0.6114565,0.13368793,-0.57622874,-0.03701586
fourier_transform_infrared_spectroscopy,-0.4493839,0.27199385,0.115773484,-0.10098642,0.089861326,0.5714473,0.52022254,0.22138606,0.6787826,0.05311912,0.21341833,0.2640216,0.59545153,0.18493113,-0.21149942,-0.89985776,0.9057658,-0.7907166,0.8136018,0.10255781,0.042025026,0.9089601,-0.601969,0.05544252,0.34538108,-0.11857301,-0.65141577,0.28050205,0.020730937,0.24488464,0.20805238,-0.2086644,-0.056187116,-1.0861272,0.34033346,-0.19365232,0.52223116,-0.34807774,0.28700316,0.46973428,-1.3855977,0.029333625,0.54986465,-0.34244698,0.36188394,-0.06553066,-0.4559189,-0.2312526,-0.14943479,-0.063584976,0.2864754,0.031123893,-0.28119805,0.08137462,0.35922387,0.61064506,0.83237654,-0.010604505,0.06910167,1.2954475,-0.43545732,-0.055274647,0.037261195,0.41729167,0.65388876,0.3295071,0.36850283,0.13593589,-0.36602336,-0.23771071,0.4501698,0.4375701,0.1189256,0.45886925,-0.1585111,-0.2850531,-0.6487644,0.029685384,0.06481436,0.8239389,0.27904737,-0.36714232,-0.11898751,0.37462196,-0.330569,-0.39286572,0.44783756,-0.73006785,-0.15033734,0.5818683,-0.91776305,0.5435105,-0.7157584,-0.8791376,0.4008366,0.5284665,-0.15481333,-0.8712827,-0.41222635,0.14380555
heart_rate,-0.5031874,-0.41816407,0.20407604,0.13959274,-0.40727556,-0.21201348,-0.2930737,-0.096807994,-0.37214857,-0.56315374,-0.38989186,0.2473155,-0.7815806,0.8211977,0.000745045,-0.758542,0.6818796,-0.28616685,0.5031124,0.3062955,0.49385297,-0.33612373,-0.34151605,0.36185673,0.042639587,1.0640212,-0.16267087,-0.46938005,0.19858415,0.17551921,-0.09874623,-0.15313411,0.7928703,-0.498695,-0.0121289445,-0.2729714,0.32200378,-0.11488112,-0.54188555,-0.31080326,-0.23039931,0.030042369,-0.24161205,-0.061572336,0.22769754,-0.10093654,0.5131855,0.16348404,-0.110303685,-0.2795619,-0.45469418,-0.77899235,0.17707111,0.11359721,0.25999615,-0.63859165,-1.0491071,-0.38288477,-0.103544526,0.0590268,-0.18796349,-0.36839592,-0.6796834,0.5393108,0.34870565,-0.37810263,-0.106816724,0.17793208,0.14821441,0.5628284,-0.19759178,0.29427505,-0.17655341,-0.43206435,0.50909615,-0.073044986,-0.13766918,-0.26019755,-0.21101423,0.10582696,0.4657517,-0.41445383,0.16012181,0.5714972,0.14359596,-0.9938846,0.77045786,-0.2769391,-0.7846882,0.21049502,-0.27815437,-0.046256118,0.35279578,-0.24296597,0.010903175,0.13896097,-0.5697099,-0.2595097,-0.55673474,-0.05412953
ph,0.46234703,-0.045404643,-0.48838162,0.14881958,0.14171086,0.08157936,0.15579629,0.045181233,-0.32223204,0.5618655,0.37516966,-0.23283637,-1.1406566,0.54538065,0.35239446,-0.64089835,0.3495823,-0.4422025,-0.89126045,-0.47014832,0.46267107,-0.4620662,-0.027931308,0.6698818,-0.06701483,1.0151192,-0.67340463,-0.03156692,-0.3994285,-0.06815753,-0.19859444,-0.8396415,-0.27992326,-0.25330713,-0.11725381,-0.17173763,0.022442661,-0.46776474,-0.15073201,0.6514588,0.009415681,0.7807404,0.3260572,0.104999185,-0.57323694,-0.36433685,0.34883413,0.8426571,0.61786765,-0.5559492,-0.93419206,-0.8318808,-0.39554343,0.39632407,0.37492353,-0.56238097,-0.79068315,1.0067899,-0.30154988,-0.37368557,0.2748972,-0.6312224,-0.03717333,-0.12157951,0.45627254,-0.1440923,0.68377024,-0.11075877,-1.0231469,0.0053643305,0.64969355,0.32122216,0.5998926,0.985577,0.06905119,-0.6569908,-0.871102,-0.8997668,-0.40689763,0.80323404,0.1668753,0.3566093,-0.4677674,0.15791205,-0.35018548,-1.247935,1.1879091,-0.15985274,-1.067955,0.017150333,0.3661218,-0.72433525,-0.6604584,-0.6024939,-0.033143222,-0.23801835,-0.5679753,-0.8815471,0.074595496,0.47030434
catalysis,0.57178706,0.2956431,-0.20217232,0.24644417,-0.75440544,0.24123827,0.052574188,0.25788113,0.30291697,-0.43844077,-0.1973855,-0.49559486,0.53226584,-0.107028075,-0.639845,-0.6984015,0.33609432,-0.23783718,0.25424328,-0.26748142,0.4820034,0.30351487,0.17324278,-0.42367274,0.06623038,0.08336749,-0.9672366,-0.4761954,0.053624827,-0.099783614,-0.30737987,-0.26261163,-0.4617641,-0.08898421,-0.9628286,0.28835848,0.751825,0.16106248,0.15367642,0.296713,-0.26592278,-0.14258963,0.9943053,-1.1134884,-0.054513287,-0.24597353,0.18337296,-0.6036584,0.4086184,-0.74583304,-0.277729,0.06444423,-0.5755906,-0.21104269,-0.23050334,-0.11189164,-0.53875,-0.1249032,-0.24564224,0.2987707,0.46288282,0.65082633,-0.28601238,-0.063167006,0.7428363,0.45994693,0.38406456,-0.56901747,-0.17513758,-0.55893207,-0.28121743,-0.32883218,-0.23540714,0.15304755,0.47173402,-0.21196032,-0.5281196,-0.23188032,0.42369175,0.12818082,0.33838832,-0.37808537,-0.46919376,-0.44664258,-0.10812055,-0.1381674,0.54535985,-0.1274348,-0.1847485,0.6615244,-0.90358794,-0.24824081,-0.3033814,-0.21762404,0.22315253,0.47756627,-0.5451759,0.065872885,-0.58997107,-0.026890712
genetic_variability,0.8577177,-0.90667385,0.19181177,-0.24072593,-0.22355326,-0.26320127,0.50061584,-0.45647073,-0.0064282087,-0.2379239,-0.9533759,0.037448123,0.25642502,0.15980978,-1.1752353,0.43604863,0.9184037,0.32233015,-0.2168904,0.04775467,0.3339142,0.05327634,0.05134879,-0.0910345,0.045249794,0.19386025,-0.047836214,0.49333242,-0.86866695,-0.19674379,0.47130072,-0.2673266,-0.20726681,0.08823149,0.3473001,-1.0897171,-0.13179928,-0.24947757,-0.05773321,0.43953255,0.14740926,-0.07500011,0.33820713,-0.25530636,0.04502492,-0.044061128,0.0103242835,-0.22318843,0.9155836,0.1195477,0.32956502,-0.5972675,0.22351299,-0.120568015,0.0065524695,-0.18184611,0.10242134,0.12761728,-0.33627248,0.34643015,0.6480666,-0.043506317,-0.150062,-0.14394152,0.16021295,-0.45181587,-0.32724813,-0.52841395,-0.6923004,0.23095928,0.07538258,0.12417091,-0.055606537,-0.19043116,0.24419321,-0.35230026,0.32961163,-0.14691754,-0.58490515,-0.20541723,0.93517095,-0.26535523,-0.38661963,-0.007117282,0.08826879,-0.58616346,0.18857199,-0.7264234,-0.51336193,0.58412856,-0.47021112,0.55136317,-0.5546535,-0.9195607,0.004728326,-0.39377043,-0.18406056,-0.7938813,-0.7133043,0.57730013
polymerase_chain_reaction,-0.0286517,-0.6495618,0.08454026,-0.11417588,0.39909175,-0.43932295,-0.048843626,0.027577959,0.3012561,-1.1757972,-0.9132333,-0.113745205,-0.78741,-0.40824172,-0.40745923,-0.3951339,0.99466664,0.1733851,0.30586234,0.298133,1.0950787,-0.42634392,0.51109177,1.2285457,-0.10540582,0.11315933,0.5643378,0.14747338,-0.17614126,-0.18460993,-0.25419483,-0.9323605,0.47057658,-0.5875111,0.08435876,-0.7893697,-0.0957637,0.25715286,-0.2627942,0.06197457,0.8082331,0.22630362,0.45376942,-0.4435363,0.17442486,-0.30340672,0.44091627,0.2303803,0.08134235,0.74520236,0.47370544,0.2500527,-0.025429014,-0.5921259,-0.31105107,-0.85551715,0.16690883,0.8720815,-0.23946416,0.26851904,0.6739094,-0.031814955,-0.29483098,0.1415359,0.30843472,-0.05953337,-0.6387695,0.2777477,0.30201602,1.3806722,-0.11016701,0.85579437,-0.33592537,0.12767915,0.056581594,0.016757557,-0.08443208,0.10270628,0.29327363,-0.3760498,0.22668976,0.5285727,-0.8607308,0.4408146,-1.1166158,-0.96241623,-0.7745915,-1.3657744,-1.2986445,0.20062357,-0.9411553,-0.046791404,-0.8623103,-0.04170634,0.5830493,-0.20661817,-0.35004497,-0.07888097,-1.0240861,0.47391516
risk_factor,0.22760974,-1.2202201,-0.7033375,-0.43402755,0.22621301,0.4429301,-0.43437082,-0.13036858,-0.27431932,-0.43916345,-0.3423536,-0.9313449,0.071270265,0.9942463,0.014758235,-0.6800659,0.5678022,-0.97185266,0.49063024,-0.4037578,0.25505266,0.38094935,0.16944377,0.8897144,0.2098695,0.42923465,0.19811091,-0.8132883,-0.38700607,-0.04071291,0.103546746,0.5104821,0.82254523,-0.19534668,0.20281965,-0.7172905,0.37242863,-0.6538476,-0.15563825,-0.009698272,-0.2359948,0.7880865,0.62589216,-0.35771117,-0.39935967,-0.14804405,-0.045486007,-0.0021658712,1.1751424,0.26835474,0.074431844,-1.4983296,0.43539017,-0.12038371,-0.9472605,-0.2625035,-0.5700182,0.571045,0.11316749,0.7928709,0.33624122,0.23807287,-0.30056953,0.0017393681,0.79003614,-0.48304182,-0.38757995,0.1295316,-0.9667664,0.7828253,0.47898078,-0.11526127,0.25912496,-0.4606368,0.5240474,-0.23828606,0.5838587,-1.2339896,0.4644303,-0.19698505,1.2099726,-0.114010476,-0.48482892,0.8932686,0.10359877,-0.4248742,-0.26087883,-0.19626626,0.21756776,0.25706077,-0.56016433,0.6397299,0.8964607,-0.31641987,-0.05113005,-0.0763084,0.38496625,-1.0896444,0.18772285,0.06008822
synthesised,-0.24441318,-0.022255706,0.45108965,0.04431149,-0.16978009,0.25500047,0.654585,0.18758532,0.0095896805,0.15706345,-0.4936918,0.3186486,-0.36720526,0.04846084,0.086599045,-0.3574966,0.9148466,-0.21083389,0.6219566,-0.12378427,-0.0001027837,-0.16545062,0.07809407,-0.13155872,-0.11502261,0.1500593,-1.1818216,-0.27461454,-0.22934093,-0.14391334,-0.21642554,-0.36879086,0.068699524,-0.6548009,-0.06818125,-0.025543803,0.29862678,-0.41936997,0.17457952,0.31195948,-0.8827032,0.034473836,1.1086185,-0.46993747,0.45110327,0.3634787,0.25895017,-0.59910345,-0.283893,0.025410881,-0.26461482,-0.25988477,-0.20641321,-0.086401746,0.24425043,-0.15271495,0.4169003,-0.5852802,-0.12706134,1.3606492,-0.694327,-0.2718184,0.5003972,0.692146,0.8562823,0.057114013,0.43625167,-0.91484725,-0.94514585,-0.4674567,0.0505572,0.29050046,0.15841053,0.18116216,0.2661974,0.17053963,-0.46459845,-0.06452348,0.43347138,1.2067965,-0.41075376,-0.383097,-0.51235765,-0.18128556,-0.6416397,-0.47398123,0.4860301,-0.05937835,0.057428636,0.71272767,-0.52365774,0.4610043,-0.2808283,-1.1914009,0.3492662,0.45800295,-0.78686,-0.38784584,-0.62257576,-0.15737614
catalyst_activity,-0.27843046,0.0048626666,-0.5831704,0.19506522,-0.6014398,-0.06454767,0.40224755,0.3463852,0.24362071,-0.35245895,-0.986346,0.0044605923,0.37780032,-0.3266733,-0.5645992,-0.80322486,-0.31298435,-0.3570299,0.07522676,-0.5050634,0.030189842,-0.6934919,0.20041505,-0.041334227,-0.3628943,0.8222015,-0.7487991,-0.19701993,0.67248887,0.08210236,-0.25238988,0.058462676,0.41334042,-0.42260492,0.17936696,-0.31874856,0.15296502,0.23949748,-0.3232654,0.12078439,-0.026808798,-0.33785722,0.27998984,-0.8752528,0.07162876,0.15065166,-0.17579335,-0.12624319,-0.20174122,-0.07934964,-1.0570168,0.27353385,-0.42241207,-0.19753867,0.3580078,0.04781989,0.3477185,-0.036761366,-0.22845088,1.0422775,0.28957978,-0.56874526,-0.30599108,0.48733178,0.16946031,0.020865392,0.30423197,-0.72330886,-0.74709374,-0.11927598,-0.16203415,0.03290315,0.0069190543,-0.21850434,-0.19419685,-0.24171855,-0.14203218,0.1498207,0.09148492,-0.20134163,0.1955734,0.37833372,-0.30253512,0.54344445,-0.11418799,0.34870884,0.6876718,-0.15451041,0.16805623,0.81870407,-0.43018174,0.56032157,-0.3015737,-0.81644505,0.3283189,0.6971643,0.09647116,-0.32450566,-1.0083313,0.567598
messenger_rna,-0.16783307,-0.019001415,0.21436715,-0.25671303,0.36085394,0.106568046,-0.53122705,-0.31394535,0.22565512,-0.9581516,-1.0015798,-0.18346134,-0.5364534,0.5341861,0.37178904,-0.3641754,1.1175002,-0.091530114,-1.1024513,-0.4706138,0.2647411,0.66711575,-0.60235345,0.8308428,-0.04743144,0.44414678,-0.6849732,0.73575103,-0.26497328,-0.43567297,0.12128309,-0.5896401,0.4234356,-0.385779,-0.2018055,0.48926777,0.95226717,-0.69129133,-0.33804864,0.9574155,0.017872676,0.72024965,1.2743826,0.46610424,0.3596804,-0.3127698,0.5488382,0.81559783,0.51871055,-0.3959719,-0.45844924,-0.1637006,0.32294098,0.43587738,0.23981684,-0.578229,-0.40796098,0.53806996,-0.24697056,0.1358349,0.22458473,-0.63066316,0.09695698,-0.58505416,0.17490174,0.16783024,-0.47528544,0.29998183,-0.40744877,-0.008692512,0.87461907,0.29618108,-0.4368205,0.09024956,-0.009805995,-0.36449814,0.02476285,0.27154902,0.11105202,-0.29499024,-0.57714397,0.4693907,-0.1984733,0.61559904,-0.05420358,0.0912126,-0.9415439,-0.29993054,0.285325,-0.19288637,-0.955819,0.2623685,0.09903111,0.043651365,0.29243815,-0.19121449,0.046151347,0.52963203,-0.24370931,-0.022937303
pregnancy,-0.60155964,-0.20747916,-0.698216,-0.926745,-0.8474135,0.7485225,0.5007232,-0.28247428,-0.48990926,-0.4571134,-0.69111276,0.20547673,-0.74686646,0.67987275,-0.3068209,-0.24318686,0.5395342,-1.386358,-0.48355135,0.047691673,-0.27049676,1.0997186,0.1913628,0.07349407,0.6059684,-0.5506385,-0.7464772,-0.43609908,-0.12120138,-0.07322779,0.22775595,-0.057294454,0.48413908,-0.43664733,0.4518417,-0.22759275,0.90294987,0.014544326,-0.10125761,-0.4210139,0.6007265,-0.03876512,0.023817321,-0.22507133,0.20133571,0.0107443575,0.25734422,0.023261318,0.3187914,-0.33792987,-0.124777995,-1.5821569,-0.45996943,-0.13037385,0.31979758,0.3023213,-0.55610454,0.17074311,0.36248502,0.19342983,0.46785095,-0.10363889,-0.10212039,1.2539326,0.35919884,-0.16945827,-0.6999791,0.9783449,-0.88821036,0.08200221,0.88935703,0.8102863,-0.12743574,-0.33007443,0.6933776,-0.68665904,-0.28799477,0.15481858,-1.158385,-0.48750797,0.18618183,-0.0621464,-0.4758466,0.04148588,-0.15218437,-0.068147294,0.7841609,-0.46032292,-1.1501436,-0.10824232,-0.96202904,0.59626687,-0.060274694,0.39251357,0.1604196,-1.092288,-0.07272675,0.24214129,0.20057687,0.5757212
biomass,0.23884849,-0.19531485,0.6491775,0.5224973,-0.38494503,-1.0598665,0.54833436,0.4399991,0.42934093,0.63671935,-1.5350558,0.092372626,-0.5751098,-0.26768178,-0.16293971,-0.70948786,-0.14240153,-0.91069293,-0.3454243,-0.28052652,0.8114502,0.429705,-0.57243764,-0.06588219,-0.9570175,0.7466969,-0.12755223,-0.57837063,-0.43900257,-0.018346064,0.9036903,-1.2431666,-0.48560447,0.6344051,0.17505334,-0.24578698,-0.1474863,-0.7362231,0.73284155,-0.14811018,0.54435164,-0.002017132,0.22479023,0.063927956,-0.6085627,0.30662578,0.32148075,-0.22959505,0.24539924,-0.23111483,-0.4585499,0.39744818,-0.037806686,0.063842505,-0.11990133,-0.06890953,0.06899271,0.052331682,-0.34221023,0.59697306,-0.120271854,-0.30409375,0.2184623,-0.3990199,0.3325198,0.07956652,0.34414178,-0.3117713,-0.67155176,0.09348931,-0.5167306,-0.5125117,0.46379477,-0.46913177,-0.11445855,-0.55262387,-0.346166,0.20377238,0.008440963,-0.18034962,1.1549234,-0.703614,-0.27673265,0.42150638,-0.30451894,-0.6165696,-0.27300978,-0.31453368,-0.2052324,0.6591731,-0.154181,0.2969565,-0.35474792,-1.2926457,0.213347,-0.08538806,0.24403217,0.21126282,-0.20803723,-0.62300384
cell_viability,0.4725688,-0.898029,-0.6732388,0.3887063,0.31740442,0.40065536,-0.069593914,-0.41037017,-0.16781378,-0.38466883,-0.8549263,0.513763,-0.2202233,0.36520463,0.046867676,-0.2988795,0.07827026,-0.102077104,0.07768186,-0.2899466,-0.15622266,0.30856225,0.4471011,1.3699588,-0.506874,-0.0897799,-0.11621785,-0.448212,-0.44660494,-0.09776047,0.39602554,0.49373388,0.6432618,0.15306304,-0.59597677,0.3034499,0.47757122,-0.046192024,0.59255713,0.6141173,-0.57795954,0.0076049524,0.9798896,-0.32314622,-0.51751435,0.7827083,-0.29740608,-0.19852525,0.019092735,-0.005923188,-0.33833238,-1.1208775,0.1640519,-0.13620529,0.37942863,-0.21728648,-0.36436227,-0.22315252,-0.2255582,0.10700405,0.019879792,-0.73708427,0.4715865,0.35666323,0.7950372,0.08725804,0.027463544,0.05885187,-0.1812018,-0.83946013,0.27392805,0.34358692,0.3352685,-0.25937745,0.55046415,-0.3873748,0.25478098,0.5042326,-0.121577114,-0.8430409,0.3276675,0.77732193,-0.0057380893,0.08124828,-0.07147384,0.20439352,-0.0746743,0.16558187,0.98642516,-0.2654965,-1.4024467,0.49382815,-0.19319,-0.15915672,0.16974276,-0.5352687,0.087951444,0.44242483,-0.57115763,0.19942662
phenotype,0.60287523,-0.12846817,-0.28889155,0.36742815,0.3836936,0.1819511,1.122688,0.41694263,0.62885463,0.40291274,-1.4772326,-0.29648808,0.42559418,0.50426817,-0.037481286,-0.5944832,0.6914786,-0.05619853,0.03431626,0.08035746,0.061534826,-0.7712106,-1.0203091,1.0260121,0.5320716,0.7927982,-0.22993873,-0.73162466,-0.44411767,-0.6211858,0.41714895,-0.6855036,0.23254304,-0.12336573,0.051773835,-1.3276751,-0.37109816,-0.42170852,-0.015917078,1.2843211,0.25374302,-0.3110465,0.9891493,-0.16077113,-0.042147614,0.049016483,0.28152302,0.3546462,0.85656357,0.08886316,0.7955565,0.02252836,-0.3999113,0.2487636,-1.0563082,0.011985226,0.02009918,0.67685866,-0.12769414,0.6306145,-0.61730605,-0.7217838,-1.0850265,-0.8527365,-0.4541083,-0.5054039,0.043884106,-0.151956,-0.12115563,1.0372267,-0.41725078,-0.4051389,0.22990252,0.06926927,0.19289431,-0.037071705,0.9957353,-0.134001,0.04483241,-0.31577912,0.36794505,-0.5689306,-0.47438595,-0.0595065,0.10788344,-0.19385518,0.04144361,-0.21144825,0.3119419,0.46795145,-0.30952838,0.5454953,-0.12640408,0.05509901,0.13238752,0.11559521,-0.71888846,-0.7622262,-0.45978647,0.5506659
flow_cytometry,0.4183845,-0.76030624,-0.5067921,0.45272577,-0.05666949,0.17364873,0.37584335,-0.36461723,0.39018422,-0.21205309,-0.47756353,0.14859942,0.33462182,0.65861934,0.6941149,-0.7654827,0.6168427,-0.43362993,0.22205935,0.3314939,0.41609478,0.49218413,-0.3233237,0.87604725,-0.5516771,0.3029485,-0.4312779,-0.5332998,-0.27501047,-0.29176772,1.1102141,-0.11535947,0.5110189,-0.09548082,0.02251459,0.16315012,-0.4831309,-0.29340088,-0.5326783,0.4133055,-0.59316707,0.721832,0.9321922,-0.6263066,-0.052444436,-0.31730798,0.28213793,0.37386832,0.5550644,0.07566989,0.69608545,-0.5026941,0.028379193,0.1594818,-0.29961675,-0.104626335,-0.658025,0.35970747,-0.06424348,0.1605286,-0.57130796,-0.4394268,-1.0153347,0.5578261,0.24964039,-0.26504484,0.82339525,0.16196345,0.41389728,-0.3076528,0.18025532,-0.21190697,-0.16820507,-0.30341417,0.085521065,0.50403285,-0.19382595,-0.65452313,0.31770205,-0.50552917,0.38058153,-0.54968184,-0.13453546,0.6638913,0.062921144,0.2922479,-0.7924216,0.11213862,-0.0029112883,0.6648223,-0.9184667,0.37941214,0.43475273,0.046312466,0.19626589,0.34789458,0.45860577,0.19467223,-0.17922388,-0.28968605
prediction,0.6303637,-0.98002684,-0.101578,-0.29650524,-0.62544376,-0.4000121,-0.115804225,0.088768296,0.2945139,0.26185164,0.73565346,-0.78625476,-0.66573024,0.8128313,0.09419953,-0.80108064,0.1595942,-0.09858548,-0.0715116,0.588528,-0.2268762,0.8258666,-0.21689011,0.10239397,1.1975447,0.029302377,-0.53978705,-0.2626058,0.12321499,-0.3154358,-0.59018487,-0.47874165,-0.32093173,-0.53496134,0.5029621,-0.649945,0.5977881,-0.88092446,-0.49024957,0.5974067,-0.11388974,0.086937934,0.4052824,-0.4132781,0.256318,-0.076745175,-0.8451209,1.3345168,0.7929576,-0.52027684,-0.26488423,-1.1004581,-0.16912667,-0.35509658,0.3165449,0.113983706,-0.112685904,0.37217483,0.9945402,0.18925104,0.71356636,0.6332225,-0.13446622,0.26317653,0.70781356,0.36692855,0.17042653,1.344776,-0.09445503,0.60642946,1.050427,0.28198457,-0.66353345,0.1534561,-0.05668216,-0.7293322,0.2699389,-0.09703664,0.32566953,0.6125518,0.8559417,-0.031289153,0.29010588,-0.26830143,-0.2384835,-0.80705816,0.443558,-0.8677674,-0.80064327,0.1593759,0.004026793,0.814213,0.04521482,-0.5665502,-0.38117567,-0.45951316,0.13207382,-0.27561018,0.13370772,0.73723936
cholesterol,1.049129,-0.94125503,0.25062752,-0.048093326,0.39100978,0.46048516,0.16281639,-0.4893955,-0.13893887,-0.58616304,-0.49430427,0.05013794,0.07954807,-0.03205631,0.2506809,-1.0984092,0.41126794,-0.2009786,-0.37811825,0.35047185,-0.45476323,0.60658073,-0.20006375,0.85416025,0.18663742,0.10861595,-0.17728175,-1.0363339,-0.35596147,-0.08285255,0.9522708,0.33674213,0.26437303,-0.30561256,-0.25217435,-0.2805275,-0.029020939,0.037596423,0.3574212,-0.2264038,-0.48844296,0.5194178,-0.25262457,-0.4136203,0.34451345,0.02790518,-0.1707699,0.27843228,-0.14502604,-0.3275041,-0.17778373,-0.16729717,-0.17400365,-0.17160326,0.31358746,-0.110662974,-0.628683,-0.17247432,0.15358233,0.1957135,-0.31035978,-0.49389648,-0.13365918,-0.10048215,0.8007262,-0.7502043,0.12872009,0.15044294,-0.26673704,-0.00078859023,-0.39168045,0.41593003,0.43483937,0.13955815,0.37677264,-0.011689364,0.06557375,0.24181966,-0.4331729,0.4490679,0.48358384,-0.45014364,0.23166005,0.17229606,-0.8571968,-0.2326652,0.65242714,0.03845301,0.043298963,0.2702284,-2.0858285,0.08112607,0.6412947,-0.43697837,0.058615986,-0.24322511,-0.031194294,0.20066807,-0.4727626,-0.33542907
follow_up,0.6017016,-0.18109879,-0.84127235,0.13320997,0.739335,-0.5081411,-0.96955115,-0.3431639,-0.74276805,-0.71272075,-0.004452966,-0.20613241,-0.06664794,0.6961253,-0.28674573,-1.0736762,0.6801711,-0.9891601,0.07306962,0.8877169,0.1576974,0.016706336,-0.43232155,0.02718705,0.062474076,-0.07962298,-0.13214508,-0.47380614,0.09322174,-0.6363363,0.003139321,0.02388691,1.076898,0.42900383,0.63285196,-0.32898813,-0.07005578,-0.7913104,0.07388009,-0.41645086,0.3163891,0.07148072,0.8822765,0.10789027,0.12724838,0.5862935,-0.117853105,0.42860883,-0.23978293,-0.5569782,0.13897227,-1.1147971,0.21040413,-0.36292702,-0.1452437,0.37638694,-0.92314816,0.03675979,0.52637464,0.07549971,0.54085547,-0.39512664,-0.42934784,-0.35599428,0.28920233,0.6333027,-0.6068103,-0.21555175,-0.24057348,0.61884636,0.2637345,0.64021045,0.1298131,-0.1521589,-0.5659502,-0.29817337,0.41571876,-0.39249602,-0.17469418,0.16108894,0.8475173,-0.91954446,-0.6845449,-0.09498682,-0.3806136,-0.35088617,-0.34781945,-0.58998585,-0.34925076,-0.1778624,-0.29823276,0.46092865,0.029836599,-0.8188162,0.45969683,-0.11983678,0.86290354,-0.56980634,-0.03380467,-0.17285784
physicochemical_property,-0.99312425,0.07778371,0.1579414,-0.30823386,0.006245714,-0.05276473,0.4582629,-0.009207848,0.41453996,-0.21839854,-0.45172688,0.5073228,0.1501594,-0.14961441,0.16936785,-0.5367421,0.67316836,-0.38402456,0.89382315,-0.12898634,-0.2878922,0.09995379,0.25982293,-0.35708332,0.51716274,-0.53725165,-0.5543583,-0.2709284,-0.7549914,-0.8755289,-0.9271618,-0.21501112,0.14916183,-0.749763,0.32834366,-0.69304466,0.5620093,-0.40963382,0.31944767,0.037859034,-0.5641382,0.15573987,0.64571506,-0.6066512,-0.1787599,0.74033535,-0.26815337,0.44191498,0.2839438,0.0021238711,-0.34815595,-0.023897393,0.30520216,-0.31121498,0.6764617,-0.42037663,0.68722415,-0.02021021,-0.44580722,1.3924369,-0.35924187,0.30370742,0.09552161,0.24224114,0.7630859,0.81472254,0.71979177,0.47180852,-0.57951534,-0.015069852,0.19255298,0.33187428,0.47252098,0.31419736,-0.41736028,0.049819592,-0.9589525,0.36740544,0.31868768,0.40578339,-0.1347031,-0.19439223,-0.38316017,-0.18342705,-1.1657622,0.18123789,-0.60612464,-0.7619926,-1.1428987,-0.07800574,-0.5797441,0.58176434,-0.6647562,-0.947808,-0.0066178506,-0.244935,-0.088013835,-0.30044922,0.04521484,-0.17306638
sperm,0.16789956,0.22224164,-0.27367032,-1.0759203,-0.47788292,1.0902432,0.11753549,-0.16488835,-0.023395903,0.18214394,-0.93137723,0.40245426,-0.28394032,0.67050624,-0.12968534,-0.46119317,0.3944836,-0.6494927,-0.8976368,0.806823,-0.4987231,-0.28561917,0.2053692,-0.036490757,-0.044186424,0.27552137,-0.48342335,-0.22396185,-0.42693374,-0.15912239,-0.3226837,0.5952403,0.40742493,-0.15670742,0.25036755,0.0030172826,0.08719518,-0.6974447,0.39176187,0.2583296,0.422271,0.305007,0.9578224,-0.36998042,0.5017321,-0.03859121,0.48485976,-0.26237622,-0.02701271,-0.52594054,0.09078839,-1.3707047,-0.28673276,0.33374575,0.13378812,-0.5743768,-0.85667074,-0.09890722,0.17097174,0.6419663,-0.5157396,0.2943709,-0.32442987,0.5653124,0.48928592,-0.5112094,0.20320153,0.2833842,-0.4310155,0.2487463,-0.1260581,0.6362086,-0.07164464,0.41295034,0.48846442,-0.018450735,-0.5487396,0.22995114,-0.9564311,-0.49310622,0.23150581,-0.35717958,-0.2390649,-0.10608738,-0.044506956,0.06484539,-0.03172631,-0.4659928,0.053751,0.10240076,-0.86142313,1.0472232,-0.2792453,-0.34133956,0.29456002,-0.3245543,-0.66196495,-0.4927781,0.19714677,0.41306618
federal_district_[mexico],-0.59547216,-0.43903112,-0.32648864,0.0026357071,-0.27068135,-0.52506334,0.55710787,0.27187,-0.69846016,-0.4993095,-0.18048692,-0.2512685,0.6316663,0.5047425,0.124683246,-0.74538356,-0.1451247,-0.47844753,0.48858902,0.038947247,0.6831265,0.5430009,0.1885704,1.0274483,0.29465175,-0.22467375,-0.108434506,0.42050368,-0.35861525,-0.24708353,-0.14120618,-0.09281247,-0.2594597,-0.31817797,-0.20209764,-0.46594417,0.15030552,0.07774697,0.14615436,0.05295431,0.29744107,0.27204666,0.33093917,-0.53781223,-0.6338922,0.15616305,-0.42080334,1.0355966,0.2581574,0.18092869,-0.090647094,-0.62617964,0.37838772,-0.47164407,0.9282848,-0.53628254,0.3191112,0.8628725,-0.3605641,0.39008823,-0.051542487,0.4469113,-0.51610553,0.18621603,0.5237538,0.48468223,0.53890204,0.15858866,-0.82562596,0.30409765,0.33029342,-0.3625326,0.18402155,-0.29284102,-0.4835177,0.117660664,-0.74741316,-0.24782342,-0.48942584,-0.3522156,0.06541038,-0.08249118,-0.26180044,-0.38567168,-0.15444079,-0.21766321,-0.43019822,-0.49665612,-0.25759023,0.31322116,-0.7256645,-0.18267119,-1.0802644,-0.31052363,0.6150378,0.019576011,-0.00071703806,-0.29551587,-0.59869283,0.4329302
sensitivity_analysis,-0.28013477,0.12112952,-0.37717062,0.09708702,-0.27656305,0.62050533,0.20902766,0.54062146,-0.069767565,-0.0946921,-1.2303736,-0.3168339,0.49937993,0.54935807,-0.9880823,-1.0311097,0.22295777,-1.3884559,-0.113136195,0.066995084,0.4104035,0.9861798,-0.8407172,0.41045249,0.6340381,0.27631703,-0.46766135,-0.24503858,0.23956445,-0.9663217,0.004701542,-0.7211681,0.32083896,-0.34927085,0.19532657,-0.43133798,0.85246325,-0.44306427,0.19592667,-0.39792433,0.56349355,-0.2372895,0.77787304,-0.91672754,-2.053931,0.54558384,-0.7303128,0.55359745,-0.010685238,-0.47175667,0.4917304,0.33348346,0.49332255,-0.14643505,-0.0063817264,0.073124275,-0.7748747,1.0151902,0.45444214,-0.48974472,-0.2864246,-0.116223924,-1.1784252,-0.6105205,-0.29390934,0.83730143,-0.18294728,-0.027847486,-0.79070425,0.73102087,-0.52844536,-0.19382748,-0.067768805,-0.48327848,-0.35535762,-0.6426286,-0.41741577,0.103351824,0.18003914,-0.26185644,0.8002672,-0.3592806,-0.030140938,0.026660081,0.14189614,0.117849156,-0.42450216,-0.32066762,-0.09715495,0.04434977,-0.2241898,0.032899022,-1.1701003,-0.23572762,-0.10052606,-0.5313313,-0.32197273,0.4649664,0.12958181,0.13795473
body_weight,-0.005983168,0.33149582,0.17839421,-0.3091882,-0.34909517,0.007960426,0.6790589,-0.47183365,0.6499924,-0.65119547,-0.17194472,-0.08177945,-0.2590325,0.04283101,-0.20147233,-0.2853361,0.5465337,-0.83980256,-0.38259664,-0.3243484,-0.44194776,0.12839802,-0.44687542,0.5243936,-0.7915835,0.16664918,-0.75461084,0.04226855,-0.040738907,-0.11986581,-0.09954383,-0.4803211,0.3258171,-0.3428795,0.2715317,0.076006606,0.2540438,-0.25856084,-0.19300325,0.32762647,-0.18800749,0.66450286,-0.3337007,0.11319861,0.1317933,-0.48761117,-0.07675536,0.27463505,0.25729725,-0.6269229,0.21644998,-0.79198134,-0.3507067,0.1793616,-0.28417248,-0.34615925,-0.22901121,0.25973377,0.40032122,0.15773866,-0.10269563,-0.06670676,-0.2557445,0.657205,0.23540583,-0.09537364,-0.28113872,0.49636164,-0.44742483,0.61918914,0.11870879,0.7570226,0.3147972,-0.29022563,0.18738623,-0.39045292,-0.091244906,-0.8022057,-0.34197438,0.5160466,0.62124264,-0.43159142,-0.16551247,0.11057468,-0.34951335,0.07372632,0.43380955,-0.061838727,-0.056178078,-0.54912925,-0.43914554,1.1603941,-0.27496105,-0.11289873,0.041689962,0.22487551,0.014144214,0.26313245,-0.15083958,-0.35514456
prevalence,0.3395492,0.08704552,0.26463768,-0.89671445,-0.96242577,-0.3623717,0.13733606,0.39161527,-0.640864,-0.33709225,-0.5154863,-0.36286664,0.32764098,0.6009735,-1.337339,-0.8984094,0.99702066,-0.59219813,-0.04398475,0.3847763,-0.28170502,0.029628713,0.052189212,1.835899,0.04167569,0.17910998,0.30174592,0.5764139,-0.4055958,-0.33687147,-0.5482191,-0.43536457,-0.2263071,-0.054349378,0.016295591,-1.4094621,0.16425379,-1.2227207,0.18367879,0.6353011,0.20675334,-0.08777883,0.47010607,0.06965736,-0.21178618,0.31783113,-0.23292506,0.36920658,0.35830456,-0.07531568,0.39834586,-1.1078398,0.46524972,-0.17601691,-0.4830929,0.25552058,0.11585768,0.36687455,0.56538993,0.53190315,-0.17841002,0.26831618,-0.8901476,0.20630765,0.3710764,-0.42817488,-0.71953994,0.29119352,-0.14915252,1.0516685,-0.19920585,-0.08656041,-0.4912602,-0.4057794,-0.18158412,-0.34179673,0.16253103,-0.44396317,-0.30692527,0.20094948,1.0204707,-0.59467226,0.3463841,0.40384406,-0.111153916,-0.36307114,-0.19782005,-1.0867476,-0.46661708,-0.107312016,-0.18754123,0.5758204,-0.71747273,0.08787869,-0.30669564,-0.2868937,0.21745887,0.1602989,-0.43083885,0.3958635
concentration,0.45000052,-0.48843482,-0.769247,0.4275403,-0.21286395,-0.49421948,0.797325,0.22318529,-0.7038837,-0.2537006,-1.3407118,-0.7072184,0.66423506,0.15355462,0.32255557,0.60020185,0.3641607,-0.494955,-0.37285307,-0.45184484,-0.036822878,0.91540754,0.12011796,-0.099789105,-0.4043244,-0.00015964205,-0.2633062,-0.8811227,0.35705146,-0.85261405,-0.07129479,-0.32383788,-0.75679386,-0.026583456,-0.70305544,-0.18974894,0.5135024,-0.17475428,-0.450498,0.7915645,0.40112835,0.049059995,-0.05035015,-1.333211,0.4272871,0.23516487,-0.56360614,0.23232304,0.23991396,0.17735109,-0.70586234,-0.523224,-0.34173802,0.12841448,0.2554195,0.40786746,0.33624578,0.3532799,-0.1426516,0.6713435,-0.62261486,-0.053980067,-0.41514927,0.38151166,0.48290846,0.04445956,1.3226179,0.18169421,-0.6468388,-1.1351796,-0.3234345,-0.3646163,0.079319544,0.15316649,0.8491921,-0.9093391,-0.7807503,-0.033861738,-0.35965312,-0.09833941,0.44153312,0.0881065,-0.22629388,0.67134047,0.1109756,0.6986551,0.06192461,-0.42369232,0.048910834,0.41277954,-0.48689967,0.5565899,0.20984691,-0.6478733,-0.20748726,-0.092926905,-0.38826382,-0.050316386,-0.441215,0.30253172
x_ray_diffraction,0.5017554,-0.22677705,-0.27836558,0.58198035,-0.091115035,0.75355065,0.0449787,0.2674215,-0.30756757,0.69478184,0.12178338,0.03318991,0.18581526,-0.6418339,-0.09294523,-1.3645352,0.6173604,-0.18778554,-0.18196984,-0.84957325,0.30110428,-0.065826796,0.28553548,0.3186098,-0.3637635,0.054846756,-0.6575889,-0.081210315,-0.027741946,0.3147516,-0.1563065,0.19829588,-0.13018283,-0.7450466,-0.5911722,0.322678,1.1719378,-0.6951181,-0.7127176,0.41658527,-0.76316726,0.97926396,1.7335974,-1.4151038,-0.32325232,0.55005884,-0.6676336,0.0049565183,0.39199793,-0.7770306,-0.25803676,-0.19689217,-0.04256236,-0.26256496,1.0255606,0.051102076,-0.19645411,0.4486306,-1.1793945,0.85904014,0.2869204,-0.4984944,0.059694488,-0.3896906,0.98729837,1.386818,1.0194943,-0.27536038,-0.23038606,-1.5127488,0.69923896,0.5429684,0.12880492,0.8435264,-0.22584505,-0.04012687,-0.5854729,-0.20850493,0.8144181,0.5689619,-0.14444478,0.25980628,-1.1155269,0.5829677,-1.5311549,-0.9292403,0.80779165,-0.27994883,0.5049482,0.7558533,-1.4004391,-0.34896582,-0.31183454,-0.7094159,0.07201196,0.53187186,-0.42198017,0.20778972,-0.4988991,0.66575074
enzyme_inhibition,0.37090486,-0.69418615,-0.09323444,-0.08339105,0.06568198,0.4600072,-0.41168895,-0.7629887,0.2088639,0.5875291,-0.2030639,-0.30385208,-0.013389709,0.4689432,-0.60072434,-0.20123528,-0.121378995,-0.58935064,-1.0700618,-0.075943336,-0.2602895,-0.053613085,0.12719588,0.15400577,-0.25647607,-0.5239258,-0.44960222,-0.6605477,0.14711888,-0.078913115,0.36187896,0.45868784,0.16605379,-0.6887732,-0.18665726,-0.6070253,0.06543157,-0.44176987,0.37497655,1.0228978,0.36427897,0.45600778,0.42168105,-0.33125055,0.004800737,0.6067863,-0.053342074,-0.46512765,0.10270172,-0.26480484,0.3518356,-0.37779042,0.1798616,0.2738407,0.07457465,-0.07766768,-0.7967515,0.38087156,-0.47985733,0.8910174,-0.07269529,-0.63864183,-0.27711362,0.29563,0.10828633,0.9586565,0.5614315,1.3337306,0.25910538,-0.21620265,0.023444781,0.7755755,-0.3418538,-0.2049496,0.22000918,0.40382543,0.8571006,0.4217727,-0.29132327,-0.09653074,0.13103853,-0.19183055,0.09389495,-0.4270596,-0.11404633,-0.130735,0.22378902,0.03104049,0.062066007,0.14717504,0.039355934,0.59255385,-0.8102523,-0.10600101,0.39876303,0.21215591,0.004739373,-0.16742812,-0.86363894,0.6518119
microrna,0.526297,-0.48604408,0.54955757,-0.3403529,-0.08937646,0.3593742,0.57497394,-0.38952148,0.3026286,0.59038067,-0.9050695,0.0025826718,0.5278583,0.88621485,0.096485995,-0.39403808,0.6380685,-0.71816325,-0.075002685,-0.08764842,0.49304986,0.3440938,-0.5866214,0.80289453,0.33232358,0.4084078,-0.6383712,0.2437231,0.2924107,0.7224346,0.32681552,-0.37144855,0.26775134,0.012269924,-0.2822897,-0.19019693,-0.01860798,-0.4999178,-0.038534325,0.41397724,-0.66240215,0.0396326,0.3988626,-0.30192798,0.8304954,0.19100778,0.104515746,0.77552015,0.42898688,-0.18487784,0.98848754,-1.1416699,0.25185248,0.07546098,0.7434374,-1.0048581,-0.33405027,0.27047524,0.039402533,0.2870572,-0.08921613,-0.6613867,-0.46178436,-0.3108715,-0.10193708,-0.14913389,-0.31840235,-0.52079827,0.26096347,0.24080864,0.5054415,0.40049154,-0.20924062,-0.71607393,0.0074602375,0.23002905,0.5274925,0.23529856,0.07197504,0.08706723,-0.027050586,-0.23946276,-0.79120684,0.14924805,0.12550049,-0.36627242,-0.4970836,-0.33917612,0.2104404,0.4441216,-0.44677168,0.22600241,0.2735275,-0.6599052,0.42773044,0.5066757,-0.6372006,0.062360223,-0.55938244,0.4416563
upregulation,0.7660931,0.034478765,-0.68321884,0.003619538,0.10858422,0.23031165,0.28265962,-0.7447132,-0.061091535,-0.31947753,-1.0188977,0.24982873,0.4329649,0.7597928,0.28140935,-0.79145277,0.9525407,-0.5896459,-0.3872502,-0.47358668,0.35964644,0.40890133,-0.25680932,0.56088823,0.15437213,0.37321028,-0.003087371,-0.95354116,0.0878518,0.39595342,-0.08154214,-0.034961052,0.34961933,0.35302877,-0.70027065,0.22619769,-0.15459771,-0.085018545,-0.18804176,-0.0026272943,-0.73662204,0.44218907,0.98268,-0.70216864,0.26053956,0.38369548,0.4737346,0.9200311,0.3697129,-0.7384564,-0.063453384,-1.046229,-0.23403282,0.40644142,0.1662639,-0.59520763,-0.65099466,0.3843691,-0.13272296,-0.1528201,0.21959041,-0.40122244,-0.18321137,-0.38468564,-0.075955145,-0.595144,-0.3656432,-0.5283472,0.026561541,0.30311105,-0.12161801,0.37249315,-0.109756,-0.5992051,0.07159767,0.24322861,0.11563348,-0.0337597,0.5053362,-0.29674137,0.39302087,0.30330384,-1.1209625,-0.39268288,-0.19238487,0.52190626,-0.39987722,0.16309947,0.19273292,0.019720789,-0.95530933,0.5108479,0.106102675,-0.7390835,0.5887485,0.8193435,-0.2715962,0.49633154,-0.3255679,0.16995172
newborn,-0.4526261,-0.07067884,0.19445261,-0.3888847,-0.66487163,0.3878877,0.21851784,-0.53030986,0.020892533,-0.1934938,-0.3008455,0.12544535,-1.0278047,1.1960697,-0.24044204,-0.5518204,1.1216358,-0.5728421,-0.31334716,-0.694502,-0.3083998,0.46156248,-0.15872796,0.6168136,-0.19057567,-0.4982904,-0.55252445,0.4184813,0.27755016,0.272426,-0.76643103,0.29049927,0.5966329,-0.33671707,0.30684748,-0.18889889,0.21324319,-0.3453505,-1.0260509,0.2213409,0.096655354,0.60683626,0.1610338,-0.0938342,0.75688493,-0.5487662,0.19050354,1.2281979,0.14898321,-0.11415661,-1.1183074,-1.7284695,-0.020911261,0.33117738,0.21044281,-0.61113524,-0.58798206,0.39416295,-0.09241421,0.22748844,-0.0011271028,-0.18626036,-0.6458949,1.0099208,0.4846687,0.1821706,0.11691448,-0.22815727,-1.0850219,0.049188543,0.7349455,0.2335245,-0.21818522,-0.015204902,-0.33916777,-0.6671021,-0.23722841,-0.27873394,-0.022414507,0.095135905,-0.180225,0.1635276,0.12935674,-0.14798473,-0.76521075,-0.12809783,-0.004732174,0.19623344,-0.24697058,-0.363275,-0.11239926,0.4986683,0.20170711,-0.11933682,-0.7990866,-0.35680795,-0.5269229,-0.24400622,0.2628087,0.47515908
temperature,0.26754332,-0.14532357,0.5447552,-1.4168904,-0.4069533,0.4330587,-0.22821534,-0.49216518,0.17942227,-1.3265555,-0.29737726,0.55948067,-1.0784158,0.414126,-0.02181464,-0.8745141,0.14798377,-0.0751479,-1.0439595,-0.020116411,0.63070256,-0.51623064,0.052570265,0.41957393,0.16359039,0.5222434,-0.5221954,-0.0017198584,0.39565167,0.39945868,-0.023009054,-0.35128224,0.21355473,-0.5303911,-0.13766687,-0.08463062,0.11081549,-0.14078392,-0.3233221,-0.2619907,1.3430791,0.34085214,0.46997553,-0.1599408,0.3900117,-0.91620207,0.53347546,0.22579984,0.10869187,0.23136048,-1.3308344,-0.3342103,0.16476867,-0.2759114,0.6718187,-0.74935293,-0.9298609,0.24731731,-0.37925777,-0.73541605,-0.67256314,0.21132779,-1.3363836,0.57055527,0.63681954,-0.43494976,0.6696745,-0.40624368,-0.48384044,-0.3898623,0.25852183,0.060276683,0.43472642,-0.44232064,-0.028114783,0.24711989,-0.10453488,-0.15823916,-0.4151879,-0.9560531,0.21216695,-0.5868501,-0.4302524,-0.34424776,0.0030991414,-0.65184915,0.3187102,0.8866408,0.026244763,0.20987585,-0.43635008,0.17905548,-0.3672036,-0.79777837,0.38850337,-0.7756993,-0.5585828,-0.44258377,-0.73396355,0.19301562
cytotoxicity,0.64739233,-0.26779738,-0.3213438,0.187564,-0.11866758,0.0009811001,0.16388392,-0.15001518,-0.025629582,0.28887433,-0.6393504,0.014038212,0.2251886,-0.04169742,0.281893,-0.12051679,0.22854897,-0.33078268,-0.4274753,0.33769938,-0.41265002,0.54607993,-0.22727531,0.6836183,0.20706362,0.1994168,-0.005544859,-0.23263821,-0.15933691,0.18981567,0.747264,0.51053077,0.41890207,0.20354457,-1.0924214,0.034612324,0.21147013,0.040109858,0.8509995,0.27487558,-0.6179036,0.28647724,0.61998343,-0.34799448,0.14150296,0.86201245,-0.32979032,-0.32014304,0.3611547,0.04775769,-0.5794382,-0.2002062,0.12618764,0.33706886,0.4719116,-0.23461391,-0.16881357,0.06259203,-0.85503095,0.505713,0.27161658,-0.052213464,-0.5088903,0.48233876,0.2239728,0.35459685,0.051277265,0.36452886,-0.1106312,-0.53860253,0.4749669,0.62231904,-0.4857286,0.06749206,0.38062996,0.031062568,0.38813865,0.1628435,0.7678758,-0.51452124,0.3858997,-0.13478582,-0.46184856,0.069798246,-0.76874685,0.34695822,0.22880384,0.22951712,0.4935515,-0.35577878,-0.73406893,0.411241,-0.60507905,-0.36976215,0.16884075,-0.16038539,0.69934744,0.2791487,-0.8032986,-0.16836448
molecular_docking,0.3437356,-0.8410653,0.22776744,0.31989828,-0.06619479,0.9091759,-0.1631379,-0.9689951,0.23913285,0.044592846,-0.3890509,-0.2920554,-0.36192545,-0.30020568,-0.14252828,-0.86310196,0.07354584,-0.44070223,-0.7359587,-0.47563696,-0.55978227,0.13108586,-0.35625386,0.14674479,0.10199083,-0.35234004,-0.403999,-0.872298,0.6715633,-0.56016296,0.53306824,0.16704784,0.6673506,0.35985094,-0.0025350915,-0.006556501,0.19951408,-0.29371676,-0.61989015,0.32270595,0.7174507,0.36940068,0.1822743,-0.3748355,-0.2622664,0.0536115,0.08048826,-0.17988358,0.42521635,-0.38735473,0.5570363,-0.32654077,0.39544398,0.5404341,0.39635143,-0.73007935,-0.73683226,0.28921726,-0.17545065,0.41276994,0.7372308,-0.3544265,-0.041181087,0.22652692,0.4471491,1.0664912,0.15341541,0.52607757,-0.49495783,-0.028633377,0.53320843,0.87902796,-0.2746654,0.24533108,0.22623911,0.47284016,0.613552,0.48180056,0.010143795,0.16836308,-0.361213,-0.19129826,-0.3504992,-0.25200555,-0.5210937,-0.49990356,0.6147295,-0.48433214,-0.25987312,-0.08876527,-0.7111581,0.5766546,-0.5084348,0.09980165,0.24077265,0.4808132,0.14819902,-0.35796598,-0.80361253,0.143501
mammal,0.5495705,-0.18693408,-0.34649742,-1.5214351,-0.54308367,0.25846806,-0.20680189,0.09363214,0.31066632,-0.05726929,-0.8402341,-0.6675272,-0.09697331,0.29787716,0.48567015,-0.7293524,0.20561358,-0.6740086,-1.5300156,0.40096268,-0.07121978,0.36892468,-0.6092456,-0.24328956,-0.10616891,-0.039832953,-1.1047459,0.1837872,-0.3304762,-0.0443853,0.7096067,-0.22399497,0.30094364,-0.26517898,-0.028036779,0.5634636,0.32032192,-0.46340507,0.31728107,1.07428,-0.060308665,0.0013624766,0.56050295,0.28098843,0.46924987,0.4737812,-0.15895978,0.048229385,-0.25227222,-1.040701,0.059790354,-0.5296158,-0.051021118,-0.20465998,0.038657725,-0.6373836,-0.07775474,0.2060025,0.2755345,0.49794677,0.14051904,-0.3654333,-0.31383702,0.11092507,0.30640745,-0.29184294,0.48033297,0.94596493,-0.4582582,0.7959912,0.16092268,1.0582297,0.070478305,0.49444386,0.58555585,-0.20597558,-0.2036408,0.6001771,-0.9004555,-0.094140664,-0.97701186,0.30477354,-0.10936847,0.0056662112,0.36110115,0.5266587,0.538645,-0.5581075,-0.62485176,0.2155203,-0.40078503,0.5605863,-0.7130327,0.18893835,0.77359957,-0.10221061,0.306551,-0.5042084,-0.41353637,0.07940294
biomarkers,0.41310534,-0.26752585,0.22946307,-0.93517965,-0.07425547,0.43145198,0.60002553,-0.014568876,0.38906062,-0.012293451,-0.15358667,-0.7521456,-0.3081082,0.99560106,-0.2830046,-0.57466877,0.7857681,-0.09700003,-0.7397893,0.4441401,-0.23920536,0.13790894,0.076456994,-0.25279567,0.8842858,0.95765805,-0.5518956,-0.16366413,-0.3750517,-0.022418538,0.69857424,0.252173,0.3836839,0.16012885,0.05633719,-0.38342687,-0.12767433,-0.3503527,-0.3784312,0.070071556,-0.05569176,-0.17764722,0.8211287,-0.27449775,-0.38680014,-0.22758079,0.22119038,0.25288853,0.68855333,0.10250171,0.011646837,-0.777736,-0.40048704,-0.20664887,0.143801,-0.002802991,-0.1925947,0.101028405,0.5162941,0.64283127,-0.1169743,0.07829414,-0.20704149,0.37999082,0.5332439,-0.30088633,0.007447609,0.47859213,-0.45141304,0.9765765,0.5896155,0.0225289,0.12169637,0.24486963,-0.051739693,0.5756362,0.38349718,0.21914576,-0.23092431,-0.3949901,0.27129838,-0.45219332,-0.3263822,0.11371042,0.18346782,0.18832003,-0.21272027,0.045249656,0.82004493,0.25402597,-0.066513725,1.0630269,0.19628483,-0.58221406,0.21107781,-0.07171874,0.6434613,-0.40327078,-0.027053963,0.42727748
performance,-0.13090286,-0.24350604,-0.2764229,-0.67972106,-0.7633642,0.58023256,0.45634502,0.2431935,-0.009840402,-0.14693718,-0.03781946,0.47806233,-0.20640595,0.8376481,-0.17400363,-0.9481735,0.33429644,-0.644379,-0.17302231,-0.09464811,0.40395027,0.69547534,-0.634915,0.12647934,0.39288166,0.3725465,-0.8775,-0.46478152,0.31824955,-0.79205465,-0.24273865,-0.03140778,0.14844914,0.26790753,-0.13066323,0.28820115,0.33403578,-0.5460845,-0.0431634,0.17421386,-0.08353451,-0.2687094,0.5817971,-0.68842125,-0.89750177,0.12546082,-0.51988834,0.3539122,-0.10281151,-0.4071893,-0.2794759,-0.09417613,0.71062505,0.3258167,0.4798666,0.29923832,-0.85871416,-0.23082374,0.2751931,-0.39461115,-0.35614026,0.23706059,-0.3148381,0.4480997,0.69173616,0.67322373,0.39975777,-0.35732564,-0.11665312,0.012222196,-0.5715061,-0.09326527,-0.38185823,0.19294193,0.40378314,0.1386523,-1.0043483,0.5990684,0.6929326,0.09614159,-0.12872152,-0.30606508,0.16262317,-0.33676735,0.36727744,0.28221503,0.0066591543,0.31021985,0.6963072,0.59832644,-0.69040275,0.8346533,-0.8755939,-0.70476264,0.34082246,-0.18443762,-0.15279356,0.6024732,-0.23621264,-0.42526007
systolic_blood_pressure,-0.40237388,-0.81671923,-0.4544664,0.44568712,-0.51598847,0.5122882,-0.09185192,-0.9147166,0.11606798,-0.7719809,-0.97686124,-0.28820708,-0.57393146,0.06602488,-0.3952875,-0.44998637,0.67477435,-0.71271545,-0.116857775,0.21503189,0.11644922,-0.22968641,-0.19570057,-0.19458224,-0.3866294,0.80473155,-0.2084826,-1.1261168,0.32085416,0.104300186,0.21551622,-0.128193,0.61863184,-0.6372855,0.17802754,-0.6736148,0.24439351,-0.27762437,0.17145123,-0.1760555,-0.16282472,0.46591872,0.7097679,-0.18140024,0.58041894,0.33381292,1.0005127,-0.09758725,0.6909477,-0.26383996,-0.29311913,-0.64530456,0.23795846,0.029553095,0.021124426,-0.91901845,-0.98790497,-0.55803007,0.5171204,0.25611055,0.1305966,-0.86700755,-0.68227804,0.09830229,0.10390075,0.23137507,-0.059219647,0.43445656,-0.22108138,0.21242683,-0.44652542,0.40525278,0.35929734,-0.35272813,0.4094936,-0.29478982,0.0714967,0.061179854,0.19425344,-0.39341792,1.5084729,-0.6121598,0.09878096,0.81851536,-0.22143267,-1.1342962,0.579487,-0.31430215,-0.9162417,0.2261371,-1.1979063,0.19895405,-0.2528443,-0.12735097,-0.2978734,0.10558853,0.019166064,-0.09285462,0.10869074,-0.17142469
oxidation,-0.13876468,-0.24867587,-0.23595092,0.12568884,-0.24726678,1.2973546,0.6344409,-0.19383949,-0.48813653,0.28384343,0.12751424,0.34783056,-0.6887208,0.27857682,-0.2887253,-0.9227892,0.11544682,-0.30976528,-0.96426505,-1.1568239,0.12969698,-0.23677653,0.35396546,0.61119145,-0.75521016,0.68289113,-0.49282265,-0.45191056,0.05770216,-0.5880326,-0.5164968,-0.69714266,0.4126391,0.033974133,-0.2303999,0.017934049,0.787425,0.31255776,-0.29257932,0.3744199,0.5000502,-0.04844219,0.55090004,-0.21353088,0.33449173,-0.081791915,-0.402026,0.24997564,0.4986824,-0.12608147,-1.0550041,0.1953465,-0.8515915,0.327488,0.49036616,0.50826305,0.46730742,0.7557958,-0.3905043,1.0228622,-0.076247424,0.31008875,0.28272322,-0.10401634,0.39651608,-0.23078088,0.26687723,-0.7818459,-1.0195585,-0.41877466,-0.8162187,-0.7942433,-0.40835547,-0.28664675,0.48410377,0.027399726,-0.5554776,-0.3720638,0.73454964,0.9641258,0.054246694,0.23169258,-0.28460366,-0.38696492,-0.2626204,-0.207582,0.81323165,-0.080615684,0.67517805,0.6501567,-0.3381565,-0.12385242,-0.85695046,-1.006075,0.028087635,0.1855228,-0.139748,0.5177791,-0.7159868,0.99259126
pathology,0.41703182,-0.21540764,-0.34035575,-0.7247833,-0.21481381,0.42645964,0.93818754,-0.33818495,0.2654611,0.11555541,-1.5023056,-0.00011560734,-0.33865348,1.0437379,-1.3387866,0.32263517,1.3372196,-0.34068644,0.07956922,0.07189705,0.094305456,0.57032096,0.37037018,-0.2991455,0.65772146,-0.71630204,-0.82660455,0.18016662,-0.89372903,0.23654027,0.5135829,-0.2002144,-0.1342908,0.12366044,0.1101784,-0.1976027,-0.072622,0.49897116,-0.21255869,-0.16898507,-0.44013363,0.3978255,0.5713052,-0.13689616,-0.30023438,-0.07798322,0.14971808,0.28952876,0.5996157,-0.4205609,0.321098,-1.2553471,0.07327249,0.165288,-0.042752054,-0.5541254,-0.06268151,-0.49782765,0.28193957,1.1063601,0.51024365,-0.35655797,-0.035760976,-0.20052142,0.2917942,-0.062584825,-0.8090898,0.18115324,-0.9388854,0.4590559,0.98539186,0.3196348,-0.32767454,-0.34093812,-0.1377831,-0.09482775,-0.07262855,0.7960753,-0.3937663,-0.40393153,0.44602075,-0.29510903,-0.24957353,0.49806345,-0.15235889,-0.0066268328,-0.38458985,-0.6966723,-0.49903592,0.77841055,-0.72964126,-0.13740435,-0.3007831,-0.38376465,-0.33310887,-0.109306425,-0.20613651,0.13618699,-0.19855101,-0.1434678
phylogeny,-0.047418185,-0.6719924,-0.42891064,-0.07726835,-0.32333314,-0.06582249,0.41741368,0.5386045,0.40463746,0.09002421,-0.4849606,-0.3528088,-0.0971004,-0.15868637,-0.6720987,0.09503796,0.7269382,-0.2176669,-0.1776139,-0.74419844,0.13119541,0.18082294,-0.30285847,1.7420478,0.019518226,-0.0100485105,0.29560164,0.21979593,-0.44831088,0.03841643,-0.114390336,-0.17918956,-0.15802284,-0.36761034,-0.48075518,-0.980286,0.03970869,-0.26940334,0.16216914,0.017272588,0.1662635,-0.23820105,0.34138072,-0.03363686,0.6818745,0.33029738,0.10580445,-0.50595325,0.84373766,0.44571742,0.08343191,-0.6259008,0.10014055,-0.85801953,-0.4065505,0.5079517,-0.04653165,0.80024004,-0.42453235,0.893248,0.31994185,0.4118582,-0.45602697,0.083565675,-0.1993863,-0.8470781,-0.27345592,0.50936216,-0.68344325,0.03909926,-0.13617086,-0.22986124,-1.314556,-0.55601084,0.113637716,0.1383619,0.2387798,-0.6511755,0.95602524,-0.37204674,0.30868822,-0.3138856,0.115168765,-0.52081305,-0.08388465,-0.29939884,-0.41442505,-0.73453313,-0.4201239,0.27496874,-0.3645199,0.50512326,-0.7027773,0.081527345,-0.3559949,0.7301427,0.049619924,-0.5032829,-0.8525534,-0.11176959
nitrogen,0.35345396,-0.29463488,-0.8319929,0.47543457,-0.10734959,0.20631923,0.18821356,-0.17032148,0.09789896,-0.08742505,-0.8324147,-0.5600114,-0.19280763,-0.32789838,0.6499333,-0.1284521,-0.09476694,-0.87292075,-0.92395216,-0.6378378,0.57415885,-0.34494865,-0.3262101,0.2056538,-0.11434979,0.771939,0.050865754,0.16787964,-0.75745416,-0.075940475,0.5007631,-0.2124351,-0.3318008,-0.54021287,-0.012471096,-0.34015486,0.0117325755,0.2710169,0.0011326929,-0.20175348,0.25886413,0.6697393,-0.3225888,-0.6862313,0.4552815,0.55909234,-0.35324296,-0.3543427,-0.045227204,-0.36073244,-0.60895824,0.031649213,-0.061608654,-0.5345706,0.50718755,-0.05050269,0.44575593,1.1691974,-0.4456535,1.0545962,-0.24965493,-0.585352,0.8972329,-0.2925858,0.22059633,-0.051380288,0.32709113,0.31017727,-0.9392193,-0.26832843,0.74122554,-0.03922783,-0.08514729,-0.5680779,0.727263,0.3233751,0.0225189,-0.984508,0.6148267,-0.43700495,0.15985198,-0.22694601,-1.2049028,-0.34381655,0.3565664,-0.28047368,-0.033567164,-0.00081086747,0.14310935,0.30309114,-0.190166,0.13786647,-0.32005996,-1.0093582,0.45502377,0.5175376,-0.75402695,-0.3270605,-0.44057727,-0.019455016
microbial_community,-0.14529645,-0.3046841,0.42756045,0.36848158,0.7614378,-0.8649608,-0.021274693,0.38424766,0.15660693,0.30703884,-0.81378615,0.029798819,-0.35752136,-0.053877395,0.2797973,-0.87211573,-0.2996662,-1.0299486,-0.2711628,-0.27639455,0.48594764,0.26250154,-0.26981345,0.48999643,-0.3756114,0.5144571,-0.06436684,-0.39474615,-0.7958833,-0.19682406,0.029053902,-0.64476997,-0.255381,-0.47928596,0.21569522,-1.0253932,0.36771086,0.28816497,0.15745357,-0.5584603,0.27995297,-0.16747704,0.58295965,0.027947683,0.94819546,0.2770115,0.611197,0.86608213,0.074125595,0.23366977,0.2258127,0.08687925,0.039252806,-0.81558627,0.70571417,-0.29323313,-0.11473924,0.40406153,-0.49060306,0.5637258,-0.43998393,0.817847,-0.9598416,0.32259968,-0.37629977,-0.13537145,0.3252466,0.38262868,-0.21061295,-0.34301636,0.41382256,0.1566322,-0.4189036,-0.9081762,-0.05122041,0.3969518,-0.5284063,-0.2613392,0.22441083,-0.80707294,0.0006612031,0.25046894,-0.29478315,-0.15778616,-0.4860289,-0.81651586,-0.5237932,-0.9093261,-0.33042184,0.6608485,-1.0370859,0.2902272,-0.026606098,-0.3976512,0.05459244,-0.14144793,0.41572937,-0.05249419,-0.53466946,0.22301266
chemical_composition,-0.11890918,0.82124466,-0.7650079,-0.14779957,-0.14386867,0.28748035,-0.24950571,0.47412047,0.04253024,0.11353909,0.11394172,-0.40552416,-0.6626498,-0.26127055,-0.038412288,-1.2132497,0.78910834,-0.5354708,0.029503336,-0.5989315,-0.56272423,0.17244913,0.3352871,0.58521414,-0.5404838,0.9174668,-0.45021534,-0.023619672,0.21991006,-0.088035114,-0.3115594,0.03152369,-0.30892235,-1.1242205,-0.72002816,0.57508105,0.4820501,-0.41764575,-0.08811048,0.061908998,-0.31099153,0.6012216,0.28776136,-0.23249933,-0.32314327,0.4865417,0.3904996,-0.36002,-0.4595494,-0.10307514,-0.03644774,-0.55506855,0.017070647,-0.09320448,0.40212935,0.8860024,0.1308612,0.41849297,-0.038887486,0.53215164,0.36276352,-0.5416066,-0.40815184,-0.4995173,0.18124183,-0.52329856,-0.057609815,-0.29295942,-0.96288174,0.05673558,0.13885796,-0.9663086,0.2173288,-0.02304633,0.65695363,-0.42398995,-1.0020748,-0.41651258,0.2633229,0.27137026,-0.16874336,-0.24663034,-0.9038019,0.11774562,-0.59895974,-0.1253238,0.67317045,-0.4361376,-0.1459101,0.42375433,-0.47486493,-0.3616862,-0.59633374,-0.56258994,0.37284324,0.64338344,0.6552278,0.38944864,-1.2228104,0.3430172
genotype,0.4937121,-0.49679682,0.281234,-0.008279242,-0.0038544096,0.05746739,0.820117,-0.42054346,0.23938492,-0.14723697,-1.3012539,-0.34021553,0.21290408,0.019988598,-1.3846114,0.17121987,0.75780827,0.37278172,-0.18316452,0.24549136,0.07625705,0.11835191,-0.0026033716,0.37950662,0.26437366,0.04724668,0.0032251324,0.2010778,-0.8034754,-0.543835,0.17509493,-0.45369747,0.12819621,0.08612707,0.18203013,-0.6790782,-0.10524834,-0.6317659,-0.15518486,0.38225377,0.22004905,0.18182348,0.2702069,-0.26648447,-0.20753504,-0.16089381,0.23481077,-0.1739283,0.84019756,-0.037803035,0.3271886,-0.42260197,0.022872234,-0.41185263,-0.4329731,0.14951962,0.06124099,0.11440447,-0.16407286,0.94899184,0.33857685,0.13457865,-0.55302554,0.13878612,0.11503933,-0.43260884,-0.12041393,-0.3718489,-1.2056587,0.21719904,0.03400939,-0.16293049,-0.009485202,-0.1513193,0.18967134,-0.39301127,0.6318437,-0.31467494,-0.47779885,0.07611267,1.0659275,-0.36095557,-0.10239796,0.10645537,-0.4353226,-0.44580942,0.11948128,-1.0421381,-0.9390687,0.59382194,-0.3402188,0.6895066,-0.33541235,-0.43735078,-0.15901047,-0.22420236,-0.006760663,-0.5478217,-1.0369754,0.31282386
micrornas,0.53021306,-0.43049178,0.47832492,-0.53242016,-0.13750038,0.566839,0.68469113,-0.64010906,0.3179133,0.73496866,-0.99325407,0.17699414,0.37582,1.1102278,-0.17364712,-0.51477075,0.5403858,-0.8065194,-0.197135,-0.15723528,0.5255406,0.22243027,-0.76815784,0.7000071,0.45269847,0.3469527,-0.58098966,0.04849971,0.5016269,0.81228906,0.4081464,-0.34259623,0.25021878,-0.012174643,-0.27286917,-0.14978336,0.016746916,-0.4851146,-0.05067761,0.3768174,-0.49320143,-0.045124993,0.48542354,-0.29176217,0.7969758,0.24479021,0.11705476,0.8886421,0.5260903,-0.27439168,1.0575777,-1.3337352,0.26003572,0.008232274,0.73799115,-1.0902843,-0.31365612,0.39711604,-0.057131194,0.1954077,-0.018248133,-0.59528065,-0.48943624,-0.45116332,-0.12634876,-0.19684392,-0.4141151,-0.52556187,-0.003674021,0.40381378,0.40139738,0.42154095,-0.06565009,-0.83735335,0.07191498,0.01429802,0.8446231,0.27971533,0.060317576,-0.05681501,-0.065008596,-0.32296157,-0.8970436,-0.0033833983,0.020268422,-0.3018767,-0.55740684,-0.36542067,0.10127348,0.4480024,-0.5404012,0.36152688,0.22515716,-0.4783188,0.43016902,0.706556,-0.5387485,0.0762523,-0.47322196,0.5151124
antioxidant_activity,-0.07218748,0.21749666,0.21038245,0.047119632,0.6698936,-0.10573045,0.30121568,-0.37114275,0.8253417,-0.080919325,0.33585957,0.102973856,0.18817629,0.7375889,-0.4187006,-0.15784866,0.24193838,-0.6996654,0.16503474,0.47106826,-0.52973855,0.4984568,-0.8373366,0.07478323,-0.310336,0.4954826,-0.37195396,-0.028807353,-0.21579999,-0.108661585,1.1803447,-0.14822462,0.64993757,0.15751952,-0.042789742,-0.5556718,0.12781511,-0.74284625,0.47591445,0.6250375,-0.20905986,0.27965498,0.23046277,0.06151754,0.7987586,-0.44234288,-0.07762822,-0.15646808,-0.41590485,-0.29663008,0.13562979,-0.6950432,0.49306434,0.06485601,-0.45530415,-0.7146993,0.70210195,0.8138822,0.0106912805,0.20866762,0.63705206,0.04139976,0.21787551,0.18919182,0.8796255,0.6531918,-0.87982196,0.5019726,0.13052008,0.10667453,-0.3927571,-0.38616621,0.3375602,0.19961174,0.14876692,0.1975762,0.093308225,-0.001525761,-0.28564706,-0.07103612,0.6370776,-0.6219158,-0.0051880446,0.39795274,-0.57992184,0.056466017,0.10274141,0.2507687,0.8668954,0.11485403,-1.0223211,0.5618311,-0.44422445,-1.2929403,0.27551273,-0.09597657,0.034238774,-0.642683,-0.4941652,-0.15124582
dna_extraction,0.26767477,-0.5105718,-0.17963472,0.046911154,-0.07799599,-0.23655315,0.123860456,-0.2125386,0.56426287,-0.15265863,-0.83800936,0.021675644,-0.28684014,0.2609607,-0.42517734,0.1210439,0.17869504,-0.7686744,-0.31445482,0.50184315,0.7712709,-0.73503447,0.23476945,0.014026176,-0.13269176,0.029450145,-0.14131954,0.6650439,0.36869013,0.4705515,0.09086514,-0.7048027,0.43728152,-0.5960323,-0.17338035,-0.21835257,-0.098659046,0.705718,0.5254661,-0.014605802,0.87297946,0.18927367,0.6265327,-0.25394946,0.13347252,-0.28414974,0.18880574,-0.14302227,0.6418243,-0.30972683,-0.4063109,-0.2658761,-0.28890878,-0.8275626,0.71869045,-1.0401485,0.74656767,0.653849,-0.42927903,0.32162765,-0.02971653,0.25177264,-0.53479254,0.37989208,0.22920942,-0.06594956,0.40729958,-0.34421164,-0.5540994,0.43260062,0.4156799,0.62302077,0.052511208,0.096001886,0.2584247,-1.1697451,1.0036905,-0.61286867,0.16986229,-0.7662117,0.124643445,-0.0344941,-0.34682366,-0.050299425,-0.123304464,-0.32756013,0.12571894,-0.33700186,-0.16381682,0.6426737,-0.66479605,0.15831947,-0.099771604,-0.5313903,-0.30609608,-0.03622717,0.28992,-0.12983236,-0.37892774,0.81740457
obesity,0.14871392,-1.1447023,0.4101744,0.3801287,-0.07435692,0.47596508,0.07854243,-0.66793036,-0.23527429,-0.91795266,-0.5015206,-0.39972585,0.06324483,0.33054498,-0.21488419,-0.4994803,0.8145604,-0.34658414,-0.74209917,0.6632171,0.14544663,0.49425912,-0.631913,0.9316603,0.3533693,0.60487986,0.62034094,-0.07565818,0.34915748,-0.10104929,0.7871736,-0.037924062,1.0406679,-0.40203515,0.1546228,-0.3517732,-0.13330422,-0.18110831,0.12615617,-0.2462735,-0.5683754,-0.13533986,0.39624628,-0.13637738,0.8440916,0.042674694,1.1127552,0.49159387,0.24729869,-0.29249337,-0.4715343,-0.3606464,-0.47337094,0.06508027,0.70894337,0.19966802,-1.054843,0.15965095,0.20754887,0.43832928,0.23243615,-0.46140543,-0.56152654,-0.057824343,0.19807684,0.053159613,0.6233144,0.027372237,-0.7602206,0.14294542,-0.050333768,0.023109196,0.5933174,-0.40101978,0.38194722,-0.18051954,0.9510381,-0.37603417,-0.10963519,0.21312392,0.1810529,-0.50915533,-0.3578882,0.004147659,-0.6259111,-0.20349184,-0.05693628,0.37236193,-0.034907974,0.18229207,-1.2084777,0.2634383,0.3385199,-0.35302135,-0.21790284,-0.2367057,-0.2591838,0.35462147,0.023413198,0.51466095
lipid,-0.45921612,-0.946842,0.18479952,0.261308,0.37932333,-0.6970248,0.60555285,0.664526,-0.10016723,-0.43549588,-0.38387233,-0.27048254,-0.523911,0.13617127,0.7871564,0.068225205,-0.60720044,0.07351427,-0.64908403,-0.05025926,-0.08050983,1.4485275,0.13132879,0.30900678,-0.31043032,0.33159885,-0.6137758,-0.05380013,0.11768304,-1.0197017,0.43385094,-0.9508974,-0.0611602,0.14588353,0.20661728,0.17506164,0.7642727,-0.5102888,0.032944042,0.20058252,0.82031465,-0.54062635,0.2597816,0.31753278,0.5195006,0.37045386,0.45332855,-0.21600959,0.17448393,-0.73084486,0.31560543,-0.7471056,-0.6439862,-0.7245236,0.09455101,-0.19873005,0.09742007,0.60815907,0.04764564,0.3214823,0.17018566,-0.4302686,0.7725153,0.71018,0.4082142,0.11716659,1.2058848,-0.2570323,-0.71674806,0.14884344,-0.06201733,-0.44676495,-0.39263478,-0.044450704,0.037491996,0.38507667,-0.25982323,-0.3696462,0.42847165,0.27547982,0.19142582,-0.65098935,-0.0819685,-0.12181952,-0.05534738,0.047857735,-0.45227972,-1.4895189,-0.40881512,-0.105761044,-0.59340644,0.70911604,0.56659913,-1.3812312,0.29071727,-0.49555087,-0.7256294,0.10362348,-1.1184813,0.41298133
in_vivo_study,0.16931757,-1.1476302,-0.71432185,0.48746458,0.5148865,0.9131744,-0.31887874,-0.6662494,0.24076761,0.29388946,0.05566744,-0.27877054,-0.43702006,0.22609624,-0.30305603,-0.47457874,1.1606135,-0.1183926,-1.1236913,0.008863988,-0.008298032,0.26958576,-0.46815774,-0.21404599,0.27705705,0.018733047,-0.29101712,-0.37541482,0.04354467,-0.15442894,0.6779005,-0.32623643,0.051766194,-0.42423305,-0.0026726127,-0.026096353,-0.30094782,-1.0218159,0.30486068,0.17617173,0.6749883,0.18136343,0.13349982,-0.03263099,0.49386874,0.74510574,1.2595941,-0.39782578,0.4309092,-0.694864,-0.13253109,-0.6055545,-0.6498919,0.34043562,0.16552736,-0.0030009279,-1.2940602,-0.6378794,-0.29866597,0.039714776,0.22026567,-0.7986277,-0.009751195,-0.22371544,0.4804921,0.04163483,0.4865235,0.58441573,0.17849185,0.12634891,-0.1457428,0.7465983,0.032011703,0.7878552,-0.096610114,-0.10149206,0.3227683,0.117686905,0.2156391,0.5097865,0.29075688,-0.7900236,0.15701655,-0.116753414,-0.7081432,-1.1164608,0.5560171,-0.71321166,-1.2287854,0.29722562,-0.6066827,0.17947824,-0.42582992,-0.47275287,-0.084992,0.18783687,-0.2724275,-0.2545711,0.11426546,0.3995819
molecule,0.32035437,-0.280144,0.33667904,-0.25277385,-0.17777762,0.02860258,0.267388,-0.17064667,0.29445037,-0.026988657,-0.38480002,0.8108589,-0.5516724,0.012923555,-0.18439874,-1.3920457,-0.040738888,-0.052026715,-0.08221323,0.020329684,0.5813061,-0.0055227396,-0.64069897,0.39015323,0.2908559,-0.21790156,-0.70141983,-0.62976074,0.54482186,-0.122096576,-0.08965266,-0.7298661,0.65581644,-0.47629815,0.4534916,-0.67470765,-0.05196361,-0.62744206,0.3569004,-0.11898022,1.0458865,-0.14577529,0.6598414,-0.7365751,-0.05234499,-0.38880202,-0.30820146,-0.25838915,-0.7058535,0.066054404,-0.97937495,0.47948214,0.6782597,-0.9116491,0.71097904,-0.17758226,0.42295614,0.29685277,0.13660139,0.22508368,-0.33775026,0.47070894,-0.021433793,0.39570004,0.676809,0.43697342,0.4215746,-0.01835136,-0.3857421,-0.036965664,-0.27841768,0.43772066,-0.12128905,-0.11572533,-0.620948,-0.072205044,0.4775187,0.15568002,0.5779058,0.2069673,-0.51494175,-0.2746603,0.39328584,-0.3779131,-0.5101542,-0.46557888,0.7094027,0.5928564,-0.5595367,0.61456573,-1.0516845,0.6655817,-0.8767119,-0.96204644,-0.3160326,0.1992287,-0.53115374,-1.1173346,-0.5161685,0.13817294
down_regulation,0.990609,-0.1327986,0.07588873,-0.41243324,-0.012405752,0.09298244,0.63666606,-1.0465801,-0.12254196,-0.2029183,-0.9102782,0.44529542,0.124982476,0.46079123,0.062353604,-0.653629,0.55472606,-0.33909106,-0.93839204,-0.27480662,0.30614272,0.20736237,-0.16050895,0.21133052,0.10648872,0.33777362,-0.28193328,-0.2848037,-0.0431482,0.39003965,0.19542208,-0.27282816,0.41138202,0.033513337,-0.47852358,0.22119811,0.06939893,0.2059024,-0.0056354348,-0.14614995,-0.2533919,0.4958299,0.34571442,-0.6801259,0.30123174,-0.29562873,0.17756467,0.58347946,0.44273627,-0.7697129,0.07117383,-0.6921192,-0.09152845,0.06304872,0.44729465,-0.6702531,-0.09017025,0.34900528,-0.3492586,0.026968451,-0.056904595,-0.20714736,-0.4087694,-0.3734508,0.020426141,-0.48564252,0.26041296,-0.7242855,-0.315237,0.17007346,0.1145869,0.22934796,0.0964437,-0.35991773,0.045710597,-0.05571915,0.31163305,0.006972149,0.13794956,-0.5948712,0.013194801,-0.24541304,-1.0038651,-0.5588498,-0.29352626,0.6421487,0.12881829,0.07798579,0.16119981,0.07004777,-0.63392955,-0.018797155,0.34657153,-0.82777524,0.45628154,0.41073328,-0.34081495,0.47427264,-0.31264088,0.20265236
cohort_analysis,0.9991107,-0.98787683,0.08830977,0.029494623,-0.51465017,-0.44509104,0.19481815,-0.32219702,0.51914835,0.7389315,-0.2545727,-0.4839659,0.19545072,0.8622077,-0.5129882,-0.3284081,0.55998665,-0.963073,0.37961948,1.4972489,-0.071194194,-0.3849272,0.51780814,0.6634261,-0.12367635,0.025860254,-0.348786,0.55154586,-0.47739738,0.27233765,0.38910675,-0.6795378,0.26857787,0.32948777,-0.03920603,-0.056371972,-0.7252091,0.03517308,-0.0831514,0.69755095,-0.57758784,0.4019761,0.7853067,-0.19029416,0.2781916,0.11007726,-0.24352428,0.6472398,0.24188574,0.15219478,0.2861669,-0.92582005,-0.4132354,-0.23086646,0.34186256,-0.49936572,0.019944558,-0.3266896,0.760209,0.41658652,0.43095502,0.20352554,-0.4643158,0.5346329,0.475413,-0.047432926,-0.26649567,0.57169574,0.11628029,0.5164991,0.783479,0.09286238,-0.014483434,0.24373087,-0.031292547,-0.22847983,0.26408798,-0.024188736,-0.31928313,0.15025783,1.0973608,-0.28126052,-0.29033634,0.3498551,0.6776078,-0.759533,0.20110194,0.39930323,0.6283671,0.71832985,-0.15488845,0.091969304,0.1684964,-1.2098169,-0.06053766,-0.31035805,0.48956802,-0.017360691,-0.77197146,0.72339153
cytokine,0.15832454,-0.27657983,0.21176556,-0.4848721,0.14697418,-0.01783847,0.4874194,-0.1736098,0.19875906,-0.47612828,-0.32418472,-0.059914682,-0.28843263,0.88704187,0.32190347,0.34276274,0.33353972,-0.19821595,-0.4964266,0.40237266,0.18262056,1.2050109,-0.064052075,0.17164631,-0.043609172,1.063694,-0.13702911,0.060602166,0.44731766,0.18766403,-0.6092915,-0.37187672,0.15439318,-0.7775721,-0.11151292,0.06887738,1.0170417,-0.4146705,0.16967626,0.1656765,0.079527125,0.47841203,0.5599857,-0.37981582,0.05349772,-0.36193886,0.025321491,0.36426052,1.2168688,-0.34047574,-0.40049648,-0.5828149,0.014132911,0.24115293,0.16893248,-0.122755036,-0.12608948,0.8103577,-0.14132977,0.33990002,-0.8118788,-0.10884489,-0.29191533,0.6209736,-0.26550934,-0.086986795,0.64078957,0.015641542,-0.84544516,0.0116381785,0.5037978,0.27625102,-0.17522854,-0.5111259,-0.04611907,-1.0361664,0.1702033,-0.16758712,-0.27915996,-0.35809416,0.15070142,-0.274695,-0.34012416,0.34530154,0.22955877,0.44729123,0.08199243,-0.84500986,-0.45361567,-0.13515784,-1.0167359,0.41569173,0.59989405,-0.34252506,-0.15535015,-0.35511956,-0.52326834,-0.053154472,-0.08702988,0.7062194
energy_gap,0.31757236,0.14973783,-0.9905796,0.4549145,-0.45347747,-0.3483211,0.3117881,0.27808005,-0.18235336,0.20895483,-0.41209605,-0.21684113,-0.48031536,-0.29736307,-0.36565498,-0.013172916,0.59246945,-0.7131649,0.072423466,-0.21579024,0.40580362,-0.013041152,-0.19715095,0.06277678,-0.27540082,0.112432055,-0.48294577,0.2991262,0.24537346,-0.4563092,-0.39858973,-0.21914259,0.07556292,-0.58253205,-0.07334876,-0.026730282,-0.17127553,-0.18585679,-0.2055815,-0.09824797,-0.13800156,0.3670195,0.16311674,-0.80560267,0.16010542,0.05550045,-0.32094187,-0.48132575,0.11388013,0.31002498,-0.45960838,-0.583365,0.3350574,-0.53425,0.43110237,0.4400811,-0.07437593,-0.39713693,0.14388092,0.7976779,-0.3681498,-0.37922361,0.42703336,0.8742348,0.997812,0.15101682,0.03864323,-0.41523594,-0.51026547,-0.5120237,0.43803108,0.27741718,0.05346909,-0.118678406,0.5234945,-0.4154057,-0.33483988,-0.2217943,0.17705055,0.58840823,-0.507443,-0.04116438,-0.4083894,-0.16051659,-0.3250298,-0.121672586,0.7910927,0.02920323,-0.068445586,0.7547966,-0.5512289,0.1612354,-0.39035985,-1.1827278,0.23452023,0.6467321,-0.16686796,0.48795545,-0.4974304,-0.032673597
porous_material,-0.1443699,-0.27993762,0.07031768,-0.24969195,-0.54622567,-0.04151039,1.0026526,0.30753827,0.19244093,-0.0040504853,0.28641275,-0.015546725,-0.9265245,0.8867445,-0.1339293,-1.2388575,0.35064223,0.09219827,-0.059050847,0.14702074,0.7201754,0.55302775,-0.78518194,0.57852644,0.26916394,0.0059250835,0.13635935,-0.00036748368,0.5058267,-0.48980734,-0.49049386,0.043411203,0.15780877,0.72473615,-0.3315966,-0.040933892,0.07161602,-0.45071638,-0.4332964,0.20788778,0.3446421,-0.16872714,0.13825004,-0.540304,-0.09369712,0.05438363,0.28352144,0.8058613,0.28986964,-0.09938991,-0.69860435,-0.3819491,0.65074706,-0.1796952,0.65574557,0.16019726,-0.5940457,0.42150283,-0.10672479,-0.30009705,-0.081456795,0.21164332,-0.31729448,0.65196216,0.36454418,0.59525067,0.12225335,-0.3518988,-0.14367734,0.13421021,-0.08540035,-0.27543646,-0.66133773,-0.19810644,0.49582162,0.4961355,0.32302576,0.37396884,0.5033869,0.22704126,-0.16507266,-0.10707868,-0.26776326,-0.8845547,-0.19797373,0.06044244,0.136897,0.43272322,0.22241592,0.7624093,-0.7635582,0.7793389,-0.6879342,-0.71131194,0.28816974,0.32487008,-0.4084994,0.39125505,-0.9084907,-0.05968236
property,-1.0069665,-0.050369944,0.31734428,-0.019783221,-0.5711011,0.97199553,0.592566,0.17818147,0.5332845,-0.44308698,0.4546798,0.9090595,-0.25734976,0.44884092,0.09647843,-1.3231654,0.69288033,-0.023627352,0.49618614,0.12115575,-0.887364,0.17371601,0.33171985,0.35755667,-0.20377445,0.19238742,-0.26694122,-0.7701974,0.7061631,-0.26267388,-0.6536621,0.14901075,-0.111242265,-0.14244509,-0.5002975,-0.12580587,0.80306286,-0.4502145,0.7011113,0.3050821,-0.24823356,-0.3973172,0.49133506,-0.41687563,0.27163416,0.99639785,0.542637,-0.21377948,-0.33508906,-0.18132019,-0.7385572,0.06583904,-0.56857866,0.24227475,0.82124543,-0.03556145,0.13113642,-0.48023736,-0.31863463,0.88045657,-0.11412394,0.13945757,-0.10420242,-0.06164501,0.40260872,0.22363625,0.34744197,-0.06779373,-0.62129223,-0.9043324,-1.1785414,-0.21369493,-0.059165057,0.0050570513,-0.098789625,0.037000142,-0.92487556,1.0221992,0.57907146,0.35781404,0.37450352,-0.44298908,-0.13284084,-0.19306727,-0.71577555,-0.20786944,-0.06697036,-0.19604851,-0.15715158,0.4705739,-0.9048553,0.42750496,-0.916726,-0.5313042,0.37879962,0.56829315,0.032278903,-0.36874864,-1.3396871,0.56142795
ion,-1.021633,-0.5267819,-1.2829465,0.3635141,-0.09145333,0.24755456,0.57310754,0.21722627,0.56635743,0.19999649,0.37346604,0.31542146,0.08949419,0.7199547,-0.055086695,-0.7537866,1.023797,-0.37081867,0.582331,0.26852357,0.0070677255,0.60350156,-0.3235766,0.63396925,-0.058912095,-0.41434973,0.42158505,-0.30140758,-0.024225263,-0.44614354,-0.5222875,0.08982747,-0.003281946,-0.34192517,-0.055337973,0.2282742,-0.77887446,-0.46155664,0.03915355,0.1817877,-0.4869727,0.3864172,-0.10320747,-0.08897724,0.3029591,0.49908468,0.29207018,0.56066364,0.2830333,-0.5427535,-0.027161842,-0.5491687,0.11831223,0.4038432,1.1781533,0.2822681,0.623322,0.00086116965,-0.2624892,1.1528583,-0.23501346,-0.06331578,0.1656721,-0.29094064,0.6307303,0.1598884,0.7513033,0.51345664,-0.29266083,-0.6599887,-0.09571616,-0.26922485,-0.19353002,0.35262653,-0.17768633,0.24103718,-0.44829285,0.2881675,0.53936976,0.7136135,-0.025634069,-0.5803783,-0.2226599,-0.26240557,-0.122385815,-0.19462433,-0.58464676,-0.24063216,-0.5517575,0.7335015,-0.55005443,0.14963078,-0.83796877,-0.7872338,0.39873597,0.76051885,0.30725387,-0.49472103,-0.26445675,0.057572156
diastolic_blood_pressure,-0.5654715,-0.91249484,-0.73664093,0.41979724,-0.40614977,0.3903832,0.096765354,-0.5611384,0.30723584,-0.5715931,-0.80378497,-0.32219037,-0.52123666,0.019562457,-0.24453022,-0.43005902,0.83012927,-0.19903828,-0.02898108,0.09058785,0.15853204,-0.08219686,-0.3037827,-0.28409767,0.12411468,0.4235661,-0.10518071,-0.8690796,0.26453075,-0.029735057,0.009996909,-0.0038510296,0.5272824,-0.7394956,0.06261267,-0.5531421,-0.0905586,-0.18835115,-0.21405852,-0.12450641,-0.27004752,0.17337798,0.27078345,-0.15363763,0.27932215,0.21082315,0.7579964,0.19042826,0.54616994,-0.2537844,-0.4163706,-0.33535805,0.25164032,-0.042926777,0.1477328,-0.47657797,-0.92912936,-0.4864037,0.11071889,-0.08573662,0.20151936,-0.8278002,-0.56731755,0.2925913,0.18420279,-0.05623287,0.014562619,0.39911675,0.12179885,0.21451792,-0.509462,0.2996727,0.014051926,-0.18056479,0.2667206,0.042587973,0.0767811,0.22864515,-0.086544625,-0.2594553,0.81570643,-0.52480626,0.07064359,0.27032128,-0.0025628651,-0.8531635,0.8067225,-0.2156655,-0.7180909,0.39532706,-1.1590463,0.095888525,-0.34729686,0.10168365,-0.09692256,-0.010844814,-0.016231129,0.07348961,-0.23506439,-0.13816068
physiological_stress,-0.09927974,-0.334849,0.56568384,0.3815798,0.23126489,-0.330631,0.40104163,-0.19707985,-0.10278586,-0.49250388,-0.66387606,-0.2051044,-0.38799387,0.44288716,0.48979482,0.1226879,-0.14035493,-0.23477119,-0.25939742,0.6827349,0.3636355,-0.51128536,0.022121435,0.42509592,0.8108113,0.9263728,-0.6137667,-0.29188555,0.3122651,-1.255874,-0.65994024,-0.32304475,0.56534195,-0.21134467,-0.39116818,-0.100558326,0.9437103,-0.24286956,0.00068389875,0.41216964,1.985271,-0.09824815,-0.3237425,-0.11721441,0.41021237,-0.15954788,1.0848486,0.4751383,0.42099857,-0.038328893,0.111058004,-0.56701833,-0.2447015,-0.2911994,0.6340206,-1.2634076,-0.90594316,-0.15353853,-0.14362554,0.35543907,-0.8726395,0.81862676,-0.016625471,0.9364494,1.0947235,0.55819243,0.760172,0.25301453,-0.408925,-0.1320112,0.07628482,0.33073935,0.800495,0.01810762,0.7372243,-0.36018726,-0.1767492,0.3853432,-0.5439515,-0.7030923,-0.6196611,0.53049874,-0.21077201,0.15436961,-0.16762899,-0.39526767,-0.14593084,-0.37602368,-0.41498443,-0.09277355,-0.88868296,1.056658,-0.07791091,-0.35157454,-0.012810367,0.14112774,-0.37677982,0.24906376,-0.15652597,0.9845118
signal_transduction,-0.00757536,-0.8014734,-0.011762793,-0.5441266,-0.11885529,1.323362,0.020300454,-1.0555334,-0.42268372,0.3641932,-0.7253349,0.073822275,0.5141606,0.70507604,-0.14957227,-0.1655549,0.69091815,-0.023572197,-0.57966375,-0.048705507,0.055055466,0.4978251,-0.0680262,1.0248739,0.5309154,-0.078447774,0.49098703,-0.76567286,0.3474946,0.37021357,-0.4531548,0.95207673,0.87026054,-0.46177107,-0.7182912,-0.07415901,0.22602855,-0.9749069,0.26818287,0.022926202,-1.026695,0.63501406,1.0478871,-1.095947,0.048110567,0.29338288,0.6125887,-0.2416714,0.37442863,0.04902008,1.0395687,-1.0011969,-0.44002888,-0.13371213,0.35287133,-1.1611993,-0.92094415,0.7274782,0.25347632,-0.16847813,0.77170473,-0.16272563,-0.5093728,0.23260416,0.33236983,0.3011133,0.1480696,0.028357364,0.13970043,-0.9988248,-0.07765427,0.4319083,-0.5148532,-0.731532,0.86328727,0.507434,0.48846707,0.24001254,0.4437304,-0.53930295,0.31939998,0.24473454,-0.8353978,-0.36318478,0.037183885,0.10399994,-0.69052094,0.10883456,0.009795893,-0.24024187,-0.60598063,1.2523849,-0.5280159,-0.07780143,0.300845,0.37467816,-0.8867106,-0.32763875,-0.80668265,1.2252007
preschool_child,0.006700921,-0.61418015,0.2518612,-0.97013825,-0.5287711,0.109769136,0.13660708,-0.30020553,0.042611763,-0.26715994,-0.7232584,-0.537459,0.7984484,0.6061731,-0.8188795,-0.14228329,0.5338772,-0.77476335,-0.1029528,-0.73437524,0.065029405,-0.15370911,-0.1540208,1.4860603,0.079393946,-0.017912185,0.08418876,1.0303535,0.054074213,0.5098241,-0.44823563,0.45455378,0.38673934,-0.34112215,0.062959634,-0.8910296,-0.32236516,-0.81441724,-0.4113072,-0.20701511,-0.011384804,0.11221628,-0.10879333,0.04223842,0.58433926,-0.025381807,0.090876244,0.4925648,0.55650413,-0.03552983,-0.1642922,-1.2901161,0.46739918,-0.20052083,0.23603116,-0.38659292,-0.5893368,0.032033093,-0.6861098,0.8407854,0.14193863,0.18894641,-0.86618257,0.016429655,0.48224878,0.10332479,-0.6115919,0.14002913,-0.5644294,0.25943825,0.20382582,0.12641251,0.04240897,-0.8376184,-0.09079082,-0.31423214,0.311095,-0.5238926,0.1309199,-0.007640521,-0.070584185,-0.40298793,0.29368848,-0.5967702,-0.5381659,-0.005337474,-0.37019134,-0.3168461,0.36696303,-0.005278249,-0.20775998,0.904462,-0.64727676,-0.5076736,-0.83880144,0.086745195,0.23245496,-0.29078388,-0.16718297,0.13445169
lithium_compound,-0.775326,0.077475734,-0.64028484,-0.15658762,-0.66441536,0.08682933,0.30265203,0.1521223,0.86598027,0.061831497,-0.40670353,0.66731614,-0.19936793,0.23075332,-0.11270551,-0.15497653,1.040016,-0.47739524,-0.013219831,0.06316909,0.3847276,0.4090855,-0.40733454,0.49045095,-0.25494206,-0.35159808,-0.34137502,-0.2936247,-0.14077836,-1.434207,-0.7168121,-0.51159346,0.54849774,-0.10929032,-0.10550827,0.5148135,-0.44440663,-0.6851309,-0.14738421,0.2856254,-0.35669452,0.08548543,0.41043624,0.19427139,-0.124452256,0.3625275,0.058063,0.19120996,0.2680781,-0.6407427,0.05439192,-0.18800719,0.66759574,0.39449644,0.7145424,0.53183144,-0.06822761,-0.49182242,0.05204052,0.99010247,-0.5912523,0.03567899,0.14717603,0.3032885,1.0149658,0.58921486,0.5287536,-0.2390427,-0.34450307,-0.25431943,-0.51184124,0.023092505,-0.38451967,0.27188456,0.20395432,0.31475422,-0.6568257,-0.0023236324,0.59543496,0.7014105,-0.56122136,-0.83304894,-0.22656178,-0.19742392,-0.4232507,0.121681646,-0.3584411,-0.09239517,-0.22554968,0.48498857,-0.3385688,0.55464333,-1.0610529,-0.6781239,0.38761258,-0.016970722,0.26172423,0.37768134,-0.114348486,-0.724076
ii_vi_semiconductor,-0.3324392,0.39767018,-0.8264688,0.16394944,-0.26291755,0.47165337,0.5317799,-0.2305071,0.064661674,0.31253186,-0.37101883,0.6764748,-0.5843324,0.17335305,-0.36614373,-0.9279353,1.0674146,-0.7784212,0.15558514,-0.2205486,0.4227351,0.009921755,-0.23025721,0.425347,-0.41179037,0.16047107,-1.0011748,0.0010134028,-0.6008346,-0.43820977,-0.45578375,-0.4352758,0.684462,-0.6454377,-0.108272456,0.49928305,-0.45568824,-0.17213334,0.28286198,0.0960936,-0.5160231,0.16141517,0.88109916,0.08085729,0.49842468,-0.05806589,-0.18515033,-0.45143783,-0.12727843,-0.48500353,-0.48332715,-0.36629516,0.19267572,0.11932272,0.49431086,0.41701612,0.4702289,-0.27038154,-0.34834075,0.97406787,-0.81996584,-0.26374146,0.27132154,0.67879945,0.95063186,-0.12357364,0.26321197,-0.8086574,-0.47228053,0.062101033,-0.0102511775,-0.33416823,-0.30546558,-0.11174272,-0.22510006,0.4359241,-0.5822604,-0.55320656,0.55864143,0.5874467,-0.5904364,-0.5227177,-0.548402,-0.40131852,-0.13682894,0.28134018,0.56167156,0.012253723,0.27173406,0.5492067,-0.46982107,0.038952716,-0.54682916,-1.1337196,0.47426084,0.2768429,-0.24049991,0.4392858,-0.38224152,-0.10147204
glass,-0.29269734,0.15255913,-1.0112696,0.20696284,-0.6388184,0.12580857,0.41954857,-0.0143647725,0.46899804,0.22278388,-0.44331992,0.28535357,-0.26500207,0.23236561,-0.5557298,-0.99611413,1.1912652,-0.7071403,0.18601152,0.20029896,0.29620725,0.60740113,-0.70951766,0.59138834,-0.18399765,-0.10241409,-0.6164256,0.3104304,-0.03730241,-0.2730312,-0.09173785,0.07887125,0.31991693,-0.86945045,-0.13027914,0.6622121,-0.66477144,-0.30933622,-0.2824407,0.3514375,-0.7598543,0.14921701,0.077028826,0.17781277,0.2850651,-0.108994484,-0.2985609,-0.18798664,-0.17869791,-0.45854858,-0.36652163,-0.5589622,0.21057333,0.1685794,0.805657,0.7862637,0.16719863,-0.374329,-0.06774985,0.98351663,-0.3791754,-0.5887396,0.1609675,0.4929313,1.2845994,0.03327212,0.45842105,-0.0909355,-0.3599282,-0.030763503,0.17317715,0.20972571,-0.16236395,0.09705968,-0.041819546,-0.09975983,-0.32920012,-0.22414918,0.06981301,0.6592317,-0.4876605,-0.55152893,-0.28782457,-0.086546265,-0.0070775407,0.21190898,0.644927,-0.024711268,-0.3499371,0.65135884,-0.64133775,0.043447874,-0.7256244,-0.8124987,0.45323578,0.4907694,0.21298733,0.39270878,-0.5947265,-0.31098258
rna,0.70301646,-0.4316002,-0.23989716,-0.27534908,0.8765494,-0.07893649,1.4970428,-0.80266714,-0.8346594,-0.49498862,-0.7630101,0.40141162,0.023095613,0.09665646,-0.18179184,-0.68976516,0.0752924,-0.25046998,-0.03259267,-0.18531634,0.6059876,0.39530265,-0.08568162,0.75361466,0.540322,0.09687254,0.4399615,-0.7253609,-0.49637455,0.46423563,1.0793701,0.34261432,-0.6441762,-0.26542714,-0.34311533,-0.09590131,-0.1086681,0.30625033,-0.06572374,-0.18553278,0.18956797,0.19364263,0.5988251,-0.46977976,0.7114485,0.1989542,0.07538236,0.7845231,0.34327862,-0.07094502,-0.14235075,-0.56046146,0.4623307,-0.13131113,0.8115789,-0.7820342,0.42249867,0.4455367,-0.82561845,0.8359379,-0.20760971,-0.3323841,-0.7290784,-0.8013008,0.31825793,-0.6127665,0.43598047,-0.50769895,-0.658185,-0.30047995,0.12077377,0.115012385,0.445186,-0.1682455,0.16911075,0.35320398,0.030696215,0.32967088,0.20644519,-0.9706741,0.32833374,-0.5866517,-0.51411533,-0.62094885,-0.5569263,-0.08887597,-0.60987765,-0.8334345,-0.5641223,0.78739625,-0.5590853,-0.16323014,-0.3234378,-0.51726073,0.7440088,-0.18201722,-0.31832367,-0.8324876,-0.96611196,0.28302327
microbiology,-0.17592898,-0.11388749,-0.2620319,-0.24502139,0.7495337,-0.33522794,0.47662416,0.3907997,0.32408693,-0.022680854,-0.17329754,0.49266338,-0.7802015,0.11780452,-0.6165579,-0.3400973,0.32465175,-0.7191354,-0.33956283,-0.42948574,0.5541576,0.012410232,-0.46881932,0.4429096,-0.1755747,-0.3268423,0.45473248,0.25934353,-0.3998898,0.0050950833,-0.03457174,-0.3653116,-0.48464495,0.012178484,-0.29214403,-0.7540026,0.14343725,0.1971955,0.14975023,-0.13036846,0.0721496,0.042646013,0.5798562,-0.3232807,0.48328468,-0.026804669,0.57713896,0.40782607,0.30532718,0.12160035,-0.19411436,-0.40691105,0.52548337,-0.5351019,0.62934124,-0.2484835,0.3074342,0.74024284,-0.46267667,1.0384852,-0.25739673,0.7653175,-1.0050343,-0.49932304,-0.43096063,-0.5546096,0.3534967,-0.21618082,-1.207936,-0.13610812,0.15476757,0.0041253953,0.049581263,-0.15541066,0.5289449,-0.24665518,0.21303396,-0.1545089,0.0004291937,-0.66083926,0.46547556,-0.23028375,0.012811932,-0.16217205,-0.43898654,-0.30983832,-0.39280388,-0.15797074,-0.29286397,0.76235926,-1.0206411,-0.33758911,-0.6495014,-0.06334016,0.13345534,-0.15550506,-0.24325362,-0.8291666,-0.46055728,0.5665008
bacterium,0.025326207,-0.87730575,0.23028521,0.4306106,0.07338007,-0.91849595,0.3733625,0.28292987,-0.35773325,0.23763756,0.36875302,0.018551273,-0.65977436,0.047600172,0.21414381,-0.7114829,0.8195842,-0.54331505,-0.3267298,-0.14467394,0.5155234,0.31336924,-0.1446616,0.54655457,-0.9288258,0.18197614,0.33549142,0.41119614,-0.62113965,0.42305863,0.439291,-0.75693786,-0.072505526,-0.02348396,-0.1712225,-0.6701184,0.16371092,-0.14278664,0.5536829,0.059660397,-0.004482292,-0.15009505,0.3502238,-0.42835802,0.7107457,0.5164379,0.54916626,0.33904502,-0.23925936,-0.31184426,-0.26647115,-0.08415884,0.38086003,-0.24669993,0.5429939,-0.29501894,0.45986098,0.8702239,-0.46837673,0.5317088,-0.026832769,0.07008354,-0.14246106,0.29722,-0.21759692,-0.17921901,0.36338502,-0.103381485,-0.7122349,-0.3246583,0.088082254,0.4448108,-0.23810408,-0.38457796,-0.508218,0.14882112,-0.030953744,-0.29675207,0.031202089,-0.2893808,0.2872211,0.008333147,-0.3198696,0.031973727,-0.39198315,-0.72133005,-0.28942177,-0.4326457,-1.0662571,0.4389259,-0.33409026,-0.42781323,-0.75783086,-0.097773775,0.53957194,-0.2203767,-0.10482184,-0.6773929,-0.7463288,0.33804196
crystal_structure,0.78400254,-0.13336962,-0.3167085,0.40080768,0.12800246,0.5227153,-0.065170385,-0.055454552,0.10304105,0.2000188,-0.18517248,0.15787421,0.37020063,-0.40930972,-0.8886943,-1.0269543,0.31816053,-0.20514971,-0.40180993,-0.20278707,0.48199287,0.6344206,-1.0001138,0.6438694,0.3897528,-0.18804398,-0.66115904,-0.61219037,0.6857836,-0.29896054,-0.18230757,-0.6555954,-0.20360674,-0.115046114,0.12468342,0.048633717,0.49079853,-0.21454921,-0.27429792,0.5612566,0.71878356,-0.24610764,0.8122246,-0.1743344,0.22729608,0.22844258,-0.5979847,0.7119851,0.17639779,-0.27405533,-0.79921263,0.09747984,-0.2582339,-0.0037815885,0.6145056,0.54245883,0.44967633,0.110336825,0.65525514,0.6257315,0.52137625,0.1656905,0.2979494,0.2619533,0.85631216,0.2706814,0.6890155,-0.11534806,-0.081935875,-0.025705874,-0.062057506,-0.10494026,-0.6887393,0.99673694,-0.024972094,-0.30602714,0.079326525,0.11117741,1.2019684,0.43439957,-0.3126459,0.50739026,0.33115953,0.70368814,-0.6154941,-0.5495592,0.7277154,-0.6397645,-0.24692327,0.7330163,-0.80637693,0.26204258,-0.52697223,-0.7207066,0.1164629,0.22951344,0.061101597,-1.0901421,-0.43523642,0.9099532
dna,1.2088314,-0.2102164,0.22912654,-0.6746531,-0.018543743,0.29192245,0.811999,-0.4103347,0.2541075,-0.07126284,-0.6018337,0.38894412,-0.6045619,0.02390817,-0.5750515,-0.30260563,0.18577246,-0.8277836,-0.23111255,-0.20617858,0.83308786,0.3595052,-0.3095288,0.5255946,0.0936348,0.20629816,0.43412715,-0.52927476,-0.46389115,0.40072033,0.7510028,-0.50630397,-0.6030452,0.41674197,-0.39549804,0.09999962,0.44342726,0.7925664,-0.012083652,-0.18720907,0.29453963,-0.07050442,0.1952182,0.2717525,0.52699965,0.5179753,-0.3007365,0.5638479,0.62473804,-0.11569488,0.46993667,-0.82023054,0.43560773,-0.4154796,0.5154787,-0.014245395,0.047538593,-0.17615454,-0.30122706,0.14929873,0.16026117,0.113332324,-0.22248311,-0.36655188,0.6456705,-0.6584315,-0.581686,-0.32116833,-0.29734546,-0.089776754,-0.16409424,-0.045910746,0.075834475,-0.5569579,0.8690093,0.08381594,0.11764137,0.11077772,-0.058180667,-0.99332887,0.074899726,-0.3308158,-0.66894966,0.011470249,0.16124943,-0.25964135,-0.30849683,-0.4006844,0.12599206,0.7692773,-0.42130467,0.18335488,0.1914365,-0.8289519,0.8786824,-0.43297148,0.5356304,-0.30488357,-0.8476147,0.1077611
me_xico,-0.3260993,0.24199314,-0.01293007,0.5190178,0.016444858,-0.5742282,0.30785486,0.14407349,0.027565222,0.511,-0.17428946,0.27383956,-0.8330709,0.6517159,-0.13758476,-1.7086006,0.46810052,-0.31261587,0.48962432,-0.02650602,-0.6381842,-0.079719394,-0.06852704,0.834419,-0.0042212885,0.22866161,-0.42579395,-0.21329977,-0.28976852,-0.2673988,-0.22338526,0.55733865,-0.4160127,0.10296838,-0.51803684,-0.1475726,-0.10281453,-0.5127988,0.4029078,0.11270119,0.09356862,0.32052168,-0.33700657,0.2511147,-0.18895166,-0.12294051,0.43778986,0.057158362,-0.4611761,-0.13357602,-0.7744528,-1.1450683,-0.20801431,0.04275124,0.37005872,-0.20572776,0.11560993,0.4563608,-0.60046923,0.13409863,0.68370867,0.49285114,-0.6470763,-0.20205024,1.063598,-0.14734729,0.87446016,0.08858664,-0.5523085,0.5000082,0.32284904,-1.3507335,-0.47399127,-0.16123107,-0.1658295,0.041861538,-0.6560715,0.08977928,-0.066090286,-0.8241706,0.4141489,-0.09174832,-0.15683118,-0.35116574,-0.39101475,0.57118535,-0.0007635252,-0.30477127,-0.56952894,-0.021008816,-0.22450265,0.039739996,-0.840902,-0.8664275,-0.22749592,0.2327859,-0.1991706,-0.2234165,-0.9818864,0.34075558
water,-0.37575042,-0.24146076,-0.71263605,-0.43570137,0.2319419,0.5965528,0.7580546,0.027532414,0.4428986,0.1679304,-0.2142797,-0.2908149,-0.1931016,0.43185642,-0.32795948,-0.75003827,-0.03977336,-0.6946291,-0.72489125,-0.03744437,0.20387967,-0.40354788,-0.06816832,0.60852075,-0.2665817,0.6353951,0.05410197,0.3320296,-0.6593833,0.03596841,-0.46768302,-0.48012385,-0.31540883,0.11155239,-0.22189315,-0.087695286,0.20703422,0.18119028,0.4804244,-0.18009274,0.9177366,0.8101552,0.4094915,-1.0284995,0.2160312,0.5401952,0.93137395,0.41074535,0.71687067,0.1931823,-0.406832,0.16509141,-0.1708996,-0.14317727,1.5702344,-0.32759452,0.19209546,0.5916075,-0.5719171,0.4645317,-0.00044519332,0.61429036,0.14718448,-0.40919498,-0.3939166,0.067569144,-0.03708679,0.7463468,-0.58262026,-0.88847166,0.2908258,0.08316132,0.3142814,0.7476265,0.20507109,0.44260445,-1.8444511,0.19295463,0.5257487,0.06104977,-0.24297364,-0.29489887,-1.180146,-0.43203026,0.19810314,-0.84365666,0.2530307,0.043435335,-0.6636949,0.6371695,-0.56848985,-0.20051478,-1.4444832,-1.0085807,0.77963257,1.2756344,-0.1702698,-1.2428806,-1.0264559,0.34573665
wistar_rat,-0.22724502,-0.36054963,-0.13695285,0.18199751,-0.074802436,0.6118824,-0.5681412,-0.7833748,0.33474764,-0.5047192,-0.43426085,-0.21003902,-0.41731775,0.6098653,-0.42474735,-0.42561606,0.41118288,-1.0520133,-0.23329012,-0.1688823,-0.09169465,-0.2568998,-0.22364531,0.664534,-0.058466576,0.7216293,-0.8432453,0.029873518,0.17941698,0.24719469,1.0086061,0.3306613,1.1706085,0.5507433,0.2918932,0.050666753,0.43547112,-0.92517287,0.22514284,0.43879783,0.03983888,0.22912134,0.01185083,0.10976886,0.84632826,0.2003778,1.119977,-0.38105953,0.08592256,-0.7395672,-0.35122615,-2.0063658,-0.3224036,0.3019587,0.082008004,0.23901886,-1.4939854,-0.57207704,0.07246758,0.81295156,-0.46110338,-0.40252554,-0.17280884,0.6857441,0.6009954,0.45633975,-0.5186532,-0.47712293,-0.4463021,0.25013083,-0.15722539,-0.21054007,0.7214,-0.78759867,0.6299205,-0.08776386,0.52265686,-0.63214093,-0.3533734,-0.15305018,0.83271396,0.05847946,-0.42068356,0.8579037,-0.44850442,-0.35933387,-0.2590703,-0.18578874,0.66759586,-0.2847431,-0.76092684,1.0760434,0.6321235,-1.3183153,0.18164155,0.34089026,-0.2227391,0.18856794,-0.3315542,0.18221891
lipid_peroxidation,-0.04774661,-0.13188432,0.036547966,-0.23748903,-0.19614597,0.14071038,-0.10401346,0.19427788,0.49002147,-0.6955127,-0.48053685,-0.21333933,0.33963647,-0.27442878,0.062453367,-0.5918137,-0.19371012,-1.0643882,-0.04186491,-0.20614034,0.24716869,0.09547333,0.34286702,-0.21420081,-0.33266363,0.6101174,-0.52422404,-0.15494543,0.15150893,0.39669472,0.60174525,-0.6765937,0.54774433,-0.5902584,0.5627081,0.11280235,0.66124606,-0.32898855,0.270197,0.5419024,0.25476536,0.084019676,0.5325188,-0.4899926,0.31423798,-0.12626559,0.13121238,-0.17800245,0.58207077,-0.9081217,-0.3691707,-1.1855452,-0.5946017,-0.40062708,-0.18544818,-0.6893051,-0.62705773,0.2060185,0.22062103,0.823532,-0.18598966,-0.07739409,0.015346944,0.48165652,0.79164004,0.009348061,0.55230474,0.65145713,-0.48677003,0.25299874,-0.55828893,-0.027301956,0.56926,-0.0088710375,0.26844865,-0.30550763,0.40734842,-0.29518852,-0.73236585,-0.7438089,0.55913645,0.017297,0.009556022,0.16418107,-0.21664874,-0.29328352,-0.34397593,-0.80937153,0.50761145,0.25910306,-0.34189275,0.6784175,0.087059684,-0.18120696,1.2531184,-0.009492526,0.2042956,-0.35144654,-0.049855813,0.63616073
polynomial,0.24313344,0.035310805,-0.14389037,0.43734643,-0.19344233,-0.6080699,0.50586903,0.3743892,0.07488135,0.2569513,-0.23516108,0.13238227,-0.73735094,0.1690964,0.28452623,-1.0801964,0.406122,-0.10038596,0.37711293,-0.066812165,0.25318143,-0.0389622,-0.4890238,0.6506627,0.14250685,-0.39051256,-0.2821224,0.29445064,0.27280602,-0.5493614,-0.31851527,-0.21217129,0.16445304,0.011824381,-0.060158886,-0.09969906,-0.24137846,-1.0157679,-0.36549082,0.022518517,0.1616499,0.10543749,0.124113604,0.001968745,-0.33795804,0.50138235,0.03200486,0.5255925,0.047378484,-0.09596994,-0.34739727,-0.13418424,0.71025133,-0.069205314,1.0096662,0.05880817,-0.236745,0.18623124,-0.4133757,0.4278464,0.059586246,-0.115497634,-0.34092453,-0.025117163,0.42381823,0.6649921,0.19538458,0.13175063,-0.24672663,0.061193533,0.4152184,-0.19344996,-0.3787703,-0.32515514,-0.27639857,-0.19571811,0.46109968,0.29199028,0.6108543,0.10851487,-0.64017886,-0.056526944,0.15924618,-0.43294337,-0.761106,-0.15952721,0.12511505,0.16926073,-0.6788549,0.18305512,-0.237712,0.4251258,-0.6298469,-0.39215127,-0.36006913,0.34549052,0.27761284,0.4730761,-0.3778466,-0.06978817
oxygen,0.07138607,0.19751969,0.5684099,-1.0003016,-0.24242005,0.78834337,0.22787514,0.46883643,0.7198036,0.7816576,-0.6429811,0.13160443,-0.20418712,0.36023936,-0.04705086,-0.7603965,0.1369713,-0.5580545,-0.6730459,-0.45140758,0.2993011,0.011749214,-0.44989002,-0.229565,0.111008435,1.3233435,-0.8469205,-0.14745045,0.06419801,-0.30941042,0.5385135,-0.64876986,-0.21010493,-0.63938123,-0.09286176,-0.0844182,0.72481227,-0.6620531,-0.37836507,0.63215584,-0.06208391,-0.0072236536,1.035777,-0.24572001,-0.6676862,-0.17777324,-0.5096619,-0.110520326,-0.08742132,-0.07037998,0.30768627,0.42855343,0.29460362,0.067733645,0.2158773,-0.16306491,0.23521115,1.0286975,0.047219694,-0.06751822,-0.39645985,0.02560143,0.056186467,-0.9643795,0.64715266,0.1867612,0.12993647,-0.29286766,-0.7947821,-0.20299608,-0.6672726,0.2678499,0.5738574,0.051703975,0.6204465,-0.18524317,-0.72442824,0.2059974,0.25747222,1.0435773,0.19322589,-0.5896564,-1.0676886,-0.065981224,0.32151908,-1.1595999,0.34297904,0.3706365,0.8832567,0.65241987,-0.5569142,0.2858422,-1.1102778,-1.3145814,0.29428875,0.3317096,-0.2243622,-0.42123798,-0.47059837,-0.16211316
differential_gene_expression,0.45317215,0.020534575,0.3521631,-0.46272916,0.18605484,0.59614354,0.88473433,-0.68729883,0.23915935,0.541689,-0.84722984,0.11829109,0.66410506,0.57625306,-0.17225102,-0.55194694,0.26197627,-0.4610687,0.021119405,-0.11013968,0.5015961,0.45764396,-0.45229647,0.6145282,0.23070358,-0.057794385,-0.49723637,-0.26800257,0.22392336,0.77955586,-0.051125508,-0.17143576,0.14232653,0.11060654,-0.39006546,0.017223246,0.15401854,-0.14425415,0.1800792,0.18841276,-0.5304461,0.10585995,0.19915098,-0.49337018,0.40558913,0.48520222,0.09700832,0.5493983,0.16064067,-0.27099422,0.5651204,-0.74621886,-0.036286302,0.08972448,0.6793848,-0.6857159,-0.099545814,0.05419868,-0.103169754,0.02842356,-0.045918487,-0.17547208,-0.4348592,-0.5146301,-0.08151942,-0.06577438,-0.2912892,-0.45421615,0.32174075,0.2524704,0.103767104,0.093405396,-0.063748926,-0.8064781,0.1675428,0.07116311,0.37422758,0.36163497,0.13381214,-0.14115256,0.09736679,-0.33568984,-0.7950001,-0.115864955,0.0020616315,0.018170813,0.040081546,-0.2507579,0.4569204,0.39317784,-0.5295924,0.33909288,-0.01811946,-0.5461618,0.40354207,0.4619421,-0.50852674,0.028359259,-0.8258508,0.6436546
rna_extraction,-0.1910701,-0.018045206,0.81733614,-0.6397857,-0.17379333,0.24369015,0.6922967,-0.5688605,0.46889913,-0.48297325,-1.1300308,0.8657626,0.12125506,1.0693232,0.75491875,-0.4557228,1.4781817,-0.9174337,-0.120248966,0.20563854,0.6086728,-0.27163118,-0.18218489,0.5074434,-0.0018873501,-0.014773023,0.06231325,0.21448132,0.14804278,0.47582722,0.1467351,-1.1755587,0.90055346,-0.4700408,-1.0089916,-0.13694654,-0.18050954,-0.48382518,0.6907928,-0.12007786,-0.28889576,0.3653977,0.44327694,-0.03652201,0.7054953,-0.2502646,1.4669774,0.18215142,0.02697487,0.07378119,0.44564763,-0.26562613,0.11034112,-0.050861515,0.63849115,-0.5653695,-0.31521016,0.5234502,-0.920807,-0.22151446,-0.5925896,0.56686777,-1.1272475,0.124894716,-0.009734718,-0.61527246,0.3331453,-0.49474806,-0.16276944,0.6463015,-0.06757684,0.34092894,0.31904355,-0.57673216,-0.11174338,-0.15117134,0.39883435,-0.78668845,0.0010307626,-1.0334972,-0.49995857,-0.53178674,-0.79515266,0.0004799018,-0.007937692,0.6131557,-0.83338743,0.003652652,0.09601002,0.37476036,-1.2807978,0.47063842,-0.3623481,-0.04091935,0.6928743,0.2913403,0.5346538,0.59684104,-0.7599673,0.36357066
immune_response,0.65641874,-1.056977,0.48516724,-0.54375964,-0.7526475,0.44281492,0.74982506,-0.99492383,0.99503523,-0.82270724,-0.8064403,0.15438975,0.104349375,-0.37589625,-0.2077096,0.052878775,0.36617976,0.089820094,-1.0620471,0.8074679,0.19032666,-0.13823852,0.65959936,1.0646427,-0.2709342,0.47013202,0.3186557,0.24544695,-0.052238386,0.21846274,0.33842576,-0.24992855,0.7359197,0.2829754,-0.46291324,-0.37488163,-0.7269281,-0.46063936,0.30151132,-0.118867114,0.35034648,0.9805697,-0.4157781,-0.64826417,-0.028417002,-0.4792582,0.35593867,-1.1094756,1.0056657,0.009342401,-0.32644144,-0.3692713,0.13856973,0.12987432,0.28397554,0.1861183,0.07880377,0.18252493,-0.73174953,0.77857465,-0.45957503,-0.2462539,-1.0148649,0.7875177,0.23066485,-0.39740917,0.63027257,0.09431333,0.33796102,0.011868747,-0.06037734,0.05179705,-0.44884622,-0.17568085,0.016973933,0.07561846,0.64858985,-0.093222044,-0.16706689,-0.9131299,0.6673675,-0.9345763,-0.54069877,-0.088935696,-0.81318486,0.6867392,-0.029804084,-0.68635565,-1.0957813,0.3957526,-0.5570501,0.107029006,0.19531138,-0.44419125,-0.24348971,-0.5445677,-0.11285991,1.1351235,-0.902752,-0.23001051
machine_learning,0.11958614,-0.538664,-0.11608761,-0.25771824,-0.6792782,0.1588873,-0.40376234,0.19887652,0.031870097,-0.100831784,-0.40584183,0.29461247,-0.68845975,0.74909973,-0.55809736,-0.76662433,0.5300885,0.06965021,-0.123392016,-0.07643814,0.065100715,0.5400207,0.107074335,0.2855696,0.120185696,-1.0033826,-0.058906935,-0.115960516,0.6933894,0.13040711,-0.6706599,0.12343961,1.0063028,-0.38176054,-0.013350161,-0.16179459,0.9272567,-0.46013546,0.084828034,-0.31116608,-0.28457493,0.3806197,0.9220002,-0.8779343,-0.77501655,0.019184455,-0.705695,-0.1649043,0.86112756,-0.30409688,-0.29406655,-1.1507834,0.12810174,-0.49684578,0.56532323,-0.050713696,-0.5192645,0.75794226,-0.44048667,-0.1523989,0.7733152,0.02358368,-0.66145307,0.5283378,0.17086212,1.3407983,-0.09854802,0.14817226,-0.59859025,-0.4528516,1.0347873,0.59391177,-1.0293267,-1.0508775,-0.6896545,-0.8463749,0.87580127,0.41262838,0.34084523,-0.43590435,0.1943144,-0.14202328,-0.17163606,-0.025450965,-0.80738616,0.0757708,0.43135232,0.0043935315,-0.4891912,-0.53668326,-0.9368773,0.13888963,-0.4318047,-0.0024200836,-0.24557242,-0.5409786,0.22927399,0.72782916,-0.5638009,0.96984917
hydrogen_bond,0.75519603,-0.44947195,-0.16451119,0.06769824,-0.17042291,0.7005854,-0.02118943,-0.80212015,0.33593276,0.3044394,-0.19594763,-0.23233958,-0.3090618,0.01837558,-0.3624807,-0.6253837,-0.14506072,-0.5375703,-0.46986216,0.24236171,-0.3113969,0.008448669,-0.32920787,0.2803093,0.23403506,-0.14638247,-0.28922388,-0.6709133,0.52871704,0.06638338,0.07789107,0.24508733,0.41015935,0.46758178,-0.16915695,-0.18486081,0.7624109,-0.6360579,-0.4738095,0.45705193,0.17453066,0.4625352,0.43630722,-0.5867891,0.006340197,-0.11063238,-0.36196357,-0.09265187,0.20241882,-0.60868514,0.046953466,-0.44067466,0.7230106,-0.028177,0.32888237,-0.1454699,-0.005392848,0.2645182,0.010862519,0.5653226,0.7066191,0.19132599,0.1803384,0.4484888,0.7703017,1.0774802,0.11334832,0.295599,-0.14563711,-0.78342754,0.23782603,0.41843778,-0.9092547,0.26206496,0.41792288,0.14248154,0.58953285,0.23385161,0.38379982,-0.015355445,0.06763594,0.21674912,-0.1038179,0.24001753,-0.54863626,-0.21422829,0.58063936,-0.5807629,-0.31859842,0.35488567,-0.5960239,0.6233257,-0.37362403,-0.36619312,-0.18397136,0.24563584,0.105465,-0.32752228,-0.5620294,0.36583352
catalyst,0.17843567,-0.34792903,-0.16759017,-0.016004452,-0.49187696,0.6462057,-0.35088816,-0.15689388,-0.05424496,0.07626669,-0.60148674,0.092951566,-0.1137085,0.0010177761,-0.4046128,-0.92878497,0.30004665,-0.2216334,-0.54314256,-0.22606057,-0.3433611,-0.30039823,0.14430602,0.40001556,-0.14924134,0.16316569,-0.7995806,-0.16524878,0.23412594,-0.34888792,-0.15769124,0.046783358,0.2501194,0.0997543,-0.3985831,0.19931388,0.70892066,-0.29898998,0.28326967,0.24387997,-0.42801526,0.06966279,0.9649583,-0.6122616,-0.60117626,-0.10410525,-0.5237826,-0.75462306,0.19264285,-0.68394595,-0.4072941,-0.3179729,0.038248945,-0.3220296,-0.05245292,-0.14365573,-0.677032,-0.19693503,-0.25493956,-0.12507276,0.58909094,0.28396353,-0.035609752,-0.48134145,0.9981836,0.8170657,0.007841245,-0.52901447,-0.062386386,-0.58998555,-0.73533833,-0.5094931,-0.4943068,-0.20028146,0.25116152,-0.3049387,-0.5007751,0.15416263,0.7784168,0.024646252,0.281063,-0.563333,-0.42666712,-0.35172722,-0.122698724,-0.23060359,0.2525163,0.16001916,0.22293396,0.15660688,-0.8459585,-0.4030802,-0.62717867,-0.013468132,-0.08263583,0.22353369,-0.15113501,0.2608515,-0.9234321,0.3790309
bat,-0.02766475,-0.3826353,0.0448724,-0.7304756,-0.45821914,0.20557787,0.16192064,-0.19763045,0.43592548,0.68165606,-0.57304424,0.4772977,0.36867356,0.6545325,-0.22917914,-0.045992263,0.6293293,-0.30546653,-0.39044842,0.31750906,-0.22555028,-0.4702079,-0.019576639,-0.4291046,0.22277968,0.2929234,-0.21596217,0.08052479,-0.17048772,-0.101332754,-0.39568463,0.19212632,0.25554478,0.11176482,-0.3395206,-0.6648392,-0.22304267,-0.6946582,0.7162351,0.05900058,0.56494826,0.3092617,0.2186972,-0.61605346,0.18782999,0.20412277,0.6361243,-0.6753626,0.46399468,0.12795945,0.1162007,-0.95910615,-0.04390962,0.18306121,0.4998801,-0.0775458,-0.24165036,0.13998938,-0.2878823,0.6108156,-0.8541266,0.5247199,-0.2145882,0.47129244,0.58911234,-0.47083238,0.49050432,0.027809745,0.034808796,0.39050162,-0.1918405,0.098508924,0.17193948,-0.14484163,0.0034353314,0.04663786,-0.031855367,0.06428612,-0.652558,-0.77007556,0.3278457,-0.20518103,-0.16413201,0.10768659,0.32075295,0.67101955,-0.041793853,-0.025908438,-0.5522683,0.41060737,-0.5693401,0.9869559,-0.47075447,-0.7411744,0.12757158,0.24279052,0.009953298,-0.01088874,0.039533105,0.59143174
plant,-0.8000552,-0.1190931,0.6104452,0.24989073,-0.63468826,-0.19599704,0.18424435,-0.11412578,0.5034968,0.5293048,-0.8201259,0.04661312,-0.5951292,0.45384708,-0.08890886,-0.5489702,-0.17399171,-0.4068658,0.18093543,0.5117612,-0.07901585,-0.59712374,-0.44288865,0.1358159,0.70624816,0.42760527,0.061983317,-0.325975,0.03032328,-0.5971548,-1.0264122,-0.21957321,-0.12961075,-0.02700209,-0.16268307,-1.0011638,0.3911884,-0.3349167,0.4031803,0.22777674,0.971026,-0.5763432,0.643716,-0.06917974,0.12579855,0.36303094,0.042863294,0.4102991,0.760002,0.16691348,-0.015961524,-0.27654582,0.020829596,0.085626066,0.68084013,-0.39447147,0.39017043,0.428403,-0.70079774,0.76152736,-0.18187848,0.8516205,-0.20142542,0.39674622,0.5470431,0.3660926,0.097138025,0.22839929,-0.21116555,1.0414985,0.68883044,0.22673431,-0.5194584,0.26417318,-0.3225827,-0.07372242,0.5072833,-0.012924815,0.6119923,-0.51420814,0.1267015,0.41709465,-0.2498802,-0.03719292,-0.56188077,0.09886297,-0.50086886,-0.70306844,-0.26752177,0.33308703,-0.0057888944,1.2798283,-0.45642877,-0.22625245,-0.26768386,-0.1385991,0.3895333,0.16766259,0.4552429,0.69631255
triacylglycerol,0.6643167,-1.2427434,-0.09252693,0.32365486,-0.11710731,0.2664117,0.08523451,-0.72563,0.4861229,-0.041114476,-0.9563208,-0.60022163,0.10968836,0.06664113,-0.6013161,-0.42121753,0.9811463,-0.5391259,-0.5155062,0.6127755,-0.17432924,-0.21974912,-1.0089055,0.72550964,0.689692,0.82296944,0.304724,-0.8925927,0.20807864,-0.26833004,0.1516611,-0.65259004,0.42765254,-0.29915887,0.081816986,-0.81090593,-0.32066584,-0.23892276,0.13544288,0.3465296,-0.6219467,0.43774176,0.21338527,0.15730518,0.4098274,0.37386715,0.75694966,0.69812167,1.4810958,-0.58840746,0.08541016,-0.63645744,-0.28101704,0.08410972,0.25098443,-0.34783044,-0.6999875,-0.6381483,0.33598158,0.65357834,0.50533235,-0.20895395,-0.93248814,0.120073885,0.30787107,-0.009891323,0.4914371,0.9311146,-0.39389452,0.26555505,-0.47551602,0.80649155,0.12528473,-0.2058566,0.5868966,-0.26685944,0.77982116,0.26343587,-0.13409188,0.12513764,0.57852703,-1.0314146,-0.38264823,0.19013324,-0.23823054,-0.8411399,0.46116537,-0.22517757,-0.58788896,0.33600613,-0.21478209,0.4249628,0.097346954,-0.026965192,-0.6835286,0.15296979,0.045215525,-0.19835825,0.17819408,-0.18210873
transmission_electron_microscopy,0.41270846,-1.2164382,0.77321565,-0.23569429,0.2002511,-0.5539819,0.15156043,0.23386212,-0.38244247,-0.17703274,-0.91077113,0.20852078,0.3901476,0.31526825,0.22402185,-0.78785616,1.1009113,0.31956735,-0.4140844,0.33236864,-0.3171922,-0.21000536,0.09968498,1.6150889,-0.33929196,0.14213228,-0.9084437,0.38043466,-0.63410825,-0.1396422,0.42476252,-0.37648734,0.35244912,-0.19524945,-0.49980915,-0.3573885,-0.36777502,-0.7930014,-0.24345645,0.28126612,0.14678013,0.78068215,0.13401318,-0.44564748,0.42670265,0.20748597,0.12480755,-0.15075874,-0.06929069,-0.5819297,0.7449602,-0.71141005,-0.4009301,-0.29541716,0.33221713,-0.34950623,-0.7257026,0.065786,0.07390709,0.21156998,-0.45096096,-0.5227099,0.37042138,-0.19030647,0.66536653,-0.44759837,0.20091881,0.1497046,0.93389124,0.5551166,-0.14349031,0.03064851,-0.46050954,0.5393251,-0.43561983,1.3083589,-0.32914707,-0.090687625,0.7715391,0.17732869,0.26089448,-0.7133272,0.2601129,1.2666979,0.1692564,-0.04387654,-0.17516817,-0.5118748,-0.033745836,0.028693106,-0.59710723,-0.4550474,0.23818403,-0.7642468,0.532535,0.057339482,-1.235536,0.45348257,-1.1611573,0.54951817
glucose_blood_level,0.32336867,-0.69253856,-0.20436445,0.19069864,0.01964132,0.18529248,-0.11452859,-0.47695938,0.49656862,0.026434645,-0.3993689,-0.73292154,-0.7645764,0.4681683,0.4017172,-0.73621505,1.1302707,-0.51800174,-0.6658831,0.509241,-0.3306848,0.1407927,-0.4169252,-0.122981615,0.25776112,0.43871987,-0.35606197,-0.79279876,0.53318405,0.42187917,-0.04940528,-0.2592369,0.3316413,-0.49624306,0.12881139,0.017415399,-0.30800745,0.00018698724,0.43044168,0.038709838,-0.29927897,0.34791413,0.4844292,0.13837981,0.3794012,0.064372905,0.91221535,0.8150016,0.21240883,-0.18452926,-0.8123904,-0.84255654,-0.35003477,0.5335427,0.20528406,-0.24052045,-0.94707507,-0.44556332,0.16134822,-0.14324738,0.5802107,0.32481748,-0.6919002,-0.0029728534,0.5929787,-0.05556924,0.68612474,0.56932116,-0.5804064,0.5916886,0.12291891,0.7367132,0.23261635,0.095523596,0.06458023,-0.32823175,-0.43730113,-0.19850338,-0.2625202,0.023000317,0.0876965,-0.7037049,-0.35474497,0.2541198,-0.44052398,-0.54712296,0.86212,0.49346566,-0.26136324,0.35535726,-0.67561877,0.33198082,0.08764266,-0.49885625,-0.6196358,-0.00022910196,0.20056382,-0.53057206,-0.12959845,0.12840381
biodiversity,0.1742532,-0.19258288,-0.5212007,-0.52142775,-0.23214237,-0.068928905,0.46666712,0.78100175,0.22887509,0.64724845,-1.015561,-0.2179129,0.0016982919,0.79345226,0.061395556,-1.0113443,0.2596773,-0.19164716,0.1905007,-0.15128613,0.19403091,-0.7272874,-0.79448605,0.33071455,0.56607246,-0.1807602,-0.501808,0.15210712,-1.003274,-0.6230922,-0.07122624,-0.5019615,0.15845561,0.4541964,0.08905987,-0.3383949,-0.14312574,-0.4411337,0.2295444,0.47146916,-0.19334228,-0.14359353,-0.047620833,0.055060294,-0.26164827,0.12836541,0.34530413,-0.2859817,-0.33331895,-0.40411216,-0.07279777,-0.9104461,-0.30070874,-0.33531204,-0.27228284,-0.3846193,-0.08008948,0.36667368,-0.72148466,0.4628864,0.0031010893,0.040163312,-0.51784116,0.032836694,0.5799297,-0.5426777,0.83579814,0.40361083,-0.10209154,1.3976364,0.44937408,-0.8257781,-0.37325123,-0.30048454,0.15366113,0.21261929,0.09296882,-0.12113226,-0.31789672,-0.48289588,-0.46266928,0.3723061,-0.12448499,-0.7836304,0.41804603,0.7464626,0.4463904,-0.19049276,-0.49357516,0.17490609,-0.103856675,0.41173008,-0.73827344,-0.32634905,-0.079327516,0.040589496,-0.36720687,-0.20005815,-0.4970937,0.29889336
immunohistochemistry,0.22871941,-0.3185373,-0.17804891,-0.385213,0.3272129,0.19649166,0.20498675,-0.60910106,-0.16835566,-0.50377923,-1.1331788,0.32962602,0.6056702,1.0692073,-0.7771254,0.10948335,0.10320729,-0.58970505,0.63192797,-0.025207851,-0.27706265,-0.32343537,-0.07201537,0.096668,-0.05476254,-0.84441906,-0.52770585,0.9597864,-0.39366558,0.074688025,0.80020833,-0.13410662,0.61255944,0.35053992,0.73019457,-0.46451357,-0.10670284,-0.31623447,-0.046729553,-0.219439,-0.36879784,0.1281673,0.7107681,-0.53759974,0.518703,0.5681416,0.20931728,0.49222532,-0.77670056,-0.4850442,0.0411782,-1.3667647,0.08874948,-0.38325226,0.4576361,-0.62568945,-0.7313047,-0.35941827,-0.4529366,1.3023083,-0.19862247,-0.2677723,-0.019461585,-0.2834595,0.7504056,0.19619712,-0.68608177,-0.12428307,-0.50595677,0.030531364,0.38238886,0.16575311,0.31314945,-1.2089335,-0.26920405,0.044202667,0.26833382,0.41114068,-0.3438069,0.0013829131,0.5323867,-0.013116411,0.22440411,-0.080017224,-0.5732036,-0.08319215,-0.43195805,0.023349572,0.9553306,0.949331,-0.79582804,0.3939471,-0.58914,-1.0763869,-0.0005138007,-0.35650858,-0.046720743,0.31818244,-0.17030534,0.042522512
histopathology,-0.005110965,-0.79227144,0.45198616,-1.7466189,-0.4594156,0.21724527,0.30125675,-0.19081494,0.2758756,-0.8006368,-1.1126218,-0.21993506,0.8736141,0.728188,0.063771166,-0.13199976,0.8681007,-0.5106663,-0.20500048,-0.1233023,-0.3222272,-0.182298,-0.118264854,0.070620365,0.20308512,0.103981726,-0.42219883,0.42923254,-0.11333595,0.3583057,0.3166156,-0.0076220524,0.20427948,-0.4796191,0.06200797,-0.5260893,-0.20777695,-1.3306895,-0.22935711,-0.100615084,-0.033166755,0.70467067,-0.20849593,-0.7528077,-0.008042286,0.019225715,0.2710325,-0.23643944,0.023983693,-0.074937284,-0.067024186,-0.99876744,0.55949616,0.22926986,0.5273175,-0.73827165,-0.40614602,-0.09481372,-0.101222634,0.9472947,-0.35563165,-0.111224525,0.24573207,-0.24881938,0.8125851,-0.414069,-0.11933615,1.1124617,-0.12319927,0.86803705,0.025331583,0.23869799,0.85260993,0.0098209735,-0.15017025,0.12058872,-0.22147314,0.5650105,-0.90956074,-0.1294589,0.2002034,-0.62562674,0.46872258,0.6080704,-0.21147573,0.60175276,-0.34389314,-0.2605945,-0.08944528,0.37831098,-1.4085894,0.45105538,-0.61895853,-0.3098434,-0.10873591,-0.40112558,0.01883442,0.3428639,-0.16088815,-0.1413503
histology,0.052608944,-0.4347306,-0.12256614,-0.89009315,-0.49358243,0.65850693,-0.14552873,-0.48965022,0.017466854,-0.13536826,-0.46723425,0.09634906,0.15837619,0.55446875,-0.19768687,0.21366234,-0.026132995,-0.65198314,-0.7449942,-0.15227237,0.10382754,-0.5444658,0.10503479,0.34589687,-0.3156566,0.31379312,-0.34925622,1.0363622,-0.23542447,0.5617547,0.53651136,0.20912847,0.800673,0.18907529,0.10819186,0.04871016,0.1600979,-0.5856118,0.49276522,0.12183411,-0.14001139,0.2981496,0.33118412,-0.0001579394,0.18056387,0.08950544,0.79759175,-0.11164607,0.34366181,-0.541229,-0.36453095,-1.2470866,0.38441026,-0.08280536,0.8444115,0.11315488,-0.87820536,-0.50283945,-1.2781322,0.82311046,-0.6794007,-0.07018387,-0.32086962,0.4951818,0.33883408,-0.07031415,-0.08267923,0.5891533,-0.31881434,-0.39842463,0.26701114,0.47558033,0.32573545,-0.54796594,0.33303928,-0.47424516,-0.19789793,-0.30264947,-1.387518,-0.8136073,-0.2903573,-0.0070337607,0.09249658,0.17553766,0.025687741,0.21842791,0.26365006,-0.3977074,-0.2633359,0.5919363,-0.54223007,0.85922116,-0.410503,-0.20145528,0.05529519,-0.39280796,0.54966486,0.17775452,-0.02433251,0.25787106
computer_model,0.7337842,-1.3306704,0.20081788,-0.116188556,0.06647937,1.1470141,0.2372429,-0.9314944,0.55048394,0.36055714,-0.2719079,-0.06992955,0.5220705,-0.15523389,-0.83132935,-0.36642218,0.5425624,-0.5546532,-0.35852778,-0.50987107,-0.3653048,0.06815274,0.14367643,0.62955505,-0.15099174,-0.79366326,-0.15345223,0.15315168,0.3521086,0.24506061,0.668807,0.30035597,0.2445234,0.06396664,-0.12578191,-0.006228322,-0.34198225,-0.26406384,-0.37035415,0.05848662,0.6391798,0.02165158,-0.090487026,-0.4337477,-0.57411665,-0.3024979,0.024110328,-0.6035511,0.22463797,-0.31938517,0.18241549,-0.6095965,0.44763616,0.15121473,0.524621,-0.7483523,-0.7127828,0.2520126,-0.62172484,0.32154515,0.76567125,0.29684794,-0.29065332,-0.01974485,0.5682693,0.7046542,0.13871953,0.56913656,-0.9160228,-0.34032038,-0.023579309,0.7830484,0.28341317,-0.03725709,0.19883318,-0.006864032,0.6286919,0.4059253,-0.29197946,-0.10736006,-0.20503034,-0.17845294,0.09284509,-0.25815368,-0.89122593,-0.6276547,0.13630301,0.28674105,0.24405266,0.339904,-0.6980232,0.10653224,-1.0493107,-0.17970411,-0.8241862,-0.32273424,0.08169864,-0.76056004,-0.2169406,0.48573515
computational_fluid_dynamic,0.017264219,-0.22200333,-0.19766647,-0.46001202,-0.5152768,0.4174114,0.73112965,0.011217045,0.058562174,-0.54428434,0.32564285,0.029245509,-0.97293234,0.8117518,0.2032909,-1.3008163,-0.22366983,-0.13090764,-0.47068006,0.23251402,0.6438114,0.14983387,-0.26839593,0.2705722,0.4159352,0.4099243,-0.0075393813,-0.3940845,0.31283826,-0.12874466,-0.0380705,0.0814817,-0.37462837,0.22755113,-0.5504644,0.39481723,0.09008696,0.1819477,-0.039416444,0.2679107,0.54776305,-0.1983448,0.5030266,-0.5226065,0.01387648,-0.0909783,0.19326189,1.2566644,0.22607908,-0.08988894,-0.44664574,-0.23438995,0.5706131,0.053875428,0.8683508,-0.06016789,-0.7174566,0.4407119,-0.5808091,-0.38502958,-0.5095509,0.6060594,-0.4681621,0.16623105,0.3646054,0.21129996,0.27173516,-0.08943607,-0.24784516,0.115214415,0.044641614,0.07168904,-0.34120312,-0.117042035,0.31376496,0.8047159,-0.2766504,0.41286078,0.17224862,-0.46291333,0.2170803,-0.037858408,-0.27619293,-0.6780873,-0.047260344,-0.038811356,0.07020039,0.27497348,0.5817366,0.96124154,-1.0319417,0.4835078,-1.1015252,-0.38022727,0.78860605,-0.04031676,-0.3366087,0.30297723,-0.7582335,0.30020335
psychology,0.52474993,-1.0840185,-0.47115633,-0.25980756,-0.27489066,-0.3623555,0.39758918,-0.100901924,-0.3063669,-0.22925943,-0.5301808,-0.49716216,0.12170151,0.96062,-1.3385402,-0.31326914,0.87727296,-0.3431386,0.5300303,0.42224273,0.41444182,0.42356032,0.33857825,0.90203613,0.54406,0.02515826,0.008646614,0.32192412,-0.22894335,-0.41601253,-0.006968038,-0.59938455,0.028798856,-0.050654117,0.31600943,-0.16804412,-0.010848684,-0.49533507,-0.43403786,0.19235241,-0.330583,0.36196205,0.5464395,-0.09992283,-1.0128641,-0.079553954,-0.3520478,0.45481646,1.1923618,-0.33417186,0.15769938,-1.0784321,0.23275736,-0.41259402,0.35556135,0.086146116,0.07396118,-0.14213444,0.17663886,1.0437933,0.5686658,-0.00034620144,-0.4615928,0.3623319,0.56589997,0.44564757,-0.093685895,0.3268063,-0.9847716,0.49664256,0.8324616,-0.08009255,-0.4213745,-0.77967864,-0.41900185,-0.67533326,0.40579036,0.15894511,-0.07165295,0.35866097,0.6066809,-0.20115137,-0.13567391,0.11399703,-0.0039572106,-0.13733985,-0.38877472,-0.8116838,-0.5349322,0.24741033,-0.4087556,0.05537184,-0.14697917,-0.81084925,-0.65378124,-0.31808808,0.5074942,0.37850034,-0.45881703,0.09221432
blood_sampling,0.3131117,-0.35183316,-0.165423,-0.7259802,-0.911872,-0.21541822,0.4971768,0.18756244,0.12899067,-0.5259109,-0.79191035,-0.6914253,-0.06403245,0.10713483,-0.7987025,-0.5957395,0.16759221,-1.5091968,-0.348825,0.078752965,0.45851114,0.22398548,-0.085358016,0.86786467,-0.6793085,0.63091004,-0.39299127,0.5620773,-0.160745,0.054391857,0.33685896,-1.2012497,-0.16046809,-0.312573,0.31123263,0.2551538,0.058931917,-0.5194818,0.4607911,0.12964001,-0.028692387,0.13841747,-0.18255708,0.33260277,-0.09756662,0.7082929,0.1549419,0.16944028,0.3591533,-0.034598228,0.09936567,-0.30852342,-0.42203927,-0.43803933,0.59791315,1.0665652,-0.073371455,-0.49270403,0.15210629,0.27739325,0.30765045,-0.12889561,-0.15134172,0.26250613,-0.036179606,-0.5495592,-0.20626858,0.5664762,-0.5997114,0.6765405,0.29772145,0.07161672,0.8127422,-0.25662795,0.44020873,-1.040146,-0.3699164,-0.5320592,-0.48400235,-0.18716063,0.29984844,-0.18657319,-0.45284593,-0.10689445,0.6780583,0.16532639,0.68759596,-0.37506545,-0.39222643,0.34529078,-0.530844,0.5772746,0.021662429,-0.4200672,0.28942552,-0.41433284,1.1021609,0.6821341,-0.4962754,0.0850931
aging,-0.0063022193,-0.57579064,0.48098558,-0.3842915,0.28432655,-0.07673139,0.6699313,-0.18123713,-0.084267855,0.1695865,-0.12358993,0.057632398,-0.30773273,1.2178283,-0.43837735,-0.5345935,0.81786686,-0.49203008,0.10946697,-0.19828981,0.29014438,0.6130018,-0.22045416,0.38545215,0.60897726,1.3407019,0.078628905,-0.47926,0.058324516,0.060928617,-0.17996334,-0.01980975,0.6607424,-1.0313551,-0.16415137,-0.5798538,0.5832035,0.045744665,-0.072887905,-0.8634929,-0.59284806,0.019032307,0.21095847,-0.31380892,0.3231301,-0.19656858,0.4907247,0.2524162,0.56135345,0.039825793,0.07513767,-0.50343335,-0.14313285,-0.18548901,0.056180734,0.12825012,-0.77448624,0.16876361,0.17157929,0.32439142,-0.40449795,0.032562625,-0.7803368,0.11838481,0.1444146,0.08134847,0.0009420115,-0.1419115,0.120384745,0.2348041,0.44678462,-0.16243589,-0.30566207,-0.95164424,-0.016963277,0.18770167,-0.01451549,-0.14312999,0.9755519,-0.4343912,-0.48920822,-0.1925829,-0.44953564,0.10434395,0.06143183,0.068801105,-0.4800636,-0.3398713,0.37837723,0.47910145,-0.33715776,0.17632397,0.51786655,-0.8108172,0.15008254,0.6793161,0.119055085,0.52253,0.07316511,0.26240197
diffusion,0.66102177,-0.18527909,0.1047036,0.06577825,-0.72553945,-0.10823201,0.5672243,0.08809939,0.39985138,-0.09107481,-0.08616524,-0.10011581,-1.0381476,0.2567895,0.50194216,-0.6348839,-0.18402533,-0.12542956,-0.68999517,0.5746345,0.12957282,0.117667116,-0.42112818,0.059586156,0.87648976,0.7000857,-0.30972877,-0.3146555,0.24529143,-1.015999,-0.46358204,-0.3873367,-0.2675364,-0.13618143,-0.3671077,-0.41681507,0.46185145,-0.41862726,-0.05852856,0.42061183,0.38912615,-0.06584142,0.077654734,-0.5505015,0.07038246,0.03022869,-0.34001395,1.077243,0.54830116,-0.5044039,-0.13239406,-0.31163746,0.32050356,-0.2774139,1.108578,-0.11314977,-0.12374932,0.41826078,0.044015512,0.25367543,-0.23823395,0.5775819,0.30512604,-0.0052656857,0.663335,0.42518753,0.037419196,0.84742963,-0.016502896,0.38670418,0.1931796,0.47015157,-0.21179733,0.27950013,0.47604316,0.0015858805,-0.14502336,0.6745809,0.14182873,-0.1345009,0.15093693,-0.07086914,-0.23136304,-0.48447648,-0.1368135,0.006983905,-0.06842178,-0.082598574,0.28505966,0.6215247,-0.7729424,0.9833476,-0.46108514,-0.3917246,-0.062091798,-0.2760346,-0.29095435,1.0509541,0.10861198,0.12540932
x_ray_photoelectron_spectroscopy,0.04506956,-0.09474641,-1.0271599,0.32186234,-0.005851621,0.42562157,0.38524625,0.4812013,-0.18484913,-0.009047845,0.39203206,-0.20419188,-0.19039601,-0.22084637,-0.017576532,-0.5677901,-0.06773017,-1.1353134,-0.2650553,-0.6067514,0.53490263,0.010369625,0.18988377,0.49204227,-0.6258863,0.40321583,-1.1426047,0.28805712,-0.81366676,-0.62615997,-0.04196047,-0.39551526,0.10973732,-0.48549348,-0.20781428,0.030090585,0.5552262,-0.3714577,0.15479824,0.43866822,0.2537472,0.2747468,1.030199,-0.4348678,0.2091635,-0.2073779,-0.40157953,-0.5764275,0.35124752,-0.6584188,-0.26887536,-0.024266046,0.36451307,-0.26843747,0.28500167,0.15955368,-0.05681319,0.3911276,-0.53772455,1.3392036,-0.54822826,0.28865343,0.666671,0.4239437,0.7643593,0.6932317,0.63981843,-0.03289324,-0.7580511,-0.81848985,0.1824003,-0.18713911,-0.29835892,-0.02337417,0.45568377,0.3666523,-1.0901514,-0.6858701,0.5420561,0.47987723,-0.67186177,0.31846115,-0.2746243,-0.24684457,-0.2399245,-0.661088,0.7338843,-0.14807265,0.01117526,0.79391277,-0.5827489,0.33498275,-1.0277884,-0.9905519,0.7462375,0.2787681,-0.50945044,-0.45303008,-0.37212768,0.034355026
photocatalytic_activity,0.25409698,0.6235965,-0.39048564,-0.6892739,0.013572949,0.13781458,0.9801165,0.40494418,-0.059667632,-0.89770526,-0.088084094,0.067070626,0.30452365,0.30366763,-0.21583392,-0.17391776,0.6384643,-0.5952061,0.73051715,-0.16597046,0.7689605,-0.08549473,0.23048899,0.039185196,-0.22456855,0.04409593,-1.0658636,0.4231612,-0.44071406,-0.58738375,-0.8791553,-0.864732,0.38585913,-0.64554864,-0.099382624,-0.068830885,0.38828355,-0.26124483,0.19765937,-0.11596307,-0.69077224,0.11523759,1.1395836,-1.0238883,0.07874492,-0.040944103,-0.055322845,-0.1462636,0.2261549,0.09857443,-0.47068083,-0.33850515,0.14487554,-0.6044792,0.13051489,0.30678627,-0.38577133,-0.12145601,0.015111086,0.8299789,-0.7872479,-0.015982376,0.016329218,0.71633303,0.46209994,0.03764088,0.2293408,-0.77222425,-0.37744063,0.5269478,0.2747366,0.25823408,0.20967385,0.24704291,-0.08624916,-0.16419834,-1.1486161,-0.4910726,0.3797597,0.3447188,-0.7174285,0.17138569,-0.35070217,-0.051110793,-0.3527505,0.1231314,0.46284533,-0.2316462,-0.22332841,0.987036,-1.0398972,0.43220568,-0.4733019,-0.8636233,0.53014046,0.21154363,-0.692898,-0.18939322,-0.43634883,-0.12688921
entropy,0.34911108,-0.11553104,-0.5515486,-0.63198125,-0.073425174,0.7943055,-0.3560216,-0.4548403,0.05764689,0.044294354,0.06658253,0.11879873,0.098698705,-0.004765101,-0.6821703,-1.1299621,0.11907861,-0.3561909,-0.4049643,-0.5308398,0.396354,0.4842118,-0.39771804,0.54109806,0.4613013,-0.2651523,-0.7018668,-0.27101758,0.07419695,-0.20675701,-0.18268284,0.65989214,0.49402425,0.14839837,-0.011703125,0.26795396,0.7708116,-0.8918484,-0.32267776,0.108697765,0.2466337,0.1262871,1.1661916,-0.66107655,-0.7880604,0.29143935,-0.59914136,0.026636135,-0.3705203,-0.5016685,0.17122217,-0.19919139,1.2084712,-0.14151186,0.49473926,-0.012767979,-0.07527447,0.16012184,-0.1488489,0.17424431,0.5584632,0.40424708,-0.19355957,0.1446374,1.0477937,0.962906,0.13369489,0.02364969,-0.06824768,-0.5659879,0.16543373,-0.14637695,-0.75220805,0.104509294,0.117402814,0.3490747,0.02794414,0.39650652,0.7324006,-0.53068554,-0.18385693,0.11707978,0.25321227,0.024222393,-0.6641155,0.1101585,0.10664348,-0.62321717,0.18865652,0.16272354,-0.6213389,0.31607652,-0.8941785,-0.17648786,-0.005213908,-0.10779536,0.07852179,-0.14711341,-0.28001398,0.1430755
ammonia,-0.65958,-0.29858923,-0.3118338,0.39130947,-0.12518625,0.26222554,0.5952342,-0.3426985,0.21525766,0.11904471,-0.43450138,0.52666354,-0.03191565,0.43282184,0.23821557,-0.07435496,-0.22944948,-0.77346325,-0.22360708,-0.35067677,0.100345664,0.007593784,-0.12876962,0.26002526,-0.2798001,0.2539043,-0.01993079,-0.44004875,-0.11077408,0.10136801,0.38559264,-0.16087174,-0.12606156,0.23582655,0.21031861,-0.13717845,-0.09369635,0.5464224,0.20225734,-0.66758144,0.6596681,-0.09564238,-0.12519658,-0.51745963,0.10582313,0.7697498,0.16641001,0.09305917,0.41264468,-0.58511156,-0.58751804,-0.31625283,-0.895073,-0.20225982,1.2137134,-0.25830808,0.36007777,0.4243129,-0.19206281,0.3524416,0.16158907,0.08651878,0.5464803,0.1462371,0.2778246,-0.044496655,0.22820276,0.44985762,-0.6980761,-0.13231362,0.027677508,0.18315813,0.06501653,-0.34782714,0.20790894,0.09107427,-0.30161968,-0.21528645,0.7332493,0.044080514,0.1900839,-0.20104086,-0.4850528,-0.090025075,0.2582181,-0.20233017,-0.19599265,-0.18206325,-0.21344757,0.71608514,-0.36121702,0.37416658,-0.5833686,-0.46961325,0.50608623,0.3314352,0.10529933,-0.34094015,-0.26671398,0.7222466
disease_severity,0.5789475,-0.9955109,-0.41181964,0.29449442,0.3739434,-0.107125044,0.62715244,-0.46016473,0.43469816,-0.5928246,-0.23066042,-0.064601086,-0.5286449,0.39816204,-0.9235367,-0.40411437,0.7872004,-0.5686565,0.34787163,0.07518243,0.43804884,0.41398004,0.20343904,1.0371022,0.034361944,0.5648755,0.28905135,-0.637383,-0.021084609,-0.23203138,0.9313518,-0.7475074,0.18218823,0.08662676,-0.15609512,-0.017823676,-0.3932109,-0.004807846,-0.13930257,0.07651549,-0.27661014,0.19668755,-0.022710357,-0.14320864,-0.85571647,-0.04313145,0.4222839,-0.1476807,0.70182914,0.08590154,-0.007515759,-0.34726426,0.15433699,0.107784785,0.09161342,0.4723417,-0.35671768,-0.067659646,0.19413514,0.7455118,0.20969516,-0.4845771,-0.6209108,0.32610035,0.32629865,-0.20370907,-0.28565273,0.13564873,-0.6141344,0.53696805,-0.1780419,0.23253737,0.3028578,-0.4644911,0.15534008,-0.3704191,0.16633478,0.069868304,-0.05494095,0.25514323,0.67051554,0.029774794,-0.31878352,0.28036225,-0.18429972,-0.15730993,-0.26566562,-0.022179209,-0.83533996,0.62000614,-0.50862277,0.08724811,0.014064768,-0.37449595,0.07368244,-0.021219764,0.46435067,0.55298835,-0.51829416,-0.6580144
heat_transfer,-0.084568396,0.11779601,0.34677702,-0.32206655,-0.6163262,0.8592107,0.80893636,0.48743668,0.4789511,-0.4553686,-0.19238205,0.25633037,-0.5937374,0.5094316,-0.30863446,-0.7612672,0.7441027,0.17443411,-0.036879357,0.23858716,0.26370716,0.51009995,0.0014761952,0.44451797,-0.1702981,0.33964455,-0.3994252,-0.095057376,0.48536366,-0.87510985,-1.0499777,-0.66852933,0.3587725,-0.18252103,-0.65800154,-0.10637644,0.411217,-0.08232781,-0.119171835,0.25606698,0.14114533,0.18954115,0.7476394,-0.7587636,-0.71376294,0.17714272,-0.012605292,0.096763894,0.23284096,-0.21508516,-0.34257093,0.46550894,-0.045924623,-0.20514847,0.2577453,-0.038217552,-0.05602274,0.31040332,-0.0647162,0.023923216,-0.37492877,-0.025945982,-0.24265353,0.35025862,0.3238611,0.48374927,0.32872024,-0.9700887,-0.6881777,0.2933844,-0.64373857,0.106473945,-0.33028248,0.23833199,0.015194389,0.17313515,-0.3174982,0.30060825,0.78518593,0.2400809,0.00032433975,-0.49318847,-0.5473332,-0.4236745,-0.2438212,0.10135042,0.14542343,0.0673529,0.71569306,0.679208,-0.8016602,0.33180612,-0.7105302,-0.57170665,0.055761933,-0.24937129,-0.514011,0.45944646,-1.0822831,0.12939873
antineoplastic_agent,0.4623446,-0.17382568,-0.015684258,-0.05315306,-0.5254145,0.7106423,-0.3165503,-0.42628857,0.27115536,0.2981339,-0.85574,-0.11314263,-0.393193,0.14474988,-0.7348991,-0.495156,0.8226881,0.2686258,-0.48568577,0.024607794,-0.14674105,0.0860218,-0.44864902,-0.26542562,0.27524045,-0.5073309,-0.70353645,0.2562438,-0.096109934,0.41637385,0.6301092,0.18482447,0.37997398,0.025844486,-0.57898885,0.5687021,0.4695584,-0.098896675,0.23362707,0.75612736,-0.6396858,0.41843185,1.1402674,-0.5589728,-0.04199217,0.48989502,0.2514031,-0.12958373,0.094644226,-0.60261923,-0.22751766,-0.31450757,0.13815442,0.0021177204,0.08247421,-0.555199,-0.20248339,-0.15270014,-0.1317047,0.35900068,0.88099664,-0.071898356,-0.10915003,0.08463216,0.29518127,0.6050117,0.020809298,0.18360932,-0.96776366,-0.69073445,0.6704403,0.7250835,-0.73148423,-0.034063745,-0.12767075,0.19678783,0.5529952,0.35704178,0.25074202,-0.48861575,0.16044915,0.08342288,-0.17118801,0.43169498,0.080107845,0.22174668,-0.1957726,0.0048126793,-0.11716235,0.09057439,-0.26391315,0.3067646,-0.78293806,0.19838321,0.34390554,0.18176192,0.21449327,-0.42231503,-0.7947157,-0.14353356
longitudinal_study,-0.05287972,-1.2122294,0.09971986,-0.29711115,-0.69234955,-0.26939932,0.23062783,-0.30772603,-0.62552226,-0.25183323,-0.070696056,-0.6610961,0.5678722,0.6464579,-1.0460559,-0.908092,0.49827045,-0.77475137,0.28144115,0.10671821,-0.008048039,0.0722521,-0.36630175,1.2256316,0.26526675,0.44846857,-0.3012118,0.5871646,0.2513508,-0.40809682,-0.34037343,-0.8508974,0.67106915,-0.53235805,0.82976514,0.02620916,-0.1646562,-0.8679393,-0.25991905,0.08282961,-0.5259995,0.3123994,-0.5345004,-0.06240009,0.21266335,-0.024961907,0.027089182,0.80014485,0.35021302,-0.43398413,0.12353119,-1.1944749,-0.289575,-0.27975526,0.54065466,0.24608143,-0.609781,-0.24256481,0.2027724,0.49463582,0.36655107,-0.0061077573,-0.42916405,0.163012,0.7862581,0.33596593,0.095931284,0.6965136,-0.367961,0.5896399,0.1596173,-0.099160865,0.4089517,-0.5479344,-0.078491256,-0.54542327,0.23002958,-0.38250655,-0.34849876,0.9483254,0.6875337,-0.5887965,0.15112628,-0.39544654,-0.06418081,-0.38585037,0.5832049,-0.094078876,-0.14157905,0.077597804,0.063788265,0.14346652,-0.16586944,-0.905354,-0.24650498,-0.12096842,0.034009673,0.53051984,-0.31597918,0.3314983
epidemiology,0.46407196,-0.39905152,-0.6733884,-0.6220866,-0.7455601,-0.67740273,0.07671135,0.501785,-0.6733255,-0.32252255,0.13140655,-0.4334278,0.8097431,0.89717066,-0.27600545,-0.4161153,0.4683186,-1.1053783,0.25276816,0.042591438,0.15297115,0.6488519,0.15254769,1.0659865,0.261131,-0.39461866,0.34449527,0.59339845,0.30929697,-0.37667376,-0.69149977,-0.010190563,-0.09895246,-0.121935435,0.012829455,-0.314583,-0.01886463,-0.87444466,-0.04309731,0.04985086,0.020157287,-0.19711167,-0.06280131,-0.39492583,0.023563381,0.66938555,-0.3052133,0.6296299,0.34406054,-0.008106352,-0.010007698,-1.5095562,0.29037634,-0.50040996,0.73651445,0.6390641,-0.12179737,0.05478397,0.16739069,0.86608154,0.035465434,0.39092597,-0.39858228,0.35412574,0.6236604,0.08649551,0.26080915,0.27356094,-0.4072376,0.05664498,0.18684877,-0.16956218,0.047362752,-0.7029449,-0.032043267,-0.83842534,-0.102729104,-0.35652357,-0.3456052,0.19224833,-0.009386379,-0.07656078,-0.15782456,-0.81798273,0.021101128,0.38436693,-0.33105022,-0.50331014,-0.1951301,-0.02378745,-0.32713285,0.79043245,-0.2962375,-0.74831194,-0.1368812,-0.08862381,0.6637991,0.20477183,-0.08029523,0.30889136
hydrogen_production,0.15285699,0.52075595,0.4040684,0.047848877,-0.30541497,-0.2413124,1.4421091,0.10426866,0.20496406,0.16847512,-0.7390129,0.45018387,-0.5914436,0.3118591,-0.043248992,-0.19650479,0.84028643,-0.57789016,0.055660818,-0.3080845,0.7620216,-0.39068964,0.10287803,0.5007431,-0.92536813,0.26918733,-0.5732108,0.7215564,-0.39055714,-0.2584211,-0.47673792,-0.9553293,0.3134712,-0.2650316,-0.6096189,-0.20925039,0.11287881,0.39364123,-0.013126805,-0.14444506,0.16999975,-0.12113286,0.95750064,-0.48438254,0.15759921,0.15292862,0.22336866,-0.14719868,-0.0073617105,0.05286674,-0.81747025,0.3027642,0.09931889,-0.31795412,0.53444034,-0.28181723,0.512839,0.31571332,-0.7229656,0.6601142,-0.70000184,-0.08507724,-0.26083115,0.78935516,-0.27022573,-0.20892726,0.03541611,-0.96325076,-0.70909005,0.2413993,0.24770851,0.51834345,-0.3146437,0.070227675,-0.27648154,-0.12849973,-0.61543006,-0.27717343,0.6285158,0.104843095,-0.91485214,0.19103767,-0.6717184,-0.056721248,-0.5340772,0.070050776,0.10581673,-0.30453715,-0.019923517,1.3459388,-0.4092855,-0.057873808,-0.6109553,-0.3102044,0.37377667,0.3149323,-0.08990738,0.27186376,-0.68901044,-0.09714254
condition,0.014203996,-0.36430115,0.30982503,0.3399593,-0.6563488,-1.0090349,0.6253351,0.5753995,0.11308234,0.13492368,-0.7401198,0.08491094,-0.3857248,0.3116386,-0.15302916,-0.5794775,0.06459695,-0.48027828,-0.16500248,-0.70326304,0.031737432,0.32467404,-0.11475104,0.45831925,-0.03325886,0.14447176,-1.230742,0.015462854,0.5210574,-0.6470257,0.30589518,-0.057224672,-0.5148983,0.19651452,0.18005125,-0.1915022,0.3718317,-0.577925,-0.39519638,0.24075173,-0.12739201,-0.3029602,-0.24233678,-0.06089386,-0.66108984,-0.010325379,-0.40975755,0.54035366,-0.3101857,-0.3636014,-0.730712,-0.65875953,-0.37468785,-0.13191321,0.6920031,0.13189608,-0.46615216,0.15381911,0.5263052,0.1529592,1.0824643,-0.67722714,-0.11225067,0.015137447,0.7313928,0.5186821,1.0894028,-0.5522482,-0.81607723,0.08869418,0.38606283,-0.48634285,0.11802098,0.2083205,0.222888,-0.3998804,-0.9955209,0.044501368,-0.17546046,-0.3965937,0.05630511,0.3776312,0.22610436,0.095583215,-0.36741486,0.22567675,0.296088,-0.17174773,-0.8248282,0.16618654,0.0071909474,0.38808712,0.072692566,-0.8626314,-0.028595299,-0.20859033,-0.48951337,-0.26715678,-0.8009521,0.11348942
zinc_oxide,-0.025607428,0.6284319,-0.606169,-0.10746172,-0.3802831,0.32168704,0.5496482,-0.10025086,0.23438488,0.34210664,-0.48735273,0.6201207,-0.6244145,0.2829625,-0.46370843,-0.83374035,1.5091112,-0.62173206,0.13424194,0.053361,0.30773938,0.037569616,-0.3393474,0.3870648,-0.3351116,-0.066746935,-1.0167577,0.16332692,-0.6107688,-0.47322094,-0.6187702,-0.3221005,0.40231562,-0.66214234,-0.41990057,0.52167165,-0.48153582,-0.33911687,0.019869855,0.19152686,-0.81115234,0.2718657,0.87241954,-0.0075559453,0.35359642,0.019945487,-0.0014555807,-0.36939457,-0.0851392,-0.2257027,-0.28004333,-0.4960995,0.3357075,0.21235327,0.4744013,0.4421921,0.11877805,-0.59269875,-0.2787591,0.7568929,-0.8605308,-0.3783222,-0.055368546,0.592198,1.0294367,-0.1445014,0.26558742,-0.81160146,-0.29381877,0.102988414,0.33851853,-0.08455597,-0.3216297,0.123891905,-0.14650145,0.46220526,-0.65003604,-0.3117285,0.466042,0.55491185,-0.73684835,-0.5794792,-0.71866316,-0.21548584,-0.2793438,0.26539677,0.5215889,0.15090856,0.12923592,0.54805005,-0.5537651,0.0034451145,-0.511176,-1.1741598,0.35076904,0.34158155,-0.28567487,0.5598852,-0.56521493,-0.18962546
infrared_device,-0.4660372,0.26614752,-0.62918544,0.038039647,-0.5691085,0.17632158,0.39138418,-0.025317177,0.311344,0.33763823,-0.48170853,0.50199884,-0.3462162,0.20644851,-0.5154337,-0.97452724,1.2692837,-0.5221048,0.24961397,0.26337287,0.03256899,0.5165649,-0.58233607,0.42452088,-0.22573254,-0.08349991,-0.77690667,0.18390004,-0.30874285,-0.3207128,-0.15698919,0.11989179,0.073837295,-0.7221044,-0.18219931,0.6412072,-0.519816,-0.45512563,-0.014411313,0.41733438,-0.7363756,0.12442267,0.34990102,0.3164202,0.34897223,0.015881408,-0.049235284,-0.48781142,-0.089551315,-0.5058731,-0.31475756,-0.67354494,0.0851588,0.29654536,0.5537882,0.5133633,0.3464012,-0.6834138,-0.21399781,1.027077,-0.41669536,-0.4170829,0.26588604,0.5546639,1.3455958,-0.07635716,0.5537215,-0.22383821,-0.44288158,-0.024333965,0.10685937,0.007030396,-0.2533124,0.29712978,-0.07865757,0.18318433,-0.37003204,-0.085243344,0.093710445,0.63382107,-0.4457014,-0.6591257,-0.22778389,-0.1274232,-0.08467943,0.21340671,0.5006422,-0.15343897,-0.17935522,0.5328592,-0.5854469,0.115865394,-0.55660176,-0.8560996,0.46486145,0.3503394,0.046286575,0.22646038,-0.48327848,-0.26522297
wastewater_treatment,-0.44226572,-0.34658173,-0.92244303,-0.07671706,0.75679266,0.33705044,0.7398691,-0.36190543,-0.19614768,-0.02440526,-0.96750677,-0.39579332,-0.40545973,0.283582,0.120801836,-0.5679376,-0.52958727,-0.526797,-0.6792585,-0.14789166,0.38162708,-0.48492265,-0.20879355,0.6510013,-0.07841264,0.8593413,-0.09815808,0.04774012,-0.6590445,-0.07726119,0.31242207,-0.2924491,0.23389147,-0.1770674,0.20897481,0.17361401,-0.04244644,0.38079044,0.31081864,0.18193889,0.65971094,0.334691,0.8641345,-0.95793474,-0.41883567,0.5725845,0.46955326,0.10345762,-0.3164522,0.08182307,-1.1094565,0.00012813005,-0.12068531,-0.21215962,1.2464969,-0.029328886,0.47954032,1.2124335,-0.708033,0.70101726,-0.15989715,0.27966803,0.52461076,-0.16170754,-0.055020623,-0.092405275,0.53234166,0.64815867,-0.72135764,-0.14722937,0.96016,0.14748763,0.29928324,0.43656895,0.2094807,0.32287246,-0.99265695,-0.5467707,-0.09101698,-0.24874133,-0.35966453,-0.13906404,-0.8447401,-0.050461095,0.43993786,-0.031967584,0.689151,-0.054496378,0.17525816,1.1137093,-0.7435259,0.4782219,-1.3086385,-0.7432137,0.7209931,0.8331155,-0.48124993,-1.774124,-0.9078403,0.15275681
sewage,0.38704774,-0.2879166,-1.0141603,-0.30077568,0.60597277,-0.25468194,1.0392395,0.25439203,-0.4695056,-0.6256128,-0.21330589,-0.20196995,-0.26586163,-0.112149075,-0.5832774,-0.44058585,-0.304741,-0.5815719,-0.37105334,0.09718435,0.72639596,0.22439215,-0.20622218,0.6739692,-0.31310156,0.23182583,-0.10331729,0.21773013,-0.8063787,-0.18067029,0.19856597,-0.4182524,-0.21272641,0.1264509,-0.13804474,0.19896439,0.16282333,0.4164365,0.47262663,-0.114698954,0.19598612,-0.20556368,0.9538322,-0.75689363,0.08760157,-0.38099778,0.59881204,-0.018873896,0.41334835,-0.08699219,-0.42690006,-0.23591897,0.34762636,-0.71492267,0.4850606,-0.05614567,-0.5963661,0.38388357,-0.6246956,0.36701804,-0.15696731,0.9133306,-0.1611751,-0.107122175,0.044622518,-0.35145396,0.5945619,-0.24232782,-0.8771639,-0.051782157,0.34720138,0.16008037,-0.34834906,0.27004644,0.07033417,0.18690658,-1.2551448,-0.3708389,0.24741296,-0.9368429,-0.15285741,0.08097282,-0.33423162,-0.35002387,0.23511308,-0.102025345,0.25579277,0.030841127,-0.18026985,1.1962186,-0.7535455,0.27377492,-1.1240019,-0.6538575,0.70366645,0.051243052,-0.6402741,-1.5915827,-0.50846833,0.067010015
bioreactors,-0.26708633,0.13908876,-0.07459779,-0.020366302,0.319379,-0.4114965,0.15074626,0.18094905,0.2896193,0.12852944,-0.78457314,0.095512904,-0.50800294,-0.0007211993,-0.13627362,-0.54004294,-0.19390774,-0.6141674,-0.48158345,0.16446617,0.34660602,-0.077288724,-0.025902065,0.30502313,-0.0056416113,0.060854062,0.017601125,0.025022944,-0.20626447,0.07931892,-0.34270003,-0.54379296,-0.010381852,0.33611602,-0.40117726,-0.27495998,0.004579481,0.39827895,0.26591462,0.03865363,0.48911577,-0.070885204,0.4537195,-0.43979946,0.42701218,-0.053192515,0.54188144,0.7493129,0.059411786,0.14900674,-0.1873532,-0.09158974,0.44979933,-0.11540345,0.82364184,-0.42044932,0.00303851,0.5073467,-0.7847975,0.3727901,-0.5742233,1.0065824,-0.5593968,0.06159831,-0.21624854,-0.16947055,0.120377526,-0.0007503713,-0.19230892,-0.18698014,0.36102974,0.4739034,-0.38321766,0.15784939,0.17428634,0.33795932,-0.33310905,0.23235741,-0.059663966,-0.7699511,0.192069,0.45237502,-0.534946,0.056681283,-0.43823594,-0.52433354,0.06142545,-0.47531885,-0.1180758,0.7524884,-0.72816503,0.055464447,-0.8958273,-0.4940418,0.54026926,0.046444073,-0.15295307,-0.23250154,-0.65538377,0.30522203
antibiotic_resistance,0.22028,-0.17589591,-0.2728704,0.037346136,0.061006434,0.008112249,0.53621316,0.07365823,-0.36806667,0.1055984,0.22807185,0.12647486,0.15188158,0.1527765,-0.81206506,-0.7606941,-0.046349242,0.21236639,0.33425018,0.26372153,0.0686648,-0.028580843,0.17511392,0.9280211,0.11333802,0.4047514,0.11210007,-0.28441575,-0.35030878,0.19697355,0.44471672,0.37293047,-0.2781588,-0.11645321,-0.22335938,-0.10037244,0.36785635,0.047580242,0.06257994,0.28932732,0.7878925,-0.24175508,0.6324106,-0.36158586,0.034735,-0.15931635,0.036812387,-0.24327725,0.1702028,-0.042693753,0.61080456,-0.4024016,0.67331016,0.06572249,-0.19827,-0.23685217,0.07128493,0.717824,-0.2611438,0.6218842,-0.30845445,0.35307592,-0.82016146,0.13782467,0.22994879,0.045064505,0.23910648,0.19660598,-0.5082583,-0.023802102,-0.02950083,0.15699227,-0.50169754,-0.43896952,-0.059078436,0.37591442,0.025298456,0.033398215,-0.2438074,-0.2459316,0.60220206,-0.2271454,0.020683343,0.24806182,-0.2978675,-0.99554247,0.1019137,-0.76842874,-0.6502113,0.41214132,-0.5195479,-0.055587698,-1.1017207,-0.02157854,0.6485432,0.5582599,-0.032354545,-0.78702104,-0.7372986,0.38444063
brain,-0.6421708,-0.07286112,-0.1323115,-0.32710406,-0.2752349,0.3698604,-0.24734122,-0.24514642,-0.29344335,-0.23429267,-0.74680567,-0.17286742,-0.44124487,0.43626273,-0.788505,-0.29504788,0.70016384,-0.21626681,-0.5711425,-0.28231663,-0.17131929,0.7381828,-0.050444137,-0.20911537,-0.27547023,0.10737814,-0.5370193,0.46356225,0.24773005,0.19842376,-0.20873365,0.1208806,0.1864572,0.2482559,0.07207461,0.48397988,0.55739605,-0.4540705,-0.056973707,0.50893253,-0.017840296,-0.13706183,0.78569525,-0.3149018,0.82482016,0.23883322,0.4544604,-0.07646234,0.2933531,-0.14023176,-0.3968935,-1.0880438,-0.11845733,0.8247083,-0.03490058,0.4787458,-0.9518453,-0.10508409,-0.4769946,0.81779957,-0.71791404,0.24764031,-0.410397,0.3117861,-0.071841665,0.22740366,0.13730806,-0.035005625,-0.8719461,-0.0860316,0.5615152,0.11758947,-0.6390113,-0.50196105,-0.20748675,0.12240987,-0.111084044,0.27770227,0.4360482,-0.16282636,-0.099728815,0.042806957,-0.2000959,0.57667106,-0.41152817,0.0734469,-0.17471561,-0.0059397016,0.780898,-0.084775776,-0.08773915,0.5863234,-0.12170613,-0.5762591,0.16605425,0.11925274,-0.14029674,0.33267215,-0.039671622,-0.14586037
quality_of_life,-0.24762142,-0.48789117,-0.21340476,0.63299227,-0.21540885,1.1137472,-0.29595026,-0.59500843,0.73332757,-0.022396952,-0.83927447,-0.34523207,-0.52802515,0.36570433,-0.5060438,0.09775154,0.175757,-0.72608244,-1.1716471,0.3414208,0.16309717,1.0076625,-0.7931858,0.31750092,0.46912894,-0.6218025,-0.7386652,0.039592575,0.01593473,-0.7052117,1.2613412,0.0597049,0.59310275,0.58527917,-0.2254618,-0.040517002,-0.016152527,0.44092247,-0.07683542,-0.02078033,-0.16133004,0.4213236,-0.1999809,-0.007557131,0.06272335,0.11807522,-0.012973208,0.58755416,0.34530342,-0.6459495,0.3981754,-0.89197856,-0.4157096,0.18281217,0.047207437,-0.36748973,-1.2927779,0.040308084,-0.08796538,0.5035355,-0.294169,-0.90132034,-1.1782932,0.3800729,0.307254,0.45209888,-0.25857335,0.13013138,-0.14020546,0.105724715,0.16480365,-0.17841975,-0.7548815,-0.6370443,0.7508466,0.009710748,0.2968007,0.018401667,-0.5080463,-0.14428833,1.4035739,-0.7113076,0.14007679,0.88954777,-0.8760432,-0.29021305,-0.4351854,-0.35507485,-0.37064072,0.31330535,-1.260985,-0.29857552,0.09871484,-0.16360769,-0.5444076,-0.56674856,-0.6251336,0.88246393,-0.19090019,0.20212387
body_composition,0.08890604,-0.5504899,0.19915465,0.31815034,-0.2666917,0.5270733,0.38301814,-0.79319453,-0.40704298,0.07718268,-0.16098891,-0.21920423,0.26715857,0.15364233,-0.01352123,-0.66854507,0.6604156,-1.2540596,-0.64737207,0.45462325,0.6268535,0.48425168,-0.6233019,0.9766782,0.028946562,0.5309267,0.32626203,-0.09358342,-0.2056553,-0.9102487,0.3928374,-0.8569867,0.90637094,-0.4562328,-0.00570909,-0.03373828,0.16982895,-0.3878783,-0.10320864,-0.6828597,-0.71645886,0.094589226,-0.12585016,-0.20030612,-0.10157962,0.40373802,0.46709645,0.102421,0.21848196,0.052172896,0.12509486,-0.16698752,-0.037383787,-0.50141156,0.7500737,0.18479782,-0.7528473,0.26708782,0.089044034,-0.01975577,-0.23254696,-0.795506,-1.1565465,0.65478426,0.3709889,-0.0012906926,0.307459,0.13926306,0.22127981,0.1392358,-0.17160262,-0.3495326,0.36309007,-0.43841425,0.7728723,0.11429189,0.36930338,-0.12636945,-0.60108775,0.19791248,0.06751354,-0.5070167,-0.73529494,-0.41267073,-0.013759069,0.05986947,0.15489596,0.12266928,-0.022748588,-0.015556893,-0.041252848,-0.15486743,0.023939164,-0.48152697,0.120513245,-0.27079687,-0.4769068,0.9189679,-0.0355052,0.487928
fermentation,0.24807908,0.6812829,-0.051598888,0.27395764,0.13355526,0.2545059,0.57502794,0.3709027,0.32590598,0.6060173,-1.5126597,0.19802585,-0.3725583,0.28797075,0.777725,-0.7735095,0.35452986,-1.0071568,-0.50472724,-0.07577316,-0.18610685,-0.35207856,-0.3160393,0.27768695,-0.7955061,0.1943445,-0.44202387,-0.15283138,0.055989824,-0.38066792,0.17885879,-0.99061394,-0.057874978,-0.57750654,-0.5087388,-0.19189878,-0.034158096,-0.5655651,0.4051665,0.09025738,0.6814883,-0.20130567,0.7670707,-0.36998662,-0.65744853,0.950713,0.26332924,0.07080776,-0.45427766,-0.08090073,-0.2046839,0.16672018,0.0366758,-0.28034514,0.5775119,-0.59949136,-0.14284635,1.0402038,-0.47895575,0.06409425,-0.3026691,-0.32323077,-0.5607793,-0.104178995,-0.3345688,-0.49517578,0.16358535,0.08389851,-0.5568637,0.61875224,-0.00039404572,0.66013557,0.35390174,0.27955642,-0.05748805,-0.58679307,-0.23008592,-0.13498063,-0.25299543,-0.027685769,-0.11474606,0.071154065,-0.38494685,0.3060551,-0.4708721,-0.14560983,0.71848255,-0.058158908,-0.36696693,0.86495745,-0.43569878,0.14826404,-1.1173446,0.41271216,0.109536596,0.25657612,0.01627563,-0.059107255,-0.4106616,0.6479777
atom,0.11912851,0.31600758,-0.23842467,0.2761222,-0.28037217,0.39087042,0.18659042,0.42929024,0.72975254,0.6207722,0.25098774,0.20695327,-0.8590253,0.1811823,-0.007048226,-0.6100415,0.5446535,-0.06413299,0.376735,0.18015741,0.17671135,-0.500643,-0.53887,0.23743764,-0.08455293,-0.5546628,-0.043779057,-0.0006207201,0.051252212,-0.057633232,-0.74056876,-0.7505226,0.46854737,-0.07258953,0.12113366,-0.5147788,0.19837135,-0.85459226,-0.122604996,0.14594968,-0.44016308,0.20337954,0.47608274,-0.30960402,0.1037483,0.56353235,0.0035888355,0.37588134,0.6192123,0.5196585,-1.1097305,-0.37102026,0.032681614,-0.31746852,0.5358392,0.6258893,-0.30589533,0.49847496,-0.27349752,0.53935975,-0.099743076,0.091653734,-0.47869197,0.6427003,0.14171365,0.5281667,-0.17283376,-0.011219519,-0.53511596,-0.41015062,0.20142554,0.05008081,-0.25696853,-0.4380938,-0.47349173,-0.37745103,0.09959971,-0.13923478,0.38871995,0.74324477,-0.082871936,-0.5693094,-0.40672305,-0.35502964,-0.97813326,-0.79628253,0.9742533,0.7865405,-0.5121565,-0.03446823,-0.37515044,0.47350773,-0.774975,-0.7585245,-0.36922023,0.37732112,0.22929907,-0.18216895,-0.57497495,0.28909665
spermatozoon_motility,0.37875512,-0.013075332,-0.20504436,-1.4317514,-0.5988994,1.0408175,0.1022257,-0.10084777,0.29901117,0.31288868,-1.0495405,0.38547018,-0.37501913,0.8047548,-0.4614248,-0.6751593,0.5715826,-0.606515,-1.2616016,0.27534276,-0.3775601,-0.62196946,-0.051985454,-0.025265448,0.043958806,0.54873186,-0.7470796,0.15879922,-0.38632566,0.20651414,0.094181634,0.13056305,0.37133688,-0.06873836,-0.031963736,-0.25810784,0.21792638,-0.9579161,0.8363314,0.40653813,0.5894266,0.14548577,1.056943,-0.56425,0.1909853,0.4785626,0.5523012,-0.6293807,9.25224e-05,-0.107190214,-0.15474094,-1.5609741,-0.21417819,0.068854146,0.101863354,-0.12526383,-0.3738242,-0.1663576,0.0008225141,0.74311763,-0.5513598,-0.22332312,-0.23358665,0.38042444,0.4493997,-0.86335874,0.15858997,0.28660518,-0.33276904,0.3719634,-0.09340681,0.3579228,0.14955755,0.41412997,0.2712115,-0.3355787,-0.26372588,0.47368413,-0.9703558,-0.97749877,0.24690078,-0.41847894,-0.11362692,-0.061065506,0.15621002,0.3476585,0.4605861,-0.2623661,0.24573962,0.44244713,-0.52306175,0.8695634,-0.4797486,-0.48093697,0.4120491,-0.09157418,-0.5971264,-0.5168839,0.06598107,0.21731067
reactive_oxygen_metabolite,0.31539565,-0.32849258,-0.53391063,-0.8334089,-0.21330005,0.4732175,0.009056312,0.57281524,0.2958642,0.030356599,-1.4816966,0.18402682,-0.34153208,0.39379618,0.3553139,-0.59416544,0.25042477,-0.9339412,-0.6329339,0.28134105,0.18669908,-0.07151667,-0.23747686,0.41397336,-0.11241243,0.25039092,-0.22803283,-0.8942111,-0.38345012,0.0030439293,0.7846931,-0.3213408,0.31514153,-0.41938534,-0.11101447,-0.31348848,0.13322242,-1.1089522,0.52617633,0.81245255,0.30939582,-0.19631915,1.513842,-0.30511853,-0.5844702,0.86045593,0.01390712,-0.21093245,0.3656029,-5.198174e-05,0.8431083,-0.7334384,0.30781388,0.040696606,-0.32252836,-0.33462092,-0.56999123,0.35287258,-0.018251443,0.53551537,-0.69635904,-0.45058742,-0.15309586,-0.3366173,0.42618102,-0.6473174,-0.00028583687,0.75683653,-0.5106869,0.5739772,-0.3457025,0.57834226,0.7053611,-0.1972066,0.25536183,-0.15105556,0.30173102,0.27563304,-0.5073593,-0.6109801,0.38062888,-0.5448543,-0.3715383,0.20012127,-0.006258757,-0.45151874,-0.2151169,0.06996754,0.7693865,0.42886928,-0.27386388,0.82909137,-0.60736936,-0.07111341,0.91394377,-1.0137082,-0.13062817,-0.35466793,0.18795879,-0.1442993
surface_property,0.47218987,-0.4113496,-0.6981022,-0.73564947,0.3627474,0.8559909,-0.53741944,0.105356574,0.04530192,-0.47637713,0.73140335,-0.6321899,-0.211373,-0.12018578,-0.050658494,-0.5562971,-0.071347445,0.09263607,-1.1883326,-0.20663255,-0.08649063,0.2770169,-0.3768542,0.8269336,-0.37399253,1.1639495,-0.20650518,-0.00852368,-0.34961113,-0.32442233,0.10645905,-0.09483187,0.10063205,0.17519414,-0.16326568,0.115211986,0.75714606,-0.5710844,-0.13201469,1.2072692,0.7681347,0.40455255,0.58071315,-0.13989173,0.26922134,0.6358036,-0.6771185,0.38109967,-0.026138213,-0.9660645,-0.26856196,-0.6354581,0.37411875,-0.09050777,-0.13548087,-0.17572756,0.50646365,1.6418996,0.14176962,1.0790617,0.043000225,-0.51051056,0.9575788,0.020970939,0.54221946,0.320139,-0.08390298,0.38292086,-0.48158652,0.02729293,-0.29727384,0.11894416,-0.22020175,0.5022874,0.2601676,0.80680835,-0.7397887,-0.0626192,0.17327906,0.7761934,-0.04142066,0.11689151,-0.34875032,0.3395747,-0.63977,-0.47170028,0.66965157,-1.2018356,-0.11414442,-0.022879627,-0.8830594,0.084435105,-0.9897986,-0.9480231,0.6929481,0.5933197,-0.14372846,-1.2880821,-1.1203252,0.10957148
hydrophobicity,0.541158,-0.56341296,-0.39170903,-0.4039633,0.74966604,0.6927392,0.0388956,-0.2148196,0.2871198,-0.11657011,0.57092,-0.38976705,0.11487593,-0.188401,-0.7282631,-0.24617353,0.09174284,-0.175479,-0.95322156,-0.34612408,-0.19851854,0.20422167,-0.4267029,0.34172732,0.05485742,0.60143644,-0.4578163,0.37427074,-0.5298867,-0.30434528,0.09118767,-0.13865402,0.002083997,0.31987172,-0.031315908,-0.34709826,0.82589835,-0.5313875,0.4948284,0.65868986,1.070772,0.23823355,0.5545445,-0.31782275,0.61018765,0.1269741,-0.23285487,-0.27885664,0.5201289,-0.75608057,0.3581877,-0.65487695,0.5987653,-0.22258759,0.13195018,-0.48347256,0.76027465,0.6190231,-0.51655376,1.3878506,0.3879516,0.15664238,0.67291963,0.17262468,0.7405449,0.72516257,-0.13055828,0.6029941,-0.24277312,-0.330046,-0.0029445812,0.0001406082,-0.67457956,0.97000504,0.17661326,0.3028138,-0.1837348,0.20015043,0.5816012,0.09611284,-0.2774136,0.20649269,0.5553263,0.121441774,-0.91442055,-0.10640613,0.27952915,-1.2448206,-0.35200322,0.3729485,-0.9416926,0.24086954,-0.8896685,-0.8391342,0.18814726,0.2498955,-0.16637269,-1.141649,-0.5636688,0.4810553
cognitive_defect,-0.24131821,-0.4177024,-0.035537582,-0.027103646,0.017156038,0.2706319,0.8982339,-0.07704356,-0.26155388,-0.41274196,-0.8817137,-0.24545898,-0.23694555,0.6072012,-0.7042086,0.5373045,0.63020855,-0.28843006,0.22164245,0.027901938,0.26091468,1.0461688,0.18568999,0.18909311,0.46255422,0.2389535,-0.6739574,-0.27426565,0.27894455,-0.5372138,0.38753432,-0.35410842,0.49455976,-0.09601447,-0.214479,0.23468284,0.5397806,0.246295,0.107501715,0.099284165,0.38770914,-0.4459424,-0.16983545,0.10090697,0.029016454,-0.12652138,0.35447142,-0.24802706,0.673325,-0.50379366,0.58689636,-0.81745744,-0.5071598,0.09845584,-0.25667202,-0.05493171,-0.38006073,-0.63256425,0.10959029,1.0449424,-0.6790235,-0.4794782,0.1481998,0.67865014,0.6419388,0.3496154,0.07486183,-0.43222862,-1.1485658,0.5452292,0.005190925,0.46994087,0.1803053,-0.42423713,0.448687,-0.71681607,0.5417077,0.08130679,-0.074443124,0.1460919,0.18013081,-0.4272284,0.03841421,0.56044346,-0.29284477,-0.13432632,0.13643777,-0.8469734,-0.18691684,0.10154613,-0.63307923,0.54941154,0.20264468,-0.4764138,-0.030994633,-0.077020496,-0.5093949,0.09275661,-0.26433787,0.38732496
mrna_expression_level,-0.18146305,-0.4582345,-0.13392133,0.05003373,0.528939,0.24873598,0.39810058,-0.72368747,-0.0006432652,-0.0707482,-0.4641296,-0.16417903,-0.024121838,1.004561,0.46550128,-0.58441716,-0.060807224,-0.29207635,-0.975169,0.09689522,0.2643597,-0.0033333297,-0.615419,0.9929673,0.06620723,0.8115093,-0.15615109,-0.29797485,-0.45811707,0.2545403,0.6634649,-0.17152146,1.4134442,-0.7291025,-0.1283359,0.38330978,0.65497077,-0.74112517,0.093449615,-0.3098316,-0.44063035,0.6130929,0.501107,0.12835377,0.6058952,-0.31080118,1.0174325,0.83198583,0.64574546,-0.9298933,0.37304607,-0.558941,-0.08789222,-0.20150533,0.47674844,-0.2751556,-0.9971093,0.5993015,-1.004315,0.1627404,-0.14685313,-0.3165368,-0.7262632,-0.3172849,0.030048678,0.32233956,0.072818294,0.7296392,-0.008644797,-0.20538284,0.72058755,0.2155879,-0.089156754,-0.6448542,-0.05853457,-0.0042967633,0.6152786,-0.7305897,-0.12666994,-0.45824903,-0.43284938,-0.31498167,-0.47211218,0.10225439,-0.4919484,-0.21383065,-0.03211394,-0.1869093,0.34625545,0.3768256,-1.1111904,0.6705252,0.5364594,-0.20928451,0.38033232,0.4577947,0.56834584,1.1041946,-0.41084108,0.405374
human_experiment,-1.1756252,-0.50752765,-0.25952893,-0.20531307,-0.67675555,0.2399112,0.50101435,0.102916256,-0.05019331,0.68938214,-0.58114433,0.64063656,-0.5934766,1.1125127,-0.54107875,-0.5830011,0.70053506,-0.36896473,0.5932406,-0.40890703,0.364375,-0.46292555,-0.6760351,0.31493285,0.54257095,-0.005327358,0.013017739,-0.25689334,-0.32582694,-0.18255046,-0.8763374,-0.31625777,0.7718673,0.4520345,0.36220053,-0.70938176,0.44238228,-0.44333923,0.34636992,-0.37748247,-0.4843318,-0.20278126,-0.21671449,-0.4535857,0.101797305,0.25268763,0.27623066,0.020908652,0.22611304,-0.31444764,-0.13465133,-1.2027451,-0.68345475,0.108447894,0.27262655,-0.13329472,-0.54141706,0.3845573,-0.728737,0.26228827,-0.01639473,-0.36240652,-0.45145252,0.2606821,0.33503368,0.07132883,-0.26151195,0.23152253,0.37852582,0.5651857,0.61584604,-0.49864605,-0.7683047,-0.91960174,-0.2588364,-0.21853502,0.38769633,0.18988264,0.36778143,-0.5803899,0.27338436,0.47331825,-0.1652331,-0.27305773,0.006452254,0.40132296,-0.015186922,-0.10931366,-0.3172039,0.318034,0.34241018,0.16483416,-0.23054753,-0.17759992,0.09260289,0.050490312,-0.5213569,0.752785,0.03372089,0.7580128
biochemical_analysis,0.38062716,-0.25802556,0.48503488,-0.19162539,0.18436816,-0.24496062,0.647879,-0.39015833,0.093670376,-1.0296696,-0.5139737,-0.3900446,0.2055196,0.33663464,-0.5182061,0.52214664,0.510158,0.099871226,0.2143631,-0.06542811,0.044016887,0.83485085,-0.54137766,0.5032315,0.34735033,0.5663929,-0.059723016,0.23577063,0.15447311,-0.3145038,0.48233202,-0.2759739,0.13908519,-0.3231045,-0.40537822,-0.35955954,0.5381697,-0.5969852,0.26434308,0.55701196,0.29595804,-0.24470735,-0.43648425,-0.37104604,0.8329802,-0.08512582,0.5348524,-0.43337083,0.20945393,-0.38399482,0.0473189,-0.90334564,0.1591327,-0.2601587,-0.004793305,-0.17484362,-0.13802506,0.1281193,0.21633059,1.1036569,-0.59757274,-0.38750014,0.23182847,0.15343736,0.6561668,-0.08909288,0.18410945,0.08141413,-0.8750761,0.29908028,-0.5148096,0.20566761,0.665801,-0.24887943,0.666423,-0.6779343,0.5537055,0.1098702,-0.41192362,0.43232596,0.11855909,-0.41741583,0.20440209,0.098365225,-0.3119861,-0.09401894,-0.23758788,-0.49728566,-0.2850686,-0.05479267,-0.92922264,0.95820904,0.098732546,-0.58204335,0.30209088,0.25094438,-0.6783244,-0.041907497,-0.3892696,-0.31092423
two_dimensional,0.069414854,-0.21826728,-0.30460805,0.31705767,-0.5851337,-0.50288665,0.37890303,0.33307156,0.08318148,-0.004963903,0.09750431,0.087450236,-0.42588165,0.17174214,-0.01357556,-0.18791324,0.43348572,-0.42659295,0.21049263,0.23562148,0.29727197,0.0046259407,-0.29133284,0.6578877,0.28073266,-0.19873552,-0.1498832,0.26556993,0.28324628,-0.86489326,-0.941134,-0.059760906,0.24461474,-0.09553006,-0.12026635,-0.40453658,0.077559836,-0.43228897,-0.21116266,-0.037541244,0.35418928,-0.14810163,-0.5046691,-0.10009882,0.4248723,0.29734156,-0.090655215,0.40097785,0.39196667,0.06611526,-0.46937644,-0.6657103,0.34329435,-0.3743618,0.9394441,0.22195415,-0.0874142,-0.32292792,0.021139462,0.65525883,-0.32662115,0.31377026,0.08255632,0.65269715,0.86371833,0.5149212,0.1498577,0.32672632,-0.4106327,-0.37229726,0.015217751,0.023300609,0.08189299,-0.20498328,0.32090694,-0.5628078,-0.18858245,0.2020302,0.052480303,0.10519732,-0.5531171,-0.17141733,0.08184743,-0.5081708,-0.48437983,-0.23097126,0.016843433,0.16454929,-0.53898215,0.04087158,-0.5787982,0.6334374,-0.35542145,-0.6155508,-0.41655958,0.1963429,0.021471776,0.43589225,0.02624918,0.2296158
finite_element_method,0.033271275,-0.012634475,-0.5498917,0.24563952,-0.70727676,-0.26931316,0.53911126,0.6130277,0.22832873,0.23053508,0.26916814,-0.003222241,-0.45161155,0.30889744,-0.47311983,-0.16213025,0.43323243,-0.30843845,0.4846624,0.15760565,0.5869133,-0.2939846,-0.35235155,0.39537743,0.0326562,-0.19323191,-0.46628913,0.28337985,0.19902939,-0.55054605,-0.787481,-0.28697786,0.15689507,0.088196784,-0.078719325,-0.34001413,-0.08761594,-0.4870682,-0.034995858,0.05436373,-0.031934194,0.00915299,-0.04750298,-0.53679913,0.023384139,0.18281111,-0.1826441,0.025526414,0.44272754,0.2665162,-0.6937431,-0.65527564,0.37115225,-0.37125164,0.658061,0.44180334,-0.5357447,-0.1179833,-0.17777435,0.22732288,-0.2647727,-0.011344155,-0.21173756,0.91812915,0.5651351,0.6004261,0.059442904,-0.22711705,-0.21816953,0.042074017,0.2524292,-0.016610906,-0.31070787,-0.09785401,0.023003468,-0.22324021,-0.1710966,-0.044488404,0.35309,0.18906572,-0.32225165,-0.22815362,-0.037675787,-0.2921681,-0.3041123,-0.15719901,0.56593406,0.34318635,-0.29848436,0.30975965,-0.45989546,0.40874085,-0.51287997,-0.7668653,0.04812842,0.37118578,-0.22410958,0.3408423,-0.5524667,0.1898411
pacific_ocean,-0.20407578,-0.18744698,0.1046607,-0.49251163,-0.23151417,-0.18637255,0.741218,0.15901788,0.03369127,0.21809378,-0.36517528,0.4404145,-0.23300746,0.5929291,-0.2097844,-0.7696305,0.5403854,-0.2411444,0.49853885,-0.20118932,0.18260509,-0.08891358,-0.33522245,0.14662525,0.575636,-0.14503664,-0.1913815,-0.19217786,-0.6775692,-0.5622049,-0.2506199,-0.21307833,-0.18287124,0.15847148,0.26844555,-0.4912937,-0.06583738,-0.3347245,0.082952835,-0.261923,-0.17506447,0.0021397928,-0.014710135,-0.034095313,-0.3250704,0.11269575,0.22184755,0.13943994,0.016085101,-0.18922696,-0.21139055,-0.72432894,-0.05306214,-0.3858431,0.41949108,-0.20444953,0.21525738,-0.2907654,-0.25702927,0.4983764,0.21784675,0.10996212,-0.29417318,0.27635834,0.8139739,-0.1923559,0.7135811,-0.004178913,-0.47354072,0.44229445,-0.07228184,-0.4732743,0.009682992,0.0032449155,-0.04163955,-0.02284951,-0.4730472,0.21097122,-0.19732428,-0.26287466,-0.29083914,-0.35444352,-0.05039283,-0.88605994,-0.017292578,0.28967267,-0.20922555,-0.35413584,-0.85980266,0.25773796,-0.07345481,0.34305066,-0.3838515,-0.5543743,-0.24077368,-0.36545518,-0.21280113,-0.28280172,-0.21703932,-0.13526706
antiinfective_agent,0.54432577,-0.6348431,0.039380744,0.36249357,-0.097130716,0.10667386,0.39349622,-0.714869,0.030021042,0.37405372,0.20280202,-0.06587031,-0.13315801,-0.185993,-0.45426384,-0.32628927,-0.073621914,-0.23088811,-0.28667083,0.38357767,0.18172513,0.081778534,-0.41211838,1.1760955,0.16924922,0.5476786,0.03726345,0.58080786,-0.7285949,0.07555757,0.5761066,-0.09809535,0.55735403,0.5273717,-0.5289723,-0.21051839,0.2986289,-0.2267139,0.7635056,0.5115582,-0.04711849,-0.15114796,0.50611126,-0.2696298,0.3824782,0.23752114,0.28404832,-0.77508724,0.581324,-0.28859183,0.075879335,-0.5269939,0.26891595,0.24803005,-0.12522541,0.42013457,-0.6466682,0.7178669,-0.6501259,0.37892586,-0.34126735,0.3855691,-0.6020469,0.16936015,0.0108445985,-0.16743559,0.12941688,0.4574686,-0.1874251,-0.47184333,0.45016807,-0.09114759,-0.3985955,-0.4658134,0.07705821,0.09028179,0.36208928,-0.42395595,-0.08689554,-0.32437113,0.75464016,-0.41236717,0.045204423,-0.36098367,-0.34495032,-0.29873216,0.8233452,-0.41760856,-0.86328375,-0.007970076,-0.020660402,-0.021295905,-1.0280933,-0.26002565,0.49943316,0.17448066,-0.09773697,0.27654058,-0.5962287,0.3797353
blood_pressure,-0.3353652,-0.8562841,-0.26179674,0.030893043,-0.7925752,0.34886003,0.47456658,-0.6823704,0.07912889,-0.110458694,-0.36885244,-0.5581562,-0.30732092,0.23156287,-0.22783786,-0.3694898,0.42124,-0.97549057,-0.14810672,0.23812945,0.36129498,0.20436642,-0.39460444,0.24729356,0.10763797,0.2955962,-0.013042711,-0.4123561,-0.2889098,-0.379777,0.3127144,-0.89545876,0.5099209,-0.55525213,0.2235539,-0.23123576,-0.0475482,-0.23909357,0.40617508,-0.040685434,-0.8465496,0.2512986,-0.3574228,-0.065822,0.6375099,0.17002265,0.5683666,-0.115488,0.68219453,-0.09053159,-0.28508744,-0.5524197,-0.3164413,0.13068645,-0.024433862,-0.14852576,-0.98669755,-0.5654097,0.12640104,0.24134366,0.19110528,-0.6369055,-0.8604203,0.8629879,0.55796796,0.084958844,0.42193708,0.87454945,0.33807924,0.053777657,-0.12675719,0.035595752,-0.022675784,-0.16904953,0.42431185,-0.07861666,-0.10360443,0.17611088,-0.07072164,0.35648033,0.5977838,-0.76607674,-0.018709796,-0.27911633,0.13358939,-0.39525396,0.53941655,-0.1654142,-0.7541073,0.5151142,-0.22443897,0.2094419,-0.0060539255,-0.1675511,-0.027434867,-0.08598776,-0.04953174,0.80770135,-0.13938019,-0.33918998
bioreactor,-0.2748956,0.3713116,0.043743864,-0.10608856,0.19168405,0.034976963,0.6088584,-0.07946178,0.46396187,0.31667078,-0.3134651,0.52122486,-0.8134103,0.46399248,0.21392691,-0.15820874,-0.5891876,-0.48140046,-0.48410767,0.32807842,0.23652816,0.17215689,-0.6584976,-0.19171222,0.17797579,0.5390517,-0.4985928,-0.50768876,-0.30760598,0.10303988,0.82710904,-0.43225682,-0.7790161,0.34778702,-0.4777581,0.5261767,0.2390446,0.05071102,0.525817,-0.07139384,0.6308189,-0.3832929,0.43254372,0.31018943,0.55389076,0.041616682,0.5710477,-0.033938225,0.34935638,0.027278872,-0.26738212,-0.504805,0.13854666,0.37278247,0.6501473,-0.5308322,-0.46140292,0.54676163,-0.76464516,-0.15019906,-0.40551618,0.5352203,0.24350736,-0.11622083,0.29567057,-0.072091214,-0.048073895,0.0872547,-0.45016867,-0.28741673,-0.0017602557,0.24348946,0.038603086,0.14114226,0.41308096,0.5470693,-0.6290724,0.12282097,0.31174245,-0.35872507,0.6647903,-0.115428165,-0.524857,0.18337636,-0.21383525,-0.8312355,0.1118775,-0.14632192,-0.2096929,0.87101567,-0.5443544,0.5530962,-0.9793804,-1.3839518,0.95932156,0.3104398,-0.53330505,-0.33234417,-0.41719118,0.03272312
single_nucleotide_polymorphism,0.7239603,-0.5463529,0.46144336,-0.0373567,0.2952742,-0.06001418,0.90002507,-0.60934734,0.47088107,-0.15909128,-1.4840041,-0.24066284,0.038452383,-0.012386362,-1.1592885,-0.06354102,0.55985004,-0.55612266,-0.14638497,0.0072308467,0.6930484,0.15686564,-0.36385798,0.7352415,0.19192986,0.5070045,-0.032173667,0.0034321956,-0.53954357,-0.50482166,0.5397101,-1.1084676,0.14385349,0.1736585,0.18710047,-0.5256705,0.0072319903,-0.40103275,-0.05991712,0.06435849,0.17504679,0.36100352,0.30506667,-0.048826076,-0.39400172,0.110575326,0.46821645,-0.07803679,1.2400156,-0.0013824835,0.2864362,-0.4391834,-0.33868667,-0.67202306,-0.027037973,0.1032745,-0.044259027,-0.32299,-0.03082954,1.0660332,0.17334123,-0.22498615,-0.42891684,0.04055778,0.31991276,-0.44673187,-0.07839321,-0.3422192,-1.2126136,0.6250468,-0.034814045,-0.07410049,0.53702533,-0.051054217,0.5098081,-0.8394974,0.7283928,-0.2550308,-0.21283089,-0.07825995,0.7393598,-0.66073173,-0.4217698,-0.08692388,-0.21766403,-0.24382457,-0.028433025,-0.87531507,-0.6766082,0.62426925,-0.6524295,0.851778,0.21534981,-0.592444,-0.27356905,-0.092766084,0.20398521,-0.17959043,-0.7857167,0.21723986
disease,0.23954616,-0.19634154,0.07119516,0.05440716,-0.36988175,-0.059587713,0.9214143,0.0069333394,0.5169327,0.7042169,-1.0782949,-0.05662812,-0.2721807,0.39954558,-0.8425099,-0.090295084,0.9264471,0.19245204,-0.07137535,0.018090105,0.24881533,0.1999244,-0.4475438,0.3741112,0.5752853,-0.07299111,-0.18467738,-0.12648124,-0.45325768,-0.3921222,-0.15042973,-0.26548594,-0.30395907,0.301764,-0.03684425,-0.08834955,-0.09319983,-0.34096932,-0.32198453,0.26775634,-0.433188,0.11225776,0.5543698,0.2594396,-0.5703859,0.14150837,0.22283334,0.46141398,1.2208828,-0.105444774,0.19163673,-0.31728023,0.13785595,0.10723581,0.014234099,0.22266042,0.37159696,-0.582143,-0.7046888,0.9329187,0.24552663,-0.014072257,-0.9658222,-0.011769458,0.07098186,-0.19310057,0.4015644,-0.4068823,-1.2238543,-0.2725534,0.5264798,-0.38014194,-0.4169175,-0.31287,0.22127303,-0.43567383,0.7375699,0.099728264,-0.078773126,-0.201861,0.5125151,-0.5378772,-0.53643614,-0.2863017,-0.2607988,-0.19399561,-0.22935417,-0.2878734,-0.37484074,0.57163334,0.41559517,0.34864303,0.1643695,-0.14553884,-0.46917903,-0.22066014,0.44648665,-0.028840328,-0.43277532,-0.21201308
microorganism,-0.30428994,-0.26823977,0.4369894,0.39222917,-0.45077887,-1.102648,0.96973014,0.7464703,-0.08530745,0.30090377,-0.8974969,0.2156331,-0.7436099,0.20609514,-0.04034405,0.08194291,0.35362068,-0.8032679,-0.16327114,-0.38301632,0.5273986,0.765652,-0.9119584,0.789074,-0.20700157,0.008983701,-0.26993152,0.36305717,0.2991296,-0.35408837,0.31101096,-0.6281586,-0.67038995,0.54409695,-0.31545877,-0.51055485,0.34576264,-0.5301356,0.032345004,-0.26450652,0.51405585,-0.69648826,-0.15105489,-0.14918564,0.5890945,0.26964143,0.33710077,-0.20340851,0.18969989,0.49892816,-0.64029294,-0.6036275,0.19944097,-0.052530225,0.5822053,0.16232863,-0.42794684,0.39102736,-0.32470122,0.13687491,0.12026881,0.41779828,-0.50763494,0.40210938,-0.50162953,-0.12073409,0.27107015,-0.050730653,-0.31283784,-0.53806126,0.5486527,-0.5039608,-0.727115,-0.5266639,0.2944113,-0.3718188,-0.60850185,-0.092380844,0.77338684,-0.38617304,0.03789327,-0.08696949,-0.051841974,0.21965294,-0.4380794,-0.3049642,-0.48540187,-0.09326875,-0.8064426,0.73992574,-0.25781915,0.4518604,0.018239265,-0.691238,0.08840744,0.3928012,-0.2767166,0.26297283,-0.731649,-0.32527053
electroencephalography,-0.7211791,-0.46043658,-0.39240354,0.20391423,-0.34814006,0.6439084,0.3602238,-0.45985773,-0.06035185,-0.21154052,-0.5924506,0.8142748,-0.7830085,1.010572,-0.41448998,-0.20021014,0.6760965,-0.53035456,0.34040806,-0.6580713,-0.14991163,0.00023098089,0.06303439,-0.062822334,-0.26784313,-0.18675546,-0.5698034,0.18097088,-0.10189455,-0.16450761,0.026302291,0.010938931,0.6323515,0.5941137,0.25370398,0.008871672,0.042324103,0.05643565,0.11098235,0.031444564,-0.17894779,0.16020232,0.2501264,-0.478359,0.33344877,0.3412288,0.3910737,0.21423565,-0.06346443,-0.44354704,-0.70638806,-1.5217786,-0.37764093,0.60763323,0.2997606,-0.0064180735,-1.0460609,-0.51462954,-0.67806613,0.496614,-0.3513526,-0.3791142,-0.038309015,0.5863409,0.5346894,0.35833308,0.16474077,-0.20664017,-0.43125892,-0.23353219,0.2624655,-0.05998027,-0.050478444,-0.48730692,-0.028691089,-0.111730784,-0.4990342,0.31819397,0.010595662,-0.2407598,0.0977874,0.27774617,0.32210672,0.020944074,-0.30722466,0.33552465,-0.2099698,0.23959051,0.058778543,0.31019804,-0.37087274,0.354207,-0.13439928,-0.36741403,-0.069525085,-0.015880201,-0.33087373,0.7793376,0.23231493,-0.01854986
veterinary_medicine,-0.032144796,-0.27157295,-0.13320425,-0.8964035,-1.0503693,-0.0147497915,0.24249084,-0.049741756,-0.31216887,0.11577109,-0.5574053,0.68178153,0.35916784,0.5508827,0.16097346,-0.49268618,0.8666735,-1.3227693,-0.5513661,-0.10114594,0.067536645,0.3620802,0.22140004,0.9082244,-0.49163848,0.10451381,0.29414177,0.18718866,-0.23922881,-0.11735928,-0.3327451,-0.32388893,0.02946741,-0.07683369,-0.45278051,-0.71726924,0.059773818,-0.5969029,0.43245414,-0.52630264,0.291612,-0.15224488,-0.27998993,-0.3277844,0.3871881,1.123949,0.57010245,0.035691004,0.06372629,0.19071054,0.121186815,-1.4736807,0.30330056,-0.44059807,0.8717877,0.014174107,-0.01973374,0.08452619,0.044433136,0.45193794,-0.5990597,-0.07917244,-0.68584305,0.7011049,0.1469375,-1.068962,-0.07490759,0.48330435,-0.10196744,0.090114176,-0.36696228,0.20582585,0.06796252,-0.62938815,0.48823515,-0.30065942,-0.19579881,-0.0721987,-0.88259834,-0.78975827,0.35381195,-0.38776103,-0.53994334,-0.31552613,0.09908174,0.34120968,-0.120609194,-0.38323194,-0.84658855,0.24187903,-0.6108496,0.2831406,-0.33670846,-0.19529001,0.16673885,-0.30289465,0.021932142,0.80872655,0.12418564,0.2563151
reproduction,-0.2204693,-0.10584091,-0.09320778,-1.2033215,-0.55630606,0.5497223,0.017113805,-0.28902146,-0.031857103,-0.118404135,-0.42537874,0.6934715,-0.14062355,0.40107328,0.040418953,-0.54966956,0.6307958,-0.7864047,-0.77113324,-0.06976419,0.01293648,-0.025345745,0.35528055,0.33521196,-0.25199628,0.24844335,-0.037073277,0.12255761,-0.34430346,0.2095948,-0.3176662,0.058478776,0.39557543,0.089978874,-0.38119453,-0.29136473,0.26875785,-0.64990264,0.49976045,-0.45531833,0.5527154,0.36761758,0.118252784,-0.46889034,-0.005751744,0.6894429,0.86346614,-0.34292236,-0.12820844,0.0002873989,-0.38783604,-1.3363895,0.19383581,-0.048814006,0.7622448,-0.30887544,-0.2187579,-0.042405535,-0.22688796,0.23765911,-0.39193764,0.2282023,-0.388152,0.5024254,0.52910435,-0.8740511,0.13287686,0.42413485,-0.45533338,0.07401667,-0.14351751,0.15866113,0.33796287,-0.36779073,0.36605462,-0.116796225,-0.36887446,0.24739785,-1.0121466,-1.0670118,0.17118411,-0.3153399,-0.60854167,-0.43084702,-0.17157798,0.31038812,0.3275086,-0.047785155,-0.45873517,0.09252427,-0.5332304,0.38852182,-0.6990839,-0.31208363,0.13378577,-0.50407654,0.1686816,0.2604581,-0.10555218,0.17338617
proton_nuclear_magnetic_resonance,0.14188547,-0.68730193,-0.5402408,0.36928686,-0.5167354,0.30846033,-0.14179452,0.078289784,-0.13711663,0.69578093,-0.8216987,-0.2246158,0.036924463,-0.2785521,-0.24720198,-0.5269184,0.2800527,-0.3878509,-0.5558915,0.297877,-0.29017746,0.2220274,-0.3783654,0.5351734,0.18321732,-0.32979155,-0.5658543,-0.08315551,-0.05916797,-0.27438474,0.4538884,0.48211357,0.59720993,-0.015988443,-0.41510114,-0.5284383,0.74399513,-0.39192674,0.66168946,0.81211144,-0.509279,0.10917089,1.172882,-0.35240185,0.3628867,0.5708202,-0.35679308,-0.44623467,0.30963364,-0.32532918,0.23018672,-0.241287,0.32146847,-0.07080586,0.30825517,0.5810396,-0.104522645,-0.013827052,-1.0385952,0.92084396,-0.004199914,0.054750163,-0.44791993,0.17847146,0.043658137,0.86744475,-0.0051639397,0.1982434,-0.3611363,-0.6022589,0.37801954,0.42040867,-0.95692337,-0.067272775,0.37293005,0.23886155,0.286655,-0.10473288,0.8996248,-0.4517399,0.4859073,0.16304646,-0.26018077,0.75073665,-0.7315806,-0.20166677,0.30436346,-0.31611383,-0.035740625,-0.15227447,-0.12121303,0.46978906,-0.87757283,-0.20339903,0.29094315,-0.32791162,-0.23025015,-0.16365752,-0.8561944,0.76748383
physical_chemistry,-0.85302085,-0.48892224,-0.553755,-0.03029758,-0.007967997,0.71162814,-0.16596742,-0.14262472,0.48082033,0.22516368,-0.38543093,0.70741713,0.49649492,-0.09533975,-0.5048271,-0.88070875,-0.15950634,-1.2141824,-0.20344263,-0.11364005,-0.14260687,0.09977668,0.06048413,-0.04677661,-0.08007792,-0.012992942,-0.90678626,-0.16037026,0.39228418,0.2899253,0.39188454,0.6153198,0.9953589,-0.75116277,0.1580291,-0.33659172,0.71556145,0.047259223,0.6160847,-0.046579994,-0.09612047,0.059090376,0.6291561,-0.7933025,0.18331848,-0.46076447,-0.84516805,-0.7424388,0.075695336,-0.8403108,0.24645148,-0.27770406,-0.22461684,-0.53378576,0.36216348,-0.7284236,0.56304187,0.8409802,-0.66598916,0.73108476,0.483404,0.27350226,0.42264238,0.46555796,0.9843674,0.9620508,0.1420098,0.54988956,-0.620038,-0.34033632,0.19660234,0.9347997,-0.66393,0.11609498,-0.1533608,-0.3348801,0.44340467,0.4298492,0.29224503,-0.9760978,0.28424403,0.26834634,-0.24005371,0.1603996,-0.07153183,0.20138095,0.00028492854,-0.618962,0.84392697,0.7301563,-1.225936,0.3761017,-0.836583,-0.5095361,0.39303616,-0.04432484,-0.12969434,-0.49200287,-0.19720285,0.9981001
cell_differentiation,0.21922413,-0.26810408,0.02515698,0.41272053,0.3487724,-0.082184166,0.40835476,-0.22389968,-0.37650108,0.2599239,-0.65359294,0.25301564,0.7199454,0.888162,0.23395482,-0.6273383,0.6096963,-0.769859,-0.016724601,0.36375007,-0.080695376,0.23855385,-0.32490999,1.0069188,-0.13577601,0.18129112,-0.595865,-0.16945381,-0.18007927,-0.14553644,0.2632118,-0.1765616,0.53332025,0.42834267,0.13836372,-0.029894585,-0.34691298,-0.08799474,-0.06101529,0.5714326,-0.4197636,-0.07066092,0.891418,-0.075305976,0.5472276,0.5032293,-0.051233664,0.932546,-0.1087747,-0.4377103,0.27095613,-1.0238922,-0.13930632,0.46195233,0.20143257,-0.8034825,0.14001374,-0.18185511,-0.12462673,0.75874263,-0.22260304,-0.8056102,-0.4176855,0.31092995,0.44032866,-0.029969662,-0.13003545,-0.17611222,0.31319967,0.14385349,0.22520392,0.4287057,-0.46251702,-0.16328785,-0.24051258,0.3729711,0.38883278,0.29760593,-0.12086144,0.35270205,0.22839445,-0.37467048,-0.29200497,0.12350018,0.0421102,-0.12617074,-0.13380879,-0.031779982,0.93827933,0.43941006,-0.035530575,0.35411206,0.07916766,-0.733965,0.25437897,0.23721138,-0.37995425,-0.19676222,-0.54138374,0.43671238
cell_migration,0.03689275,-0.057346944,-0.30249614,-0.021300193,-0.1766603,0.8205101,0.5148702,-0.21191543,0.18153304,0.3617072,-0.8079984,-0.116687685,0.5966959,0.74074936,0.061611347,-0.24936505,0.47479138,-0.7906335,0.41968524,0.1309705,-0.17640665,0.2578946,-0.34710792,0.8570866,0.1318043,-0.040293377,-0.039192695,-0.063002504,-0.31323996,0.11687511,0.15905738,0.11039873,0.04595737,0.07210194,-0.08968088,-0.4032864,-0.09755089,-0.45003366,-0.09416545,0.60655135,-0.7134796,0.020085383,1.3893646,-0.35840753,0.35091773,0.6904803,0.167919,0.20312355,0.26612046,0.45329803,0.08644137,-0.6528597,0.1641264,0.5305812,0.13570185,-0.44632447,-0.022702634,0.12848258,-0.330876,0.79053605,-0.021323945,-0.5327703,-0.39361435,0.0789813,0.08042854,-0.35152456,-0.857945,0.0917142,0.20887776,-0.22141996,0.25051492,-0.19910467,-0.3912585,-0.2530125,0.3311934,0.18773243,0.3258277,0.032399125,-0.24419269,0.19927795,0.7457003,-0.153995,-0.761744,-0.06667043,0.115279116,-0.25203297,-0.38267428,0.1607285,0.8042388,0.45209196,-0.7043847,0.849264,-0.35607207,-0.33265674,0.11526987,0.0428106,-0.24740778,-0.12741339,-0.41949716,0.23529881
dynamic_simulation,-0.44465044,-0.2064883,-0.23107593,0.41206935,-0.46393433,0.3192727,0.2812008,0.13831799,0.9405757,-0.089315735,-0.22434954,0.38324437,-0.052419342,-0.029389085,0.33551925,-0.49055833,0.6402894,-0.22200675,0.0473256,0.33326063,-0.24175322,0.17408362,-0.5227514,0.3093118,0.3046259,-0.43725896,-0.1559482,-0.33095,0.58069134,-1.0146356,-0.6051267,-0.12920897,0.29983586,-0.025572559,-0.30296758,-0.008147937,0.09285042,-0.821227,-0.089950204,0.3044559,0.18248145,0.095126115,-0.1645196,-0.13270904,0.033882212,0.7454881,0.14579096,0.09258067,0.48290762,-0.5617654,-0.048811838,-0.18311475,0.2718186,0.19247398,0.9909505,0.0370835,-0.21388172,-0.24218011,-0.22930034,1.1048342,-0.17729405,-0.028552277,0.19036765,0.08960789,0.6759027,0.9186139,0.45747927,0.6054055,-0.2221463,-0.53397757,-0.41964087,0.3909719,0.015651248,0.4442228,0.07407596,0.0054275687,0.13228355,0.50286967,0.49074176,0.38501433,-0.4616616,-0.44250318,0.0056016995,-0.16588867,-0.8320945,-0.24320799,-0.29168975,-0.1697407,-0.6928874,0.37460652,-0.74753124,0.74624854,-0.58608824,-0.40706387,0.06712158,0.46775955,0.1651766,0.27986464,-0.28265098,-0.033868548
clinical_feature,-0.012825375,-0.85429204,0.18683799,-0.8656756,-0.46483594,-0.38151255,0.38603622,-0.18499912,-0.67249185,-0.1036488,-0.60887474,0.11555996,-0.17733741,1.05834,-1.1341252,-0.59887004,0.8962625,-0.14515182,0.5886676,-0.087850675,0.6625264,-0.02201493,-0.06890246,0.49002698,0.23195574,0.08891681,-0.22244775,0.44870648,-0.4269102,0.018838704,-0.33422926,-0.5366504,0.2971833,-0.23052149,0.5720421,-0.3368274,0.15408464,-0.79986024,-0.39633217,-0.16581975,-0.27252603,0.3293217,-0.07726929,-0.9393808,-0.16958824,-0.04689936,-0.10428536,0.6750712,0.020349657,-0.25533888,0.2184825,-1.0682291,-0.12353983,-0.43024647,0.41778696,-0.36145267,-0.60847026,-0.11683662,0.5085761,0.33071783,0.2355183,-0.15956089,0.2302275,0.3268804,0.7517607,0.09009814,-0.37255213,0.61704326,0.22066917,1.071383,0.60643214,-0.025080247,-0.29783717,-0.31803727,-0.5640917,-0.0045581753,-0.15548792,0.5102662,0.38807318,-0.22171901,0.18926755,0.21918711,0.5517869,0.71165293,0.18509975,0.061785813,-0.20632459,-0.70911723,-0.43063864,0.855236,-0.189298,-0.06503241,0.18418291,-0.265279,0.2680829,-0.20000626,-0.5358816,0.63487196,-0.27577314,0.47129005
case_report,0.024289202,-0.22930466,-0.67196083,-0.22183956,-0.29768068,-0.4104578,0.27258208,0.14047088,0.03322762,0.25208315,-1.6243691,-0.17497516,-0.33056334,0.2744209,-0.38790515,-0.44781342,0.8096303,-0.49190617,0.088761285,-0.8145534,0.52558017,-1.1322497,-0.32959262,0.08299011,-0.15452145,-0.24753568,-0.43807527,0.14557698,-1.1513749,0.010542991,0.41712415,-0.7176648,0.20926487,0.12870644,-0.04600046,-0.6932157,-0.1556168,-0.782473,-0.068745464,-0.29779696,-0.17330465,0.58430433,-0.38575202,-0.8636372,-0.144142,0.12389968,0.088840604,-0.31379792,-0.24060681,-0.49588972,-0.088952824,-0.7085372,0.23681311,-0.31597176,-0.19806305,-0.51869047,-0.548755,0.38953763,-0.6268059,0.8761508,-0.22655271,-0.52039355,0.29102847,-0.69535697,0.68969434,-0.023696823,-0.5705403,0.8813464,-0.055592813,1.2096558,0.53563744,-0.27589887,-0.24861012,-0.5416526,-0.5021079,0.3513353,-0.11095988,0.08894072,0.42259523,-0.5654266,0.098310195,0.18575245,0.031797457,0.9623779,-0.3251294,0.19797859,-0.25383106,-0.48609284,-0.45659333,0.89287597,-0.2292974,-0.44202426,-0.6730024,-0.402833,0.024102595,0.123578,-0.61215585,0.9011343,-0.24466178,-0.2816559
drug_synthesis,0.091065206,-0.3170998,0.1096851,0.11251737,-0.069966316,0.2737398,-0.3857201,-0.9381428,0.36396182,0.10613969,-0.40304747,-0.06964271,0.23292205,-0.4380202,-0.42468494,-0.39592227,0.40350425,-0.23270994,-0.2158858,0.07428093,-0.40393367,0.29229075,-0.2059813,0.29088396,-0.32230702,0.0493184,-0.6241808,-0.6975122,0.15173697,0.32808897,-0.15758075,0.051803406,0.8450153,-0.022384489,-0.018919598,0.0647035,0.8686126,-0.75096345,0.236637,0.2516522,-0.21870463,0.5354151,1.1335227,-0.5517597,0.37693095,-0.10253616,0.11842082,-0.7124031,0.4030757,-0.6399014,-0.17189465,-0.7419867,0.30463588,-0.12800919,-0.17096318,-0.023982724,-0.5542005,-0.038112216,0.41661352,-0.04148563,0.61944187,0.43908796,-0.2061362,0.51375645,0.9902976,0.8842827,-0.010299593,0.06569752,-0.48691508,-0.6081508,-0.10526468,0.54158264,0.05076935,-0.19537917,0.20122398,-0.12635903,0.22475745,-0.3492601,0.4365656,-0.1956166,0.6515099,-0.38208047,-0.5457339,0.92033374,-0.48475346,-0.2706379,0.38826388,-0.37652117,0.104955554,-0.56377697,-0.36419493,0.95055795,-0.39092276,-0.49111414,0.053694658,-0.18070257,0.23050137,-0.2897255,-0.6629977,0.16067223
lactic_acid,0.13083872,0.72486925,1.1242214,0.74834955,0.27245936,-0.6447644,0.60382324,-0.471583,0.16299109,0.27036077,-0.90044045,0.6240324,-1.0763999,0.20212533,-0.08500314,-0.7108055,1.2067233,-0.72954714,-0.13079108,0.0927505,-0.24165562,-0.46814388,-0.23717722,0.61570734,-0.7522553,0.23223548,-0.43917003,0.11832589,-0.28926396,0.021327343,0.0059224744,-0.66725475,0.19660066,-0.018241778,-0.35806802,-0.2915732,-0.36560073,0.0017452444,0.20455076,0.024353681,0.42695123,0.41673023,0.343137,0.38519102,0.6112262,-0.39947098,0.7641187,0.5605189,-0.025841823,-0.019218953,-0.71682715,-0.6325104,-0.38029245,0.48030266,0.071217485,-0.80402166,-0.16975246,0.5719121,-0.6013623,0.17078024,-0.13686058,0.40253356,-1.1489419,0.48022684,0.52520126,-0.2777663,0.42182612,-0.4469631,-1.2399668,0.88157463,0.46072835,0.4386153,0.13087115,0.21440646,-0.41682926,-0.4375803,-0.555699,-0.46869975,-0.22452845,-0.31179574,0.2786644,-0.008835806,-0.252637,0.7160798,-1.1176406,-0.15483491,0.09987819,0.17884946,-0.6726262,0.115518905,0.054620177,0.121193916,-0.42615086,-0.37411478,0.029975094,-0.25614575,-0.105032764,-0.20390593,-0.2096388,0.34662604
metal_nanoparticles,-0.12628585,-0.14413236,-0.17013428,-0.66565025,-0.9440829,0.13780104,-0.06006562,0.01242469,0.47606215,-0.027895499,-0.62839615,0.21163414,-0.56113255,0.02596994,0.16711457,-0.9139058,0.47343528,-0.12985402,-0.6371155,-0.20570704,-0.028958768,0.091018215,-0.57630754,-0.15698458,-0.44164643,0.36824483,-1.075334,0.2035017,-0.18635398,-0.28351855,0.005749514,-0.49033815,-0.3298266,-0.37309927,-0.048489753,0.51115316,0.029074172,-0.5589908,-0.404912,0.5117186,0.224954,0.2264342,0.011679532,0.20877482,0.39991957,0.41144133,0.026049139,-0.05444039,0.26221466,-1.0445445,-1.2633014,-0.40327132,-0.2177415,-0.12582447,0.7881112,-0.1556011,0.3545111,-0.5623138,-0.3469108,0.660985,0.12266051,-0.28325236,0.5968116,0.36432987,1.1583338,-0.13683571,0.54622847,0.33875695,-0.7339292,0.08255735,-0.18054372,0.58093286,-0.24093309,0.6129091,0.1155552,0.116572954,-0.58623016,0.29469302,0.2066738,0.6448546,-0.7440853,-0.16471116,-0.27523267,-0.4633083,0.0625249,0.0346888,0.46215615,-0.38661134,-0.43669012,0.465351,-0.53725827,0.38261506,-0.46749154,-0.6844037,0.2628954,0.23081972,0.33912063,0.053619184,-0.3063006,-0.45332265
time_series_analysis,-0.6948186,-0.053329136,0.3071165,-0.3760148,-0.6735887,0.0988428,0.97869366,0.17753659,-0.1476881,0.009978793,-0.7729476,0.6484441,-0.78446233,1.1644909,-0.6282874,-0.6906915,0.9399177,-0.3660884,0.40197793,-0.5966975,0.48402536,0.5469382,-0.31853178,0.027833723,0.4836691,0.26228547,-0.6660745,-0.41048968,-0.060684204,-0.75229937,-0.6136557,-0.32580954,0.091017134,-0.051732853,0.40775752,-0.44636512,0.12449137,-0.2844844,-0.27867806,-0.46408084,-0.40629318,-0.13252503,-0.14378537,-0.50082034,-0.72517854,-0.06408258,0.26482648,0.67921275,-0.0007162602,-0.046551086,-0.44591516,-0.7764865,-0.20592265,0.1388271,0.3067559,-0.041739233,-0.8024287,-0.25049147,0.20306109,-0.1774911,0.12737626,-0.17584616,-0.57081705,0.587802,0.72531384,0.26300523,0.4095538,-0.3551183,-0.32079718,0.43707255,0.04089494,-0.63024825,-0.033682473,-0.34721655,0.24798577,-0.37714648,-0.7943347,0.38914984,0.062328354,-0.3045927,0.08493359,0.029933574,0.12884231,-0.18235242,-0.07129816,0.2434015,0.08603578,-0.15104613,-0.37271905,0.5415057,-1.8066057e-06,0.30492595,-0.08859579,-0.34808648,-0.32938626,-0.36573446,-0.6967493,0.64459515,0.038578335,-0.11262109
water_quality,-0.88592917,-0.29693538,-0.16681035,0.26055145,-0.17016467,-0.87636495,0.40308422,0.42605904,-0.18767653,0.50210893,-0.24368295,0.16742961,-0.3842999,0.23817791,0.3901328,-1.6135445,0.05638924,-0.917923,0.18760058,-0.62601125,-0.0069463523,0.47378898,-0.4080221,0.29236,0.121030994,0.22860248,-0.46097332,-0.38198248,-0.46557966,-0.4917418,0.21463779,-0.30652595,-0.59569645,-0.19421594,0.37725246,-0.5708028,0.3991504,-0.58863735,0.43382496,-0.31928623,0.18114269,0.07459994,-0.15960297,-0.28838345,-0.24785478,0.6634123,0.0076855724,0.6266932,-0.25362483,-0.5792131,-0.5715419,-0.79348755,0.07542174,-0.678879,0.78575623,-0.39095086,0.724327,0.744105,-0.46215922,0.6941277,0.44768843,0.07571138,0.001961333,-0.023064023,0.94015884,0.25193563,0.9291797,0.67109793,-0.9127621,0.124605194,0.12385629,-0.6705967,-0.017306522,-0.15714182,-0.33660874,-0.09148878,-0.8586225,-0.01636513,-0.13800919,-0.3919273,0.2895712,-0.37788248,-0.13746355,-0.7008773,-0.40291926,0.09179083,-0.3978608,-0.97804767,-0.9773041,0.29420894,-0.3690207,0.06504415,-0.6162681,-0.9162514,0.0052696005,-0.15694357,0.0177496,-0.28057796,-0.31387466,-0.101831205
carbon,-0.4292171,-0.5737155,0.36607507,-0.113795556,-0.62875575,0.12211283,-0.40339062,0.30219397,-0.14016823,0.441195,-0.17838353,-0.26436394,-0.22182913,0.022791168,0.63083655,-0.6845391,0.24885492,-0.39776927,-0.61632365,-0.3014198,0.08379349,0.26708165,-0.5082956,0.26210633,-0.24851385,0.557355,-0.3208188,-0.0502366,-0.3706678,-0.15865281,0.60955054,-0.65392673,-0.41494903,-0.13299966,0.29601026,-0.0797057,0.63926697,-0.09242096,-0.43417382,0.093989246,-0.44402033,0.41799787,0.65409756,0.5159583,0.40673137,0.49288222,0.08626366,0.50170994,0.14214659,-0.36010507,0.071462214,-0.06676198,-0.72415286,-0.26613858,0.59052986,0.34519586,0.83282375,0.34512058,-0.60434514,1.0728787,0.06860633,-0.33601522,0.057403944,-0.0764065,0.86970246,0.13986099,0.79846567,-0.13536255,-0.87167937,-0.79679215,0.353256,-0.23119955,-0.03559246,-0.19435409,0.15425673,-0.12053944,-1.0902159,-0.3227863,0.065808535,0.89281774,-0.47034925,-0.16432382,-1.009058,-0.23497447,-0.48376083,-0.8008611,0.23059903,-0.3871424,-0.2570601,0.09328152,-0.2955673,-0.0838382,-0.17142393,-1.1366346,0.060837064,-0.113907166,0.3393696,-0.6412977,-0.37245214,0.004898635
body_weight_gain,-0.33508325,-0.3216034,0.22426602,0.19931364,-0.37648785,-0.18798298,-0.2788711,-0.63950104,0.34118867,0.12198169,-0.14774624,-0.12140136,-0.106109716,-0.2967497,0.6647289,-1.0436474,0.33858997,-1.2243297,-0.26060817,-0.50895876,-0.4629166,0.8109738,-0.07414023,0.060961332,-0.66578954,0.6212725,-0.088637576,-0.8288295,0.193998,0.6858699,0.31933305,-0.3142291,0.04444676,-0.39174536,0.12593709,-0.012218554,0.49305966,-0.39921287,0.68584394,-0.33803448,0.3116689,0.26917937,0.013899333,-0.013360236,0.7355109,0.67274433,0.6565425,-0.17335619,-0.078006156,-0.49801698,-0.6150704,-1.2135111,-0.25253963,-0.46101055,0.09640285,0.13492778,0.09576404,0.53773856,0.4055559,0.20571034,0.39927992,0.19644086,0.08851895,0.37070596,0.4036941,-0.3942048,0.12828238,0.37363338,-0.9066847,0.14806457,-0.69710857,-0.28978828,0.38583422,-0.86331856,0.22701561,-0.52189547,-0.38535017,-0.98996776,-0.3175083,-0.30719247,0.61726016,-0.77790487,-0.49131867,-0.25280824,-0.4613459,-0.3270763,0.11044655,-0.5657943,-0.4582287,-0.39525706,-0.6767009,0.6144526,0.0817815,-0.79894835,0.25823903,-0.08797583,0.674712,-0.38305214,-0.5151054,0.014653852
algorithm,-0.6660537,0.061210964,0.06345742,-0.52176344,-0.3049299,0.29020038,0.5382045,0.08538605,-0.22909625,0.09342574,-0.85167825,-0.0036379278,0.16955039,1.3587154,0.11130243,-0.38594523,-0.010420955,-0.6657151,0.42656693,0.28018922,-0.17939393,0.94287115,-0.4466294,0.40779236,0.5652129,-0.5988127,-0.1189542,0.27170566,-0.09093926,0.25318012,-0.4963158,0.16179681,0.07006328,-0.47230417,0.3209558,-0.6979992,0.64938146,-0.36069328,-0.38893762,-0.10066493,-0.67676884,0.2115894,0.87650853,-0.50087374,0.058075055,0.24598765,-0.42473346,1.0199172,-0.11366977,-0.40110925,0.111207254,-0.87092435,-0.028006427,-0.3077865,0.73736453,-0.6559891,0.38853782,1.2085385,-0.24245615,0.41877696,0.4764651,-0.24505723,-0.4641248,-0.08928265,-0.18536925,0.34381768,-0.25635728,0.19671386,-0.6225228,-0.07042739,0.8683259,-0.2940118,-0.74320024,-0.7756356,-0.2091205,-0.30667722,-0.0034228906,0.06855899,-0.13530739,0.019313045,0.34771407,-0.2711615,-0.62627095,-0.6833681,0.16000126,0.054538265,-0.34323198,-0.5304419,-0.14335237,-0.11927035,-0.40450427,0.6770595,-0.053782955,-0.061847925,0.11792105,-0.5817716,-0.7209159,-0.24979281,-0.15591921,0.52919364
ursolic_acid,0.045237176,-0.7882917,-0.86348677,0.28593937,-0.22217865,0.21227825,-0.7794624,-0.60527116,0.1812224,-0.0014677618,-0.55291986,-0.21996634,-0.11301041,0.19363463,-0.46583283,-0.7908251,0.0934318,-0.33446667,-0.5784789,-0.0022489843,-0.3840158,-0.62561226,-0.3371699,0.69463044,0.11341956,0.079214066,-0.7711661,-0.680202,0.01639885,-0.1745251,0.48714742,0.0928654,0.86102366,-0.37040222,-0.4828625,-0.30277115,0.58079416,-0.602961,0.23210771,1.0131017,0.4898497,-0.068846345,0.45030665,0.19248931,0.35365447,0.49010906,0.43113106,-0.052920014,0.15501016,-1.0825533,0.0015786862,-0.23428006,0.3177424,0.310238,-0.15027559,0.5989684,-1.1493797,0.7462251,-0.7134798,0.40402666,0.24077187,-0.34169742,-0.5309557,0.08736187,0.1919161,0.60730356,-0.01880093,1.1701438,-0.07575216,-0.30948374,-0.014626322,0.72347015,-0.49536005,-0.43406984,0.19233632,0.3467085,0.8849563,-0.69522756,-0.10184987,-0.19895034,0.27523002,0.07609067,0.025650142,0.77814084,-0.2704695,-0.60816187,0.5931939,-0.46612105,-0.8306903,0.6080292,-0.062400192,0.43091562,-0.7595177,0.486002,1.1006274,0.49804127,0.5886752,0.073121436,-0.9954068,0.16690841
toxicity,-1.0071251,-0.6522382,-1.3047773,0.6592023,0.28142655,0.649617,-0.20953876,0.15509556,0.1389662,-0.0728771,-0.96300286,0.234231,-0.1454638,0.590902,1.2361578,-0.66985404,-0.18404253,-0.80357856,0.18311271,-0.0327495,0.24992505,-0.75501925,0.07955669,0.41614032,-0.2840349,0.6375673,0.07774454,-0.84454936,0.40380436,0.20522892,0.12340575,-0.117160134,1.0807656,-0.19340491,-0.17625819,-0.12899603,-0.2661724,-0.70817477,0.17824519,0.28866065,0.16755223,0.23716679,0.6852746,-0.69623685,-0.4269855,-0.0022986378,0.47681102,-0.023580872,0.25661382,-0.71377116,-0.7500452,-0.49842024,-0.12576641,0.30401197,0.45716262,-1.0373962,-0.8887849,1.3990977,-0.8625368,0.43627194,-0.0030800314,-0.7965931,0.08789234,0.33400506,0.48718643,-0.073935315,0.21508725,-0.42493284,-0.35873598,-0.101656415,-0.12546296,0.53190523,-0.11247365,-0.21856037,-0.16566758,0.098210424,0.6731089,-0.8735255,0.3374202,-0.31300595,0.32590258,0.9207063,-0.49199677,0.67402655,-0.063832335,-0.03482326,0.041309353,-0.057046756,-0.27702123,0.9517459,-0.25092727,0.46182013,-0.22537796,0.2301817,0.52426344,0.18429908,-0.34590524,-0.4087401,-0.17259692,0.5069518
drug_formulation,0.48637015,-0.5961665,0.9300425,-0.118164025,-0.35184264,0.0026677686,0.3887343,-0.08045251,0.027483333,0.46970972,0.04801133,-0.16541052,-0.6221792,0.003391456,-0.35185474,-0.8297093,0.19470197,-0.5055921,-0.9154528,0.034962416,-0.07334534,0.22947024,-0.7073586,0.6277276,-0.08965794,0.9476962,-1.1976275,0.3148576,-0.27538484,-0.20083731,0.94398856,-0.77585816,-0.4041506,-0.27542168,-0.3455557,-0.080612205,0.5709836,-0.844909,0.5656498,0.63918006,0.64054286,-0.35582265,0.1411448,0.33268943,0.5089069,-0.0027570482,0.36163783,-1.0638882,0.2799794,-0.12189343,0.36330503,-0.13685715,-0.25631446,0.28699613,-0.029804867,0.13502158,-0.7427684,0.019137789,0.08391883,-0.18035619,-0.056856878,-0.10389332,0.39143968,-0.20708431,0.30904606,0.1544562,0.18233986,0.4703279,-0.21086243,0.3325945,-0.038314726,-0.13774091,0.16579205,0.4828226,0.30220774,0.18047556,-0.30830222,-0.14654261,0.28074315,0.40036944,0.4786135,-0.57361156,0.35245743,0.36937517,-0.022621201,-0.9599089,0.8276519,-0.38361695,-0.6074035,-0.006387213,-0.095509864,0.20135005,-0.7235404,-1.2980914,0.5524763,-0.17743655,-0.9959325,-0.011069204,-0.57401556,0.42571333
insulin,0.10948713,-1.0873233,-0.30801842,0.5881793,0.047513604,0.092296615,0.6967235,-0.20874818,0.25680324,-0.86758095,-0.6512545,-0.3131271,-0.33376065,0.23661563,0.19518721,-0.368788,0.0641265,-0.28051043,-0.41281992,0.43614942,0.38396412,0.78388876,-0.4316233,0.61783063,0.14932132,0.5177603,-0.29130456,-0.623323,0.1476711,-0.9283399,1.139341,-0.2914669,0.5394159,-0.023968536,0.1903436,-0.03660924,-0.025651673,-0.31964475,0.07780699,0.42896393,0.7091585,-0.34523353,0.54564977,-0.6141734,-0.40157226,0.25462875,0.3758954,-0.2193972,0.86452425,0.1912842,-0.12087936,-1.2044492,-0.016802903,-0.047101628,-0.19102821,-0.13033615,-0.87451893,0.1304804,0.20961447,0.6146782,-1.1462684,-0.69186753,-0.5322354,0.80101585,0.4080582,-0.54114157,1.0869349,0.016036617,-0.3979047,0.23792702,-0.095764324,0.06630184,0.7560212,-0.15144646,0.37973058,-0.18154474,0.7478875,0.01154256,-0.68854964,-0.41822448,0.8657687,-0.5799296,0.16709891,0.14804424,-0.045469776,0.20470896,-0.39461344,-0.2531807,-0.8614584,0.25483146,-0.6610151,0.74385834,0.2770359,0.006699735,0.24449858,-0.162868,-0.5722655,0.1265537,0.04191174,0.20311694
biochemistry,0.4207336,-0.29696402,-0.21901582,0.21714608,-0.132189,0.45966896,0.20641679,-0.19139008,0.38716334,0.13761696,-1.1438601,0.11218436,0.114237644,-0.64700365,-0.09499016,-0.6614302,0.19994624,-0.7412385,-0.8691282,-0.012075078,0.64728004,0.29466128,-0.88078094,0.41762576,0.5834704,-0.07388786,0.031118762,-1.0623112,0.19533458,-0.32629853,0.9533632,-0.5338351,-0.08684557,-0.2883244,0.10397436,0.041379422,-0.48654422,0.2120071,-0.29886281,-0.44509393,1.0791469,-0.47755852,0.33303863,-0.11062868,0.077757515,0.15161407,0.10094189,0.4279055,0.20602635,0.12744878,-0.12817284,0.28938714,0.032102656,-0.42071992,0.702951,-0.030202629,-0.51682484,0.4513063,0.005584756,-0.23138386,-0.07735702,0.25973216,-0.2696755,-0.5599872,0.3519147,-0.35867003,0.05797357,0.4740588,-0.6667677,0.10070425,-0.44577333,0.57980436,0.43446183,-0.014023653,0.5373153,0.2277782,0.13971347,-0.2277729,0.04169149,-0.029807553,0.08142872,-0.38911346,-0.32724598,-0.40083694,-0.58782953,-1.2300094,0.100279085,0.7472768,-0.3499564,0.6666236,-0.6283697,0.30133373,-0.7187573,-0.7233474,0.39723483,0.016380034,-0.32869008,-0.72185296,0.15447439,0.24971876
chemical_interaction,0.26944068,-0.15502964,-0.09671192,0.5452716,-0.52454644,0.3828432,0.33131817,0.0602356,0.11914297,0.0037853792,-0.8183591,0.09938186,-0.12812732,-0.21190566,-0.30951372,-0.76591015,0.5130488,0.13133836,-0.37262407,0.07586963,-0.040338404,0.15050016,-0.065377064,0.9908714,-0.15620792,0.069214106,-0.5877058,-0.24317425,0.6460883,-0.29013652,-0.056605604,-0.32027432,0.026812708,-0.0435053,-0.7253022,0.45568585,0.2523837,-0.2913532,-0.3954507,0.71613425,-0.050988153,-0.08048067,0.29152092,-0.34805608,0.14651458,0.20678751,-0.2945689,-0.06922407,-0.0609638,-0.43213978,-0.83168644,-0.050042666,-0.59909,0.11256456,0.8572735,0.7197253,0.023685705,0.0021698654,-0.11819771,0.3142931,0.44814104,-0.028624374,0.2209505,0.13467541,0.67453253,0.14001894,0.5999324,-0.3196582,-0.1830016,-0.3963148,-0.30819166,-0.37678465,-0.63462055,0.37289628,0.3180907,0.07685186,-0.22990888,0.069819205,0.7340081,0.2718724,0.23710924,-0.049773227,-0.4518652,0.55397385,-0.085393,-0.07226458,0.73311335,-0.18947183,0.13832432,0.40192142,-0.74290735,0.104265615,-0.62158245,-0.47811273,0.30126226,0.3187001,-0.2222322,0.1302794,-1.4112287,0.65592986
xylazine,0.03074276,-0.34858516,0.17047805,-0.1987655,-0.07314142,0.9409674,0.029642072,-0.8286232,0.34280843,-0.32643655,-0.7555095,-0.21627446,-0.7408813,1.4801058,0.0154401,-0.72922295,1.0401868,-0.64990073,-0.83578867,0.73474544,0.08563583,-0.5558008,-0.66616505,0.62752205,0.8091858,0.99926794,-0.12804349,-0.2807943,0.052764382,-0.29282662,0.4078076,-0.21254681,1.2047594,0.27426767,-0.2990261,0.19315217,0.43316722,-0.5717923,-0.15417022,-0.32335803,0.12343607,0.17795435,0.48440328,0.012204989,1.0355253,0.39613318,1.985442,0.08507041,0.21898888,-0.066781186,-0.49465218,-1.1349955,-0.59682816,0.4122796,0.30637997,-0.6594552,-1.6656299,-0.7452024,-0.195858,0.14222951,0.07816933,-0.07746119,-0.8941949,0.27661383,0.30094638,-0.16877457,-0.20289911,0.023526905,0.21891971,-0.52075386,0.26150778,-0.039988115,0.32585543,-0.14553803,0.99841225,0.40966326,0.2384684,0.3530199,0.12416749,-0.073031284,-0.06818397,-0.18518698,-1.0082753,-0.26826167,-0.40909111,-0.5021764,-0.42442194,0.4097103,0.0915077,0.17817104,-0.5604662,0.67489254,0.2981942,-0.72519565,-0.23165828,0.63887906,-0.015721874,0.8980881,-0.30310497,0.006802733
thermography,0.046530273,0.04257826,0.4012406,-0.20417847,-0.15594096,-0.05286399,-0.3496465,-0.46883723,0.15224835,-0.12503585,-0.090098776,-0.00056244223,-0.9214992,0.54238224,-0.10437518,-1.1688616,1.0319451,-0.4767949,-0.5836885,-0.03847967,0.13453822,-0.5270895,-0.5035057,0.79233277,0.23321742,0.35804644,-0.7473831,0.1382854,0.05596499,-0.18728472,-0.74319047,0.12256216,0.55165976,0.058072723,-0.23765297,-0.047509614,0.39612374,-0.72463506,-0.67532355,-0.007696838,0.832937,0.7778804,-0.18479589,0.20171934,0.47894698,-0.27232414,0.88995564,0.7049291,0.030493984,-0.29196632,-0.55690944,-1.0605406,0.27310944,0.31754127,0.3219845,-0.81577444,-1.2858742,-0.29003194,-0.19252837,-0.14329606,-0.27360028,0.27762756,-0.7341143,0.6848322,0.96006405,0.3365668,0.24657238,-0.08636096,-0.21598704,0.06680305,0.41935053,-0.0006172721,0.1244897,0.13640274,0.15608838,0.25485468,-0.3340078,-0.17070629,0.040042862,-0.29095435,-0.13517056,-0.12599343,-0.18404317,0.3936392,-0.57061785,-0.61999786,0.26480412,0.068322815,-0.5227545,-0.39479405,-0.3323932,0.090998344,-0.034007065,-0.74404836,-0.21543871,0.049169023,-0.26268846,-0.074390866,-0.49458382,0.5042994
pentobarbital,-0.080819815,-0.38937587,0.36380798,-0.17090864,0.55318403,-0.2552459,-0.39462245,-0.34386095,0.22446783,-0.39409283,-0.95174825,-0.28793815,-0.0027890713,0.54149693,-0.033685155,-0.86436254,0.24993479,-0.80763197,-0.1342771,0.47296026,-0.12696373,-0.14348859,-0.21902388,0.7634158,-0.25862372,0.9807042,-0.7409394,-0.6836007,-0.0884854,0.02526781,0.21647294,0.038059503,0.5486489,-0.48836803,0.2731675,-0.20889103,0.44892102,-0.66359544,-0.057218123,-0.3091227,0.6989545,0.76071686,0.19056407,-0.022792408,0.7719731,-0.015977176,0.87003165,-0.10825793,0.10461848,-0.30938533,0.057784848,-0.77049255,-0.21543734,-0.08904164,-0.25686383,-0.35924384,-1.3670539,-0.07057833,0.3147688,0.16880892,-0.7030154,0.47094676,-0.77984154,0.5042976,0.25167453,0.1572982,-0.11144617,0.3193099,0.09275136,-0.111885905,-0.18891278,0.23856296,0.3929078,-0.54944885,0.0085451715,0.51789385,-0.6378559,-0.45297226,0.42688954,-0.14716004,0.4208866,-0.59192306,-0.39374906,0.83708614,-0.31060064,-0.7504766,-0.36402506,-0.44469166,0.10979798,-0.37628132,-0.80183965,0.70327234,0.39525467,-1.2279605,-0.06740643,0.54103124,-0.051090416,-0.19243543,-0.5507189,-0.099564455
animal_welfare,0.08652951,-0.004287488,0.2834556,0.020359067,-0.15170829,-0.23676635,-0.21915735,-0.24399693,0.408849,0.16164754,-0.15384871,-0.24037826,-0.8310873,0.64430296,-0.21714248,-1.1520234,0.7642913,-0.63180137,-0.38856757,-0.03870114,0.070323244,-0.4689185,-0.5504822,0.5965728,0.08964348,0.7082761,-0.92612046,0.25087065,0.11186251,-0.009698372,-0.49320224,-0.019600412,0.2571594,0.0049131867,-0.32561973,-0.10330197,0.21671422,-0.33636713,-0.25523645,0.146767,0.7379932,0.5888133,-0.15614428,0.39249495,0.3438693,-0.20511371,0.96072173,0.5294106,0.19304316,-0.16248223,-0.4026168,-1.1290956,0.16989475,0.4646005,0.15847433,-0.64458126,-1.3546098,-0.26290154,-0.017113393,-0.17284599,-0.53669643,0.32430616,-0.7899681,0.39073503,0.6529083,0.22141631,0.2190031,-0.16370773,-0.38002253,0.19929606,0.46445236,-0.11946194,0.48931235,-0.010715361,0.2235603,0.14571644,-0.2862483,-0.4037482,-0.14932117,-0.29081172,0.14630802,-0.109614275,-0.21537311,0.739182,-0.216248,-0.7831517,0.2724359,0.2704769,-0.34881178,-0.33491397,-0.36638248,0.14464283,-0.14965092,-1.0426582,-0.21827915,0.3829272,-0.17452659,-0.052876547,-0.34533456,0.4496428
simple++,-0.4222981,-0.20672327,0.1394486,0.4967416,-0.2911282,-0.62332493,0.6457476,0.32555678,-0.040186282,-0.03235581,-0.33823416,0.1566482,-0.77446216,0.24636373,0.07512653,-1.161021,0.24351339,-0.04046243,0.11791179,0.12233713,0.49775407,0.6705297,-1.0841656,0.8431649,0.42776304,0.07550443,-0.23518673,-0.03544738,0.6468635,-0.5659907,0.01272415,0.15459436,0.093656115,0.6207142,-0.40096816,0.11563235,0.23567408,-0.6694281,-0.51696354,0.086031824,0.30305007,-0.28877813,-0.17674571,-0.14244224,0.06818108,0.2827805,0.37084466,0.3772926,-0.14282416,-0.25824848,-0.5145427,-0.15991253,0.50166696,0.16564101,0.7841794,0.14704555,-0.61719394,0.12434755,-0.36428493,0.067468464,0.09312764,0.19277124,-0.461039,0.36937323,0.15982586,0.66541755,0.46708867,-0.12171813,-0.0151779475,-0.112614855,0.13953869,-0.5011131,-0.56082815,-0.22198382,0.38566515,0.2242721,0.32715952,0.28085926,0.9053147,-0.19766788,-0.325518,0.12251106,0.06198235,0.06693214,-0.57979804,-0.058860518,-0.2587511,0.19770701,-0.28009257,0.43270442,-0.44401768,0.5870466,-0.16013095,-0.7123912,0.25052294,0.43661234,-0.2053373,0.57527643,-0.8415574,-0.19537862
porous_medium,-0.2286266,-0.19854547,0.17907383,-0.093783386,-0.38982454,-0.12077327,1.0720568,0.29926777,0.23704033,0.05728392,0.18900934,-0.0409549,-1.0003709,0.82118297,-0.20037402,-1.055916,0.40704072,0.15838282,-0.092956536,0.20930183,0.7480099,0.43941584,-0.7606257,0.6495191,0.28380197,0.09477587,0.21634737,0.0775028,0.40223482,-0.47656018,-0.49051803,0.0038849907,0.07526975,0.6792694,-0.4246253,-0.11138457,0.011584984,-0.46107835,-0.3446306,0.20952846,0.5137895,-0.17381184,0.08139066,-0.51594746,-0.0793038,-0.008263994,0.5085498,0.72212,0.36452287,-0.02944883,-0.63565195,-0.4134697,0.52552944,-0.18078877,0.7607336,0.05006844,-0.49975592,0.48324695,-0.3048393,-0.20480576,-0.16356505,0.2337927,-0.3027804,0.47230226,0.24779065,0.4971209,0.2095441,-0.29620573,-0.15491275,0.05315284,0.0069717625,-0.2533731,-0.5250858,-0.09444543,0.37977877,0.48606807,0.3508531,0.31709006,0.53900295,0.0036947764,-0.19388814,-0.16231076,-0.32528296,-0.7373242,-0.29110578,-0.017602578,-0.0038599628,0.4400102,0.20660998,0.80438507,-0.7315137,0.62680334,-0.6166547,-0.79614055,0.34917924,0.28980762,-0.56212944,0.2182713,-0.9269274,0.081333235
prospective_study,-0.23915625,-1.1040925,-0.681913,-0.31107998,-0.78293407,-0.111466065,-0.15142663,0.09147182,-0.6502191,0.14942889,-0.2512249,-0.87429744,0.18657582,0.8825554,-1.1018976,-1.0863144,0.4166189,-0.99058664,0.022169393,0.3322044,0.2663188,0.07292751,-0.05739296,1.0044081,0.5294268,0.20334524,-0.38549498,0.41906515,-0.38511768,-0.50528383,-0.00033455197,-0.69222224,0.28693938,-0.2276851,0.53506225,-0.14555661,0.06557602,-0.69100386,0.17178406,0.13247691,-0.012055242,0.013346053,0.08877671,-0.15716587,-0.42877683,0.5658473,0.016479792,0.58290136,0.49333954,-0.29319894,0.42745098,-1.0288993,-0.27201384,-0.12916791,0.30067366,0.613412,-0.87379634,-0.27971342,0.07603449,0.4410499,-0.1025418,0.17908499,-0.7609478,0.07414194,0.49019915,0.3868425,0.05804654,0.9054747,-0.046871968,0.66700995,0.6178949,-0.33733636,-0.17168263,-0.5449517,-0.28433955,-0.17061631,-0.08588481,-0.18479961,-0.21048863,0.38882303,0.73674256,-0.37718523,0.142484,0.09901371,0.23389679,-0.3492196,0.22875471,-0.5197038,-0.30183113,0.21942323,0.094704986,-0.015928157,-0.45847422,-0.7471875,-0.16395484,-0.09150004,0.44506142,0.8650863,-0.17822516,0.5073056
methanol,0.032431047,-0.7053512,0.09225782,0.39057037,-0.7997464,0.45482638,-0.14507167,0.042417057,0.4860894,0.8158101,-0.15622526,-0.082623966,-0.7937065,-0.33497772,0.05612916,-1.0790501,0.47595358,-0.20611897,-0.8477004,-0.26428336,-0.25369066,-0.16460314,-0.61121666,0.68499255,-0.31045583,0.10913727,-1.0206778,-0.14699847,0.0827904,-0.33370104,-0.12347205,-0.80337375,-0.11809206,0.21397124,-0.074464455,0.14080837,0.34697303,-1.0011833,-0.4649669,0.57572365,0.44144425,0.28365153,-0.08140726,0.16458099,0.43786964,0.29865146,0.16668864,-0.3339209,0.6690592,-0.30491894,-1.1573888,-0.2675743,-0.69766843,0.17969431,0.42031932,0.71927696,-0.5469093,-0.51634455,-0.17003095,0.09998079,0.3517532,0.1592785,0.2075238,0.43123177,0.8380842,0.17531009,0.40119854,0.3710041,-0.34851116,-0.6022917,-0.35700557,-0.3325623,-0.6990989,0.48380643,0.34835288,0.08570475,-0.37332848,-0.0042695743,0.7456672,0.9944426,-0.035296474,-0.281851,-0.14523031,-0.10653929,-0.23913808,-1.0055137,1.0005026,0.011596037,-0.6128181,-0.10531974,-0.059952002,0.13594136,-0.39322063,-0.7667292,-0.48999253,0.24802119,-0.005438648,0.11251202,-0.56323797,0.35358298
nanoparticles,-0.43597418,0.17048478,0.2732332,-0.16768678,-0.5069021,0.31265843,0.63458985,0.020067926,-0.10422271,0.3166164,0.12120991,0.5845134,-0.74302655,0.3421963,-0.6972394,-1.1314017,1.0736963,0.12830359,0.3695675,0.20654273,0.16871291,0.0252525,-0.120645344,0.38617277,-0.035462305,0.09105909,-0.6092069,0.15834174,-0.4203905,-0.5105481,-0.70367765,-0.1820753,0.11479759,-0.2840391,-0.07820851,0.046080142,0.13687521,-0.4056735,0.040455084,0.4446668,-0.24596798,-0.03291366,0.86893123,0.034525197,-0.23047847,0.14364001,-0.008870726,-0.22058696,0.010671192,-0.023851754,-0.14392903,-0.17667384,0.17327777,0.14512485,0.10381592,0.21727704,0.4252135,-0.5375118,-0.25473037,0.64583886,-0.6487026,-0.09643742,0.17894267,0.5950022,0.8620323,0.084808215,0.3283668,-0.7725836,-0.51195383,0.3554072,0.010962862,-0.18630467,-0.4839257,0.3296423,-0.36833787,0.40190622,0.043040026,0.032542087,0.26759714,0.54530543,-0.1670915,-0.5125219,-0.024117839,-0.3394522,-0.34873942,0.2339068,0.47942814,-0.2733698,0.32099873,0.5690261,-0.3910983,0.14546163,-0.47069117,-0.7298515,0.09604146,-0.17607948,-0.53625566,0.30756035,-0.50032306,0.16010928
gas,0.11739431,-0.008324234,0.3408075,0.6587682,-0.54233855,0.21845937,0.4658645,0.6405925,0.71857965,-0.51304764,-0.65518534,-0.1899884,-0.16609466,-0.18010679,-0.12504245,-0.6844171,0.36117184,0.2680034,-0.17162938,0.59515965,0.17790298,0.3331068,-0.54873204,0.4153274,0.25219548,0.23469083,-0.4112555,-0.02490554,1.334347,-1.0033704,-0.62412757,-0.35606468,-0.04976314,-0.17380834,-0.75098217,0.1725739,0.6624369,-0.41553542,-0.62275314,0.69312423,0.56586283,0.082235396,0.124186665,-0.50896466,-0.37472185,0.49135947,0.16634004,0.4638386,0.27370393,-0.5437187,-0.2660175,0.41486868,-0.36457303,0.060681507,1.0858792,0.056032963,-0.33115703,0.012910551,-0.3930775,0.69216824,0.07072686,-0.069794215,0.034672968,0.06348887,0.39168912,1.1988648,0.91446596,0.04126417,-0.41616023,-0.18620749,-0.055311948,0.27691886,0.034646977,0.8839648,0.20413546,-0.53986883,0.4471188,0.6414404,0.590952,-0.38422853,-0.26170024,0.28564954,-0.1312733,0.46874347,-0.79087836,-0.0028844122,0.089167766,0.056361884,0.51154786,0.7078495,-0.97359157,0.81854963,-0.32960212,-0.60835195,0.11334567,0.07742799,-0.18791546,0.41952375,-0.9926484,0.34500113
oxygen_vacancy,-0.26216668,0.33258948,-0.5507259,-0.54950184,-0.027775822,0.6670534,0.33688608,0.3674002,0.18824936,-0.17199308,0.26967067,-0.14141971,-0.18795763,-0.02965886,-0.023534672,-0.5524506,0.12144448,-0.512314,0.06982339,-0.670261,0.40822017,-0.4503024,0.07252261,-0.0962087,0.06526115,0.36112782,-0.77055466,0.19459942,-0.079034306,-0.2589441,-0.37202075,-0.56609327,0.23518376,-0.6527908,0.44328722,-0.21765791,0.54532045,-0.35239556,-0.1614653,-0.0472769,-0.29878378,0.5261798,0.79573905,-0.60519946,0.0496687,0.14250949,-0.3065811,0.30245152,0.3061933,0.18835554,-0.7034487,-0.47370547,0.0006705056,-0.35679573,0.42644382,0.32398534,0.10857242,0.50430876,-0.45053965,1.0815897,-0.5829634,-0.26808146,0.060974315,0.27202436,0.555232,0.14092945,0.14173038,-0.08960477,-0.8725694,-0.12641467,0.13322324,0.086568795,0.5091465,0.0890921,0.032043993,-0.26076564,-0.75390214,-0.09698341,-0.23471597,0.9944252,-0.37300485,0.044736717,-0.56803864,-0.23799857,-0.8011801,-0.7560113,0.8165719,-0.057509843,-0.24368717,0.736634,-1.0157516,-0.020918239,-0.5448324,-0.9473249,0.113727376,0.72405773,-0.30030227,-0.37955827,-0.37490964,0.16102183
lithium_ion_battery,-0.6588161,-0.047823895,-0.6445472,-0.21147956,-0.47573408,0.47383684,0.13363756,0.22868544,0.9036808,0.2656065,-0.18561064,0.4556526,-0.1435747,0.22536404,0.08103528,-0.37768814,0.70374453,-0.13877271,-0.23356636,-0.0048123924,0.113617785,-0.12904741,-0.13157444,0.4020695,-0.17452109,-0.26030812,-0.25733173,-0.20369914,-0.30725747,-1.0818439,-0.8886274,-0.6041539,0.5288151,-0.11226307,-0.20166498,0.24066408,-0.15486005,-0.79215807,-0.13328622,0.46362787,-0.054994136,0.19746433,0.53064996,0.013505359,-0.03408387,0.52602625,0.03561246,0.18047805,0.5133965,-0.6976562,-0.16328523,0.03482056,0.38603312,0.28866923,0.7615188,0.40771717,0.29324493,0.11949745,-0.5395803,1.205071,-0.5016022,0.111378975,0.24925798,-0.032610513,0.82945615,0.6931501,0.63210076,0.14663063,-0.43423343,-0.3275305,-0.40346813,0.15552042,-0.4871719,0.40461162,-0.07837146,0.3794685,-0.32489663,0.03674943,0.7383877,0.76657337,-0.616717,-0.4846717,-0.3252771,-0.17539468,-0.5391018,-0.20282026,-0.1271559,-0.20520914,-0.3144107,0.4775984,-0.42970988,0.4195288,-1.2451893,-0.67044467,0.23507819,0.27978095,0.28802526,-0.06111367,-0.27597722,-0.23887767
coral_reef,0.336709,-0.39081332,-0.25069022,-0.63258153,0.13371047,-0.1676678,0.6665495,0.3877484,-0.0095419055,0.010463753,-0.40444556,0.11403765,-0.2384655,0.3755435,-0.44881648,-0.54958904,0.19009855,-0.30670434,0.18534786,-0.32525396,0.5345993,-0.3238595,-0.20405102,0.29135954,0.13274977,-0.19804949,-0.48683017,0.49268728,-1.0340253,-0.47809514,-0.28144035,-0.6613495,-0.37921476,0.22864975,0.34566748,-0.34219086,-0.08216022,-0.12396489,-0.025354205,-0.13766436,0.10546897,-0.07646784,0.3276274,0.0523731,-0.105284944,-0.1585229,0.28255534,-0.2225528,0.18151592,-0.41496825,-0.26736557,-0.9848941,-0.19858004,-0.8475834,0.29042262,-0.3151845,-0.030000003,-0.0291946,-0.5233927,0.58930486,0.4002116,0.50001115,0.10718208,0.11583825,0.856198,-0.43141198,0.68368393,-0.2938364,-0.93668836,0.5959956,0.21957524,-0.55823416,-0.11888451,-0.018459316,0.0076042223,-0.0074900403,-0.43069533,-0.46402723,0.062335674,-0.23956583,-0.30781978,-0.07647918,-0.11530317,-1.0804044,0.28422397,0.052674558,0.17324446,-0.2774802,-0.5454643,0.4008783,-0.37643966,0.31124136,-0.64394814,-1.0288489,-0.19580306,-0.4113669,-0.4153964,-0.8409628,-0.4857532,0.33084568
ground_state,0.12179193,0.02043879,-0.23689851,-0.23895852,-0.28300858,0.36878282,0.24970195,-0.074405976,0.216616,0.25956094,0.04366755,0.65111667,-0.6441437,0.2945069,-0.42720863,-1.261236,0.16594422,-0.23761982,0.19071837,-0.113175556,0.57964456,-0.098121256,-0.44019273,0.5658396,0.18777625,-0.32037166,-0.7523708,-0.10950726,0.058784656,-0.30250192,-0.38133147,-0.36495808,0.69398403,-0.18784519,-0.09831228,-0.18979858,0.06811916,-0.5615362,0.22856796,0.010424531,0.32821283,-0.12937334,0.85413086,-0.41572738,-0.26900765,-0.17765412,-0.3747919,-0.08853428,-0.3539159,-0.0053472156,-0.59654534,0.17614052,0.8676782,-0.17403157,0.53161997,0.18418832,0.10490725,0.34013006,-0.2714603,0.11478364,-0.32867193,0.29856053,-0.34193993,0.37916607,0.36080688,0.45222604,-0.1303496,-0.07954976,-0.030438352,-0.16079299,0.037297655,-0.09912262,-0.4800193,-0.25007036,-0.5746193,0.30962583,0.07025796,0.17114523,0.65865946,0.0077111283,-0.4938426,0.014313781,0.19330715,-0.2885307,-0.36543325,-0.14184687,0.58217275,0.40871704,-0.16357633,0.44022256,-0.66664207,0.2533408,-1.019749,-0.4757882,0.046644527,-0.028767552,-0.21729042,0.011221758,-0.54838234,0.105404556
observational_study,-0.99792737,-0.8461827,-0.8318894,-0.32709587,-0.8091345,-0.14054069,0.049192462,-0.361274,-0.17382945,-0.43479002,-0.6850236,-1.1817895,0.040651556,0.49950776,-1.0462978,-0.6416312,0.57784456,-1.2437681,0.013205311,-0.1321204,0.6387869,0.25917122,-0.5488569,1.1514568,0.66841674,0.2364604,-0.33930108,0.13327438,0.0108419405,-0.08084337,0.16364503,-0.14475992,0.7412058,-0.4402189,0.19494718,-0.75940573,-0.023562478,-0.1957684,0.36012927,-0.18651564,0.085812464,-0.25514585,0.00076958665,0.1392921,0.059985436,-0.022492263,0.5966531,-0.12193714,0.62990874,0.3565025,0.012631865,-0.6268497,0.3282609,0.1598682,-0.17280068,0.5095063,-0.8050612,0.30219305,-0.28303984,0.34221968,0.17974027,-0.23598984,-1.1105236,-0.05940572,0.24695061,0.010672975,-0.6905354,0.40846062,-0.42369676,0.8413028,0.44016135,-0.12489954,0.08220074,-0.51812774,0.11298014,-0.24946593,0.18546468,-0.6681337,-0.13891907,-0.08891548,0.68042475,-0.48748994,-0.41478088,0.087923616,0.23651336,-0.1757708,-0.3299831,-0.58909637,-0.92159426,0.028565288,0.22967495,0.30477318,-0.58506066,-0.3475312,0.22485887,0.33634016,0.2932015,-0.11277754,0.18959834,-0.36560634
diabetes_mellitus,0.58526707,-1.0799259,-0.007610703,0.058050647,-0.18970373,-0.3657793,0.20734985,-0.20708205,0.6750055,-0.5255315,-0.13521849,-0.8005588,-0.47681516,0.6084131,-0.093483716,-0.8478923,0.69756466,-0.16204189,0.3363144,0.37911028,0.32796988,0.28018844,-0.10085168,0.43835887,0.36393735,0.59436905,-0.21634562,-0.19821061,0.6253758,-0.06843847,0.03153836,0.022378903,0.4978048,-0.30359432,0.2130237,-0.6793555,-0.55758756,-0.3603084,-0.26019424,0.3081264,-0.21269576,-0.20572342,0.5930368,-0.3386502,0.15121195,-0.06709038,0.27451572,0.12378084,0.38700044,0.6703263,-0.68080485,-0.87949836,0.046342142,0.37748358,-0.18796259,0.27236915,-0.717957,0.5869771,0.5781,0.36736184,0.4061531,-0.40058875,-0.7375791,0.10062241,0.21963307,-0.33573985,-0.07810579,0.09409625,0.16895781,0.7664089,0.55675095,-0.16201451,0.2815799,-0.08787795,-0.08513319,-0.26385787,0.7478467,-0.30492678,0.25890318,0.16702057,0.5263904,-0.13959154,-0.19799748,0.26427653,-0.14001036,-0.34297213,-0.3715261,0.042295653,-0.6193414,0.6113768,-0.32364097,0.7378514,0.31882972,-0.5200482,0.26637322,0.37942463,-0.058031272,-0.21568452,-0.28037018,0.28931957
water_management,-0.36223704,0.08535698,-0.92696255,-0.0028409464,0.26827466,-0.058347084,0.67861605,0.1245921,0.15100472,0.53499097,-0.5788602,0.50500077,-0.87974274,0.5984137,-0.2744216,-1.1341239,-0.403524,-0.5290492,-0.47747797,0.122007415,0.51666033,0.023910595,-0.52238595,0.678162,0.54663354,0.16165255,-0.1870506,-0.34224528,-0.37596497,-0.24394196,0.24495642,-0.033884786,-0.18575071,0.27282152,-0.21028379,0.34326327,-0.51164764,0.32516053,0.1562841,-0.71284044,0.48899555,0.046414822,-0.0035950972,0.08780935,0.028772421,0.15626553,0.60414,0.6175892,-0.029977756,0.19282474,-0.6011621,-0.8223651,0.11730205,-0.30583155,1.2474003,0.13622266,-0.26307866,0.80588496,-0.75432897,-0.14966899,-0.13858388,0.5621681,-0.7210587,-0.42053863,0.17498758,-0.59834886,0.23222005,0.010393563,-0.50701123,0.26272514,0.29531044,-0.55302465,-0.25779802,-0.3594266,0.21514544,0.74046904,-0.67801595,-0.07793474,0.011876675,-0.8900554,0.27958512,-0.3471804,-0.61756456,-0.7984797,-0.052114587,-0.12317819,0.096111424,0.23576762,-0.5842826,1.0289162,-0.70696175,-0.09852768,-1.0452536,-1.2685026,0.66080004,0.391158,-0.5692772,-0.21829093,-1.0156273,0.15272851
transport_property,-0.623939,-0.38493705,0.10404002,0.51934874,-0.6358585,-0.002696697,0.60607684,0.480782,0.9496642,0.28400096,0.22933836,0.48180214,-0.70820636,0.21738145,0.40887874,-0.3966624,0.64098537,-0.36996773,-0.00018872484,0.15010686,0.22813381,0.18290764,-0.78613657,0.491055,-0.039920248,-0.16489077,0.27005428,-0.5081829,0.70420295,-0.40331194,-0.5616392,-0.584297,-0.2870446,0.30706483,-0.14504674,-0.41478562,-0.060739625,-0.636013,-0.21123376,-0.14433174,0.28358105,-0.00028016785,-0.33144614,-0.2350324,0.69940484,0.50507736,0.5685601,0.51971835,0.7614537,0.028297579,-0.8535306,-0.42607856,-0.33921355,-0.1564152,1.1954019,0.101819076,-0.34792367,-0.011676254,-0.0995992,0.34782556,0.099764034,0.29243922,-0.16172083,0.32328647,0.42765737,0.33895716,0.52064306,0.20855434,-0.4003886,-0.94671166,-0.508785,-0.30720633,-0.065651044,0.11038497,0.37847283,-0.19966322,-0.459452,0.26233113,0.83965445,0.6329011,-0.006205236,-0.5556588,-0.35209292,-0.21156764,-0.78427994,-0.9228421,-0.31231514,0.38240412,-0.84313315,0.5686216,-0.5611266,0.5616416,-0.18830414,-0.9033761,-0.06411734,0.59852886,-0.1187181,-0.09140662,-0.51847124,0.2506876
spermatozoon,0.16902901,-0.1330461,-0.21514209,-1.3467876,-0.49035937,1.245473,0.01843581,-0.15326622,0.29625982,0.3052218,-0.87037444,0.27809083,-0.05761839,0.693325,0.048768688,-0.3588842,0.6682358,-0.82836366,-1.1564615,0.40189332,-0.4565684,-0.25059506,-0.012012964,-0.27100343,0.14514326,0.29806456,-0.4246013,-0.2726805,-0.4747825,0.2824743,0.17072459,0.2909756,0.25356665,-0.3126955,0.08291131,-0.38159245,0.054840572,-0.81847006,0.58808833,0.31344616,0.052505694,0.30711526,1.3057684,-0.70310235,0.74343634,0.3057956,0.49638474,-0.43155324,0.3049061,-0.33038864,0.15898375,-1.5353396,-0.44741952,-0.14264525,0.23338345,-0.44210303,-0.48201844,0.25069788,0.37178603,1.0282408,-0.35954413,0.07210854,-0.010472563,0.41096094,0.5185273,-0.77272165,0.31773528,0.60404074,-0.3989561,0.2964454,-0.059947398,0.6168933,-0.13163535,0.34491822,0.45813438,0.16622822,-0.19049221,0.117620684,-0.677724,-0.5569195,0.26927242,-0.5083854,-0.5432569,0.032530557,0.11049708,0.11294897,-0.256557,-0.6442762,0.33902618,0.56084853,-0.83597046,1.2414763,-0.16541806,-0.38955298,0.68548876,0.073460475,-0.5450842,-0.6191544,0.22970584,0.32504627
semen,0.22236091,0.004863692,-0.2794246,-1.4978796,-0.33768857,1.0260352,-0.02298707,-0.18948658,0.062549554,0.15278277,-0.9668186,0.2885552,-0.22832002,0.76931465,-0.15358609,-0.49177304,0.44892445,-0.55536574,-1.0525318,0.44678748,-0.33498624,-0.48240638,8.8829256e-05,0.090835534,-0.01242839,0.15856273,-0.4546603,-0.10738905,-0.49218228,0.30926853,0.0983761,0.40894112,0.39718577,-0.15661834,0.13442989,0.04178739,-0.028058399,-0.9937813,0.52153635,0.23828614,0.14115018,0.3460865,1.1405375,-0.3671194,0.594477,0.1289264,0.73345673,-0.5280851,-0.08383341,-0.36840528,0.022052744,-1.5151522,-0.25755492,-0.12354098,0.16954046,-0.35136053,-0.7774194,-0.12788853,0.056507614,0.6040698,-0.40152502,-0.016382491,-0.2321279,0.34693134,0.5115066,-0.760908,0.3085097,0.22511782,-0.35855985,0.26444572,-0.107999004,0.50513715,0.035813175,0.23137775,0.34104922,0.20133604,-0.40996674,-0.0063333153,-0.7830113,-0.6305113,0.11989168,-0.47128317,-0.40212548,-0.18463883,0.1338476,0.07667031,0.052777693,-0.39747164,0.21001844,0.3292934,-0.6084909,0.97009414,-0.29061323,-0.50955725,0.6193506,-0.14073636,-0.658177,-0.7798148,-0.16372144,0.15806079
"child,_preschool",-0.08332517,-0.26758882,0.06747561,-0.33241174,-0.5280474,-0.1928902,0.4276853,-0.11774428,-0.2647547,-0.17350286,-0.3630806,-0.44451156,0.15886395,0.66998667,-0.7643431,-0.10702878,0.6953701,-0.7111378,0.21291924,-0.45235667,0.21007256,0.34960786,-0.30471975,1.5326478,0.0713781,-0.012268688,0.14060691,0.46406922,-0.18006651,-0.037111208,-0.62317,-0.050672602,0.23278682,-0.3425257,-0.092723705,-0.65135163,-0.11482478,-0.59621185,-0.14141504,-0.08852319,-0.33112964,-0.029622193,-0.08640714,0.17846139,0.5811181,0.05410423,0.14292844,0.55489135,0.6800432,0.06666784,-0.11982495,-1.1525236,0.17750922,-0.28161845,-0.051199228,0.113224454,-0.47816756,0.03691349,-0.113902844,0.6016581,-0.10580914,0.16203076,-0.6039761,0.3791515,0.5953506,-0.031354543,-0.38714552,-0.089428365,-0.7086481,0.3782085,0.13236411,-0.06553808,-0.24552146,-0.8022076,0.069619074,-0.350229,0.08120312,-0.8149869,0.345419,0.2030291,0.14386506,-0.401735,0.08417684,-0.62321466,-0.22593814,-0.075049974,-0.20545013,-0.39316097,-0.0041704513,-0.17143871,0.021978805,0.8837727,-0.34318736,-0.5472762,-0.70078695,0.109864034,0.053550802,-0.09081491,-0.1693004,-0.060799435
chlorine_compound,-0.1561681,0.23587032,-0.1625059,-0.056738887,-0.042915773,0.17992416,0.59293723,0.1264284,0.26449022,-0.055970408,-0.31867558,0.42579198,-0.6803121,0.043184012,-0.0065746563,-1.1764241,0.015791293,-0.22019823,0.2401758,-0.5590596,0.38238305,-0.36480302,-0.3844457,0.53978354,-0.29792142,0.278098,-1.3766205,-0.0096915215,-0.06891092,-0.52086914,-0.16201429,-0.80466634,0.61764574,-0.4582568,0.09183146,-0.11143857,0.20028919,-0.58643174,0.2856754,-0.008820142,0.17128508,-0.19791737,0.60529935,-0.07772715,0.050850578,-0.21450691,0.02651939,-0.5653563,-0.5047568,-0.4786585,-0.79789746,0.31845054,0.33078918,-0.208744,0.4938373,0.05467336,0.21961308,0.34734607,-0.5964634,0.74920803,-0.36119598,-0.22414485,0.18890451,0.15705985,0.27054894,0.14781821,0.08585652,-0.10260877,-0.38739866,0.2728829,-0.10043819,-0.46467227,-0.09811238,-0.071656056,-0.6316629,0.2924739,0.011870322,-0.3206661,0.82808435,0.3847432,-0.6074363,-0.018912459,0.15397316,-0.25954133,-0.37546054,-0.21559852,0.5719918,0.083966546,0.034334805,0.9018438,-0.66165483,-0.04851226,-0.6572813,-0.7357609,0.31643012,0.16362762,-0.49958286,0.15984151,-0.6256147,-0.235228
seismology,0.19586328,-0.4010696,-0.37103513,0.029435253,-0.5486082,-0.66964626,0.6597485,0.23495398,0.084866814,0.16293083,0.107865654,-0.41865617,-0.015463977,0.34140056,-0.6481231,-0.60630935,0.37029615,-0.65389,0.38430616,-0.29109633,0.66404134,0.09144771,-0.19980757,0.941096,0.20429897,-0.025348585,-0.8663066,0.14753138,-0.23530732,-0.8458287,-0.3972442,-0.31386334,-0.24487765,0.18281923,-0.1217396,-0.30005366,0.036147505,-0.46233216,-0.07327228,0.17559177,-0.6129339,-0.2219591,-0.2208021,-0.2604091,-0.5854441,0.43553635,-0.2600843,0.6408891,-0.026062975,-0.044510227,-0.25160986,-0.7002776,0.53985196,-0.41679886,0.5181341,0.28688616,-0.44683126,-0.2578569,0.41197968,0.3118594,0.27559295,-0.35458046,-0.66156167,0.31533915,0.593399,0.5356115,0.44460565,-0.19081718,-0.44137266,0.4603149,0.39437982,-0.4639805,-0.14352554,0.17254624,0.26434407,0.07861788,-0.6836432,-0.102887504,-0.13610727,0.123499304,0.013342945,-0.17133325,-0.28674126,-0.31052887,-0.26189938,-0.18492915,0.5245908,-0.13603309,-0.5490656,0.20509578,-0.16071512,-0.030572329,-0.514889,-0.93943673,0.054608103,0.17604634,0.006342206,0.23464325,-0.83559453,-0.014927526
nitrate,-1.0162776,-0.51020056,0.008542378,0.33824018,-0.29687923,0.42763278,0.7991129,0.011373951,0.6094653,0.35260838,-0.07638977,0.42976624,-0.35800728,0.47800165,0.22379087,-0.1168479,0.4431071,-0.5929996,-0.08989615,-0.8040534,-0.102016166,0.25950402,-0.28461853,0.6471969,-0.7143932,0.4973548,0.30883253,-0.3303128,-0.5016578,-0.42755288,0.042435266,-0.5800244,-0.40678024,0.23454997,-0.0883818,-0.80888724,0.40290865,-0.17658332,0.3762973,0.0017302219,0.41260144,0.36479726,-0.23691331,-0.2068434,0.4617874,0.4560204,0.33886647,0.008798422,1.0547249,-0.40286016,-0.6317009,-0.5060822,-0.69330794,-0.28074688,0.60884947,-0.3892797,0.87878764,0.8744535,-0.42222586,1.2374345,0.02478297,0.1840755,0.49841297,0.081551,0.27985016,-0.2935045,0.23213573,0.5552302,-1.1892723,-0.6703398,-0.5886439,-0.6763866,-0.26666486,-0.42481643,0.15407187,-0.2907076,-0.68266815,-0.12351026,0.5837283,0.22380309,0.5056392,-0.3996299,-0.3864888,-0.41209164,-0.06449708,-0.23489495,-0.9104772,-0.6163901,-0.4823692,0.4860491,-0.35201752,0.48770598,-0.48772871,-0.48335466,-0.12092661,0.5184671,0.12730524,-0.34110665,-0.23396166,0.23360339
ecosystem,-0.700346,-0.5684796,-0.67230546,-0.18669766,0.072479054,0.3402957,0.365068,0.21336006,0.4695861,0.11836578,-0.5134005,0.09688462,0.049554057,0.2707996,-0.7647031,-0.25810027,0.11580502,-0.5731612,0.4035563,-0.93110055,0.54638773,-1.0014057,-0.684427,0.28857857,-0.21401593,0.4359088,-0.16047905,0.23963131,-0.7254802,0.23151721,-0.111055434,-0.29831967,0.38890475,0.14501755,0.48219332,-0.4948495,0.102432296,0.13079078,-0.03490567,0.0082637025,-0.12862702,0.3288652,-0.055454083,-0.4175188,0.2063235,-0.4391827,-0.039284285,-0.27052787,0.45838374,-0.7842107,-0.6237888,-0.9288656,-0.70089805,-0.61072344,-0.09104854,-0.5541445,-0.06501406,0.77885884,-0.8129631,0.8150232,0.16475931,0.24654171,0.20232806,0.08826874,0.50370115,-0.4627361,0.03831385,0.16386807,-1.1041961,0.6345332,0.115909055,-0.46247506,-0.261211,-0.6700514,-0.004656229,-0.1725874,0.22912157,-0.65738577,0.2314316,-0.543974,0.23391624,0.46140483,0.15814945,0.05712667,0.6632601,0.24051762,0.08401949,0.026191942,0.2513281,0.60816413,-0.19297343,0.45167023,-0.6103798,-0.39910904,-0.07883671,0.44519812,-0.5278325,-0.98916054,-0.16423668,0.7163926
binary_alloy,0.26080728,0.40620032,-0.11744058,-0.017802833,0.27404115,-0.15769961,0.28262955,0.21927133,0.2597042,-0.12590383,-0.27194983,-0.025356939,-0.49057704,-0.01421046,-0.36738226,-0.80607504,0.3996709,-0.6358231,0.40319484,-0.52523816,0.2815946,-0.33713084,-0.20454852,-0.014158356,-0.55616844,0.40542045,-1.2726905,0.15807074,-0.21314172,-0.52340853,-0.48587915,-0.3928902,0.20731318,-0.54866546,-0.08599673,0.07867723,0.5493303,-0.5705265,-0.35182115,-0.53604686,-0.0934865,0.2972958,0.79612696,-0.5158122,-0.10273412,0.6093934,0.54293627,-0.6353159,-0.29823494,-0.3610704,-0.52363014,-0.16795315,0.23904674,-0.42249843,0.42229715,-0.2711017,-0.6436494,-0.5031949,-0.049329184,0.55875486,0.109692566,-0.53109235,0.13017103,0.087886564,0.3394204,0.5096125,-0.20903203,-0.2321677,-0.3018478,-0.07761672,0.28514618,-0.047804616,0.32988563,0.14594729,0.060498036,0.1924892,-0.7613483,-0.18306664,0.97848636,0.4904681,-0.42557797,-0.03791573,-0.5872158,0.33130234,-0.69376415,-0.4921392,0.3528463,-0.31218046,-0.2364325,0.79937917,-0.5874858,0.06880763,-0.18953232,-1.1261793,0.36857817,0.49602914,-0.29070556,0.5279819,-0.7756361,-0.38463816
survival,0.53881663,-0.27855283,0.098811224,-0.31085035,0.3209766,-0.57228285,0.65213925,-0.1940573,-0.3589482,0.27365115,-0.8415918,0.24620087,0.13546091,0.48350313,-0.039458964,-0.32363087,0.21498026,-0.82125384,0.23155908,-0.5221244,0.036163833,0.4495011,-0.4198827,0.1384254,-0.008641017,-0.0498841,-0.23039888,0.031701736,-1.1008918,0.12599717,0.6924178,-0.6654908,-0.43730363,0.22815473,0.710834,-0.9185689,0.18901631,-0.41176736,0.295741,-0.47590485,-0.274383,-0.40290934,1.1478077,0.018114263,0.6154556,0.91590077,0.03813755,0.2889591,-0.12476297,-1.0838772,-0.029108072,-1.0241576,-0.43539277,-1.2964641,0.416112,-0.5539122,0.5494941,0.1603986,-0.10150976,1.115023,0.8489623,-0.28524798,0.520307,-0.32910112,0.60623485,-0.5432791,-0.10575222,-0.016250186,-1.2669426,0.092206955,0.13127531,0.18248272,-0.3505679,-0.69657415,-0.43264633,-0.20699582,-0.3524917,-0.22084042,0.12759061,0.18738696,0.4082389,-0.7817805,-0.5754318,-1.4065307,0.09030252,-0.35238993,-0.6548851,-1.1995358,-0.47718623,0.54582775,-0.0829948,0.95891297,-0.17206633,-1.1068074,0.08673073,-0.42358455,0.27938017,-0.8818203,-0.26068348,-0.29712442
genomics,0.7337141,-0.600489,0.47762305,0.21949136,-0.12550507,-0.20360053,0.8945002,-0.649448,0.52065575,0.8922515,-0.4448433,0.061911836,-0.44495186,-0.24651578,-0.8357197,-0.55194044,0.8111521,-0.15188065,-0.5031372,-0.5996017,0.6115614,-0.16518295,-1.0054234,0.6676588,0.30558276,0.7212246,0.33523726,-0.12674217,-0.9904137,-0.04808678,0.6277254,-0.49702686,-0.14235358,0.4387589,0.0024830992,-0.8656092,0.15874375,-0.3093601,0.08886171,0.22255579,-0.16445182,0.32939702,-0.166079,0.01796475,0.33764055,0.08435458,-0.0077013755,0.19852482,1.1601678,-0.49028423,-0.13619314,-0.55612266,0.001886195,-0.6658495,-0.059037574,-0.32898957,0.43763992,0.605077,-0.5556298,0.681669,0.45707798,-0.14489543,-0.0821391,-0.24896091,0.093452655,-0.49164414,0.0687754,0.39231744,-0.9757835,-0.064357616,0.039287783,-0.2981529,-0.2722571,-0.42925817,0.19554888,-0.17055054,0.7416659,-0.09353783,0.12513228,-0.5288934,0.8529431,-0.44956535,-0.12458821,-0.6659893,-0.024151634,-0.43658078,-0.22215475,-0.57664025,-0.9623009,0.25168407,0.5067727,0.15217438,-0.32739604,-0.2193706,0.16354524,0.18028171,-0.30019456,-0.538721,-0.4649323,0.26379868
sodium_compound,-0.1307166,-0.061985467,-0.9431809,0.26617804,-0.61391777,0.14854458,0.5677645,0.07229751,0.26788428,0.14445265,-0.2840808,0.30451587,0.22444408,0.33105284,-0.80952644,-0.5944746,1.0414329,-0.6649901,0.4932473,0.2773866,0.35842252,0.760454,-0.386191,0.61501306,0.005760746,-0.31111082,-0.69657004,0.15233688,0.031842835,-0.55680496,-0.20302461,-0.011123252,0.37291855,-0.39076403,0.010227203,0.5205957,-0.48240376,-0.22567815,-0.25882545,0.29358292,-0.95620185,0.14969249,0.2918992,-0.105675526,0.2977335,-0.2431651,-0.4060529,-0.1802694,0.005713452,-0.3860322,0.024002613,-0.72125953,0.08244814,0.20206402,0.6412685,0.77695554,-0.10598528,-0.62677014,0.23067176,1.017841,-0.29324207,-0.34199667,0.20277104,0.5818639,1.3632808,0.40321383,0.47504565,-0.54728705,-0.16841537,-0.3856958,0.10509165,0.006729701,-0.305071,0.0891729,0.19123602,0.105311275,-0.5225521,-0.16047722,0.3765554,0.57594514,-0.1658667,-0.4417341,-0.29828766,-0.08741108,0.030772131,0.07531223,0.43079075,0.07997235,-0.043282766,0.6291438,-0.50729156,0.25985363,-0.5448426,-1.1977385,0.37099296,0.3491846,-0.20333374,0.09966024,-0.5127506,-0.20249
bacteria,0.2551487,0.039029174,0.00636692,0.19989361,0.47147143,-0.4917498,0.43953165,0.10172955,0.095704086,0.05204125,0.04403613,0.2236835,-0.52261513,-0.051404584,-0.6288387,-0.6023817,0.48883486,-0.4653492,-0.44498932,-0.03693295,0.41221818,-0.0037554665,-0.22566003,0.7210898,-0.38713646,-0.06720369,0.5022407,-0.10951197,-0.75625485,0.16400303,0.19222574,-0.5071764,0.18454222,-0.14960334,-0.5431049,-0.4126382,-0.08937906,0.26303366,0.38651055,0.034516014,0.1729574,-0.03259768,0.14219327,-0.54094344,0.91332746,0.24527785,0.4383394,0.5916344,-0.09193494,-0.13100103,-0.018140983,-0.16700532,0.31541315,-0.4902057,0.49227962,0.07144061,0.07493471,0.8088769,-0.25527787,0.58986795,-0.358312,0.48730567,-0.70721817,-0.14034277,-0.20921908,-0.30710033,0.28869206,-0.0816629,-0.7108754,-0.08809058,-0.14257312,0.5709638,-0.17516972,0.042633053,0.024917653,0.20005313,0.1699678,-0.05269778,0.080579184,-0.3884575,0.29171196,-0.109726936,-0.2696644,-0.16970782,-0.376257,-0.38475496,-0.1118062,-0.31005812,-0.58839977,0.41175905,-0.44322875,-0.3833461,-0.9483044,-0.11983112,0.776432,0.14239895,-0.2960507,-0.6123514,-0.71028936,0.50926405
food_intake,0.021778395,0.038947094,0.25768128,-0.3237926,-0.3696031,0.43989575,-0.19577436,-0.3076218,0.36060402,-0.1142712,-0.52126366,-0.5756201,-0.34548107,0.12564775,-0.5446259,-0.44325787,0.20023054,-0.7526526,-1.1208184,0.1803006,-0.17290087,0.7582821,-0.92477053,0.850047,-0.61689556,0.2873398,-0.74634427,0.83340645,-0.25268078,-0.20205218,0.19640124,-0.25241426,0.2632711,-0.53502977,-0.14199139,0.3411082,1.0110489,-0.75561583,0.42919502,0.4775115,0.15177748,0.32774654,0.083827116,0.027712665,-0.17177345,0.27663174,0.10674687,-0.2944897,0.10985651,-0.56247914,0.4726205,-0.49826792,-0.23410957,-0.30801278,0.10808796,0.8116488,-0.79700243,1.00409,0.16458488,-0.083972834,-0.40049127,-0.3382264,-0.24227723,0.1588378,-0.5769248,-0.30161124,0.07379397,0.6945807,-0.9962257,0.35805795,0.47165984,-0.17906803,-0.087203085,-0.7423223,0.14006495,-0.9142144,-0.1312183,-0.4839869,-0.77507955,-0.082074225,0.46335316,-0.47102237,-0.22498854,0.23080242,0.064764716,0.015223939,0.7653195,-0.78431,-0.545059,-0.65503114,-0.48186103,0.4003796,-0.65580666,0.15919249,0.23615268,-0.18787585,-0.49962375,0.6753364,-0.62563735,0.4423949
heavy_metal,0.036103062,0.07794568,-0.9324623,0.63026255,0.44676802,-0.3974189,0.912099,0.3532338,-0.43068656,0.3309989,0.24264045,-0.21419917,-1.1842564,0.24299793,0.19890529,-1.469069,0.6024766,-0.6683708,0.10450266,-0.40943077,-0.13020295,0.3563904,0.08315507,0.6605558,-0.34101778,0.24331233,-0.21598327,-0.3144534,-0.2427448,0.0822846,0.32324132,0.07101337,-0.98220277,-0.49374723,-0.4919087,0.16432953,-0.16487883,-0.7719181,0.6454729,0.6443356,0.08511622,-0.289307,0.3606171,-0.27926847,-0.36812875,0.43474418,0.49975875,0.35622233,-0.33576623,-0.2833843,-0.39580786,-0.5120364,0.50921345,0.19751209,0.76601785,0.04495033,0.08470665,0.64948434,-0.9696136,0.26987568,0.18323773,-0.03423916,-0.2848096,-0.4585434,0.101453826,-0.26392734,0.71707296,0.7121957,-0.97101706,0.09681226,0.73590696,-0.26036996,-0.11361417,0.012906597,-0.23986539,-0.20224291,-0.23944105,0.06880074,-0.14216143,-0.43136287,0.033264022,0.25749066,-0.020585785,-0.3309447,-0.37376088,-0.2808695,0.062065728,-0.41929305,-0.40982425,0.7650548,-0.057758156,-0.016318392,-1.3514072,0.12547357,0.40877354,0.16852514,0.127826,-0.58054966,-0.7226558,0.40740457
sheep,0.3071499,0.59926915,-0.17495196,-0.8646146,-0.25983757,0.61675966,0.26871237,-0.05130122,0.28663975,0.24555749,-0.62121487,0.3243291,-0.5118791,-0.02543213,0.07825448,-0.7174495,0.26258516,-1.0479578,-0.7134563,-0.21824726,-0.15210909,0.13293628,-0.07436358,0.24621965,-0.36654344,0.36981556,-0.41274217,-0.28495118,-0.15412459,-0.18802242,0.055791393,-0.48128194,0.0992764,-0.28722987,-0.34442902,-0.22302267,0.6235053,-1.046175,0.38292816,-0.13314222,0.47936693,-0.16651967,0.36565748,-0.17965099,-0.24592121,0.9866817,0.28246242,-0.5867658,-0.5898999,-0.184257,-0.37341884,-0.8919331,0.3220789,-0.5243167,0.15961203,0.24707754,-0.06815089,0.26702195,0.18889146,0.37121433,0.17146567,-0.4733998,-0.26011932,0.26906693,0.24799581,-0.9579193,-0.36236897,0.45893976,-0.43382984,0.5207507,-0.46566817,0.008856511,0.17743458,0.13350894,0.794773,-0.62443036,-0.24773829,0.08452838,-0.8543686,-0.5247132,0.30562127,-0.15699331,-0.08339742,-0.08608909,-0.17274326,0.172969,0.8176147,-0.54512566,-0.7668551,0.40906793,-0.11518477,0.52084994,-0.6859088,0.14195134,0.38482228,-0.48811632,-0.06788825,0.089221895,-0.4488914,0.21374473
oocyte,0.1882478,0.2847915,-0.053987402,-0.9960597,-0.27344233,0.7648953,0.64823836,-0.28598943,-0.078231595,0.14595199,-0.8870984,1.1029451,-0.21741045,0.16725177,-0.41191018,-0.5704185,0.40163642,-1.1161778,-0.54068244,-0.43091607,0.021742906,0.5258933,-0.010326562,0.38063934,-0.2439373,0.30366153,-0.45693812,-0.13618408,-0.54865247,-0.022495126,0.021219809,-0.19174898,-0.024536557,0.021005921,-0.22955038,-0.17254858,0.67339826,-0.4951173,0.59730005,-0.014197584,0.35663125,-0.16854994,0.62885666,-0.14181817,0.024810323,0.8612453,-0.11835133,-0.41149804,-0.13101912,-0.20110194,0.0140069565,-1.2686399,0.41742396,-0.039891835,-0.024433644,0.06960069,0.2433617,-0.22718263,-0.41358665,0.6190108,-0.32233453,-0.10731905,0.053908102,0.27706647,0.38320297,-1.0053777,-0.30725402,0.15495062,-0.78804785,-0.074070275,-0.12449248,0.17128436,-0.11793508,-0.29519403,0.5923202,-0.35913238,0.00958,0.31229416,-0.7319758,-0.99204534,0.4888414,-0.34962693,0.044795856,-0.5181401,0.21781452,0.50280327,0.35703528,-0.44486645,0.053927615,0.22868094,-0.4042859,0.613299,-0.51166874,-0.0058970824,0.42451233,-0.72966623,-0.14784433,0.018902725,-0.22163118,0.16501924
glutathione,0.33866557,-0.20466524,0.21700536,-0.87209916,-0.17591596,0.20965996,0.54270476,0.3192088,0.19347878,-0.4156616,-0.9918906,-0.17497437,0.21562459,0.09841641,-0.27138972,0.076139085,0.15188327,-0.48166403,-0.5311733,0.0002115062,0.19517235,0.6940378,0.36561257,0.5549419,-0.18767178,0.6240291,-0.47581863,-0.06178827,-0.19764926,-0.14931996,0.08971171,-0.6533469,0.35411075,-0.30001462,-0.0017747533,-0.062358577,0.54614294,-0.54209685,0.5537235,0.4518828,0.5918554,-0.17943513,0.31034797,-0.069274604,-0.01107633,0.21309933,0.23046511,-0.4473686,0.65618366,-0.45720336,0.38668305,-0.9176018,-0.43356866,-0.10185176,-0.39026934,-0.03570443,-0.4550461,-0.28617185,0.34677836,0.9721717,-0.3773453,0.035279848,-0.023748783,0.3659115,0.4488649,-0.22585519,0.65675133,0.49101108,-0.88861173,0.5070795,-0.51937836,0.2520524,0.5305113,-0.01790795,0.6873041,-0.60372376,0.042551752,0.24546908,-0.8607721,-0.52151257,0.009655413,-0.3478398,0.013180908,-0.10225715,-0.2366655,-0.059722092,0.013437985,-0.8360514,0.31124833,0.022368513,-0.23146482,0.7727575,-0.25847998,-0.2356732,0.5627147,-0.39500314,0.018993266,-0.21025623,-0.15384182,0.20986982
aromatic_compound,0.122890376,-0.9657491,-0.3373706,-0.10599597,-0.020211428,0.23561771,-0.31761447,-0.14392792,-0.11884999,-0.4548383,-0.1949419,-0.06601322,-0.10069786,-0.18563485,0.5898859,-1.4483567,-0.07506315,-0.27282518,-0.8102494,-0.033218533,-0.07622249,0.3374477,-0.41474023,0.5102632,0.060589835,-0.20062613,-0.91977626,-0.082029685,-0.11546225,-0.45545954,0.48983365,0.11338585,0.43690154,-0.04415582,0.17580618,0.43846297,-0.15192287,0.10281886,-0.14246188,0.20521788,-0.24937402,0.59235406,0.2600723,0.25310242,0.18463679,0.36573604,-0.25677443,0.1970001,-0.50034857,-1.0648981,-0.4084082,-0.32473168,0.0962424,-0.34432203,0.6988726,-0.36100048,0.13978036,-0.14517902,-0.2098556,1.0224087,0.28827646,-0.3916632,0.066823825,0.18811181,0.9304143,0.18201639,0.8071223,-0.10974912,-0.4149944,0.17991662,-0.1441782,0.38422126,-0.17034622,0.18424667,0.047184754,0.6201884,-0.32985002,0.24333477,0.051410697,0.7987419,-0.9091635,-0.09582405,-0.028287787,-0.867624,-0.76419795,0.17926256,0.63088113,-0.4728248,-0.73295283,-0.040169694,-0.9991263,-0.22049002,-0.5523441,-0.63721704,0.20412709,0.2630005,0.20365213,-0.23138106,-0.8641295,-0.20515186
alkalinity,-0.6899178,-0.16846067,0.058709633,0.49780253,-0.1273637,-0.22871028,0.68308556,-0.11251478,-0.22705843,-0.18235667,0.030347966,0.6022747,-0.44112816,-0.19701,0.55215377,-1.2741989,0.002537065,-0.6595087,0.3352854,-0.58369607,0.14220142,0.3179084,-0.15613993,0.3170172,-0.5030179,0.3678555,-0.7300367,-0.4033967,-0.28484207,-0.18860708,0.6260428,-0.6020853,0.4245593,-0.28341216,0.4253072,-0.34870958,0.5642174,-0.05579216,0.6466914,-0.030719012,-0.42379943,-0.21270347,0.6171305,-0.09942696,0.8565739,0.47932255,-0.1973625,-0.13325125,-0.48058444,-0.62676877,-0.51881474,0.41421852,0.0015267514,-0.43401498,0.6699933,-0.15814078,1.0289348,0.16808106,-0.41801465,1.3758488,-0.32732517,-0.22287518,0.19436584,0.5889008,0.518895,0.05989846,0.40808165,-0.23892236,-0.8908339,-0.2377683,-0.34773415,-0.09117874,-0.44726974,-0.74031603,-0.20586812,0.14900257,-0.36643896,-0.18950392,0.65049803,0.5110658,-0.04963662,-0.17906754,-0.17280504,-0.71663094,-0.41660717,0.037462153,0.17793101,-0.6905366,-0.33300814,0.59125584,-0.51008755,0.35790902,-0.4474611,-0.4522402,0.5316602,0.13691238,0.14325592,-0.03589949,-0.7293306,-0.35133117
surface_area,0.9226116,-0.55948746,-1.2130684,0.3794818,-0.28203434,0.1336579,-0.4711034,0.37854058,0.1415093,0.34078082,-0.27848777,-0.49205548,-0.009542761,-0.28495675,-0.46774977,-0.615738,0.41676185,-0.7037185,-0.7717421,-0.5011234,0.6428556,0.17710549,-0.478088,0.3079176,0.015214497,0.44925967,-1.4465462,0.00032896435,-0.1795127,-0.6910974,-0.08438297,-0.5738327,-0.10103757,0.14447257,-0.26837075,0.16391197,0.73256177,-0.6214394,-0.26778534,0.5819625,0.76382625,0.13524136,0.40341595,-0.65237397,0.06065897,0.336972,-0.6106699,-0.39993882,0.11844778,-0.7871032,-0.6344565,-0.46490133,0.3508637,-0.3788534,0.21122572,-0.074271515,-0.056754418,-0.15299131,0.077170454,0.66740745,0.36832288,-0.41833594,0.97280544,0.41491523,1.3874323,0.9543215,0.13654834,0.253211,0.19053474,-0.8157465,0.0014753843,-0.21207911,-0.85734916,0.72285813,0.45609817,-0.012553064,-0.44022894,0.05697284,1.087599,0.18085016,-0.4540957,0.2863099,-0.19186933,0.2790363,-0.10836993,-0.44206735,0.3869935,-0.57129145,-0.23073366,0.49172413,-0.6999782,-0.19717962,-0.36687848,-1.290781,-0.048584763,0.39213526,-0.40091768,-0.17700407,-0.48782438,0.16265446
drug_solubility,0.4707033,-0.9177135,-0.18299372,-0.0050516613,0.01052441,0.21493502,-0.11421721,0.5092983,-0.03507532,0.21518238,0.16813014,-0.83161193,-0.35011914,0.037161764,-0.38930702,-1.0192312,0.36040372,-0.23646227,-0.6692998,-0.28798604,-0.07562125,0.1316079,-0.20191886,0.80552065,0.017654022,0.51961064,-1.22259,0.38737977,-0.291036,-0.57231075,-0.040027283,-0.9445353,-0.46364337,-0.22452375,0.12421278,-0.032228142,0.41556537,-1.117426,0.052120198,0.5054698,0.91109246,0.045013133,0.35442013,-0.12407536,-0.053794105,0.6314205,0.25191453,-0.23984079,0.43734056,-0.3901628,-0.020404464,-0.36014414,-0.49047002,-0.115094304,0.1207273,0.21683925,-0.45077667,-0.11013957,0.107593864,0.52282053,0.3257442,-0.19243708,0.5189673,-0.10575254,0.4765314,0.11253587,0.20633622,0.7197848,-0.022886006,0.57612294,0.30116096,-0.31045586,-0.40317214,0.8588294,-0.087019,0.03867344,-0.21040902,-0.14112645,0.62523687,0.6682585,0.29721332,-0.07886744,0.54879445,0.35779548,-0.3500992,-0.93329066,0.6651731,-1.0921323,-0.75331295,0.37548804,-0.3764673,-0.12168633,-0.44650114,-0.9753597,0.14533816,-0.036147222,-0.4702829,-0.078612834,-0.6013191,0.745811
methane,-0.089361876,-0.070066534,-0.14533025,0.11724602,-0.6676433,-0.109153524,0.3695289,0.53514105,-0.027813984,0.007015049,-0.87767035,0.21844058,-1.1758852,0.033083018,-0.35383308,-1.5013674,-0.016008241,-0.07703693,-0.5253228,-0.3711366,-0.0072648446,-0.55772877,0.22148518,0.6640269,-0.35489103,0.6724238,-0.5253013,-0.71677405,0.42331654,0.13874876,0.054490212,-0.33774543,-0.70353043,-0.1979747,-0.8246411,0.40834212,0.17281628,-0.13995281,0.47948647,0.094718665,0.65935355,-0.29169884,0.43693376,-0.44848594,-0.3514223,0.3679859,0.5244887,-0.077840835,0.040409114,0.39052844,-0.9768302,0.19858901,-0.39899722,0.1393976,0.6350317,0.66126245,-0.6174249,0.29618454,-0.96591264,-0.2662934,-0.15789054,0.60699123,-0.7036373,-0.31956238,0.18609627,-0.24544999,0.5085042,-0.20157921,-0.75434375,-0.066760704,-0.10817486,-0.5657248,-0.3860212,-0.34785938,-0.07151911,0.3564562,-0.82035303,-0.0141624035,0.8401306,-0.98827654,0.72229224,-0.008845939,-0.1694111,0.48521176,-0.16236609,-0.20652124,0.5928979,0.22904088,0.18528186,0.8261274,-0.29758918,0.0882244,-1.5697738,-0.7477513,0.70906746,0.10392013,-0.08658693,0.076344624,-1.5078002,0.8553021
questionnaire,-0.049867224,-1.1749591,-0.41782212,0.1211966,-0.36438623,-0.08817181,0.15435241,-0.31871462,-0.071604826,-0.71743953,-0.61886543,-0.28661442,0.29882643,0.39182267,-0.85538155,-1.1275922,0.8380673,-0.37962446,0.16316126,0.2444179,0.06359818,0.6032927,-0.15416156,1.1103989,0.5008493,-0.12692513,0.31785026,-0.838189,0.15755768,-0.7541082,0.22906175,-0.097462095,0.54242307,-0.0351393,0.1434726,-0.34923127,-0.080946006,-0.5338645,-0.105548285,-0.13309786,-0.17359957,0.4296027,0.008617628,-0.7141277,-0.91547245,0.12140797,-0.23786929,0.24986738,0.87405473,0.0073994133,-0.1062366,-0.9650063,0.26881042,0.11509619,-0.12634626,0.51776594,-0.92345434,-0.17874716,-0.008718274,0.33403322,-0.41483796,-0.052867822,-1.5836251,0.32197976,0.61059123,0.52058643,0.30511045,0.29692924,-0.18167813,0.28873014,-0.22468677,0.030523123,-0.06148175,-0.7792948,-0.35246664,-0.2277024,0.25044945,0.048374344,-0.0033153275,0.084249735,1.1617893,-0.92403674,0.2947435,0.25143662,-0.68664664,0.14877392,-0.43137145,-0.23950371,-0.58894545,-0.07489989,-0.9665172,0.016526485,-0.24615401,-0.26719478,-0.5797088,-0.29213423,0.56753963,0.5863386,-0.4983125,-0.070669055
fetus,-0.436362,0.49864644,-0.29079244,0.18536955,-0.22605492,0.6811085,0.92468303,-0.13936868,-0.074130744,0.061146565,-0.75859886,0.14977095,-0.81266874,0.7581861,-0.6294908,-0.14927894,1.1616218,-1.041731,-0.19862896,-0.37791857,0.057331912,0.30848357,0.0041911122,-0.009325895,-0.004532683,-0.35213926,-0.7862386,-0.20935123,-0.2661237,-0.43355992,-0.11689457,-0.42479584,0.39375776,0.08527603,0.20951758,-0.3928039,0.17210442,0.2591174,-0.34508103,-0.046074506,0.010841214,0.33972612,-0.05496456,0.11493377,-0.03023353,-0.45437035,-0.00744336,0.7144631,0.4656394,-0.39614275,-0.4070693,-1.1853985,-0.45258796,0.3854798,-0.1320964,-0.3988104,-0.52076924,-0.21981485,0.04940957,0.39759117,-0.115956284,-0.5323638,-0.5487053,0.7347724,0.5899586,0.43951228,-0.327097,-0.3396048,-0.69952106,0.46420842,0.44753245,0.30788738,0.018662574,0.4403471,0.2486232,-0.6480255,-0.40179533,0.08335718,-0.3755712,0.09126195,0.19659458,0.17933653,-0.13257432,0.62761295,-1.00444,-0.34328595,0.36261243,-0.30471492,-0.45082277,0.1648348,-0.36483258,0.0795577,-0.08426503,-0.26267397,-0.69836587,-0.37556702,-0.5774431,0.17292053,0.23126246,0.5468123
heart_rate_variability,-0.6991715,-0.3734585,-0.031626064,-0.3020071,-0.47251168,0.4139073,0.84364134,-0.3663807,-0.22229968,-0.14692159,-0.91499794,0.3447811,-0.82157725,0.96763074,-0.69327664,-0.19079942,1.250949,-0.5998169,0.12512334,-0.45368662,0.35881495,0.5332936,-0.17093712,0.005933042,0.5555101,-0.021280168,-0.5418647,-0.61261064,-0.14773352,-0.33673105,0.33328563,-0.1421869,0.47270125,-0.056229305,0.37802434,-0.5111566,0.22836569,-0.012002701,-0.49752396,-0.5306475,-0.16398908,0.026823495,-0.23097792,-0.42951277,0.21692018,-0.3507108,0.24070084,0.21363793,0.38915876,-0.115695536,-0.20119192,-1.043413,-0.5598933,0.23595195,0.08423361,-0.13361305,-0.6734495,-0.28073886,-0.013329707,0.2592485,0.13214342,-0.69476354,-0.43958846,0.8446078,0.6825153,0.3367638,-0.37372082,0.06379937,-0.10326751,0.22536412,0.35396686,0.12966992,-0.30715963,-0.33270204,0.380068,-0.19034299,-0.27826485,0.32793182,0.123480536,-0.17672737,0.18896237,-0.0124179125,-0.10520358,0.50216377,-0.43392438,-0.18834753,-0.13340761,-0.39074016,-0.65577877,0.55510396,-0.315119,0.27639875,0.32396,-0.23913,-0.19368602,-0.24601474,-0.6830058,0.48748463,-0.036108784,0.10367088
allele,0.48561567,-0.7188626,-0.21820372,-0.0134546785,0.26735082,0.039861433,0.8373791,-0.46135747,0.3398781,-0.35954016,-1.0278993,-0.19237189,-0.09189685,0.32911092,-0.98930776,0.3736999,0.64431727,0.075542405,0.22904204,0.16314685,0.5036641,0.19546059,0.54020566,0.39687255,0.11394908,0.08778396,-0.07190116,0.4047293,-0.36222422,-0.4016055,0.09577683,-0.73198813,0.19955623,0.19076914,-0.032692067,-0.07956965,-0.28380045,-0.17051974,-0.18945196,0.20769455,0.1923105,0.41059592,0.41829592,-0.11283804,-0.5138053,-0.2853383,0.38302347,-0.09385046,1.0032939,-0.10859823,0.1328341,-0.5421686,0.3003805,-0.16874176,0.22700664,-0.28736863,0.25890985,-0.16269132,-0.2992366,1.1292009,0.32090837,-0.018131241,-0.2959519,0.17087796,0.405234,0.13627924,0.040418305,-0.34209317,-0.91458255,0.03377539,0.31235266,0.014794043,-0.024987759,-0.2852192,0.16421707,-0.27937847,0.42630967,0.14262238,-0.18200666,-0.13911545,0.2228188,-0.16349997,-0.38119763,-0.02367998,-0.39433923,-0.038750585,-0.28494352,-0.8460922,-0.80659014,0.6789374,-0.428961,0.35011646,-0.17316073,-0.73244697,-0.118514664,-0.026334858,0.33488256,0.12350171,-0.59145945,-0.17964299
anxiety_disorder,-0.17321847,-0.6440051,-0.6450292,-0.07007236,-0.38341302,-0.3249419,-0.25168395,0.11074931,-0.33364603,-0.33530724,-0.24288948,-0.53718436,-0.0091489125,0.84031034,-1.2029954,-1.0410321,0.67201483,-0.6414633,0.23975433,0.31584683,0.23600605,0.3042644,-0.35412034,0.73667854,0.60312986,-0.20233777,-0.06660279,0.20909107,0.19116043,-0.6932016,-0.49138746,-0.12352697,0.39652053,-0.06094945,0.39826727,-0.31541574,0.37660307,-0.58434826,-0.20696159,-0.18083543,0.079812795,0.09361054,0.3107756,-0.32150784,-0.6129021,0.24101081,-0.18485789,0.5289079,0.61492383,-0.3474258,0.02580299,-1.0613345,0.22786628,-0.21749341,0.30784208,0.5500835,-0.7132486,0.051262632,-0.044872805,0.5126951,-0.09391103,0.3566181,-1.0368811,0.13434899,0.33870038,0.8207314,0.048773684,0.2829747,-0.6432426,0.3046453,0.5860739,-0.087018766,-0.40116963,-0.77133304,-0.50737256,-0.41054872,0.16241328,-0.006744157,0.07843127,0.22584271,0.62681603,-0.46172348,0.009092224,0.024908505,-0.43476668,-0.21621598,-0.13991296,-0.54009914,-0.45110872,-0.082529716,-0.46415493,0.022453744,-0.6667097,-0.6803618,-0.52079415,-0.0918224,0.4561829,0.35709012,-0.23801541,0.3010303
anti_bacterial_agent,0.39676145,-0.3172534,-0.11448916,0.51597625,-0.22810555,-0.1545721,0.16782416,-0.29320273,-0.13480419,0.6303874,0.34601092,-0.21439025,-0.21985224,-0.21584499,-0.6846191,-0.45744377,0.2904939,-0.124841444,-0.19420564,0.22784233,0.22628315,0.2603805,-0.5993818,1.2607384,0.20748384,0.2557603,0.016216597,0.47769216,-0.93136364,-0.3081165,0.6720448,0.045139976,0.3183677,0.3512986,-0.6172108,-0.3628488,0.57683855,-0.045804597,0.5838468,0.4569121,0.036141098,-0.21563174,0.42518318,-0.19017056,0.17283155,0.09507435,0.31912568,-0.6740109,0.5843566,-0.18684521,0.3890327,-0.6129621,0.36174992,-0.29985604,-0.15096007,0.24957263,-0.53057873,0.60342216,-0.23334888,0.35498446,-0.31578487,0.3050792,-0.48669457,0.43105507,0.28899354,-0.044762712,-0.018874874,0.5786523,-0.3508476,-0.31796986,0.32985055,-0.06257824,-0.35832852,-0.36892503,0.526566,0.0750041,0.16745602,-0.37674037,-0.38200867,-0.17523275,0.528774,-0.4292705,-0.062816404,0.007910972,-0.23009385,-0.8117278,0.70570534,-0.4484428,-0.89395744,-0.033641785,-0.30448794,-0.02020022,-1.1140147,-0.18625948,0.5441798,0.41987863,-0.20985077,-0.1259874,-0.6764244,0.37589198
rural_population,-0.44762388,-0.6184035,0.07058733,-0.22839585,-0.68861175,-0.28796613,0.3748336,0.072748765,0.34540302,-0.03472217,-0.54278964,-0.3603607,-0.34835702,1.0417379,-0.98383737,-0.46891016,0.72578824,-0.2681615,0.41223183,-0.14355429,0.13798846,-0.10437375,-0.15427451,1.2342418,0.65613705,0.48646244,0.10231657,0.06614142,-0.03891609,-0.027697152,-0.6355487,0.16836132,0.32182774,-0.032411408,-0.2454183,-1.1050711,-0.12145443,-0.5841121,0.15879193,-0.002573923,0.04651533,-0.4227833,0.22236404,-0.021660144,0.123910666,0.0027483643,0.28047067,0.14526965,1.0357451,0.37419918,-0.16236661,-0.92891085,0.13953389,0.10076397,-0.123366505,0.2040054,-0.37730098,0.2671338,-0.39120504,0.8145403,-0.109304205,0.281318,-0.81370145,0.1176152,0.43610567,-0.06871285,-0.53314257,-0.105736785,-0.25211817,0.7699958,0.6154513,-0.3953411,-0.5956319,-0.8139373,-0.31457582,-0.10168375,0.6838128,-0.4271627,0.8437371,-0.48312515,0.54938465,-0.08273323,0.047224145,-0.06481821,-0.33949995,0.05057004,-0.58176076,-0.55430984,-0.14226814,0.2818926,0.03826935,0.9045994,-0.2940593,-0.5922297,-0.50915164,0.24571237,0.44138056,0.2541644,-0.14018218,0.23920578
hydrogen,0.3607936,0.26129204,0.47376338,-0.06500616,-0.2487975,-0.22983286,0.6452523,0.26515073,0.4154204,0.29689115,-0.6100528,0.67469984,-0.8180559,0.38610885,0.05378719,-0.786192,0.58295023,-0.097181015,-0.0100939255,0.23368761,0.60493255,-0.3616631,-0.17832775,0.7099265,-0.27192938,-0.5097858,-0.16131797,0.55398154,0.20009297,0.19933067,-0.39525303,-0.8113374,0.5884528,-0.25786236,-0.28396314,-0.44143066,-0.08516137,-0.4791486,0.13785894,-0.17350222,0.6945913,0.13572504,0.7531986,-0.4620455,0.056278784,0.17941412,0.28891364,0.30636322,0.10706758,0.46387056,-0.8389405,-0.1700098,0.36157227,-0.48761928,1.0340126,-0.2723831,0.09016517,0.96713406,-0.62782276,-0.07445196,-0.30805558,0.30530244,-0.8802235,0.49826348,-0.19422658,0.2969356,-0.0026054054,-0.29157472,-0.5194881,0.016175078,0.54520905,0.714751,-0.39131716,-0.34893784,-0.9592842,-0.36771214,0.12774235,0.14280577,0.34941143,-0.4419976,-0.5805844,-0.11853394,-0.29995835,-0.18885057,-0.8457504,-0.29980657,0.22193702,0.5388917,-0.69870746,0.26164445,-0.624369,0.18281063,-0.9040718,-0.27614832,-0.13077804,0.058458567,-0.052597225,-0.20606112,-0.6736345,0.49750245
conservation_status,-0.11227342,-0.08087305,-0.21569252,-0.40643254,-0.3145247,-0.24183859,0.34593254,0.4953973,0.12469753,0.50306207,-0.36193055,0.22662127,-0.09858464,0.70655185,-0.27006844,-0.76117355,0.36468974,-0.070602395,0.3269009,0.20693494,0.10003019,-0.4646482,-0.07527798,0.30444375,0.62098366,-0.026281537,-0.21441677,0.21445112,-0.5779629,-0.52638197,-0.4648981,0.10305972,-0.07696854,0.3673519,-0.18354224,-0.6404444,-0.15938172,-0.37268314,0.4603756,0.2323252,0.18357873,0.03494411,0.055427298,-0.05197854,-0.24759415,-0.03784933,0.38156518,-0.27320808,0.050984073,0.15165661,-0.29870358,-0.99507016,0.033705294,-0.21337368,0.1386714,-0.08023008,0.021072775,0.13769467,-0.46181172,0.5184123,-0.1281964,0.62938416,-0.62130463,0.34836975,0.6401508,-0.1789353,0.77152526,0.11373355,-0.28401887,0.6080963,0.15688308,-0.883234,-0.26384798,-0.23847389,0.106264904,0.08687587,-0.15380906,-0.079142846,-0.37957957,-0.7831666,-0.005385257,0.032764073,-0.09061283,-0.49538118,0.094722964,0.51396495,-0.105008,-0.19270378,-0.42835942,0.18135785,-0.22808571,0.46540508,-0.6452757,-0.7262583,0.021452373,-0.080120124,-0.18645088,-0.18134065,-0.45877475,0.28879306
hydrolysis,-0.97348696,0.20582694,-0.06541306,0.28680238,0.6688651,0.14574395,1.3422545,-0.19440289,-0.27362323,-0.88265806,-0.100374274,0.29005066,-0.3695097,0.4165389,0.024892807,0.015448663,0.3345532,-0.16832787,0.555525,0.32149673,0.31996098,0.8795774,0.1368354,-0.22735777,0.35435808,0.37613294,-0.25388625,-0.6263446,-0.038744535,-0.16294444,0.37709796,-0.6619314,-0.18478145,-0.8287609,0.12249077,0.58961004,0.5055919,-0.26252034,0.89895004,0.883119,0.17114481,-0.54284036,0.9074497,0.03811009,0.42996317,0.16595876,0.81634873,0.16005442,0.29826182,0.022507962,-0.23815063,-0.4310861,0.06284116,0.34489235,0.26934725,-0.18334804,0.25840425,0.0889213,-0.5580655,0.80623084,-1.153148,0.2758393,-0.16164203,0.6093468,0.3597633,0.18039486,1.31234,-0.048743993,-1.7525836,-0.29944152,-0.04995506,0.57106924,0.9341738,-0.18574955,-0.08376074,-0.25674528,0.002245424,-0.042212944,-0.6617901,0.19653463,0.20084584,-0.35760307,0.11002098,-0.002371257,-0.31923088,-0.45113623,-0.025645422,-0.7379173,-0.4178928,0.3264786,-0.46708202,0.89171785,-0.83980775,-0.34238037,0.9839357,0.09544629,-0.43439788,-1.1691465,-0.49243483,0.393933
drinking_water,0.61104715,-0.30696914,-0.37718213,0.027627692,-0.35775754,-0.05920623,0.6587071,-0.14376786,-0.4343026,-0.76284564,-0.22729528,-0.6549918,0.03323535,-0.1158513,-0.38198844,0.39909,0.036505204,-0.7935938,-0.49658662,0.36682498,0.27955526,0.7479884,0.05013899,0.17934717,-0.4976772,0.5562327,-0.88371164,0.5482052,-0.4943655,-0.675857,0.28838426,-0.76489186,0.43788204,-0.39508364,-0.19698153,0.39119956,0.7588095,-0.20065367,0.84238845,0.84111226,0.20690592,-0.1378374,0.53945804,-0.26612112,0.80724496,-0.31692806,0.22938706,-0.5184242,0.5774369,-0.37608,-0.03972378,-0.74904865,-0.07517935,-0.2577067,-0.5321477,0.44002128,-1.1829902,0.019812796,0.0018363305,0.15409246,-0.7885671,0.15997283,0.07945464,1.0072167,0.22467215,0.07442526,0.69800025,0.12764989,-0.75036657,-0.1244355,0.14931178,0.42634836,0.18089902,-0.081872135,0.56939113,-0.4453322,-0.79050493,-0.68821865,-0.58971846,-0.21265964,0.07121387,0.09788215,0.13315047,-0.031531647,0.2695598,8.424016e-06,0.9503118,-0.4718479,-0.84969056,-0.089418605,-0.40995213,0.7607076,-0.44911414,-0.34285617,0.6786466,-0.23652405,-0.672683,-0.0047664633,-0.30012563,0.3820291
adipose_tissue,0.10230383,-0.536341,0.35701248,0.37907735,-0.08481121,-0.2971522,0.78784645,-0.46678805,-0.5875051,-0.38018402,-0.5704026,-0.15821868,0.19411556,0.43809572,0.25813267,-0.43822932,0.31536618,-0.49347028,-0.24573238,0.37194815,-0.22188827,0.42182672,-0.49557102,0.5630535,0.15912701,0.80575955,-0.4905474,-0.7401468,0.21777447,-0.5887461,0.17010653,-0.63641274,0.46034458,-0.3647168,0.2653336,0.53066695,0.3823504,-0.326886,0.12349882,0.28369194,-0.15401448,0.014771867,0.11415575,-0.13620585,0.62059563,-0.030509192,0.25791386,0.71174544,0.1044348,-0.753438,-0.010165028,-0.8558336,-0.6182596,-0.03181471,-0.06605307,-0.030364603,-0.30961716,-0.35960624,-0.05394192,0.5498645,-0.4212991,-0.11306487,-0.2934555,0.49191257,0.6393557,-0.3242323,0.86660725,0.005788151,-0.78747165,0.15017349,-0.22968183,0.26909152,0.37441763,-0.06215011,0.31919527,-0.5556518,0.20782585,-0.51692855,-0.4062442,0.21293245,0.63773876,-0.5593582,0.16329421,-0.28023216,0.084078744,0.3419177,0.3728083,-0.02243398,-0.16568623,0.12724845,-0.06750668,0.4558685,0.7112628,-0.19821511,0.07840243,-0.1438173,-0.2703415,0.093535036,-0.3928766,0.46492448
uncertainty_analysis,-0.47116357,-0.24435547,0.14150721,-0.059249848,-0.29012242,-0.7271742,0.7921076,0.53874844,-0.1348024,-0.050576117,-0.2897047,0.13889174,-0.6321483,0.73075473,-0.3188734,-0.84372246,0.3935641,-0.033119496,0.26375887,-0.006845261,0.54298764,0.5455919,-0.6904145,0.6647709,0.3807303,0.19597737,-0.10224959,0.24319284,0.19455972,-0.59320354,-0.288585,-0.04879328,-0.2659163,0.57625526,-0.13059677,-0.21347287,0.040668394,-0.48258257,-0.33851773,-0.062207602,0.48398542,-0.22344813,-0.27598816,-0.27075765,-0.06107645,-0.03137395,0.38304988,0.27028242,0.027418664,0.09475534,-0.58713293,-0.65979886,0.26720768,-0.0691394,0.47325075,0.03991112,-0.42570853,0.1155833,-0.11606717,-0.060856033,-0.0348446,0.38317388,-0.3800245,0.34024474,0.2696163,0.23206821,0.4150613,-0.25288594,-0.19044308,0.13808581,0.012129717,-0.87774545,-0.2884722,-0.35224885,0.33915254,0.19405362,-0.20060024,0.18775047,0.35411248,-0.12953815,-0.009052671,-0.12120877,-0.013482006,-0.3056986,-0.06383279,0.09054514,-0.3320072,0.1290194,-0.16048959,0.42093524,-0.3932375,0.41708797,-0.23118432,-0.97847295,0.181327,0.18602395,-0.45101166,0.27575904,-0.80114424,-0.08251715
cancer_cell,-0.2958094,0.0105524305,-0.0053600427,-0.01346484,-0.52865684,0.47009254,0.3029584,-0.039678093,0.5606285,0.9807304,-1.0294157,-0.06186706,-0.1314223,0.76191413,-0.07253336,-0.3713956,0.34256345,-0.3621863,-0.10995783,0.3778531,-0.3458648,0.2057773,-0.59944516,0.4974957,0.33434713,-0.3660017,-0.3326447,0.2575666,-0.12772201,0.2777994,0.033316396,0.5567824,0.22109604,0.10965355,-0.22027338,-0.35550794,0.26907337,-0.47402078,0.21265621,0.26948556,-0.79059017,-0.109212846,1.2098557,0.029680317,0.24081562,0.52879226,0.1961072,-0.06333055,0.31525066,-0.23647858,0.35676116,-0.34834313,-0.20100972,0.17532341,0.42696142,-0.16814633,0.30972937,0.20792055,-0.91179514,0.8718824,0.31226388,-0.34945664,-0.7727339,0.1482241,-0.2697889,-0.015746126,-0.05842838,0.0944001,-0.14275567,-0.7512839,0.8356651,-0.16587278,-1.0602268,-0.36657873,0.2981222,0.043807965,0.65436345,0.15263033,-0.05570667,-0.27141896,0.44116506,-0.4097423,-0.8688577,-0.16681175,-0.0058918702,-0.08041467,-0.2381824,-0.38711023,0.19046395,0.40738052,-0.15655485,0.73184055,-0.05216657,-0.12256949,0.06707212,-0.05172459,-0.19357015,-0.06843678,-0.4162233,0.27421868
experimental_design,0.25178126,0.24292542,-0.38874578,0.4896908,0.79868877,-0.27074674,0.08085753,-0.55298746,0.62168974,0.40419903,-0.59208685,-0.843778,-0.020394979,-0.02657831,-0.24231254,-0.26381692,0.35101333,-1.0639133,-0.018703405,-0.4181084,-0.3042257,-0.25765753,-0.3133419,-0.025694497,-0.8530825,0.683431,-0.59452057,-0.63149875,-0.5927117,-0.19138311,-0.13355039,-0.4495508,0.14958155,-0.684043,0.13670488,-0.35909078,0.4718462,-0.8376664,-0.04151127,-0.3057471,-0.21757989,0.8745626,0.2808991,-0.8836841,0.43564123,0.39429396,0.48603508,-0.19053277,-0.09240227,-0.5023747,0.03448844,-0.5138073,0.20795563,-0.23787199,-0.64831156,0.103263736,-0.6748625,0.6234705,0.38738996,0.4653821,-0.63643533,-0.40954158,-0.37729934,0.07545532,0.18470235,0.593742,-0.10720891,0.7531144,-0.29714724,0.09564022,0.25910687,-0.12308635,0.32196102,-0.5311153,-0.028460428,0.0267281,-0.37546548,-1.0688998,0.7107482,0.27381518,0.33554402,-0.6426393,-0.65261436,1.134466,-0.7676179,-0.38618392,-0.2202704,-0.8692081,0.20210896,0.33723247,0.09198097,0.38691658,-0.093817644,-0.90071905,-0.23394333,0.71107,0.06817085,0.416902,-0.30940223,-0.46179888
environmental_management,-0.16745901,0.11513958,-0.38892725,-0.0903375,-0.024101056,-0.41246223,0.3747252,0.58448255,0.11918824,0.28071982,-0.4975044,0.119842574,-0.34723487,0.7655133,-0.42662978,-1.1046454,0.14720474,-0.3561165,0.37121886,-0.115922,0.34665942,-0.40999004,-0.4229123,0.5594559,0.524358,0.34340975,-0.38641453,0.098345414,-0.39349675,-0.44476432,-0.21347411,-0.0524554,-0.19063956,0.17043513,-0.15141802,-0.28091332,-0.12564528,-0.18530992,0.053214844,-0.034288954,0.4655965,0.078828216,-0.2976546,0.10175907,-0.31850275,-0.106671706,0.31198978,0.010623323,-0.17977495,0.22083585,-0.5793493,-0.7789136,0.2089781,-0.16697559,0.26788807,-0.16030511,-0.015042732,0.2771127,-0.29776514,0.17105903,-0.025153346,0.51377314,-0.56707734,-0.06166031,0.55579484,-0.2791971,0.34624243,-0.015510151,-0.30250296,0.6532332,0.12242891,-1.0929633,-0.04315043,-0.29242566,0.16240421,0.26350066,-0.39680576,-0.1455001,-0.021899154,-0.5661735,-0.068601176,0.17956264,-0.18016043,-0.28437394,0.08859838,0.16904761,0.019916683,0.07304798,-0.4443822,0.28679645,-0.33643398,-0.030819856,-0.7433643,-0.99990106,0.09343899,0.41761518,-0.3102867,-0.31892088,-0.7134811,0.21316798
particulate_matter,-0.20513947,-0.36167735,-1.3955325,0.42257226,0.6508182,-0.110569604,0.30917642,0.27894974,-0.5768422,0.079306364,-0.37771034,-0.05017032,0.06438617,0.85886705,0.6559212,-0.7875167,0.41442204,-0.335201,0.78470194,0.07310172,-0.20010632,0.6896875,0.52139795,1.2836796,-0.38763833,-0.028721286,0.20715418,-0.354007,-0.16837478,-0.41797164,-0.4447578,0.6698331,0.05807368,-0.049314518,-0.5166975,0.53810054,-0.34369507,-0.9267045,-0.09219047,0.4044663,-0.64716697,0.47003478,0.5422993,-0.35683745,-0.45730084,0.37572166,0.22179998,0.5161067,0.100711286,-0.31284827,-0.24218412,-1.2786657,0.19016872,0.18524079,0.5371205,0.13135879,-0.3211928,0.69149333,-0.3342796,0.531479,-0.07638321,-0.161988,-0.31667078,-0.37331071,0.37143943,-0.28831092,0.70521426,-0.24679883,-0.484801,-0.14580356,0.1768817,-0.7712514,-0.16050053,-0.4666696,0.06049401,-0.055646665,-0.4389003,-0.5202339,0.12489977,-0.0674404,0.2550441,0.19922386,-0.48779875,-0.17835282,0.09750902,0.61004305,-0.6930589,-0.34487247,-0.15489656,0.09535423,-0.47188312,0.4416676,-0.09908934,-0.3323182,0.30732718,0.30365488,-0.0006548165,-0.18181494,-0.6046874,0.13943803
citric_acid,0.094324306,0.5272931,-0.6842096,-0.23442924,0.038047645,0.56022483,0.1456989,0.104276076,0.5160114,0.3594568,0.38822114,-0.2464602,0.03417932,0.30086246,-0.4852267,-1.171618,0.37342802,-1.120176,0.3502502,-0.3334078,0.13306575,0.17126375,-0.42182583,-0.33971417,0.2778875,0.18066277,-0.73175544,-0.51694024,-0.43019494,-0.18288478,-0.36449602,-0.15189539,-0.26934952,-0.4479742,-0.084044695,-0.30265,1.0315411,-0.53308713,0.4191537,-0.47328925,-0.2840231,0.1932516,0.785306,-0.9265446,-0.5448145,0.8589844,-0.1266842,0.07106776,-0.08572073,-0.32342282,-0.0022973416,-0.12042319,0.588936,-0.27946556,0.2750543,0.056040905,-0.058231708,0.040438157,0.17362505,0.18535174,0.36446345,-0.042227328,-0.32721615,-0.18385285,0.32839382,0.71608776,-0.33724627,0.8379588,-0.09835163,-0.33586898,0.34075496,-0.054758996,-0.029620312,0.45999852,0.0916284,-0.029027808,-1.1205063,0.25908163,0.7108972,0.14464302,0.0119152665,-0.25243226,-0.46744514,0.24846433,-0.5514097,-0.51216316,0.25737154,-0.62690693,-0.48913056,0.7044176,-0.41118172,-0.024695063,-0.9081037,-0.3401927,-0.12158843,0.4877364,0.279285,-0.029347196,-0.16277996,-0.31347486
university_student,0.3410915,-0.7939284,-0.18819532,-0.2738104,-0.51096064,-0.44885153,0.042299766,0.12758023,-0.2388788,-0.12523615,-0.37498677,-0.2592357,0.003529026,1.1635816,-1.3989035,-0.9567372,0.8953426,-0.5998101,0.4953754,0.5055313,0.2452269,0.28423434,-0.18087827,0.73926085,0.68947905,-0.26860756,-0.21655983,0.40103966,0.26871237,-0.70757425,-0.53211606,-0.478602,0.36358008,0.013241337,0.47011572,-0.42783463,0.26809472,-0.61916584,-0.3719832,-0.13117883,-0.08930023,0.17326419,0.32088223,-0.5003667,-0.8226866,0.19896272,-0.41864493,0.6675199,0.5649463,-0.36023438,0.23721564,-1.3524374,0.04317551,-0.45823082,0.51172423,0.2171238,-0.5349882,-0.09987101,0.45053458,0.54331833,0.28478336,0.24397656,-0.7963598,0.25684857,0.65905684,0.76668495,-0.106764525,0.22599293,-0.477818,0.562039,0.6572417,-0.11084597,-0.371343,-0.7783382,-0.38687795,-0.65692544,0.2925113,0.30478147,0.02377899,0.32007837,0.79978186,-0.44930848,0.050386455,0.07610988,-0.2531606,-0.2787565,0.0097229555,-0.45162424,-0.27181876,0.2327611,-0.4979425,0.05669748,-0.509268,-0.9804086,-0.5568234,-0.24408703,0.185381,0.57216185,-0.472197,0.52834904
internet,0.39422,-0.7261622,-0.20403208,-0.25174856,-0.45486155,-0.40447405,-0.014080846,0.14097597,-0.22554855,-0.10738036,-0.35457227,-0.22459815,-0.0025203228,1.0876547,-1.2921817,-0.926189,0.8310643,-0.55671096,0.46115947,0.4842048,0.22701313,0.26016423,-0.19649425,0.62310565,0.64332676,-0.276345,-0.19021115,0.3232317,0.2622992,-0.6605512,-0.46960238,-0.4560419,0.34941635,0.010987967,0.42472088,-0.39382923,0.2713748,-0.57433105,-0.30125463,-0.079293236,-0.04417107,0.12903504,0.3733058,-0.49773908,-0.8082082,0.23086035,-0.4233431,0.6057259,0.5309719,-0.3325102,0.22384836,-1.2505802,0.03251645,-0.4378421,0.4582402,0.24595147,-0.51050836,-0.07986458,0.4465846,0.47709203,0.2639877,0.23195422,-0.7079106,0.23205055,0.58511215,0.7179779,-0.09130144,0.20945539,-0.43796334,0.52263796,0.59810305,-0.054502405,-0.36055344,-0.7122176,-0.37272227,-0.6389877,0.29568124,0.27598184,0.05664984,0.30441558,0.76106477,-0.42395785,0.038196474,0.060514405,-0.20958541,-0.27552065,0.04309304,-0.41113105,-0.20268394,0.22176595,-0.46702003,0.057448857,-0.47886547,-0.877598,-0.5052345,-0.23961434,0.1975095,0.50127673,-0.43463156,0.51169276
copper,-0.35578856,-0.71189547,-0.0667906,0.029587232,-0.4874428,0.19580597,0.12755655,0.6863304,0.5046858,-0.21914326,-0.965062,0.3173609,0.90287316,-0.43495506,-0.49757454,0.015696669,0.11772384,0.24642006,-0.2938498,0.08371643,0.3262475,-0.388197,0.018702999,0.2746664,-0.29986298,0.4457542,-0.3765857,0.19617946,0.36782637,0.28102526,-0.028538715,-0.3060893,0.059966456,-0.36800072,-0.27028805,0.07233615,-0.33947542,-0.13484578,-0.360249,0.35984442,0.61679226,0.7280994,0.22691561,-1.0101886,0.21815151,0.09535774,-0.3106244,-0.21325354,0.6620702,-0.7730524,-0.43216187,-0.2283722,-0.9066587,-0.4890346,0.90329164,0.15327783,0.043788794,0.1738737,-0.73163813,0.52193594,0.21812549,-0.042925566,0.16785122,0.264659,0.62951237,-0.06976846,1.0351417,-0.2093175,-0.35955095,0.014205051,-0.3956627,0.6665862,-0.3842513,0.7378479,-0.10437286,-0.012660314,0.23298702,-0.09094707,0.75787896,-0.15287173,0.19734584,-0.041311853,-0.1547366,0.95484626,0.57851684,0.23911686,-0.059376705,-0.39899898,0.511273,0.6755819,-0.74249905,0.55137,-0.33549476,-0.66704077,0.53820014,0.4859004,-0.35584792,-0.43423322,-0.760293,0.97668576
retention_time,-0.45280355,-0.5775498,-0.75747985,-0.4952685,-0.27050292,0.7385378,0.21263291,-0.30758524,0.25074852,-0.76746345,-0.090625,-0.16200432,-0.723014,0.048393622,-0.14566348,-0.41270983,-0.53662634,-0.14969605,-1.2660861,0.18792756,0.25005722,0.0016246429,-0.14554994,0.20402817,0.37435463,0.86486965,-0.07371298,0.04196827,0.04032217,0.52303606,0.50527775,0.30334964,0.41036463,0.1831819,-0.3686373,0.7452677,0.27512157,-0.008290214,0.45606193,0.096466586,0.48847216,-0.040526815,0.6572888,-0.127684,0.6861188,-0.026250282,0.5550434,0.059447113,0.73042023,-0.34454113,-0.48225406,-0.3392981,0.18980749,0.5830056,0.47208172,0.8193006,-1.1535877,0.69969565,-1.9268675,0.17829481,-0.34882343,0.6075081,-0.9693152,0.07530382,-0.08684864,0.16697934,0.6456453,0.4900418,-0.4249019,-0.3338543,0.7522154,-0.009512084,-0.6365338,-0.45682916,0.12779589,0.75431925,-0.20703882,-0.4342744,0.06778385,-0.93043387,0.42210066,-0.4035363,-0.33037966,-0.14298297,-0.42278576,0.07947213,0.41166744,0.07362299,0.0801709,0.6133859,-0.7444649,0.2926316,-0.8112011,-0.40220293,1.032526,-0.15697756,0.08954806,0.38318613,-0.76286924,0.2897629
medicinal_plant,-0.6068289,-0.76483697,-0.49952182,0.333922,-0.57947356,0.2865112,0.2955658,-0.22889376,0.3983518,0.18791837,-0.60967803,0.118511856,-0.40263936,0.66721207,0.11652441,-0.5896356,0.08203516,-0.5056996,-0.07648125,0.058596548,-0.26117057,-0.13907893,-0.056530636,0.79412985,0.24997611,0.40085799,-0.2531092,-0.26499158,-0.069881566,0.15445283,-0.09392961,0.37491465,0.77549183,0.42643943,-0.41940534,-0.4976384,0.051425714,-0.54140544,0.7757717,0.43220347,0.02755006,-0.4044074,0.93275815,-0.14281155,0.255204,0.6235816,0.009999308,-0.21828164,0.7881661,-0.2581582,0.049538676,-0.5833144,0.07428804,0.8775874,-0.00019310099,0.26133296,-0.24450858,0.6229361,-1.5988464,0.8046647,-0.26461786,-0.26381004,-0.8357246,0.11711089,0.050840292,0.14953732,0.028874699,0.091757506,0.123893276,-0.09901432,0.90406305,-0.081907585,-1.0317007,-0.41559008,-0.42066085,0.30480862,0.7500742,-0.27194628,0.8001001,-0.7704664,0.815561,0.16550867,-0.2222967,-0.0635567,-0.65162486,0.39044827,-0.16507204,-0.60112005,-0.32233742,0.25270307,0.1489061,0.37077114,-0.32395878,-0.089872226,0.21660766,-0.33451542,0.4429619,0.6734271,-0.103788465,0.51440847
theoretical_study,0.25535324,-0.15411995,-0.19515349,-0.114896275,-0.47359595,0.11935017,0.36950707,-0.06640385,0.18188934,0.42979974,-0.034434453,0.3700244,-0.3787132,0.40893,-0.3861593,-0.9043292,0.17858051,-0.8507963,0.08568791,-0.01649509,-0.06947774,0.17172891,-0.59809345,-0.21274099,0.944153,-0.049309198,-0.46737584,-0.4875443,0.112072095,-0.6000138,-0.12909448,0.29210612,-0.123180725,-0.073487245,0.11577196,-0.7578152,0.6444973,-0.2640772,0.039755847,-0.08121686,0.1872046,-0.22705694,0.30460975,-0.6863432,-0.5692277,0.30813935,-0.9560373,0.5288575,0.4085599,-0.26835,0.13931057,-0.48537883,0.40465036,-0.31935596,0.6436228,-0.24649423,0.31830704,0.027896682,0.036237944,-0.0109986095,0.36215234,0.2972071,-0.16133513,0.17376053,0.720021,0.7421564,-0.3005545,0.70092356,-0.36719084,-0.14931004,0.26976964,0.29786563,-0.18787651,0.13433702,0.2257935,-0.420541,-0.063584976,0.8457751,0.17925207,-0.5691472,0.43293786,-0.37323517,-0.0010682954,-0.20907176,-0.25125974,-0.1034537,0.10818506,-0.24780056,-0.08165805,0.33948484,-0.3923596,0.6241727,-0.59560126,-0.09060502,-0.27186134,-0.34527752,0.08679004,0.13474105,0.16366741,0.31533545
hippocampus,-0.25161853,-0.654352,0.06930406,-0.047504764,0.08314743,0.15920573,0.24158016,-0.4946823,-0.37636355,-1.0197914,-0.6336591,-0.020664169,-0.029489703,0.66296154,-0.3913723,0.1949041,0.3991851,-0.17890689,-0.32233945,-0.43014967,0.11823564,0.54550004,0.020699859,0.21215032,-0.06606136,0.2298154,-0.5516392,0.575552,0.3519379,-0.1566156,0.5487933,-0.2549926,0.39941677,0.03560148,0.27716884,0.54785997,0.42737114,-0.3396829,-0.0050996034,0.70371825,0.50228804,-0.114962146,0.4518458,-0.4223421,0.60930705,-0.060068317,0.55950093,0.24245381,0.53669,-0.42810538,-0.18767902,-1.727772,-0.18113767,0.121443935,0.2821672,-0.17256944,-0.84447515,-0.23803304,-0.3172576,0.92108786,-0.9209853,-0.29269874,-0.17256904,0.6171191,0.47384244,0.4461642,0.9381392,-0.5801409,-1.0486368,-0.03832182,0.35128057,0.2016482,0.36723778,-0.73482877,-0.07299959,-0.5081972,0.31394884,-0.060083076,-0.3893713,-0.21776901,-0.11732144,0.09547819,0.46089566,0.21781209,-0.20106202,0.42833,-0.59207803,-0.39676926,0.32830077,-0.071762085,-0.64357406,0.72184926,0.29127088,-0.6013937,-0.034585606,-0.09751634,-0.6051266,0.043484524,-0.03841231,0.4284634
animal_behavior,-0.66260874,-0.16535728,-0.30193833,-0.014499447,0.016794289,0.51033294,-0.8410693,0.028936768,0.30567765,-0.080103554,-0.8053599,-0.2642344,-0.27222437,0.58403426,-0.60553557,-0.41866148,0.47548562,-0.58735377,-0.36617583,-0.5221077,-0.14727524,0.2664283,-0.32226053,0.36411428,-0.13533394,-0.20480353,-0.55667263,0.3633,0.12887397,0.031221135,-0.020520786,0.25122294,0.19863854,0.31401864,0.02661875,0.12576212,0.75082326,-0.11077564,-0.4664649,0.6260738,0.1144748,0.41432056,0.2718566,0.03022373,0.47893962,-0.027716953,0.104790434,0.12699302,0.1801786,-0.46559843,-0.3051872,-1.3112184,-0.38523725,0.15890312,-0.32310113,-0.51146764,-0.6065066,0.47252393,-0.21888712,0.8479224,-0.332321,0.07573541,-0.4043735,0.43222517,0.25489467,0.09972087,0.05112555,-0.08963553,-0.9091369,0.19982432,0.36562338,-0.3779228,-0.7863778,-0.7144112,0.0866592,-0.010464371,0.3194687,-0.2247051,0.21973944,-0.54419917,0.1804406,0.40177026,-0.26974568,0.64377254,-0.06572742,0.042473167,-0.6998972,-0.06627423,0.8528187,-0.3550094,-0.463076,0.26905197,0.028828345,-0.41898185,-0.22364475,0.22040796,-0.5830631,-0.3332819,-0.28200537,0.25264567
minimum_inhibitory_concentration,0.645134,-0.4840903,0.14838487,0.0006323018,-0.4551906,0.017333457,0.35963675,-0.0026391388,-0.10881668,0.116844766,-0.42516938,-0.26595303,-0.18759745,-0.29887044,-0.68304247,-0.13348004,0.36903414,0.36759847,-0.17755947,0.62047267,-0.001493232,0.07992049,-0.17185007,1.5990492,0.27972326,0.07166325,-0.3909193,0.3443397,-0.48026592,-0.41855377,0.308827,-0.3177338,0.30328006,0.08295183,-0.7137009,-0.39253175,0.36739668,-0.6538835,0.4416632,0.8720076,0.13961206,-0.12724595,0.75285834,-0.25142154,-0.24625926,-0.063874684,0.09161276,-1.0797613,0.48492998,-0.23383558,0.6313615,-0.3527713,0.16771552,-0.2566079,-0.491878,0.3267983,-0.44772303,0.23121938,-0.072837465,0.41120356,-0.0727632,-0.11951216,-0.5668191,0.32720953,0.47041267,-0.20017819,0.12805197,0.4448815,0.02589207,0.41740215,0.16942027,0.029809123,-0.99093884,0.0508094,0.5368943,0.027279481,0.43867084,-0.18893261,-0.17827176,0.09401315,0.5269018,-0.5328195,0.21749358,0.4279383,-0.23510855,-0.47231567,0.912475,-0.97897613,-0.94562745,0.056754284,-0.33386722,0.23346607,-0.8438665,0.13539661,0.3353007,-0.087807044,-0.54239666,0.19039856,-1.1775149,0.42676613
bacterial_strain,0.78324956,-0.14276113,-0.041295674,0.28730425,-0.39909333,-0.38481605,0.5544058,0.20636007,0.034387812,0.12894376,-0.7989016,-0.2176535,-0.6009655,-0.4794728,-0.5285241,-0.118090026,0.7515415,-0.07165706,-0.45528495,0.031069502,-0.080040924,-0.42978546,-0.0435544,1.0026574,-0.32383847,0.42861024,0.15928365,-0.06843143,-0.640391,-0.13362667,0.3771949,-0.762968,-0.33794996,0.010523257,-0.7918225,-1.0180943,-0.06869066,-0.7449753,0.4518256,0.41731125,0.050574973,0.23650709,0.28568935,-0.6369264,0.15676674,0.4175317,0.13924295,-0.81543297,0.39362207,-0.2257852,0.42428198,-0.35475156,0.30932224,-0.42162904,-0.38832203,0.10010085,0.23257388,0.69599277,-0.1485278,0.79637057,-0.41104245,-0.273665,-0.03843568,-0.3667772,0.26669684,-0.2788612,-0.1531043,0.41477257,-0.2187398,0.24149166,-0.2634285,0.11320402,-0.7171969,-0.19062714,-0.015724521,0.41714516,0.20745105,-0.3364149,0.5225473,0.051691335,0.82361674,-0.5550444,-0.19401191,0.57834625,-0.5904539,-0.6828213,0.034777932,-0.9656074,-0.5522756,0.58699375,-0.09220812,0.08731946,-0.98026365,-0.37910563,0.2595041,0.44802397,-0.5040902,0.4109421,-0.81486857,-0.31117475
bacterial_growth,0.6126113,-0.3886923,-0.18785931,0.69076294,-0.2651744,-0.5196122,0.123787716,0.036600847,0.12833114,0.7349592,-0.6781831,-0.0067405775,-0.38303292,-0.6577177,-0.45395622,-0.30302423,0.56327075,0.14823677,-0.3882584,-0.07626503,0.08747795,-0.51006156,-0.3262643,0.9268158,-0.21372041,0.19129832,0.0652135,-0.20826288,-1.0026715,-0.26251677,0.64271975,-0.3415859,0.18064478,0.12849844,-0.83578604,-0.7911302,0.1672235,-0.625296,0.53282344,0.24612303,0.087975696,0.3440895,0.34284544,-0.73640716,-0.023431335,0.30295464,0.015492375,-0.87411857,0.3740355,-0.48038596,0.38172033,-0.0844484,0.4703473,-0.5657108,-0.2609379,0.20897244,-0.11699617,0.7254458,-0.5691331,0.5172368,-0.40823767,-0.12467629,-0.1538706,-0.14854957,0.68954855,0.04716515,0.20345701,0.5827301,-0.12122148,-0.028422268,0.03205822,0.22430499,-0.7184815,-0.2633998,0.04187846,0.49394676,0.2696825,-0.43624818,0.38732186,-0.27022657,0.532517,-0.5172189,-0.15100501,0.57677037,-0.64688474,-0.5212643,0.44812164,-0.6973843,-0.77813244,0.4731732,-0.30228618,-0.1520595,-0.97818714,-0.3171895,0.34431827,0.4219077,-0.2343139,0.3660047,-0.8424259,-0.103208
static_electricity,0.5986372,-0.5486527,-0.47586048,0.037254058,0.17291385,0.11475818,-0.09222391,-0.21058784,0.3947162,-0.40817785,-0.32118765,-0.104967125,-0.5799561,-0.09840931,0.16323751,-0.26707664,0.013256176,0.030836191,-0.32902372,0.2979411,0.42091906,0.9838757,-0.4541624,0.9289193,0.22114074,-0.19301893,-0.6885263,-0.16315219,0.2803967,-0.69240326,-0.08671041,-0.3293183,0.13976815,-0.03945943,-0.19871947,0.0013961997,0.72470343,-0.57254815,-0.7598177,0.8481473,0.5095981,0.17958742,0.81058574,-0.25063777,0.24548818,-0.05271768,-0.671558,0.6655267,0.1602617,-0.72482836,0.023482969,-0.13542475,0.8660572,-0.4034522,0.3640085,-0.31101695,-0.09889016,0.8595711,0.3998336,0.15134501,0.6488562,-0.16416854,0.51596856,0.41743833,0.48143235,0.6890377,-0.13302237,0.39897174,0.027397238,-0.20622987,0.30720598,0.5731639,-1.1879623,0.36555165,0.3633935,0.34021676,-0.038142752,0.230337,0.73206586,0.17035389,-0.06909655,0.13075064,-0.27761978,0.34547684,-0.392808,-0.6397315,-0.004089809,-1.0815804,-0.8343395,0.17450291,-1.263732,0.5576043,-0.20791145,-0.27973893,0.41380683,-0.1252429,-0.61530507,-0.38627055,-0.8789488,0.04427818
"rna,_messenger",-0.15650496,0.10465725,-0.10101841,-0.24441576,0.23016447,0.59940106,-0.007086592,-0.07179941,0.7448952,-0.5535551,-0.4553113,-0.40236086,-0.50251836,0.57965136,0.624456,0.061863597,0.3825211,-0.2913769,-0.8989138,-0.12652104,-0.061292283,0.8513164,-0.4492712,0.8336903,-0.22210546,0.2659357,-0.65275306,0.8206513,0.11789314,-0.38131693,-0.22885472,-0.3463114,0.4639185,-0.45013496,-0.25534046,0.43113765,0.7248504,-1.0690284,-0.2177012,0.57633096,0.021164121,0.61421347,0.50788784,0.44317,0.40840083,0.10083959,0.5669315,0.39651477,0.599482,-0.50771296,0.07667172,-0.724046,0.26299503,0.19918285,0.4162943,-0.0311221,-0.76804847,1.0974422,-0.39832753,0.60361886,-0.315369,-0.5927739,0.15123585,-0.31830654,-0.36657974,-0.1092331,-0.26897138,0.3942588,-0.7367194,-0.15391384,0.7969313,0.09452674,-0.08929536,-0.2995701,0.10644326,-0.29677227,0.1885732,-0.37129542,-0.18296535,0.09831542,-0.17034397,-0.04271714,-0.49631548,-0.034239005,-0.5494336,-0.15563455,-0.2399122,-0.462821,-0.21329944,-0.24374492,-0.7261775,0.71660155,0.02554388,-0.39746207,0.41078448,-0.087747365,-0.59928334,0.6155482,-0.119465575,-0.030491976
latin_america,0.644665,-0.3869548,0.06799604,0.18375911,0.16931257,-0.17275268,0.43405566,-0.22694866,0.37205285,0.26166594,-0.34586397,0.21544135,-0.1685301,0.35396245,-1.428686,-0.8152314,0.79381734,-0.26251242,0.0075994073,0.12764786,0.4824643,-0.25867906,-0.70360017,0.45300156,0.73293996,0.015057206,0.48404813,-0.32674703,0.13169514,-0.5458846,-0.11495217,-0.48624247,0.08319454,0.31816936,0.4127937,-0.6824718,0.31841624,0.0139773125,-0.11916392,-0.25205332,0.40716332,-0.088509336,0.380457,-0.31430542,-1.1805211,-0.13106032,-0.2786285,0.41079104,1.2308837,-0.24214774,0.047769446,-0.6241142,-0.0066217575,-0.5793169,0.22994383,-0.31558588,-0.15986674,0.10797079,-0.19159289,0.23709442,0.3322702,0.50720763,-1.1253068,-0.105849266,0.31747615,0.48318344,0.18522428,-0.0069003156,-1.1356537,0.22100204,0.16546683,0.30344427,-0.0932764,-0.58202183,-0.22996886,-1.0417973,0.97857416,0.49484754,-0.09927775,-0.26133224,0.8027243,-0.6779174,-0.14221255,-0.40172157,-0.55712247,-0.7109435,-0.055766605,-0.0329758,-0.071540184,0.40805495,-0.28558365,0.17385042,-0.81904143,-0.24352625,-0.8808152,0.06102453,0.49561265,-0.47438824,-0.12085681,0.45971152
environmental_factor,-0.07932305,-0.28833815,0.342873,-0.40594646,-0.27777493,0.06536029,0.63139844,-0.07044826,0.35979915,0.022329226,-1.1192662,-0.4216597,0.024040803,0.35971078,-1.427743,0.056752235,0.80047446,-0.3855247,-0.118614316,-0.41155317,0.27269056,0.13854723,-0.74627787,1.0873051,0.59782237,0.52100074,-0.022733321,-0.059469774,-0.3702766,-0.494527,-0.14805406,-0.14941467,0.22380592,-0.10904711,0.045937322,-0.82218105,0.13202381,-0.67837083,-0.11869692,-0.1198786,0.39681602,-0.1758746,-0.1640491,0.23503895,-0.11880551,0.046024032,0.2541863,-0.05636354,1.2256614,0.050528023,0.22460501,-0.5957279,-0.10896327,-0.4031047,-0.44804814,0.43128476,-0.54009795,-0.3569435,-0.018597778,0.98184323,-0.41366535,0.055261236,-0.47811112,0.09309949,0.47920334,-0.20689845,-0.41670632,-0.34655327,-1.2371981,0.5861156,-0.31200582,-0.106481865,0.30422598,-0.45257756,0.36996925,-0.5686011,0.6723927,-0.4684662,0.20143057,0.107293695,0.53244597,-0.7462032,0.20755222,-0.19745626,-0.14255321,-0.31917313,-0.18596964,-0.58041537,-0.11386865,0.04671255,-0.007200575,1.1657593,-0.1214868,-0.6157841,-0.69202054,0.21326289,0.093671806,-0.43156144,-0.18802255,-0.029223282
photon_correlation_spectroscopy,0.3948503,-0.7232097,-0.1820038,0.0074524404,-0.3105875,0.2060236,0.42800176,0.117533326,0.5243197,-0.19557732,-0.62890714,0.09491754,-0.7109083,-0.40269178,0.05621878,0.18094474,0.28172985,0.6148779,-0.7001163,0.29712784,0.0066771293,0.21589614,0.32044378,1.2195698,-0.46358877,-0.17360497,-0.22248796,0.053236928,-0.117207736,-0.6738039,-0.029839413,-0.29470864,0.2259879,0.380804,-0.7188585,-0.007938716,-0.1436871,-0.68510115,-0.37407783,0.8977629,0.35644728,0.7101004,0.199006,-0.3929029,0.30829364,-0.071159855,-0.29378,-0.25429294,0.3734109,-0.78916585,-0.016539363,-0.35072035,0.076046295,-0.4277796,0.2650436,0.37766808,-0.19893599,0.721871,-0.17933187,0.40310258,0.113237314,-0.3338403,0.43884298,0.3368684,0.5695732,-0.15192993,0.44543013,-0.2504173,0.022034336,0.0587274,-0.3742886,0.27576727,-1.2552545,0.4435103,0.46016705,0.75728416,-0.19312009,-0.04608787,0.6805033,0.18816155,0.22633757,-0.30898398,-0.16541764,0.27403295,-0.13457781,0.13307369,0.07731484,-0.99081296,-0.6794938,0.3219224,-0.7536793,0.27164388,-0.42383885,-0.07778834,0.5215845,0.09022774,-0.81806564,0.24135661,-1.444653,0.124206044
quality_control,1.4861003,-0.3504599,0.30697745,0.30250087,0.23246202,0.10740798,0.8769385,-0.23197006,0.017534347,-0.6272147,-1.2540866,-0.11982029,0.5900363,-0.22149374,-0.89541245,-0.6697941,0.63576305,-0.30461583,-0.02288869,0.08685995,0.7308179,0.7270622,-0.38738778,1.0170853,-0.3515691,0.2706869,-0.14074951,-0.24422538,0.18843237,0.16392921,0.5582748,-0.773959,-0.37042677,-0.009156799,-0.63720036,0.6012847,0.43006048,0.05563276,-0.19128492,0.10696567,-0.5237297,0.4793178,0.43378982,-0.3577063,-0.3324817,0.8197274,-0.22593917,0.32244122,0.5280063,-0.09045454,-0.07047719,0.33130953,-0.7105649,-0.200587,0.7402316,0.4617414,0.2958137,-0.4987697,-0.23636915,0.41365445,0.6625124,-0.87175393,-0.009769,-0.38892752,0.34773108,-0.1422566,0.06314675,-1.0324624,-0.41217366,-0.08376918,-0.011317109,-0.028334795,0.3996073,0.32076764,0.28982693,-0.8806836,0.46279705,0.16277017,0.75731725,-0.4300968,0.35904986,0.10543295,-0.7427145,0.63891333,-0.4583626,0.2620723,0.352852,-0.5520729,0.5077901,0.6494229,-1.0909168,0.23247351,0.35752472,-1.0462863,0.39053658,-0.1243213,0.47733107,0.19197226,-1.2515073,0.15707728
protein_blood_level,0.029654052,-0.626595,0.25305095,-0.36561912,0.013687987,0.17708533,0.36169392,-0.8694646,0.56176287,-0.93234503,-0.2718192,-0.100962274,-0.03500335,0.7978936,0.41588998,-0.5458709,0.30643484,-0.55937696,-0.038296342,-0.04979496,0.18961036,1.1477578,-0.75820965,0.20137203,0.3984752,0.12377677,-0.4702489,0.014545045,0.7908066,0.28543645,0.06810526,-0.099006645,0.7534893,-0.9424176,0.22980987,-0.50809336,0.46115255,-0.86815476,-0.30498332,0.22639892,-0.3127902,0.29383686,0.23572876,-0.4147012,0.5061569,-0.16705531,0.055189602,0.38418132,0.40559232,-0.4003239,-0.41911796,-1.0499612,0.7192135,0.24048156,0.41667384,-0.70196986,-0.33245298,1.057681,0.09083255,0.47996607,0.2437835,-0.62508667,-0.18874604,0.3184053,-0.08422215,0.36669466,-0.22219014,0.6470063,-0.2901951,0.5953318,0.78554195,0.7134459,0.19003913,-0.34844965,-0.26832655,-0.6126187,1.0666045,0.15179032,-0.1042158,0.5285033,0.11316669,-0.29899988,-0.16002427,-0.22595976,-0.61190593,0.057017334,-0.025634337,-0.3798152,-0.9436757,-0.15064359,-1.3993691,0.9821954,0.2555418,-0.13499759,0.043829963,-0.20700246,-0.46230283,0.55162454,0.06662352,0.09130199
human_activity,-0.25004473,-0.3038087,-0.23040219,-0.047510058,-0.108241394,-0.14850818,0.5093018,0.16163325,0.34385908,0.10269829,-0.3321512,0.15858684,-0.27451402,0.31969455,0.1347305,-0.99270475,0.18458048,-0.25304788,0.2951319,-0.117538705,-0.026577156,0.372299,-0.30808058,0.08632269,0.67503136,-0.18561894,-0.32083094,-0.47178116,-0.19102548,-0.47891724,-0.072840855,-0.110163756,-0.36549127,0.10615744,0.04763702,-0.24315973,-0.09059448,-0.20533492,0.021582095,-0.39253795,-0.22030401,0.08237927,-0.19411813,0.007369918,-0.18254831,0.42867234,0.11136437,0.2923623,0.0711624,-0.1731906,-0.5852117,-0.42632085,-0.09192233,-0.45752573,0.6041983,0.00766979,0.1696807,-0.10336068,-0.03519821,0.42186955,0.9909736,0.24030843,-0.29549205,0.034015734,0.55316633,-0.014263214,0.675322,0.23323613,-0.41531685,0.1232199,0.09322178,-0.5109272,-0.3990458,0.13658766,0.13400933,0.35124928,-0.58655053,0.34434295,0.34331453,-0.010971768,-0.08714485,-0.23227969,-0.15050592,-0.858669,-0.15141264,0.24086863,-0.058362205,-0.6069078,-1.1292202,0.49092954,-0.39106765,0.1839236,-0.28816968,-0.6016892,-0.23407595,0.19408841,0.047038432,-0.25552282,-0.60109216,-0.33843482
chemical_stability,0.18097252,-0.36009997,0.1359399,0.34444952,-0.8621319,-0.1008617,0.70485026,0.40454596,0.116385974,-0.24106283,-0.58692807,0.14450511,0.47258252,-0.22659726,-0.8952911,-0.9422083,0.867668,0.056977466,0.3407653,0.19118448,0.31839135,0.26191783,-0.30056456,0.6331634,0.15022288,0.1442899,-0.5549688,0.37129033,0.67703944,-0.024684861,-0.037839435,-0.3997607,-0.24068305,-0.6503235,-0.32670915,-0.17622983,0.38334972,-0.20794444,-0.077367365,0.9200716,-0.35532862,-0.07234725,0.3846376,-0.71995914,0.0024853472,0.17257208,-0.22091149,-0.40767524,0.19749868,0.04338948,-0.5905277,0.1475084,-0.6117169,0.18358128,0.6407882,0.8682019,0.37709063,-0.45811644,-0.36096963,0.92444944,-0.016681625,-0.063843526,-0.42733735,0.3918013,0.7316694,0.20412388,1.144918,-0.17816664,-0.5934504,-0.21712865,0.20784141,0.4486843,-0.15170115,0.6433283,-0.059567675,-0.8597628,-0.02692082,0.16031832,0.23645279,0.07037294,0.25471058,0.22125666,0.09251508,0.7107583,-0.22481625,-0.007618239,0.87732303,-0.23630314,-0.21695869,0.7168389,-0.6378375,0.4426719,-0.84614825,-0.49246922,0.2634527,0.2913297,0.030102296,-0.35829803,-1.0221659,0.5011795
titanium,0.3551841,-0.26653823,-1.0102882,0.23222634,-0.09469467,0.62679285,0.07409963,0.32810426,-0.07415951,0.025602628,0.31231654,-0.5653084,-0.1892527,0.063774124,0.24031411,-0.93006605,0.108515,-1.1403257,-0.33578908,-0.7700089,0.32011694,0.16835415,0.1035391,0.22581805,-0.21338823,0.564652,-1.0680141,-0.3486043,-0.4175459,-0.39521286,0.15150295,-0.36678082,-0.041266512,-0.3762235,-0.1145969,0.16346376,0.6805528,0.008513961,-0.16143963,-0.07575167,-0.00017082269,0.3536454,0.63050634,-0.66852295,-0.07633888,0.34914643,-0.30997854,0.14149468,0.23359247,-0.49459395,-0.4698307,-0.14214121,0.3508518,-0.35481915,0.42483965,0.21372665,-0.58544093,0.10336174,-0.039202653,0.49517554,-0.24186815,-0.40731996,0.07364062,0.11432858,0.75421506,0.81356287,0.24399,0.13896477,-0.4858317,-0.4992273,0.074411504,-0.09740337,0.02599216,0.058372926,0.5092588,0.29010305,-1.3775285,-0.34433216,0.75512844,0.68924797,-0.3557338,-0.032286447,-0.84583735,0.10196019,-0.46479473,-0.9610407,0.48438156,-0.21303709,-0.04233842,0.67003715,-0.8558271,-0.21583474,-0.65747464,-1.0102295,0.15057667,0.6459794,0.07102088,0.12926526,-0.59463423,-0.06402813
packed_bed,0.19014537,-0.48390898,0.20328967,-0.14374143,-0.57216537,0.3918504,0.67883754,0.41821456,0.22438234,0.10195267,-0.15865836,-0.12445787,-0.5173747,0.7081228,-0.36001375,-0.8789518,0.18943892,-0.16200863,-0.21510787,0.11221217,0.4199568,0.29467157,-0.2669927,0.48077258,0.035436906,0.475547,-0.12620038,-0.021368772,0.40390947,-0.6105795,-0.5471195,-0.43745512,0.07804627,0.3752583,-0.51496416,-0.35198128,0.37709406,-0.49877268,0.253414,0.2351011,0.5434711,0.17039631,0.30718476,-1.2597642,-0.7758157,-0.103791356,-0.13321978,-0.051473774,0.28909934,-0.020780584,-0.3054769,0.09387489,0.40858972,-0.36763734,0.43410894,-0.06879154,-0.43514958,0.66199774,-0.04172537,-0.69762135,-0.080263354,0.49800432,-0.258244,0.1713974,0.44132566,1.071242,0.25864872,-0.31972766,-0.40419003,-0.05557549,-0.44899562,-0.24452607,-0.26671952,-0.10849685,0.24908134,0.120224945,-0.4483993,0.33749047,0.8351154,0.009370621,0.23835663,-0.5166035,-0.5292185,-0.64327073,0.11511372,-0.010476346,-0.01564543,0.5832534,0.66308165,0.43082708,-0.59436274,0.45642772,-1.1686687,-1.0727646,-0.015991725,0.09860083,-0.50096107,0.33296296,-1.1297607,0.21770705
dehydrogenation,0.4073925,-0.43217775,0.20962434,-0.2599407,-0.70089346,0.76180017,0.52838,0.07793636,0.2804784,0.11543864,-0.51403356,0.17867441,-0.29517433,0.622564,-0.4002235,-0.9751802,0.47866347,-0.28116524,-0.2533295,-0.116372585,0.35977718,0.12000867,-0.104502566,0.63783085,-0.001627458,0.44794664,-0.61269474,-0.26332453,0.13310556,-0.7607741,-0.45577252,-0.86678433,0.42665845,0.038340498,-0.39644602,-0.24512555,0.4576867,-0.45954174,0.27008986,0.42187902,0.12382522,0.19616395,0.7327564,-0.9021939,-0.8506577,-0.13069524,-0.48990276,-0.1812669,0.341997,-0.18896735,-0.4427483,0.30040187,0.19736446,-0.13743019,0.16557187,0.25261417,-0.13761546,0.3471249,0.103219695,-0.24837826,-0.30727634,0.42802504,-0.31029412,0.05441288,0.6889122,0.6713857,0.35104468,-0.47798508,-0.5757158,0.12176672,-0.7330403,-0.26514733,-0.3579283,-0.15980832,0.004582416,-0.16278517,-0.4641319,0.16813064,0.9013322,0.35073593,0.20563939,-0.54808336,-0.42264137,-0.3718359,0.14649229,-0.02593782,0.22375143,0.33945072,0.5097883,0.37564877,-0.57143307,0.31605005,-1.1817323,-0.8228639,-0.27411732,-0.15363146,-0.2099675,0.37557718,-0.8590472,0.14767522
transcriptomics,0.9436348,0.13787487,0.7273686,0.14224647,0.5916859,0.23985808,0.6369337,-0.72874236,-0.03885403,0.092778586,-1.3624481,0.7689526,0.0369884,0.3825764,0.11945388,-0.7416668,0.7210801,-1.1680764,0.1370474,-0.10121385,0.3360727,-0.18926884,-0.4732489,0.71923035,-0.51351094,-0.7015871,-0.20356809,-0.08009826,-0.2570259,0.60270053,0.9145017,-0.88838965,0.2002084,-0.054501407,-0.7141869,-0.4627754,-0.08508621,0.37642547,0.4996765,0.22531033,-0.1733677,0.30780092,1.3588798,-0.6528848,0.519258,0.63303924,-0.16499092,0.39348468,-0.3847007,0.27946767,0.29751566,-0.5586645,0.24986963,-0.40972877,0.47608972,-1.1288799,0.3200015,0.73429126,-0.6159372,0.3954836,-0.06711149,-0.13671866,-0.8813624,-0.14512704,0.30492452,-0.49861738,-0.39679366,-0.7483093,-0.1059603,0.62528235,0.46719924,0.5994084,-0.16304861,-0.3726943,-0.31068525,-0.20708057,0.383373,-0.12079987,0.30205247,-0.6338723,0.19124131,-0.2594321,-0.6849217,0.12849985,-0.60437554,0.08990679,-0.0005830368,0.22664845,0.78336835,0.84454405,-1.2172304,0.35007548,-0.4082436,-0.3649743,0.31093934,-0.059687443,0.16920605,-0.34428442,-1.1714431,0.42450723
transcriptome,0.8778805,-0.21958527,0.09516291,-0.11011218,0.4346424,0.5419287,0.82761425,-0.8081902,0.20852207,0.16133001,-1.3084292,0.47258374,0.8267811,0.58895344,-0.1871081,-0.6354038,0.56691283,-0.93296844,0.0676087,0.03488365,0.44609937,0.28045976,-0.5841033,0.75389314,-0.047566444,-0.14375007,-0.22101076,-0.57742035,-0.27859393,0.42396823,0.7170885,-0.5643705,0.2151308,0.39706695,-0.579255,-0.115630716,-0.22168227,0.044496443,0.50604975,0.4460036,-0.7755549,0.1689414,1.1781557,-0.67419666,0.40905315,0.6579258,-0.1362039,0.47763562,-0.0030943279,-0.06410742,0.3494753,-0.6442857,0.10655448,0.06440597,0.3575943,-0.857301,0.16873337,0.2756933,-0.26046875,0.35674605,-0.13055778,-0.37252626,-0.59225506,-0.32104772,0.39173287,-0.36988306,-0.25386623,-0.35473296,0.25415498,0.21392535,0.014037527,0.2477541,-0.14961112,-0.63089097,-0.03439529,0.09393084,0.503967,0.28230256,0.27240065,-0.4346519,0.5858657,-0.40155327,-0.6282297,-0.29695138,0.055288915,0.29831615,-0.25133628,0.10252342,0.87073547,0.8982353,-1.1529846,0.57422566,-0.4528129,-0.73355216,0.31702334,0.18548918,-0.025154054,0.028418558,-1.0794563,0.2637148
kegg,-0.006094736,-0.2250537,0.1685698,-0.101961605,0.12194144,0.45928976,0.90924054,-0.6885234,0.17326267,0.2138966,-0.6566941,0.23679844,0.22527115,0.63555145,-0.15274152,0.029619768,-0.07962517,-0.9785327,0.031347875,0.19843225,0.47992092,0.42860067,-0.7855326,0.37427518,0.28847688,-0.10595323,-0.031040937,-0.060377825,0.3439777,0.6430709,0.4543118,-0.4543713,-0.062943384,0.08697093,-0.10111295,0.06021652,-0.030683313,0.45352465,-0.0707258,-0.265908,-0.3298699,-0.160223,0.4088316,-0.15203848,1.3637116,0.19852512,0.32088295,0.91533154,0.1723672,-0.0931718,0.8848041,-0.86441684,-0.17768763,-0.32594937,0.8638743,-0.4804815,-0.3754025,0.69189644,-0.5917245,0.024695236,0.010988612,0.22438939,-0.5691418,-0.3937608,-0.11912042,-0.09764505,-0.24203861,-0.15404715,-0.1458449,-0.33141255,0.21692355,-0.058028277,-0.10073196,-1.0998633,0.64853275,0.36966863,0.3046344,-0.26521948,0.18399745,-0.2636388,0.3485614,-0.46708608,-0.9926808,-0.3381113,0.030985571,-0.74028003,-0.269812,0.1415707,0.3914915,0.6099636,-0.5432012,0.42724553,-0.41817334,-0.9389494,0.6318412,0.48905846,-0.8772068,-0.21210949,-0.7455125,0.84181833
thin_layer_chromatography,0.2570703,-1.5034603,-0.31353834,-0.091654755,-0.5766188,0.9728232,-0.33467487,-0.880017,0.1750542,0.1470614,-0.48762724,-0.043920975,0.22409792,-0.06592764,-0.26614302,-0.4649599,-0.16030537,-0.41606653,-1.381964,-0.012197459,-0.36060938,-0.1887884,0.15505874,0.9264536,-0.21582569,0.6623665,-0.5372864,0.09599186,0.22154285,0.21042709,0.2649945,0.16177516,1.3007054,-0.083351135,-0.32831097,0.09792582,0.6494476,-0.72009814,0.55861,0.6640975,0.028137617,0.6635993,1.0136892,-0.6068718,0.2916168,0.55269796,-0.049128998,-0.50793666,0.57916045,-0.7535625,-0.18817213,-0.528464,0.0036783635,0.37432936,0.3216888,0.13577384,-0.73243755,0.52598244,-1.1393359,0.79512405,0.32511714,-0.11452637,-0.29353875,0.32668534,0.42826003,0.8640544,0.524786,0.7752277,-0.04457395,-1.0473449,0.44290584,0.4467153,-0.6976731,-0.35400718,0.023098547,0.20357917,0.59249675,0.0061197923,0.52686924,-0.5524011,0.35135758,0.13560385,-0.1593453,0.08859311,-0.56923693,0.21748663,0.46641505,-0.21507642,0.11198037,0.13347302,-0.46778944,0.4471769,-0.6324612,-0.38312796,0.14656901,0.010821912,0.3825661,0.50695175,-0.72840434,0.69426185
mass_spectrometry,0.10264531,-0.7492919,-0.44626114,0.2116448,-0.3827268,0.2216231,-0.05422923,0.06262053,0.0075540175,0.7261449,-0.69994986,-0.10436109,-0.20374249,-0.019078832,-0.08562914,-0.68032897,0.1857665,-0.41306105,-0.47485763,0.20822547,-0.30517226,0.018678995,-0.23072584,0.7730414,0.1385474,-0.3898108,-0.6042082,-0.09980078,-0.092049666,-0.25277707,0.55010027,0.56882274,0.6750401,-0.047191147,-0.373999,-0.55189276,0.69029933,-0.40124133,0.41835812,0.72470653,-0.5544464,0.16391,0.84143573,-0.17931987,0.12452302,0.4941516,-0.44622675,-0.4534861,0.0146413185,-0.20763524,0.44184655,-0.3594394,0.39575994,-0.12101804,0.2237616,0.38623548,0.06500323,0.17101856,-0.98567367,0.855257,0.080755696,-0.028548406,-0.3625946,0.18733262,0.053830963,0.82715297,-0.10465902,0.5299538,-0.16325364,-0.6876009,0.44104478,0.40785787,-0.76318234,-0.16690443,0.3943413,0.3341772,0.38217166,-0.030362496,0.6906807,-0.5623725,0.45001024,0.20419922,-0.13757718,0.6970556,-0.5783446,-0.29160315,0.2007952,-0.4092071,-0.13518894,0.016163291,-0.07499671,0.29088333,-0.86906487,-0.19009836,0.27697775,-0.24216112,-0.15770443,-0.049437854,-0.9994107,0.64836055
carbon_nuclear_magnetic_resonance,0.21746564,-0.49115807,-0.48468575,0.055343013,-0.56073236,0.071712375,-0.13997558,0.027787572,-0.29911518,0.5827425,-0.5417321,-0.20324486,-0.077234045,-0.21916163,-0.27067646,-0.574049,0.3272518,-0.12544462,-0.41909638,0.2682877,-0.086376525,0.08558921,-0.17996816,0.31054962,0.2567462,-0.0680933,-0.4020454,-0.07905508,-0.15264626,-0.08915635,0.3715216,0.54626614,0.45549792,-0.15638001,-0.36526,-0.46323472,0.59255695,-0.2912015,0.6682602,0.6851081,-0.5336085,0.10505283,1.0223955,-0.42810664,0.24933444,0.38081223,-0.21929152,-0.46065536,0.14540641,-0.29645306,0.18908629,-0.17231876,0.38785732,-0.11986576,0.15693049,0.3934152,-0.11852442,-0.20230047,-0.88236564,0.5094998,0.065504715,0.086509846,-0.46686932,0.12202705,0.18422289,0.656038,0.055435997,0.13577399,-0.2487264,-0.328157,0.31888878,0.3945381,-0.681766,-0.11265781,0.3613404,0.20139444,0.1892681,-0.16638575,0.5813732,-0.49834248,0.50432885,0.02663198,-0.38723654,0.63327914,-0.48189527,-0.10628008,0.26475644,-0.26503658,-0.0048559513,-0.17362079,-0.067533426,0.29797384,-0.7090326,-0.09053811,0.30997884,-0.3844921,-0.10122379,-0.0064603947,-0.78881025,0.614461
microarray_analysis,0.45294568,-0.76750034,0.09773983,-0.3421712,0.1562187,0.20584428,0.4199388,-0.35237876,-0.21730986,0.24911383,-0.70587736,-0.0006852521,0.3162211,1.0649307,-0.0012291588,-0.67099404,1.1691569,-0.6176095,-0.48654506,0.29121366,0.46043232,0.50981236,-0.07528116,0.7477729,0.2684741,0.4756386,-0.4534286,-0.11558798,0.2504943,0.24995291,-0.012941448,-0.13370605,0.6907552,0.22207548,-0.22028062,0.07279386,-0.14040491,-0.36161622,-0.3397284,0.07364373,-0.51273376,0.28364378,0.6756134,-0.1635764,0.35633075,0.12683302,0.45313752,0.9415381,0.5915324,-0.4319038,0.76966834,-1.2670939,-0.09862602,0.39807954,0.57374454,-0.44141173,-0.83250254,-0.09623425,0.13023996,0.0018088737,-0.3386035,-0.3852917,-0.628798,-0.23562278,0.107465945,-0.074276105,-0.28333327,-0.5231107,0.3914042,0.42222694,0.2661608,0.7021529,-0.06741506,-0.48519465,0.0518056,0.6253679,0.29452217,0.14495541,0.11793605,0.0023204947,-0.022006491,-0.4157524,-1.0382749,0.25423405,0.062717006,-0.15402432,-0.33128816,-0.1232459,0.47719797,0.07902732,-0.21362193,0.26630265,0.246195,-0.9317962,0.4226509,0.4099172,-0.290876,0.26580745,-0.5737194,0.65599173
cytology,0.045522634,-0.07076545,0.29470092,-0.6322741,-1.2423388,0.4118288,0.3861173,0.05487851,0.42671672,0.5518365,-0.081383534,0.5373148,-0.8164021,0.5806396,-0.12006128,-0.54176515,0.35849273,-0.55552274,-0.5351402,0.19851266,-0.2409201,0.059380703,-0.12190322,-0.49223343,0.6001665,0.38586628,-0.7642427,-0.103840925,0.016391495,-0.36247563,-0.52940905,0.052379344,-0.36299035,0.06865449,0.039058335,-0.8234049,0.260391,-0.40583068,0.49646565,0.5755527,0.23750716,-0.191857,0.50199366,-0.66801035,0.1392777,0.26201114,-0.39599335,0.40700293,0.55902904,-0.10814557,-0.47362676,-1.3622268,-0.302528,0.046879467,0.8723789,-0.25368217,0.01646079,-0.14789353,0.43156487,0.40909532,-0.09185241,0.3693774,0.15035339,0.66417646,0.8238103,-0.03803878,0.030039456,0.6979286,-0.13523528,0.30699244,0.21353146,0.3520739,-0.29250652,0.44955623,0.30360782,-0.40574914,-0.24772227,0.9117589,-0.67782044,-0.5729418,0.5145505,-0.18837966,-0.018124053,-0.19497879,0.18381992,0.2802231,-0.15733087,0.04490858,0.2682247,0.4978471,-0.45910418,1.3896916,-0.21460095,-0.43013415,0.06488973,-0.51105577,-0.24554886,0.2551238,0.5217606,0.47876647
chiroptera,0.021008037,-0.34012574,0.28940782,-1.0895308,-0.75973994,0.425582,0.12031505,-0.07596386,0.64684576,0.39275196,-0.43704838,0.5821413,0.014101682,0.72868574,-0.16442363,-0.17263578,0.9470342,-0.47650713,-0.59204984,0.23705351,0.0075426344,-0.496169,0.16262138,-0.17289196,0.16443686,0.41592446,-0.3772446,0.24503008,-0.18812822,0.21111481,-0.37306398,-0.11104923,0.23313978,-0.045843285,-0.37862158,-0.7200077,-0.24021842,-0.57664764,0.6763272,0.0053011943,0.09791922,0.37451464,0.51076293,-0.57921666,0.22050351,0.28066456,0.58657205,-0.4754863,0.61915594,0.36145216,-0.010487095,-1.24938,-0.16816953,0.038290437,0.6744676,-0.12271673,-0.20852381,-0.13201937,0.0038367198,0.74402726,-0.766332,0.18711,-0.17743218,0.5385327,0.6493044,-0.74404234,0.3196147,0.06933533,0.2259782,0.29264557,-0.024092043,0.17841811,0.10891446,0.050228894,0.0706313,0.02261535,-0.10510828,0.24558744,-0.62714505,-0.78149045,0.24485973,-0.31009713,-0.36272073,0.08598579,0.26052964,0.4971102,-0.27542612,-0.07085018,-0.20607997,0.7006005,-0.5995782,0.80897176,-0.25799075,-0.7185779,0.25367412,0.2757354,-0.04781182,0.21422523,0.1199494,0.3627432
biocompatibility,-0.1753768,-0.17726396,0.00947601,-0.42566442,-0.9792614,-0.15857239,0.44967017,0.010823522,0.50757337,-0.12948968,-0.46620944,0.50287545,-0.21599339,-0.052593593,-0.21482033,-0.95064265,0.90770304,-0.07831706,-0.011576496,0.10016117,0.15764062,0.5326412,-0.8228558,0.32514238,0.021803215,-0.05585474,-0.6851792,0.54299223,0.13117069,0.10390056,0.43877012,-0.30092153,-0.40878722,-0.8896764,-0.041390374,0.05295597,-0.057612658,-0.41117725,-0.259141,0.96760345,-0.3170792,-0.32288602,-0.024891159,0.18460704,0.7793385,0.05010781,-0.32302758,-0.24057283,-0.049738947,-0.47750545,-0.60208976,-0.12947114,0.029104486,0.04570682,0.669143,0.33131653,0.90540266,-0.38317353,-0.17470124,0.7725784,0.102585375,-0.30469656,0.03668519,0.5108399,0.9113679,-0.46066096,0.54250574,0.4898592,-0.4164725,0.18700533,0.15210716,0.9500532,-0.4758606,0.5811194,0.14304937,-0.28928882,0.10885899,0.2981706,-0.20910843,0.43864745,-0.22277778,-0.09907059,0.3079544,-0.16731218,0.24174343,0.06034428,0.6965855,-0.65112203,-0.7088863,0.8173165,-0.55390304,0.48515457,-0.81618273,0.04258026,0.6324871,0.21948284,0.35540763,-0.1593665,-0.560529,-0.11322706
thermostability,0.42488614,-0.12098567,-0.21050031,-0.25419268,0.18888812,-0.17378193,-0.5379722,-0.619188,0.33727694,-0.35066724,-0.093169995,-0.12209527,-0.5136028,-0.19555621,-0.38154504,-0.5491019,0.5764415,-0.080180466,-0.7665561,-0.19714087,0.419283,-0.032960076,-0.5852781,0.6960163,0.387147,0.08441287,-0.84792185,0.39493814,-0.03824025,-0.5190832,-0.54447323,0.119462475,0.42629796,0.079037115,-0.15980014,-0.031705447,0.87182605,-0.5915849,-0.7254759,0.3894691,1.1904745,0.51266575,0.20471808,-0.005367675,0.6349432,-0.15416288,0.07006251,0.4127348,0.012424522,-0.3890149,-0.30729356,-0.44319248,0.9211186,0.059251476,0.33130756,-0.7366517,-0.23764974,0.06701287,-0.1803943,0.45312205,0.35252658,0.22223642,0.050655846,0.64709216,1.0161471,0.7533856,-0.07116583,0.32571015,0.15458587,-0.27229425,0.6226563,0.5295052,-0.7844637,0.6563446,0.31308275,0.24331868,-0.07870615,0.34249395,0.6688559,-0.40456212,-0.6911709,0.4663626,0.06024024,0.47309744,-0.6609214,-0.3780021,0.0747909,-0.7793018,-1.0502434,-0.092353165,-0.79911566,0.2081758,-0.21700378,-0.47718623,0.047343083,0.2087775,-0.08958369,-0.39313883,-0.5267038,0.28734472
circular_dichroism,0.21076521,-0.865186,0.16175064,-0.20554614,-0.2792058,0.24137576,-0.26014134,-0.37102428,0.18270586,-0.1590072,-0.61348915,0.39946604,-0.05301098,-0.4074131,-0.35140124,-0.22269306,0.83931184,0.17807966,-0.60102296,-0.55800813,0.119768485,-0.043498613,0.0275669,0.8168668,-0.089705825,-0.16727047,-0.47680783,0.21817335,-0.05196219,-0.039957073,0.065615766,0.2995914,0.57579166,-0.055621095,-0.39873314,-0.020127006,0.60670686,-0.53617066,-0.2709787,0.32894564,0.35681248,0.4142124,0.7685882,-0.7733759,0.30965963,-0.15570079,-0.38108107,-0.5749813,0.6282273,-0.41733852,0.30050266,-0.58440715,0.3400255,-0.25746214,0.5885934,-0.38981438,-0.2143844,0.022716139,-0.50238323,0.26313072,0.5597015,-0.047043957,0.28448528,0.13659832,0.89256465,0.5528531,0.09117447,0.19784181,0.17627294,-0.6379229,0.2971021,0.64879644,-0.99803746,0.36947507,-0.018093973,0.28136376,0.06605238,0.36654872,0.9589843,-0.39529958,-0.43180636,-0.0150531195,-0.1519113,0.45933276,-0.21202753,0.0016288417,-0.24907333,-0.5669062,-0.24111941,-0.06388691,-1.0800232,0.29811585,-0.19446173,0.003704253,0.18208224,0.14690115,-0.26440755,0.024584359,-0.7764637,0.47688392
carboxy_terminal_sequence,0.9101632,-0.48072547,-1.0846672,-0.18200924,0.38699073,0.020745462,-0.6783399,-0.34437883,0.39852163,-0.23865744,-0.33760118,-0.31691927,0.1451698,0.12288945,-0.42423648,-0.42196476,0.76266074,-0.19254628,-0.9658028,-0.115678586,0.35702556,0.27766678,-0.582628,0.30789918,0.2387195,-0.04434792,-0.6436977,0.19440407,-0.15829234,-0.19785343,0.16059363,-0.11104125,0.11339031,0.030140301,-0.16170244,0.34252658,0.20263791,-0.83245957,-0.23917975,0.8033513,0.85386616,-0.12973334,0.9101941,0.018486898,0.38165048,0.6750651,0.060620904,0.3408756,0.053221464,-0.655271,-0.20473321,-0.33962402,0.7484578,0.16752087,0.075772725,-0.122544214,-0.19586763,0.0024971678,-0.2788212,0.7161632,0.5099985,-0.46970084,0.22235726,-0.0026928135,0.5152105,0.2267732,0.028917748,0.6334174,-0.13760786,-0.29338467,0.48371452,0.69232446,-0.9468471,0.5674267,-0.17483546,-0.009714851,0.69707936,0.25040326,0.40413642,-0.2592117,-0.47918692,0.15245251,0.12141621,0.047620393,-0.107061245,-0.27061936,-0.25982994,-0.674658,-0.5050773,0.3328823,-0.51932275,0.3262756,-0.242106,-0.3311805,0.49548697,0.08972534,0.57540214,-0.568539,-0.1509743,-0.3152827
overall_survival,0.70579994,-0.12424286,-0.4247085,-0.6506141,0.44728532,0.5976041,0.39435348,-0.26573485,0.05331383,0.3629056,-1.0117759,-0.18682675,0.24735065,0.732826,-0.40410176,-0.0697915,0.43049955,-0.8392058,0.09687194,0.08188627,-0.024629207,-0.051857032,-0.18022996,0.40361345,0.3475378,0.02146489,-0.76959985,-0.15483126,-0.8448667,0.24270138,0.71242535,-0.3798776,0.12806639,0.1946911,0.30272666,-0.5208719,-0.024020595,-0.22207972,0.10584095,0.42343006,-0.66333,-0.23728421,1.8563055,0.053467583,0.30355066,0.6771372,-0.06674178,0.5041543,0.29862374,-0.30233666,0.33552784,-0.6431722,-0.030743858,-0.103637844,-0.07944385,-0.24935348,-0.2427115,-0.18952093,-0.041892692,1.1185409,0.15768488,-0.21776082,-0.11674294,-0.54126406,0.34028986,-0.27724308,-1.0774025,-0.040211927,-0.4267017,0.49992567,0.4892948,0.2491949,-0.27978206,-0.55929095,0.0029070582,0.27001578,0.33052972,-0.08526158,-0.09821406,0.11488877,0.6016636,-0.45225683,-0.67339057,-0.02435819,0.12524004,-0.62622917,-0.1504423,-0.2995304,1.251209,0.7780516,-0.49603617,0.83262146,-0.2654068,-0.8705036,0.18756731,-0.27749753,0.31761628,-0.8019803,-0.53002375,-0.04840941
taxonomy,0.3213471,-0.10773058,-0.029783288,0.26470077,-0.23583011,-0.22825824,0.07346237,0.13103329,0.46888486,1.2082932,-0.86189413,0.019338738,0.1996826,0.002608844,-0.3141715,-0.59939486,-0.22762379,0.0029814967,-0.010923124,0.714401,0.3147097,-1.0358169,-0.35640493,0.54720104,0.7966776,-0.05251098,-0.27911574,-0.09952656,-0.7081625,-0.6018181,-0.07031104,0.048498373,0.65256804,0.36884394,-0.5645875,-0.8457245,0.45293248,-0.0936588,0.66355634,0.40544924,0.74097925,-0.35537156,0.67664224,-0.026375527,-0.08369209,0.073249996,0.5501496,-0.6813503,0.12992711,0.07016745,0.4391228,-0.2972282,0.2673982,-0.515069,-0.050140634,-0.2872512,-0.3614799,0.31256592,-0.8183785,0.52444625,-0.3303168,0.81436014,-1.0622928,0.58755946,0.52341187,0.21068835,0.5489364,0.42123845,0.15107353,0.35917333,0.3870122,0.056810994,-0.6626352,-0.18470292,0.46775323,0.08065698,0.6629755,-0.24974893,-0.44394946,-1.3441452,-0.1555314,0.31320646,-0.4583185,0.016702663,-0.3480714,-0.24662238,0.4243637,-0.5002954,-0.94258296,0.30028453,-0.38959116,0.6785894,-1.0151558,-0.15507905,0.16708134,0.13341898,0.034051917,-0.24710234,-0.74501437,0.7944576
fungi,-0.19905728,0.43687975,0.32620338,0.12584628,-0.07218539,-0.0138687175,0.34943116,0.2376472,0.5809377,0.6449889,-1.8935139,0.218949,0.20434673,-0.19510241,0.045263268,-0.4126567,-0.050639283,-0.5037673,-0.022628717,0.22374515,0.32468575,-0.61508125,-0.33097714,0.033278614,0.43288112,0.28891662,-0.40803123,-0.39363292,-0.34243694,-0.9001533,-0.46504682,-0.7081973,0.15894195,-0.31933984,-0.13937676,-0.5460436,0.17688887,-0.4289358,0.29206833,0.09815858,1.0031695,-0.2665183,0.9235244,-0.1277874,-0.7389313,0.5236641,0.14912051,0.19763252,0.326111,0.06695473,0.15979882,0.34566668,0.31142706,-0.36661395,0.56343335,-0.68683225,0.1934031,0.34570295,-0.3902386,0.67919135,-0.5925396,0.44319504,-0.087311305,-0.14514813,0.47225437,0.15853433,0.24758323,-0.11798018,-0.6080608,0.7248723,-0.1440769,0.29404524,0.5563863,0.31702042,0.0854821,-0.13633452,0.13474567,0.050490875,-0.081535436,-0.3068688,-0.2049741,0.06981883,-0.61579937,-0.09207305,-0.61187655,-0.40302968,-0.11588261,-0.27552927,-0.12762198,0.5286769,-0.5123071,0.8601467,-0.90255404,-0.63338023,0.14613794,-0.06733681,-0.04035684,-0.17330724,0.1788414,0.4162052
irradiation,0.23979466,0.28679526,-0.07692238,-0.24406055,-0.3186472,-0.8469584,0.9837453,0.53484064,-0.1491953,-0.44738314,-0.4083959,0.2645623,-0.5741148,-0.012681293,-0.15518941,0.17500418,0.42842805,-0.8479732,0.12485516,-0.4261327,0.8061883,0.8499522,-0.20802516,0.06359669,-0.63708913,0.35467675,-1.0178727,-0.060126454,-0.28839785,-0.96366435,0.13217847,-0.6161232,-0.33330375,0.017830746,-0.16390021,0.2379857,0.33236566,-0.43873772,-0.0490125,-0.029368252,-0.063493766,-0.44782096,0.7170945,-0.37977487,0.05539837,0.0091643855,-0.1280568,-0.17089717,0.11010431,-0.09636992,-0.39532033,-0.20033698,0.47221625,-0.2615661,0.12015647,0.19203225,-0.6648936,-0.2612092,0.29177552,0.17247868,-0.40089193,0.011948003,0.11690613,0.67284167,0.5656692,0.18481751,0.47435445,-0.8289146,-0.62785345,-0.20338109,-0.096876465,-0.02760617,-0.0483287,0.021342434,0.47989166,-0.110611655,-1.5623085,-0.20796959,0.5099585,0.1836836,-0.2721267,-0.18212642,-0.2329943,0.062286533,-0.22468579,-0.14232112,-0.064283304,-0.12521154,-0.33808777,0.88345724,-0.4795197,0.7300032,-0.16832525,-0.9945273,0.73645985,-0.26481825,-0.4773044,0.07512845,-0.40949395,-0.8026868
energy_transfer,0.06761423,0.04608698,-0.5956502,0.118607886,-0.47942662,0.04416273,0.3301826,0.022631269,0.31172925,0.07233043,-0.33889887,0.20553611,-0.0526078,0.14835729,-0.8254904,-0.79128677,1.0268807,-0.3726428,0.28004667,0.12369962,0.43988246,0.48524448,-0.7776362,0.50981385,0.1892114,-0.04292502,-0.7231619,0.33168647,0.24908827,-0.1790744,-0.042883217,-0.2412706,0.15823913,-0.7272055,0.25231132,0.2998543,-0.31135976,-0.34206575,-0.37409383,0.5050792,-0.29895955,-0.12546776,0.17974865,0.12853274,0.37545404,-0.19469653,-0.4761621,-0.09300418,-0.112414025,-0.29747364,-0.2120378,-0.34694728,0.0419555,0.07176671,0.5566026,0.62813306,0.5082285,-0.42949048,0.372236,0.8737689,0.014710568,-0.6505343,0.4087434,0.5263705,1.1479117,0.088694304,0.1801592,-0.18957855,-0.13733523,0.20818122,0.3294517,0.19152063,-0.26500022,0.41593328,-0.13428839,-0.1643053,0.034931835,-0.07587322,0.27291965,0.66925395,-0.29416302,-0.25124332,0.095042646,0.23852499,-0.04891896,-0.04602977,0.6707181,-0.3581394,-0.26035276,0.7240681,-0.48416993,0.20255129,-0.33458763,-0.8602959,0.3196019,0.35943592,-0.022302892,-0.0005911529,-0.39719865,0.055022586
thermogravimetric_analysis,-0.32993758,-0.00909994,0.0036098978,0.04575209,-0.35418272,0.09345223,0.47329497,0.09154836,0.21073791,-0.27513784,0.18978292,0.18606374,0.030682506,-0.3032222,-0.18464756,-0.70650434,0.8035129,-0.16444167,0.4457662,-0.06448128,0.21375167,0.5754401,-0.20539759,0.12239239,0.3905482,-0.07410768,-0.6838831,0.22910939,-0.030711263,-0.08139384,-0.083703004,-0.34770238,-0.26120302,-0.5839837,-0.096252576,-0.22378422,0.77934843,-0.37222338,0.46271682,0.74636096,-0.5642436,-0.40208364,0.49177313,-0.39584908,0.74743694,0.39911717,0.020276021,-0.4302618,0.11869696,-0.06767639,-0.4127387,0.119357236,0.049039766,0.075034186,0.22465703,0.6394219,0.33419356,-0.4762965,-0.52152616,1.2561357,-0.5621581,0.38469112,-0.34591767,0.6315382,0.50765914,0.29092413,0.7441515,0.14739707,-0.6537434,-0.4796704,0.15149468,0.59884584,-0.41647497,0.057148293,-0.06686881,-0.28675056,-0.2718351,0.081464395,0.23887295,0.49282488,-0.040115688,-0.094402604,0.022585444,-0.025623498,-0.5718937,-0.35811517,0.48278755,-0.5658625,-0.6677758,0.35918415,-0.6627821,0.5019454,-0.7242085,-0.23992501,0.25100055,0.35078645,0.05939627,-0.5225097,-0.5564241,0.0060649114
nuclear_magnetic_resonance,0.2728955,-0.18579184,-0.34558612,-0.23044364,-0.19215676,0.4891745,-0.2501025,-0.4708676,0.3754271,-0.5709931,-0.009100367,-0.72666276,0.03080006,-0.50382733,-0.6568083,-0.18146224,0.78584033,-0.14098224,-0.7319675,-0.28541774,0.11351151,0.54907703,-0.2725098,0.02935454,0.5385209,0.24873462,-0.7740733,0.27206814,-0.06772906,0.14407063,-0.23405002,0.23546681,0.088500954,-0.08033312,-0.47012085,0.123850524,0.9783,-0.07160418,0.09371635,0.5347633,0.10076739,-0.03458322,0.8418131,-0.29234406,1.2032623,0.059675653,0.38631275,-0.4372523,0.77813226,-0.14448045,-0.19656819,-0.06225422,0.41048878,0.41333967,-0.061790112,0.66921693,-0.4764984,-0.4783962,-0.68708545,1.0849497,-0.23399223,0.4182088,-0.50724095,0.53179497,0.29001594,0.42250404,0.21819241,0.07507229,-0.37357402,-0.46478412,0.7374872,0.51985216,-1.0616729,0.15029918,0.34175727,0.22893277,0.0830306,0.04339702,0.8144541,-0.31649163,-0.53419065,0.06897965,-0.44234368,0.22858107,-0.5407842,-0.05970883,0.35803258,-0.4386867,-0.21713684,-0.04699027,-0.7363638,0.45793495,-0.17744698,-0.16024901,0.16989778,0.408,0.25265357,-0.3405129,-0.38937673,-0.014461994
molecular_structure,-0.13364354,-0.019278191,-0.013657874,0.9801725,-0.23607221,0.12067398,0.14059226,-0.07952217,0.8235417,0.45822912,-0.70124674,-0.03740379,-0.6066751,-0.318255,0.013979793,-0.74331677,0.31649867,-0.27673995,-0.18394056,0.16797887,-0.091585554,0.35900792,-1.1197231,0.28022948,0.3587288,-0.5282196,-0.66627175,-0.4350805,0.40654093,-0.53167087,0.24131379,0.055019855,0.43386394,0.49181598,-0.64146316,0.13109852,0.68298715,-0.673184,-0.12068201,0.43151176,-0.025308473,-0.115415506,0.2652787,0.035903294,0.32866535,0.5972103,0.1358769,-0.0037103116,0.21843643,-0.80174226,-0.13371538,-0.10970228,0.45214882,0.123421654,0.41127497,0.15817828,-0.36490843,0.20363346,-0.47175166,0.84010226,0.2760754,0.08895281,-0.16621363,0.17557435,0.1598932,1.1515225,0.00937,0.44281355,-0.17975524,-0.79644257,0.09823679,0.4014102,-0.72860765,0.13986665,0.24775662,0.15274835,0.83996695,0.28954425,0.72810256,-0.29399747,-0.0031521227,0.017441327,0.025990127,0.41209623,-0.9868496,-0.43748263,-0.14630166,-0.08997939,-0.46981558,0.5451432,-0.48644778,0.7382771,-0.45948768,-0.07891145,0.3496641,0.4247463,0.11448776,0.32975158,-0.70971185,-0.27629882
molecular_interaction,0.49282685,-0.18541247,-0.32875308,0.057905424,0.030476255,0.57639205,0.1904414,-0.1620064,0.8407402,0.31956813,-0.38316607,-0.13998891,-0.010284671,-0.10490349,-0.03448312,-0.49975637,-0.28087127,-0.55281144,-0.40950865,0.3102701,-0.2889062,0.24374682,-0.82698554,0.006834739,0.4821735,-0.24156894,-0.6294267,-0.22624072,0.649765,-0.6860986,-0.15185843,-0.2037185,0.2169835,0.21736683,0.04406088,-0.32466722,0.62378,-1.0214711,-0.5256466,0.54868,0.6469193,0.21885593,0.31855923,-0.3918751,-0.070121765,0.21537222,-0.6627092,0.3328618,0.23077798,-1.0409914,0.1574429,-0.2492153,0.7868328,-0.19267859,0.6272453,-0.28665152,0.040517054,0.40402576,0.038225636,0.9889454,0.51967573,0.057621643,0.58007,0.20484276,0.855517,1.2032444,0.012004816,0.75866693,-0.08010083,-0.36798975,-0.0018099693,0.5638896,-0.6160959,0.7794321,0.31521177,-0.0055008717,0.5850264,0.49929082,0.42617765,0.3163504,-0.078280106,-0.05000196,0.24443798,0.021526309,-0.67932314,-0.47299308,0.36072466,-0.63011384,-0.34183007,0.7370288,-0.99556214,0.9906084,-0.48469183,-0.48310548,0.00802747,0.2682952,-0.06158889,-0.32966137,-0.36682916,0.20285057
dynamic,0.13508125,-0.24895088,0.43956164,0.021999752,-0.76738816,-0.4177472,0.7418941,0.07657124,0.067059726,0.1128887,-0.025546225,0.4548119,-0.8455116,0.6489343,-0.33598438,-0.7155439,0.41465694,-0.3740171,0.13920629,0.1006095,0.16258733,0.14856765,-0.3283274,0.28068647,0.6883524,0.26912957,-0.56163245,-0.0560296,0.22840793,-0.9267493,-0.48654124,-0.12528835,-0.23960486,0.040619798,0.079881765,-0.55880606,0.44376165,-0.42267668,-0.2900592,0.1561548,0.5028954,-0.3054221,-0.26472464,-0.17674492,-0.27075025,-0.0136701,-0.25891426,0.7057159,0.36668232,-0.14073835,-0.4269641,-0.7469604,0.124393985,-0.2184565,0.9841991,-0.27388668,-0.11905895,-0.31971425,0.3084342,0.19597082,0.30078262,0.33759338,0.026049497,0.570752,1.1129305,0.46922034,0.3176915,0.30375376,-0.6504176,0.04229032,0.14716935,-0.13059999,-0.023929171,0.20120846,0.35227916,-0.59338164,-0.4255449,0.8170634,-0.2408927,-0.24700019,-0.104656905,-0.13347773,0.19190511,-0.29259214,-0.13437642,-0.13206911,0.10796053,-0.23619767,-0.42099103,0.33797777,-0.41123313,0.8329946,-0.32330075,-0.4630793,-0.4412146,-0.34137636,-0.25279137,0.45539197,0.04582812,0.25173604
nuclear_magnetic_resonance_spectroscopy,-0.6219863,0.059211284,-0.11669075,0.76747245,-0.07635874,0.7178652,0.41139475,-0.5665617,0.29922187,0.12712172,-0.2852304,0.3987032,-0.28142762,-0.53187156,-0.08753029,-0.64004344,0.5429081,-0.41636893,0.46682817,0.16058648,-0.086214565,0.43606773,-0.34616774,-0.093385056,0.2858769,-0.6197683,-0.84573984,-0.67024225,-0.1613135,-0.07982507,0.2164455,-0.08840088,0.5709624,-0.026055701,-0.2275303,0.08811026,1.0376487,-0.215405,0.6285067,0.44456232,-0.7394061,-0.19379048,1.2405357,-0.28624249,0.91038346,0.53539956,0.19699025,-0.5967184,0.02647722,-0.35382476,-0.42850873,-0.07216775,0.25912806,0.2161708,0.12533082,0.24967918,0.045358025,-0.32216352,-0.574249,1.2194811,-0.21308552,0.32135418,-0.30912003,0.7945005,0.4060272,0.90214086,0.332154,-0.075797714,-0.7393967,-1.1259624,-0.045783576,0.66049045,-0.57734203,-0.057587534,0.107049495,0.29897198,-0.039145105,0.037831005,0.70769167,0.15067126,0.29292566,-0.113806196,-0.243885,0.32941228,-1.1234186,-0.5253674,0.38648918,-0.40718448,-0.76662683,0.32981867,-0.47599423,0.6986016,-0.86908317,-0.10991858,0.40738022,0.13356842,-0.21760288,-0.4127744,-0.6325579,-0.008729246
column_chromatography,0.13037765,-0.9510347,0.006092189,-0.013861627,-0.31447083,0.69466025,0.020730985,-0.77195483,0.26459014,-0.07320534,-0.2083408,0.31914234,-0.21112935,-0.1983076,-0.18609153,-0.45346788,0.082987726,-0.06989813,-0.58455384,0.1998083,-0.23951589,0.0011033546,0.25107026,0.6163498,-0.094740674,0.31700754,-0.21083891,0.11885291,0.15103815,0.25194067,0.1509369,0.24711932,1.017166,0.020781444,-0.262698,0.045287866,0.42481384,-0.46660137,0.5709425,0.44023657,-0.30869004,0.4234256,1.0139648,-0.53663874,0.28190657,0.3107218,-0.048697263,-0.7210175,0.23982525,-0.36888045,-0.3237547,-0.484492,0.14456041,0.36660683,0.25880688,-0.035300888,-0.42567995,0.40651473,-0.8655059,0.56877613,0.35027596,0.1772729,-0.24811138,0.31312478,0.34133613,0.79650044,0.41715005,0.30904162,-0.17712913,-0.91910475,0.32603437,0.40881366,-0.4886208,-0.28065777,-0.1708309,0.31370243,0.26051465,0.14113362,0.65740746,-0.54761934,0.56964535,0.02337173,-0.13034946,-0.00567097,-0.8415605,0.13879374,0.2747609,-0.16856226,-0.27077502,-0.086047456,-0.34637535,0.26671863,-0.8570395,-0.31697348,0.14220802,-0.23455548,-0.035066172,0.22805315,-0.67834365,0.39161468
current,-0.14066677,-0.6822744,-0.4890836,-0.14607455,-0.27797824,-0.3584044,0.025619747,0.49876517,0.023352167,-0.00085395185,-0.5914016,-0.19061121,0.26415852,0.31897408,0.1133968,-0.94254774,0.09662195,-0.22008894,-0.08167907,0.056020837,0.18568395,0.0111762965,-0.42387578,0.45704964,0.568014,-0.59610486,-0.40997398,0.086891465,-0.5374893,-0.71201533,-0.0648071,-0.108989425,-0.0049390104,0.27134362,0.18127158,-0.10047438,-0.053921785,0.09797093,-0.25752965,0.042287108,-0.25325736,0.13531595,-0.066795394,0.1869304,-0.15046987,0.06497661,0.04706079,0.47305584,-0.44468337,-0.43281987,-0.2740717,-0.7320734,-0.29162216,-0.46956652,0.7338654,-0.017595613,0.38042733,0.10959319,-0.46392062,0.81883454,0.5353734,0.19487697,-0.3285284,0.062151376,0.9801931,0.25417936,1.3209006,0.10600668,-0.723784,0.066038646,0.37630045,-0.4025347,-0.1891573,0.21528137,-0.021611115,0.07896522,-0.7948513,0.0033957043,-0.3578937,-0.28237066,-0.69824576,0.3378068,-0.20814042,-0.7413992,-0.24452484,0.41343793,0.2006599,-0.29066437,-1.08948,-0.15497285,-0.51886564,0.081745625,-0.8961773,-1.0062193,-0.14336607,-0.3580275,-0.0029014063,-0.9462818,-0.6142067,0.18531357
community_structure,0.3315159,0.10463268,0.1258436,-0.18395251,0.3099715,-0.24155717,0.34810236,0.4458126,0.40907785,0.27303225,-0.89318466,0.3405605,-0.29073927,0.13637428,0.3265127,-0.5098212,0.03600217,-0.44529316,-0.31679505,-0.021823773,0.59968907,-0.40754697,-0.036580235,0.35373747,0.19359083,-0.40316522,0.013674957,0.15827005,-0.6305334,-0.24334088,-0.2765019,-0.89172196,-0.054391682,0.35179147,-0.40127945,-0.3125405,-0.06634649,0.4284905,0.06285805,-0.1345448,0.45950395,-0.3376863,0.55217993,-0.07238918,0.73287654,0.051827177,0.8020575,0.39691526,-0.27730668,0.10906966,0.12025935,-0.6045197,-0.3990846,-0.70809335,0.90765584,-0.5297428,0.14074627,0.3907404,-0.6465947,0.36510387,-0.0036604838,0.72721976,-0.41267732,-0.017002104,0.41723964,-0.75513726,0.6967125,-0.1879216,-0.50823486,0.46852055,0.30464765,0.25485182,-0.09571307,0.3768111,0.30825377,0.13031653,-0.19619751,0.09406844,-0.07227295,-0.7176172,-0.68952566,0.5649145,-0.8243255,-0.7119401,-0.2515517,-0.22832696,-0.03234279,-0.21071057,-0.5331302,0.51831764,-0.7737221,0.22074166,-0.7509364,-0.82282114,0.42580706,-0.23760785,-0.30599937,-0.52230734,-0.5846123,0.79926056
rna_isolation,-0.29574284,-0.71428317,0.09771808,-0.8889684,-0.49453592,0.8024542,0.38170257,-0.18436849,0.43334398,-0.15672241,-0.824571,-0.049883083,0.40845695,0.942487,-0.16736504,-0.0121244015,0.39463732,-0.4622561,-0.29807913,-0.0713842,-0.25628024,-0.1084,-0.3893584,0.98123413,0.18777344,-0.18438232,-0.3366639,1.2879057,0.2454381,0.60971993,0.49590126,0.39796823,0.23695849,-0.1647021,-0.11314255,-0.284936,0.015912184,-0.8713953,-0.6192534,0.57600117,-0.0503919,0.030385535,0.6776291,0.1004096,0.8081347,0.20796563,0.475321,0.50911105,0.35122648,-0.33429366,0.79903,-1.00478,0.43440962,0.10469125,1.1521938,-0.6448943,-0.1754296,0.6591311,-1.0575521,0.87239283,0.06910684,-0.7602651,-0.19742443,-0.5795477,-0.23527925,-0.16456147,-0.59505826,0.1691705,-0.4982615,-0.39553973,0.64639425,0.22745861,0.00081846555,-0.34300002,0.2760944,0.08778219,0.49731323,0.092591494,-0.31384608,0.13646652,-0.09994581,-0.0054865135,-0.5692814,-0.13549724,-0.3235855,-0.4693633,-0.57287407,-0.39401555,0.065404706,0.33761206,-0.6908355,0.35721326,-0.32421628,-0.14225885,0.2699458,-0.199493,-0.6471303,0.023680488,-0.19024362,0.44890484
calcium,-0.49584588,0.4135883,0.43769622,-0.9079902,-0.18959104,0.7129178,0.20541717,-0.1944052,0.45730987,0.60873246,-0.32798085,0.9274545,-0.24367702,0.12403154,-0.46403465,-0.37249628,0.9805947,-0.5873768,-0.17011875,0.09816893,-0.3654448,0.07700786,-0.07835118,-0.14713784,-0.31890228,0.122287184,-1.0743328,0.24009411,-0.6058978,-0.041004743,-0.2929737,0.10176547,0.3590316,-0.589463,-0.04787189,-0.09095814,0.1330485,-0.7397013,0.7928095,0.2179736,-0.55815434,0.39576823,0.8896885,0.19858587,0.6105322,-0.19902733,0.090049125,-1.2651129,-0.091806516,-0.19806233,0.15129453,-0.92632157,-0.16050242,-0.010641266,-0.15790667,-0.006415344,0.43327197,-0.31305873,-0.18571444,1.1826215,-0.56831753,0.18410319,0.5736089,0.80066454,1.090079,-0.5527541,0.3022777,-0.0123456195,-0.31646934,0.09845875,0.19196157,-0.016496643,-0.6339694,0.2287806,-0.19939935,0.3256666,-0.15879981,0.022331776,-0.15514691,-0.4440394,-0.031393725,-0.62516195,0.102457836,-0.28936437,0.08810235,0.5353586,0.21085097,-0.40828294,0.5288111,0.39503533,-0.5052029,0.7533851,-0.30506256,-0.7219685,0.5605925,-0.11648589,-0.350199,-0.15371372,-0.13218987,0.14318883
controller,-0.5598298,-0.05290038,0.10998335,-0.021355435,-0.6713756,-0.27854088,0.64065987,0.7615492,0.13933332,-0.2284515,-0.51368177,0.29485694,-0.367769,0.53127354,-0.47149777,-0.6393777,0.35321787,-0.44572526,0.10953991,-0.108896054,0.6307655,0.5954214,-0.91387093,0.3318078,0.2756041,0.3424293,-0.59504354,-0.07201953,0.5960146,-0.85592026,-0.30164507,-0.24374832,-0.16004755,0.3255346,-0.14590758,0.017404452,0.33353326,-0.63051885,-0.29339817,-0.09450517,0.45642525,-0.33654538,-0.10985563,-0.5698635,-0.43487293,0.175111,0.10285458,0.19123371,1.623228e-06,-0.20495592,-0.5198165,-0.25166842,0.14892481,0.0923988,0.55647564,0.19868724,-0.9350249,-0.08000389,0.037326977,-0.17792213,-0.23173161,0.26181415,-0.4931831,0.44663087,0.3342367,0.52049834,0.45730844,-0.26614228,-0.16158997,0.14956832,-0.27904454,-0.5378902,-0.17965674,0.0126751335,0.41583225,-0.26531598,-0.40704495,0.26918033,0.563436,-0.13902992,0.057756342,-0.19958067,0.25403735,0.14625278,-0.09171446,0.0016543769,-0.30444196,0.21472098,0.13723853,0.6333721,-0.41164765,0.59541726,-0.2538927,-0.6840666,0.2656419,0.017604977,-0.4673571,0.632891,-0.43544877,-0.15395737
sustainability,-0.3692023,-0.20669623,-0.44831365,-0.18773231,0.01742904,-0.3396803,0.52849114,0.23660049,-0.09309656,0.09448451,0.00086480565,0.009419127,-0.3985957,0.8446739,-0.33635813,-0.94998074,0.0836456,-0.33753437,0.20121197,0.23091054,0.08905502,0.1383461,-0.124767676,0.65567863,0.3987029,-0.1219776,-0.0051265303,0.14087102,-0.24912402,-0.31330082,-0.3425322,0.13663411,-0.30107072,0.07849332,-0.17433451,-0.14462598,-0.22869866,-0.20570326,0.052942015,-0.052395973,0.38142797,0.26551396,-0.16708165,-0.28080127,-0.2718707,0.071091294,0.113753185,0.8048266,0.0019756758,-0.03337546,-0.2566471,-0.8047553,0.44005412,-0.13814496,0.8750778,-0.22041158,0.038426597,0.6144081,-0.4668652,0.12680988,0.050307933,0.5988537,-0.53444165,-0.046102367,0.37367898,0.28370336,0.38483787,0.39281067,-0.3743383,0.24701025,0.38840356,-0.4965926,-0.22159404,-0.17143604,-0.19174865,0.44881245,-0.5799455,0.14234637,-0.12755936,-0.4376239,0.19896121,-0.27822486,-0.07670303,-0.5780745,-0.03307815,0.17678319,-0.2029105,-0.22613826,-0.3664792,0.25709814,-0.44044647,-0.045427,-0.99263537,-0.7280415,0.18309341,0.090887,-0.15120517,-0.20761396,-0.7597558,0.26548097
dissolved_oxygen,-0.9963228,-1.1404089,-0.02113831,0.009726099,-0.26198086,-0.39887756,-0.09573372,0.071931385,-0.2095441,0.21511109,-0.701253,0.30241773,0.19506346,0.043654934,0.21943597,-0.9060214,-0.30547962,-0.42446458,0.0196608,-0.64508307,0.10844828,-0.15787756,0.09410736,0.09076701,-0.26219282,0.37401643,-0.49603477,-0.18612523,-0.06642847,0.17599055,0.2564366,-0.39733538,0.42477733,-0.6034353,0.6589174,-0.6521645,-0.0070143733,-0.38124573,0.2112481,-0.40344337,0.6008909,0.49374622,0.45285034,-1.0333605,-0.145898,0.57737315,-0.30180585,0.1437285,-0.15410297,-0.45129722,-0.62904096,-0.2052333,-0.19639356,-0.97129995,0.77642393,-0.4499755,0.81417364,0.65718716,-0.41485965,0.54579705,0.08325993,-0.31163546,0.009197356,0.32401758,0.47476384,0.25246194,0.8131031,0.1559445,-0.6145934,-0.24418487,-0.082756236,0.024917843,0.15308504,-0.29383653,-0.74262565,-0.046035048,0.016369058,-0.3255297,0.114403404,0.015086761,0.25923383,-0.30271932,-0.021060709,-0.010579313,0.104049936,0.13840242,-0.3244043,-0.44120282,-0.31824076,0.50737935,-0.47951394,0.30807623,0.0063408525,-0.9370494,0.045918718,0.05145613,0.001548152,-0.51384497,-0.36107203,0.45448005
metal_site,0.23055308,-0.3520132,0.18253686,0.3481783,-0.89127517,-0.14661294,0.36696067,0.37565818,0.06335147,-0.16682245,-1.0360658,0.094119266,0.46723416,-0.037222013,-0.90204316,-1.0149789,0.65528136,-0.23560227,0.08232781,-0.07176969,0.26032096,0.1829931,-0.3192155,0.4575559,0.14015836,0.32098392,-0.9860163,0.15870528,0.9424721,-0.20455629,-0.064800985,-0.13965054,0.044449963,-0.28397253,-0.21730363,-0.002510918,0.53770983,-0.27355704,-0.41942275,0.56117356,-0.1730295,0.055565875,0.3089534,-0.7503219,-0.0326756,0.02911919,-0.24113554,-0.22745672,-0.0053834617,-0.24180031,-0.7964752,-0.22534548,-0.7235825,0.073288225,0.7686726,0.4548782,-0.14512454,-0.5535381,0.056933817,0.66652346,0.49764168,-0.22926946,-0.19479607,0.38867062,1.0590302,0.55423194,0.9929293,-0.5673547,-0.5438669,-0.41461757,0.13351066,0.028369382,-0.12256853,0.4562445,0.12141503,-0.63971716,-0.25772586,0.27876106,0.3770101,-0.060025126,0.16331178,0.30135223,-0.13951711,0.7975612,-0.23483764,0.16859901,0.71762156,-0.06511879,0.09574946,0.5490086,-0.69562113,0.52486676,-0.27505648,-1.0690063,0.076224625,0.30973038,-0.2003684,-0.11129714,-0.9964512,0.5523009
bismuth_compound,0.114880264,-0.14565814,-0.005204958,0.021234067,-0.6768973,0.05465362,0.28000456,0.22854002,-0.05867335,-0.16009802,-0.347709,0.09183245,0.44596052,0.25506395,-0.99843764,-0.9832866,0.5447917,-0.369347,0.2899104,-0.039392687,0.10914374,0.240981,-0.31617016,0.4895913,0.23843665,0.3093472,-1.0339369,0.37529522,0.654064,-0.09156999,-0.03487763,0.030553078,0.08960093,-0.38721335,0.19090566,-0.0035416735,0.46907806,-0.3144569,-0.31691065,0.4083351,-0.57859576,-0.16598901,0.36185923,-0.3573787,0.15441436,-0.28505263,-0.37893075,-0.35637194,-0.22354215,-0.14741625,-0.262601,-0.3884273,-0.44457266,0.12709256,0.40431195,0.6004625,-0.14615187,-0.47751132,0.49005246,0.73459464,0.36641386,-0.52811027,0.16613781,0.29051137,1.0796121,0.51378685,0.42581964,-0.6000246,-0.048830803,-0.23307823,0.2610322,-0.32064912,-0.13116752,0.35615686,0.06810535,-0.30805075,-0.5499598,0.06776333,0.44473666,0.3392654,0.13207957,0.14160961,0.024337925,0.54766077,-0.1380747,-0.08791881,0.7493222,-0.17278194,0.0069903345,0.5586984,-0.44423348,0.32616025,-0.19594243,-1.2192084,0.21637537,0.36861095,-0.476272,-0.29058692,-0.69469404,0.32208568
drug_release,-0.14523734,-0.6189085,0.11298798,0.08231412,-0.53223807,0.18699005,0.20066449,0.4971123,0.2895086,0.31897262,0.47912666,-0.27267143,-0.4273419,0.10415419,-0.3423713,-1.1241015,0.9732998,-0.19224346,-0.21147703,0.30484617,0.16001272,0.17158271,-0.40990067,0.5919798,0.28170684,0.15138493,-0.7055073,0.6732314,0.0163622,-0.049132004,0.036002852,-0.8107614,-0.51602453,-0.7575039,-0.026673255,-0.31042668,0.078384615,-0.96803945,0.19640744,0.96129817,-0.025595542,-0.19308788,0.13674651,0.043815494,0.4064564,0.18255089,0.41872472,-0.19483198,0.37571815,0.034472324,-0.2517898,-0.11496823,-0.5561935,0.43622342,0.4256837,0.74803823,-0.215956,-0.3030401,-0.3768541,0.6118822,-0.3625541,0.070668586,-0.29510602,0.24309991,0.45014012,-0.1184023,0.96998,0.8187625,-0.2723693,0.34231812,0.57418954,0.54270285,-0.14705382,0.95509434,-0.3060348,-0.4729113,-0.10837986,-0.10490206,-0.13000175,0.81473887,0.29270163,-0.19311778,0.42551428,0.37082165,-0.5116243,-1.1274718,1.0577548,-0.5350244,-1.0396693,0.4764505,-0.37911776,0.010555637,-0.8840124,-0.3722555,0.082644865,0.041022856,-0.21846445,-0.3419528,-0.24351531,0.53836954
antidiabetic_agent,0.10861552,-0.92679125,-1.0129029,0.46388996,0.2718844,0.0134193525,-0.13733542,-0.09092709,0.70889634,-0.37117174,-0.21476671,-0.6256381,-0.078449376,0.3350486,0.42604795,-0.6222763,0.11845636,0.018469032,-0.54955995,0.3934379,0.35329357,0.3619629,-0.6279517,0.47057626,0.43834773,0.23248604,-0.41372356,0.1230094,0.73135835,-0.25355986,0.49686575,0.14241429,0.8075977,-0.12530796,0.1488872,-0.15182917,-0.34227446,-0.8845428,0.14530157,0.718759,0.12628093,-0.4333359,1.0782462,-0.20052102,0.22749318,0.42435777,0.4961722,-0.06177141,0.3264299,-0.16415864,-0.26420173,-0.6821243,0.32685313,0.42411938,-0.007745888,-0.07003847,-0.7343836,0.94907516,-0.26159605,0.5452335,0.1237217,-1.0366869,-0.77801013,-0.2859691,-0.2319258,0.08910249,0.30291831,0.0482941,0.6086357,-0.021614067,0.53658956,0.37484226,-0.22854799,-0.08805895,-0.2802872,-0.080527,1.3392844,-0.13244465,0.36161008,0.09796498,0.38868195,-0.062163364,-0.122881286,-0.17007367,-0.59280014,-0.3807636,-0.36423177,-0.2961857,-1.0568045,0.48497403,-0.53964216,0.43808296,-0.25688836,-0.10913517,0.626674,0.35173166,-0.3282195,0.15461756,-0.1853101,0.34492677
stochastic_system,0.016018027,-0.22443673,0.07588657,-0.13019428,-0.74657404,-0.31064945,0.59932995,-0.11854014,0.19996603,-0.05105071,0.28930452,0.4668054,-0.91830367,0.6217838,-0.20688167,-0.753567,0.18385363,-0.3594569,0.032690246,0.41995883,0.14942898,0.110951535,-0.34116688,0.26938838,0.7322844,0.26614147,-0.41762057,-0.15069105,0.11902594,-0.8242637,-0.52689105,-0.021380423,-0.13579196,-0.12257878,0.03220788,-0.32753214,0.3853224,-0.23226146,-0.0995786,0.23146264,0.6514232,-0.40660948,-0.095186934,-0.14545618,-0.04202486,0.034248754,-0.30136365,0.7037819,0.42758828,0.019306106,-0.46765617,-0.69232047,0.40325108,-0.09604596,1.0465417,-0.036551777,-0.057875697,-0.15733351,0.06603541,0.109399445,-0.1867341,0.7372097,0.018510193,0.64410603,1.017427,0.3485631,0.16254444,0.6001228,-0.5007458,-0.051063523,0.13267177,0.18588935,-0.1239567,0.14871733,0.342836,-0.27080223,-0.43895623,0.68329674,-0.27607462,-0.35837388,0.040266924,-0.2056185,0.19346982,-0.3157976,-0.009205601,-0.2757615,0.16739452,-0.14469059,-0.40654624,0.46594986,-0.6235825,0.8452403,-0.648753,-0.40076798,-0.086302236,-0.33398938,-0.20193085,0.39837226,0.043727607,0.28997618
efficiency,-0.26827955,0.014755073,-0.6059722,-0.6008195,-0.7491195,0.37771273,0.43507504,0.018319022,0.33790454,-0.48380312,0.43390635,0.6799129,-0.8516353,0.68007994,0.13309848,-0.8282659,-0.11375402,-0.4698817,-0.28212097,0.20708714,0.4466282,-0.10565321,-0.10724197,0.12765598,0.44993728,0.30603662,-0.2988341,-0.429369,-0.049051385,-0.27547708,-0.17274283,0.18054424,-0.33966893,-0.10997789,-0.35192797,0.3813162,-0.044567786,0.20694824,0.13491148,0.064014636,0.45344833,-0.24238805,0.32094452,-0.18068302,-0.06729027,0.1529168,-0.07977002,0.77423805,0.2142179,0.2358794,-0.5250123,-0.38482618,0.6185793,0.3012518,1.0734206,0.31688306,-0.49917686,0.03687547,-0.5700741,-0.09342038,-0.8471227,0.7960314,-0.3885306,0.39360872,0.67531633,-0.030145636,0.32308626,0.38336766,-0.40099803,-0.3370792,0.13469687,-0.0055214264,-0.059659366,0.02929521,0.3209631,0.4305853,-1.1689329,0.29451287,-0.21243976,-0.6167577,0.19293241,-0.36359692,-0.094362214,-0.030826984,-0.034055836,-0.29629788,0.277507,0.25335407,0.02186089,0.91049594,-0.8878934,0.41887936,-1.2811794,-0.4279844,0.7168482,-0.22763993,-0.03306588,0.21702121,-0.2673419,0.10409325
infrared_spectroscopy,0.8338524,-0.45971218,-0.46851322,0.27147996,-0.31874263,-0.025838053,0.4857074,0.15010811,0.29885694,0.5183139,-0.29855385,-0.26116753,0.0724181,-0.15492451,0.32981563,-0.31174532,0.20553671,-0.57717294,0.05381799,0.34919855,0.64086556,0.4424824,-0.6702586,0.21696371,0.76181644,0.19326434,-0.5586017,-0.53882855,0.19453421,-0.20483351,-0.014528729,-0.65561974,-0.04339231,-0.41020188,-0.038411457,-0.5122882,0.30539212,-0.07882725,-0.3127905,0.46979108,-0.41721904,0.18519992,0.83761275,-0.9447926,0.41894093,-0.26899534,-0.5910521,0.41196603,0.039056677,-0.3436281,-0.043272987,0.09844397,0.60884833,-0.44714323,0.44476277,0.078286596,0.23649457,0.40455902,0.47748896,0.5550726,-0.18377511,-0.0003731088,0.24829935,0.30590424,0.66361165,0.4954604,0.5535733,0.31256717,-0.1814367,-0.9038508,0.42321655,0.56112546,-0.42342934,0.3186638,0.59913987,0.020168224,-0.27927303,-0.09848711,0.66990775,0.9699427,-0.70157814,0.328296,-0.8900139,-0.08989217,-0.11980709,-1.1604548,0.3827023,0.3365408,-0.19763495,0.9434984,-0.7410735,0.4457826,-0.041552465,-1.0517626,-0.19247548,0.65249205,-0.7208094,-0.9050557,-0.1898503,-0.03370102
fruit,0.28371075,-0.07994958,-0.36165845,-0.32054144,0.30231643,0.4406324,0.521014,-0.3783333,0.021976894,0.6407392,-0.9838565,0.256569,0.16843927,0.6123573,0.03448373,-0.51641154,-0.010006289,-0.899455,-0.13234513,-0.051683884,0.3545996,-0.90321183,-0.91501015,0.20375882,0.10487662,0.0022535287,-0.008385983,-0.24856925,-0.34165445,-0.19285655,-0.020687541,-0.8356855,0.57210946,0.44651574,-0.11567913,-0.20279278,0.022365784,-0.26661408,0.22196293,-0.44046748,-0.35996938,0.3441878,0.1988984,-0.49736926,0.24493046,0.24549958,0.0014538729,-0.24704002,-0.4772735,-0.21087879,-0.2089466,-0.38179034,0.0014726771,-0.11529329,0.041313853,-0.55062467,-0.25232914,0.42916954,-0.6313879,0.37853038,-0.26460093,0.003004373,-0.42751104,-0.4487918,0.24304874,-0.3328528,-0.22194774,-0.22757936,0.12975118,0.7383896,0.16537593,-0.21332943,-0.2264677,-0.44095328,0.11620757,-0.013140391,0.47278038,-0.18173778,0.5880662,-0.3190363,0.010348635,-0.016371746,-0.3537672,-0.3756755,0.25413334,0.6770603,0.29665723,0.22586238,0.21948226,0.6871282,-0.3499766,0.037489098,-0.55025643,-0.5096452,-0.2378451,0.1966863,-0.2138904,0.44005525,-0.46363252,0.25424102
metal_organic_framework,0.30466506,-0.30646876,0.19955638,0.4516608,-0.7310526,0.39685717,0.3441568,0.23196787,-0.023414025,0.048447233,-0.78879875,0.0580246,0.009260632,-0.110885166,-0.2768568,-1.4986867,0.40200007,-0.03658604,-0.25034976,-0.12846814,-0.07663772,0.27163047,-0.22702353,0.7942235,-0.09819055,0.27761325,-0.8990942,-0.31898224,0.7910418,-0.055540856,0.009979842,-0.34243968,-0.09964041,-0.122253254,-0.5044606,0.24551842,0.70735395,-0.35363665,-0.22364585,0.68000054,-0.11607009,-0.11754534,0.4675102,-0.46973565,0.11989265,0.39714143,-0.2787423,-0.06755005,0.0300413,-0.41323075,-1.1534251,0.030753976,-0.9238664,0.14170943,0.77409047,0.71456164,-0.16657847,-0.21862471,-0.0869248,0.40167037,0.5076317,-0.008410034,0.017679645,0.058599416,0.6078187,0.19183287,0.69512045,-0.29208204,-0.36858356,-0.33839363,-0.34365466,-0.3539084,-0.47898397,0.3070486,0.14530995,-0.3170597,-0.3165678,0.1670203,0.82042897,0.4651506,0.17896114,0.14881104,-0.23260403,0.4578685,-0.17864516,-0.13523647,0.9321177,-0.12213995,0.11836277,0.45991358,-0.75880295,0.33694863,-0.57212234,-0.60031843,0.16940624,0.43018058,-0.12611303,0.0517332,-1.2901965,0.7371908
drug_structure,0.10328851,-0.7043144,0.1262168,0.4361331,-0.25468922,1.144257,-0.011521311,-0.44509813,5.406658e-05,0.6298293,-0.38246623,0.323125,-0.64266586,-0.19708902,-0.051169135,-1.1749724,0.19935112,-0.18774876,-0.56698936,-0.15329902,-0.0961732,0.17404984,-0.40965268,0.7042589,0.0455193,-0.5053761,-0.6706865,-0.37298152,0.33869663,0.1295591,0.45701504,-0.021522515,0.6736778,0.24607031,-0.10554145,0.05228845,0.980297,-0.43921435,-0.052021127,0.37945342,-0.4554541,0.09733245,0.8840448,-0.07628247,0.24586299,0.1425591,-0.49311805,-0.40260068,0.086916536,-0.42891675,-0.5229012,-0.4265011,-0.25878236,-0.09487664,0.51043266,0.45498076,-0.079689175,0.2682865,-0.48138013,0.47559503,0.6442838,0.34362927,0.22703056,0.31483915,0.36236894,0.6596278,0.13024932,-0.06982756,-0.1200021,-0.8712723,-0.06676303,0.041639592,-0.83788073,-0.059210856,0.084677145,0.3091058,0.30375856,0.04774336,1.0496355,0.12828451,0.16685511,0.17987147,0.06390164,0.21743199,-0.70640653,-0.46855906,0.663622,-0.36803734,-0.21126871,0.088415995,-0.47595397,0.29278627,-0.66674536,-0.092644036,-0.002680392,-0.04048162,-0.40330547,-0.033812042,-0.66715205,0.701144
ketamine,-0.1505009,-0.26776823,0.30415258,-0.13695739,0.08386785,0.37311482,0.27881795,-0.52703214,-0.3463128,-0.2908616,-0.6635236,0.03247273,-0.15473163,0.85577446,-0.26168156,-0.7028905,0.6905266,-0.5097217,-0.37856886,0.29384646,0.361095,-0.16547655,-0.28674603,1.2447665,0.42871496,0.87131816,-0.36238936,0.21621275,0.12419462,-0.33124253,-0.1094676,-0.0036762066,1.016378,0.033636697,-0.13013965,0.2778528,0.3762389,-0.3526866,-0.38338122,-0.19676155,0.07736788,0.23976332,0.20512006,0.07777293,0.5044631,-0.040972814,1.2340933,0.2805518,0.038832176,0.06117685,-0.09876811,-0.9406583,-0.4000913,0.33225718,0.6041487,-0.35297117,-1.2799263,-0.20334366,-0.2511554,-0.044552885,-0.39422867,-0.08634458,-0.7214882,0.26013038,0.3890165,0.047598865,-0.11042558,-0.60849935,0.02766768,-0.33490998,0.3017847,-0.19971038,0.50842327,-0.5133347,0.7434814,0.3301111,0.08228492,-0.14929424,-0.23754328,-0.15858445,-0.13180971,0.12078629,-1.0070037,-0.060966603,-0.26514092,-0.35501537,-0.07528001,0.3790037,0.49814436,-0.28804076,-0.53902626,0.3171453,0.065880254,-1.0952008,0.26181766,0.3112959,-0.55556047,0.64588624,-0.5654124,0.49794525
isoflurane,-0.2877516,-0.30896905,-0.05643876,0.15433688,-0.045208987,0.13806604,-0.5722973,-0.18424414,0.6918588,-0.30876952,-1.1628933,-0.071759135,-0.78110355,0.8379167,-0.033978537,-0.7883713,0.5475138,-0.6078346,-0.37169257,0.33716393,0.18145183,-0.06279451,-0.40310436,1.0666844,0.01560258,0.6029123,-0.94822156,-0.08075052,0.26013175,-0.14582938,0.15754193,-0.044922613,0.73246884,0.03621876,-0.5208358,0.42098156,0.65617025,-0.37021255,-0.07453461,0.30587953,0.4724985,0.49204472,-0.020165049,0.452218,0.5479736,-0.009752498,1.3474724,0.12771949,-0.0018569691,-0.36258766,-0.28807276,-0.41211703,-0.17086218,0.38668093,-0.06076362,-0.29848745,-1.5494465,-0.3008779,-0.26428127,0.029250482,-0.46723953,0.1566972,-0.8064849,0.6869795,0.19498394,0.065347195,0.0062090484,-0.024189623,-0.090511315,-0.35308567,0.2427722,-0.10941705,-0.55035603,-0.696163,0.3772799,0.31985313,0.02725929,-0.3036672,0.26033774,-1.139251,0.20693211,0.17440863,-0.41120628,0.8750869,0.187504,-0.05296285,-0.4676935,-0.09173868,-0.12810792,-0.15981463,-1.2577922,0.23678277,0.2933774,-0.38913387,0.016224708,0.36132264,0.11798304,0.42431268,-0.8982555,0.011752593
decapitation,0.053830035,-0.693027,0.13763803,-0.052502654,0.27282372,0.5345799,-0.06818122,-0.49157003,0.018109223,-0.030994577,-0.7738993,-0.21680902,0.2620207,0.2937576,-0.38432008,-0.70590794,0.79038125,-0.46240562,-0.7323449,0.41295046,0.45913962,-0.05946488,-0.57815844,0.7859079,0.7867311,0.60718185,-0.35048518,-0.18761933,0.3675224,-0.23810367,0.39589423,0.2797709,1.0375773,-0.30058968,-0.13141169,0.0654717,-0.11256444,-0.1290988,-0.3350057,-0.7269632,0.32522774,0.24901171,-0.2152571,0.12540078,0.2330098,-0.15202206,1.0106131,0.06390131,-0.058840625,-0.2044521,-0.048612665,-0.06528636,-0.29876527,-0.0507513,0.68500376,-0.38945472,-1.2238133,-0.20335889,-0.14890715,-0.17373586,0.10256434,0.13162704,-0.6407247,-0.089846626,0.49569994,0.33652157,0.010879893,-0.20494455,-0.021842886,-0.18115602,0.040161073,0.2698311,0.55901444,-0.18497835,0.8242409,0.3869879,0.56760633,-0.26767826,-0.010195671,-0.17533085,-0.29366755,-0.12404243,-0.6765634,0.22517851,-0.37516043,-0.56784993,0.13905296,0.46739373,0.121522866,-0.031814963,-1.1459913,0.17442673,0.060403988,-1.0307355,-0.19944344,0.34545252,-0.27714697,0.027469035,-0.40691677,0.62799066
amino_acid,0.39218354,-0.16690199,-0.4724631,-0.14862043,-0.03568607,0.46306878,0.67736745,-0.009995523,0.78857,0.08436331,-0.355846,0.3347788,-0.2117161,0.00861854,0.22213505,-0.4408011,0.011084991,-0.7809342,-0.40743962,-0.13893089,0.22611603,0.2902282,-0.3714475,0.54098356,0.2688926,-0.4678096,0.0018348516,-0.6227379,-0.4495688,0.22469883,0.4572753,-0.18164624,-0.28914165,0.051304042,-0.5001313,-0.13565373,-0.03582812,0.52613795,0.33049875,-0.4850726,0.12259647,-0.13160631,0.21072526,-0.09378891,0.7683231,0.3847091,-0.15122664,0.42664212,0.31263372,-0.147963,-0.014964486,-0.32723922,0.0033173733,-0.7247241,0.69293064,0.14590144,-0.213979,0.6379301,-0.32853296,0.11266239,0.6222349,0.528656,-0.35650593,-0.035755876,0.049217507,-0.6561889,0.19400908,0.5315113,-0.2526792,-0.18285657,-0.09918162,0.2323781,-0.8631451,-0.02212335,0.49094898,0.73140776,-0.3193201,-0.0009778136,0.662182,-0.7906426,-0.08483448,-0.12690349,-0.3111516,-0.9151052,-0.06917495,-0.050796736,0.07583387,-0.2431425,-0.60852414,0.7445635,-0.8116351,0.11730488,-0.711061,-0.18338372,0.324929,0.49894744,0.11197593,-0.22470203,-0.70498836,0.07490807
tensor,0.11048957,-0.084888875,0.3909472,0.016121088,-0.48101288,0.033784315,0.8816932,0.26064003,0.41614005,-0.27596337,0.11548741,0.1606395,-0.8092944,0.5037007,-0.24639162,-0.9901153,0.6435491,0.60141045,0.051863983,0.5094766,0.47488067,0.558461,-0.56558627,0.7552432,0.32123673,-0.0041255862,0.12607817,-0.023250775,0.66233087,-0.5954,-0.69481176,-0.13728644,0.12518872,0.3379252,-0.5972147,-0.079891,0.12118794,-0.3663386,-0.6335636,0.42386106,0.3517829,-0.05338939,0.1562112,-0.35683665,-0.14251336,0.11530818,0.33685026,0.68424493,0.34913307,-0.109961174,-0.6310907,-0.1794075,0.20280854,-0.13968943,0.61383826,0.15575889,-0.38244575,0.20732702,-0.1976087,-0.10167862,0.016743504,-0.006943703,-0.35471103,0.4513563,0.29182374,0.44342405,0.29302907,-0.47126457,-0.19604443,0.13683788,-0.15386893,0.019507384,-0.52612096,0.17844239,0.16148713,0.27123246,0.5530572,0.40004015,0.4772493,-0.041403737,-0.10471181,-0.092029616,-0.22501479,-0.23640566,-0.44104,-0.1111981,0.18987872,0.29189417,0.05733196,0.55186,-0.85097075,0.611623,-0.24644136,-0.47950697,0.06787487,0.032742493,-0.4964056,0.23091142,-0.9807212,0.20220384
pharmacokinetics,0.27716926,-1.1656438,0.030975701,-0.19931953,-0.3142741,-0.03511776,0.39420182,-0.42543092,-0.02633144,0.44427466,-0.5169539,-0.92727757,0.24514887,0.06516015,-1.6242704,0.13759962,-0.014580952,-0.8749655,-0.2008851,0.3543403,0.6385304,0.07276962,-0.21575558,1.0431696,0.28714278,0.58571523,-0.34108514,0.7619822,-0.59566325,-0.42623273,0.67242795,-1.0221853,0.62875116,-0.28034544,0.12365062,-0.2717626,0.2666424,-0.49276385,0.6903295,0.40848982,0.3760949,-0.034772046,-0.54666907,0.06667722,-0.09617273,0.23611195,0.3000026,-0.6025586,0.6712745,-0.38400963,0.96784157,-0.69415677,-0.2967102,-0.78352904,0.1545008,0.42944548,-0.85635084,-0.15748271,0.17525208,0.8416728,-0.21934988,0.07707976,-0.06261028,0.37338942,0.45916817,0.27164227,-0.07725395,0.8080842,-0.78660357,0.82068366,-0.12834653,0.08240505,0.53427255,-0.18275599,0.6158924,-0.5455097,0.57610583,-0.27306846,-0.63986284,0.36940563,0.68728346,-0.4320924,0.191904,0.08780218,0.24111654,-0.80088335,0.7993091,-0.75505346,-0.6759744,0.07841774,0.10318386,0.47643116,-0.5349605,-0.96778226,0.19986375,0.17180964,-0.3494035,0.31485927,-0.58905464,0.58101916
hysteresis,0.09617315,-0.6875011,-0.33738494,-0.08946962,-0.51414794,-0.8011157,0.5582495,0.07320315,-0.25518873,0.22468004,0.21093543,-0.64532214,0.20306873,0.36659095,-0.7407758,-0.6799069,0.067867644,-0.85230446,0.34622067,0.26082307,0.56110793,-0.07235718,-0.06880208,1.177097,0.09823309,0.05389935,-0.516284,0.6458296,-0.3653821,-0.44642696,-0.106498085,-0.4713984,-0.18033314,-0.0048960233,-0.08517994,-0.021344941,-0.12184692,-0.3211119,0.2278416,0.46121725,-0.3831556,0.004489933,-0.43902856,-0.23093902,-0.31506765,0.4230598,-0.06089565,0.6941231,-0.07166051,-0.035453603,0.123103306,-0.67560196,0.3772675,-0.37521487,0.70617145,0.27110815,-0.3736805,-0.14952412,0.095818356,0.25006816,0.042087365,-0.027285064,-0.658545,0.25303295,0.54833716,0.42973682,0.47318834,0.33446723,-0.26180744,0.48484844,0.3237227,-0.43351105,0.1460398,0.07916803,0.19631174,0.06778479,-0.5507761,-0.2507086,-0.57732797,0.10161929,0.21602876,-0.32128388,-0.082588375,-0.33254436,0.1828136,-0.21723695,0.6253408,-0.028285448,-0.32267064,0.053189974,-0.029690886,-0.19501722,-0.7311517,-0.96841127,0.36441675,0.08898475,0.115930386,0.21677972,-0.9517336,0.3826176
ethylene,0.79581153,0.17322594,0.006417882,-0.44289282,-0.112185106,0.92655605,0.7633714,-0.1531183,0.28443605,0.21792181,-0.71269304,0.49709025,0.48383388,0.76560736,-0.11186245,-0.8313939,0.83041203,-0.96879053,-0.12827566,-0.10617012,0.61300606,-0.14975855,-0.2755229,0.630891,-0.07487245,0.27242404,-0.7446142,0.14419694,-0.22975838,-0.4198293,-0.6154399,-1.0422468,0.88350374,-0.20359477,-0.44385558,0.011524075,0.20475358,-0.22221653,0.29415423,-0.034682527,-0.781586,0.22848697,1.2496505,-0.8956,-0.25436652,0.012477364,-0.5464007,0.015653707,-0.10640072,-0.045643125,-0.092554264,0.27107596,0.3262969,0.034576043,0.33883107,-0.059568424,-0.0064345375,0.3899657,0.0914983,-0.124069534,-0.58010983,0.12190172,-0.43212405,-0.21285138,0.34937963,0.19713512,-0.13335207,-0.9820885,0.025029946,0.2747098,-0.2395826,-0.21603638,-0.2066023,-0.29764313,-0.14741145,0.028246786,-0.5448233,-0.10412238,1.0764654,0.3590253,-0.42617375,-0.48242718,-0.8899401,-0.64629847,0.16697975,0.5487676,-0.0053115264,0.41535187,0.96848,0.52137566,-0.85645115,-0.019850558,-0.91458106,-1.0554032,-0.025631724,0.04667984,-0.11947884,0.84971887,-0.66808784,0.29715103
equilibrium_constant,0.3362905,-0.26855046,-0.24860959,-0.28484347,0.05666707,0.16165619,-0.1211951,0.493933,0.3166717,-0.13825013,-0.2822099,-0.11381266,-0.7376211,0.1307687,0.7078827,-0.32154742,-0.05127459,0.24615559,-1.0958911,0.13691851,-0.03705169,0.6249072,-0.11704383,0.8847435,-0.14825724,-0.0376385,-0.7501999,0.26303664,0.21282424,-0.82994694,0.13794982,0.05206087,0.11282426,0.29115543,-0.17409977,0.50241125,0.20801957,-0.7387428,-0.63353527,0.71579665,0.09296372,0.21111627,0.40931246,0.5152213,-0.12899032,0.16257423,-0.11539864,0.8261758,0.037844744,-0.91567504,-0.13655804,-0.5815368,0.04981047,-0.17993988,0.61035866,-0.36274314,-0.7924815,0.7601895,0.30476004,0.30232877,0.53527755,-0.56226283,0.40292162,-0.13647796,0.2674022,0.11397055,0.42579204,-0.14541449,-0.5386519,0.118727304,0.1709227,0.42081586,-0.33882934,0.24763006,0.29102752,0.3904438,-0.4457184,0.15279709,-0.12113079,0.30402255,-0.31215593,0.20001845,-0.29445732,-0.1441114,-0.5658552,-0.15685695,0.17552744,-0.44434795,-0.49873316,-0.15254697,-0.62379146,0.47759306,-0.16885434,-0.42430234,0.3127721,-0.005575924,-0.5506087,-0.13229246,-0.6394762,-0.002905404
phase_interface,0.21188374,-0.043515272,0.07419769,0.6667691,-0.50511336,0.33428636,0.5675848,0.3844566,0.7005155,-0.27822727,-0.20346698,-0.022564923,-0.49939647,-0.07619727,-0.21202187,-0.98163474,0.6895527,0.41936082,0.076301984,0.3076339,-0.16326785,0.21928234,-0.045534015,0.73457986,-0.53719527,0.26417336,-0.081312664,-0.4078939,0.92547566,-0.28377452,-0.7590109,-0.31922254,-0.09262861,-0.060323894,-0.629278,0.13057896,0.29725397,-0.25594908,-0.60428053,0.33648086,0.24869193,0.5298411,0.34932977,-0.7401793,-0.20023313,0.42084205,0.33500016,0.08095532,0.51677585,-0.01017849,-1.5294935,-0.10179528,-0.93459636,-0.116534844,0.65607613,0.4073828,-0.3064085,-0.0046542566,-0.099457115,0.11918475,0.4176573,-0.14228562,-0.21601625,0.53683656,0.55365324,0.33897075,0.72963786,-0.459764,-0.7238907,-0.4677505,-0.56134903,-0.21003696,-0.23539874,0.5903285,0.025837436,-0.36974272,-0.3066762,0.06903812,0.7208392,0.30220813,0.34676033,-0.30592588,-0.6277108,0.3940819,-0.6162784,-0.3842048,0.68846214,0.27119976,-0.0014125829,0.49734062,-0.7702843,0.45646632,-0.3092554,-0.7679865,-0.16413274,0.42597482,-0.09283376,-0.357939,-1.6010273,0.50701416
poly,-0.7069707,-0.19605127,-0.065753594,0.28207314,-0.19565515,0.13070373,0.75870305,0.25200954,0.30565852,0.112347014,0.23047905,0.7492261,-0.15916623,-0.032380853,-0.31890503,-0.84594095,0.9540271,-0.044585675,0.59264016,0.09335949,0.22093031,0.21737307,-0.24320774,0.5388048,0.07993842,-0.4940004,-0.4459774,0.09440433,-0.22784905,-0.40706542,-0.377046,-0.642856,0.17822933,-0.46114713,0.00068788737,-0.14841482,0.041555267,-0.5080232,0.39599302,0.626494,-0.32361686,-0.4378729,0.59334064,-0.07070784,0.3943505,0.46931747,0.15254833,-0.39009053,0.024740549,-0.22978379,-0.06750056,0.1327029,0.06257444,0.22164626,0.49503928,0.5223012,0.54832935,-0.34033775,-0.5020932,1.2357032,-0.6395597,0.10906874,-0.09689883,0.52092683,0.5578838,0.19818273,0.8796429,-0.08237275,-0.36689827,-0.075914465,-0.16348222,0.31911445,-0.35198265,0.44353357,-0.5244242,0.04832954,0.07934836,-0.055142663,0.40595967,0.7950327,-0.07215613,-0.47548556,0.354913,-0.07886295,-0.6413133,-0.30304486,0.34126467,-0.5636692,-0.7281574,0.67937887,-0.45191714,0.31000158,-1.0658991,-0.3228398,0.4443075,0.1350431,-0.14429812,-0.33483684,-0.56007314,0.24284917
citrus_fruit,-0.2634236,0.0037866856,-0.20564215,0.14190985,-0.4684262,0.058573205,0.32248127,-0.00040352784,-0.09130986,0.3884588,-0.32401273,0.41220725,-0.27795377,0.045877438,-0.84091425,-0.88920635,1.233672,-0.31697634,0.44419944,0.05800537,0.16787697,0.041022014,-0.25224322,0.4593496,-0.042809054,-0.06636153,-0.90887755,0.2522399,-0.3562271,-0.33293337,-0.37133706,-0.19621588,0.27692625,-0.5828598,0.11403133,0.08620873,-0.2108413,-0.55765224,0.10692653,0.40139553,-0.4958737,0.13408601,0.6986071,0.039315443,0.21877714,0.09222128,-0.09047534,-0.63319504,-0.07552894,-0.1937625,-0.15693802,-0.5466281,0.037382588,0.09436358,0.19513345,0.39098775,0.39656785,-0.83657724,-0.13182956,1.1254625,-0.42573884,-0.49288136,0.32346568,0.6699061,1.2156636,0.12287699,0.37197915,-0.6148499,-0.3546268,0.20582396,0.30040053,-0.14295681,-0.28114554,0.28576437,-0.35961697,0.09819919,0.050581187,-0.22312109,0.27168417,0.6932745,-0.22593595,-0.48174527,0.044036306,-0.017674232,-0.36853772,0.13521641,0.63567865,-0.32858157,-0.029631415,0.435741,-0.34823012,0.17862485,-0.33131576,-0.9623734,0.095748484,0.16444686,-0.34174535,0.24328236,-0.37697053,0.10798216
tumor_marker,0.72719264,-0.8773483,0.21722677,-1.3329095,-0.21414813,0.25483534,0.3361535,-0.54618007,0.18254869,-0.006390252,-0.95714355,-0.16696791,0.04628253,0.9416748,-0.88466316,-0.22786863,0.9290696,-0.5628728,-0.62485754,0.115212895,0.008116668,-0.32730833,0.10512603,0.6641011,0.35427758,0.107395254,-0.438376,0.6712169,-0.41785297,0.58215857,0.58107895,0.19622988,0.26189446,0.21707419,0.06029515,-0.5041215,-0.2950201,-0.43899682,-0.17147124,0.06268846,-0.13597094,0.25974476,0.8553934,0.07536993,0.0059350953,-0.03667666,0.30687243,0.44753692,0.6527859,-0.21316615,0.4628006,-1.3109859,0.26521543,-0.087814726,0.74792635,-0.3937456,-0.4579656,-0.15901679,-0.18632054,0.6447361,0.27019218,-0.08915257,-0.2578038,-0.5932247,0.40804356,-0.34171036,-0.8615761,0.09032063,-0.33275965,0.44914985,0.51579225,0.46088096,0.35811466,-0.1857287,0.109309964,0.018182216,0.35038695,0.27729207,-0.4655745,-0.4752671,0.24341527,-0.305037,-0.33652708,0.04731004,0.014675824,-0.25952426,-0.44187674,-0.041901987,0.44739944,0.5140334,-0.5243842,0.60986114,-0.2978126,-0.7602331,-0.0589694,-0.0851618,0.14659661,-0.26517358,-0.2757841,0.291825
peripheral_blood_mononuclear_cell,-0.26880074,-0.8102392,-0.024121333,-0.6436936,0.077844754,0.14878713,0.6041434,0.31134683,0.9888598,-0.5832039,-0.40318066,-0.9086262,-0.12132465,1.3239399,0.0002546318,-0.28687698,0.42063335,-0.6264148,-0.3584185,0.1855273,0.4688811,0.46614692,-0.44621816,0.52436143,1.0068091,1.2089131,-0.35194337,0.4145949,0.057632793,0.14671916,0.71631306,0.01770659,0.33518618,-0.50641614,0.24778803,-0.94115406,0.045827396,-0.38231847,-0.11100981,0.34185016,0.07231668,-0.2488581,0.80770814,0.17908823,-0.08722445,-0.3283953,0.6740182,0.22982696,1.2450175,0.22571076,0.66570556,-0.8548287,0.31040493,0.1989595,0.2537471,-0.16937111,-0.48875198,0.7945063,-0.250028,1.0233856,-0.28379366,-0.71641487,-0.9620149,0.0953081,-0.38536078,-0.1547882,0.07386639,0.13557552,0.007898983,0.30292448,0.9712459,-0.1721901,0.13404925,-0.34670633,0.23918623,0.12662688,0.58026403,-0.060472224,-0.12722185,-0.35755306,-0.010949404,0.018384494,-0.4353703,0.2662663,0.28605843,-0.25559297,-1.0644965,-0.81512755,-0.3971396,0.63355595,-0.62471503,0.6256555,0.3022202,-0.4283515,0.45341152,0.28804323,-0.25410256,-0.322283,0.1253018,0.373356
limit_of_detection,-0.38054013,-0.57686824,-0.5960395,-0.8183757,-0.060035814,0.65000933,-0.380026,0.048425492,0.26466814,0.05314388,-0.028860755,-0.47223404,-0.17424345,0.7309863,-0.20072697,-0.40127954,-0.42613733,0.06678452,-0.90933824,-0.24697879,0.31281173,-0.64344084,0.16129364,-0.44981927,0.38298112,1.6159114,-0.1825978,0.17876647,0.0385414,0.5059357,-0.18476497,0.25303012,0.69878286,-0.41017544,0.19984794,-0.15053637,0.5912312,0.21585397,0.15067948,-0.27782872,-0.073320635,0.50117356,0.64299893,-0.3720496,-0.63280785,-0.24245872,-0.20925318,0.21238229,0.88303155,-0.7008591,-0.007094947,-0.43852785,-0.52055764,-0.008359562,0.30346823,0.46120524,-0.14977075,0.50743127,-1.0063277,1.0102448,-0.18386999,-0.33571854,-0.08536742,-0.20419657,0.21369778,0.09931393,0.313621,-0.20730822,-0.3275941,-0.27888778,0.3744565,0.061119955,-0.05248357,-0.22937557,-0.14143707,-0.5074136,-0.1951143,-0.77079844,-0.114606865,0.15197867,-0.10877491,-0.25376683,-0.69378155,0.21482317,0.06634462,-0.24482629,0.47079128,-0.7904994,-0.107670315,1.0586922,-0.48852286,0.1480957,0.035098124,-0.63763034,0.2579424,0.8700607,0.6313142,-0.3202652,-0.23677553,0.32211673
gamma_interferon,-0.07075145,-0.23189424,-0.063802876,-0.9829005,0.010058397,0.41475996,0.049113587,-0.045157842,0.58736277,-0.23641929,-0.13318688,-0.46765536,-0.4524538,1.1462463,-0.08162901,-0.1962736,0.46131575,-0.2898491,-0.5536574,0.051653042,0.054807678,1.0188872,-0.16585359,0.37775218,0.017645769,0.7133033,-0.36788952,0.36269185,0.12104257,0.31265604,-0.7298047,0.02292748,0.439737,-0.7715241,0.11057551,-0.16899835,1.0494515,-0.625231,-0.11273326,0.118794724,-0.26543865,0.8095868,0.4542027,-0.1469562,0.06602273,-0.27230963,0.12663789,0.5492535,1.1651936,-0.4642596,0.05817568,-1.1555558,0.12921062,0.038552914,0.14266875,0.13178535,-0.6129859,1.0376827,0.13188684,0.44295675,-0.16651033,-0.1485719,-0.35891762,0.13642612,-0.4124543,0.058590453,-0.2017104,0.578832,-0.56116056,0.14118323,0.84609985,0.16693544,-0.37792483,-0.6310216,-0.1150835,-0.63821983,0.028409738,-0.08658086,-0.10677923,-0.22179,-0.0427355,-0.18349347,-0.3951048,0.1713274,-0.09308545,-0.009494348,0.08208722,-0.74728453,-0.41361734,-0.15139459,-0.8930317,0.54396117,0.3669944,-0.2594613,0.025321126,0.17277412,-0.22181535,0.13902634,-0.08536814,0.31694475
reynolds_number,0.37035346,-0.44915304,0.18101427,-0.08729102,-0.4804743,0.7297721,0.21385974,0.17076014,0.320701,-0.34182075,-0.23516206,-0.18520291,-0.29963243,0.5404395,0.09677499,-0.7913788,0.15022092,-0.10600083,-0.6067575,0.41859066,0.31546938,0.06669665,0.04148825,0.4376004,0.3934473,0.61837834,-0.47019106,-0.2008286,0.497,-1.0002185,-0.70966613,-0.44685245,0.37853742,-0.13921309,-0.6793183,0.084315844,0.6318644,-0.14143603,0.22958943,0.4674169,0.63540256,0.23946342,0.44057932,-0.89264494,-0.6376001,-0.14893764,-0.11396169,0.38627908,0.242735,-0.23382021,0.02758462,0.28134382,0.20339403,-0.13390431,0.64753383,-0.2705628,-0.41561574,0.2888435,-0.02997856,-0.35743442,-0.56412023,0.72377586,-0.23222914,-0.014755601,0.6487915,0.9857105,0.5482585,-0.1239984,-0.31101233,-0.05652817,-0.41527933,0.1716857,0.032588024,0.2503902,0.33587,-0.10383007,-0.49417987,0.5499224,0.49729207,-0.1693664,-0.099569544,-0.13143882,-0.42059287,-0.42376783,-0.024144534,0.04676474,-0.095167615,0.25565523,0.6693437,0.16238335,-1.0077003,0.39958942,-1.0102891,-0.71131265,-0.24515766,-0.11454565,-0.405356,0.5013584,-0.6629201,0.48977882
thermodynamics,0.09659154,-0.3587819,-0.46243942,-0.03576833,-0.6457675,0.44454908,0.5290672,0.2918912,0.6238925,0.57543635,-0.4150099,0.45017025,-0.3100179,0.37629858,-0.40957165,-0.44404212,0.39253268,0.13327952,-0.24049076,0.095850565,0.24686651,-0.08298412,-0.1385338,1.1965019,-0.015547195,-0.10931543,-0.5588442,-0.23608534,-0.12006427,-1.0759228,-0.35545528,-0.5745074,0.462125,0.10536941,-0.48637733,0.094679385,-0.26887298,-0.579054,-0.21141486,0.81825,-0.27088115,-0.038857214,0.384852,-0.092581615,-0.7088171,0.01529515,-0.97411835,0.104036264,0.241285,-0.6990732,0.083715774,-0.044451214,0.42570326,0.17577495,0.5666396,0.6498448,0.10779839,0.71644485,0.01760462,0.1253744,-0.06650575,0.00995245,0.1781058,-0.34785154,0.70150834,0.4574991,0.3251222,-0.26762477,-0.06928298,0.1643813,-0.70971006,-0.30938506,-0.7944268,0.12735815,0.036547475,0.69190425,-0.25347152,-0.045408517,0.838512,0.5334125,0.09474576,-0.76864576,-0.3100421,-0.18394113,0.3224863,-0.016935153,0.27216613,-0.006808314,0.2606137,0.3146794,-0.3086883,0.0072561563,-1.3091786,-0.5404378,0.35330045,-0.052881517,-0.2833651,0.49340516,-1.0176744,0.20185666
mass_transfer,0.045332983,0.19799955,0.34508204,-0.38794515,-0.42119998,0.48346606,0.6270164,0.18488069,0.71379966,-0.5737046,-0.11460435,0.76137924,-0.98851246,0.29246587,-0.06760117,-0.99029493,0.48811695,0.5569086,0.1395438,0.5021561,0.16276573,0.24106346,-0.07818095,0.64401877,-0.1083063,-0.043283597,-0.36265072,-0.01601322,0.6652063,-0.4607034,-0.9190375,-0.56167215,0.29014197,-0.18675755,-0.5135143,-0.028520223,0.10203248,-0.42390513,-0.2268147,0.21743368,0.6651363,0.20529388,0.38588881,-0.43541732,-0.105603315,-0.019307217,0.32406703,0.12892313,-0.13630983,-0.17600785,-1.0141944,0.08018392,0.1094781,-0.29040438,0.78525186,-0.17507464,-0.124412656,0.28353626,-0.2561134,0.014755206,-0.18520114,0.017808652,-0.26938072,0.5620774,0.32676196,0.26326,0.41438004,-0.4931315,-0.32638583,0.08961815,-0.2534052,0.23661232,-0.19732134,0.37696776,-0.4731218,0.23909622,-0.0893031,0.32774398,0.4910962,-0.15817939,-0.28240377,-0.323463,-0.21301474,-0.20157215,-0.50009775,-0.19995615,0.39237624,0.33353552,-0.155405,0.5693623,-1.0456963,0.42222562,-0.5062897,-0.596742,0.07763277,-0.09280749,-0.5344255,-0.21508579,-1.2906643,0.23205578
%_reduction,-0.15516226,-0.049749356,-0.54462814,-0.37321222,-0.336222,0.64234567,0.3107282,-0.11202303,0.06683529,-0.24817476,0.20239592,0.44645897,-0.3697339,0.6342736,-0.08018247,-1.050385,0.10112634,-0.05945325,0.031286202,0.17104815,0.10439634,0.3760445,-0.113334104,0.5290993,0.29601136,-0.20774579,-0.43630558,-0.37058437,0.26264235,-0.38923088,-0.3045009,0.29571545,0.18993159,0.1437204,-0.3386958,0.36290938,0.12787014,-0.24718407,0.18596594,0.22427197,0.09962033,-0.17843394,0.63023704,-0.4781867,-0.43287924,0.25855935,-0.016205486,0.3729251,-0.24154867,-0.005079009,-0.4481735,-0.28964564,0.6240931,0.287614,0.7120469,0.12231562,-0.38823873,0.01897906,-0.321829,-0.17288,-0.39260978,0.40669596,-0.4775781,0.4131213,0.39469013,0.45340416,0.28505796,0.0061190114,-0.07045239,-0.34372488,-0.007758537,-0.13911657,-0.32735714,0.011839469,-0.1745396,0.50046694,-0.56568736,0.5036097,0.23555721,-0.28448868,0.16427861,-0.18971005,0.15006602,-0.3317774,-0.08957779,0.23156777,0.12843026,0.25590357,0.25665388,0.36296052,-0.8769751,0.41121444,-1.1187475,-0.27623597,0.30402666,-0.11003109,-0.12871931,-0.0042448463,-0.6824874,0.0801124
electrolyte,-0.7488277,-0.5133847,-0.33362576,-0.9375198,-0.86653537,0.5675899,0.21289997,0.010336466,1.1874733,0.011684241,0.26840472,0.7805293,0.24799487,0.58969855,0.4241004,-0.20557095,0.76795566,-0.46717358,-0.41306934,0.20196095,-0.05873608,-0.30395752,0.3136384,0.25957656,-0.20578098,0.09258526,0.26200008,0.14683278,-0.13332386,-0.22651303,-0.70173854,0.0221158,0.41676235,0.025760353,-0.37029058,-0.31562778,-0.21425994,-0.47325358,0.3144209,-0.4554118,0.040083576,0.49869177,-0.2774142,-0.36425826,0.025953542,0.63447046,0.68908554,0.03294065,0.6814779,-0.14986865,-0.10623827,-0.4804571,0.37089506,0.1466073,1.443292,0.023341877,0.15916908,-0.10477539,-0.5449798,1.0730696,-0.84345764,0.27518725,-0.11159851,0.18949154,0.39197245,-0.14989991,0.29914302,0.63183236,-0.040938064,-0.7065569,-0.45087734,0.18036325,0.2409478,0.11140378,0.07441221,0.14824718,-0.7068717,0.48614284,-0.048549928,-0.14455882,-0.27207157,-0.547218,-0.67015845,-0.08448841,-0.44733575,0.043451387,-0.6740533,0.016568394,-0.63759184,0.7539841,-0.9991572,0.28145456,-0.6739087,-0.73963404,0.010853242,0.37843198,0.53031003,0.44993076,0.13841134,-0.14877555
aqueous_solution,-0.122813724,-0.4972815,-0.60988826,0.027091507,-0.28185925,1.0478027,0.7113916,-0.25700566,1.2886959,0.0418609,0.17839223,-0.37398112,-0.2611594,0.7561612,0.4537791,-0.70935315,0.7917464,-0.6881043,0.050328776,0.27527842,-0.11503689,0.20945624,-0.4340096,-0.59291583,0.40222993,0.2068198,-0.04372659,-0.9685744,-0.09032175,0.055354215,0.04704059,-0.59016776,0.08706591,0.2082421,-0.17433676,-0.17600986,0.04063527,-0.23403515,0.41563672,-0.29030848,-0.17432463,0.4272867,0.00028265346,-0.5766706,0.4856468,0.4571897,1.0568097,0.13356665,0.74112064,-0.34880912,-0.5368109,-0.09995592,-0.47145623,0.018379543,0.20167314,-0.059244957,-0.39025524,-0.22805749,-0.019960025,0.09048999,1.0564091,0.104315765,-0.3278181,0.10009758,0.21780162,0.08736768,0.27060288,0.7996871,-0.15608364,-0.49004227,-0.30003923,-0.2904257,-0.2395475,0.7429427,0.4825857,0.38849935,-0.7539053,0.32029063,0.81674105,0.20990396,0.28672978,-0.5629694,-0.6371335,-0.4462261,0.13691032,-0.17156161,-0.24170183,-0.2405344,-1.0799781,0.8537321,-0.11720821,0.5158836,-0.19712836,-0.2926958,0.03160103,0.6737895,0.47706246,-0.29235747,-0.5350808,-0.35290256
creatinine,0.0016656433,-0.2825301,-0.23050304,-0.31541768,-0.18307929,0.44393617,0.40332952,-0.6938413,0.30445635,-0.83846104,-0.37367988,-0.2891615,-0.7192549,0.6656036,-0.13497344,-0.4213857,1.1360787,-0.55429864,0.4190404,0.16450596,0.23787344,0.23163214,-0.71296793,-0.3144249,0.44564378,0.24331935,-0.0031737394,-0.5909942,-0.052425545,-0.13418357,-0.03340665,-0.47826824,0.28147975,-0.471525,0.019483011,-0.7629614,0.08936949,-0.55272627,0.026531262,-0.15905896,-0.38944727,0.12186739,-0.1527014,-0.14095846,0.65310067,0.15683387,0.9368061,-0.20116808,0.13026163,0.09823428,-0.4415158,-0.74260986,0.5500316,0.23900734,-0.49421126,-0.5564525,-0.70933336,-0.3393721,0.18405434,0.5483024,0.3137239,-0.5494502,-0.08662225,0.34267485,0.35592765,-0.40202865,-0.6158658,0.7492102,-0.12586415,0.5913543,-0.15528524,0.33636108,0.2396747,0.16407394,0.37198535,0.047108695,0.08776185,0.44398126,-0.08407665,0.40798616,0.46476385,-0.6491476,-0.15198453,-0.019237958,-0.3601682,-0.6617322,0.28804356,-0.4383971,-1.1095294,0.4663931,-0.77375686,0.46460956,-0.2515757,-0.16786604,0.07177192,0.16667585,-0.34430465,-0.011450925,-0.024820834,-0.8101864
comorbidity,0.11314512,-0.4182538,-0.53173596,-0.50145715,-0.11961657,-0.19966774,-0.07597159,-0.20165353,0.3478302,-0.6050623,-0.58423775,0.080398716,-0.23064384,0.84590304,-0.9803662,-0.9003847,1.1888914,-0.25792593,0.73161125,0.08571629,0.6314013,-0.15579444,-0.44240594,0.03968013,0.55718046,-0.31082907,0.0043058987,-0.15631457,0.2402158,-0.062202796,0.19245131,0.12875305,0.81539845,-0.22320616,0.5918216,-0.5972352,-0.07415683,-0.4975695,-0.511694,-0.71659714,-0.24519175,0.24523869,0.19612785,-1.0559957,-0.7411944,-0.25248408,0.08493643,-0.01363429,0.17907514,0.07424003,-0.107107066,-0.93333185,0.46772534,-0.4137599,0.26974714,0.1668039,-0.8078441,0.356434,0.21329285,0.47236186,0.11167862,-0.22161828,-0.7435362,-0.040684767,0.2343061,0.26468465,-0.7612708,0.34090155,-0.4363985,0.66315585,0.5568572,0.24889971,0.09287712,-0.9329023,-0.46588773,-0.16006689,0.39582312,0.5224606,0.017884199,-0.09797461,0.47231415,-0.2864078,-0.31107005,0.65336686,-0.706121,-0.19841735,-0.52993965,0.09880001,-0.56111836,0.5897665,-0.82756335,-0.22245122,-0.41406867,-0.25542843,-0.13325551,0.04231464,-0.12458982,0.16698496,-0.20523314,-0.18973435
c_reactive_protein,0.1946407,-0.79526126,-0.20956698,0.21072973,-0.08245372,0.056670863,0.55599374,-0.89382833,0.33877224,-0.548734,0.4056682,-0.2782756,-0.61702025,0.184987,-0.7532062,-0.90181834,0.5254987,-0.42042896,-0.14593586,0.20245592,0.22794235,0.39727607,-0.490068,0.52810496,0.31283277,0.54491097,0.25565302,-0.5242145,-0.39100444,-0.1837007,0.5643377,0.15439814,0.49942392,0.26412252,0.043961905,-0.9552812,-0.25395367,0.37344772,0.34142455,0.38960943,-0.33628765,0.313115,0.039849408,-0.6011222,-0.25623357,-0.25388142,0.24316964,0.09834046,0.8980606,0.59457445,0.04603967,-1.1999775,0.56956327,0.5903038,0.15263824,0.35929915,-0.9556686,0.31563884,0.34503534,0.2276591,-0.23501319,-0.095210284,-1.0660053,0.5969832,0.26453492,-0.12417627,-0.18075413,0.53131956,0.18144433,0.72896606,0.074954346,0.111091465,0.28056544,-0.20605408,0.12191966,0.39923072,-0.13668343,0.2880691,-0.837475,-0.38332802,0.8384065,-0.20272249,-0.13454518,0.25578547,-0.34051913,-0.094647676,0.09701934,-0.047184248,-0.842154,0.1582027,-0.3405072,0.16173618,-0.64817214,-0.12415909,0.5341459,0.21212184,-0.035266683,-0.044005882,-0.39275116,-0.093194515
breathing_rate,-0.09242364,-0.08174202,-0.3587752,0.28642914,-0.3638763,-0.18286084,-0.17499803,-0.21283433,0.032582868,-0.82568914,-0.23457544,-0.21957523,-1.2238541,0.67603713,-0.09606821,-1.0144799,0.9496921,-0.7350401,0.42594403,0.16150667,0.79087096,-0.010240695,-0.18010816,0.4776563,-0.010803319,0.46354094,-0.3349196,-0.41939378,0.22811763,0.0065486818,-0.2534242,-0.08428043,0.32155484,-0.32392588,0.015573528,-0.2497659,0.11192216,0.05693667,-0.4961226,-0.3317369,0.39471495,0.081431225,0.060149767,-0.06406616,-0.04296774,-0.09399823,0.9614026,0.33860722,0.09469161,0.3628283,-0.6461893,-0.74017197,0.2299231,0.2711865,0.18554442,-0.5725769,-1.1542723,-0.41281167,0.10188984,-0.28059235,0.1611353,-0.22213341,-0.77845025,0.50934803,0.4855139,-0.1259905,-0.498274,-0.020386739,-0.2270183,0.4365131,0.2526533,0.04096373,0.3289636,-0.27704364,0.5571761,-0.24903767,-0.30170876,-0.15768571,-0.23265353,-0.32060033,0.52269113,-0.07093001,-0.74445325,0.35934722,-0.369124,-1.0954175,0.18830118,0.033806354,-0.83082783,-0.05274311,-0.7269615,0.016346881,-0.13728452,-0.4095711,-0.21092351,-0.118814856,-0.25764203,-0.16020145,-0.2981765,0.10637387
albumin,0.1867694,-0.026525939,-0.04817808,-0.46434414,-0.0040132003,0.079058334,-0.09642862,-0.35129252,0.7717933,-1.247164,-0.029799104,-0.07577775,-0.6376944,0.37926283,0.14597544,-0.9399487,0.8165576,-0.5975194,0.31368318,-0.09654036,0.16814822,0.97587526,-0.65954226,0.6509083,-0.28146383,0.45943487,-0.29819736,0.12073348,0.30985907,-0.0841939,0.32497072,-0.06705243,0.24756238,-0.59111685,-0.03562673,-0.31359994,0.5239751,-0.3282271,-0.32388258,-0.0010935074,-0.31264657,0.29027137,-0.068537444,0.06053502,-0.35277495,0.005476572,0.21407731,-0.24909636,-0.24040072,0.1616301,-0.27579573,-0.3496674,0.69256145,0.020835428,0.06297908,0.46301517,-0.16705674,0.76616716,0.19873069,0.5375069,0.27817762,-0.7079732,0.007186855,0.18286453,-0.10758438,-0.88887936,-0.8232449,0.7442133,-0.71148354,0.8112737,0.22038393,0.041061316,0.21670718,-0.37798622,0.25378972,-0.49051258,0.017914599,-0.123275965,-0.6106569,0.14785956,0.48534745,-0.44545594,-0.6651143,0.41173476,-0.2523262,-0.030952055,0.098079614,-0.37398237,-0.7847607,-0.014885658,-1.1440055,0.41660088,-0.09837499,-0.094287634,0.6549926,-0.03597056,-0.017841205,0.101283856,-0.38465238,-0.6213973
relative_abundance,-0.12717532,-0.07378647,-0.18951398,0.071799845,0.370162,-0.32171932,0.739929,0.2535064,0.12781361,0.5230816,-0.96889085,0.58995706,-0.7189827,0.25813994,-0.21747217,-0.58595276,0.28294364,-1.0083195,-0.5506022,-0.17166977,0.81647515,-0.25999373,-0.4520558,0.3216621,-0.11462291,-0.20874207,0.029062219,0.090070054,-0.522857,0.21227959,0.16491413,-0.8409549,-0.09743398,0.26724654,-0.3690909,-0.5144881,-0.2891133,0.27706128,0.12794827,-0.5559533,0.25861508,-0.14215302,0.44560337,-0.44445208,0.69964427,0.22965729,0.85680294,0.32228068,0.00086825434,0.3632922,-0.31525818,-0.43182454,0.0140204225,-0.27151397,0.90798295,-0.2543576,-0.21058682,0.67446023,-0.687658,0.2717843,-0.09384622,0.48154336,-1.0835633,-0.14049684,-0.41773728,-0.7781207,0.080139786,-0.17653702,-0.3701393,0.1441379,0.3109875,0.16498092,-0.40336782,-0.09209514,0.24456191,0.17629226,-0.21758993,-0.020767633,0.20177925,-0.7815101,0.12750286,-0.01917162,-0.66472256,-0.09914017,-0.35501623,-0.44770065,0.027077269,-0.06977331,-0.7391146,1.3349439,-0.55508137,-0.28227252,-0.7080937,-0.49959135,0.66666913,0.15098622,-0.39913344,-0.1667808,-0.84658706,0.3029878
two_phase_flow,-0.3618081,0.06272555,0.1671591,-0.24697872,-0.399622,0.2905344,1.0223916,0.102152854,0.050954677,0.0066439225,0.28226104,0.14927238,-0.9407931,0.7946293,-0.28264377,-0.9871382,0.7329585,0.19636011,-0.11928908,-0.06131019,0.62557,0.13852951,-0.2825176,0.49153653,-0.11285815,0.18447272,-0.008592618,0.18964216,-0.02532643,-0.49466658,-0.79753095,-0.21663077,0.34483886,0.34521404,-0.5183332,0.048468467,0.029118665,0.016172612,-0.21983685,0.14773822,0.013764454,0.001612974,0.5551346,-0.40127715,-0.044800133,0.025434427,0.35584247,0.51769924,0.3296652,-0.028096564,-0.6680113,-0.12801112,0.22545598,-0.03387912,0.35377216,0.23184931,-0.024764666,0.23081695,-0.45813203,0.15771757,-0.54382914,0.09854967,-0.19345799,0.5225503,0.20615838,0.056020148,0.13865662,-0.8916722,-0.35459158,0.3204822,-0.13452631,-0.13126603,-0.6020862,-0.014715082,0.106983885,0.47588283,0.17549497,0.057117976,0.52111006,0.41884235,-0.34707028,-0.10805141,-0.4487826,-0.7324735,-0.22151692,0.20420629,0.27793795,0.21727778,0.5838614,0.8859472,-0.6556855,0.2748203,-0.64380777,-0.52776974,0.23823221,0.1860948,-0.36320868,0.52071875,-0.68941945,0.020367863
immunoreactivity,-0.148984,0.38546807,0.091797575,-0.50942826,0.3436796,0.45089957,-0.4658394,-0.7253788,-0.020354131,0.008326343,-0.9505298,0.22616495,-0.08578917,0.24183282,-0.43034947,-0.0666278,0.6470185,-0.6918625,-0.106795914,-0.32272395,-0.4074074,0.18663432,-0.23736529,-0.2843588,-0.08915178,-0.29730642,-0.3588137,-0.76611865,-0.32948026,0.1427003,0.15420449,-0.18577741,0.29679838,0.018547596,0.44724697,-0.1256754,0.5416744,-0.95464355,-0.0040496397,0.030968415,-0.22459614,0.36725563,1.0832663,-0.41820914,1.1436938,0.25706154,0.5622953,-0.10905685,-0.22996478,-0.5420059,-0.31151533,-1.4860728,-0.43268663,-0.6201802,-0.38841423,-0.42225003,-0.8912569,0.06537152,0.6341646,0.44082302,0.36694542,0.5201294,-0.12691176,0.3012829,1.0286082,0.03765643,-0.24207754,0.1151576,-0.8667285,0.0046796766,-0.37850776,0.30464596,-0.17652522,-0.6079899,0.33724067,0.18397124,-0.095179714,-0.46934313,0.17416817,-0.23688895,0.45543176,-0.29745108,-0.44215694,0.07311772,-0.54075074,-0.44430596,-0.548922,-0.23033312,0.75867987,0.109179996,-0.065220386,1.4101224,-0.16914204,-0.70665175,0.32290342,-0.115723535,0.00096393883,-0.7794629,-0.2876274,-0.116452344
cell_survival,0.30798,0.26194242,0.022942621,-0.21497498,0.052708972,0.5663144,-0.0042671384,-0.29455507,-0.027603766,0.4248823,-0.81949204,0.18173139,0.11625731,0.62947595,-0.23481297,-0.101836644,0.28695747,-0.58121467,-0.2538455,0.79779494,-0.319698,0.03731886,-0.41898403,-0.02913077,0.33390298,-0.658845,-0.35930485,-0.019242242,-0.2552619,0.060535178,0.40149277,0.072228715,0.41533658,0.044489186,0.13477352,-0.5301456,-0.14271647,-0.43091288,0.39385292,0.048181076,-0.37248674,-0.028462198,1.2664335,-0.24593987,0.82883537,0.71170485,0.34938514,-0.028019875,-0.59513474,-0.35765278,0.16126603,-0.7954529,-0.6837137,-0.611239,0.058454502,-0.52563804,-0.3963602,-0.0089716,0.15503734,0.7347098,0.40709376,-0.09762363,-0.19989853,0.36634788,0.5040613,-0.14129376,-0.15744467,-0.16066745,-0.09680034,-0.17399415,0.064387426,0.46870688,-0.6098714,-0.30167142,0.01674355,0.38039216,0.48621368,0.03639021,-0.2499246,-0.22512074,0.6171658,-0.53293175,-0.51163995,-0.6661207,0.04539365,-0.20563164,-0.019670349,0.050064057,0.52744293,0.6286517,-0.34356758,1.1971517,-0.35328895,-0.61425024,0.32529265,-0.20472093,-0.24449971,-0.7415196,-0.43727633,0.35739875
tumor_cell_line,0.39495733,-0.2933511,0.07837976,-0.12426312,0.026782392,0.9925394,0.67754066,-0.7204869,0.48555496,0.5884769,-1.1783471,0.19552942,-0.14407422,0.99667066,-0.35010716,-0.018683746,0.52455467,-0.66831577,-0.25447804,0.54270494,-0.35588998,0.42839268,-0.5836586,0.5056518,0.26087254,-0.47764257,-0.587402,0.5257,-0.3196927,0.36434078,0.6433071,-0.27218947,0.2757245,0.2816623,-0.12720162,-0.34961975,0.13994612,0.03838867,-0.22414522,0.19232963,-0.9059213,0.47876024,1.3784537,-0.33112752,0.66026247,0.5521819,0.09758072,0.56077546,0.049003746,-0.47151214,0.4279315,-1.0904746,-0.13736734,0.18407083,0.4582352,-0.85087115,-0.14707989,0.4351027,-0.25851884,1.0869703,0.27090254,-0.6169478,-0.2939912,-0.13566546,-0.12524095,-0.19311635,-0.7474474,-0.01908347,-0.0425997,-0.43598208,0.73778963,0.280619,-0.99305373,-0.49683812,0.15019085,0.3469437,0.36276144,0.4655055,0.066336095,-0.08172768,0.77107024,-0.50805,-0.7151429,0.09908585,-0.12222215,-0.22083278,-0.3134858,-0.4034015,0.12411667,0.8524151,-0.83971614,0.34614813,-0.3148081,-0.4126077,0.06543713,0.15532826,-0.6895297,0.15181595,-0.55257404,0.24622986
"cell_line,_tumor",0.3648158,-0.16738269,0.11409562,-0.08092737,-0.08201022,0.8680004,0.6602158,-0.5176443,0.4364002,0.5474939,-0.9645004,0.21258321,-0.107074596,0.8130079,-0.4372736,-0.057141516,0.326122,-0.52651453,-0.048356645,0.6846161,-0.4445605,0.3253763,-0.5284335,0.3821097,0.16978818,-0.4464892,-0.56742084,0.5846782,-0.18705128,0.11841442,0.43368983,-0.061950006,0.21906108,0.24223107,-0.05585508,-0.25708857,0.08758317,-0.020653963,-0.30363005,0.23382299,-0.75453824,0.399889,1.0426402,-0.21800055,0.5138978,0.3895003,-0.06440546,0.34174347,-0.19551109,-0.26062164,0.2809761,-0.79805154,-0.14411455,0.22524583,0.30026656,-0.62260926,0.042826716,0.31247115,-0.17561638,0.94409025,0.18393354,-0.51180714,-0.19608182,-0.016349051,-0.031052697,-0.15163794,-0.58391285,-0.0640632,-0.042131778,-0.47020948,0.43149167,0.04910554,-0.7372808,-0.3213398,0.17650858,0.15558228,0.31552702,0.480318,0.0035671075,-0.038499013,0.6623376,-0.43511102,-0.4978597,-0.032003745,-0.11424998,-0.10599439,-0.15905249,-0.17917234,0.1473831,0.71927875,-0.66944987,0.34450537,-0.34866506,-0.4617297,0.0014316019,0.11180894,-0.66831154,0.050446805,-0.40507048,0.16400191
decision_making,-0.34371227,-0.37530598,-0.7374956,0.13291645,-0.056940526,-0.36510095,0.29043582,0.55449885,0.10010966,-0.19171551,-0.601046,-0.059689034,-0.110991344,0.8219844,-0.14845744,-1.2997993,0.058233082,-0.47847977,0.5485591,-0.09888299,0.40243712,0.19263436,-0.51870155,0.35888138,0.71488947,0.011730637,-0.46196496,-0.35843366,-0.073763676,-0.4838411,0.31714132,-0.0677329,-0.22667663,-0.003395987,0.3769725,-0.36829877,-0.3528093,0.004942041,-0.20375377,-0.47157252,0.20959023,0.0030744574,-0.19607006,-0.21823676,-0.8987577,0.20636784,-0.18572655,0.59997237,-0.2586664,0.009742527,-0.6857032,-0.5780995,0.011034511,-0.2689987,0.5773514,-0.0705679,-0.03552705,0.6216045,0.018222064,0.114063896,0.6365088,-0.12731321,-0.3538594,-0.2675407,0.7373037,0.117874034,0.40344676,0.18167159,-0.28208184,0.77689606,0.20766997,-0.9712144,0.06312428,-0.22202893,-0.23302637,0.25193137,-0.50865716,0.063549116,0.120902866,-0.28123707,0.3709759,-0.117876925,0.059265573,-0.15479186,0.08268904,0.22205661,-0.2671098,-0.29501322,-0.75007915,0.5512684,-0.60711044,-0.23050758,-0.6751471,-0.9401215,0.1806939,0.026176704,-0.30702627,-0.24212673,-0.5777715,0.016167652
nitrite,-0.5592454,-0.42987594,0.14618444,0.4660788,-0.12032543,0.10947251,0.7719762,-0.12419811,0.12468904,0.5578332,-0.3640348,0.34151846,-0.5141309,0.16669823,0.0022111884,-0.20344555,0.16803765,-0.7296914,-0.2852585,-1.0557842,-0.05374729,0.32158488,-0.24821293,0.7040829,-0.76442796,0.61030966,0.032885484,-0.24544635,-0.7901441,-0.56876975,0.10231378,-0.57704455,-0.35183188,0.18410732,0.011801938,-0.86527586,0.6586849,-0.06827036,0.36369377,-0.0121546555,0.4581714,0.20485982,-0.019874565,-0.10573096,0.34948584,0.29884008,0.020106936,0.066243775,0.8128799,-0.37692347,-0.68851274,-0.64196455,-0.52126014,-0.540467,0.44317278,-0.27632308,0.86633795,1.1292596,-0.49134308,1.3077518,0.07851467,0.21898693,0.45590785,0.20799163,0.3420741,-0.44392586,0.24249867,0.39517543,-1.4778965,-0.39543852,-0.34062687,-0.69771725,-0.34704813,-0.6315772,0.22672483,-0.4573524,-0.6214133,-0.33303952,0.23650403,-0.034593713,0.5761655,-0.1510982,-0.24086346,-0.35897055,-0.24088988,-0.15311864,-0.56444365,-0.83271223,-0.45245966,0.42681804,-0.26853403,0.5234481,-0.45907775,-0.63762754,-0.14396258,0.17453308,-0.032311033,-0.2187109,-0.13086468,0.3576558
genetic_association,-0.009761297,-0.5731211,-0.5079027,0.09039681,0.08405239,0.22173493,0.9397334,-0.2210508,0.72008765,-0.3556727,-0.7675301,-0.12483268,-0.17431626,0.19183953,-0.92738575,0.5009309,0.75877124,-0.23877096,0.25221378,-0.48519188,0.75050443,0.12141563,0.23511757,0.45324308,0.015798986,0.12461852,0.057231598,0.48596248,-0.65863144,-0.3848089,0.054773953,-0.93346316,-0.019622179,0.095191926,0.060721207,-0.5270811,-0.08113284,0.12591283,-0.17533417,0.1843756,-0.016670499,0.7292758,0.12083847,-0.21147078,-0.13201329,-0.404533,0.11541432,-0.24770497,1.3619318,0.10702143,-0.13258621,-0.74823016,0.09139649,-0.6106865,0.025245246,-0.051889375,0.7485985,0.45720246,-0.406133,1.524307,0.2943224,-0.020704942,-0.09558559,0.25463626,0.16694926,-0.24725962,-0.08742844,-0.11058145,-1.186845,-0.06688388,0.43862322,-0.5998603,-0.3517659,-0.48588303,0.31516242,-0.39370996,0.31499496,-0.21173814,-0.05885355,-0.31383163,0.46781045,-0.02195895,-0.4860412,-0.068978414,-0.13452564,0.013002239,-0.5525862,-0.9198241,-0.7839328,0.6998984,-0.57578903,0.044326805,-0.06547952,-0.6306519,-0.19092123,0.27868748,-0.1237527,0.014044753,-0.5922636,-0.053851735
bacterium_isolate,0.16041751,-0.20716672,-0.23243782,0.022482121,0.091322854,0.18476012,0.39486682,-0.040612433,0.20823313,0.08033528,-0.013944035,0.15429911,-0.23789632,0.055234592,-0.84193873,-0.2683376,0.41856146,-0.21013866,-0.09439842,-0.24250613,0.068346016,0.011660349,-0.2730651,0.8670378,-0.21817786,0.3782616,0.15112126,0.08335957,-0.57144684,-0.2968124,0.16720502,-0.47312328,-0.15354325,0.2680969,-0.30247086,-0.78970236,0.4121765,-0.26777813,0.4145126,0.7779387,0.4199826,0.2013264,0.39389527,-0.11756748,0.3070906,-0.096623786,-0.08488487,-0.67920023,0.63666415,-0.15542823,0.32667553,-0.76060516,0.2500133,-0.24891482,-0.62793994,-0.09181624,0.7504264,1.2419919,-0.31546444,1.1558346,-0.1467564,0.17527619,-0.0073621427,-0.028401917,0.11808335,-0.38098124,-0.14234929,0.25822288,-0.8719573,0.25675613,-0.13671297,-0.3222049,-0.7357628,-0.25600955,0.017324064,0.025196606,0.41646683,-0.2742136,0.101389475,-0.09117656,0.8793946,-0.12389577,0.059644133,0.031121317,-0.06828684,-0.38641208,-0.13145402,-0.8631729,-0.50334835,0.19478738,-0.50419074,0.2518209,-0.86457515,-0.327681,0.34748995,0.68934727,-0.50451416,-0.659072,-0.62438035,0.2836802
promoter_region,1.1116211,-0.62091804,0.20667075,-1.0365115,-0.21888289,-0.02882845,1.0598177,-0.691804,-0.14998028,0.21496832,-0.48855036,0.2926916,-0.362453,0.7560319,-0.4424484,-0.30293104,0.6412554,-0.036881894,-0.3827565,-0.1216359,0.42071468,0.14605929,0.08544047,0.31702048,0.14225249,0.716529,0.12487974,-0.098741114,-0.54651624,0.35951915,0.38241157,-0.29958358,-0.36614403,0.4176674,0.008029542,-0.44917268,-0.2907843,-0.16796266,-0.15923612,0.23881455,0.08494199,0.06496864,0.64498204,-0.47584358,0.15378898,0.15036306,-0.099155985,0.62629694,0.744128,-0.3795195,-0.02853794,-0.8920291,0.2398044,0.09965586,0.4545237,-0.8896904,0.359085,0.25251552,-0.14578848,0.455811,0.14840248,-0.17918321,-0.1810495,-0.43980676,0.44571447,-0.62880963,-0.40131798,-0.040685672,-0.38277677,0.42797938,0.22366056,0.27790138,-0.1956083,-0.3455752,-0.09613718,0.19725788,0.024687154,0.56603473,0.0892112,-0.29611382,0.53674084,-0.724743,-0.5294342,-0.62199503,0.27764946,0.05362892,-0.4165137,-0.39226285,0.016826486,0.80803114,0.10906308,0.38090006,-0.22236894,-0.72929245,0.22417301,-0.4857971,0.121424,-0.19078311,-0.4078544,0.09564065
genetic_variation,0.22016643,-0.903781,-0.0645576,-0.45152983,-0.44332716,-0.40052795,1.0428903,-0.6183985,-0.011466787,-0.37218997,-1.078979,-0.33608004,0.09619506,0.5323045,-1.0437791,0.27406627,0.97436,-0.31671703,0.064915515,-0.29434896,0.5970882,0.35423636,0.35678363,1.1081561,0.4134964,0.5415311,0.10424828,0.2956287,-0.591075,0.19610079,-0.116554074,-0.20180334,0.038741797,-0.1750873,-0.0053272685,-0.7400688,-0.20890813,-0.28882924,-0.18716666,-0.19356173,0.09501417,-0.014386968,0.33106896,0.10256553,0.27230287,0.007974847,0.2914634,0.28071257,1.1117243,0.1508028,-0.3608606,-0.75006396,0.25527775,-0.340938,0.14523384,-0.5640711,0.54362833,-0.22689973,-0.27631518,0.65183437,0.62951446,-0.2269513,-0.3155961,0.36649954,0.44941992,-0.2759757,-0.47492686,-0.19361222,-0.585378,0.19211929,0.42377964,0.26794672,-0.34809655,-0.40956074,0.13320091,-0.33811876,0.40960908,-0.256954,0.2670528,-0.52488506,0.46975553,-0.11357958,-0.37689435,-0.64126587,0.13844386,-0.11698619,-0.54015774,-1.2066827,-0.8084913,0.23842944,0.022424767,0.7527483,-0.16248265,-0.74177945,-0.3469903,-0.2282713,0.2915253,-0.253189,-0.39660907,-0.12916362
gene_mutation,0.45095035,-0.3971035,0.6737374,-0.31192148,-0.36808416,-0.124986894,1.1533715,-0.4960688,-0.40743464,-0.07360922,-1.031756,0.108367175,0.11968536,0.6086881,-0.8058992,-0.061479006,0.7905644,0.07348173,0.071647085,0.45006967,-0.3078818,0.32151082,-0.3855584,1.2797521,0.29016733,0.21901497,0.36020923,0.30973458,-0.5344414,0.0105712265,0.38198838,0.2771355,-0.250302,-0.065331675,-0.43641433,-1.1284441,0.38008732,-0.6834674,-0.24671453,0.7881365,-0.34293443,-0.3497577,0.85626787,-0.22240002,0.8458492,0.34065238,0.125145,-0.035171196,0.09160668,-0.14725429,0.42485392,-0.4022655,0.059592366,-0.19504118,0.35382897,-0.4422984,0.90915084,0.6916149,-0.16427742,0.7688658,0.5296755,-0.67783266,-0.106123656,-0.37711364,-0.110192046,-0.32772034,-0.6076145,-0.015338969,-0.45244205,-0.16557766,-0.00038190876,-0.10763991,-0.53681165,-0.12704696,0.47227994,-0.04693656,0.5054173,0.32048655,0.2042724,0.19515872,0.6857778,-0.340926,-0.6004931,-0.30461848,0.033447307,-0.27746418,-0.46359548,-0.93485236,-0.34616897,0.11591044,-0.22830231,0.7511463,-0.3263014,-0.1680373,0.5760923,-0.22213751,-1.0591637,-0.4334291,-0.88872504,0.28400448
dna_sequence,0.8664211,-0.71991354,-0.045464464,-1.0698057,-0.12971984,-0.50793326,0.34699923,-0.50265276,-0.29018357,0.15379237,-1.0759927,-0.056307554,-0.13961728,0.59232354,-0.6234993,-0.6541395,1.0148093,-0.002307187,-0.1393575,-0.26041272,0.35841337,-0.0035729355,-0.29794014,0.53079706,0.2426888,0.25063485,-0.5092538,0.32797414,-0.96333116,0.6152768,0.48840776,0.041988794,-0.50592846,0.30544594,-0.06752501,-0.0006955856,0.06293227,-0.41063553,-0.3145097,0.48650634,0.040270153,0.33228707,0.47757006,-0.02656112,0.2083868,0.59547275,0.19048375,0.5817368,0.13114709,-0.83206844,0.018090565,-0.8956534,0.3070553,0.07214024,0.15186648,-1.0501311,0.16680248,-0.45695502,-0.36082554,0.597844,0.44666648,-0.42424235,0.46016067,-0.48559734,0.81256026,-0.55423903,-0.2301574,0.7220308,-0.18678725,0.24387671,0.63451856,0.32796413,-0.454565,-0.03832165,-0.24862528,0.46768332,0.25376394,0.5318874,0.057631142,-0.6890626,0.06614587,-0.3911542,0.08493287,0.3912272,0.754686,0.060539052,-0.58656275,-0.93004763,-0.47870436,0.4667234,0.10001294,0.053881053,-0.21030188,-0.25052828,0.48557362,-0.09591921,0.2506584,-0.5419579,-0.6736966,-0.027479718
tellurium_compound,-0.35966074,-0.023360174,-0.8718959,0.38610908,-0.5561119,0.14289007,0.5808397,-0.03573535,0.44398713,0.20984057,-0.37930802,0.39880404,0.014257645,0.26928595,-0.580883,-0.69165516,1.2893128,-0.681182,0.49161696,0.2648353,0.3416307,0.60622513,-0.58892006,0.56933093,-0.0192229,-0.409282,-0.56420135,0.12871103,0.0028586767,-0.51508814,-0.2610019,-0.10937504,0.44012782,-0.5758037,-0.051132876,0.41562966,-0.6442163,-0.29328096,-0.19659993,0.2633149,-0.9082076,0.2520658,0.21708035,-0.06421137,0.35606042,-0.09886272,-0.232521,-0.17300272,0.052019216,-0.3899503,-0.122887716,-0.65001535,0.15585448,0.23046611,0.72424626,0.6637196,0.21865733,-0.5744798,-0.039112013,1.1636462,-0.44369867,-0.47045466,0.06651042,0.6265705,1.3130982,0.25778422,0.5114707,-0.33498544,-0.31556344,-0.21922003,0.17776248,0.13344954,-0.23914836,0.1659802,0.00075440644,0.016140299,-0.19638564,-0.12180794,0.3020558,0.66633326,-0.36106998,-0.5702119,-0.26612005,-0.12638803,-0.18956879,0.11226513,0.3624907,0.014868024,-0.1773754,0.6734281,-0.6193862,0.21619603,-0.5822885,-0.9917469,0.31528527,0.4055676,-0.0046027945,0.27586725,-0.45470706,-0.21106881
fluorine_compound,-0.041832406,0.006894767,-1.2994536,-0.12325025,-0.56822735,0.3501645,0.22992887,-0.057368774,0.6719284,0.063757464,-0.27949888,0.11668167,0.051482476,-0.18709199,0.15675429,-0.02993704,0.7623024,-0.62575185,-0.24200556,0.029229486,0.33449575,0.4021195,-0.14128159,-0.1166563,-0.095416024,-0.08677986,-0.6342823,-0.17837672,-0.19688009,-0.9724422,-0.6929388,-0.38792762,0.16617364,-0.4234649,-0.38200536,0.3584075,-0.17809546,-0.16509789,-0.22636534,-0.08201166,-0.31940845,0.9071875,-0.05558596,-0.7660423,0.15149625,0.30525535,-0.19699687,-0.25562945,0.4356686,-0.5997701,-0.4160729,-0.5964347,0.3469699,-0.23786694,0.7145888,0.1635227,0.004079477,-0.564371,-0.1090617,0.9890452,-0.42050457,-0.012330609,0.47877547,0.3763681,1.1424204,0.33385053,0.39253134,0.49252355,-0.38637957,-0.8198204,-0.06279562,0.6025467,-0.08435174,0.5137537,0.7068122,0.1061637,-0.6819883,0.081207976,0.44719857,0.2516951,-0.65821815,-0.16157703,-0.7947226,-0.4104642,-0.041574262,0.04344255,-0.047585797,0.043786295,-0.30293402,0.6557725,-0.6731229,0.11123921,-0.455968,-0.9567937,0.08730932,0.38840076,-0.031451732,0.3994479,0.037050027,-0.4761154
wetland,-0.35201237,-0.14849217,-0.5761497,-0.16961421,0.31820482,-0.5639502,0.7811453,0.47953624,-0.11257356,0.20388317,-0.40519312,0.14627133,-0.24897695,0.7489624,-0.36651936,-1.0848901,0.09284288,-0.58779216,0.117936164,0.076279186,0.72607636,-0.4920312,-0.28830162,0.8314737,0.28767365,0.35087824,-0.10784959,0.23129027,-0.84318644,-0.009001381,-0.056044243,-0.32501575,-0.111103565,-0.26675904,-0.1361866,-0.5224961,-0.43281096,0.11619042,0.2366131,-0.21419688,0.46106014,0.28309464,0.05321616,-0.1656037,-0.15020974,0.07214581,0.41336262,0.7465851,0.15826167,0.26048642,-0.18864442,-0.5271401,0.47576365,-0.27309507,0.86040795,-0.4695775,0.08651532,0.86986226,-0.6235751,0.2477919,-0.38780594,0.44016635,-0.81451005,-0.1537116,0.14446023,-0.3150557,0.19881494,0.28741264,-0.2986058,0.7125718,0.34943765,-0.35206324,0.07845778,-0.19723892,-0.21790889,0.5263553,-0.4902553,-0.28845868,-0.122896574,-0.533755,-0.05050213,0.026432244,-0.26340547,-0.2577803,-0.19148496,-0.39655823,-0.05729086,-0.17925349,-0.61392945,0.829121,-0.55965537,-0.3509169,-1.1670618,-0.8256681,0.6885576,0.5683953,-0.1588007,-0.32942596,-0.8628774,0.2686543
waste_water_management,-0.66151285,-0.36467317,-0.6081914,-0.3061907,0.5521935,0.020269237,0.46212327,-0.15764932,-0.12732464,-0.33507615,-1.1396401,-0.024708679,-0.15857498,0.4404004,-0.19089527,-0.36811692,-0.7486312,-0.40944585,-0.6280682,-0.22201692,0.1932171,-0.5468275,-0.10827634,0.37741673,0.04597202,0.5523007,-0.2153551,0.017340077,-0.22077176,0.121234365,0.3224356,-0.047599014,0.18052429,0.0035035987,-0.104667656,-0.06781167,-0.1331254,0.29293615,0.234342,-0.3085247,1.0717255,0.32381514,0.72239435,-0.8811791,-0.17251754,0.45525804,0.45043498,0.37003878,-0.0020387047,-0.120419525,-0.8593609,-0.4123472,-0.111170344,-0.63050807,1.371155,-0.40891597,0.11658726,1.2440882,-0.7780964,0.16172458,-0.066185854,0.54250085,0.024501294,-0.2067061,0.06629434,-0.1396717,0.32103044,0.312361,-0.7641805,0.04558737,0.47389364,0.13322118,0.120483875,-0.0015187612,0.08894888,0.41278267,-0.6053072,-0.33201694,0.033106215,-0.75628203,0.18813148,-0.045094978,-0.445979,-0.03107247,0.3939698,0.118671186,0.28149155,-0.23419394,0.24677536,1.1488271,-0.92824745,0.6115697,-1.0770704,-0.68639416,0.99920225,0.6452144,-0.21664922,-1.040954,-1.1393776,0.26233873
high_throughput_sequencing,0.30550253,-0.69742244,-0.8160625,0.16771553,0.22270122,-0.24042016,0.6855562,-0.17239055,0.21863335,0.12091975,-0.25934964,-0.12560621,-0.077799134,0.27513775,-0.49637482,-0.211435,-0.30564508,-0.71956575,-0.15891342,0.7245001,0.7621953,-0.19007185,0.41523108,0.50311476,0.22383454,-0.09019789,0.27889356,-0.07063631,-0.7806019,0.006323875,0.79690677,-0.44346517,0.08254145,0.3383498,-0.24599823,-0.34938687,-0.6070334,0.8435992,0.3674904,-0.12884635,0.6270284,0.19777013,0.30393958,-0.31609872,0.28122965,0.1692599,0.43135938,0.26317415,0.48820055,0.2916094,0.3748495,-0.6347585,0.18933511,-0.6311184,0.73873305,-0.11671658,-0.20818783,0.56934637,-0.08633309,0.718014,-0.35774598,0.7126124,-0.7203328,0.17170125,-0.10036028,-0.19768885,0.28882664,0.3307743,-0.52755225,-0.00011283047,-0.050717972,0.048516404,0.15549806,-0.24943122,0.5080929,0.5287038,-0.15813673,-0.2704849,-0.3484434,-0.6803895,0.8003334,-0.35161975,-0.68004894,-0.113930374,-0.011531407,-0.9505464,-0.17999126,-0.49146444,-0.85738635,0.7459938,-0.5275875,-0.24543053,-0.87082326,-1.1278588,0.46535143,0.23130994,0.0009582383,-0.30904937,-0.8545967,0.55454785
chemical_oxygen_demand,-0.56629765,0.07581453,-0.41648906,-0.111014694,0.25003946,0.09337547,0.34489894,-0.076747015,-0.24902172,-0.27354825,-0.30029666,-0.14271864,-0.23257534,0.36107624,-0.07314202,-0.3720356,-0.5234271,0.008675229,-0.43074086,0.04070058,0.37328437,-0.30321518,0.005454975,0.5892813,-0.13468303,0.7978295,-0.09588959,0.07441133,-0.3390666,-0.27782795,0.051845405,-0.35096273,-0.13952297,-0.24690159,-0.15413167,0.3395554,0.10250328,0.1371479,0.14796162,0.2680129,0.6065444,0.5114754,0.5252372,-0.31806964,-0.28792742,0.12188898,0.5172998,0.26995605,0.26287845,0.25258654,-0.40640005,-0.15037382,0.21191205,0.33173037,0.6359274,-0.09540564,-0.14861633,0.8801406,-0.732082,0.44795948,-0.6888905,0.17651813,-0.059329253,0.09153735,0.0104994485,0.14458404,0.39825577,0.109169446,-0.8384795,-0.24606033,0.2875054,0.15428104,0.40930602,0.16289012,-0.101053424,0.3821019,-1.1525538,-0.3379065,-0.097773656,0.23623332,-0.031398427,-0.06545496,-0.7597125,0.016119575,-0.29689586,-0.46592456,0.3798311,-0.4205276,-0.07994908,0.43632877,-0.4276479,-0.17906041,-1.1343732,-0.959214,0.6877311,0.5079137,-0.1641586,-0.527177,-0.62092054,-0.049112044
bacterial_gene,-0.23677999,-0.48604873,-0.32309774,0.06847051,0.42217484,0.070848055,0.4269121,-0.34139922,0.16650166,-0.21116333,0.5064707,-0.048750274,-0.043818202,0.3228975,-0.6768043,-0.55658203,-0.07142654,-0.34973323,-0.12273758,-0.22298929,0.39951485,0.026967455,-0.34849188,0.81490165,-0.17420523,0.6629894,0.101493604,0.27572468,-0.7752464,-0.16679846,0.46113548,0.071430065,-0.08600633,0.1665973,-0.12930289,-0.42568412,0.25118715,0.20087951,0.027823536,0.29864022,0.6443362,0.575445,0.052469436,-0.21358657,0.38064346,-0.4474625,0.05552703,0.102635756,0.6502022,0.16701151,0.087790534,-0.75141877,0.60239774,-0.21725729,0.074736685,-0.44165993,0.26376405,1.3004555,-0.42856145,1.0233898,-0.36062494,0.36881846,-0.18856001,0.23282005,0.04672145,-0.14778113,-0.047799274,0.30562904,-0.931571,0.00044926256,0.15353768,-0.44889814,-0.18367764,-0.35464036,-0.08212367,0.46433645,-0.2590159,-0.19527677,-0.15359092,-0.48451337,0.7701666,0.032002673,0.08431434,0.0480132,-0.032158565,-0.38006485,-0.41982758,-0.53198725,-0.60446775,0.09706311,-0.59408075,-0.11635398,-0.7638006,-0.51018524,0.43514892,0.57133406,-0.40335897,-0.71184283,-0.411428,0.23385887
anaerobic_digestion,-0.27423784,-0.3277549,-0.29434225,0.0036236627,0.17127308,-0.48271376,0.62334305,0.053111948,-0.021739876,-0.55528384,-0.27211607,0.1402694,-0.8082491,0.3017686,-0.54896027,-0.8878558,-0.012917806,0.091131106,-0.062156945,0.14919353,0.68374676,0.3248879,-0.07578941,0.66713893,-0.23005049,0.41724432,0.115820065,-0.1884718,-0.13093315,0.17589709,0.44798866,-0.28866342,-0.1690539,-0.27792093,-0.036800783,0.25861922,-0.044116516,0.007964178,0.23044308,0.18370278,0.678054,0.18033709,0.37710205,-0.32220295,-0.26518673,-0.12039503,0.3478387,0.393525,0.41950318,0.25157437,-0.48588496,0.13015266,0.5287335,0.098464586,0.7031643,0.091675706,0.16658306,0.54801923,-0.5372277,0.11455514,-0.46383783,0.4030151,-0.40954664,-0.030338159,0.19011031,0.23094137,0.42363065,0.18248026,-0.82581156,-0.041984804,0.19024515,0.1277225,0.10157449,-0.29044253,-0.4893522,0.24324475,-0.42374256,0.17157376,0.17552835,-0.6575267,0.27146935,-0.39507625,-0.20201549,0.16381718,-0.081300296,-0.34221974,0.014998425,-0.093991704,-0.19335385,0.62493217,-0.53324616,0.022549799,-1.1679776,-0.5139684,0.85202295,0.14642109,0.13264585,-0.5797436,-0.9387657,-0.021613399
diagnostic_imaging,-0.15787497,-0.6386853,-0.32152903,0.018689133,-0.2800856,0.33313453,-0.079259716,-0.59397215,0.0040225056,-0.24242303,-0.103438504,0.07505111,-0.36485216,0.7059512,-0.8575646,-0.59694093,0.25555184,-0.53061104,-0.072984435,-0.26787502,-0.14657842,0.111941196,-0.11835437,-0.012019898,0.19850264,0.25015777,-0.4392519,0.3277117,-0.027441006,0.051940832,0.35934135,0.37551004,0.44049743,0.60988754,0.12031898,-0.23765765,0.15107264,0.05217326,0.46905184,0.61294323,-0.060235042,-0.17513481,0.6420821,-0.3999641,0.2316239,0.19352716,0.0821647,0.23415227,0.43858632,-0.09237218,-0.18592812,-1.8438013,0.28687397,0.65973985,0.24658525,0.11766078,-0.9184229,-0.10457195,-0.29800832,0.51031345,-0.6549134,0.013310583,-0.4217696,0.12162302,0.5608901,0.22728094,-0.008593466,-0.10077081,-0.25063857,0.26094103,0.4294038,-0.023623416,0.18978117,-0.5074627,-0.13808112,0.046989065,0.13484535,0.2582814,-0.551913,-0.4674193,0.5717668,0.2275858,0.30827045,0.4195272,-0.232523,0.29858252,-0.47050992,0.073400825,0.28200418,0.07394057,-0.21318576,0.4928818,-0.34486127,-0.58867383,0.3250054,0.013272849,0.07440339,0.27377746,0.39090252,0.32691717
exercise,-0.2548157,-0.15503372,0.077961646,0.06918944,-0.0133703705,-0.31563735,0.026185721,-0.05984441,-0.06861688,-0.09863359,-0.6587165,-0.513557,0.30246702,0.6859919,-0.60822546,-0.8989192,0.35315877,-1.0614272,-0.32785404,-0.046303663,0.060323168,0.5607561,-0.676783,1.5054169,-0.22163168,0.23619707,-0.23804246,0.11234202,-0.3641181,-0.28530252,0.024513263,-0.20360348,0.5512585,-0.5249299,0.19831552,-0.23241955,0.365588,-0.64470154,0.113863684,-0.38099575,-0.23988463,0.3154997,0.06792298,0.022128014,0.152242,0.25122046,0.23026063,0.86065423,0.3806913,-0.3461163,0.5778218,-0.70844644,0.07192555,-0.15925428,-0.17279652,0.3279545,-1.2858462,0.37546182,-0.10803799,0.36127508,-0.8191229,0.097280286,-1.5067308,0.11835776,-0.1145774,0.35594812,0.009206214,0.45380116,-0.31173685,0.25475,0.21024492,-0.12331289,-0.48753694,-1.3230287,-0.6441126,0.008127431,-0.32619864,-0.6800152,0.2435077,-0.33128622,0.39912838,-0.7250008,0.17739056,0.04938296,-0.56791586,-0.07951392,-0.58091015,-0.5988124,0.14644903,-0.17204998,-0.3942388,0.16949321,-0.241481,-0.2882226,-0.46583056,0.14815944,0.43136296,0.7165698,-0.21794988,-0.10607838
inoculation,0.3641631,0.12836558,0.09425673,0.14766373,0.08435438,-0.20759612,0.6521841,0.15443651,0.56952447,0.4852283,-1.1685992,0.16322362,-0.82558715,-0.099931985,0.14733641,-0.6163549,0.79829985,-0.75917685,-0.70657605,-0.46298644,-0.07489028,-0.33246464,-0.25004515,0.8182322,-0.6407364,0.073156014,-0.23617247,0.51105446,-0.35293186,0.29833505,-0.16588123,-0.43497285,-0.2385473,-0.4108217,-0.7622069,-0.22868085,-0.101532854,-0.35901448,0.25602832,-0.20153835,0.37961704,0.010514214,0.51261187,-0.28328025,0.46747226,0.5015764,0.34817988,-0.091039695,-0.18813425,0.20334531,-0.62409914,-0.16026026,0.024625309,-0.22490826,0.5845266,-0.0340162,-0.083968535,0.77393323,-0.870993,0.39602545,0.38326335,0.2632326,-0.66885877,-0.26218292,-0.50861895,-0.79037786,0.092868224,0.284647,-0.40330943,0.1637571,0.6823894,0.016718464,-0.90334433,0.08367385,-0.30931866,-0.22830603,-0.33496878,-0.12786148,0.8031607,-0.7813655,-0.44042006,0.023264993,-0.29949558,-0.014663086,-0.5556899,0.2880812,-0.015859067,-0.28521633,-0.65898186,0.8637668,-0.44626614,-0.12632471,-0.64179957,0.21557727,-0.05151294,0.30636793,0.3490379,0.108461365,-0.82823944,0.3001415
free_radical,0.06785455,0.3222218,-0.05064703,-0.19367263,0.10191804,0.50456136,0.49989286,-0.1700152,-0.0072787744,0.1882587,-0.3739075,0.6955576,0.07341874,0.2070286,-0.22997046,-0.32500967,0.13289464,-0.41642937,0.9135209,0.21793331,-0.101146445,0.115721025,-0.20964073,-0.23985778,0.33940318,-0.8393883,-0.5032326,-0.36325315,-0.1308322,0.0030987493,0.03562749,-0.64972126,0.34306598,-0.11480136,0.7230179,-0.43872935,0.35243532,-0.6602137,0.7506509,0.03980657,-0.3641387,-0.50833553,1.2087605,-0.34530833,0.4333346,0.99490505,-0.26448712,0.07302282,-0.40719512,-0.21349187,-0.29363605,-0.26006177,0.0090603735,-0.45114282,0.03744174,0.53209424,-0.09291616,-0.44202465,-0.014146533,0.9391477,-0.365945,0.3571027,-0.19787903,0.26425236,0.31907964,0.36732736,-0.15401487,-0.08017194,-1.057053,-0.26275823,-0.34666577,0.680782,-0.1334879,-0.789442,-0.6253212,-0.22881366,0.17933433,0.1134628,0.20668082,0.6719215,0.32417768,-0.7149664,0.14009555,-0.8179549,-0.4987544,-0.5042528,0.36199585,0.035133544,-0.050893992,0.35523176,-0.35634446,1.203458,-0.86634046,-0.46281177,-0.15480927,0.018192925,0.25399742,-0.9072159,-0.41988993,0.016902935
fertility,0.4170262,0.3001684,-0.12791695,-1.0394322,-0.5501686,0.6897943,0.38447064,-0.4055076,-0.4191321,0.012398972,-0.69342625,0.81411415,-0.5821046,0.38384348,-0.64824903,-0.7288652,0.30198762,-0.694981,-0.76793134,-0.16271389,-0.08165941,-0.0014094106,-0.036776423,0.42875218,-0.054964405,0.22453533,-0.57239217,-0.39166626,-0.42207953,-0.07567765,-0.1618662,0.16853428,-0.13912298,0.4269406,-0.14883375,0.009430372,0.49120563,-0.274937,0.27383885,0.32830134,0.66182214,-0.089809515,0.5704573,-0.05882763,-0.110000156,0.4170077,0.059913754,-0.09278056,0.052624773,-0.12489396,-0.29225862,-1.4805737,0.11039011,0.17775059,0.17829008,-0.029885454,-0.38675225,-0.88782966,-0.27319118,0.25330928,-0.35571653,0.11562604,-0.17464161,0.57337826,0.89205074,-0.72504467,-0.17603897,-0.061648108,-0.7547092,0.026569445,0.019287897,0.428879,0.108089,0.11459079,0.80322504,-0.32084465,-0.12856738,0.3021604,-1.0018734,-0.81566685,0.520299,-0.22081041,-0.02832288,-0.26511356,0.21679905,0.04513249,0.75439173,0.2296997,0.44744036,0.1430875,-0.18653946,0.9712865,-0.47974974,-0.33599648,0.3000673,-0.8110304,-0.06621065,-0.37302762,-0.33983156,0.2884543
matrix,-0.103740774,-0.5677931,-0.37628868,0.21446174,0.02594372,-0.3175392,0.21663554,0.12095932,-0.40058133,-0.08419314,-0.0008588497,0.19036753,-0.34304413,0.04100587,0.38228127,-1.6839772,-0.16585553,-0.2586067,0.19187433,-0.16308439,0.3444892,0.358963,-0.45057508,0.8010912,0.06582729,-0.07908957,-0.55349225,0.16481201,0.15323615,-0.21320453,0.147913,0.29718718,0.40890267,0.15702862,0.07317736,0.10776831,-0.038877215,-0.58148956,-0.11440729,0.0014443109,-0.017765423,0.1588774,0.23798934,-0.2024651,-0.20648772,0.45754838,-0.3162382,0.38699716,-0.5025105,-0.6009247,-0.4971244,0.052592587,0.8379686,-0.25648218,0.8949219,-0.21523534,0.056715474,0.23112948,-0.3807651,0.4944413,0.19256699,-0.03412381,-0.18466736,0.22373144,0.49971858,0.5284976,0.45065445,-0.067810744,-0.079700634,0.13135523,0.08707048,-0.29184452,-0.65732235,-0.4021115,-0.24019101,0.36087316,0.12237417,0.2963012,0.7219054,0.09659225,-0.51183754,0.12574683,0.268007,-0.590081,-0.43867365,0.21849892,-0.045377165,-0.24891411,-0.3314867,0.24243127,-0.66402864,0.20042215,-0.5338356,-0.35173008,0.13846458,0.42073086,0.30361122,0.22167599,-0.708489,-0.14805056
precipitation,0.8993109,-0.39411047,-0.028403677,-0.5107361,0.14819771,0.3723216,-0.0155598065,-0.030221507,0.45422953,-0.2691245,-0.39016765,-0.33286774,0.02177174,0.552771,-0.2900121,-0.9595865,0.5447577,-0.63769937,-0.69434357,-0.504007,0.06673171,0.28140268,-0.82665735,-0.39360854,-0.07950014,0.7599296,-1.1679155,-0.06696773,-0.28200656,0.45502117,0.7581036,-0.75869125,-0.9981754,0.13925679,-0.2824216,0.4330419,0.97988623,-0.5617867,0.442583,0.6472985,0.90158796,0.12439353,0.8092107,-0.39591253,0.22264977,0.8908617,0.36910152,0.0491308,0.1957494,-0.44591773,-0.23055759,0.21292904,0.19618562,0.29660836,-0.058260776,-0.5443226,0.21276255,-0.25308958,-0.19519562,-0.054369643,0.6399314,-0.14255172,0.45996207,-0.58109426,0.22915755,0.025325822,-0.077302605,0.71568066,-0.35111353,-0.46696532,0.17383417,-0.12536581,-0.17368062,0.94821304,0.13512675,0.10883293,-0.56156135,0.56489944,0.97306204,-0.20353197,0.23597674,-0.15251367,0.10483494,0.75604737,0.41506433,-0.3063434,-0.050610363,-0.46308035,-0.33684766,0.577037,-0.34955633,0.10578633,-0.39189118,-0.843933,0.57247734,0.3119484,0.08974683,-0.77857494,-0.668856,-0.17954722
paracetamol,0.07309546,-1.1075783,-1.093767,-0.15161082,0.18483452,0.4708197,-0.23315294,0.31320813,0.27285632,-0.5852764,-0.5236402,-0.45058188,0.48798147,0.5313881,-0.7377843,-0.72173244,-0.3161681,-0.5231656,-0.27619568,-0.4932442,0.6858472,-0.292211,-0.26392296,-0.1600039,0.18325005,0.6562948,-0.9130457,0.10545878,-0.10354269,-0.044780955,0.54166067,-0.7506013,0.36623332,-0.1304565,0.7449225,-0.39363298,0.0799027,0.15286735,-0.011153065,-0.28453213,1.0671139,0.20887384,0.27528197,-1.1567235,-0.76308393,0.46447152,-0.5101073,0.10537928,0.10846547,-0.5988435,-0.6363863,-0.347638,-0.5506447,-0.5215366,0.24726163,-0.5757886,0.15287817,0.79638696,0.26916796,0.49609923,0.6676444,-0.68482864,0.46198073,-0.026377056,0.50516194,0.08823154,-0.23042321,0.3621864,0.136617,0.9390239,0.13523701,-0.2830798,-0.18522058,0.41864106,-0.19380768,-0.14440182,0.13363467,0.095372185,0.48490766,-0.2196102,0.68294454,0.40683115,0.38433987,0.9281967,0.35279393,-0.014959346,0.13242167,-1.0128912,-0.35251847,1.2129004,-0.85258794,-0.388315,-0.44877088,-0.7653538,0.4915949,0.24103343,-0.36845598,-0.37876928,-0.37713823,0.8435147
dissolution,0.08878756,-0.45010647,-0.38992938,-0.20559762,-0.16411473,0.37267044,-0.054378614,0.580055,0.51673335,-0.03708832,0.6105091,-0.038467333,0.12293248,0.12321431,-0.5253952,-0.24390787,0.29869056,-0.14096783,-0.35725644,-0.020238817,0.16850048,-0.12673713,-0.39156073,0.14776728,-0.09108001,0.23066984,-0.7936846,0.3685718,-0.11285847,-0.3136086,-0.17796527,-0.8300346,-0.38020253,-0.08846343,-0.17342357,-0.16524081,0.061120186,-0.80762553,0.45480162,0.27456298,0.9173259,0.23122083,0.026009822,-0.66555816,0.21197042,0.5814818,0.2581415,-0.5850368,0.58696324,-0.5269605,-0.4066832,-0.3811634,-0.52851486,-0.37744826,0.4311379,0.110309385,-0.20550592,-0.12067079,-0.094795905,0.38407266,0.13228697,-0.18518518,0.6820666,0.39702877,0.6742281,0.00855145,0.30464438,0.51011145,0.09047077,0.4900463,-0.15945055,0.23744084,-0.39108145,1.3530538,0.012537267,-0.13022867,-0.18065205,-0.02231026,0.680466,0.43996212,0.22331542,-0.08776343,0.61928415,0.47033128,-0.08569366,-0.4927221,0.48819566,-1.0217605,-0.65986365,0.9184076,-0.596283,0.24363902,-0.6580647,-0.86609423,0.57308024,0.3134158,-0.3952036,-0.37102002,-0.3691953,0.6323727
geographical_distribution,0.008246806,-0.27418646,-0.11978618,0.04400227,0.09278209,-0.46544823,0.31773776,0.20943707,0.06254045,0.058281768,-0.4523956,0.124159716,-0.3050942,0.25448847,-0.64886063,-0.54132545,0.38176426,-0.21144213,0.1859491,0.12695403,0.31321812,0.12568973,-0.17339788,0.26602367,0.2145541,-0.10356344,-0.43403697,0.26769722,-0.39130765,-0.64391226,-0.23785584,-0.37768203,-0.07028962,0.12635289,0.13285594,-0.01047279,-0.056257226,-0.18535055,-0.06254192,-0.49976152,0.21728246,0.07086181,0.04499519,0.19544071,-0.32966563,0.07721065,0.15024897,-0.3131229,0.21644552,-0.1933778,-0.101192854,-0.38562465,0.029348308,-0.42175803,0.23114643,0.0571212,0.14616594,-0.27656466,-0.18257655,0.41713616,0.323266,0.2691973,-0.24834004,0.11048118,0.34827065,0.16630007,0.35011256,-0.20587745,-0.3313181,0.20767824,0.21500115,-0.57042,-0.39824608,-0.16755532,-0.17957456,0.03500511,-0.13225017,-0.00013516922,0.39341754,0.08217832,-0.005562917,-0.3388545,-0.060867235,-0.53732294,-0.27665034,0.08486372,-0.11746562,-0.6397836,-0.8763108,0.28293565,-0.29803577,-0.33466086,-0.22508098,-0.8913379,-0.31839833,0.0026063106,0.06633306,0.36757565,-0.54949594,-0.24122661
cardiovascular_disease,-0.21262911,-0.77388746,-0.92246336,0.020010056,-0.014530055,0.6307662,0.17797872,-0.29755723,0.06328124,-0.7909658,-0.7441602,-0.5753076,-0.26474956,0.22229949,-0.6715133,-0.29687786,1.1636317,-0.31843296,-0.1271474,-0.10572471,0.5150709,0.5022218,-0.15509917,0.045516863,0.81238693,-0.0714891,-0.4171266,-0.5939779,0.46462712,-0.06596788,0.45780656,0.23149018,0.5183576,-0.343333,0.1625685,-0.28729817,-0.43717477,0.6177827,-0.4033939,-0.24277821,0.1600075,-0.001036568,0.037070032,-0.11170464,-0.12100618,-0.029651638,0.27223575,0.44778186,0.44692865,-0.013996818,-0.013628461,-0.5960195,-0.15159722,0.13393153,0.05412364,-0.038870804,-0.7891737,-0.38614032,0.09143206,0.37988034,0.32641616,-0.6015461,-0.41555288,-0.09351478,0.36356476,0.07440934,-0.63784146,0.069835514,-0.58829796,0.70522416,0.20338885,0.6960062,0.3582806,0.18502474,0.36671674,-0.27859217,0.21830615,0.10756885,-0.31437728,0.12482134,0.25575712,-0.11940772,-0.38111115,0.66809434,-0.6021078,-0.81231165,0.37776348,-0.13764623,-0.6830369,0.31414115,-1.3464062,0.014148941,-0.23939872,-0.34212396,-0.18709682,0.10940967,-0.23090541,-0.54735106,-0.26657254,0.3781679
zinc,-0.70498323,-0.28607455,-0.5526366,0.2427067,0.32632992,0.284087,0.379718,-0.06430047,0.09812368,0.2132398,-0.92625296,0.41443878,0.19551818,-0.010160377,-0.5466534,-0.94190514,-0.17464045,-0.9265744,0.07526546,-0.34304798,0.54102135,-0.9090785,0.18507741,-0.14712495,-0.50940114,1.1078093,-1.2968436,0.38496768,-0.27192172,0.14764942,0.06272448,-0.3758111,0.9584142,-0.4468581,0.46818998,0.31654316,-0.0004394721,0.12323867,0.2323352,-0.29083794,0.6062686,0.19036734,0.7770606,-0.32093376,0.2866117,-0.09808874,0.32086772,-0.87435025,-0.24889868,-0.64481616,-0.64056426,-0.25095168,-0.3585875,-0.08550755,0.6014393,-0.7785803,0.30388433,-0.21768643,-0.5784413,1.0069507,-0.14867102,0.07344043,0.42234322,0.35400826,0.49391416,0.20408784,0.34810254,-0.5591128,-0.6462306,-0.16404705,-0.2447567,-0.26890332,0.21039507,0.10741077,-0.11983534,0.32300842,-0.30067992,-0.42329505,0.55095524,-0.07129907,-0.27751857,0.12935786,-0.3585934,0.19335528,0.29837632,-0.04286832,0.20123506,-0.226683,0.24737203,1.1177753,-0.4464192,0.14518861,-0.4554866,-1.2576383,0.79065496,0.654009,-0.29684466,-0.2911284,-0.4462261,0.4601017
velocity,-0.09362037,-0.01649952,-0.20547906,-0.28681043,0.033907346,0.60184926,-0.17350605,0.43079188,0.46363539,0.034291636,0.1120718,-0.6139198,-0.73272896,0.07061002,0.44890466,-0.60181695,-0.1599011,-0.249045,-1.0287607,-0.19830453,0.45270014,0.1225963,-0.14336869,0.46534175,0.07813943,0.9485712,-0.6791298,0.6488425,0.26497486,-0.8652874,-0.6281466,-0.54217625,-0.01325001,-0.4749897,-0.25965217,0.76998836,0.9621355,-0.35626814,-0.3201966,0.42653608,0.52915674,0.5449904,0.26459607,-0.12148021,-0.042676076,0.14234795,0.21479945,0.8814962,0.38936463,-0.38344288,0.1585437,-0.20549776,-0.06413905,-0.26272082,1.1620696,-0.057037022,-0.3686699,0.7802557,-0.44823447,0.61569744,-0.49144012,0.1851554,0.66662824,-0.48692423,0.088972956,0.38659212,0.20896734,0.47300553,-0.76248085,-0.2727148,0.47766963,0.11121786,0.39865643,0.33891234,0.25917315,-0.3395962,-0.7119009,0.15768781,0.0116720125,0.4157341,-0.8544209,0.25810376,-0.81430876,-0.45747244,-0.3400268,-0.5331049,-0.10602319,-0.22112854,0.1564844,0.17959206,-1.0247523,0.09973522,-0.53554654,-0.9163749,0.093477994,0.5233648,-0.3797415,0.5926642,-0.3552408,0.41922244
buffalo,0.011745737,0.34197038,0.20487325,-0.52912277,-0.6668989,0.0010023335,-0.13809769,-0.14066467,-0.15826494,-0.06338984,-0.007203538,0.025297942,-0.56048,0.5807115,-0.47824147,-0.8546864,0.8617355,-0.4515083,-0.34196082,0.035957586,-0.1831001,-0.33093417,-0.27558956,1.0026227,-0.13727805,0.17567241,-0.5615202,0.59082997,-0.28729495,-0.21392159,-0.9135545,0.19857663,0.24600895,0.09941397,-0.019506235,-0.33925807,0.3846964,-0.89956987,-0.21250279,0.3604733,0.3216503,0.56536204,-0.11025269,0.20453683,0.43809408,-0.010132089,0.33933643,0.43546978,-0.0766023,-0.22471197,-0.29434532,-1.3343621,0.28900743,0.40661588,0.03089738,-0.2771406,-0.685462,-0.20391986,0.066955835,0.21877895,-0.38430554,0.24021456,-0.4728582,0.5968035,0.6712623,0.101114064,-0.2156491,0.24462262,-0.111240774,0.45003724,0.29943323,0.04456861,-0.13310327,0.038626947,0.01849713,0.05653316,-0.4916252,-0.13164711,-0.23135647,-0.094736494,0.1566037,-0.10191216,0.19720058,0.30612376,-0.33175907,-0.22357184,0.3081231,-0.17940111,-0.30661947,-0.5109981,-0.109626554,0.33583552,-0.44862372,-0.43887317,-0.21974313,-0.10241234,-0.33227998,0.13254945,-0.2003335,0.39613912
preeclampsia,-0.44225895,-0.40100417,-0.47430626,-0.22812587,-0.5251957,0.40442896,0.68223095,-0.40689424,-0.27543315,-0.2928948,-1.1018426,0.13521305,-0.73935986,0.8059695,-0.575422,-0.18479757,1.3333215,-0.7720889,0.035537448,-0.08713943,0.2073859,0.34680545,0.100105464,0.09722812,0.6983953,-0.13220881,-0.7565651,-0.7029439,-0.05794056,-0.5541051,0.58158255,-0.0994391,0.5565253,-0.093743995,0.20138165,-0.42113805,0.25597587,0.032546792,-0.5203581,-0.34255967,0.3067495,-0.12339112,0.042195756,-0.16425358,0.24565648,-0.16605082,0.44569522,-0.000753456,0.3935635,-0.1509293,-0.25331742,-1.0755093,-0.35132983,0.086473376,0.09920604,-0.25077593,-0.6122675,-0.49153563,0.120536335,0.4175393,0.2175471,-0.75482833,-0.42068288,0.8539777,0.73420244,0.22713685,-0.64816487,0.09117067,-0.3246697,0.02973888,0.3300123,0.48567143,-0.15806584,-0.08329459,0.5567458,-0.21760985,-0.18549007,0.36692467,-0.20338273,-0.10955292,0.45064503,-0.14429204,-0.40169337,0.6204049,-0.39042136,-0.45634636,-0.06666314,-0.5038184,-1.0960873,0.44118646,-0.5530669,0.26579097,0.15248269,-0.28420755,-0.18193671,-0.30406433,-0.4959149,0.26700705,-0.11801263,0.15345922
pre_eclampsia,-0.4819937,-0.36147034,-0.4561752,-0.19827482,-0.52611125,0.43371245,0.67255306,-0.39550364,-0.2963098,-0.3135898,-1.1389278,0.19569558,-0.69040173,0.79524267,-0.572792,-0.22274211,1.308697,-0.77579,0.06445023,-0.0703281,0.15101819,0.33247763,0.11105482,0.09939063,0.65400296,-0.12095029,-0.7760763,-0.75238854,-0.03760253,-0.5711446,0.58482724,-0.10532714,0.6214043,-0.060673088,0.20281374,-0.43763757,0.27833113,0.059315495,-0.494973,-0.34049264,0.32335436,-0.099494755,0.007858438,-0.16611846,0.19490966,-0.22407895,0.42213348,-0.039555617,0.3546898,-0.20107505,-0.25546375,-1.0463299,-0.41722274,0.13833354,0.052510068,-0.24912983,-0.6073739,-0.47385314,0.11453333,0.38829717,0.20518851,-0.77859867,-0.45993358,0.9240555,0.7500108,0.25541884,-0.62741023,0.077215336,-0.3143718,0.040609773,0.23759247,0.5093864,-0.15834045,-0.05175205,0.548914,-0.21387449,-0.23059846,0.35109165,-0.22349298,-0.093026444,0.4767616,-0.16029324,-0.3606449,0.7094962,-0.43915737,-0.4048377,-0.032487214,-0.49261573,-1.0957808,0.39871943,-0.5676607,0.2607409,0.13804403,-0.21264881,-0.1795541,-0.3085739,-0.48051536,0.29636014,-0.1376028,0.10342727
thermoregulation,-0.21308783,0.11740547,-0.102155745,-0.9656002,-0.54957837,0.78492033,-0.24455985,-0.29425806,-0.31853113,-0.048573732,-0.2052214,0.2601798,-0.57999927,0.8131069,-0.054139398,-0.71880597,0.6984462,-0.529277,-0.75283563,-0.21477963,-0.14699638,-0.6415778,-0.0772991,0.44099542,0.05192485,0.20105493,-0.731679,0.41076043,-0.1747096,-0.018126125,-0.5613575,0.1657542,0.44680938,0.29183793,-0.03810436,0.1228666,0.2813839,-0.9481311,-0.0402521,0.29592177,0.47470447,0.36345193,0.38335514,0.0006908602,0.75411,0.45868313,1.0784765,0.11972865,-0.21242434,-0.24243146,-0.4961879,-1.803987,-0.20638925,0.36678368,0.54891044,-0.42181146,-1.1538191,-0.6374355,-0.37792522,0.26100457,-0.64660066,-0.15440181,-0.25457972,0.66587555,0.9001508,-0.24252099,0.25785306,-0.14231144,-0.18370575,0.0056202533,0.21275787,-0.0025365234,0.23108892,-0.09317568,0.431462,0.29726982,-0.43328562,0.070002556,-0.6276483,-0.2953302,-0.26298395,-0.06474056,-0.27853513,-0.33024788,-0.09949656,-0.20469172,0.43143174,0.31002992,0.4137965,-0.21284907,0.030113596,0.6416384,-0.44954836,-0.8572459,0.24176076,-0.15557198,-0.53116417,0.04105803,-0.21341947,0.42877597
motor_performance,-0.5292569,-0.3797523,-0.7596591,-0.056421172,-0.08743663,0.68428946,-0.1087216,-0.13488092,-0.48743638,-0.059671443,-0.2631608,0.4016185,-0.046073996,1.1855985,0.12749301,-0.8913479,0.8642431,-0.87443316,-0.031221613,-0.17655754,0.094425574,-0.19865498,-0.20656183,0.5946238,0.21633911,0.09130175,-0.37392542,-0.18535252,0.054622114,-0.24621426,-0.26126036,0.11076724,0.8376249,0.6888161,0.12552918,0.14344797,-0.04789593,-0.4732537,-0.2260734,0.04183607,-0.08832338,-0.07273068,0.5247027,-0.03972159,0.48549017,0.9175996,0.48038325,0.6632599,-0.05954757,-0.5298418,-0.29872522,-1.383176,-0.42738178,0.78431535,0.58768374,-0.25404927,-0.89444745,-0.4150416,-0.43885034,0.27575362,-0.3026351,-0.6276119,-0.18303277,-0.025026089,0.35677326,0.17915368,-0.50177777,-0.26113042,0.17242594,0.16632739,0.23582228,0.16131462,0.039080918,-0.31924352,-0.01044283,0.35933268,-0.041993238,0.364188,0.12517872,0.3749978,-0.18419743,0.09279457,-0.6808257,-0.16811976,-0.32011276,-0.19925536,-0.20770991,0.20879076,0.5948286,-0.115343414,-0.01177261,0.14308025,-0.21079466,-0.86161214,0.31065142,0.18058257,-0.12242548,0.5388742,0.08465462,0.39667872
body_temperature,-0.20112686,0.0960045,-0.084458016,-0.88086456,-0.5246854,0.6721103,-0.23224913,-0.25157163,-0.33511925,-0.032156907,-0.14778459,0.2503189,-0.5813788,0.77913785,-0.099453986,-0.7441264,0.66478103,-0.46703893,-0.6803569,-0.19653408,-0.12563573,-0.6383753,-0.06603389,0.39744508,0.060747314,0.1979608,-0.68962616,0.4366371,-0.1650318,-0.021046888,-0.5777027,0.16770886,0.39985752,0.26577502,-0.03621636,0.1269806,0.28195882,-0.87040025,-0.049352933,0.2539237,0.4271901,0.33118993,0.326139,0.01245962,0.6834271,0.39735126,1.0561659,0.114387006,-0.2370068,-0.22196147,-0.5220957,-1.7099179,-0.148931,0.32246733,0.52705866,-0.39901838,-1.0804312,-0.63079244,-0.38801402,0.19878584,-0.5712709,-0.12852736,-0.26414248,0.685724,0.8879115,-0.20045678,0.3243712,-0.17266499,-0.18883592,0.001641943,0.24032842,-0.06641725,0.20093599,-0.06370204,0.4106358,0.2795955,-0.44272843,0.04725763,-0.5938226,-0.33304247,-0.2720491,-0.027079992,-0.2198253,-0.32418793,-0.083391234,-0.16350783,0.4726227,0.32796192,0.33179787,-0.21064009,0.061011303,0.5458285,-0.43342236,-0.84724694,0.20362943,-0.1928831,-0.52119875,-0.0117482245,-0.21324492,0.40818566
autonomic_nervous_system,-0.70148,-0.33334658,-0.27958745,-0.11292431,-0.78211033,0.3996546,0.4875262,-0.4290817,-0.14336298,-0.3602049,-0.52719665,0.53898257,-1.0751501,0.6949275,-0.34550744,-0.49500325,1.2016983,-0.7240173,0.2537685,-0.3533286,0.188708,0.15796432,-0.10481918,0.15129381,0.19396341,-0.048143856,-0.5681775,-0.55895305,-0.058740314,-0.48003125,0.14773321,-0.22264688,0.5063772,-0.13358468,0.33844495,-0.47094688,0.096327476,-0.13424215,-0.3434298,-0.29464343,0.029434422,0.024732493,-0.17094965,-0.28061423,0.18795355,-0.18795685,0.57991046,-0.041320164,0.053372003,-0.13100174,-0.8895433,-1.1179568,-0.14979137,0.20863716,0.2847188,-0.18879619,-0.72489566,-0.41348997,-0.0041794428,0.2101454,0.2637597,-0.62268126,-0.41315457,1.1617172,0.98367006,0.17774418,-0.15733188,0.29407233,-0.28533888,0.081696406,0.102944046,0.2572331,-0.10959429,-0.08136559,0.4800572,-0.25624636,-0.5681058,0.18494532,-0.26038554,0.015384601,0.24597746,-0.06005695,-0.051393837,0.29618606,-0.3640164,-0.3637264,0.24921745,-0.13082507,-1.0808247,0.48254663,-0.3868902,0.3242145,-0.14756441,-0.10859405,-0.17687714,-0.40160087,-0.5252175,0.354123,0.061332196,-0.20663641
lactation,0.13001886,0.013594786,0.09868887,-0.82998604,-0.37786093,0.53255767,0.29924908,-0.5087741,0.033099215,-0.6975232,-0.92889243,-0.103698395,-0.04482175,-0.092130676,0.16827767,-0.14669544,0.17164598,-1.3388382,-1.3324556,0.07894694,0.16379392,0.49394122,0.059055664,0.39651617,-0.4358423,0.4181542,-0.3917931,0.509504,-0.16924745,0.3664411,0.25747138,-0.4518418,0.44400015,-0.4603311,-0.14161722,0.20650621,0.37962613,0.036861666,0.52362293,-0.27903947,0.25159717,0.44004393,0.29069203,-0.3299658,0.8585725,0.15089329,0.4702441,-0.22763392,0.27646333,-0.250956,-0.46115622,-0.77890456,-0.337804,-0.28720707,0.5428229,-0.08913902,-0.254785,0.4012659,-0.2760344,0.37465653,-0.5848787,0.17316546,-0.4598461,0.64997345,-0.1423221,-0.7836759,0.13832027,0.27290934,-0.91839767,0.22012956,0.5000093,0.63088787,0.2758536,-0.29710886,0.6816301,-0.51012284,-0.22475891,-0.5249447,-0.76578486,-0.65510744,-0.0069649224,-0.29120472,-0.88723093,-0.24288738,-0.16218083,0.29393706,0.5803654,-0.3646535,-0.2612674,-0.034255955,-1.1098872,0.492667,-0.17441608,-0.34136093,0.30126095,-0.5342808,-0.07953228,0.27512354,-0.29454246,0.45292386
nervous_system_development,-0.09797711,0.17478338,-0.5201166,-0.15698615,-0.011238311,0.7619566,0.77480173,-0.46953076,-0.76343477,-0.25918424,-0.7150676,0.31095442,-0.05556419,0.9690637,-0.2986854,-0.35410035,1.2073976,-1.2328244,-0.48365623,0.006826884,0.2114925,0.77055204,0.15935317,0.5366128,0.23638363,-0.2638125,-0.47914183,-0.56325966,-0.082724236,-0.5202148,-0.17556025,-0.06770759,0.80230737,0.37479123,0.21873513,-0.122123376,0.022819571,0.18298891,-0.4582923,-0.19458577,-0.0117899785,0.07529123,0.39232665,0.07197407,0.17171633,0.008955933,-0.19694494,0.9824446,0.32123902,-0.7546209,-0.13542195,-1.3744401,-0.28383663,0.64750445,0.11946437,-0.67987585,-0.47543898,-0.18804108,0.5421168,0.46872413,0.1394845,-0.7682094,-0.26205996,0.39894915,0.47185212,0.22865294,-0.9431175,-0.43026286,-0.17052822,0.67596877,0.2624037,0.74111694,-0.23535042,0.2317413,0.26348987,-0.14213912,0.00011018971,0.5009584,-0.2841057,0.34992838,0.024422016,-0.0633705,-0.52616006,0.1828741,-0.57880414,0.02022477,-0.15066972,-0.46104467,0.064920925,-0.021746688,-0.46550483,0.23333313,-0.04424549,-0.33987838,-0.1556549,-0.24374647,-0.38837558,0.3743279,0.17368971,0.7042963
genetic_algorithm,-0.061547104,-0.09362722,-0.32350495,0.2334679,-0.62623966,-0.23812506,0.35887143,0.4743897,0.1451205,0.103964776,0.11844799,0.026596753,-0.28123176,0.25976947,-0.49095204,-0.35444602,0.30225986,-0.034760807,0.37821183,-0.02727274,0.29516613,-0.29650223,-0.19868462,0.44017777,-0.022329658,-0.004650536,-0.40201074,0.19511256,0.26853052,-0.34183672,-0.6284879,-0.11271842,0.018180434,0.18327951,-0.19786009,-0.21601349,0.020726781,-0.38581565,-0.02769429,0.15339261,-0.0500998,-0.021569222,-0.101004384,-0.44734985,-0.1442679,0.14066312,-0.089971535,-0.03443998,0.27730557,0.12626924,-0.6987743,-0.4403047,0.11113994,-0.12896113,0.42730582,0.39767775,-0.46921566,-0.15690506,-0.111004554,0.070231885,0.025810521,-0.045863938,-0.2033593,0.5778933,0.43487015,0.36391127,0.14047252,-0.32098305,-0.14798498,0.073912635,0.0019680716,-0.35007185,-0.30144122,-0.058890242,0.019705834,-0.13403043,-0.17065568,-0.004533295,0.31408495,0.057695035,-0.061420534,-0.22826503,0.059982818,-0.12333641,-0.08419642,0.015284899,0.47773936,0.3080277,-0.054730125,0.13823345,-0.3240599,0.19535743,-0.50608474,-0.5828073,0.08403756,0.30070907,-0.1759199,0.29670778,-0.6513324,0.35098022
gelatinase_b,0.21013667,-0.869426,-0.765222,-0.13378921,0.2692927,0.54059654,0.25511268,-0.44665632,0.33286545,-0.71775115,-0.30011323,-0.14907138,-0.17338602,0.81501436,0.6689294,-0.37289357,0.4599713,-0.065925576,-0.10788072,-0.14535643,0.36429417,0.7173017,0.0863669,0.8235688,-0.06022852,0.19309893,0.09351888,-0.1926146,0.5281142,0.030908622,-0.07973254,0.18488693,0.77765757,-0.21931754,-0.21503106,0.21049038,-0.05180441,-0.8657701,-0.34642446,0.5122144,-0.35032192,0.3613349,0.7342886,-0.5458558,-0.01650901,-0.0037116962,0.3490345,0.41780326,0.7309343,-0.3165624,-0.3366454,-1.0850625,0.30676526,0.33795136,0.23763393,-0.18356666,-0.71133727,1.1688584,-0.110487975,0.35285762,0.1338714,-0.5383809,-0.27518326,-0.10886639,-0.14832248,-0.27830413,0.06895778,-0.205821,-0.2613265,0.17948726,0.44966167,0.24064675,-0.05576148,-0.49817094,-0.058418468,-0.25520027,0.6574142,-0.41317767,0.29732633,0.07713156,0.139076,0.24844025,-0.48477668,-0.07165103,-0.14948635,0.34429884,-0.58893996,-0.1955524,-0.60151595,0.14307651,-0.7404098,0.9044902,0.28739902,0.057753455,0.5699226,0.1227862,-0.25713798,0.3095076,-0.23075274,0.30669418
haplotype,0.6601189,-0.76597893,0.16002472,-0.11364504,0.01732143,-0.4305896,0.9714278,-0.43663543,0.5109793,-0.48350108,-1.155381,-0.16421609,-0.108536564,0.4139614,-0.8534256,0.0004971381,0.49679422,-0.68259996,0.2686419,0.3781172,1.0426155,-0.075948045,0.3417383,0.5021288,-0.013461988,0.5929055,0.044098567,0.22512077,-0.32248488,0.08942255,0.46046197,-1.2973468,0.031141711,0.14697224,0.017998934,-0.41623142,-0.33419573,0.118917204,0.09646327,-0.100046076,0.24997821,0.5252791,0.24911812,-0.16410416,-0.19022802,0.038030356,0.6137626,0.026007377,1.01039,0.12945254,0.18023576,-0.47709566,-0.26364583,-0.56042266,0.46036506,-0.20239633,0.17753866,-0.3045648,-0.073027775,0.6172772,0.44854033,0.03317329,-0.43432918,0.34453872,0.49907193,-0.1437571,0.09576874,-0.19523099,-0.52928054,0.4157687,0.145851,-0.091816336,0.35216832,-0.2456476,0.5049966,-0.4389026,0.1602743,-0.40694606,-0.10424017,-0.60833853,0.51815146,-0.40469062,-0.7656194,0.07266119,0.11776292,-0.3334315,-0.17484875,-0.84888595,-0.63765365,0.9498874,-0.5705852,0.49223226,0.015221701,-1.1076763,0.22506304,-0.019320894,0.5491838,0.12562624,-1.1444721,0.12446559
genotyping,0.60940254,-0.5666914,0.43263263,-0.24136056,0.19521977,-0.16604632,0.8553159,-0.58237374,0.33028123,-0.48444265,-1.6266617,-0.25839013,0.17527755,0.074442185,-1.1880937,0.18849768,0.36371034,-0.6990967,-0.167169,-0.10455751,0.83413804,0.33962947,0.005235917,0.6314642,-0.01739428,0.620202,-0.14182514,0.17631795,-0.4189741,-0.3043759,0.4441343,-1.1475877,0.21880613,-0.03401785,0.028748436,-0.41143027,0.11417968,-0.36968282,0.107531875,-0.12689087,0.44787258,0.3488061,0.058137547,-0.13295114,-0.24839556,0.06010779,0.4263408,-0.32203537,0.92670023,-0.08291527,0.31423834,-0.38034084,-0.11736825,-0.700131,0.1696878,-0.013444673,0.00035269232,-0.29949382,-0.028379286,0.9655377,0.22968173,-0.1775065,-0.11881122,0.20888948,0.47539186,-0.17313589,-0.12667398,-0.34094197,-1.0796824,0.5206063,-0.10426283,0.056090746,0.48412377,-0.20429453,0.58869857,-0.7814796,0.42705205,-0.27691823,-0.15296714,-0.31811023,0.43410823,-0.33931276,-0.4350446,0.035739042,-0.14048529,-0.05361583,-0.017935852,-1.1216285,-0.588592,0.6486473,-0.7788382,0.8487963,0.08431404,-0.92399126,0.03662033,-0.079838715,0.24292457,0.0110958945,-0.8497205,-0.003896466
genetic_susceptibility,0.48978892,-0.4701103,0.4091976,-0.2825126,0.1480978,-0.12956339,0.84366006,-0.57234734,0.22930996,-0.45026,-1.4526349,-0.24324715,0.11494575,0.10708325,-1.1315311,0.2257062,0.28927392,-0.6264445,-0.14812094,-0.052496787,0.79025966,0.3169345,0.05199813,0.532106,0.047849458,0.5623609,-0.06916386,0.15674156,-0.29591897,-0.26780224,0.35751897,-1.039847,0.21800272,0.015797088,0.007045161,-0.3419494,0.13389494,-0.32555202,0.095112674,-0.17821127,0.43577227,0.257261,0.008549895,-0.13625568,-0.22436653,0.021368971,0.4023714,-0.31719756,0.83253545,-0.05477009,0.31897566,-0.33218598,-0.104833625,-0.64179343,0.20870937,0.042287815,-0.0053522587,-0.30658463,0.005668607,0.81603795,0.21144238,-0.14735076,-0.09128887,0.18621933,0.42076004,-0.083770506,-0.19532867,-0.3338591,-0.94796973,0.44760677,-0.098006055,0.06383865,0.44156152,-0.14871901,0.5661955,-0.68986994,0.36488935,-0.18078652,-0.11289415,-0.23662473,0.34948993,-0.32012224,-0.4147063,-0.017032813,-0.13203458,-0.057755608,0.023685185,-0.9882732,-0.55122226,0.57674533,-0.69666576,0.74540854,0.05520346,-0.82362825,0.051147386,-0.011838567,0.21913908,0.06883978,-0.8127025,-0.044718694
immunofluorescence,0.048502956,-0.563136,-1.20259,-0.14163382,0.40058622,0.77378494,0.23864475,0.0519222,-0.61429006,-0.10713474,-0.8355438,0.020880789,0.25329402,0.9133205,0.4807263,-0.6220199,0.7426761,-0.5240317,-0.012151287,-0.13309681,0.35334706,0.4141645,0.18802705,1.143855,0.066255614,0.26069453,-0.18012115,-0.8182503,-0.39413294,-0.3391314,0.06491802,0.248613,0.6564777,0.3812159,-0.11532875,0.2043872,-0.13201842,-0.6483493,-0.37413204,0.43013033,-0.33742744,0.10105165,1.3471847,-0.15432088,-0.40220338,0.65317404,0.1583467,0.6971615,0.58990896,-0.39634654,0.26611933,-0.9897139,0.054591186,0.6496995,-0.121636644,-0.37522158,-0.83439565,0.28255865,-0.19015683,0.41060612,-0.29151767,-0.76505786,-0.1736212,-0.36830562,0.21784204,-0.4237621,-0.5877783,-0.31348065,-0.06970247,0.38904643,0.06727131,0.209475,-0.15441446,-0.39127108,0.14884968,0.45358855,0.18189774,-0.054846592,0.15359536,0.25807098,0.3119463,0.09619473,-0.7294839,0.1600996,-0.039294187,-0.1869402,-0.46357232,-0.12135518,0.5926504,0.21829367,-0.35646895,0.4741464,-0.1683088,-0.24646327,0.54412115,0.08482264,-0.090329625,-0.06456097,-0.20674329,0.31965786
secondary_metabolite,-0.36170954,0.19859712,-0.50333077,0.18856575,0.369339,0.3538693,0.5626366,0.6102658,0.39853573,0.28686398,-0.8405715,0.31778863,-0.3853568,0.6381585,0.21091191,-0.34112287,-0.027770964,-0.3750104,-0.12526214,0.1900704,0.32521737,-0.2544485,-0.26047713,0.0067307926,-0.11121555,0.6787401,-0.26907018,-0.56033087,-0.25790814,-0.53641754,0.08236985,-0.89757764,0.09408787,-0.17390095,-0.08108713,0.014123293,-0.21764734,-0.9913114,0.5124216,0.36512145,0.80211246,-0.14897674,0.8208709,-0.16308501,-0.90052533,0.5440024,0.50300944,0.44657207,0.46887934,-0.39144847,-0.23987384,-0.16287795,0.07386115,0.339645,0.39563343,-0.50627744,-0.62941307,0.99341565,-0.5136789,0.19625628,-0.8061116,-0.08879717,-0.043075014,-0.38231602,0.15245003,0.026177926,0.35565624,0.029990137,-1.0021789,0.4135938,-0.5520603,0.37219226,0.78946114,0.0090154335,-0.16857307,-0.1025893,0.011968293,-0.1454295,-0.15257375,0.29626638,0.49383232,-0.22512601,0.0063387617,0.12415194,-0.32984066,-0.6573378,0.0855967,0.09994879,-0.16486384,0.6411791,-0.21013981,0.4764658,-1.0464629,-0.6786854,0.49112183,-0.0697248,-0.41169977,-0.39639145,0.16746469,0.35738698
co_doping,-0.060381282,-0.301453,-0.5178962,0.086249985,-0.34225065,0.1889985,0.34015423,0.028971516,0.349578,-0.06740846,-0.17847554,0.10300461,0.18468438,0.11501237,-0.5121904,-0.6184354,0.9137533,-0.2945881,0.26199573,0.05123027,0.23827532,0.42788604,-0.40723264,0.48042366,0.01015858,-0.04270737,-0.4952233,0.10543986,0.24113725,-0.255879,-0.21961968,-0.25861794,0.13851799,-0.5846978,0.086310476,0.20381129,-0.2694933,-0.2300749,-0.21121308,0.29401523,-0.41803095,0.2264348,0.24929672,-0.36892146,0.16045678,0.06904656,-0.27585268,-0.22182031,0.0012882713,-0.14317793,-0.14371645,-0.108554885,-0.10513376,0.1054511,0.5270737,0.46734813,0.5587682,-0.353516,0.20369892,0.9897586,0.008972176,-0.56601155,0.4108224,0.45992357,0.98755187,0.24349354,0.41132414,-0.20264535,-0.19752628,-0.19975731,0.19446796,0.19304435,-0.21963581,0.5320448,-0.058281805,0.0063570277,-0.3123618,0.056690007,0.5529604,0.88910145,-0.30270258,-0.19034432,-0.09755778,0.2390993,-0.27316633,-0.10411125,0.39940715,-0.4317808,-0.3668942,0.7248133,-0.5244557,0.15549403,-0.506525,-1.0825671,0.15502246,0.531721,-0.06293761,-0.28795615,-0.58750284,0.0416165
chemical_bond,-0.16424297,-0.6217465,-0.42749387,0.743365,-0.516341,0.2229973,0.1867422,0.22339152,0.2599994,-0.11966325,-0.751706,-0.019255178,0.5914251,-0.15781267,-0.13784961,-1.0359265,0.7682247,-0.18226612,0.03528643,0.31131285,0.042476982,0.66145045,-0.6289913,0.55446357,0.13200639,-0.41427925,-0.32698345,-0.18001543,0.622458,-0.41681513,0.18087769,-0.12263037,0.091871284,-0.33013692,-0.27171466,0.55491245,-0.20393172,0.2102204,-0.38257393,0.31403357,-0.60477614,0.51556474,0.15195645,-0.10270689,-0.08037539,0.12157967,-0.17110294,0.053136196,-0.03233622,-0.4338231,-0.27553672,-0.13000894,-0.7583477,0.08701338,0.91779345,0.58368295,0.63275,-0.40277416,-0.35634384,1.0921112,0.4517944,-0.30898458,-0.17044769,0.18017752,1.1124845,0.38335776,1.3166287,-0.37674013,-0.69383126,-0.50849986,0.030092126,0.01892576,-0.18721347,0.5949769,0.10364644,-0.2647013,-0.1905854,0.14003325,0.44274756,0.22223803,-0.35110095,0.013453737,-0.313586,0.09689241,-0.35782367,0.26396677,0.3527537,-0.13796368,-0.14125754,0.4261135,-0.8437846,0.094882734,-0.60361356,-0.85073894,0.12886487,0.18637048,0.36449823,-0.31844053,-0.93516004,0.24751367
eigenvalue_and_eigenfunctions,0.13244362,-0.012106859,-0.084337585,0.0684977,-0.4790739,0.020510985,0.2952048,0.3204911,0.31825384,0.49030536,-0.3123292,0.4351875,-0.77730685,0.40809575,-0.25186172,-1.0492401,0.40068936,-0.1437197,0.21478774,-0.039306592,0.51044077,-0.22042705,-0.4283519,0.54873925,0.1286708,-0.5963938,-0.38850933,0.07102676,0.31718847,-0.18620056,-0.58960176,-0.657974,0.63297445,-0.08911302,-0.005218221,-0.37745628,0.14361578,-0.7516556,0.038742527,0.019970516,0.2676409,-0.029696055,0.5508538,-0.38274,-0.27917516,0.10476071,-0.1999202,0.22598985,0.23970829,0.174407,-0.8069386,-0.23774314,0.40597928,-0.33565083,0.80373067,0.26091594,-0.07800563,0.6327075,-0.36677513,0.069779105,0.019998327,0.24509406,-0.47834957,0.4180496,0.35607693,0.74208915,-0.04702096,-0.12851669,-0.36033058,-0.12281976,0.22571324,0.07457348,-0.5591071,-0.5173794,-0.59445405,-0.34033698,0.39356288,0.14237225,0.5800632,0.12256723,-0.32379925,-0.13464282,0.0058835195,-0.33520493,-0.53925014,-0.2902109,0.6257897,0.48705512,-0.5038326,0.15188116,-0.56589556,0.31650913,-1.0190481,-0.4785166,-0.3672246,0.13503492,0.0046678195,0.09087325,-0.56984794,0.48142907
genetic_polymorphism,0.37938216,-0.74223965,0.10220508,-0.16212066,0.25047678,0.10237683,0.74599856,-0.6781454,0.17331864,-0.43511218,-1.2680182,-0.2666946,0.1603388,0.16203406,-1.13702,0.4484557,0.3286862,-0.36280176,-0.14530157,0.0986303,0.637922,0.16599768,0.18543313,0.4511897,0.07830188,0.40308106,-0.033035595,0.29605612,-0.36505765,-0.4759121,0.20713824,-0.78379923,0.4364567,0.016763529,0.0917948,-0.3995597,-0.08314651,-0.38077316,0.057003364,0.028044168,0.5654489,0.27446952,0.18647322,-0.16208082,-0.25539157,-0.15990609,0.4241963,-0.35436958,0.9638725,-0.19867806,0.36916202,-0.5863357,0.08546366,-0.4070635,0.071843326,-0.22051947,-0.1595057,-0.037274398,-0.1887189,1.1555245,0.07618843,-0.12752385,-0.17781183,0.31042048,0.45116404,-0.05503922,-0.015325616,-0.2541579,-1.1343794,0.4029833,-0.043136917,0.24355353,0.3095263,-0.19828798,0.37645915,-0.64697385,0.55893946,-0.15220763,-0.37306738,-0.00062424666,0.43933076,-0.26594493,-0.27839693,-0.061957166,-0.32255197,-0.24160892,-0.04571365,-1.0868866,-0.8231592,0.5911142,-0.63528645,0.76619893,-0.16760768,-0.77657545,-0.0821288,0.016302437,0.08985605,-0.08823772,-0.5372086,0.032948747
gene_frequency,0.36570084,-0.70492727,-0.17838702,-0.2496261,-0.14081883,-0.2302566,0.9428675,-0.323036,0.5290894,-0.24490863,-1.0149014,-0.16973642,-0.041200154,0.6577097,-0.923873,0.36996874,0.7134637,-0.217267,0.3583013,0.60427725,0.68382406,-0.13332663,0.5002868,0.33857664,0.4481716,-0.08417744,-0.1592932,0.6471147,-0.41821787,-0.13457489,-0.0086367875,-0.79417133,0.13120396,0.13138369,-0.037960008,-0.3810542,-0.48311347,0.18635784,-0.09570604,0.09409402,0.19029096,0.47501048,0.38316822,-0.10931975,-0.24482577,-0.12136725,0.4550885,0.10989504,1.0778161,0.1828717,0.27513388,-0.6738549,0.102473006,-0.38387468,0.45955873,-0.31524432,0.3197581,-0.3294402,-0.2183966,0.86531866,0.314366,0.23696236,-0.46210292,0.52746266,0.41687995,0.11859208,0.095576376,-0.16486613,-0.5555595,0.26957926,0.61712164,0.034057062,-0.02774237,-0.16370231,0.24365096,-0.20523797,0.30801117,-0.05859119,-0.26532748,-0.43635562,0.23090917,-0.33684558,-0.602427,-0.09464894,-0.00820117,-0.26855806,-0.17031236,-0.81491023,-0.74579036,0.72037876,-0.42232358,0.32897392,-0.24088146,-0.9416443,-0.14514682,-0.042388067,0.26246187,0.1406779,-0.84513116,0.18431973
timing_circuit,-0.3761859,-0.09427629,-0.27611542,-0.10190755,-0.5687864,-0.060263455,0.24839129,0.7886607,0.43419823,-0.18353721,0.17197509,0.24706283,0.10717639,0.3639855,-0.4632416,-0.14191896,0.11798707,-0.16034184,0.22246817,0.0912749,0.4042451,-0.12593794,-0.41517138,0.09323768,-0.10530285,0.05266385,-0.5524305,0.33138734,0.35091662,-0.39278123,-0.4275502,-0.29406092,-0.06976626,0.019518554,-0.06422798,-0.06607527,-0.075029746,-0.47609338,0.14441656,0.11076437,0.40014753,0.09214279,-0.11067265,-0.6318195,-0.14420336,0.17486288,-0.08040012,-0.16118075,0.42184955,-0.22777255,-0.49347407,-0.33761573,-0.040326092,-0.18201172,0.48059496,0.22171861,-0.587649,-0.14560437,-0.12957779,-0.040095568,-0.22860442,0.102286234,0.15275598,0.7396243,0.63446856,0.3489153,0.4170742,-0.07987519,0.045400273,0.37541008,-0.3279438,0.012814064,-0.2616027,0.48676193,-0.051983748,-0.17993583,-0.21818705,0.0290339,0.49592462,0.0775371,-0.017249083,-0.23486863,0.43248063,0.14960615,0.13946322,0.04984135,0.2546149,0.05021962,0.23550782,0.4543611,-0.53262836,0.49765942,-0.556953,-0.5984107,0.32958728,0.24115653,-0.29804972,0.13609843,-0.2996811,0.24305949
leaching,-0.46258658,0.021258406,-0.398157,-0.07522377,-0.014050496,0.268638,0.35927677,0.61243635,0.451072,-0.2468157,0.14229268,0.4807888,-0.11385391,0.31856078,-0.14129783,0.019034801,-0.071373776,-0.10146008,-0.05342537,0.17570908,0.08660532,-0.1685151,-0.09449919,-0.24384408,-0.4027253,0.3445468,-0.40672946,-0.057418853,-0.11701712,-0.22873099,-0.053709526,-0.62784153,-0.37037468,-0.11021712,-0.25761735,0.28261065,-0.20273803,-0.5695689,0.6083596,0.3845517,0.86237496,0.10857506,0.19812508,-0.41340446,0.16604541,0.2874346,0.41377985,-0.17291397,0.56952935,-0.64185846,-0.4465766,-0.3799502,-0.24577431,0.12732373,0.5382539,-0.19947602,-0.34118262,0.22737089,-0.64119107,0.3789441,-0.6149027,0.19023988,0.3871054,0.28286123,0.6043945,0.09243769,0.68165714,0.18265502,-0.538078,0.19542782,-0.5087606,0.35439238,0.14144692,0.70794237,-0.07841647,0.12226368,-0.37624696,-0.07696856,0.28948647,0.14198314,0.25224435,-0.24200898,0.3408381,0.21883148,-0.16185674,-0.27042186,0.18646754,-0.3410829,-0.044365108,0.7679783,-0.5303672,0.51087797,-0.86875206,-0.82788646,0.7639377,0.14893115,-0.33527794,-0.39980504,-0.20725739,0.37460893
fern,-0.41289175,-0.1740579,0.079711966,0.071372785,-0.22120847,-0.12096178,0.31916296,0.29560623,-0.018225143,0.6850817,-0.6982726,0.26566574,-0.4065458,0.12005074,-0.06058134,-0.2754908,0.24524279,-0.39185914,-0.015104436,-0.32377195,-0.018316325,0.017009912,-0.14874919,-0.01933481,0.17554823,0.17816685,-0.35215348,-0.22828571,-0.46673903,-0.45468625,-0.2786838,-0.42355177,-0.19228701,-0.06541448,0.13108508,-0.5759006,0.2591171,-0.4643588,0.43672267,-0.1276381,0.42056125,-0.33341116,0.36741856,-0.22980241,0.081908576,0.5709677,0.12962471,0.02920575,0.1516049,-0.12789704,-0.026212994,-0.38636157,-0.18838952,-0.42919713,0.3871819,-0.071310535,0.38028526,0.1608755,-0.22569996,0.6385539,-0.16757101,0.08726422,0.24655432,0.09831019,0.30920458,-0.13557814,0.20448598,0.21024,-0.21526273,0.15029418,0.07366069,-0.23622154,-0.3151141,-0.08683032,0.037413135,-0.051292647,-0.10515518,0.056348674,0.22443092,-0.31618327,0.28048268,0.023994898,0.01344387,-0.25820053,-0.15752104,-0.06444596,-0.32278323,-0.7255957,-0.38668475,0.43924567,0.17971085,0.4349922,-0.2334,-0.4558611,0.13330667,-0.28494987,-0.27757698,0.07764772,0.12997983,0.3979532
ultraviolet_radiation,0.4491052,-0.6248984,-0.44182837,0.07396081,-0.500962,0.09720569,0.09375908,0.49118245,0.3129282,0.3609888,-0.85494685,-0.121955305,-0.12721527,-0.35721168,0.12220466,-0.057760615,0.55065817,-0.29476073,-0.67107016,-0.41382605,0.23998083,-0.2020605,0.077099465,0.6715078,-0.2744999,0.23639387,-1.2429012,0.06796485,-0.26981512,-0.51717454,-0.14926991,-0.325266,0.08077135,0.075960554,-0.6248084,0.026878702,0.28910738,-0.44176093,-0.43331906,0.2628867,0.13769561,0.68460023,0.13443342,-1.0762814,0.37082177,0.012379205,-0.433477,-0.7155269,0.24124818,-0.5459605,-0.39229843,-0.6410831,-0.086760715,-0.5663764,0.5602264,0.18984236,-0.54982483,-0.17490485,-0.19273512,0.553404,-0.13364166,-0.085682645,0.6294985,0.33923104,1.0551775,0.19055074,0.27990505,0.13592057,0.19515209,-0.9621297,-0.13398215,0.08828341,-0.8382341,0.39143446,0.67683667,0.56258637,-0.86687046,0.023371192,1.139724,0.36974677,-0.6191465,-0.026348632,-0.62406796,0.3604751,0.10098571,-0.2736808,0.25273898,-0.044378683,-0.05491628,0.38367376,-0.7699486,-0.12814048,-0.1664023,-1.024021,-0.04263449,0.8890412,-0.9313694,0.24787529,-0.95579976,0.033412404
energy_efficiency,-0.19054928,-0.21467113,-0.49538493,-0.53177434,-0.10541128,-0.05460182,0.34954575,0.12784505,-0.14529213,-0.40234238,-0.05859897,0.045493256,-0.37442425,0.8333587,-0.24596746,-0.7943354,-0.021468496,-0.052521683,-0.07861591,0.36827403,0.2225291,0.2718029,0.0310939,0.5723533,0.23053439,-0.032620836,-0.09413856,0.13331193,0.032274622,-0.28377816,-0.42820853,0.20575479,-0.0064964355,0.089120805,-0.16228962,0.24775067,-0.08872705,-0.13314815,-0.10323696,0.011460129,0.4664305,0.23485622,0.2449251,-0.4679816,-0.41807258,-0.0010498408,0.0773887,0.7597306,-0.09773079,0.02529066,-0.38944188,-0.52324307,0.5557354,0.041571334,0.75418067,-0.0591205,-0.24559525,0.3968136,-0.3054634,-0.18577766,-0.33172604,0.52839744,-0.54643434,0.21207562,0.14740452,0.22656018,0.3467354,0.06310497,-0.22762844,0.0069033606,0.28835917,-0.07419472,-0.22977726,-0.04152783,-0.24490356,0.3828606,-0.70073366,0.22038104,-0.14058101,-0.44598794,0.20883992,-0.20523578,-0.0555331,-0.35975143,0.0750227,0.24728933,0.0061118705,-0.010622377,-0.057818174,0.2127506,-0.6185905,0.11326779,-0.84725994,-0.51777107,0.28450057,-0.12814938,-0.23738681,-0.14207777,-0.67137235,0.075684495
breeding,-0.11450534,0.54648733,0.089036316,-0.6121825,-0.8634923,0.6184629,0.33090603,-0.14025545,-0.33466133,0.022396997,-0.3214664,0.42012712,-0.4077607,0.5097617,-0.63388115,-0.5546113,0.7909658,-0.8973093,-0.509147,-0.091924965,-0.45822883,0.26902232,-0.087418474,0.6492573,-0.2555628,-0.21119799,-0.5905927,-0.0758185,-0.14913434,-0.3358045,-0.7040235,0.0021947764,0.14680207,0.13717179,0.11073818,-0.5334913,0.4064377,-0.4651387,0.020802092,0.3463452,0.14585392,0.20119447,0.13721408,-0.057555262,0.16444087,-0.052002084,-0.2677313,0.26209256,0.12875234,-0.4557188,-0.16074695,-1.5130051,-0.2132725,0.30410394,-0.044587642,-0.20799345,-0.4006244,-0.08913683,0.44542074,0.40153974,-0.10687208,0.05132824,-0.29255918,0.78642106,0.8048448,-0.022172334,-0.4089719,0.40387875,-0.4445967,0.5083568,-0.0014351401,0.39117587,-0.35473,0.16475017,0.23441121,-0.43400043,-0.4178455,0.20414573,-0.72663,-0.0089878375,0.5042025,-0.15835382,0.16740704,0.17920402,-0.40395838,0.014018599,0.49156442,-0.2907633,0.064568326,-0.24669057,-0.26635307,0.82327795,-0.64778626,-0.06742655,-0.1416568,-0.61337614,-0.29339752,0.091928236,0.15346652,0.5492378
structural_analysis,0.19522777,-0.28542304,-0.52110124,0.18157703,-0.61723006,-0.56971985,0.6485474,0.33003545,0.23088497,0.22681825,0.29039213,-0.35579664,-0.22239178,0.37059733,-0.6117625,-0.44938985,0.3956894,-0.5342506,0.48753846,-0.15631,0.71736187,-0.13900898,-0.26669976,0.86812145,0.082865745,-0.18351224,-0.57896376,0.2036461,-0.07296767,-0.73045564,-0.644401,-0.2526365,-0.143286,0.2753563,-0.22389685,-0.39097002,-0.008606972,-0.4414224,-0.05038529,0.160738,-0.5251095,-0.14488658,-0.27663165,-0.40080443,-0.4107117,0.39796424,-0.21699022,0.5347731,0.2287301,0.14003974,-0.4668518,-0.6983064,0.6147445,-0.42583847,0.57571036,0.38730818,-0.52284026,-0.17945957,0.21385589,0.20889503,0.11371088,-0.3127722,-0.60609156,0.54826695,0.52112645,0.64637375,0.19093215,-0.23785554,-0.30709332,0.3308214,0.29770407,-0.34289905,-0.24291928,-0.0035001198,0.19321024,0.04138078,-0.4793995,-0.10058505,0.07617065,0.14107443,-0.124233164,-0.2601468,-0.32251552,-0.40654796,-0.3502926,-0.19727068,0.56237143,0.2136951,-0.4722528,0.12064294,-0.28166854,0.0056684413,-0.5968228,-0.8527983,0.06663476,0.30540645,-0.016758632,0.33780664,-0.8728055,0.083829395
virulence_factor,0.66680354,-0.5585764,0.11926065,-0.45052928,0.23358521,0.05634867,0.3457363,-0.2735393,0.09005863,-0.71538806,-0.38316536,-0.26707205,0.12140785,0.19846217,-0.992789,-0.1918686,0.3965196,0.06811771,-0.18519123,0.1593772,-0.1532731,0.21617784,-0.2979376,1.1489553,-0.10250887,0.40902305,0.11514694,0.24043228,-0.38416174,-0.20907082,0.15969579,-0.08177867,-0.12928836,0.10113402,-0.29506853,-0.7695802,0.4206978,-0.72467124,0.30142674,1.2294718,0.6486386,0.07415262,0.6099438,-0.22840196,0.5468176,0.13053796,-0.055578317,-0.41901907,0.4694422,-0.22789676,0.31413496,-0.7812287,0.5202117,0.08686049,-0.5907127,-0.22860125,0.36463165,0.96213394,-0.13618703,1.1796805,-0.06840213,-0.0053941403,-0.265196,-0.1150213,0.26877034,-0.20406257,-0.09230237,0.31267118,-0.5081894,0.34568775,-0.26843843,-0.1620621,-0.43121442,-0.06879997,0.17848937,-0.029123897,0.64343494,-0.063136645,0.109745376,0.023104452,0.74907863,-0.40519533,0.32671082,0.14497477,-0.31174216,-0.26018423,-0.1215643,-1.1687399,-0.32047725,0.09071808,-0.76541615,0.70847994,-0.7434047,-0.4023776,0.51622885,0.32734984,-0.42582747,-0.8677302,-0.98594666,0.17023319
lagrange_multiplier,0.053108286,-0.036328554,-0.12947397,0.08211754,-0.56412375,0.07718289,0.30434155,0.30108634,0.32401857,0.47822082,-0.25961068,0.38429677,-0.7747327,0.39163756,-0.324362,-0.8880252,0.33845103,-0.21224013,0.1866405,-0.034290288,0.514088,-0.19733834,-0.42040747,0.49624017,0.07188991,-0.55545306,-0.35881516,0.010328722,0.33409214,-0.24586205,-0.58742416,-0.6114386,0.5874166,-0.09903487,-0.01420188,-0.41454875,0.17915757,-0.6752532,0.1114017,0.06447609,0.32825282,-0.0597413,0.48844495,-0.47092664,-0.26114538,0.028096624,-0.22241557,0.13892911,0.20471466,0.15960923,-0.77170837,-0.27945358,0.4379128,-0.3260092,0.7521291,0.26357543,-0.16961667,0.6381311,-0.32301477,-0.022946414,-0.0056765354,0.23356709,-0.40310824,0.5128214,0.3354727,0.7792423,-0.085153274,-0.09970965,-0.3358641,-0.18672729,0.26030788,0.09773514,-0.5072922,-0.47938532,-0.49831635,-0.28589264,0.3362531,0.093103394,0.5254999,0.09447756,-0.29907778,-0.07757612,-0.020433256,-0.3332926,-0.51943463,-0.31691855,0.68501693,0.505608,-0.4610088,0.18152143,-0.58789396,0.28936288,-1.0122571,-0.45866552,-0.21841687,0.11883876,-0.078486845,0.105869494,-0.5635059,0.49663723
spectrophotometry,0.4084194,-0.1426905,0.2589104,-0.14142953,0.6770565,-0.011248684,-0.061834406,-0.8827327,0.8184982,-0.47478366,-1.3988833,-0.095090955,-0.23452853,0.52794063,-0.5987906,-0.5122667,0.45400468,-1.2213631,-0.048900455,0.056429297,0.58646655,0.08397123,-0.39281613,0.7418636,-0.83018655,0.8580757,-0.25624308,-0.5718038,-0.38532108,0.38856414,0.6715522,-1.0601667,0.402408,0.14975223,-0.10181809,0.3833696,0.3342476,-0.7343241,0.12416041,0.18102661,-0.041084368,0.92740643,0.5605445,0.4351762,0.16915362,0.011510716,1.1692295,0.048925895,0.52049303,-0.6380613,-0.022745999,-0.26583576,-0.086367965,-0.1213511,-0.18764226,-0.37174526,-0.6651677,-0.35505423,0.034131058,0.18879831,0.56307256,0.1312109,-0.3064803,0.34087095,0.4737024,0.1703172,-0.18931364,0.21963236,-0.8618812,0.35692087,-0.08329591,0.14226195,0.35087407,-0.66224897,0.406635,-0.4200394,0.37290633,-0.77725387,0.20734052,-0.84714645,0.5346092,-0.25816303,-0.63038397,0.9095712,0.14196144,-0.17127429,-0.65730596,-0.8247109,0.22794314,0.3958045,-0.83077455,1.0570242,0.4336868,-0.632724,0.15097971,-0.16557562,1.3181975,0.045345135,-0.93487996,-0.5718659
reverse_transcription_polymerase_chain_reaction,-0.065023795,-0.047193725,-0.5224439,-0.44972098,0.20955998,0.37006408,0.07827672,0.1593419,0.082936466,-0.07126083,-1.2664305,-0.2195535,-0.024026599,0.90408874,0.52145594,-0.65823615,0.7693491,-0.8222206,-0.15539508,-0.24648175,0.44683895,0.14381462,-0.43781498,1.0954248,-0.107660115,0.6914979,-0.6732334,-0.9016024,-0.8276707,0.12347031,0.70526266,-0.4377833,0.30920142,-0.3737028,-0.21297872,-0.067249894,0.377942,-0.8173444,-0.030195577,0.27296555,-0.22988452,0.11344365,1.0838041,-0.009456209,0.36771673,0.52340114,0.9977237,0.5607123,0.58579254,0.04320695,0.5762432,-0.40787274,-0.049787913,0.07051426,-0.4215164,-0.15710439,-1.0151182,0.23197277,-0.4267406,0.377749,-0.71165717,-0.16088471,-0.89803416,-0.24387224,0.064464726,-0.6887297,-0.45816663,0.4558296,-0.26379877,0.46530613,0.2865581,-0.11658706,-0.20211999,-1.0267195,-0.021888815,0.20921119,-0.032262206,-0.6928402,0.14364655,-0.67676306,0.21787745,-0.4127867,-0.612215,0.7924976,-0.09680218,-0.45382407,-0.74159086,-0.31253412,0.6401595,0.56050444,-0.8218584,0.53638595,0.21171488,-0.029477024,0.2025871,-0.03760031,0.6468672,0.1717332,-0.48454213,-0.06493434
bagg_albino_mouse,-0.14590058,0.18356973,0.25208184,-0.2977256,0.256195,0.03450644,0.090218924,-0.0039066086,0.77951634,-0.39843965,-0.7265484,-0.27788687,-0.33917093,0.6749519,0.5411563,-0.6146425,0.4250703,-0.60531974,-0.36574635,0.054611307,0.15182865,0.71009886,-0.66804063,1.1255168,-0.581235,0.6761669,-0.52903455,-0.03382205,-0.34984654,0.0091812685,-0.040852416,-0.33481684,0.34348175,-0.76869434,-0.22716719,0.017975537,0.7508171,-0.79754657,-0.037432127,0.054533713,-0.41512302,0.75071275,0.42312923,0.041875985,0.4298715,-0.118211634,0.68671,0.46927103,0.42475787,-0.3215998,-0.11034246,-0.308305,0.1053088,-0.15453286,0.009705518,-0.07374187,-0.8233337,0.9709872,0.033242088,0.3607905,-0.5673138,-0.020427043,-0.716189,0.27831206,-0.25724205,-0.4015724,0.0071829823,0.6719314,-0.4126841,0.11268314,0.51190084,-0.12357119,-0.4606667,-0.9287108,-0.16157089,-0.10395218,-0.22061235,-0.6493384,0.29048687,-0.53671616,0.011679172,-0.31034544,-0.32149187,0.5669813,-0.16253491,0.095045716,-0.6082368,-0.58592594,-0.096919216,0.14561123,-0.9742742,0.717265,0.27450985,-0.06625628,0.13898869,0.17813055,0.1619159,0.5207711,-0.45492882,-0.25490284
solid_state_fermentation,-0.08479603,0.19077525,-0.43123809,0.08883654,0.099430986,0.2295076,0.52857596,0.60160345,0.48205167,0.5602681,-1.2268147,0.19595596,-0.25070688,0.5633634,0.27852735,-0.6231683,0.17485347,-0.6872206,-0.10206555,0.02073522,0.38746798,-0.5159546,-0.35333636,0.1392408,-0.122399755,0.55301213,-0.35889482,-0.49469325,-0.14037971,-0.5526306,-0.1827528,-0.97448945,0.27241173,-0.35870272,0.10751168,-0.3777457,-0.29702502,-0.9763271,0.273591,0.07849222,0.6660458,0.019888997,0.71553725,-0.37120065,-1.1483636,0.62224966,0.22022833,0.41932675,0.2659806,-0.20556061,-0.24479659,-0.10405713,0.10768057,-0.15250863,0.5498025,-0.5653456,-0.43211588,0.7860562,-0.14113802,0.17266136,-0.45011264,-0.24560364,0.0374388,-0.29720917,0.21448955,-0.15925606,0.089389436,0.10965654,-0.72498494,0.7031297,-0.3584681,0.35929164,0.7850707,0.085666835,-0.18460278,-0.36402687,0.12318376,-0.14378676,-0.11501789,0.23936781,0.15485702,-0.07077478,-0.1637108,0.032543804,-0.1868912,-0.48844722,0.28658304,0.3160212,-0.19570512,0.74527454,-0.24341856,0.5326952,-0.8461135,-0.57767344,0.11466185,0.09694107,-0.23172788,-0.28464097,0.18551457,0.32977697
ecology,-0.0033109533,0.468563,-0.26181003,-0.15166505,-0.0371639,-0.29181525,0.44054,0.536146,0.368799,0.3896575,-0.6347698,0.0219156,-0.37185457,0.34801418,-0.04861043,-0.76175666,0.12823853,-0.7005317,0.12338242,-0.045360215,0.4377149,-0.69494295,-0.4507952,0.12641217,0.16120784,0.1309005,-0.48537514,-0.104959294,-0.3312776,-0.38289005,-0.5211633,-0.71166694,0.0672411,-0.32679504,0.040297285,-0.5909836,-0.27244008,-0.27326694,0.2663003,0.04225391,0.5104708,0.08213145,-0.06040096,-0.026645567,-0.41208017,-0.010851873,0.164519,0.4033436,-0.11625601,0.08879491,-0.3594404,-0.2869352,0.37179238,-0.32021055,0.22087666,-0.36358827,-0.18191962,0.39217997,-0.14904152,0.08449777,-0.40477163,0.2488116,-0.6079236,0.20706414,0.36878616,-0.08688745,0.31793427,0.25383464,-0.16190204,1.0337917,0.16080181,-0.112412855,0.32070598,0.21479274,0.054456323,-0.07347173,-0.25216314,-0.33349565,-0.32730255,-0.19512793,-0.40702012,0.30650127,0.085721426,-0.0014970814,-0.3403027,-0.16300648,0.5302675,0.040695086,-0.5894849,0.49923787,-0.3228408,0.16212566,-0.77090496,-0.40327522,0.0016000492,0.1673207,-0.19855368,-0.20958228,-0.14887114,0.20178099
mental_disease,0.19571024,-0.69908154,0.22467363,-0.22392166,0.059801947,-0.34367472,1.0608869,-0.038057875,0.4210014,-0.4068663,-1.1909078,-0.3933701,-0.2961741,0.57944196,-0.5952795,0.34596214,0.56496733,-0.15166613,0.044502288,0.24713951,0.5276406,0.71931934,0.4873794,0.5819627,0.37783173,0.17772931,-0.44001323,0.5992684,-0.37067184,-0.35417968,0.10582427,-0.88121706,0.114488214,-0.039577805,-0.025961503,-0.2665731,0.2385391,-0.059568632,-0.06484121,0.035801005,0.17059328,0.24021657,0.45282078,0.14266339,-0.3245822,-0.27138716,0.35571942,-0.013683548,1.2228359,-0.19421342,0.3373662,-0.4921362,-0.087760165,-0.46623364,0.2402995,-0.13532867,0.4611718,-0.15755863,-0.4136441,1.1534355,0.26325226,0.09855385,-0.31840637,0.5794967,0.18948506,0.18575187,0.31604615,-0.29932848,-0.9869397,0.3647111,0.9674531,-0.10350256,-0.42994398,-0.34215838,0.06257799,-0.39934945,0.42844644,-0.13182788,-0.0006066923,-0.5390484,0.18365464,-0.30634263,-0.5484138,0.079146214,-0.17612012,0.11701588,-0.3968698,-1.5052588,-0.82000774,0.44141835,-0.6132994,0.4434631,0.31271467,-0.77894473,-0.14689465,-0.49536303,0.1548015,0.23167653,-0.79846835,0.22944678
corrosion,0.3160777,0.066472195,-0.5442481,0.036253948,0.0769596,-0.19852273,0.29513162,0.013648522,0.27838472,0.36466473,0.36266494,-0.57912815,-0.20049967,0.1947875,-0.39842197,-0.55835766,0.35279173,-0.74869674,0.37381488,-0.6499061,0.41551667,-0.1400671,-0.15932511,0.51087946,-0.10428066,0.043800157,-0.8541019,-0.15702365,-0.4450179,-0.6603003,-0.574453,-0.30893317,-0.1839225,0.0011206582,-0.09055076,-0.20827566,0.48801398,-0.41409686,-0.25036952,-0.3381082,-0.8037787,0.23385245,0.23219217,-0.52576935,-0.44688484,0.84966004,0.01884368,0.44723254,-0.10668808,-0.15813819,-0.21690707,-0.5990732,0.46293446,-0.5252607,0.28142497,0.27026397,-0.5515573,-0.19670695,0.4030952,0.43251717,0.22146496,-0.60578567,-0.5320906,0.058335368,0.283138,0.5790592,-0.2108982,-0.038422097,-0.22053984,0.135127,0.52470315,-0.29418892,-0.0906106,0.12711133,0.24601708,0.14380457,-0.9225649,-0.35701445,0.54349864,0.51012075,-0.04483751,-0.24933822,-0.7294819,0.12904537,-0.77886087,-0.51528275,0.37487534,-0.4863775,-0.49894455,0.39665946,-0.1784214,-0.2228625,-0.348042,-0.8555691,-0.10849296,0.50796974,0.21631765,0.42338058,-0.7645964,-0.21139407
bioremediation,-0.68682605,0.10137234,0.18537498,0.18394525,-0.40623856,0.19883555,0.49026984,0.1558321,0.22415541,0.6308791,-0.70444876,0.583895,-0.3634368,0.04442046,-0.13168402,-0.4012568,0.16688046,-0.54352903,0.06542086,-0.37635696,0.03305891,-0.2903125,-0.14222506,0.009703233,0.062029086,0.12271623,-0.09557499,-0.61155313,-0.25263497,-0.67318994,-0.6676153,-0.58153945,-0.2248288,0.073379055,-0.054458525,-0.6466001,0.37070477,-0.1243705,0.43201563,0.0688641,0.44842297,-0.34041235,0.43794632,-0.12734576,0.05937762,0.48325893,-0.10665693,0.23631981,0.58202434,-0.15955096,-0.42722675,-0.17444728,-0.3642957,-0.25115228,0.636012,-0.10045337,0.61966574,0.28019103,-0.51064825,0.9880217,-0.1676795,0.5672725,0.11618571,0.05629454,0.5633573,0.037178453,0.42172605,-0.072792575,-0.7850772,0.1493116,-0.44072473,-0.4060717,-0.20728241,0.026066003,0.077605315,-0.2534114,-0.1834347,0.064860806,0.2654964,-0.05653098,0.17732006,-0.008957079,-0.2643178,-0.33598366,-0.47613466,-0.13215725,-0.29950923,-0.5544719,0.015284432,0.55193,-0.15940568,0.60375214,-0.62975293,-0.58524,-0.021769917,-0.23361057,0.047024615,0.13659567,0.100462824,0.5448643
gene_sequence,0.52626693,-0.07685694,-0.54076964,-0.43669325,0.57738775,0.03910331,0.22900783,-0.3355902,0.051557466,-0.9104415,-0.20090316,0.05049807,-0.42403138,0.32200605,-0.5156183,-0.6444,0.5387107,-0.20847264,-0.36603376,-0.39234653,0.2941313,0.6519694,-0.86337376,0.3270414,-0.07578541,0.4687955,-0.21876238,-0.19570524,-0.49001414,0.4495914,0.88991636,-0.14359853,-0.60112375,-0.120168716,-0.23148201,0.33583573,0.34761214,-0.2237116,0.3130804,1.2970519,0.6762546,-0.055441834,0.9052981,0.057104126,0.6845598,0.08664076,0.12817687,0.279359,0.14855921,-0.66150683,-0.1636631,-0.5299477,0.9930123,0.37483683,-0.33755568,-0.3685772,0.37654063,0.8480245,-0.86224127,0.7175627,-0.062491246,0.12032976,-0.0739957,-0.32861927,0.3069303,-0.3791811,0.2621974,0.52106947,-1.1674103,-0.05815322,0.29548258,0.337568,-0.35420814,-0.06272185,-0.10621892,0.2656705,0.45188084,-0.088144556,-0.054813232,-0.56425107,0.16567813,-0.066058464,0.3729553,0.12771972,0.10863687,-0.038340423,-0.32720545,-0.6342752,-0.2385153,0.45720136,-0.88594466,0.43492705,-0.98932177,0.098655306,1.098668,0.35746044,0.24673206,-1.4390393,-0.8130692,-0.09991192
drug_mechanism,-0.5007429,-0.2724621,-0.36038968,0.2728019,-0.2449288,0.844768,-0.7021221,-0.39947754,0.6482758,0.077904165,-0.7143484,-0.19827616,-0.4403076,0.7523851,0.019992905,-0.36401227,0.17256209,-0.53936523,-0.60038096,0.33778065,-0.18676482,-0.06578246,-0.5935108,0.4029926,0.17533226,-0.14585274,-0.5554775,0.25000545,0.29127556,0.26172766,0.37462372,0.4597903,0.9754439,0.14656226,-0.35265628,-0.18437015,0.17601995,-0.5230625,0.38598078,0.6183053,-0.08513531,0.24332254,0.66373754,-0.0559521,0.69726723,0.423573,0.66019225,-0.27764168,0.10917821,-0.5447349,-0.035409607,-0.9544804,-0.26044956,0.37365648,-0.03277486,-0.5670622,-0.890878,0.510792,-0.50161946,0.7339078,-0.02267729,-0.5441302,-0.6899125,0.5615571,0.086700656,0.21692207,0.012585667,-0.071752876,-0.09236839,-0.2289852,0.59629345,0.14349853,-0.8920263,-0.48944655,0.09494504,0.21012436,1.0468159,-0.38069853,0.060378406,-0.48874277,0.648692,-0.10832762,-0.41584852,0.4468997,-0.17117582,-0.06407241,-0.34312427,-0.2720883,-0.08348065,0.101981826,-0.4983332,0.7122397,-0.028366262,-0.067090854,0.24304484,0.12341321,-0.33440712,0.050475463,-0.36650735,0.19726892
fasting_blood_glucose_level,0.4491611,-0.7724159,0.27597252,0.32347906,0.06696867,0.02164226,-0.058695536,-0.7685072,0.5742116,-0.16079138,-0.333851,-0.50682366,-0.13876288,0.43873793,-0.089362346,-0.7927215,0.5559516,-0.49605274,-0.05969786,0.28864002,-0.5971579,0.47486785,-0.20826194,-0.037192892,-0.15724492,0.88253176,-0.6355737,-0.7529702,0.4051383,0.2610106,0.4246998,-0.38325566,0.27705634,-0.38810182,0.34797138,-0.09660089,0.2573847,-0.5321134,0.1359706,0.5905888,-0.25010088,0.35533953,0.51738226,-0.34096828,0.5128211,0.03961144,0.2539589,0.30775216,0.35963094,-0.66049415,-0.46153763,-1.2060562,-0.48136517,0.17123409,-0.22951819,-0.11947849,-0.6781514,0.11895138,0.8995044,0.3255559,0.28184044,0.054513283,-0.2135851,0.25469583,0.7413866,0.14398704,0.4325714,0.4573838,-0.552875,0.40084684,-0.18236807,0.21621357,0.1558965,-0.3735107,-0.14939927,-0.34131128,0.18874565,-0.4574115,0.12674771,0.12306951,0.76404816,-0.7182983,-0.11128946,0.64388114,-0.25979763,-0.32017216,0.09737016,-0.2503675,0.12951364,0.18061148,-0.4816779,0.9679591,0.44170523,-0.7857789,-0.08293633,0.22485793,0.50680286,-0.16281964,-0.32702246,0.17462699
iron_compound,-0.73411685,-0.17468363,-0.58982253,0.0778191,-0.09266183,0.43506157,0.4958723,0.25485188,0.49867868,0.28062844,-0.14599851,0.61927086,-0.20747595,0.14502934,-0.07176777,-0.62958425,0.2625872,-0.4332426,-0.0035064926,-0.27373955,0.32228765,-0.1784781,-0.24125955,0.52672493,-0.34978494,0.08578011,-0.6816305,-0.023754599,-0.1920401,-0.76538956,-0.3560372,-0.7360907,0.6801294,-0.32659677,0.09997366,0.22434466,-0.19048361,-0.50388724,0.1552314,0.24095266,0.0995201,-0.06609784,0.45565155,0.07891677,0.12720083,0.08741327,-0.11963838,-0.32153654,0.070787445,-0.7244675,-0.1528092,0.11137226,0.105210856,0.17399696,0.66801524,0.2099195,0.4104789,0.38983092,-0.4136913,1.0197291,-0.47227544,0.055110514,0.4693887,0.026686516,0.5924107,0.2348627,0.49260128,-0.09447928,-0.39835963,-0.05283744,-0.580345,-0.23617843,-0.3237223,0.10036002,-0.25760722,0.34836015,-0.1702527,-0.3456548,0.7983922,0.73854303,-0.3327312,-0.45791996,0.05326457,-0.31923208,-0.084524736,-0.15937048,0.09945407,-0.20142727,-0.06878903,0.70653296,-0.32189345,0.16483791,-1.0123783,-0.6883583,0.6296711,0.29165217,-0.12696797,0.0441473,-0.37856796,-0.015315278
sedentary_lifestyle,0.070829615,-0.5866214,0.716944,-0.20092745,-0.19463302,0.1592733,0.7027837,-0.8425183,-0.34355476,-0.21452612,-0.65987617,-0.13395791,0.48153844,1.0339717,-0.2984834,-0.44436175,0.847102,-1.0732188,-0.26242283,0.3918326,0.29818365,0.3361309,-0.8902547,1.5984443,0.50883776,0.59101665,0.19883093,0.034968928,0.16658515,-0.27994388,-0.042498786,-0.2979315,1.150194,-0.43355215,-0.1715861,-0.18134719,-0.025527505,-0.69761586,-0.1853896,-0.3456972,-0.77746874,0.24095368,-0.20609437,0.15127133,1.0344616,-0.21556565,0.74974984,0.7793322,0.42711893,-0.21692729,-0.029356724,-1.0334605,-0.079787076,-0.16375497,0.45508566,-0.42048964,-0.9740372,0.07244869,-0.07344863,0.30964318,-0.1035502,0.013265815,-1.0062876,0.28593612,0.6070779,0.017895425,0.08306612,-0.164782,-0.43407804,0.1731983,-0.007245277,0.095734835,0.3836724,-0.7931059,0.4927688,-0.113985956,0.6612379,-0.567963,0.01856075,0.21250987,0.050723705,-0.7928635,-0.5277388,-0.6036909,-0.22993618,0.18623756,-0.3171206,0.12130267,0.21502793,-0.13191979,-0.26771244,0.7248276,0.29728967,-0.66969234,-0.29222324,0.12585026,-0.20395708,0.5106887,-0.21784863,0.23268256
gestational_age,-0.807878,-0.09188535,-0.5014767,0.11181218,-0.7272765,0.46724585,0.37829235,-0.07730779,-0.04618465,-0.16444732,-0.52950484,0.49642733,-1.0685139,0.7196731,-0.23078708,-0.56419134,0.95189905,-0.6462344,0.34087718,-0.21507023,0.28067806,0.010504936,0.012101193,0.065142915,0.113539346,-0.2066188,-0.53303474,-0.5516616,0.15036859,-0.41275042,-0.18404259,-0.27819207,0.61954707,-0.14274786,0.23893422,-0.31871417,0.006596354,-0.13657689,-0.22129326,-0.2226631,0.12811202,0.006706713,-0.033787597,-0.33190897,-0.19037451,-0.08586417,0.5136124,0.120528206,0.105115585,-0.06539891,-0.86815834,-0.91228545,-0.12900725,0.30645573,0.33058667,-0.0958136,-0.9049675,-0.14499713,-0.084933944,0.011990519,0.07307127,-0.50045115,-0.45291877,1.0484799,0.6772735,0.4168347,-0.16812025,0.11276492,-0.33524498,0.11042916,0.103298776,0.23787661,-0.050123688,-0.089735545,0.22156927,-0.39287254,-0.39776754,0.13565166,-0.20541324,0.053031195,0.12887812,0.082394786,-0.041301753,0.36454293,-0.4325992,-0.42609707,0.46436566,0.15965916,-0.852851,0.4154111,-0.4753899,0.14828691,-0.40143374,-0.009120174,-0.20835365,-0.27940768,-0.4134494,0.41942596,0.057554796,0.08949593
energy,-0.5070188,0.18633524,-0.6676318,0.34618595,-0.42374226,0.3107429,0.25258595,0.6001979,0.28470433,0.5073263,-0.5102602,0.4210908,-0.9949432,0.7691224,0.16652313,-0.5506368,0.4225102,-0.4499729,0.25486487,-0.02754216,0.3665904,-0.5370592,-0.19723137,-0.07764848,-0.22029385,-0.29846936,-0.11256328,-0.3807836,0.34871775,-0.22815078,-0.6339572,-0.72879994,0.56451976,-0.31862858,0.01537046,-0.26310292,-0.13708366,-0.78751266,0.13694507,0.06653427,0.5000965,0.038203146,0.49517772,-0.38456804,-0.7149467,0.31780857,0.33736083,0.4493992,0.46397197,-0.017758176,-0.67223203,-0.504278,0.16375689,0.116038874,0.6983082,-0.2493287,-0.7012692,0.8353806,-0.51174766,-0.16881028,-0.20468287,-0.3616881,-0.2793163,0.3933802,0.1485293,0.68767476,-0.091069706,-0.012895025,-0.49586886,0.057078004,0.07616085,0.42383498,0.072887324,-0.28152797,-0.38375762,-0.4622625,0.26166466,-0.04079373,0.062148858,0.1653609,0.0052929167,0.0849729,-0.08770825,0.009541888,-0.59214014,-0.5123375,0.7559544,0.57016736,-0.52952886,0.25267634,-0.36080402,0.2362333,-0.9787892,-0.1426463,-0.1058107,-0.076022804,-0.14373398,0.11229873,-0.009795649,0.67973566
low_density_lipoprotein_cholesterol,0.2946767,-0.7180114,0.5507605,0.11956681,-0.29565877,-0.20098302,0.68612576,-0.8046301,0.33934966,-0.8234507,-0.4357645,0.08936148,0.16302691,0.3425192,-0.3035337,-0.67035556,0.81262714,-0.7593015,0.2636348,0.49099818,0.080169685,0.6051729,-0.9051364,0.86734515,0.019891096,0.5310941,-0.13963895,-0.12966321,0.09554903,-0.689206,0.5890885,-0.61880875,0.626033,-0.36128148,0.09742696,-0.42304805,-0.120615624,-0.88492286,-0.2440148,0.07982272,-0.7131201,0.3667608,-0.42076695,-0.16056822,0.23732767,-0.45095754,0.34352815,0.19129892,0.3900334,-0.28278634,0.021561516,-0.8874255,0.52581346,0.2150003,0.23119594,-0.39828882,-0.62719244,0.014860994,0.27527428,0.5791629,-0.22337468,-0.7004841,-0.6647827,0.6427627,0.83047605,0.116472,0.2602787,0.5663308,-0.23252338,0.466378,-0.37137064,0.10335129,0.593468,-0.3561346,0.29343072,-0.11087768,0.4143927,0.052374605,-0.48513,0.39564237,0.762661,-1.0111504,0.17291889,0.26927668,-0.54708856,-0.04780922,-0.06572884,-0.053137396,-0.6807183,0.25566286,-0.959111,0.42040858,0.06085789,-0.59915864,-0.066337526,-0.31925276,-0.46347305,0.768656,-0.11026919,-0.5298214
glutathione_peroxidase,0.37180862,-0.33276886,0.4788122,-0.3663616,0.2646744,-0.10779228,-0.027101642,-0.7442209,0.73548377,-0.62221026,-0.8115423,-0.16112101,-0.073436245,0.13352905,-0.6894324,0.006260317,0.5545442,-0.28104603,0.20171346,0.022394089,-0.015045529,0.42378503,-0.1734331,0.40397578,-0.15322806,0.47192204,-0.49301982,-0.16928522,-0.3309892,-0.017220931,0.4211361,-0.3705938,0.5517331,-0.553245,-0.0035887316,-0.5443965,0.5018885,-0.6969065,0.046780817,0.27965423,0.04142608,0.48298433,0.078069605,0.0032538911,0.16922717,-0.098907955,0.34751236,-0.48048016,0.4179607,-0.87234795,0.0919321,-0.8184858,0.10356686,-0.43531722,-0.25236621,-0.6195607,-0.19595385,0.14641869,0.80529946,0.8732085,0.11297177,-0.36524743,0.14381288,0.22999863,0.81865877,0.13997115,-0.49350238,0.39364588,-0.9429959,0.6263281,-0.5652303,0.44727835,0.6469009,-0.41516834,0.46783307,-0.494545,0.6393962,-0.23359194,-0.20766221,0.3973987,0.59854776,-0.789134,-0.22989368,0.5342023,-0.704848,-0.6675501,-0.09130819,-0.7562804,-0.21031556,-0.21606262,-0.7294943,1.1154363,0.12902881,-0.82781774,0.121323764,-0.019534642,0.08034979,0.13324536,-0.39615002,-0.65746164
cholesterol_blood_level,0.23629618,-0.46402082,0.84287906,-0.18766591,-0.40517235,-0.058033265,0.5503585,-0.73264915,0.3731997,-0.6022796,-0.42972916,-0.021222992,0.021209432,0.47741187,0.100269265,-0.9609885,0.8428085,-0.59335583,0.11964252,0.14059253,-0.36249062,0.48985407,-0.9153194,0.39080974,-0.04965796,0.7696881,-0.5148046,-0.35215333,0.43058747,-0.2066327,0.15893477,-0.72803515,0.49000412,-0.79046315,0.120189145,-0.04786418,0.2681224,-0.96236545,0.038830634,0.026495937,-0.749386,0.3216703,-0.41186687,-0.069862366,0.6428494,-0.16577564,0.47596365,0.365864,-0.16449362,-0.62893623,-0.37859178,-0.71815026,-0.08728328,0.043231353,0.072143994,-0.27688265,-0.6214195,-0.04947719,0.3844621,0.40704808,0.250425,-0.39616132,-0.15134172,0.12970321,0.7645623,-0.19063985,0.39701372,0.64215887,-0.68915623,0.5548573,-0.51599365,0.033319563,0.6660316,-0.27159086,0.07524017,-0.45669547,0.07607816,-0.06996367,-0.19198126,0.5649584,0.5422688,-1.0363977,0.25052208,-0.116350494,-0.37533054,0.10321794,0.34722823,0.07613287,-0.44909307,0.17685992,-0.8869496,0.500798,0.20411238,-0.51185596,0.07783991,0.036685,-0.089926325,0.53821445,-0.34233785,-0.35931808
high_density_lipoprotein_cholesterol,0.4820226,-0.83839095,0.088797376,0.15961584,0.041224487,0.18981236,0.17896494,-0.830869,0.35974145,-0.5229208,-0.19205068,0.14961386,0.06581304,-0.10851268,-0.25111672,-0.71216184,0.61587715,-0.26413438,-0.42858988,0.12262287,0.07713344,0.63886845,-0.9108524,0.4690724,-0.0007193738,0.28147474,0.04208734,-0.31468484,-0.13754357,-0.5857334,0.9255908,-0.100586444,0.43840578,-0.1419793,-0.043405395,-0.34249625,-0.067647316,-0.9902674,0.027964147,0.23374447,-0.60498315,0.3126541,-0.031778686,-0.12123267,0.014974355,-0.20451549,0.17291474,0.12210051,0.52545863,-0.5571482,0.20975722,-0.715491,0.73681045,0.20469522,0.2005414,-0.32287943,-0.7803444,0.08176116,-0.25192907,0.57644516,-0.044125013,-0.86952287,-0.43410635,-0.013906274,0.756601,0.11265809,0.21313043,0.7420536,-0.17325449,-0.007184317,-0.47222728,0.37521216,0.5600599,0.029784422,0.32544953,-0.099961415,0.54335696,0.38281152,-0.6766462,0.4542056,0.68036985,-0.69095546,0.3395179,0.28308508,-1.0489618,-0.31373444,-0.045151196,-0.14849523,-0.81857616,0.42100462,-1.3366427,0.28936473,-0.17614454,-0.2560665,0.13559768,-0.2728503,-0.10401587,0.79367745,0.049429975,-0.44796145
bacterial_virulence,0.6626961,-0.41999486,0.2939892,-0.11293394,0.21400593,-0.14227492,0.29616916,-0.50753814,0.07161164,-0.242757,-0.14233048,-0.29882833,-0.10589327,-0.009525845,-0.5895348,-0.15111631,0.28160024,-0.22566836,-0.57238144,-0.028294321,-0.14916804,0.36483622,-0.77807593,1.0398383,-0.22096033,0.40465578,0.28295884,0.28417444,-0.5500273,-0.0091866115,0.51363117,-0.14034626,-0.16080002,0.17557193,-0.5039797,-0.5616734,0.61778545,-0.64790475,0.44025502,0.91255325,0.44922268,0.2643769,0.1630112,-0.20707388,0.94757247,0.29772827,0.03018695,-0.2403493,0.39085358,-0.4748106,0.2708377,-0.67276144,0.65498936,-0.052976366,-0.25686622,-0.19411835,0.3205751,1.2841623,-0.47065827,1.030023,-0.2958711,0.046802796,-0.006330029,-0.07811401,0.11150501,-0.1018645,0.010876126,0.4771532,-0.685789,-0.15708522,0.0043451446,-0.009441573,-0.3654803,-0.29663113,0.22697207,0.096423104,0.55217814,-0.30833012,0.2109101,0.051245384,0.51691866,-0.43219495,0.20295565,0.07503903,-0.42822656,-0.27511343,-0.010183708,-0.940207,-0.5040858,-0.023634717,-0.5342707,0.52447826,-0.7968776,-0.4571025,0.56614935,0.5581276,-0.4186392,-0.70346755,-0.8087571,0.020871691
antibiotic_sensitivity,0.47451636,-0.3344899,0.15839784,-0.14060013,0.18526648,0.052144557,0.5086712,-0.1689255,-0.060409907,-0.0798303,-0.05312716,-0.016344141,-0.27163425,0.13486159,-0.8644424,-0.39932933,0.4494491,-0.109746635,-0.16182543,0.019205771,-0.11602718,0.03248373,-0.36696535,1.1280308,-0.08168556,0.41670227,0.22390856,0.016727462,-0.5367869,-0.2418279,0.298624,-0.37671345,-0.12792243,0.31280312,-0.43920833,-0.7105485,0.35496676,-0.51821625,0.38014162,0.83487254,0.6872511,0.023283258,0.51535976,-0.13575332,0.25136852,0.1892462,0.034013763,-0.42384985,0.55454797,-0.22862542,0.54159814,-0.56510156,0.47235537,0.06743914,-0.53800696,-0.17466518,0.43805146,0.9747835,-0.31453997,0.90801,-0.13125718,0.19013931,-0.26125875,-0.026936218,0.2489105,-0.035790943,-0.10367956,0.25272492,-0.54714847,0.32776567,-0.13142991,-0.020226616,-0.59117395,-0.08073214,-0.021847503,0.2449453,0.43056512,-0.2048763,0.36132738,0.11045619,0.68614274,-0.46616971,0.3112627,0.17148843,-0.3301018,-0.4533596,0.0530185,-0.97100043,-0.49422124,0.16384389,-0.3375179,0.3777374,-1.0242784,-0.20038779,0.44797125,0.5165139,-0.12635279,-0.7255801,-0.88055265,0.2597575
gene_linkage_disequilibrium,0.5507083,-0.98200583,-0.18190417,0.03474639,0.030609934,-0.10978826,0.87156624,-0.49027348,0.58986366,-0.36252952,-0.8274206,-0.2333574,-0.10662322,0.40007684,-0.89020324,0.2916729,0.51880217,-0.40583712,0.32911354,0.6499008,0.88507116,-0.11675374,0.4318922,0.53702986,0.17526631,0.15024689,0.039227508,0.3791682,-0.30786037,-0.15783347,0.24097018,-0.8506441,0.34919134,0.11138042,0.023163911,-0.54769224,-0.4338059,0.2672717,0.043225326,0.072968796,0.2640183,0.41875938,0.33249488,-0.16023096,-0.010102897,-0.18300298,0.4744998,-0.16805702,1.0638322,0.16225995,0.15017758,-0.7023216,-0.115205355,-0.61104894,0.38557583,-0.30624196,0.1878919,-0.16157222,0.027644824,0.9164628,0.30779696,0.034479827,-0.34875402,0.5224083,0.43670365,-0.038416047,0.032299656,-0.13551597,-0.4474381,0.2581586,0.18566132,0.1152128,0.12102494,-0.12957671,0.55888087,-0.34012485,0.40477532,-0.20845237,-0.20285462,-0.40798962,0.45996743,-0.31004894,-0.6267658,-0.04451386,-0.03899513,-0.49385896,-0.1442699,-0.8033555,-0.90729135,0.83277565,-0.6327643,0.48194736,-0.069052085,-0.9954614,0.025740981,0.16172527,0.15112846,-0.12361684,-0.8533938,0.3066561
anxiety,0.18107697,-0.60705733,-0.48746738,-0.15888722,-0.3026181,-0.31344932,-0.096432656,0.11813808,-0.21728358,-0.32559314,-0.30361933,-0.32648364,0.0656983,0.92152464,-1.1006675,-0.84276533,0.67504793,-0.57410014,0.33164528,0.3147457,0.2731161,0.4379468,-0.235674,0.44701156,0.68621594,-0.2492256,-0.1552841,0.1675855,0.3967775,-0.7792193,-0.46578065,-0.32131594,0.37085825,-0.05326572,0.45295578,-0.21783005,0.3523004,-0.5476789,-0.3270432,-0.22282863,0.05977818,0.054691985,0.30704662,-0.41222537,-0.815719,0.22726797,-0.30681482,0.56969607,0.57507575,-0.43552977,0.021485183,-1.132575,0.12602225,-0.4200749,0.51922005,0.33181322,-0.52688336,-0.07615863,0.21562523,0.5714976,0.2426193,0.22482745,-0.71722215,0.1778574,0.5053065,0.849907,0.07905776,0.119617715,-0.71773994,0.26367912,0.5324439,-0.050073076,-0.21483865,-0.7207751,-0.31816742,-0.62984633,0.24605618,0.24244693,-0.016915848,0.33451003,0.55484015,-0.40639716,-0.13870451,-0.19184567,-0.4496336,-0.22133677,-0.080532186,-0.4749336,-0.36979255,0.15547867,-0.5383209,0.09544279,-0.47417465,-0.8742,-0.50546455,-0.17178577,0.28038225,0.39640945,-0.2931525,0.27393147
immunoglobulin_enhancer_binding_protein,-0.090818845,-0.052946523,-0.106459066,0.6514468,0.07432949,0.189264,-0.6820027,-0.8769336,0.79646915,-0.10400637,-0.8392925,-0.64459497,-0.5016867,0.03496265,-0.3751992,-0.42129853,0.2794398,-0.89049727,-0.5650677,0.18975599,-0.35026625,0.33099863,-0.95539576,0.2740342,0.096354224,0.12727857,-0.62313515,-0.7515882,0.23943837,0.13076599,0.32173783,0.12511986,0.723819,0.33352518,-0.3645928,-0.10328253,0.9685203,-0.44722235,0.13255824,0.35289255,0.08107918,0.50499505,0.21945824,-0.015047433,0.5675679,0.10893571,0.215422,-0.057892438,0.48274776,-1.0012015,-0.33466062,-0.81598973,0.14858149,0.11307049,-0.3709463,-0.21491447,-0.6856151,0.67679316,0.41222346,0.34675774,0.4438453,0.3237312,-0.3603832,0.58129823,0.417011,0.9301793,-0.39047062,0.20371938,-0.9250554,-0.25947443,0.07331639,0.3724866,-0.3484428,-0.52752304,0.3412144,-0.15424283,0.8173182,-0.6868051,0.38913456,-0.4673868,0.7783283,-0.08820743,-0.57390416,1.1558492,-0.42008647,-0.21656872,-0.12065512,-0.41786686,0.017555745,-0.28868568,-0.36017606,0.96858346,-0.09619978,-0.44532087,-0.008144015,0.16163857,0.29188183,-0.18765269,-0.5359526,-0.26952437
drug_isolation,0.19976567,-0.34139854,0.09825297,0.7646679,-0.034572035,0.095310345,0.00536063,-0.4191871,0.46525216,0.42534018,-0.40021494,-0.057546485,-0.62587696,-0.4152648,-0.3055052,-0.5311581,0.69826996,-0.22707164,-0.41215342,-0.045668982,-0.00508247,0.22650945,-0.8663468,1.0191731,0.07542223,-0.38930434,-0.048437808,-0.21583605,-0.5859749,0.03969605,0.695093,-0.26325122,0.3683769,0.46351317,-0.7619971,-0.32548192,0.64246106,-0.17926726,0.451888,0.48397854,-0.42888382,0.13545518,0.31505647,0.14985731,0.70029515,0.533894,-0.0006857169,-0.10202016,0.4958466,-0.6719897,-0.068869874,-0.38226104,0.29438576,-0.31408417,-0.06312872,0.015927223,0.2897752,0.825325,-0.43114614,0.9736891,0.308817,0.3274398,-0.13106412,-0.04675656,0.028712306,0.46631265,-0.3387669,0.40206155,-0.61860424,-0.77109724,0.1050436,0.3328115,-0.8248304,-0.35262313,0.016346643,0.30821088,0.6434512,-0.19564298,0.82662916,-0.20019428,0.4379881,-0.20099087,-0.028045189,0.31971908,-0.87007874,-0.5507591,-0.16870925,-0.5126899,-0.7568594,0.21259126,-0.23550197,0.102782026,-0.92037594,-0.041593794,0.32283354,0.46564093,0.13945885,-0.3554916,-0.8876008,-0.10191471
chemical_analysis,-0.29111725,-0.49643087,-0.4863719,0.63358897,-0.04505542,0.4076568,-0.045911517,-0.04711501,0.37573504,0.5264896,-0.3138212,-0.19689114,-0.16633928,-0.27683783,0.12997764,-0.65413535,-0.0615502,-0.52948475,-0.33093765,-0.088010624,-0.11551289,0.2655436,-0.6860925,0.31968144,0.1371551,-0.6750367,-0.6637304,-0.13846472,-0.3987093,-0.43829736,0.38414192,-0.024806384,0.37991813,0.44452795,-0.13792811,0.19369003,0.40480587,0.059644718,0.062330958,0.17415114,-0.4487019,0.1389914,0.37483042,0.31571415,0.3483644,0.16192114,-0.1689517,-0.23908757,-0.04544635,-0.5513527,-0.013119522,-0.41687667,0.09027613,0.08956948,0.36573228,0.22862042,0.38113692,0.25419232,-0.80270064,1.307886,0.30268493,0.14343514,-0.019816687,0.3861076,0.5229869,0.70894694,0.45210275,0.14053538,-0.47209758,-0.8320874,0.42568523,-0.0685035,-0.740651,0.15370688,0.0871832,0.41439953,-0.15275453,0.042067915,0.36835968,0.083070956,-0.5142134,0.3829054,-0.19636495,-0.28023735,-0.7033571,-0.25210813,0.48557204,-0.44700703,-0.8528831,0.18950623,-0.5014127,0.095955476,-0.84823596,-0.49335304,0.13753225,0.17548431,-0.10763639,-0.61613435,-0.5834548,-0.078994595
ageratina,-0.37848964,-0.071755305,-0.3395191,0.4261865,-0.32961988,0.33530387,0.26630595,0.02176561,0.40656275,0.58592623,-0.5476037,0.1747475,-0.56764644,0.2510992,0.52687633,-0.5258517,0.076108485,-0.73256636,-0.34286597,0.094806455,-0.008111481,0.22862265,-0.55820984,0.47650123,0.45035207,-0.51155406,-0.8663993,-0.55014217,-0.21318069,-0.14997575,0.49518692,0.19127783,0.18723322,0.38474974,-0.5715723,0.006322649,0.7042539,-0.040842425,0.3026828,0.2790792,-0.23158444,-0.41528666,0.7120199,0.4528227,0.5808509,0.56467295,-0.18886395,0.23155345,0.19323976,-0.16602659,0.14593776,-0.17390095,0.20907934,0.29205915,0.39607003,0.17652066,0.1828428,0.19393452,-1.0420629,0.8141135,-0.16384201,0.16651975,-0.3734799,0.22028892,0.026678365,0.5053242,-0.2896642,0.30117515,-0.1651484,-0.80333364,0.72811824,0.18517119,-0.84152746,-0.16995978,0.38172686,0.57237774,0.03947893,0.098622985,0.7571492,-0.53921854,0.23700403,0.12838848,-0.46789035,0.46508843,-0.671052,-0.52713513,0.008420515,-0.19224507,-0.09236281,0.4425875,-0.09085763,0.19886088,-0.5736544,-0.45709202,0.48389176,-0.2578731,-0.040997215,-0.034413658,-0.49066365,0.29552716
staphylococcus_aureus,0.5600099,-0.28812566,-0.10605985,0.2594818,-0.27306297,-0.026989164,0.296232,-0.1520094,-0.13432443,0.52316815,-0.46784273,0.1469802,-0.2066506,-0.15480529,-0.95181376,-0.5395241,0.54044497,0.078132965,-0.017125633,0.19109957,0.02080147,-0.19684859,-0.39717928,1.4198484,0.26039493,0.0829083,0.21394442,-0.10030194,-0.6144212,-0.10130283,0.38592124,-0.21376854,0.24435326,0.3190089,-0.6745465,-0.7909442,0.61245006,-0.37352598,0.5288543,0.62033534,0.30481368,-0.32747617,1.0251191,-0.22629741,0.04014738,0.41938052,0.07236999,-0.7004091,0.51087755,-0.36165133,0.49634996,-0.50384426,0.36000508,-0.4330915,-0.42655453,-0.014766049,0.17393991,0.6867203,-0.40704995,0.7160592,0.17135228,0.1293356,-0.59292024,0.0010467337,0.39882845,-0.1601611,-0.24926226,0.38178658,-0.4363161,0.079379685,-0.028278107,0.27887338,-0.95208293,-0.26734287,0.19211818,-0.13088416,0.7272347,-0.30843994,0.090758465,-0.2187184,0.8568266,-0.5011125,-0.011147724,0.18516408,-0.4284513,-0.8128006,0.53931946,-0.9881997,-0.91295034,0.34336644,-0.40384546,0.31640837,-1.197314,0.18055606,0.49479225,0.3550615,0.08280315,-0.5074932,-1.0102787,0.36529273
microbial_sensitivity_test,0.40578562,-0.302058,0.040656544,0.38776973,-0.38841838,-0.160025,0.23190157,-0.21613899,-0.18144384,0.8313561,0.045627996,-0.27721992,-0.2873741,-0.38941744,-0.78663933,-0.42590493,0.30513337,-0.30581036,-0.4113036,0.10518806,0.16029085,0.20521471,-0.68709576,1.2840369,0.08947962,0.23850487,-0.117860556,0.38022026,-0.8824814,-0.19884455,0.5725927,-0.34868732,0.2177267,0.13480382,-0.6756401,-0.28103438,0.80564207,-0.42431602,0.81615764,0.6073003,0.06032245,-0.30104023,0.5024307,-0.1237221,0.2776601,0.255312,0.22249492,-0.733755,0.5694901,-0.50538176,0.42831257,-0.41628018,0.21967696,-0.4225828,-0.18866123,0.3663825,-0.36757278,0.615214,-0.56008565,0.44149196,-0.23619996,0.28715166,-0.40106696,0.28069094,0.35694236,0.06314079,0.16101874,0.7003153,-0.5779614,-0.2166727,0.3332752,0.11388355,-0.59639394,-0.28620395,0.38258356,-0.21053644,0.30423877,-0.4948271,-0.1700931,-0.104559466,0.4597477,-0.45375696,0.03578786,0.0025371553,-0.32480544,-0.8010236,0.9435859,-0.6934137,-0.92627347,0.084740974,-0.15958922,0.12502125,-1.1473813,-0.032979462,0.5182898,0.2635994,-0.1502959,-0.12997583,-0.73648715,0.44774663
ciprofloxacin,0.14292638,-0.24485458,-0.17115279,-0.01207266,-0.47304192,0.118734315,0.3751704,0.1602813,0.15666462,0.2904411,-0.19285266,0.23090191,0.2437639,-0.1632512,-0.97331685,-0.66934884,0.6650886,0.3232888,0.3681824,0.36118418,0.20246172,-0.15291442,-0.3388849,1.0311071,0.3466142,-0.11027317,-0.09403121,0.3611443,-0.22086863,0.014574681,0.16620253,-0.024724757,0.09629607,-0.3002427,-0.39835486,-0.798107,0.29803306,-0.42890283,0.21006717,0.98993665,-0.32579973,-0.5221644,0.93005145,-0.24678133,0.2621599,0.12658784,-0.10348115,-1.0273863,0.18921715,0.06352515,0.380595,-0.13277417,0.18926357,0.027430395,-0.35559982,0.5875262,0.3697046,0.10415109,-0.44146398,1.170129,-0.16880421,-0.05778699,-0.7716318,0.16765572,0.5207684,-0.2303178,0.20052245,0.2962355,-0.080215424,0.16098776,0.16110608,0.5809621,-0.8501843,0.21976955,0.0691196,-0.31909147,0.6348865,-0.09976924,-0.11293952,0.22900788,0.66377383,-0.2118927,0.1575866,0.40312892,-0.34716412,-0.7002563,0.83678573,-0.9797696,-0.899177,0.71268374,-0.45991492,0.27284613,-1.1454018,0.304811,0.47787365,0.39417586,0.024918893,-0.48255175,-0.87599987,0.21987508
microalgae,-0.26780802,-0.2528168,0.298626,0.3031512,-0.4699477,-0.82300067,0.9869127,0.60946745,0.08200855,0.13256419,-0.6929818,0.32275414,-0.8375043,0.35990655,-0.0007904582,-0.24184202,0.24367481,-0.47142595,-0.00065937906,-0.2350945,0.5268218,0.7700408,-0.71419173,0.46572992,-0.22395615,0.22903967,-0.47353175,-0.09460078,0.42332077,-0.6765934,0.15439014,-0.4639821,-0.43553907,0.5465521,-0.053252306,-0.212273,0.23037368,-0.83108413,-0.2525511,-0.033194687,0.6082289,-0.39694098,-0.21467358,-0.35708237,0.16608205,0.16809763,0.18438056,0.1307454,0.25025228,0.08586627,-0.855153,-0.5628851,0.05396773,-0.15805517,0.7596856,0.099810086,-0.5619273,0.117998086,0.12992544,-0.019888738,-0.076283425,0.01182869,0.03993499,0.49765262,0.27762136,0.30325565,0.32879642,-0.1426396,-0.44325945,-0.38366136,-0.12550436,-0.41194806,-0.046065252,-0.23763697,0.47326446,-0.2982218,-0.5798219,0.23074163,0.5154545,-0.0071691484,0.070029095,-0.2481287,-0.028493367,0.075047955,-0.24489976,-0.24730945,-0.38233364,0.29798743,-0.4872525,0.5338352,-0.37404737,0.7587135,0.084499426,-1.089842,0.31633806,0.18707132,-0.5539187,0.25901827,-0.6008057,-0.15682194
micro_algae,-0.3191113,-0.259015,0.27764645,0.32130593,-0.5000531,-0.8614644,0.93358946,0.5936534,0.084491365,0.07132776,-0.68875366,0.32513463,-0.8457785,0.32814127,0.021140195,-0.28533444,0.23306379,-0.47968084,-0.0059680147,-0.23608972,0.55105215,0.7841171,-0.7058703,0.49549526,-0.19497837,0.24806833,-0.48178717,-0.074393384,0.44856468,-0.685383,0.115282,-0.42149854,-0.42277947,0.5182842,-0.04595256,-0.21065937,0.2571976,-0.79058945,-0.24819401,-0.039602377,0.6261305,-0.43510646,-0.25032723,-0.34772736,0.2027284,0.1431974,0.19018108,0.12089548,0.25465545,0.06069611,-0.8648105,-0.5639641,0.06553598,-0.14408796,0.7502287,0.06790544,-0.5642469,0.11608787,0.09685956,-0.021860898,-0.09676352,0.050062288,0.010431131,0.5180764,0.29653394,0.29571784,0.3632759,-0.14213827,-0.4301387,-0.34456393,-0.11048909,-0.44112843,-0.061522976,-0.264258,0.46296278,-0.2869988,-0.5199272,0.21648772,0.49365786,-0.0265068,0.08443471,-0.2176918,0.0066779274,0.057608888,-0.23301709,-0.19665477,-0.38310993,0.2666156,-0.4753672,0.5394721,-0.4065215,0.75712496,0.061139755,-1.063622,0.30365232,0.16942842,-0.5367266,0.35212827,-0.5873279,-0.15606481
carboxylic_acid,0.2815684,0.016774196,0.7608302,0.43400002,-0.5803107,-0.1092578,0.73326874,0.36110505,0.2137218,0.0054598395,-0.9431176,0.34678936,0.5370269,-0.23792103,-0.07803101,-0.6430156,1.0452418,-0.15320145,0.018754078,0.40536827,0.45985767,0.14034572,-0.31354892,0.70922965,-0.17501426,-0.14293316,-0.20494047,0.6009317,0.46613365,0.1987623,0.11656726,-0.74698246,-0.29072872,-0.7936913,-0.625205,-0.24183735,0.32902205,0.20171057,-0.13628976,0.4482782,0.0047469814,-0.014697555,0.5851426,-0.45429543,0.49214107,0.3839908,0.11621321,-0.050547406,-0.063045405,0.51365435,-0.3382419,0.32719222,-0.83927286,-0.036231045,0.80408853,0.35542145,0.5269749,0.34764823,-0.46280158,0.43768975,-0.06938344,0.35115248,-0.81208926,0.3806215,0.037330996,-0.15265904,0.97931784,-0.18619071,-0.5082214,-0.036253516,0.42350543,0.9495873,-0.26083022,0.58212584,-0.27470222,-0.68290824,-0.5332066,-0.035761204,0.34663016,-0.31292838,-0.14242171,0.43400827,-0.39652586,0.79574347,-0.57190245,-0.06447653,0.26792628,-0.19283892,-0.4912164,0.44732538,-0.61679375,0.19770223,-0.8654043,-0.1894854,0.2400983,0.1335631,0.054524153,-0.36788863,-0.6801197,0.7750931
photodegradation,0.5309565,-0.13314131,-1.0362793,-0.28022105,-0.26642457,0.41932595,0.2660799,0.5366547,-0.27164188,-0.3063392,0.16989347,-0.5123978,-0.17322005,-0.0778766,-0.01638003,-0.2377892,0.12566397,-0.8999885,-0.62428164,-0.3116196,0.66018426,0.37789178,0.13429691,0.25612196,-0.2111185,0.5609219,-0.7741995,0.16618675,-0.48266506,-0.48062935,-0.006369079,-0.58727294,-0.34303778,-0.48442337,-0.21916775,0.24801685,0.5680308,-0.07326472,-0.076713175,0.2968001,-0.03295852,0.36480626,0.696431,-0.65016204,0.03532647,-0.048352085,-0.41452506,-0.07954832,0.5579032,-0.37211442,-0.16205288,-0.30970645,0.008265457,-0.39851075,0.26863596,0.68546146,-0.57244676,0.32139474,-0.21520717,0.6718355,-0.40521523,0.05444092,0.44672886,0.19893506,0.82431597,0.32042632,0.5997236,-0.06833417,-0.6784198,-0.4670458,0.311778,0.039115246,-0.11064808,0.10597849,0.6743874,0.07079571,-1.4006301,-0.628251,0.32258847,0.38707465,-0.3203425,0.11286871,-0.832725,-0.16144818,-0.025366131,-0.67566895,0.59229034,-0.23645209,0.018742306,0.6979423,-0.6757256,0.13494344,-0.639193,-1.2608639,0.5072504,0.18361554,-0.39061826,-0.32357627,-0.46287116,0.09120912
light,0.4206746,-0.09120507,-0.93572533,-0.3062068,-0.26475164,0.4286467,0.2109771,0.449397,-0.32510516,-0.32288387,0.17903914,-0.43927607,-0.10103811,-0.05969399,0.023021024,-0.15267187,0.21051325,-0.8042003,-0.48930237,-0.3012261,0.5401474,0.295181,0.117132545,0.26746467,-0.18716097,0.45651665,-0.60191125,0.16321878,-0.47239855,-0.42679608,-0.02547647,-0.52198005,-0.3089273,-0.40413576,-0.23066378,0.18287884,0.50213075,-0.063650265,-0.07388471,0.2852609,-0.065828025,0.3159194,0.60330474,-0.56854576,0.103041686,-0.01792961,-0.31642509,-0.09860383,0.50575066,-0.29331195,-0.1217504,-0.32534638,-0.0030516263,-0.27881598,0.17102095,0.6007218,-0.50128216,0.26172563,-0.21274027,0.6658817,-0.37413168,0.056182228,0.3932586,0.17971158,0.70864046,0.22874734,0.46862277,-0.0351243,-0.59421515,-0.42326477,0.2438538,-0.026910579,-0.09477385,0.069301136,0.5822183,0.07034345,-1.2963327,-0.5508549,0.24497242,0.40976575,-0.30514053,0.09059233,-0.77789026,-0.12907289,-0.057408426,-0.6154144,0.4484935,-0.21196671,0.030432273,0.6043886,-0.58577067,0.101849705,-0.6185957,-1.033402,0.4256635,0.113288596,-0.29133734,-0.24732347,-0.3621992,0.035467967
nanoparticle,0.5356254,-0.47998556,-1.2218957,-0.20328094,0.57306546,0.5625159,0.39282772,0.18105395,-0.23934978,-0.8625186,0.07089814,-0.16418864,-0.17306235,0.33335227,0.5446508,0.12186983,-0.10861956,-0.01483169,0.0393245,0.3418743,0.519427,0.8309948,0.42426512,0.83122236,-0.43509302,0.34060982,-0.2069803,-0.34949535,-0.40324637,-0.72464174,-0.07739224,0.048879024,0.60826427,0.28126612,-0.42248285,0.5028982,0.26773542,-0.5047584,0.00018876279,0.5753239,-0.4617451,0.29972422,1.2968576,-0.5464253,-0.04095907,-0.1734472,-0.009232456,0.01882113,0.5947614,-0.54327893,-0.15917441,-0.53767645,0.32931003,-0.15167575,-0.2681166,-0.11327339,-1.1893798,0.6697577,0.2687175,0.22768389,-0.04829205,-0.18700793,0.517108,0.5843138,0.3522049,0.06333262,0.13623457,-0.70854586,-0.13659734,-0.028956825,-0.10767619,0.2585604,-0.6443419,-0.18503475,0.42812833,0.8810497,-0.78207725,-0.50251544,0.7145235,0.13919958,-0.11255469,0.50187385,-0.42929852,-0.07596336,0.2515706,0.23736475,-0.13644408,-0.37281108,0.08454384,0.46467385,-0.80749273,0.9258872,-0.15077311,-0.53238595,0.91019124,0.012043468,-0.6513767,-0.37152812,-0.79905254,-0.15808898
chemical_reactor,0.39254072,-0.32771307,0.4920045,-0.3620228,-0.52175575,0.39536068,0.32202834,-0.017957266,0.3620591,-0.23561423,-0.40972197,0.47597152,-0.63940686,0.45701838,-0.2987237,-1.0303756,0.5072586,0.008111532,-0.24108641,0.060623005,0.42045024,-0.09184266,-0.0366256,0.6576577,-0.05252632,0.17577715,-0.44641137,-0.040889677,0.3139059,-0.35281003,-0.6147224,-0.7404759,0.48827085,-0.17141499,-0.37736005,-0.3333733,0.109262705,-0.32914972,0.28771982,0.04355218,0.5757018,0.31220242,0.49798778,-0.8152842,-0.5532032,-0.47046727,-0.05276618,-0.23315924,0.06683501,0.15202269,-0.6576434,0.3030123,0.25985458,-0.32341346,0.3452885,-0.102665,-0.11620989,0.27378517,-0.063444145,-0.4090806,-0.42898542,0.43789843,-0.57226706,0.36054704,0.53937536,0.31841642,0.38085467,-0.54622495,-0.2923605,0.1836296,-0.34839267,0.07490559,-0.19315824,-0.05949291,-0.31358835,-0.13313343,-0.15494622,0.11073627,0.6103745,-0.13571613,-0.06572781,-0.39533746,-0.17512861,-0.34703463,-0.13911049,0.025666714,0.28506002,0.5503741,0.09739338,0.2672366,-0.7438244,0.10964895,-0.8375133,-0.723459,-0.3037992,-0.14368547,-0.40738043,0.13386554,-0.83882076,0.20817699
protein_carbonylation,0.13344689,-0.39178446,0.18864645,-0.91318727,-0.3275456,0.17841329,0.37478933,0.22704078,0.041300327,-0.63232607,-1.0377535,-0.3518856,0.3158268,0.3515879,0.34774953,-0.057216372,0.297365,-0.93007255,-0.83480775,0.20743322,0.17338893,0.75834984,0.3533207,0.25713277,-0.13096665,0.91749465,-0.77444273,0.049226005,-0.14488886,-0.053074718,0.4650777,-0.8231952,0.2951299,-0.54186153,0.18586782,0.19588163,0.5467692,-0.7032045,0.59305984,0.7281392,0.5150288,-0.0922543,0.6313888,-0.27044198,0.40642172,0.3298496,0.56691796,-0.074756056,0.69335276,-0.6066155,0.15740785,-1.367904,-0.7424275,0.13876879,-0.06717644,-0.3795143,-0.9524853,-0.063357905,0.09560015,1.1614429,-0.7284503,0.03772702,-0.12057466,0.42519084,0.49912006,-0.41442668,0.9675128,0.80299103,-0.9024861,0.57549524,-0.093143374,0.31131732,0.5992785,-0.06307773,0.43999723,-0.6052329,-0.21396847,0.07273233,-1.2059299,-0.51421994,0.21556655,-0.30141523,-0.01824515,0.15899605,-0.13649671,0.084166974,-0.36477125,-0.9204364,0.13063458,0.25826496,-0.61425716,0.9230061,-0.02109383,-0.45643422,0.81388235,-0.53554106,-0.08726566,0.0004942443,0.036512464,0.6040833
insulin_resistance,0.42459112,-0.9274957,0.25785583,0.19371031,-0.09008139,-0.44376105,0.7017868,-0.35228124,-0.38936675,-0.33051425,-0.123497225,-0.5793396,-0.11760128,0.92660666,-0.06512035,-0.2144598,0.51463896,-0.780037,-0.006228605,0.6384952,-0.0017996666,0.62715614,-0.24486828,0.50006455,0.27329487,0.97291356,-0.25603506,-0.620579,0.47063214,-0.4519991,0.12531331,-0.8024498,0.19940276,-0.23682307,0.24131106,0.106128395,0.0011841109,-0.63702464,0.15272501,0.49727222,-0.050692767,-0.19906773,0.2709397,-0.25211835,0.36189982,-0.04130213,0.37568557,0.6842658,0.73973936,-0.46304724,-0.011936192,-1.4797542,-0.5439088,0.021998273,-0.14612544,-0.31575736,-0.89271253,-0.23099956,0.7441266,0.49237034,-0.43570477,0.13533881,-0.24598011,0.7798981,0.7804217,-0.056260604,1.0131068,0.22378698,-0.8063242,0.6191884,-0.29913983,0.39088064,0.66869813,-0.06818439,0.31594834,-0.65271187,0.097883664,-0.47616452,-0.4596453,0.45200562,0.81273615,-0.5225944,0.01013836,0.03806858,0.21162944,-0.13082008,-0.11325965,-0.2612735,-0.39993882,0.05969178,0.06877195,1.0222366,0.4532609,-0.7367371,0.049202394,0.08076931,-0.3965882,-0.18344438,0.032586094,0.43640447
acetylcholine,-0.066183314,-0.4215552,0.30156782,0.1187125,0.35564968,0.07715751,0.4794103,-0.3666159,0.10276867,-0.40852743,-0.70438737,-0.2179019,-0.18787904,0.31279787,0.74433833,-0.14400531,0.67220324,-0.20038462,-0.27380407,-0.1292793,0.13845907,0.59451383,-0.16445045,0.35175103,-0.12402976,0.7020555,-0.59221464,-0.84491384,0.008679332,-0.3735568,0.2801447,-0.66536295,0.28807372,-0.5207404,-0.24458052,0.62875867,0.47561535,-0.7214178,0.24707748,0.442653,0.08097183,0.21950783,0.31511235,0.06290146,0.6556939,0.019272871,1.0718513,0.1471471,0.2698682,-0.26508415,-0.4187568,-0.25655577,-0.3361682,0.07544082,-0.2631116,-0.15188807,-0.82631135,-0.40684852,-0.087795496,0.4535645,-0.6890237,0.15947315,-0.09061186,0.53537846,0.5727665,-0.2252015,0.88627934,0.1553547,-0.7723333,0.35733503,-0.18908896,0.028879821,0.20088945,-0.3615509,0.030395826,-0.38982666,-0.028742477,-0.45431367,0.0476108,-0.2945762,-0.2041502,-0.33400896,0.4212292,0.21475735,0.015608022,0.4286666,-0.43659908,-0.54131377,-0.2328347,0.21721315,-1.0528945,0.806428,0.5778575,-0.07788658,-0.2624194,-0.066845216,0.35231775,0.028170552,-0.6631669,0.28968227
colombia,0.07334089,-0.4550277,-0.19531158,0.11998752,-0.1404241,-0.3761897,-0.000593798,0.10361183,0.119388185,-0.28996947,-0.56111014,-0.07864426,-0.1516444,0.63677585,-1.2681549,-0.69185936,0.6294762,-0.35368237,0.29826894,0.3756037,0.44830817,0.26863772,-0.22934738,0.24614291,0.51936454,-0.26239803,-0.16634211,0.13688447,0.31311342,-0.8412107,-0.4083941,-0.42659238,0.501161,0.11437932,0.32291734,-0.24124476,0.39299178,-0.41785872,-0.23009221,-0.49794948,0.39447588,0.14826843,0.28479442,-0.22129269,-1.0266817,0.01748025,-0.23682065,-0.055718374,0.70265514,-0.41896182,-0.02686169,-0.5917464,0.10514987,-0.51027,0.2709347,0.1636784,-0.27691492,-0.1830191,0.09850955,0.54612863,0.24358916,0.028115915,-0.5476569,0.31573665,0.48514143,1.0522927,0.064122334,-0.25085363,-0.5867454,0.2696332,0.38255176,-0.09796055,-0.4665033,-0.59986347,-0.4186273,-0.5920757,0.4452122,0.35392866,0.3631518,0.12958153,0.36277196,-0.4285392,-0.15081368,-0.13204283,-0.60932386,-0.18627745,-0.25998607,-0.7045715,-0.5839181,0.14714701,-0.56839323,-0.08568373,-0.3876293,-0.8920668,-0.60747236,-0.055747606,0.3374219,0.5999659,-0.41239893,0.08835805
flower,-0.026144704,0.16547628,-0.38285878,-0.016060065,-0.2844303,0.13988443,0.5189907,0.31091145,0.5739046,0.7893664,-0.82651585,0.06406294,-0.21507919,0.4720028,-0.19542228,-0.74488413,0.38239214,-0.60849726,0.10042214,-0.08360395,0.494603,-1.0168962,-0.90347403,0.3608292,0.2889511,0.0064227018,-0.43552008,-0.117307805,-0.586158,-0.31599364,-0.3873044,-0.70741177,0.5239924,0.07177329,0.054113306,-0.72180796,-0.15589768,-0.24798729,0.18855925,0.16764256,-0.038548462,0.036668085,-0.14461508,0.018548489,-0.04437821,-0.08668949,0.17945284,0.0809357,-0.112704255,-0.14999647,-0.23924343,-0.5889779,-0.03864928,-0.19450025,-0.24434724,-0.45919427,-0.30272186,0.3870996,-0.35199296,0.23234825,-0.30121922,0.022679796,-0.6856812,0.25757727,0.39612687,-0.19413953,0.22002992,0.46000084,0.0978817,1.289856,0.32482976,-0.25101882,-0.2672767,-0.09696587,0.11765915,-0.05631197,0.32987756,-0.36265755,-0.08600329,-0.4047153,-0.2625821,0.42802763,-0.03670122,0.07027948,-0.08491255,0.0069929063,0.57564914,0.15255664,-0.44374496,0.48839933,-0.11032323,0.2985217,-0.6181587,-0.18920551,-0.1940445,0.33148494,-0.5503492,-0.036133118,-0.08497964,0.4090186
fractal,0.1670568,-0.10946879,0.26918048,0.07421459,-0.2563993,-0.46764326,0.6497565,0.1429903,0.10300567,0.30212024,-0.544068,0.30258402,-0.5905506,0.43119147,-0.3934121,-0.5417333,0.5926077,-0.033880524,0.1938962,-0.07048044,0.32574388,0.0854401,-0.29539385,0.3907314,0.4132254,0.1092352,-0.42248416,0.10634175,-0.009947654,-0.4596248,-0.15198517,-0.33434445,-0.1701427,0.10069744,-0.013614743,-0.20212036,-0.07395619,-0.48407382,-0.34473914,0.17011537,-0.019931491,-0.19689785,0.053275764,0.13844258,-0.5255732,0.07873309,0.11791202,0.5360768,0.35143265,0.05618742,-0.27853078,-0.1690206,0.27891624,0.0036887408,0.61036664,-0.012318572,0.011763015,-0.24736974,-0.09669732,0.18050025,0.38987127,0.021352591,-0.3595809,0.14595766,0.3457392,0.239555,0.30298126,-0.14448985,-0.6176916,0.17642236,0.25726512,-0.13044807,-0.12488102,0.04126153,-0.1401015,-0.42467633,-0.036653932,0.4525177,-0.028898217,-0.12381868,-0.26877892,-0.055820983,0.07515492,-0.18752211,-0.12856461,-0.111417204,-0.07842861,-0.060134623,-0.53309405,0.25707912,0.053603046,0.3106404,-0.11816181,-0.2635857,-0.3284514,-0.20515369,0.072009295,0.21895258,-0.12741522,-0.15723573
real_time_reverse_transcription_polymerase_chain_reaction,0.14115909,0.2084178,0.7427751,-0.5406859,-0.21076228,0.74661624,0.6464797,-0.23777004,0.8509449,-0.025535105,-0.7911194,-0.1671613,-0.015627842,0.9487919,0.30147344,-0.27890772,0.46025714,-1.0005136,-0.3215517,0.20519423,-0.2559312,0.7099066,-0.8718441,1.0055631,0.2918281,0.27541125,-0.35482246,0.70842135,0.038432486,0.41893005,0.45496035,-0.16382916,0.098761104,-0.52391773,-0.20584977,-0.5838321,0.5525671,-0.6987421,-0.3549554,0.2930953,-0.727447,0.27724746,0.88795865,0.10006977,0.5333956,-0.01834233,0.18900286,0.65891504,0.46934777,-0.29496905,0.7294991,-0.588528,0.21375228,-0.27871504,0.6027122,-0.30454794,-0.04301088,1.12751,-0.35013857,0.6943779,0.3933303,-0.5995441,-0.5685622,-0.05193486,-0.44432735,-0.45062435,-0.6417005,0.39312363,-0.71725106,-0.084755845,0.90174085,-0.018955756,-0.5507415,-0.4371964,0.25001958,-0.323396,0.28073844,-0.18556282,-0.23040879,-0.12265771,0.20611534,-0.32392195,-0.7914077,-0.076473854,-0.07220868,-0.10617681,-0.49958998,-0.7035262,-0.1890646,0.30345,-0.635511,0.77245,0.14023553,0.19411233,0.35651973,-0.36454812,-0.36775827,-0.0031438034,-0.29807848,0.3334564
kinetic_parameter,0.96658134,-0.24541424,-0.8142911,0.5495451,-0.56720495,-0.2802042,0.5246649,0.3572609,0.1316431,0.38477716,-0.79460835,-0.8504959,-0.6067675,-0.44792572,0.19093177,0.06519801,0.2206988,-0.57103395,-0.56785744,-0.097501926,0.4240317,-0.19225064,-0.23819308,-0.12032382,0.08500296,0.5825635,-0.38107595,-0.3519048,-0.4413766,-0.9045175,0.083768345,-0.7099081,-0.3569322,-0.01763078,-0.5200781,-0.5182473,0.31579044,-0.5396265,0.030169148,0.25374755,-0.16254772,0.55643195,-0.061242297,-1.2165068,-0.11450545,0.2228688,-0.43571195,-0.13061109,0.38734594,-0.390102,-0.016523879,-0.065679505,0.404646,-0.25396985,0.12871519,0.48266047,-0.44695616,0.3347484,-0.2623279,0.8770684,-0.606636,-0.070357464,0.4385672,-0.19012938,0.70094,0.6326138,0.16487879,0.86801624,-0.2552204,-0.35382047,0.3213175,0.2691974,-0.2447083,-0.06568046,0.5572078,-0.057624843,-0.5058366,-0.0006212624,0.4895772,0.06805951,0.08570644,0.02798658,-0.59996945,0.30243683,-0.33963764,-0.35125083,0.25396436,-0.11790542,-0.105734214,0.8772833,-0.16963267,0.20682469,-0.5920817,-0.70417506,-0.19301547,0.23933765,-0.40898654,0.89968383,-0.14713717,-0.5799515
bacterial_spore,0.1463794,0.007271881,-0.016824225,0.24558899,-0.11536026,0.15033017,0.4366599,0.37134475,0.11295211,1.031701,-1.4613286,0.065326355,-0.2429762,-0.19225483,-0.0032109916,-0.193901,0.46632588,-0.6968277,-0.6379578,-0.2955159,0.26048356,-0.22552733,-0.5438753,-0.15578336,0.10515112,0.68685913,-0.32584617,-0.69018424,-0.6466308,-0.4454159,0.40251115,-0.8771942,-0.16308309,-0.2636086,-0.089968055,-0.7571577,0.15001965,-1.0992036,0.5893153,-0.1956039,0.27634552,-0.2902386,0.5792476,-0.601277,-0.42409518,0.6172667,0.25963786,-0.3188551,0.11629763,-0.39530167,0.096636415,0.08879546,0.20494553,-0.3972696,0.13947402,-0.22247486,-0.17681187,0.63334024,-0.22071302,0.5459395,-0.57624316,-0.27726877,0.19949117,-0.35008395,0.15654574,-0.15257469,0.01501592,0.4577965,-0.3702522,0.28071916,-0.36905238,0.18872799,-0.053748835,-0.24958044,-0.035041716,-0.013587209,0.0004973068,0.046787735,0.17811961,-0.12846677,0.48156786,-0.3403214,-0.15639748,0.2646478,-0.26963595,-0.6055167,-0.13756542,-0.5311949,-0.2781591,0.83446175,0.14989391,0.3106062,-0.6127995,-0.47220343,0.025074473,-0.22145237,-0.633322,0.30224285,0.4754846,-0.17341994
theoretical_framework,-0.12658836,0.07263066,-0.6838812,0.18529457,-0.12860118,-0.22832444,0.45536742,0.19757852,0.12828277,0.38971737,-0.29806122,0.31712452,-0.46903297,0.42717466,-0.4111299,-0.87306947,0.17990133,-0.21865948,0.3282982,0.2755934,0.16661297,0.15570854,-0.49400863,0.6792846,0.5660046,-0.30121475,-0.24424629,-0.18999717,-0.36041012,-0.44155243,-0.09051375,0.09459463,-0.14012833,0.040159367,-0.20701693,0.06910565,-0.4521958,-0.0065737776,0.046974156,-0.059949536,0.0028452848,-0.027945036,-0.1176215,0.17542228,-0.15893659,-0.03865629,-0.13946542,0.33228356,-0.22569855,-0.085207455,-0.28041598,-0.61756784,0.37520084,-0.07346188,0.5818056,0.35096297,0.03744452,0.3851253,-0.25044993,0.00847272,0.09530311,0.36209783,-0.47291213,-0.06983582,0.56466883,-0.023999702,0.26693147,0.066400476,-0.18191268,0.32223046,0.25949454,-0.59489465,-0.47789225,-0.20812646,0.042181168,0.55899185,-0.34409094,-0.082746536,0.14797191,-0.2813973,0.105988145,-0.25694618,-0.08166636,-0.43530014,-0.024471793,0.11796066,0.21828774,0.028348513,-0.59035087,0.30169976,-0.32315078,-0.081258535,-0.9577984,-0.71185726,0.24040224,0.11940897,-0.30824503,-0.061693363,-0.74218506,0.08257706
sucrose,0.2539266,-0.29372236,0.56660545,0.8707594,0.13002616,-0.4295343,0.44046122,-0.16351101,0.26067844,-0.08632915,-0.9191129,-0.06300647,-0.6717115,0.117764436,-0.12960656,0.07945,0.65461254,-0.08035101,-0.5848698,0.23326188,-0.115200326,0.34874094,-0.15964602,0.16359878,-0.31005338,0.5173748,-0.5095809,-0.20625928,-0.12771514,-0.58641523,0.57414925,-0.56636375,0.035164244,0.10071028,-0.37060034,-0.03324279,0.088840626,-0.271043,0.3897228,0.84885705,0.674481,-0.061823517,0.55212647,-0.06608507,0.16763707,0.12912154,0.4968557,0.043261282,0.77264345,-0.08654292,-0.5391317,-1.008001,-0.5752925,0.14041464,-0.17803046,-0.34588462,-0.35435408,-0.104258195,-0.021909548,0.690703,-0.8824848,-0.21337721,-0.15476458,0.56106246,0.7732186,-0.27926627,1.1627641,-0.40075713,-1.0435708,0.30864853,-0.03985103,0.1972376,0.39781687,0.19710118,0.12804769,-0.5938559,0.36762574,-0.095572785,-0.5606638,-0.3332088,0.59146446,-0.40666687,0.05503849,0.54759437,-0.38318267,0.113044485,-0.024445986,-0.22704414,-0.21758117,0.080535695,-0.25891677,0.911058,0.2561698,-0.5986431,0.03425939,-0.08952121,-0.53493506,-0.26980838,-0.012355877,0.3833291
non_insulin_dependent_diabetes_mellitus,0.7954249,-1.2270279,-0.21282515,0.56234574,0.0831178,0.09168499,-0.3692114,-0.4910588,0.62803715,0.21537118,-0.010638573,-0.41439956,-0.3248758,0.3770188,-0.26894212,-0.3974043,0.5886583,-0.07500821,-0.7807615,0.5460684,-0.21657266,0.45007128,-0.2422621,0.33713064,0.27522072,0.3191157,-0.16835365,-0.43534848,0.1438007,-0.20414439,0.622068,0.18949473,0.2957667,0.1982938,-0.109938756,-0.11119733,-0.30148223,-0.32930386,0.15252645,0.9205562,0.005033573,0.12861332,0.7765193,-0.070637465,-0.16250838,0.29789564,-0.09900859,0.6572642,0.98737097,-0.39350054,-0.1251588,-1.4077212,-0.014497123,0.2957728,0.024318188,-0.45868817,-0.8043182,-0.19990735,0.44442606,0.6879321,-0.21819408,-0.31080264,-0.19626412,0.11251268,0.8307985,0.112854846,0.47573355,0.45617163,-0.3649653,0.21507871,-0.22027777,0.6152824,0.28439048,0.22854331,0.065216586,-0.3280191,0.647748,0.37050828,-0.53748095,0.10045566,0.7970442,-0.46694794,0.14497258,0.27988327,-0.45806238,-0.5182663,-0.1453463,0.13395008,-0.05913611,0.1750757,-0.62866175,0.6979773,0.10219784,-0.6939069,-0.23057568,0.13212481,0.07731978,-0.40784153,0.24163496,0.31007496
factorization,-0.24005081,-0.104823604,-0.8348996,0.31731355,0.17074175,-0.44358394,0.41104442,0.21730383,-0.3113314,0.16322665,-0.12768115,-0.045107912,-0.4122228,0.43894607,0.22281292,-1.335686,0.47546497,-0.216358,0.45311084,-0.027572695,-0.04004511,0.40267333,-0.09210301,0.94194597,-0.03610959,-0.11414095,-0.17685641,0.050419737,-0.117855415,-0.30439982,-0.2992212,0.32107514,-0.07578727,-0.10160757,-0.2681946,0.35577106,-0.32684368,-0.6613757,-0.14632267,0.08962183,-0.26738068,0.20829591,0.17493576,-0.1487391,-0.34829885,0.5243288,0.14940767,0.4464477,-0.2218261,-0.25115454,-0.41972616,-0.50663257,0.434213,0.16470744,0.84643626,0.23459518,0.04495351,0.23822106,-0.48375776,0.49670818,0.02614988,-0.024251055,-0.3517746,-0.25741825,0.37210903,0.1232604,0.54606616,0.0755808,-0.36775598,0.06981776,0.46341047,-0.60110605,-0.3346647,-0.22290882,-0.3220163,0.090261474,-0.28035066,0.011197891,0.4177004,0.109650314,-0.21055767,-0.11144883,-0.12418902,-0.3133475,-0.32793745,0.2211167,-0.10394686,-0.237026,-0.5230732,0.20847149,-0.3193663,0.025934823,-0.6186752,-0.5113939,0.0610088,0.41978458,0.305114,0.048953105,-0.6802161,0.031275127
software,0.057703115,0.32649148,-0.42029828,-0.47277403,-0.31761736,0.16257414,0.29490262,0.09008241,-0.052331522,0.67647004,0.011903949,0.55810934,-0.21380623,0.12660164,-0.18858074,-1.2415127,0.087848075,-0.93969196,-0.19258223,-0.1745831,-0.26059252,0.3258955,-0.014283912,0.26069552,0.20436877,0.06715974,-0.3571135,-0.19393077,-0.32659698,-0.1265577,-0.21685311,0.24089125,-0.16505392,-0.010108776,-0.13561092,-0.3116217,0.4904201,-0.9719427,0.7260967,-0.15823315,0.4034182,-0.20983787,0.3159798,-0.45227775,-0.7171544,0.8216676,-0.23676232,0.007847936,-0.5292316,-0.33461496,-0.3184397,-0.7664261,0.7666319,-0.1344903,0.47853756,0.06340413,0.30392116,0.3693952,-0.25236335,0.035915248,0.32521024,0.24920526,-0.37197903,-0.11219024,0.43515104,0.09455339,-0.00548798,0.724714,-0.3347879,0.019322626,0.068757564,-0.33166176,-0.16285503,-0.10282852,0.07242458,-0.19522125,-0.453335,0.57229835,-0.453754,-0.80067027,0.2548943,-0.216449,0.10905691,-0.70510405,-0.4103664,0.38117048,0.19365619,-0.37082663,-0.4632404,0.11043848,-0.002197516,0.17459996,-1.251784,-0.13605224,0.11681838,-0.44814909,0.19149344,-0.0061272304,-0.10673766,0.1757685
student,0.33384836,-0.76407856,-0.22094889,-0.2978942,-0.50973606,-0.40482825,0.027514864,0.15765938,-0.24378638,-0.06577738,-0.3316942,-0.29864338,0.026430266,1.0713565,-1.2526454,-0.9487088,0.77545184,-0.59296656,0.4510798,0.46958628,0.21420471,0.19081633,-0.19803448,0.71814847,0.67222834,-0.22959775,-0.1831491,0.3613599,0.21392103,-0.6052182,-0.44406947,-0.45664456,0.35950756,-0.050916977,0.43138647,-0.45128697,0.20558351,-0.5823517,-0.272687,-0.08130924,-0.09101618,0.11520226,0.3000228,-0.4753648,-0.7488788,0.23073567,-0.41185793,0.63843954,0.51100343,-0.28312853,0.21831916,-1.2338711,0.046848517,-0.43512928,0.45212632,0.21887648,-0.5372324,-0.05476793,0.37194923,0.45320734,0.23770626,0.2338632,-0.7799645,0.20714658,0.5755659,0.6802813,-0.0967465,0.3015498,-0.37277696,0.5807716,0.60597193,-0.09999502,-0.30444887,-0.7092089,-0.3927658,-0.57506335,0.29772407,0.24438831,0.008528339,0.2796683,0.75081646,-0.42032465,0.08755401,0.010952311,-0.1857773,-0.2962512,0.09085398,-0.34835038,-0.23038733,0.2146017,-0.43239447,0.042240493,-0.52997756,-0.8573706,-0.5011998,-0.21762548,0.1765872,0.49598822,-0.40748277,0.54142463
demographic,0.39281982,-1.0162596,-0.12367475,-0.070995376,-0.5994153,-0.46855482,0.26566878,0.027240539,0.030484729,-0.22812551,-0.1657465,-0.47493306,-0.22007754,0.9657008,-0.9381844,-0.84776485,0.76870334,-0.24433506,0.69950783,0.16776326,0.38196805,0.19940874,-0.089293376,0.8719007,0.41448852,0.43827385,-0.039404847,-0.016604235,0.032303475,-0.19861144,-0.20768727,-0.3193837,0.10461981,-0.19301993,0.19552465,-0.60773605,-0.19783817,-0.50366676,-0.35091308,0.039342217,-0.61880934,0.10901416,0.13003542,-0.401395,-0.35129026,-0.07220383,-0.22670723,0.4286928,0.72574157,0.19278377,-0.13520283,-0.8909781,0.028391743,-0.10851848,0.07786422,0.39141402,-0.46108323,0.02063757,0.391756,0.48666313,0.30717498,-0.014822474,-0.5614941,0.109453075,0.5402952,0.06802454,-0.2323082,0.09173848,-0.031547155,0.7497359,0.53114074,-0.59313524,-0.3097522,-0.71354073,-0.25719368,-0.15959986,0.31583318,-0.19984284,0.65255,0.26601148,0.7414814,-0.19163215,0.018796027,0.3905588,-0.0042347237,-0.15254515,-0.20689204,-0.25799748,-0.21446547,0.5345132,-0.35053656,0.13759652,0.09422471,-0.9058842,-0.30839923,0.10730624,0.18697976,0.47422194,-0.44621727,0.2693199
limit_of_quantitation,-0.6878316,-1.269245,-1.0124108,0.16804348,-0.6519074,0.18234268,-0.05740019,-0.36901,-0.2753948,0.30433157,-0.6058989,-0.47085875,0.6949588,-0.0068322346,-0.7331896,-0.69897074,-0.7089247,-1.097806,-0.44947788,-0.042165965,0.45511907,-0.7172772,-0.23449215,0.37841874,-0.11063436,0.88591087,-0.03553616,0.324117,0.21117486,0.40983653,0.49031875,-0.5155015,0.9352466,-0.4502627,0.65415585,0.31709626,-0.10787565,-0.14823636,0.4593642,-0.16065916,0.019421099,0.04881196,-0.03529082,-0.46610966,0.2927222,0.33702168,0.050950244,0.013871992,0.3433136,-0.81614083,0.07993327,-0.52072054,-0.64205986,-0.25848752,0.5639516,0.13649505,-0.37798864,0.16218223,-1.0459795,0.8889382,0.1493925,-0.2642833,-0.41992614,0.03722334,0.30806333,0.008081892,0.33808464,0.83307827,-0.27361202,0.01903149,-0.036866445,0.20839421,-0.07737328,-0.23264562,-0.23430441,-0.34691086,0.54341555,-0.33880928,-0.22534178,-0.019674238,0.6539022,-0.18207721,-0.000987873,-0.1394411,0.5244647,-0.011335209,0.48359543,-0.36112288,-0.19947772,0.9759788,0.03592899,0.10914792,-0.37260893,-0.3748226,0.59436136,0.670463,0.4334186,0.44151247,-0.22199161,0.60520375
cell_death,-0.44869512,-0.3953668,-0.84460807,-0.34682697,-0.2728119,0.05561908,-0.07675904,-0.27385324,0.6073555,-0.27214143,-1.2137945,0.3363055,-0.012850907,0.3537368,-0.27166906,-0.71335435,0.16370974,-0.3952996,-0.31111476,-0.49980205,0.4834057,-0.09766572,-0.6393707,-0.3478028,-0.29723206,0.5351053,-0.8675609,0.31459323,0.0508843,0.60033053,0.48774624,-0.17420354,0.09695502,-0.57418257,0.33476293,0.5346837,-0.017042333,-0.034025278,-0.34489983,0.48458707,0.43736604,0.052765403,0.45034638,-0.11768726,0.38996354,0.15544763,-0.078325436,0.33926547,0.16412434,-1.0269388,-0.98257893,-0.2504275,-0.0493441,-0.14990127,0.6029536,-0.73391247,0.5405092,0.14434949,-0.62768596,0.5420692,0.4342098,-0.47147205,0.39141414,-0.049218964,0.5654363,-0.22195402,0.20074436,0.29533783,-0.95212144,-0.078176506,0.20802972,0.75013804,-0.22062977,0.14064914,-0.28762743,-0.30980337,0.51516044,0.1058494,0.17451881,-0.42233863,-0.15035003,0.099893,-0.0028839551,0.17254074,0.8361167,0.3524951,-0.19658355,-0.383159,-0.04138486,0.99574715,-0.62472796,0.3766387,-0.26268312,-0.20673893,0.7082945,0.3961749,0.5866046,-0.5163978,-0.26841024,-0.05103789
numerical_model,-0.23925377,-0.22697408,-0.45578456,0.13749959,-0.26666388,-0.57114935,0.50281096,0.41036013,-0.33485356,0.4077019,0.22308952,-0.20309417,-0.5383382,0.45756176,-0.2558166,-0.8642913,0.100492276,-0.5675337,0.24125214,0.031739637,0.07943052,0.19414885,-0.030289114,0.59822595,-0.06727386,-0.0676293,-0.1258682,0.21432693,-0.14173989,-0.39644358,-0.33539718,-0.10624853,-0.40008858,0.022673573,-0.10217781,-0.2444539,0.03159296,-0.64235467,0.3263813,0.1257019,0.39305472,-0.009950563,-0.22101723,-0.4218312,-0.39454386,0.39252254,-0.050260328,0.580878,-0.10784903,-0.088791884,-0.29602355,-0.7367007,0.5050503,-0.3083577,0.8283986,0.009597257,0.013827188,0.45025522,-0.37010792,0.10743776,0.09397267,0.29617074,-0.28734437,0.08088118,0.43352765,0.5496155,0.40185362,0.48196614,-0.50537074,0.085129686,0.39929107,-0.3900764,-0.06818937,-0.16524409,-0.21572557,-0.1489181,-0.48825774,0.1561372,-0.21513328,-0.26690075,0.16802084,-0.24751592,0.05301425,-0.5778867,-0.21078822,-0.03691917,0.16032346,-0.1736397,-0.4387082,0.14618888,-0.12687212,0.009357021,-0.94772196,-0.5380398,0.08342258,0.019065155,0.04394306,0.01139398,-0.59495485,0.30262077
dispersion,0.23136704,-0.22375596,0.393312,0.12923412,-0.15382145,0.061961565,0.61782926,0.45643538,-0.45692548,-0.40626118,-0.7057007,-0.20731649,-0.12289267,0.014957037,-1.0301646,-0.7992894,0.48666707,0.49748212,0.22844537,-0.1539279,-0.4704484,-0.29394057,0.26549286,1.306407,-0.19038296,0.7842111,-0.45817024,0.0840727,0.12666258,-0.5213172,-0.24894227,-0.37216508,-0.26096374,-0.2869217,-0.49745893,-0.45314053,0.56705904,-0.53860235,0.15566097,0.7384513,0.36435673,-0.55634725,0.83419126,-0.013552075,-0.19013728,0.3951244,0.30383626,-1.0190277,0.25979242,-0.19612977,-0.049526475,-0.12908183,-0.5700859,-0.16553569,-0.26428723,0.26244766,-0.08805285,0.05509474,0.21442086,0.73689145,0.5071529,-0.2406954,0.10948245,-0.6073331,0.09406062,6.1559964e-05,-0.058786076,-0.46699908,-0.61719894,0.42103493,-0.7474097,-0.92421615,-0.36740133,0.053403977,-0.10427274,0.09971055,-0.00380369,-0.39570197,0.95175445,0.24896884,0.6000101,-0.5038992,0.17473905,0.25168964,-0.103016675,-0.4692466,0.24138935,-0.87630844,-0.011500564,0.27460444,-0.20279944,0.2456044,-0.6038848,-0.340045,0.42573828,0.37723097,-0.4299133,-0.3389639,-1.6954362,0.6371479
testosterone,0.21074396,-0.018787134,-0.10647106,-1.064279,-0.538001,0.76938456,-0.40604103,0.18415122,-0.21105526,0.10800851,-1.4937122,-0.080520615,0.52701026,0.7133855,0.27500844,-0.30141062,0.6456825,-1.0906333,-1.0337967,-0.39104158,-0.52327263,0.27520648,0.06145241,-0.05257278,-0.1073139,0.28888717,-0.9091927,-0.35442585,0.08635021,0.10031715,0.15622541,0.029241405,0.16646408,-0.048145577,-0.14566833,-0.021378454,0.8602001,-0.9121279,-0.13326742,0.582141,0.07214209,-0.027480926,1.1135565,-0.76021564,0.2917658,0.7751358,-0.13281423,-0.033925325,0.026515635,-0.76429236,0.13679253,-1.5843642,-0.38732773,-0.017149137,0.094678774,-0.30967113,-0.77094465,0.086731374,0.12810427,0.9540638,-0.33864248,-0.25905794,-0.07886432,0.22466877,0.64708346,-0.21069019,0.30894846,0.36016023,-0.5817559,0.25456122,-0.003181694,0.33882496,-0.17008652,-0.086361,0.39117828,-0.22075659,-0.18322751,0.15966816,-0.519019,-0.41193357,-0.026133118,0.32315686,-0.3470001,0.74114835,-0.07048287,0.34084794,-0.22792378,-0.3644604,1.1906639,0.22948352,-0.4371485,0.886232,0.09077511,-0.2641723,0.2995897,-0.21607776,-0.35378492,0.11923884,0.1150344,0.4262256
education,-0.8402975,-0.34409064,-0.53755516,-0.045794696,-0.5858884,-0.13326477,-0.1853862,0.11962247,-0.13169536,-0.21413314,-0.39286128,-0.32124248,-0.16270055,0.86372477,-0.7909589,-0.93816036,0.2987775,-0.62208354,0.17229298,0.22046551,0.00050122576,-0.09117839,-0.21244662,0.651419,0.5271778,0.073690474,-0.12749204,-0.057055674,-0.12205858,-0.3920175,-0.38257357,0.13939315,0.46999583,0.18481128,0.124553606,-0.6407609,0.15734111,-0.5084947,0.4967733,0.2266089,0.23338963,-0.40007055,0.488591,-0.24760272,-0.26129124,0.40390992,0.03125768,0.3188715,0.38743392,-0.060578253,-0.075127594,-0.94177043,0.18977545,0.3617957,0.07635758,0.36878455,-0.6705033,0.18071231,-0.36712435,0.45666936,-0.5482822,0.29278678,-1.0550108,0.087425925,0.36156353,0.5105003,-0.07610905,0.28765076,-0.017668793,0.66044873,0.3744706,-0.17775045,-0.46716622,-0.5809201,-0.53039294,0.14381704,0.1777132,-0.08057861,0.11175452,-0.44450155,0.6428196,-0.037495963,0.22572711,0.13432372,-0.29372242,0.17062284,-0.48239085,-0.42858616,0.027963098,-0.05446019,0.04080672,0.4533266,-0.67508113,-0.33860332,-0.021704035,-0.0902562,0.51520014,0.45047486,0.1561023,0.28170383
plant_medicinal_product,-0.11710301,-0.99606717,-0.6578182,0.0687201,-0.12403491,0.8581259,-0.10531479,-0.66933244,0.40434852,-0.23849301,-0.43297252,-0.12820709,-0.043996066,0.3055164,0.11490778,-0.44191566,-0.101674564,-0.49529657,-1.1017728,0.06907252,-0.068736635,-0.44229385,-0.112052195,0.7519313,-0.11224228,0.6675882,-0.28659752,0.010272121,-0.010882352,0.38776183,0.56560284,0.133069,1.1207607,0.021192007,-0.3004117,-0.023137474,0.027921207,-0.6619563,0.63040054,0.5806371,0.2699489,0.27048582,0.9449547,-0.286587,0.47984946,0.4170953,0.55856645,-0.31371248,0.703729,-0.6543142,-0.17752585,-0.628868,0.010231426,0.64140844,0.19806664,0.113031834,-0.8870458,0.9006576,-1.4336451,0.8383236,-0.24008448,-0.44253314,-0.7465572,0.004309972,0.0014322804,0.06615645,0.4753145,0.397217,-0.09960111,-0.39202946,0.5617649,0.28887448,-0.45678464,-0.34461537,-0.1721246,0.23470522,0.7085104,-0.5288785,0.043723278,-0.463353,0.454294,-0.03507585,-0.31920645,-0.08452763,-0.54867065,0.07737316,0.27520335,-0.3416737,-0.3574306,0.51018745,-0.5118218,0.31723765,-0.48703045,-0.035057325,0.52861094,0.16322692,0.2514378,0.3463196,-0.4357198,0.46411425
antibacterial_activity,0.37127888,-0.41750097,-0.21834473,-0.26714367,0.19715546,0.4049704,0.20298427,-0.5571597,0.4632481,0.032869827,0.016962718,0.0044824476,0.055073503,0.11946575,-0.5250936,-0.3778565,-0.29169402,-0.15097106,-0.37583584,0.32189366,-0.23018321,-0.0987413,-0.39461932,0.64637876,0.12775995,0.67411906,-0.06729852,0.009839562,-0.35902104,-0.057335515,0.17327851,0.15539375,0.48244876,0.46013784,-0.34216064,-0.34892014,0.51290596,-0.6137684,0.58276594,0.76494074,0.53240097,0.022600597,0.7291216,-0.21839818,0.39575368,0.05957438,-0.026612496,-0.7601747,0.31292242,-0.45103547,0.0028170492,-0.33842874,0.8147761,0.6464622,-0.49344793,0.26979268,-0.0011048646,0.93723226,-0.96398497,0.85999805,-0.4311091,0.26118818,-0.6354678,0.16383445,0.10424851,0.10317713,0.1780975,0.40497124,-0.030139895,-0.13458705,0.24647714,-0.018626481,-0.82174945,-0.20907222,0.014112338,0.3953051,0.49212006,-0.091418944,-0.012223842,-0.37497756,0.5513189,-0.1227018,0.11196347,-0.08532749,-0.46436462,0.14330953,0.7212421,-0.77466303,-0.6163121,0.20790216,-0.5861301,0.20217001,-0.97433865,-0.24898285,0.39925477,0.22668083,0.0595043,-0.22258356,-0.7314142,0.18128839
monocyte,0.40018415,-0.67775965,-0.0048637227,-0.66078013,-0.6106175,-0.068130426,0.31646082,-0.08858629,0.4180959,-0.42283833,-0.25377616,-0.42513263,0.38076875,0.6568474,0.1131204,-0.60646874,0.504996,-0.78978676,-0.3488935,0.12754627,0.19308646,0.44663963,-0.36145726,1.074257,0.30688098,0.21567057,0.22148693,0.84743255,0.69842714,0.16319461,0.11671063,-0.27353865,0.12587933,-0.27324057,-0.06364251,-0.5447426,-0.45660686,-0.8301425,-0.17719316,0.3764937,-0.01526182,-0.39920777,0.30238336,-0.01882368,0.29112142,0.5010585,0.34002367,0.5699392,0.2505115,0.30204338,0.29803488,-0.97421306,0.40017685,-0.09670735,0.9110115,0.24315792,0.043668296,0.83384097,0.014404716,0.5553068,0.44322532,-0.5698736,-0.6596477,-0.17283231,-0.4794684,-0.6297859,-0.36766648,0.17523883,0.119020715,0.44666523,0.58753884,0.08653614,0.14361937,-0.38928333,0.0505704,-0.4520151,0.85776263,-0.20259859,-0.21653251,0.029500833,-0.008001355,-0.011673315,-0.5181079,-0.7951562,0.15865345,0.27025583,-0.3643547,-0.1262016,-0.7287663,0.3379654,-0.58704233,0.87169975,-0.07206683,-0.036146708,0.45690295,0.07623315,0.1349993,0.266207,-0.19225122,0.3892174
water_buffalo,-0.06672138,0.11680491,0.021232158,-0.3969299,-0.33850288,-0.043773256,-0.19284326,-0.23977585,0.034818735,-0.06504693,-0.042689756,0.014617141,-0.8221641,0.54747456,-0.1677444,-0.8044226,0.70804906,-0.29298085,-0.44069356,0.029937925,0.11730041,-0.45203364,-0.26184794,0.63209057,0.17386582,0.1638621,-0.7486191,0.47937867,-0.19556884,-0.28617504,-0.87162185,0.2731502,0.42011672,0.17765886,-0.05206387,-0.014937892,0.41546553,-0.70678717,-0.40298712,0.24565463,0.73346096,0.58413386,-0.07054616,0.085405625,0.47612578,-0.07248125,0.6062268,0.49456432,-0.12998588,-0.26875788,-0.47049725,-1.2127093,0.29664266,0.31240088,0.4081924,-0.57182056,-0.8243889,-0.31749877,-0.25737587,0.17916909,-0.36880735,0.29092452,-0.25839117,0.7694566,0.9008766,0.3943689,0.21549478,0.17032708,-0.041555062,0.13455316,0.54203737,0.045549747,-0.12563314,0.19731696,0.14599246,0.2963863,-0.5055207,0.11239034,-0.07271072,-0.3765707,-0.41554338,0.19152106,0.03927375,0.21425793,-0.36835617,-0.24053556,0.23498403,-0.15126231,-0.46151513,-0.29477453,-0.27439085,0.25824592,-0.315921,-0.6122057,-0.11036397,0.0024780142,-0.43858472,0.015367104,-0.3093642,0.4376031
heteronuclear_multiple_bond_correlation,0.62416637,-0.015085258,-0.481311,0.7597885,-0.39573073,0.09367607,-0.13149007,-0.4032366,0.17821065,0.35816482,-0.7255142,-0.560024,-0.12843174,-0.44333684,-0.8762431,-0.6877092,0.5231213,-0.15800571,-0.3662821,0.5461793,-0.10218864,0.056130096,-0.7155285,0.2936747,0.35526463,-0.06482795,-0.44879004,-0.36150655,-0.31331545,-0.11531886,0.46078232,0.16835901,0.32047427,0.21179217,-0.8163092,-0.24690478,0.7835676,-0.13192202,0.69237137,0.9976738,-0.10612192,-0.07885822,0.9779372,-0.324244,0.70017,0.34235325,0.15820228,-0.38101092,0.37608558,-0.6189458,-0.15639645,-0.22041315,0.3103424,0.07072797,-0.33139715,0.36821264,-0.5155732,0.09631679,-0.32981363,0.53746593,0.15430512,0.34552583,-0.7240905,0.2141661,0.2537963,0.7698017,0.0026092045,0.20978063,-0.48608094,-0.30763733,0.046756964,0.4768903,-0.8124307,0.042510137,0.41693076,0.12501214,0.35392505,-0.22148521,0.36963376,-0.4489283,0.6532037,-0.051925335,-0.39010185,0.75475514,-0.72708166,-0.50550956,0.54825014,-0.28461042,-0.5214858,0.06934469,-0.37708053,0.5265661,-1.001289,-0.03008397,0.45102593,0.28546506,0.089326054,-0.24653363,-0.9831011,0.2175656
triacylglycerol_blood_level,0.28236377,-0.9836782,-0.27497402,0.093337946,-0.02023682,0.5363028,-0.36913767,-0.9562503,0.8064223,-0.08386926,-0.461307,-0.7799477,-0.67708015,1.0937116,0.017716851,-0.48589426,0.6934696,-1.126196,-0.31941912,0.72106063,-0.34336713,-0.06457106,-0.43137285,-0.22845899,0.015766371,0.8452693,-0.2743785,-0.790112,0.08511966,0.24921289,0.47169784,-0.55530113,0.61979306,-0.11334933,0.25597662,-0.49202594,0.2901458,-0.98775256,0.2427008,0.32088906,0.022321453,0.5738607,0.6236733,-0.27939942,0.8016383,0.54627407,1.0899507,0.039555386,0.8531514,-0.6494047,-0.29087213,-1.6333228,-0.43894342,0.08557593,-0.2052667,-0.67103404,-1.0549691,-0.14015931,0.614021,0.67741746,0.55328333,-0.061422385,-0.2702307,0.58504575,0.5645175,0.13834207,0.03208334,0.9569828,-0.44475248,0.23263852,0.16493842,0.5224734,0.11145459,-0.1278033,0.39256984,-0.263577,0.53820264,-0.364083,0.2894093,0.100056425,1.0987669,-0.75089216,-0.54649067,0.8315567,-0.092021495,-0.8584697,-0.054605603,-0.58960867,-0.50780267,0.42545125,-0.32729486,1.3793902,0.46323654,-0.627259,-0.34619194,0.28189105,0.4474529,-0.08078939,0.05832698,-0.028255899
enzyme_activation,0.052227303,-0.27174357,-0.19045506,-0.5699312,-0.6301923,1.1067299,0.024564639,-0.43129966,1.0527014,0.5250029,-0.8699269,-0.29342297,-0.55371565,0.704204,0.28154927,-0.44923884,0.8253708,-0.41758373,-0.7633763,0.5827163,-0.17239583,-0.17488885,-0.6404185,-0.4804543,0.40723315,-0.48939973,-0.43932208,-0.5285355,0.01928529,0.2528684,0.3945602,-0.07098835,0.7469937,-0.19375844,-0.007002161,-0.15075237,-0.21206035,-0.9462932,0.4017368,0.54339796,-0.24352834,0.29045665,0.818513,-0.4444091,0.5108976,0.40493032,0.76335096,-0.5320264,0.18308945,-0.09188137,-0.1494787,-0.89585775,-0.37240544,0.15682018,-0.22981952,-0.38616,-0.6897922,0.083921395,-0.08149682,0.53750706,0.38220584,-0.37163037,-0.68744797,0.41209057,0.3775959,-0.28341624,0.37598738,0.63847166,0.06784672,-0.19816926,0.24495797,0.36767107,-0.2010177,0.345108,0.34128076,0.10654945,0.6742056,0.2952773,-0.28287646,-0.17247109,0.34351274,-0.70720166,-0.52212775,-0.30733368,-0.07603498,-0.19087288,-0.019939175,0.23362243,-0.44594404,0.60019773,0.08969191,1.0949674,-0.12578882,0.21669735,0.34781092,0.1521232,-0.07051765,-0.33178863,-0.24737968,-0.13673167
hypothalamus,-0.2201519,-0.3692963,-0.40203056,-0.3298398,-0.07125265,0.76587397,-0.31323275,-0.6184185,-0.19743115,-0.39230448,-0.7616094,0.11450547,-0.24190329,0.9166973,-0.46666816,-0.4258288,0.6474385,-0.5021131,-0.45989656,-0.54836315,0.015447669,-0.17891017,0.09357834,0.4164414,-0.09793232,-0.01162255,-0.8201666,0.6349622,0.06714567,0.120219514,0.06342525,0.12662844,0.6673516,0.37256974,0.12260095,0.49010354,0.34539124,-0.44807154,-0.14070298,0.5304144,0.33224508,0.3683724,0.6589557,-0.33244836,0.66895306,0.3876312,0.6974458,0.49374363,0.35734668,-0.33340237,-0.3383324,-1.819577,-0.20981248,0.5452691,0.49820265,-0.3349429,-1.125854,-0.344103,-0.57362044,0.6481744,-0.6974125,-0.24864091,-0.40924427,0.19334514,0.25018695,0.2087635,-0.07344144,-0.3757197,-0.53257364,-0.2776387,0.57502437,0.18810798,0.15877905,-0.56263936,-0.027839683,-0.022335388,-0.06410551,0.24047266,-0.2478135,-0.2473706,-0.05830848,0.361079,-0.19773526,0.28078386,-0.3473781,-0.004080048,-0.4145927,0.07917217,0.5105329,-0.18514773,-0.5794404,0.39818192,-0.028111981,-0.7408689,0.0016468246,0.31650773,-0.32764983,0.3168549,-0.030545397,0.40166202
biofilm,0.18889847,-0.26790082,0.6577835,0.77021337,0.02461637,-0.68600774,0.34501055,-0.20101377,0.08955184,0.048824932,-0.68714786,0.3182266,-0.78080225,-0.39254233,-0.21926141,-0.35863516,0.83566433,0.26863083,-0.09114075,0.14529076,-0.45216706,-0.18929794,0.21809888,0.88584936,-0.70696557,0.13154261,-0.28419295,0.015013986,-0.40867323,-0.44815096,0.12305601,-0.3663793,-0.0046213414,0.17323142,-0.5189755,-0.39807686,-0.28716785,-0.6642801,0.33659783,0.5247338,0.39843127,0.5862331,-0.11417069,-0.13326924,0.16126221,-0.29173535,0.36366633,-0.49705744,0.19592048,-0.24476056,-0.32284978,-0.42483568,-0.18091322,0.09936491,-0.3500135,-0.1688605,-0.019841358,0.21516937,-0.48594502,0.39225942,-0.14719175,-0.016905576,-0.2660105,0.40042353,0.9341204,-0.04085985,0.8732628,-0.2461817,-0.5608911,0.4932394,-0.10444063,-0.15576303,-0.40666866,0.34191924,-0.25664696,0.037727583,-0.18906833,-0.1957435,0.1867704,-0.21136855,0.5733515,-0.37107366,0.23304816,0.5456738,-0.7698419,0.15747249,0.09593703,-0.65887034,-0.7484417,-0.035264075,-0.16703188,0.20559704,-0.3670939,-0.5472724,-0.095565245,-0.1766857,-0.42248502,0.14640598,-0.90755713,0.120544866
antimicrobial_activity,0.64679295,-0.6159731,0.4423042,0.017011702,-0.29355848,-0.078511275,0.64551276,0.006713026,0.027708337,0.011104919,-0.32210255,0.094792604,-0.5028591,-0.19012238,-0.6074448,-0.353114,0.89532423,0.29943317,-0.38658804,0.21272483,0.0014094827,-0.080853716,-0.22074787,1.5908185,-0.085341364,0.15919675,0.20863292,0.17880276,-0.5107758,-0.23357107,0.24870008,-0.5712474,-0.121515125,0.2791853,-0.74412704,-0.8081109,-0.040691677,-0.46776852,0.40566573,0.67888325,0.32664368,0.1637434,0.2577565,-0.22915572,0.10885312,0.35986108,0.13768119,-0.5377352,0.6721731,-0.015923318,0.38761562,-0.37491035,0.09325396,-0.2858055,-0.1969873,0.04175988,0.35845712,0.53349835,-0.2605026,0.5933888,-0.09197664,0.011505043,-0.29074827,0.14287002,0.26438665,-0.3988887,0.14004806,0.09619502,-0.28137562,0.32078058,-0.1511436,0.08286814,-0.7835836,0.049061902,-0.012059145,0.3787006,0.41269502,-0.09141457,0.45058176,0.031068832,0.5698182,-0.5350963,0.22464097,0.20084365,-0.43404493,-0.3669911,0.15274039,-0.8055875,-0.7176748,0.17659341,-0.23263818,0.12484737,-0.9869127,-0.20097852,0.26757815,0.22924817,-0.38507044,-0.23291731,-1.1404288,0.28976488
biosynthesis,0.38326547,0.27242562,-0.44448462,-0.20567577,0.4756085,0.4246635,0.85380787,-0.00836165,0.185513,0.04171396,-1.1314706,0.47768795,0.2805677,0.37563062,0.24831374,-0.32580972,7.41001e-05,-0.99885225,-0.35690212,0.050303217,0.6815079,-0.24385916,-0.65338147,0.2173401,0.13881221,0.07757067,0.12900528,-0.8284842,-0.40960634,-0.24782395,0.5219471,-0.8924721,-0.04729985,-0.11590344,-0.18430313,0.046073318,-0.44053742,-0.14274429,0.3114068,-0.5021458,0.46857744,-0.009972355,0.70866716,-0.47626886,0.10280538,0.4559522,-0.0037770704,0.3654566,-0.038371902,-0.15354772,0.36813036,0.0038903237,0.20105185,-0.4907049,0.6362971,-0.47848666,-0.24286337,0.9295716,-0.2086133,-0.031326078,-0.5378931,0.27529427,-0.11696708,-0.82163835,0.17223936,-0.4489604,-0.05895248,-0.17579184,-0.49765137,0.49245268,-0.50715685,0.14536622,0.48593915,-0.4237105,0.23856054,0.4550143,-0.008658733,-0.3300886,0.34764066,-0.2588446,0.21673092,-0.56529874,-0.48890072,-0.6835672,0.109653324,-0.26467508,-0.3478926,0.24376617,0.42855445,0.8409637,-0.85020936,0.33244908,-0.9622791,-0.863293,0.7128086,0.12006585,-0.24557406,0.035897054,-0.57971007,0.34659582
anaerobiosis,-0.07989808,0.15410191,-0.6917293,-0.005627844,0.27649727,-0.12512198,0.70522904,-0.010538032,0.11385773,-0.12784304,-0.33988133,0.2663365,-0.7470144,0.18348254,-0.15495671,-0.6274546,-0.12938504,-0.1928481,-0.48872447,0.16513442,0.39060163,0.37441167,-0.40687534,0.53828603,0.07301902,0.24492651,0.14450406,-0.40817204,-0.070106894,0.016545115,0.439488,-0.16178831,-0.31825086,-0.0021977432,-0.22719996,0.32266617,-0.0892154,0.20059709,0.255476,0.090550266,0.4876712,-0.22763255,0.68388444,-0.23031096,0.38582948,0.13256423,0.70393544,0.31467625,0.07635475,0.07353494,-0.43213668,-0.3207822,0.27563524,-0.2951574,0.8291201,0.1845299,0.004355202,0.64406896,-0.6061267,0.2112415,-0.29467353,0.3755119,-0.2750537,-0.14706707,-0.034477957,-0.5485237,0.3392422,0.12186475,-0.7216204,-0.33001187,0.1629988,0.23513326,-0.11631325,-0.016959395,0.2394984,0.17127496,-0.26413217,-0.0035563018,-0.08788283,-0.6005359,0.17212754,-0.18727756,-0.50418776,-0.34286928,-0.013964343,-0.43127376,-0.09587705,0.013761727,-0.2851178,0.9107207,-0.7709035,0.3200172,-0.96169084,-0.42968976,0.8835689,0.48817435,-0.27013016,-0.7619536,-0.8054513,0.16846669
anaerobic_growth,-0.11221926,0.119532794,-0.6847592,0.0040115425,0.2406275,-0.1557153,0.6903348,-0.014829654,0.10293666,-0.112847194,-0.33410615,0.28307953,-0.7056683,0.18361153,-0.18771835,-0.64540637,-0.16270183,-0.19534881,-0.4519857,0.2308882,0.3927753,0.33798042,-0.36042926,0.48477647,0.099881604,0.21423376,0.09783997,-0.40119454,-0.09537104,0.027310088,0.44312224,-0.13914952,-0.26336262,-0.030437939,-0.21834439,0.3588589,-0.10501979,0.19846733,0.31959823,0.100108005,0.38453212,-0.27213132,0.6819418,-0.19777238,0.33860084,0.08897912,0.6441051,0.30081356,0.09557799,0.05728519,-0.45270073,-0.31120893,0.2576554,-0.26328778,0.84931135,0.20512275,-0.0411938,0.5780798,-0.5895036,0.15052408,-0.308024,0.4295714,-0.27276143,-0.11996987,0.010365449,-0.49281654,0.33767924,0.10759831,-0.681036,-0.27215207,0.12415003,0.2769485,-0.09928398,0.058607105,0.17360963,0.1994408,-0.30037525,0.0029591322,-0.074228555,-0.61265033,0.21943589,-0.1904304,-0.4452359,-0.29727522,-0.0140386475,-0.41237494,-0.017885765,0.0057542725,-0.25888956,0.9061473,-0.7392802,0.32040855,-0.98807245,-0.4747993,0.86719733,0.42497006,-0.2729285,-0.7636914,-0.7743417,0.13524699
drug_efficacy,-0.20746349,-0.6509895,-0.19323666,0.088247724,-0.09703008,0.8535405,0.08578617,-0.594654,0.4887498,-0.42159125,-0.5455153,0.03539938,-0.19189733,0.16181934,0.27143487,-0.27216235,0.04516822,-0.21321031,-0.6971336,-0.099596925,-0.14941387,-0.08792656,-0.19026896,0.7751772,-0.28455368,0.2511487,-0.29823703,0.51788473,0.15301341,0.3903247,0.2813872,-0.025030227,0.67316383,0.23821022,-0.40367886,0.23233835,0.01011565,-0.74433964,0.24308242,0.8406082,0.27412635,0.26029387,0.77923495,-0.1671007,0.7338172,0.41681793,0.5298479,-0.22297584,0.52516866,-0.3053454,-0.16766055,-0.59276503,0.20201795,0.8417385,0.3917182,-0.15859537,-0.6056392,0.9299612,-1.2350619,0.64439505,-0.3446415,-0.48599663,-0.2647161,-0.12733898,-0.34729296,-0.14613652,0.10323738,0.10860658,-0.21330029,-0.43146074,0.5951686,0.15377924,-0.39936018,-0.16209064,-0.22415826,0.32733253,0.55205154,-0.17947426,0.19701561,-0.20956072,0.35272214,0.1459955,-0.28948814,-0.024937589,-0.6568164,0.061097205,0.09154978,-0.27289534,-0.3657922,-0.004815873,-0.47328663,0.23385148,-0.4627902,-0.03343219,0.4142355,-0.0021112047,-0.38749418,0.46647325,-0.3730472,0.34398514
corpus_striatum,-0.07313994,-0.4777819,-0.36299828,-0.1899954,-0.12723693,0.86883384,-0.07348166,-0.6077668,0.06194915,-0.4199709,-0.36521187,0.17808595,-0.36328697,0.6214347,-0.0067964285,-0.24562767,0.34898347,-0.28015864,-0.33927646,-0.5061883,0.029943807,-0.15101032,-0.15746626,0.5305598,-0.10911822,-0.0068448377,-0.72357655,0.90327597,0.08862164,0.047765136,0.3382134,0.04503704,0.5198728,0.50337297,-0.045647226,0.59926856,0.05952425,-0.6761894,-0.07085271,0.8344405,0.1812171,0.19056815,0.48478025,-0.12232605,0.7410801,0.6064193,0.70252997,0.25035766,0.22783521,-0.28375572,-0.18035737,-1.5666267,0.1182378,0.61327404,0.77271825,-0.17759903,-1.0002044,-0.23811229,-0.8199049,0.6468616,-0.60568833,-0.5636676,0.116839685,-0.032520805,0.15558343,0.047801714,-0.18089516,-0.28210136,-0.32857168,-0.4409687,0.49468443,0.11046118,0.366854,-0.3501571,0.19921069,0.089890815,0.116279535,0.21512732,-0.32907197,0.10663607,-0.14072931,0.3523238,-0.20722398,-0.06428831,-0.38330647,-0.0564649,-0.28039223,0.18118154,0.24132091,-0.16072904,-0.58305216,0.49990273,-0.13463444,-0.683789,0.25761792,0.22474909,-0.5414643,0.60914326,-0.06001451,0.19808137
biofuels,-0.8292919,-0.33203384,-0.13200666,-0.18246517,-0.5201967,-0.14228052,0.7030772,0.5155501,0.0072133574,-0.43650803,0.11390529,0.25716546,-1.1390305,0.48192215,-0.2569892,-0.70535433,-0.22419083,-0.32848486,-0.27738786,-0.1315058,0.78059137,0.28149128,-0.57223815,0.41679627,0.028675951,0.48093253,-0.0004221687,-0.05524701,0.57076424,-0.07703378,0.026737697,0.009840354,-0.47244304,0.47048518,-0.23548342,0.075770386,0.17832197,-0.23541892,-0.07527292,-0.03896715,1.0140253,-0.292334,-0.13801295,-0.54250395,0.16344148,-0.15866327,0.43317163,0.38735548,0.25747094,-0.039869074,-0.7144335,-0.47164136,0.33343473,0.04580379,0.83187884,0.017007293,-1.049239,0.63698137,-0.7518273,-0.40824184,-0.25453898,0.48599732,-0.41262093,0.3755879,0.18698648,0.5127022,0.5030496,0.03211443,-0.3712056,-0.24477683,-0.047070205,-0.47914356,-0.16964963,-0.37429133,0.5093221,0.34409794,-0.51346767,0.1298432,0.39709157,-0.59096175,0.24696507,-0.19336377,-0.1301,-0.14089748,-0.23101898,-0.4897862,-0.1692924,0.44905087,0.11146506,0.8775189,-0.5464859,0.34949002,-0.7887213,-0.8475178,0.88399935,0.21034734,-0.55351514,0.20261838,-1.019691,0.21103454
genetic_analysis,0.26642606,-0.5643474,0.16622965,0.34227663,0.0412814,-0.51189166,0.7829684,-0.35995626,0.56034124,-0.060760632,-0.9498293,-0.06989515,-0.19784029,0.18331268,-0.92539805,0.06776641,0.43376872,-0.2898638,0.2162545,0.12670076,0.69441605,-0.10118742,-0.010972417,0.3414313,0.18693487,0.3075345,-0.005999132,0.19622444,-0.078756504,-0.44929588,-0.0122485375,-0.97999,0.33392584,0.17799544,0.05939039,-0.5014001,-0.01185853,-0.22349353,-0.091051005,-0.2517382,0.4698595,0.35197598,0.040886562,-0.07355965,-0.35749727,-0.16868907,0.21291177,-0.30584013,1.0126656,-0.23054041,0.07542544,-0.22498426,-0.049860768,-0.62969404,0.2477214,-0.18277064,0.5335764,-0.13063243,-0.17542122,0.7779485,0.41244778,-0.15215015,-0.24021329,0.33021513,0.532454,0.5663442,0.23339665,-0.38527265,-0.5388889,0.11918556,0.18677413,-0.21788047,-0.21445665,-0.21463923,0.118071884,-0.46029997,0.5387914,-0.006922893,0.44182447,-0.20064144,0.02433696,-0.43256095,-0.49383354,-0.34612656,-0.31170788,-0.035722032,-0.22598264,-1.0051353,-0.88948375,0.57638615,-0.1831554,0.21618755,0.014905338,-0.8868237,-0.26747817,0.12638196,0.27003202,0.31223056,-0.7222398,-0.038847312
x__ray_diffraction,0.4414208,-0.12575544,-0.5603132,-0.010140846,-0.6036642,0.28799793,0.37523353,0.4584216,0.23475352,0.40378618,-0.36694697,-0.18837638,0.43516356,0.2022939,-0.10217954,-0.44790274,0.58092004,-0.82886606,-0.038999304,-0.2944435,0.40797755,0.5271615,-0.30918548,0.23153928,0.17321064,0.35412285,-1.1216187,0.0533845,0.02710451,-0.4021545,-0.028313652,-0.5098452,-0.21713927,-0.23563132,-0.09156151,-0.09838637,0.4944519,-0.32971716,-0.47513452,0.31747097,-0.9677287,0.31430414,0.75053114,-0.93182015,0.24307933,0.08398531,-0.66713697,-0.057032578,0.103101686,-0.51145,0.054762125,-0.44807097,-0.11033191,-0.232567,0.4297901,0.40487516,0.023389146,-0.101115674,0.26818746,1.0642,-0.20462196,-0.523346,0.48520163,0.13545929,1.1675768,0.43084022,0.2565718,-0.35486254,-0.18156669,-0.91196537,0.17957468,0.03390437,-0.36147103,0.20501094,0.63551813,-0.06378259,-1.0426533,-0.046003066,0.6540797,1.0130854,-0.010139547,-0.10434018,-0.92884916,0.07515432,0.042990513,-0.5814614,0.4094843,-0.12474324,0.26778144,0.9117552,-0.6770713,0.2661267,-0.17318131,-1.5819753,0.14900313,0.6123763,-0.70810634,-0.115941964,-0.43221468,-0.22139022
crystalline_structure,0.18417263,-0.37491295,0.5781371,0.23381346,-0.70094234,0.31815594,0.50194675,0.49217463,0.12539402,0.05119571,-0.8343498,0.017242372,0.53263205,0.021553084,-0.13984174,-0.9823156,0.7761213,-0.11721818,0.18511026,0.035004318,0.080840126,0.23429188,-0.36055776,0.30512,0.25368655,0.41379726,-0.8833029,-0.15227255,0.6869573,0.013413284,-0.04385697,-0.60111797,-0.31903645,-0.47522876,-0.19287711,-0.21697797,0.64339775,-0.2661329,-0.44360727,0.5637705,-0.61942405,0.07727224,0.9344551,-0.7996292,0.13617043,0.27687937,-0.18305416,0.07967617,0.12868221,-0.22886054,-0.23236632,0.15869547,-0.9001201,-0.027009735,0.6964784,0.3103282,0.33941087,-0.18569395,-0.05447371,0.8827881,0.17840277,-0.43636483,0.05761827,-0.009198581,0.73203814,0.25778064,0.768779,-0.66840047,-0.4752963,-0.45407903,0.016476888,0.11745958,-0.2112279,0.5268037,0.06524653,-0.4053248,-0.45253944,0.15462704,0.74640316,0.737719,0.122700304,-0.00032408873,-0.59360206,0.5813364,-0.32175806,-0.4471111,0.47847292,-0.11269582,0.31888676,0.7907721,-0.7625208,0.5137521,-0.012764839,-1.1440405,0.06969751,0.33361223,-0.56081694,-0.42690587,-0.7701596,0.51041466
genome_wide_association_study,0.605934,-0.46974382,0.34530705,0.03145401,0.03754607,-0.16415341,0.89358497,-0.38291067,0.7385526,-0.12543839,-1.247477,-0.29707927,-0.18457751,0.030152056,-0.87611663,-0.27998576,0.5352422,-0.42131254,-0.12858088,-0.04582564,0.8452416,-0.04025126,-0.28525448,0.8026941,0.149084,0.67952985,0.11193618,-0.13216707,-0.32970655,-0.35041606,0.061250903,-1.1643857,0.102083184,0.15624571,0.07139921,-0.48254198,-0.08472271,-0.2343706,-0.1317158,0.038976558,0.20257223,0.32974464,0.23784564,0.053994887,-0.41047043,0.01914167,0.5408057,0.2513482,1.3184206,0.088254295,0.036343183,-0.16420771,-0.23867114,-0.52751,0.0034945433,-0.14589891,0.117364325,-0.34020114,-0.22704503,0.65313804,0.48273247,-0.12647672,-0.6792383,0.14242595,0.30953363,-0.25904864,0.13050911,-0.3625306,-0.8014822,0.39471057,0.044123095,-0.21505365,0.24127162,-0.1233864,0.51642585,-0.71589404,0.6828946,-0.27646235,0.11340971,-0.3924068,0.40025562,-0.4910513,-0.62868774,-0.36547884,-0.1919801,-0.26660338,-0.08954797,-0.79229957,-0.5803597,0.7052285,-0.33244762,0.64544904,0.16771835,-0.44314486,-0.2271457,-0.003370257,0.5908109,-0.079655536,-0.7990721,0.0714952
singular_value_decomposition,0.12927854,-0.18312663,-0.25189316,-0.137567,-0.14042206,0.12304173,0.03351587,0.13198258,0.032050386,0.0039317175,-0.16860758,0.14380574,-0.1369465,0.21145733,-0.08197883,-0.9097879,0.025576906,-0.23565994,-0.13685979,-0.21701059,0.19859205,0.340596,-0.3789625,0.39486405,0.13477238,-0.027979273,-0.51219565,-0.07243524,0.17418829,-0.5658726,-0.058288235,0.06162201,0.23533782,0.07854314,-0.05452218,0.15545815,0.18883163,-0.6706555,-0.112967454,0.12040079,0.1803902,-0.022128426,0.5207022,-0.31039178,-0.5415388,0.4362166,-0.33622262,0.12195847,-0.20129754,-0.43103176,0.006689529,0.0019483059,0.6413455,-0.09185403,0.3877944,-0.038745902,-0.35293853,0.1644143,-0.025232822,0.08887191,0.036122143,0.0043830606,-0.024615811,-0.020241844,0.48989365,0.6320096,0.15542562,0.035598338,-0.050665647,0.04094697,-0.10722266,-0.1047341,-0.38377097,-0.041394692,-0.07710211,0.24460901,0.013408011,0.26127765,0.61677194,0.02964873,-0.15487504,-0.10969045,0.16599675,-0.30074602,-0.25851825,0.09614028,-0.062128797,-0.10965713,0.1549261,0.19366805,-0.42533404,0.38388762,-0.6283893,-0.36740658,0.19202772,0.03932904,0.016531441,0.28513902,-0.36573872,-0.1515668
nitrification,0.023192406,0.18325812,-0.44992474,0.5012476,0.16968764,0.5054541,1.0938128,-0.27816397,-0.10346317,0.43534604,-0.6451962,0.59613806,-0.5273237,0.14751303,-0.18039533,0.07682987,-0.2610311,-0.88065726,-0.50841016,-0.38352132,0.23874588,0.18887731,-0.09565307,0.5512306,-0.3041054,0.030314442,0.2113704,-0.7977965,-0.4652556,-0.54333436,0.042763755,-0.36081523,-0.48763353,0.4650201,-0.45292872,-0.27707818,0.2005814,0.6823204,0.1613828,-0.16091843,0.8708779,-0.19368681,0.2766812,-0.3819053,0.45338047,0.36873466,0.032080553,0.57107574,0.5479486,-0.045812387,-0.33770618,-0.5755629,-0.34097704,-0.30065984,0.8929691,-0.13150664,0.09926712,0.86183083,-0.5048561,0.64754856,-0.26459312,0.68277234,-0.016443575,-0.014293599,0.26281,-0.3969602,0.19814414,0.1023733,-1.0976222,-0.36330488,-0.4364795,-0.19339074,-0.12098843,-0.39538407,0.8476842,0.0070018135,-0.5063067,-0.10563771,0.07865333,-0.35743025,0.42912188,0.099178806,-0.5227208,-0.44099477,-0.30562216,-0.44728187,-0.16648345,-0.16404632,0.113730624,0.8511129,-0.5941645,0.4715611,-1.0271249,-0.66807646,0.3995228,0.18214978,-0.2656379,-0.09506195,-0.37931064,0.8236304
steady_state,-0.094959356,-0.07069381,0.15679288,0.32306758,-0.47422785,0.07641298,0.7555455,0.08316785,0.16419524,0.09858403,0.031452414,0.4417957,-0.74465257,0.35056138,0.101928234,-0.35753918,-0.029090606,-0.56309754,-0.13051479,-0.20489109,0.17794745,-0.043253418,-0.3878746,0.28041467,0.21795553,0.516656,0.029061774,-0.47932673,0.10696286,-1.0192322,-0.66132057,-0.6092221,-0.25486046,-0.05474893,-0.001713579,-0.62911034,0.3752094,-0.0842405,0.093467146,0.08431361,0.7659434,-0.30415708,-0.34708026,-0.17207415,0.24893281,0.09006114,-0.21724552,0.7363955,0.6621223,-0.20827599,-0.53459275,-0.5178341,-0.20085596,-0.40806565,0.9336281,-0.10111844,0.2169231,0.45609298,0.09279152,0.66595876,-0.25565684,0.6826424,0.449844,0.18259783,0.68986994,-0.04710374,0.1647484,0.3610747,-0.9145371,0.228684,-0.742971,-0.39421967,0.21446101,-0.11627429,0.44275266,-0.5049355,-0.33090812,0.24842665,-0.13125014,0.20159873,0.17136005,-0.17423338,0.079678014,-0.6134983,-0.17857209,-0.262342,-0.097012974,-0.24598464,-0.014353021,0.4208392,-0.5868025,0.7168656,-0.49153918,-0.5034248,-0.26268694,-0.13260886,-0.24886474,0.45986262,0.21389522,0.53128284
metabolite,0.40043452,0.12073175,0.52167314,-0.030018462,0.129744,0.107576825,0.68019015,-0.033556152,0.6253655,-0.20821482,-0.87395126,0.33462256,-0.14574213,0.37738207,0.36677253,-0.6517123,0.3450186,-0.6765998,-0.015955025,0.042458594,0.11229556,0.38284224,-1.0491899,0.18264586,0.2685024,0.57291925,-0.13023117,-0.5147066,0.10197523,-0.74508816,0.22929013,-0.99509966,-0.052961275,-0.57982826,-0.093996786,-0.7454111,0.028154435,-0.99326634,0.118695505,0.32903963,0.27770072,-0.100446165,-0.009942271,-0.3181445,-0.30688635,0.31884983,0.05473183,0.71301895,0.042920027,-0.35840455,-0.020953681,-0.26593524,0.63661325,-0.15456723,0.5856674,-0.6375542,-0.051664565,0.8417373,0.29832083,0.39543143,-0.38585645,-0.124034606,0.19572006,-0.49753714,0.34748363,-0.3854596,-0.371861,0.8036608,-0.7969784,1.1502001,-0.8056545,0.5232024,1.0264924,0.013191016,0.16512324,-0.42388487,0.3309641,0.5860128,-0.5605522,0.6327189,0.24880724,-0.63358605,0.07274158,-0.17911379,-0.5228501,-0.31328532,-0.16125306,0.14844738,-0.00030302073,0.48231438,-1.0302287,0.81807494,-0.6160677,-0.3038239,0.09868366,-0.40106663,-0.37802672,0.5375703,0.32739612,-0.31516048
membrane_channel,0.048717253,-0.12635489,0.28696314,-0.10889763,-0.5592949,0.015427046,0.44821024,0.14341494,0.4789122,0.16073859,-0.016542617,0.22412236,-0.68590355,0.5125581,0.05678565,-0.6046416,0.089676246,-0.4883726,-0.05373854,0.29446784,-0.048601992,0.100114904,-0.5115972,0.062232688,0.5264113,0.2567816,-0.19622487,-0.22072122,0.22772563,-0.6783246,-0.59178543,-0.43868268,-0.22968534,-0.12030412,0.060698193,-0.7304826,0.23230083,-0.6249545,0.18966542,0.3065039,0.50487846,-0.18472278,0.06768591,-0.33251286,-0.02932119,0.14065887,-0.15856756,0.7267096,0.42437297,-0.29680952,-0.16493858,-0.6661968,0.08543464,-0.23738922,0.84354264,-0.31659538,0.03603573,0.38431454,0.20008847,0.37702,0.025750099,0.46079272,0.2112381,0.16510496,0.6420406,0.24319674,0.018564697,0.7123605,-0.3612035,0.6573502,-0.07239243,0.17558873,0.033683464,0.22573593,0.12263285,-0.29581523,0.1251469,0.46938208,-0.117288224,0.0703852,0.28999317,-0.24526533,0.08872444,-0.5050951,-0.24725291,-0.15181024,-0.13580039,-0.1399049,0.037467226,0.41898164,-0.5041336,0.95673764,-0.46753144,-0.4198789,-0.1260564,-0.3460932,-0.06663109,0.35233113,0.18404444,0.39236337
diffusion_resistance,0.06620287,-0.108755834,0.2931756,-0.08338208,-0.5761674,-0.015820624,0.42353413,0.17809197,0.4547903,0.1436387,-0.038616225,0.17197388,-0.6484036,0.5554212,0.056367297,-0.58937776,0.07861131,-0.4559384,-0.07259343,0.34548888,-0.03558941,0.101124704,-0.5182216,0.07995682,0.562259,0.31643653,-0.14537868,-0.21269466,0.20202333,-0.7167741,-0.58242714,-0.46508563,-0.19605297,-0.12465324,0.06459273,-0.70385677,0.20842128,-0.6498825,0.18887144,0.33431435,0.52920425,-0.20711297,0.05875231,-0.30346802,-0.0019590782,0.14139485,-0.1330843,0.7849933,0.45128596,-0.28215542,-0.14676115,-0.70991504,0.042619616,-0.24299067,0.7932638,-0.2732326,-0.011885275,0.41397452,0.22007756,0.3835458,-0.025299486,0.514727,0.15531868,0.19158515,0.6379533,0.20421939,0.05346601,0.6995825,-0.36571598,0.7191909,-0.0990509,0.12998068,0.054343954,0.20860696,0.12537368,-0.3105635,0.1621392,0.44234672,-0.11127948,0.076728515,0.3018343,-0.23613703,0.09902754,-0.46280178,-0.24241635,-0.14588435,-0.14038034,-0.11493097,0.06313642,0.37252316,-0.49936014,0.9518365,-0.4499457,-0.41548595,-0.120984435,-0.34225354,-0.122924834,0.39845833,0.22227578,0.420013
matrix_algebra,-0.034256883,-0.1052181,-0.53068656,0.42059794,0.16073501,-0.5560231,0.43325758,0.25239083,-0.31772372,0.14490908,-0.16161177,-0.06672851,-0.68662167,0.2517947,0.2592822,-1.4526565,0.4036551,-0.18162467,0.3892022,-0.080939166,0.03911175,0.41305274,-0.24619667,0.99392366,-0.018385148,0.07143666,-0.28089428,0.079846516,0.0453813,-0.3400922,-0.22332558,0.3381412,-0.035132352,0.024899531,-0.37119386,0.29443863,-0.10510071,-0.80644315,-0.19492792,0.08570684,-0.1004336,0.10991076,0.08142888,-0.07886555,-0.3095881,0.49483368,0.21739103,0.3126859,-0.3233336,-0.25805998,-0.5210439,-0.40819487,0.5338159,0.09086307,0.8004142,0.18659464,-0.106830195,0.28464666,-0.47058898,0.3137267,0.18975292,-0.08571187,-0.3904723,-0.13518049,0.29559445,0.17446706,0.53473866,0.0047189305,-0.22564866,0.17124006,0.46428055,-0.6969878,-0.4270201,-0.2872584,-0.115519345,0.015356572,-0.09028158,0.057323888,0.47874624,-0.019304127,-0.3187848,0.02794665,-0.08299904,-0.2696599,-0.5150559,0.14274889,-0.010617907,-0.122325204,-0.56068474,0.22097117,-0.33163908,0.12999797,-0.4534578,-0.5013401,0.06877591,0.43025354,0.209705,0.26260585,-0.81344974,-0.010449734
progesterone,-0.22673246,0.29353702,-0.55213434,-0.15803038,-0.80925506,0.57994014,-0.062265996,-0.0011116712,-0.5225982,0.24498087,-0.7406742,0.34977475,-0.39223003,0.51462895,-0.15446468,-0.46180588,0.6773102,-0.60991234,-0.44286075,0.00383,-0.6071572,0.563342,0.11696849,0.0993957,-0.2692648,-0.05991863,-0.7575993,-0.5844293,-0.035430737,-0.5696657,-0.46258438,0.17665967,-0.10847817,0.36134452,-0.32597,0.2830333,0.637273,-0.64683974,-0.019603187,0.8334837,0.02760333,-0.18727611,0.85320324,-0.20291473,0.2100664,0.6545223,-0.19799367,0.24436477,0.22333321,-0.54601926,-0.27861753,-1.4804066,-0.33064437,0.5909782,0.07160617,0.32500944,-0.55159533,-0.34043756,-0.07127077,0.50397694,-0.513449,-0.06372408,-0.30189627,0.68237436,0.7125444,-0.2360715,0.10363036,0.054929,-0.6998372,-0.120098144,-0.05239202,0.26245198,-0.55621445,0.06511568,0.43269855,-0.33349907,-0.40175685,0.24658473,-0.6488787,-0.036815315,0.5854655,0.10669536,-0.12949984,0.50248915,-0.23637155,0.2488845,0.24112578,-0.11636422,0.3290186,-0.09492898,-0.13002208,0.92525226,-0.14730161,-0.008539869,0.21374257,-0.5882916,-0.062597685,0.45367476,0.13965096,0.4119047
brain_region,-0.31509763,0.08576379,-0.25879407,-0.19470055,-0.2834121,0.46713597,-0.2993746,-0.33735916,-0.42112732,-0.15043305,-0.7713498,-0.058721665,-0.05813395,0.6628568,-0.6373388,-0.563661,1.0163909,-0.14077306,-0.44421253,-0.16924159,-0.16404633,0.11967,0.047718883,0.46918634,-0.2612663,0.11887799,-0.6265773,0.40306628,0.09070609,-0.13827868,-0.54393816,0.13864712,0.3406875,0.21222545,-0.18939646,0.6907525,0.47558287,-0.6830419,-0.25365102,0.735496,0.27056697,0.18832189,0.711948,-0.08124877,0.7035093,0.43093753,0.8328918,0.30692878,0.37587777,-0.3492986,-0.32728413,-1.2620248,-0.27395633,0.85433936,0.21119368,-0.023438929,-0.8216118,-0.40365407,-0.33729768,0.60803354,-0.8029377,-0.09355618,-0.5429995,0.17923388,0.08247857,0.010973045,0.086927466,-0.58874184,-0.81264746,-0.14086029,0.23079707,0.13045482,-0.16705547,-0.25656408,-0.1211621,-0.023212114,-0.17509098,0.25531787,-0.035292216,0.16948985,-0.15618362,0.14336681,-0.43364736,0.39636976,-0.45906293,-0.029255478,-0.20346025,0.0049187546,0.40532964,-0.5046453,-0.1711592,0.3138261,-0.17381914,-0.62681115,0.01050444,0.31444618,-0.27131122,0.24864177,-0.061762016,0.36491087
classification,-0.31788933,-0.16948661,0.08316991,0.08272827,-0.32477283,-0.32881534,0.6346761,0.2119729,0.058279205,0.5686956,-0.5678486,0.31421337,-0.36356267,0.62213343,-0.39494124,-0.25625697,0.40158,-0.3884715,0.19212683,-0.15758859,0.18668734,0.46807757,-0.6042101,0.7811196,0.25603148,-0.38291702,0.14752233,0.15292218,-0.1790176,-0.05008352,-0.21702966,-0.111722074,-0.2576401,0.10529737,-0.12863998,-0.5696584,0.38299572,-0.19429955,0.011096542,-0.2111837,-0.107535645,-0.097162984,0.3555767,-0.06485104,0.12718008,0.3102269,-0.019607803,0.18713441,0.6359527,0.2212195,0.20030083,-0.5854203,0.18504314,-0.28108004,0.45595285,0.15095848,0.17111972,0.5327254,-0.7415332,0.36891237,0.25110433,0.35822338,-0.8064439,0.19747637,-0.39190313,0.18237104,-0.00066383416,0.008010151,-0.49225688,-0.28105557,0.84170914,-0.36485454,-0.9372695,-0.9302925,-0.06673113,-0.18492016,0.21430697,-0.047344774,0.4677464,-0.47307056,0.1022717,-0.19981396,-0.35223138,-0.34917027,-0.19028734,0.0051618246,-0.3888163,-0.32054856,-0.4004828,0.18463333,-0.15077713,0.1960954,-0.16618055,-0.15233989,-0.16655552,0.008301656,0.061712593,0.11825653,-0.5266996,0.34831727
fluorescence_intensity,0.04914583,-0.61527795,-0.26120612,-0.30308542,-0.17924868,0.4124947,0.23637149,0.29484406,0.418959,-0.20936744,-0.5485647,0.30880547,-0.3229481,-0.031338416,0.16307625,0.04726051,0.22265844,0.43470272,-0.5322161,0.069522455,-0.070904516,0.47452942,0.15729988,0.9748092,-0.2874403,-0.25954288,-0.59856737,-0.011016949,0.14060193,-0.5730195,-0.15029094,-0.16411568,0.25258967,0.16928805,-0.49505863,0.35346588,0.026017189,-0.5366448,-0.47733855,0.7138705,0.24192989,0.49834988,0.49104813,-0.43889722,0.31227332,0.09855727,-0.49247476,-0.03568256,0.16715078,-0.8904084,0.00068648596,-0.5909316,-0.056025572,-0.394608,0.59148484,0.16350964,-0.13829248,0.5650843,-0.017347336,0.43526885,0.18755999,-0.22926569,0.60443395,0.23525111,0.68288004,-0.05769358,0.3182869,-0.24997714,-0.022438973,-0.1680372,-0.2949309,0.281241,-1.1144938,0.32571873,0.32811105,0.8001921,-0.28955057,0.14161502,0.8776105,0.23171197,-0.043103267,-0.2697726,-0.14834276,0.20907205,0.14328873,0.183032,-0.08761911,-0.6893051,-0.0626884,0.29711783,-0.87611645,0.31843096,-0.3316503,-0.37033963,0.6442096,0.14981017,-0.70573366,0.034703273,-1.3344758,0.3280672
fluorescence,-0.043698248,0.044259015,-0.8546452,0.27961236,-0.41098052,0.11710432,0.4459805,-0.014646641,0.35444623,0.32901114,-0.36750424,0.5590608,-0.59143037,0.014653048,-0.5134042,-0.3902421,0.64051837,0.09780374,0.013814196,0.64385575,0.08063038,0.41223592,-0.33632126,1.0664823,0.016373143,-0.49420026,-0.2997256,-0.045099914,-0.06269199,-0.5554314,-0.121012256,0.121859446,0.34878898,-0.14633584,-0.5101468,0.6640418,-0.7170542,-0.14826533,-0.31462413,0.5582307,-0.33429858,0.22840266,0.14910273,0.20447056,0.2519376,-0.23619135,-0.41062146,-0.099310614,-0.18745445,-0.4437603,0.037984744,-0.54817003,0.4266549,0.17472126,0.7125674,0.74915165,0.09018328,0.071498916,-0.09548111,0.3342887,-0.06094392,-0.0043748855,0.053581804,0.4015158,0.84582746,-0.07456433,0.31647846,-0.2894665,-0.0031022872,-0.10434799,0.022646802,-0.016066678,-0.9290126,0.054813042,0.16622761,0.8358339,-0.14205782,-0.14804745,0.45088795,0.11065922,-0.09376727,-0.6451925,-0.20247093,-0.13107108,0.07033055,0.29817027,0.4818451,-0.047364954,-0.13412517,0.33973953,-0.39780444,0.015517442,-0.9007477,-0.50606894,0.6156714,0.08540877,-0.34765208,0.2867929,-1.1097795,0.04876637
vasculotropin,0.67139375,-0.40956175,-0.07463031,-0.08642092,0.44381034,0.35461617,0.58619547,-1.1153898,-0.40016365,-0.30005088,-1.1405047,0.25707126,0.24955752,0.9793369,-0.23705414,-1.0903652,0.99847424,-0.77133346,-0.5664092,0.050821636,0.45591623,0.89946085,-0.31782392,1.1947964,0.3475975,0.13678943,-0.1871695,-0.83726615,0.2917385,0.40583628,0.24251327,0.11558486,0.5966033,0.4628882,-0.42037013,0.3630549,0.13534184,0.04093453,-0.21819039,-0.15256324,-0.49932674,0.12092899,0.88568556,-0.24554256,0.37173146,0.6330456,0.5554104,1.299549,0.3957566,-0.48139775,0.13677807,-1.2241536,-0.2279131,0.51141953,0.74383646,-0.4723613,-0.81101716,-0.113773264,-0.20308386,-0.07380832,0.2085303,-0.51606756,-0.95045006,-0.297406,-0.0747155,-0.21892978,-0.47493365,-0.7346939,0.01145805,0.06957234,0.3474891,0.7108306,-0.02871339,-0.77725303,0.0962313,0.08392095,0.55462366,0.34243095,0.2227555,-0.41934815,0.2055473,-0.09690266,-1.1504405,-0.175469,-0.60631555,0.14221399,-0.200406,-0.17361814,0.27739888,0.011454673,-0.75647163,0.38260013,0.13907827,-0.63216215,0.41907662,0.47581032,0.08171707,0.36603454,-0.8203228,0.45746848
protein_processing,1.1520605,-0.16221842,0.06531055,-0.43170416,0.4204806,0.2733818,0.5828784,-0.6544373,0.18918109,-0.37084764,-1.171806,0.12181596,0.13365927,0.25948137,0.07216639,-0.60132086,0.52457315,-0.3767795,-0.66085166,-0.36520377,0.14693931,0.7152559,-0.7841196,0.5343756,0.33973318,0.13582659,-0.5884496,-0.2157856,-0.0886279,0.19108824,0.97379595,-0.101819806,-0.23804422,-0.04975184,-0.6185561,0.38951468,0.40651354,-0.1183709,-0.19560751,0.36893836,0.0206618,-0.08773813,0.7733108,0.026328154,0.6077781,0.6264855,0.0053193914,0.6226199,0.095786825,-0.39891362,-0.22591296,-0.21875197,0.43688577,-0.050319158,0.6712935,-0.704633,0.13465145,-0.189516,-0.546002,0.46759048,0.5059657,-0.70014733,-0.121309854,-0.45492688,0.35986993,-0.5588387,-0.26232037,-0.16231333,-0.335132,-0.37697852,0.30957723,0.6073564,-0.280688,0.2049901,0.32133323,0.0075861653,0.481284,0.608085,0.41504443,-0.58902013,-0.43691683,-0.12232008,-0.41379425,-0.34212512,-0.04767044,0.41954115,-0.18500572,-0.33878455,-0.03972334,0.5836943,-1.115399,0.4959298,0.112149864,-0.12648354,0.49123776,0.08148252,0.5664869,-0.28856042,-0.90223086,-0.19468555
differential_expression_analysis,0.6587202,-0.41612235,0.05107014,0.1274781,0.29375255,0.22983941,0.7718256,-0.7963152,-0.09558924,0.08303818,-0.9729706,0.14412309,0.4063338,0.41165364,-0.21192726,-0.69354725,0.58231485,-0.35462213,-0.21103218,0.0197806,0.57807034,0.5026608,-0.5215477,0.87759995,0.31747946,0.31448856,-0.27783972,-0.6188627,0.0870483,0.20443569,0.36231863,0.011211158,0.282748,0.12983222,-0.5162324,0.041232027,0.09506858,0.16035286,0.06696138,0.09532256,-0.54623955,0.061017912,0.4866052,-0.41896942,0.41151932,0.52850837,0.42293444,0.6534471,0.35788977,0.05979893,0.18042226,-0.63447624,-0.28836548,0.13905731,0.32849857,-0.44965488,-0.38846093,-0.13494684,-0.33810225,0.0040984736,-0.03218983,-0.32825837,-0.87928724,-0.07962274,0.034952812,-0.22051293,0.17336881,-0.6221875,0.25157595,-0.19369535,0.08546074,0.15022364,0.101001,-0.6627932,0.4451922,0.009967577,0.6498913,0.25738248,0.281205,-0.506016,0.18894586,-0.16687393,-0.74609816,-0.17040004,-0.2438566,0.06829719,-0.05391221,0.08549537,0.35090733,0.21152513,-0.6730836,0.3607742,0.19476895,-0.5681482,0.23150724,0.6617822,-0.26931387,0.11340965,-0.74845636,0.34069273
dog,0.1771444,0.52180976,0.16390906,-0.08019725,-0.21161927,0.025262747,0.37942946,0.018759428,0.69786394,0.5670945,-0.41796878,-0.090385094,-0.7825365,0.42110002,-0.069006786,-0.77972525,0.5787221,-0.8554045,-0.3618672,-0.022545038,0.24339886,-0.36746758,-0.7123197,0.07623567,0.07955475,0.19599965,-0.7788465,-0.09434053,-0.21074045,-0.14275827,-0.57779557,-0.6454617,0.17465284,-0.1516972,0.13778219,-0.48108813,-0.04003888,-0.24771923,0.01997958,0.13203135,0.1963293,0.39964902,-0.060404412,0.2975455,0.087820545,-0.41008893,0.23972021,0.670791,0.15837036,-0.20493154,-0.6385263,-0.88552445,0.10677185,0.14239407,-0.03880037,-0.48868454,-0.6093522,0.14600338,0.17687218,0.044840522,-0.19533423,0.21598242,-0.6748869,0.4218297,0.54882956,0.059555236,0.2279125,0.35885397,-0.41603097,1.0074458,0.45209673,0.10586727,0.24671148,0.44274688,0.14154759,-0.41489092,-0.2698342,-0.36254242,-0.3905577,-0.10533443,-0.18364197,0.24657509,-0.07887842,0.35432908,-0.58699244,-0.47438946,0.5774429,0.13304985,-0.6676889,0.22298974,-0.24272265,0.3542711,-0.41423357,-0.50173897,-0.38439152,0.040289998,-0.29789507,-0.2835024,0.2327883,0.31209967
bitch,0.06728944,0.59304756,0.117723316,-0.367749,-0.67713946,0.37306523,0.20496841,-0.020896155,0.18853624,0.42978802,-0.17383851,0.19595769,-1.0337036,0.44635555,-0.11944202,-0.76710093,0.85093445,-0.91722304,-0.6625984,0.004789668,-0.20899987,-0.039637227,-0.13133721,-0.06639296,-0.22970897,0.188715,-0.90157735,-0.3012356,-0.24145612,-0.021126347,-0.63309336,-0.28488863,-0.091109,-0.080037735,-0.030593073,-0.2852771,0.23778187,-0.3180876,0.16836615,0.3889298,0.11061561,0.2648285,0.41860333,0.050403472,0.098424956,-0.14312409,0.14743981,0.4407076,0.2722518,-0.25325856,-0.67729217,-1.4084324,-0.35554948,0.43103704,-0.007055036,-0.26348636,-0.76123685,-0.23793882,0.3976191,0.08741934,-0.18073326,0.2616553,-0.49180886,0.65989137,0.86918586,-0.18042952,0.22284207,0.24080186,-0.69538385,0.5608572,0.3697313,0.31926546,0.07264251,0.47825763,0.26066113,-0.5264841,-0.6621581,-0.07559076,-0.78693867,-0.15902036,0.3712286,-0.088923335,-0.1073725,0.33794302,-0.43944702,-0.35529125,0.6753395,0.14395449,-0.06451179,0.08614817,-0.16233262,0.6836694,-0.3535902,-0.33158502,-0.17088555,-0.49492982,-0.122982375,-0.21450321,0.24794331,0.4579499
urea,0.1858155,0.1559886,0.51308876,-0.51716864,0.46687907,0.2991776,0.49750164,-0.30191097,0.37540838,-0.83512294,-0.00877582,0.2865433,-0.16439733,0.09600176,-0.03627956,-0.7932128,0.61455536,-0.44248897,0.4585261,-0.40014672,0.15696326,0.31832364,-0.6562985,0.0049812538,-0.14874332,0.35611823,-1.1011676,0.36002472,-0.15559165,-0.6619762,-0.0402397,-0.7887966,0.43983975,-0.9869628,0.26921502,-0.27360114,0.435932,-1.0293812,-0.35549107,-0.05484761,-0.56310165,0.23823951,0.23289931,-0.010173704,0.27862787,0.06212521,0.21064709,-0.3051149,-0.21489783,-0.20829992,-0.33337155,-0.42295593,0.669989,-0.06301611,0.10269417,-0.4450346,-0.2723052,-0.00790309,0.06971235,1.0565276,-0.48336405,-0.82457215,0.38858357,0.13233265,0.4354351,0.012740593,-0.28749374,0.23154978,-0.4553668,0.57098496,-0.2563672,0.22293,0.98020834,0.1611722,-0.13533363,0.1118023,-0.22707126,0.14830588,-0.017623812,1.282088,-0.38604942,-0.589709,0.08044138,0.04711236,-0.9249309,-0.4520792,0.38566297,-0.13078856,-0.64631915,0.33613563,-1.2017039,0.29948646,-0.02368216,-1.0706103,0.20173128,0.0023746316,-0.913035,0.45496765,-0.08883563,-0.7921553
plant_seed,0.30072823,-0.24994183,-0.46515474,-0.083272815,0.071452685,1.1163876,0.28501388,-0.3358717,0.7889827,0.2895535,-0.17393766,-0.33886287,-0.0074102385,0.08575485,-0.27387726,-0.34973577,-0.15024544,-0.87414443,-0.5443457,0.22517201,-0.27904263,-0.05737214,-0.36416513,-0.58619714,0.1399114,0.2696091,-0.23627003,-0.32507858,0.03416023,-0.0010264115,0.13673225,-0.16726589,0.10703945,0.3552511,-0.22456236,-0.32827672,0.70765567,-0.24999568,0.41556594,0.04153799,0.5272379,0.3231616,0.6028976,-0.7281941,0.33074427,0.29410458,0.08040031,-0.1421631,0.357057,-0.6920339,0.009703378,-0.26042947,0.35736603,-0.14031613,0.42821613,-0.7382517,-0.10686012,0.21147001,-0.2537143,0.53144103,0.69312406,0.32888702,0.2713122,-0.09789564,0.35641664,1.0080113,-0.26662374,0.8370758,-0.2362984,-0.70868665,-0.2346503,0.41201943,-0.31667757,0.6905451,0.5220954,0.15980092,-0.45706567,0.6329889,0.4928516,-0.15250196,0.2955698,-0.14199428,-0.32212886,0.056052107,-0.46604988,-0.61766857,0.21509361,-0.41304284,-0.23950414,0.7874889,-0.68063873,0.65697485,-1.0435735,-0.49543267,0.066279665,0.38986745,-0.035520677,-0.51492155,-0.4333344,0.11714854
molecular_dynamic_simulation,0.017675348,-0.23046009,-0.46188313,0.32783824,0.14106174,0.8816806,0.10093815,-0.46076488,0.69379604,0.6366575,-0.34232435,-0.12893951,-0.34904948,-0.06381873,-0.19144939,-0.37648934,-0.04854194,-0.7259674,-0.53460515,0.010110714,-0.20257738,0.13108039,-0.7531005,0.04314408,0.31032687,-0.3225964,-0.59573454,-0.24311574,0.12804337,-0.29560816,0.18656231,-0.00049295544,0.2738999,0.5654098,-0.083945945,-0.13643691,0.8444138,-0.6603786,-0.05188709,0.41396168,0.5845006,-0.042471305,0.4741862,-0.11554218,0.2731724,0.22674227,-0.28210026,-0.034344837,0.16708882,-0.6346234,0.05310044,-0.4363209,0.68220276,0.033993173,0.38927692,-0.2741498,0.27680242,0.4416101,-0.51344657,1.0060998,0.4971394,0.23840897,0.53331554,0.57010597,0.55452603,1.0682979,-0.25317806,0.52789116,-0.2863895,-0.8705021,0.28574318,0.32499254,-0.8802648,0.4885729,0.36068484,0.37484854,0.26091808,0.44703302,0.48757532,-0.10546048,0.012946759,0.20063291,0.045944177,0.23043996,-0.6803807,-0.5232425,0.30801338,-0.7721785,-0.5126405,0.53225344,-0.6202115,0.7104276,-0.90157545,-0.40492493,-0.03966716,0.25761968,-0.1760947,-0.71825856,-0.45491558,0.3058268
cell_membrane,-0.32264075,0.26085073,-0.21487921,0.3705715,-0.33890945,1.0205675,0.57935756,-0.35863632,0.0012652073,0.43712068,-0.45012757,0.30606264,-0.14715704,0.120864965,-0.4099485,-0.089991644,0.048729055,-1.0206765,-0.90622,-0.6030946,-0.5677365,0.19543564,-0.0749811,0.2641224,-0.4813459,-0.17205645,-0.016400686,-0.51480496,0.18984188,-0.17241679,-0.1467209,0.026287487,0.21358444,0.5007634,0.046475004,-0.6097231,0.57758266,0.13050395,0.12798797,0.14170231,0.50307506,0.1559249,-0.03138665,-0.12813184,0.46993116,-0.50341564,-0.63777727,0.40194982,0.44254118,-1.0368322,-0.41768178,-1.2179638,-0.2349115,0.11266955,0.12734409,-0.7772088,0.29454488,0.74808335,-0.15423433,0.96276534,0.6231251,0.114171445,0.28691432,0.27180424,0.600545,0.7040262,-0.2750918,0.6227758,-0.7080057,-0.23771054,-0.5761581,0.04842322,-0.55652875,0.32996073,0.39751795,-0.68219525,-0.123481885,0.28842056,-0.3905743,0.15606691,0.43795562,0.22610515,0.24995379,0.13507032,-1.1144848,-0.30097523,0.18782343,-0.605606,0.014124723,0.23001328,-0.610912,0.4582829,-0.8439374,-0.04799294,-0.4561058,-0.121014684,-0.38419122,-0.09722938,0.3507995,0.9052808
perovskite,0.55860525,-0.050665125,-0.71689445,-0.2553177,-0.2503363,0.22605027,0.21162298,0.12896578,-0.28307715,-0.5643233,0.0062122303,-0.17898755,0.25256258,-0.015606144,-0.5468216,-0.405291,0.0061542243,-0.67890906,0.016789697,0.054609478,0.38014233,0.749675,0.062243376,0.32218745,-0.122056544,0.0020859148,-0.9412819,0.1795158,-0.059927806,-0.4573631,0.071969286,-0.15323511,0.12985304,-0.097541206,-0.029784016,0.42905188,0.2872702,0.10708107,0.1196051,0.19108091,-0.49073255,-0.013898151,0.7767105,-0.55246687,0.17180339,-0.23036109,-0.42535186,-0.3345768,-0.14132097,-0.37878227,-0.13497275,-0.38348097,0.114210874,-0.27715313,0.017192274,0.45702258,-0.7679633,-0.39334655,0.42799225,0.34919596,-0.09561778,0.046367373,0.11193994,0.39993897,0.7682804,0.39226854,0.112258784,-0.5523224,-0.28333375,-0.28867048,-0.033415616,0.09242945,-0.30125427,-0.15368196,0.45165828,0.17222404,-1.0872607,-0.22337152,0.27374226,0.29911336,0.014239599,-0.06180506,-0.2160205,-0.22674707,0.1377931,-0.17680563,0.64315236,-0.11591576,0.006556743,0.4299389,-0.6500887,0.28854573,-0.69047153,-0.9098676,0.58161306,0.044339962,-0.44475612,-0.3489258,-0.8065561,-0.09413833
oxidative_dehydrogenation_of_ethane,0.3278541,-0.23464876,0.10876837,-0.1918861,-0.66190034,0.70481884,0.6192447,0.14097677,0.3106851,0.21606444,-0.5403586,0.19940211,-0.2729295,0.70175725,-0.44550398,-1.0428575,0.47583273,-0.39368647,-0.15647557,-0.11855922,0.4665377,0.11435305,-0.23307626,0.65592587,-0.00092646107,0.46290728,-0.6025573,-0.27338836,0.077659115,-0.6994086,-0.48615003,-0.87635267,0.38330758,0.10814205,-0.4019312,-0.18522297,0.46773726,-0.48700306,0.18561022,0.4571266,0.03667807,0.12775035,0.768931,-0.8197686,-0.7617471,-0.1982494,-0.49357826,-0.012602647,0.3498939,-0.2759767,-0.505196,0.2277673,0.24371864,-0.058745548,0.2631929,0.35019514,-0.19751212,0.42253563,0.010667082,-0.18129316,-0.36163282,0.4658288,-0.41087547,-0.0688614,0.67017305,0.6947297,0.2990098,-0.53316003,-0.5639872,0.08188693,-0.6948166,-0.34925336,-0.33765116,-0.23849438,0.00027263784,-0.17105895,-0.5073323,0.05716039,0.8782155,0.35125232,0.23495932,-0.5759538,-0.51852417,-0.38667172,0.2246653,-0.0734777,0.24157181,0.40598184,0.6096195,0.44177264,-0.58608216,0.278901,-1.191053,-0.82634884,-0.21168703,-0.03996977,-0.14949659,0.3407957,-0.85484433,0.12610497
nickel_oxide,0.6797541,-0.17125137,-0.8544845,0.09707738,-0.67585874,0.5612307,0.38238484,0.37559444,0.28529495,0.35937983,-0.48477578,-0.35025296,0.0034333537,0.1848723,-0.11087109,-0.47315,0.2016185,-0.7366488,-0.47871602,-0.4144481,0.71403396,0.42709547,-0.17597589,0.27742898,0.0057984935,0.33393493,-0.7519139,-0.35156858,0.050761867,-1.0417757,-0.51415825,-0.8759615,0.1515607,0.02731688,-0.47908494,-0.08380288,0.60102165,-0.1842351,-0.24450271,0.27572677,-0.23229471,0.46627578,0.58168244,-1.3849707,-0.66830146,-0.02607258,-1.0043544,0.07891066,0.4186482,-0.5682104,-0.4752975,-0.014546045,0.3271582,-0.50941414,0.24962683,0.52787364,-0.29881346,0.50600636,0.0044578994,0.23113497,-0.52057666,0.058499992,-0.08817229,-0.009274821,0.9217492,0.77622527,0.34500292,-0.33928496,-0.49898618,-0.5958757,-0.4344113,-0.11706855,-0.44230375,-0.2235294,0.6750361,-0.34869832,-0.63557357,-0.12535574,0.832226,0.58819973,0.019174943,-0.32974637,-0.9790586,-0.5530373,0.14426845,-0.16607815,0.3900896,0.28805745,0.5634856,0.6806323,-0.7459773,-0.058133826,-0.7408383,-1.0170571,-0.30049053,0.33387348,-0.348045,0.53646874,-0.5918356,-0.14646296
ethane,0.35154566,-0.24387297,0.09391994,-0.22071518,-0.6806315,0.698989,0.57609314,0.089249946,0.32030985,0.26892158,-0.5504837,0.21545956,-0.2457344,0.7242975,-0.43250665,-1.0194451,0.46533915,-0.38718578,-0.15338482,-0.12482596,0.4462888,0.11498569,-0.2129166,0.65221107,0.0122440625,0.37934077,-0.59665006,-0.282459,0.098590225,-0.6654657,-0.47942704,-0.8396581,0.42090178,0.115072325,-0.38180608,-0.13654183,0.4190466,-0.47679952,0.14510342,0.43552238,-0.050171845,0.14106002,0.73585594,-0.7688795,-0.7254454,-0.21576145,-0.5312121,-0.002389005,0.28313255,-0.25417137,-0.48257995,0.18529215,0.24482249,-0.048245717,0.2629344,0.3626954,-0.15880555,0.37775123,0.0604363,-0.22492221,-0.33990854,0.43773305,-0.40186837,-0.079799086,0.6675275,0.6506257,0.27204943,-0.53390115,-0.5111853,0.056873932,-0.6832753,-0.37631753,-0.35714513,-0.2975466,0.0052226977,-0.16578558,-0.46943423,0.070903026,0.8967604,0.36413172,0.19424519,-0.58562946,-0.52934456,-0.38610163,0.27152607,-0.026740871,0.22772406,0.45007455,0.6286989,0.40317917,-0.53534263,0.29021823,-1.1432978,-0.81786877,-0.22530138,-0.027635438,-0.12129224,0.36598533,-0.8157047,0.10727394
]+_catalyst,0.15216655,-0.20001441,0.14654133,0.2563311,-0.5677665,0.4268961,0.1940009,0.22780538,0.090683766,-0.27819657,-0.8294737,-0.07414783,0.40423048,0.15027893,-0.47338858,-1.1531608,0.6437693,-0.15376404,-0.1429419,-0.12613009,0.15783757,0.19635527,-0.16166154,0.41388753,0.072634265,0.54060245,-0.49352372,-0.40727842,0.66970015,-0.3568614,-0.2921325,-0.2873386,-0.12804992,-0.39384398,-0.57860076,0.23398806,0.44728464,-0.1170631,-0.052493874,0.47299647,-0.0021581282,0.05457771,0.68864703,-0.98977906,-0.62132484,0.15295942,-0.2332114,-0.063779205,0.057529278,-0.16580208,-0.44192043,0.28205913,-0.49847293,0.072004,0.38068968,0.3537857,-0.11486003,-0.037421905,-0.004835016,-0.047926873,0.01050254,0.26041016,-0.40984014,-0.21706551,0.7210391,0.27786756,0.7467612,-0.5564806,-0.40524316,-0.045233175,-0.6036005,-0.3553618,-0.09261302,0.23480988,0.14613546,-0.53633744,-0.41699252,0.09165898,0.6115157,0.2079029,0.3524016,-0.28081012,-0.43706083,0.18530767,-0.057910554,0.13409452,0.2654075,0.06671677,0.55216116,0.44756144,-0.83632135,0.14747058,-0.7280475,-0.5080419,0.047833674,0.3262565,-0.096602194,0.14009733,-0.8746434,0.5673504
nonlinear_system,-0.8728625,-0.23160924,0.36331922,-0.3516964,-0.55861676,-0.35308763,0.6891598,0.19335829,-0.43882492,-0.27243197,-0.6842835,0.4903915,-0.95476776,0.7740567,-0.6589572,-0.29701912,0.6086306,-0.23544003,0.09858484,-0.42466813,0.43107468,0.50364405,-0.6968599,0.1968853,0.27329338,0.41801757,-0.19024146,-0.058652304,0.21728268,-0.20415452,-0.036676105,-0.15425123,-0.09883555,0.48637927,0.10085894,-0.08806276,0.38794315,-0.4974135,-0.26002127,-0.25740457,0.09452817,-0.38273427,-0.19007501,-0.51473486,0.35648382,0.009902083,0.5194042,0.17353207,0.0057833395,-0.018924644,-0.5631188,-0.87072617,-0.20996319,0.24038076,0.35667312,0.1980047,-1.0522965,-0.08426341,-0.19334872,-0.00798898,-0.16274339,0.054539282,-0.2923745,0.56469434,0.29001695,0.091750875,0.18941224,-0.16297632,-0.0585558,0.12038555,0.1861195,-0.6614481,-0.40685308,-0.69863844,0.34686732,0.019833548,-0.35636556,0.2286956,0.3531499,-0.31139344,0.15224327,0.057652246,0.23914257,0.327885,-0.17935154,0.11499783,-0.31560957,0.16545722,0.09453778,0.66664875,-0.038862146,0.42090356,0.12925722,-0.59518075,0.48291668,-0.0016814679,-0.6525752,0.7740214,-0.4633433,-0.051733583
tumor_suppressor_gene,0.61942065,-0.41802412,0.24291562,-0.9565971,-0.14166254,0.6265663,0.8893917,-0.5717739,0.37861472,0.5237337,-1.1711764,0.4117327,-0.066548936,1.3866262,-0.588512,-0.26064247,0.90983033,-0.79473114,0.011339087,0.32345197,-0.13654763,0.21861508,-0.32299697,0.72015,0.3562446,-0.01876155,-0.33539733,0.058259677,-0.3144995,0.813716,0.49598938,0.039225325,-0.073178574,0.29314938,-0.26390645,-0.5906947,-0.012491372,-0.32851335,-0.12779205,0.49458167,-0.80125684,0.15726696,1.6420971,-0.29657772,0.4524361,0.21269082,0.00833611,0.4553058,0.51470613,-0.3653818,0.61659205,-1.434958,0.16419967,0.10585965,0.71380717,-0.84528774,0.14403407,0.35719877,-0.105643824,0.85989517,0.54481816,-0.38627812,-0.26176253,-0.5088679,0.20364879,-0.39436066,-0.8488319,-0.16090328,-0.4138203,0.1021061,0.5724987,0.21552242,-0.5101555,-0.40240625,0.21522957,0.109159425,0.39821512,0.40461993,-0.12408519,-0.2762559,0.7664994,-0.48275748,-0.95285964,0.03323762,0.29995885,-0.2590254,-0.7441529,-0.46303073,0.62383616,0.73337495,-0.70961565,0.70210993,-0.15105672,-0.67855054,0.44679004,-0.108322024,-0.32998535,-0.5835542,-0.67265874,0.19590837
cancer_prognosis,0.76182085,-0.30339447,0.19487011,-0.57267135,-0.049792003,0.2322634,0.56129074,-0.43392584,0.28318223,0.49628428,-0.68526495,0.08331083,-0.13500929,0.963836,-0.7377459,-0.28737745,0.7594329,-0.6608278,-0.1003466,0.50176203,-0.023703441,-0.07950199,-0.16220942,0.23179975,0.3936371,0.06437144,-0.61039895,0.322088,-0.2815528,0.34408715,0.57659763,-0.13906766,0.11544674,0.42757466,-0.120432496,-0.35150927,-0.22866966,0.034339875,-0.047820076,0.40719438,-0.4531896,-0.00011741022,1.1537923,-0.08719344,0.2843107,0.1215195,-0.08706164,0.41094118,0.1757518,-0.039907694,0.28385025,-1.0014478,0.080718756,0.08261468,0.45672548,-0.4527298,0.07401101,-0.0021965767,0.20029226,0.5718791,0.3535259,-0.10606761,-0.16513774,-0.23272623,0.38711923,-0.07386988,-0.7495082,-0.14551044,-0.12730002,0.3421274,0.502498,0.1804715,-0.1132011,-0.025105333,0.018405728,0.078718945,0.28220427,0.46804482,-0.16974978,-0.19760439,0.40701947,-0.29114813,-0.48841155,0.17493016,0.25159255,-0.26297873,-0.29257876,0.14184076,0.6891891,0.68160546,-0.33278933,0.48743618,-0.27957153,-1.0224192,0.17716911,0.08331176,-0.06321759,-0.445867,-0.39390743,0.12203081
disease_exacerbation,0.5899392,-0.072357155,0.55737555,-0.7516316,0.22785036,-0.099319726,0.56466603,-0.66687185,0.21987964,-0.62502635,-0.99196225,0.18266591,0.10345146,0.7960073,-0.24146721,-0.4793594,1.0416616,-0.56051624,-0.13461092,-0.3272225,0.3399878,0.43412232,-0.8632301,0.16211665,0.35382277,0.31752944,-0.42348838,0.19841109,-0.25715834,-0.14205913,0.55767864,-0.45390698,0.4355433,-0.1961441,0.077450655,-0.2481417,0.03425786,-0.70410883,-0.43525586,-0.21318501,-0.4845382,0.5945203,-0.06292013,-0.31606555,0.08514846,-0.26968846,-0.11366019,0.4690902,-0.068219736,-0.46500397,-0.40858677,-0.7664354,0.74980474,0.1515241,0.25837138,-0.852208,-0.20514534,0.34760967,0.37003207,0.7363013,-0.21128094,-0.57258713,0.18618728,-0.5047839,0.555952,-0.060538385,-0.68953574,0.08653719,-0.51410514,1.0434275,0.2952775,0.20767383,0.65092653,-0.30621684,-0.12335575,0.065296344,0.21436113,0.6673754,0.0049191257,0.43432695,-0.15985656,-0.27336994,-0.079432234,0.45168456,-0.6212378,0.46980143,-0.6284999,-0.07014954,-0.01735497,0.2551394,-0.94366056,0.15318803,-0.00577643,-0.93631285,0.00803928,-0.04661112,-0.43039468,0.7030743,0.028476708,-0.47376397
disease_association,0.15113002,-0.23853813,0.12021016,-0.68838066,-0.22388156,-0.37999693,0.80708796,0.08360065,0.28229448,-0.28739583,-1.3505108,-0.0026232747,0.18449737,0.93013966,-1.3576561,-0.08430991,1.0962851,-0.043055773,0.5289012,-0.24866672,0.34580898,-0.11645406,-0.0330117,0.6673937,0.41885757,-0.21744879,-0.34911612,0.71123534,-0.58827156,-0.13187075,-0.039284684,-0.28309095,-0.02155141,-0.11000035,0.067112535,-0.6205707,-0.28214014,-0.6918422,-0.24803847,-0.049203247,-0.065923885,0.20330757,0.16209519,-0.10467495,-0.40497026,-0.14759003,0.020806588,0.18218361,0.6359934,-0.086609945,0.21056789,-0.84750515,0.47235438,-0.25386044,0.041127805,-0.14538628,0.13775356,-0.13375896,-0.27836147,1.252856,-0.20752995,-0.11711234,-0.37630123,-0.24041235,0.38053402,-0.00080023677,-0.42002183,-0.20186976,-0.88103515,0.80329955,0.49601156,-0.19409242,-0.072477534,-0.7070466,-0.49816895,-0.17492288,0.35131046,0.20030904,0.15002519,-0.16584185,0.19057691,-0.24146022,0.21093827,0.19061756,-0.4469341,0.25277767,-0.79110086,-0.76782244,-0.28058952,0.45537052,-0.40477985,0.2446623,-0.3648523,-0.6493682,-0.54794025,-0.0078009064,-0.018724637,0.429886,-0.2955289,-0.16452222
genetic_transcription,0.8525362,-0.20715173,0.047196213,-0.54917395,-0.06695418,0.2832789,0.83972245,-0.1773641,0.24251503,0.025138889,-0.8120539,0.41699725,0.026445124,0.80990857,0.25171944,-0.7386045,0.62940717,-0.23524359,-0.2580569,0.14665595,0.4069689,-0.21991971,-0.42882147,0.4745062,0.2282354,0.39633775,-0.00204745,-0.15161227,-0.21159916,0.07528781,-0.10030367,-0.55785316,0.26065254,0.1113881,-0.27944922,-0.32057402,-0.25200033,-0.30825803,0.15171567,0.08899808,-0.28136897,0.03405613,0.8465194,-0.43050233,0.1090188,0.26304933,-0.08520541,0.6479891,0.033838056,-0.27876306,-0.1424292,-0.23680946,0.1575005,0.023836592,0.20548607,-0.43702403,0.07052612,0.5636717,-0.24821743,0.02961999,-0.15958747,-0.07828428,-0.40110862,-0.55139005,0.08143759,-0.5955109,-0.009810998,-0.27846614,0.08295538,0.5909956,-0.007991469,0.04269237,-0.29592803,-0.3646809,-0.28625876,0.24996988,0.21118689,0.22322427,0.49784708,-0.35061488,0.038174085,-0.55224407,-0.5235629,-0.93250626,0.17922059,0.51273036,-0.20611526,0.17917863,0.5754295,0.6131126,-0.63191634,0.2790432,-0.46118414,-0.3986251,0.21985766,0.04417938,0.052718017,0.2925753,-0.49343178,0.099192455
forecasting,0.073003024,-0.056974746,0.20703338,-0.01733099,-0.29731315,-0.04885904,0.55256754,0.10566489,0.25798538,0.021100242,-0.43934113,0.3891694,-0.77160424,0.29811776,-0.4441365,-1.0950643,0.061302043,-0.19765417,0.08460317,-0.2384879,0.61895674,-0.1037798,-0.24030611,0.49438912,-0.1720959,0.37400877,-0.43894726,-0.22407445,-0.020564457,-0.30718607,-0.10854218,-0.8158648,0.22089049,-0.09174329,-0.13745557,-0.20656455,0.108550556,-0.47523138,0.4417879,0.116323985,0.6121912,-0.08909382,0.56204706,-0.41890684,-0.5608002,-0.37486726,-0.13606834,-0.231228,0.016718572,0.03112108,-0.66563576,0.5144635,0.5478207,-0.17514722,0.29006714,0.27562702,0.105830744,0.4635949,-0.34385562,-0.13895732,-0.4705652,0.45696333,-0.32700983,-0.029020702,0.44063595,0.4417645,0.22972457,-0.31639087,-0.5572898,0.12130348,-0.399328,-0.4139288,-0.038513754,-0.4149556,-0.48404074,-0.03662386,-0.21459085,-0.04842548,0.59985226,-0.09409899,0.102499954,-0.46195704,0.019908499,-0.22048026,-0.017603876,-0.16335966,0.27124494,0.36754173,0.10567911,0.5618242,-0.46349874,0.165802,-1.1008575,-0.6149133,0.0770427,-0.03978447,-0.09476398,0.13704884,-0.7692358,-0.033402666
structure_activity_relation,0.5910328,-0.38969836,-0.5121466,0.3458057,-0.38513583,0.42565706,-0.26049802,-0.44751996,-0.17082892,0.423221,-0.72683513,-0.05519817,0.11265486,-0.54202443,-0.914364,-0.56915957,0.39562678,-0.04885981,-0.50015664,0.36667415,-0.11053804,-0.0155496895,-0.22996028,0.5834323,0.14032859,-0.2912793,-0.32052827,-0.11144641,-0.06763953,-0.29015258,0.18632393,0.4274171,0.64767885,-0.09892385,-0.6522349,-0.3182303,0.79860604,-0.3228645,0.58413213,1.1463174,-0.19418438,0.2875774,1.3063263,-0.7738123,0.4181289,0.3516944,-0.26737005,-0.6502373,0.32911175,-0.48080087,0.021948492,-0.4375075,0.37327674,-0.12733105,0.119216986,0.48057592,-0.56044745,0.19519745,-0.68722767,0.6337465,0.01123439,0.33398354,-0.44059148,0.22251433,0.46321324,0.95914793,0.29557893,0.054526106,-0.49645925,-0.4588605,0.11544717,0.6260554,-0.844578,-0.008804661,0.40654042,0.1188795,0.36711407,-0.1531808,0.5466674,-0.45795792,0.463355,0.13718127,-0.2559981,0.61939096,-0.6497346,-0.13537341,0.6305105,-0.2868619,-0.18011205,-0.29737186,-0.5362284,0.5648767,-1.2762269,-0.017917335,0.5309333,0.06991241,-0.3168345,-0.344486,-1.1589847,0.8876077
spectroscopy,0.1438576,-0.71837074,-0.17948751,0.059135895,-0.40426424,0.57472575,0.049849134,-0.06737841,0.4239974,0.3042189,-0.8081781,0.3976087,-0.1883684,-0.24966796,-0.4537999,-0.353418,0.55515504,0.39933643,-0.50746477,0.25347176,-0.18435666,0.10518434,0.21399385,0.99367934,-0.16783437,-0.58470225,-0.5077996,0.04100793,0.19968891,0.013841671,-0.0008482038,0.42183074,0.74630594,0.09632969,-0.64391893,0.5265627,0.09665754,-0.5634179,-0.13977195,0.53111005,-0.06812766,0.55672175,0.86892766,-0.6991794,0.019178385,-0.03737997,-0.6105557,-0.4859972,0.40682015,-0.92862153,0.114143565,-0.7671553,0.10436048,-0.1967507,0.9036296,0.21749881,-0.35251394,0.24833001,-0.5948772,0.2668123,0.2716412,0.1790837,0.37162146,0.07298402,0.92113507,0.74322283,0.27983445,-0.055114966,0.14531147,-0.70679516,-0.019895207,0.59977454,-0.993508,0.2816261,-0.0714221,0.7099116,0.15717871,0.26477876,0.8755256,-0.28049362,0.24593483,-0.48209128,-0.15538912,0.4985531,-0.24710323,0.041724168,0.2406768,-0.1238917,0.40746254,0.15459302,-1.0166099,0.19022979,-0.81666505,-0.2273157,0.35655665,0.08433869,-0.561417,0.22823349,-1.2617205,0.7254162
lipid_composition,0.4014585,-0.60229295,0.13962328,-0.13478325,-0.045826238,0.81210697,0.33832973,-0.3329106,0.31780398,0.050216805,-0.3313004,-0.09122421,-0.24177028,0.036946606,-0.032261595,-0.07889162,-0.58794606,-0.020066174,-0.64496034,0.23624508,-0.3988308,0.5829142,0.28061125,0.52687895,-0.36991182,-0.12462254,-0.3737393,-0.3067507,0.5171863,-0.23834431,0.16620836,0.34623465,0.30375245,0.55692214,-0.36639068,0.046574466,0.84244317,-0.54468554,-0.1968895,0.5133823,0.45529798,0.1349556,0.9055555,-0.35681283,-0.024469448,0.008003929,-0.33196405,-0.36054236,0.24047482,-1.0011523,0.2711326,-0.6097275,0.27546898,-0.39094612,0.32126075,-0.5810612,-0.351786,0.6865519,-0.26390508,0.42449334,0.78117377,-0.13967973,0.51609474,0.4366658,0.470067,1.1979474,0.278013,-0.07854707,-0.334685,-0.66055715,-0.034993626,0.45017904,-0.8541994,0.043632254,0.43503147,0.49500436,0.12211523,0.37392664,0.14690618,-0.18404932,0.29667518,-0.03229667,-0.29964942,-0.20872542,-0.53528345,-0.16115771,0.47340178,-0.7705879,0.26522353,0.21650977,-1.1592324,0.8774821,-0.54683304,-0.4745377,-0.010523554,-0.2985499,-0.60295695,-0.30489054,-1.1467444,0.51635796
estrogen_receptor,0.26805386,-0.38676485,0.47853294,-0.12991343,-0.1226255,0.40708697,-0.41310173,-0.6042412,0.06826506,0.509675,-0.81345475,0.26754984,0.27735198,0.34713632,-0.84845245,-0.4425109,0.50068635,-0.20322113,-0.51882267,0.19304696,-0.53853124,0.15032351,-0.13219322,0.6656342,0.083761975,-0.2206701,-0.5930795,0.3405491,0.14869604,0.12448334,0.34598833,0.13540652,0.7013337,0.32246888,-0.20172215,0.05016364,0.45479968,-0.23266706,-0.10682472,0.6370722,-0.30706844,0.0048214467,1.4872737,-0.48984277,0.52478516,0.36678544,-0.3734848,-0.11224094,-0.31805274,-0.023122957,0.3257381,-0.9518419,-0.11538396,-0.116006725,0.13433653,-0.5091798,0.045738894,0.2750926,-0.079826266,0.5293183,0.36091462,0.26472673,-0.13834842,0.108698964,0.74042886,0.52132,-0.4163193,0.036662042,-0.06304263,-0.4703061,0.47298214,0.33653587,-0.76446086,-0.31289282,-0.061496258,0.29784653,0.5362273,0.53615254,0.29801023,-0.31340772,0.24219508,0.13037263,-0.3562738,0.23798409,-0.3800937,-0.17447619,-0.13764012,0.5386222,1.4968778,0.03731271,-0.6226247,0.6249495,-0.5620279,-1.001876,-0.18062793,-0.014376735,-0.110468656,-0.00054994196,-0.6255281,0.6931037
chemical_structure,0.0864196,-0.53646946,-0.2226278,0.3893777,-0.16218029,0.5898764,-0.2926694,-0.37576708,0.3021044,0.5140758,-0.58987236,0.041433282,-0.49715233,-0.23371124,-0.18858087,-0.7302117,0.21318398,-0.46733135,-0.36954585,-0.01943747,-0.2271745,-0.07001866,-0.4346561,0.44757313,0.1491685,-0.5225631,-0.52977955,-0.2286102,0.12343051,-0.084806524,0.3926897,0.31172958,0.74359584,0.1913356,-0.38526717,-0.00893551,0.5830837,-0.3673014,0.14559118,0.14694574,-0.58387387,0.48092598,0.63526237,-0.44297624,-0.07494748,0.34783044,-0.23551415,-0.39264,0.03283642,-0.4498019,0.0038677435,-0.5525565,0.4429038,-0.11679068,0.30957025,-0.07703636,-0.29680765,0.17182565,-0.4672242,0.5918844,0.44931105,0.15645093,-0.16277613,0.28884903,0.3916449,0.96316487,-0.07718186,0.19610183,-0.289244,-0.84849435,0.36171633,0.54827046,-0.64167666,-0.10321162,0.2139,0.39807993,0.38651967,0.066813186,0.7472732,-0.36352965,0.09242738,0.14186281,-0.19368508,0.37020874,-0.7947663,-0.27730855,0.10961218,-0.18882316,-0.13999024,0.12850927,-0.449096,0.34845424,-0.7666134,-0.31889388,0.12841578,0.1868862,-0.005355405,0.043316815,-0.81385934,0.042804074
binding_site,0.3770261,-0.7269057,-0.07160745,0.11231183,0.03245825,0.2560135,-0.62716085,-0.70690286,-0.057657376,-0.11350017,-0.37741232,0.10230072,-0.3790738,-0.10336196,-0.07812239,-0.75889647,0.40523413,-0.08725195,-0.5810196,-0.4019886,0.10898147,-0.027232543,0.00045791123,0.5517305,0.09981968,-0.25761423,-0.4950935,-0.22626634,0.37068883,-0.36368552,0.3616728,0.2825786,0.6394834,-0.1402276,-0.07835721,-0.09237735,0.38651738,-0.764889,-0.27134258,0.22655937,0.28558227,-0.0025334747,1.0568182,-0.4224255,-0.2601406,0.20810029,-0.06538033,-0.5687116,0.12766083,-0.26131812,0.2476525,-0.39486924,0.40044394,-0.054669205,0.33199906,-0.50609004,-0.624439,0.0920744,-0.20760006,-0.004236991,0.866716,-0.5301291,0.110631414,-0.12979557,0.70730394,0.88273954,0.08690592,0.21994065,0.11459305,-0.326126,0.65842575,0.8202194,-0.46423402,0.13490191,-0.17565736,0.11855032,0.5567893,0.14812607,0.52645004,-0.17402424,-0.035747163,-0.04050866,-0.36249685,-0.03332325,-0.58065134,-0.47864616,-0.016940676,-0.7394403,-0.47180775,-0.0016587122,-0.6301935,0.42986828,-0.38852593,-0.10705407,0.24369647,-0.13393131,0.05017821,0.24071926,-0.5943183,0.2401903
uterine_cervix_cancer,0.10269684,-0.5595413,-0.19662942,0.0037767142,-0.2922872,0.09310367,-0.037762675,0.19536981,-0.07157758,0.9368053,-0.827053,-0.3656554,0.038154922,0.5585462,0.47573808,-1.1137602,0.83791625,-0.6954773,-0.119095005,0.21840824,-0.048930716,0.1501613,-0.0860726,1.3380654,-0.09360187,0.20569219,-0.6369823,-0.5661808,-0.58018416,0.6010819,0.38819167,0.20387562,0.32166505,0.10982619,-0.3123551,-0.3092377,0.16391578,-0.5183368,0.10541862,0.30829978,-0.7341877,-0.07253491,1.4099255,-0.24596205,-0.269243,0.64911085,-0.11032246,0.072467946,0.6272578,-0.02834757,0.8216161,-0.4795826,0.083896846,0.5345159,0.059781395,0.06127104,-0.3704672,0.2721621,-0.50439966,0.5998313,-0.33842218,-0.3127336,-0.64489895,-0.017825792,0.063967206,-0.23769566,-0.42395124,0.22225443,0.39756018,0.13792473,0.8501347,0.15849213,-0.8099599,-0.3910214,-0.07052543,0.8578277,0.08954243,-0.17466094,0.52966475,-0.2607008,0.5933029,-0.30320978,-1.0042871,0.92537326,-0.07540562,-0.7555902,0.20463605,-0.09654359,1.0109612,0.28462416,0.18188423,0.045387004,-0.1345773,-0.54851955,0.31038338,-0.06935194,-0.06731047,-0.047658287,-0.66838443,0.39606637
gene_ontology,0.50023556,-0.11942633,0.28658512,-0.19668667,0.24791783,0.33748284,0.4408014,-0.3206315,0.23934193,0.48917037,-1.0362706,0.39331874,0.52986234,0.77164125,0.26941293,-0.589079,0.5494176,-0.913094,0.024336336,0.23479052,0.18907723,-0.1869804,-0.30296025,0.68778396,-0.27443773,0.073413655,-0.54121846,0.008059677,-0.31318444,0.48626798,0.24927151,-0.56011415,0.4343214,0.20233606,-0.33731252,-0.2829964,-0.30814385,-0.2732585,0.20845768,0.23862675,-0.70143247,0.41528365,0.92449003,-0.64632833,0.6411261,0.30086493,-0.11895701,0.48942447,-0.28067225,-0.1701769,0.43564507,-0.7324212,0.013368046,-0.0034603039,0.46017653,-0.8758923,0.02140746,0.51126695,-0.114461616,0.31516293,-0.39281878,-0.27529854,-0.37638834,-0.14843251,0.30902553,-0.18374215,-0.28831726,-0.20140254,0.52221286,0.24095315,0.21320835,0.14987835,-0.34761518,-0.4753691,-0.24941577,0.64091474,-0.0067100166,-0.023978082,0.3359605,-0.19022018,0.3774891,-0.46200293,-0.6278086,0.14915566,0.20046093,0.00043954275,-0.18149935,0.2253216,1.0311204,0.76270163,-0.6981738,0.27378562,-0.27088806,-1.0646949,0.3194534,0.14687794,-0.54635686,0.06871536,-0.8826409,0.4389446
electron_microscopy,0.08162188,-0.71876603,0.6792709,-0.30037618,0.09589702,-0.13728788,-0.031234207,0.20364277,-0.094872355,0.21495345,-0.41122937,0.15041551,0.4206678,0.71701956,0.5069767,-1.0629603,0.8985124,-0.38916096,0.24116659,0.3097736,0.055660345,0.207113,-0.11516513,0.8011733,0.020227721,0.59817326,-0.8515501,-0.17527281,-0.0034336706,0.13124217,0.2431778,-0.29689717,0.19130625,-0.6347415,0.17104182,-0.376968,0.24032214,-0.25070456,-0.78205174,0.32894096,-0.8680557,0.7102134,0.6157789,-0.46102357,0.18682791,0.07137763,-0.049938016,0.54147774,-0.3329657,-0.14372392,0.5260046,-0.36601764,-0.40005323,0.011210527,0.41748995,-0.33329767,-0.21871443,0.08340359,0.51355225,0.56547916,-0.6868591,-0.41141343,-0.17510484,0.23268218,0.63121206,-0.17148606,0.2895517,-0.05363092,0.16454758,-0.4124529,0.19409168,0.51863265,0.13126773,0.04036674,0.07492192,0.54388165,-0.8055088,0.040149853,0.23829275,0.9916167,0.0313673,-0.2278561,-0.7065594,0.9271844,0.14418128,-0.90864784,0.044002198,0.15711948,0.49464232,0.4310843,-0.45668834,-0.02600225,0.58793116,-1.1852541,0.15713532,0.3569338,-0.6264305,-0.41810262,-0.49049863,0.09705255
epididymis,0.2323636,-0.30894986,-0.123258226,-1.2761065,-0.5519277,0.6115393,0.22622009,0.0071378364,0.09358399,0.02734251,-0.8842402,0.07252528,-0.13569556,0.76497364,-0.1128272,-0.5390984,0.32146794,-0.5199464,-0.9255178,-0.026782395,-0.14216103,-0.4847225,0.06675826,-0.28038305,0.2431424,0.7240778,-0.8238601,0.11651893,-0.26435068,0.093917154,0.023553105,0.02014369,0.15950584,-0.039655972,0.24966678,-0.078866355,-9.202579e-05,-0.7253286,0.35426542,0.2091696,0.57567626,0.19405386,0.71092504,-0.55637914,-0.015478246,0.34428194,0.41028416,-0.0608313,0.22806528,-0.20662418,-0.3826503,-1.252442,-0.3058075,0.11242893,0.4540073,-0.14279936,-0.6371042,-0.30963397,-0.05015208,0.52526253,-0.6512741,-0.00053139345,-0.0020496978,0.24534123,0.54849607,-0.5153722,0.4479381,0.23452382,-0.35493702,0.48216793,0.065706156,0.16357376,0.4760096,0.2269241,0.13401037,0.03959295,-0.5720009,0.32406223,-0.72367364,-0.70458084,0.03129899,-0.24342583,-0.08769942,-0.15884633,0.3696128,0.40961474,0.12357653,0.020257225,0.4054945,0.36647168,-0.3462474,0.82108843,-0.26547596,-0.7979285,0.33370036,-0.10475752,-0.2575857,-0.3473573,0.12658411,0.30164897
homogeneous_porous_medium,-0.13797131,-0.049030516,-0.004467831,-0.30556732,-0.4164409,0.007878172,0.8501692,0.21289517,0.18672305,-0.08056949,0.1578872,-0.05930287,-0.8539989,0.8351699,-0.20348953,-1.0711311,0.585132,0.29497766,-0.050552264,0.19449121,0.72520584,0.29074258,-0.51517785,0.5369244,0.24698249,-0.028406164,0.22606662,0.17538601,0.13831869,-0.3110954,-0.57054216,0.015365919,0.27195504,0.4877358,-0.44119316,0.049949277,-0.02270632,-0.20854478,-0.36731583,0.19660452,0.18234381,-0.059040572,0.3797622,-0.42322096,-0.15947232,0.11063481,0.46331352,0.75663763,0.3771467,0.06907523,-0.54846555,-0.41763476,0.45144323,-0.13572718,0.50076145,0.20173372,-0.44278857,0.33499622,-0.35321978,-0.055346824,-0.308577,0.08878634,-0.4034283,0.47975287,0.19455928,0.24679132,0.03593785,-0.4456312,-0.20264891,0.2398169,0.10237921,-0.069707416,-0.5964465,-0.14452752,0.20428656,0.49529675,0.4580447,0.17364839,0.34550956,0.021193903,-0.17265956,-0.04441991,-0.36122632,-0.6429119,-0.20758322,0.11546488,0.20214452,0.34327477,0.27555624,0.7443527,-0.70630205,0.5390225,-0.61761945,-0.532655,0.28690583,0.1691292,-0.40833074,0.3284668,-0.7515052,0.041946135
flow_in_porous_medium,-0.15941375,-0.071002364,-0.00926325,-0.25067478,-0.40582493,0.027426237,0.83657205,0.1802936,0.19476287,-0.08819557,0.17629552,-0.08710621,-0.9084897,0.7997038,-0.17053474,-1.0851879,0.5649224,0.29667613,-0.089514226,0.21198174,0.6908951,0.2667271,-0.52009,0.54204935,0.29585674,-0.018181026,0.18889499,0.13721769,0.18589528,-0.2940725,-0.57189673,0.042055927,0.27560404,0.47050992,-0.43066505,0.04967236,-0.039050065,-0.21899097,-0.36076996,0.17211556,0.18388331,-0.059687965,0.33174703,-0.40865156,-0.0907818,0.08301168,0.5310071,0.7558154,0.38178617,0.062212422,-0.5419528,-0.4374792,0.46670136,-0.090922765,0.47971597,0.17657939,-0.4893029,0.31865594,-0.3595608,-0.07941705,-0.31152388,0.054768063,-0.40557423,0.49630743,0.19710173,0.28183094,0.037436094,-0.4266584,-0.16728504,0.20270137,0.14564362,0.021993367,-0.54401773,-0.11172408,0.25125378,0.48592266,0.47772324,0.18842535,0.32455844,0.0048895273,-0.21276282,-0.010505268,-0.3556265,-0.60945565,-0.27397197,0.103120506,0.23086259,0.33952957,0.22823182,0.70903236,-0.7283423,0.5421194,-0.5906209,-0.48834485,0.27914146,0.19495934,-0.39199165,0.32778355,-0.72968376,0.03343336
gold_nanoparticles,-0.03251914,-0.016267542,-0.43507302,-0.7925706,-0.8444749,0.11451353,0.38023797,0.065843545,0.6623347,-0.25744084,-0.47888187,0.23351221,-0.42992997,0.24732952,0.19486734,-0.4493313,0.45792213,-0.32720783,-0.28237602,-0.17664458,0.21651158,0.2836971,-0.55309594,-0.15322419,-0.34212974,0.22381318,-0.86356986,0.22351919,-0.08150197,-0.28795147,-0.11106278,-0.5092017,-0.2149632,-0.51241314,-0.10068194,0.25039938,0.03146477,-0.4139979,-0.3467119,0.3857609,0.13028394,0.102876805,-0.04986928,-0.27221283,0.41605031,0.31053048,-0.18419683,-0.015126062,0.1573284,-0.9275883,-0.96287626,-0.34740973,0.17615625,-0.34394738,0.788299,-0.27467847,0.35103345,-0.22686711,-0.046805892,0.5921602,0.09611375,-0.4081038,0.6463908,0.48871008,0.94539326,-0.07373941,0.21214938,0.52047825,-0.45713112,0.0707335,-0.07953533,0.84779894,-0.2554491,0.54632056,0.31656486,-0.022489278,-0.48915926,0.28192046,0.16500592,0.47760007,-0.70582914,-0.12670968,-0.21992065,-0.38565218,0.28906018,0.14332505,0.3089384,-0.4583196,-0.481176,0.9330711,-0.59936935,0.5533962,-0.48969626,-0.37213254,0.43877307,0.3281605,0.20706005,0.06445112,-0.2656821,-0.51840144
chitosan,-0.18334392,-0.087186314,-0.3919975,-0.4439389,-0.73912525,-0.03840679,0.21639392,-0.19051412,0.432805,-0.066479705,-0.5867637,0.35215077,-0.3459432,0.14010862,-0.09145488,-0.82097554,0.65439814,-0.4052771,-0.19586422,-0.072271034,0.16484337,0.53133637,-0.7847294,0.14700297,-0.07854466,0.06272447,-0.85476375,0.2283286,0.087945975,-0.084723555,0.375333,-0.15875432,-0.019701133,-0.65268755,0.1482225,0.46672446,-0.2651496,-0.38501635,-0.39859322,0.5267828,-0.1870882,-0.008226621,-0.055535093,0.2554698,0.4935253,0.025015473,-0.3988115,0.019953096,-0.097699635,-0.79457325,-0.60528105,-0.49324432,0.20048529,-0.08500476,0.69889563,-0.034900837,0.54349047,-0.36737725,0.1336427,0.6179672,0.22251093,-0.5406118,0.42788732,0.4913373,1.0919884,-0.2252161,0.20294577,0.31732577,-0.41998932,0.19295304,0.1152766,0.62929004,-0.30912885,0.3408089,0.25079,-0.00483533,-0.013603659,0.2078466,-0.057547405,0.3891246,-0.47760186,-0.21631475,0.08715231,-0.29355627,0.32853943,0.24441415,0.3993243,-0.4319026,-0.3193935,0.6442506,-0.48705444,0.51339835,-0.37787735,-0.33197874,0.56994593,0.21630661,0.3910091,0.1209237,-0.3198999,-0.34384272
protein_analysis,0.53786206,-0.3746621,0.05050117,-0.431241,0.060152464,0.062169086,0.08653567,-0.22152627,0.74196804,-0.002378257,-0.45814136,-0.04278878,-0.1427551,-0.350462,0.036482725,-0.042825602,0.49804673,-0.2533822,-0.8459748,-0.62396204,0.17325054,0.2717085,-0.5097873,0.5778889,0.2906851,-0.030488469,-0.40831512,0.38560566,-0.2365742,0.0054915994,0.10827485,-0.12427706,-0.06720861,-0.16690342,-0.31363067,-0.3499128,0.31695828,-0.22780561,-0.12503219,0.09025756,0.3720761,-0.017873827,0.39630517,-0.016233921,1.0322449,0.25000516,-0.10426356,0.19470926,0.35981628,-0.21561944,0.0032046686,-0.30626398,0.3939102,-0.51310784,0.43559667,-0.20739108,0.09444704,0.27739775,-0.5465431,0.735,0.54697746,0.028266702,-0.03005802,-0.092949,0.12879275,-0.18773462,-0.21422845,0.535892,0.0130480835,-0.36530492,0.47960663,0.49427706,-1.029845,0.17032194,0.24511172,0.16108407,0.09938585,0.18923657,0.9297693,-0.5244631,-0.69012576,0.06397359,0.03186807,-0.41184464,-0.4174546,0.1404707,-0.31731334,-0.5907283,-0.73291194,0.37444052,-0.7413035,0.36918393,-0.13331705,-0.006904986,0.051660158,0.20700154,0.20578521,-0.341018,-0.4836901,0.1225175
analgesic_agent,0.19375621,-0.6663506,-0.5734985,-0.25226888,-0.25985286,0.029071469,0.38408816,0.1599884,0.26283312,-0.529976,-0.89467365,-0.12485215,0.34540108,0.7984325,-0.75373,-0.7427722,0.6778244,-0.24539404,0.7771418,-0.22344851,0.55938137,0.18269111,-0.007944594,0.24500231,0.22913167,-0.09129413,-0.37226146,-0.073532954,-0.25895426,-0.03189053,0.3840371,-0.16278706,0.22815391,-0.265508,0.50662345,-0.4167118,-0.4654828,-0.35225657,-0.29396704,-0.22624588,-0.3921459,0.3140568,0.16244337,-0.7800559,-0.94132066,-0.020119686,-0.5280158,0.42476758,0.28801808,-0.158779,-0.36267394,-0.789159,0.2501582,-0.20423573,0.14521152,-0.18508299,-0.20521666,0.16129631,0.3168666,0.6183143,0.11762526,-0.52590996,-0.120064154,-0.30780908,0.58170307,0.069600426,-0.42988998,0.027666932,-0.3451388,0.9664668,0.0057188035,-0.34467807,0.2496451,-0.5108891,-0.46516806,0.033811428,0.055497468,0.28672817,0.29440424,-0.08431453,0.57452524,-0.17144182,0.23238017,0.5831583,-0.21985781,0.19058952,-0.5568071,-0.17753163,-0.07619408,0.7266338,-0.7773142,-0.15778624,-0.21750583,-0.6229818,-0.12131191,-0.1304152,-0.22279195,0.20984104,-0.20120238,-0.014034514
immunofluorescence_assay,0.14797789,-0.3437704,-0.7505037,-0.5939136,-0.930557,0.56896853,0.053957473,-0.20098372,0.21360038,-0.19664723,-0.90682894,0.42663315,0.97706497,0.80951726,0.38642418,-0.2914587,1.0353256,-0.7192021,-0.080592826,0.19589974,-0.09464044,0.006970027,0.27939373,0.46265745,-0.14667062,-0.15461498,0.054866917,-0.29330412,0.045904778,0.22784999,-0.19947518,0.7232479,0.15682997,0.33026102,-1.009665,-0.3572888,-0.0206609,-0.37760624,0.07245152,0.22849831,-0.2084522,0.54444396,0.40241686,-0.8543411,0.20745996,0.6597857,0.41540906,-0.11549059,0.43061042,0.21941698,-0.25217918,-1.0795583,0.29665637,0.5099876,0.50718325,-0.019710671,-0.2319308,-0.16813765,-0.6287898,0.77602845,-0.7996532,-0.14531125,-0.7168024,0.3516207,0.38955793,-0.7416849,0.07637183,0.04237867,0.085963674,-0.5964832,-0.32650578,0.056293685,-0.13581002,-0.22602935,0.55794114,-0.119625814,-0.0017533815,0.042770665,-0.4480914,-0.8152149,0.55820245,-0.22805886,-0.95875895,0.6583558,0.07912753,0.6074994,-0.4946297,0.115028895,0.102991216,0.55026263,-1.1804938,0.52325654,-0.026249481,-0.19257273,0.22835198,0.108307414,0.18994854,0.4409658,-0.264171,-0.026117617
estradiol,0.16216621,0.31636497,-0.7504171,0.23518053,-0.4470077,0.69772273,-0.09050412,-0.611382,-0.35912964,-0.17173474,-0.61141896,-0.14635418,0.47511736,0.2555363,-0.57080543,-0.19909857,1.0481365,-0.25054532,0.104739785,0.40314183,-0.24120198,0.51878464,-0.1691747,0.19903837,0.069972426,-0.34305638,-0.11503835,-0.5185799,-0.021355579,-0.1787227,-0.3519849,0.3928928,0.15011097,0.43837905,-0.86982906,0.3418143,0.6251442,-0.34015137,0.06411792,0.72526014,-0.5436437,0.076382704,1.185179,-0.5867654,0.8493902,0.5456276,0.41434422,-0.3123238,0.2748942,-0.17154537,-0.2015134,-0.5879005,0.0266082,0.7484576,-0.3008708,0.39376864,-0.6503113,-0.1942237,-0.25444475,0.5458138,-0.328332,0.010723445,-0.86863965,0.32268327,0.30424643,0.09322614,-0.11188406,-0.6167349,-0.58226854,-0.5430208,-0.13409804,0.21417764,-0.6983262,-0.25639814,0.5938679,-0.012400172,0.015749779,-0.09820618,0.30782995,0.18195279,0.6060218,-0.27454072,-0.907255,0.43257952,-0.39825475,0.039744385,0.12492969,0.108527705,0.27313027,-0.17301965,-0.44869637,0.62390417,-0.5676377,-0.13633473,0.2775649,0.14415078,0.013907619,0.13781713,-0.57382196,0.046692073
hydroxyl_radical,0.36139318,0.48844916,-0.4793322,-0.49107382,0.37562123,0.14282209,0.04281202,0.122340806,-0.32290554,-0.43710682,-0.05084236,-0.03088783,0.41687348,0.21277188,-0.48021197,-0.046607472,0.057631023,-1.1561464,0.3355133,0.29394892,0.08409419,0.7823388,0.0417154,-0.2045954,-0.30082098,-0.15242995,-1.1270124,0.37586123,-0.551109,-0.08816595,0.35230753,-0.15711603,0.1543271,-0.19160466,0.30487496,-0.06851238,0.52379507,-0.28280208,0.90261734,-0.009997131,-0.56993306,-0.0554199,1.2617762,-0.38066316,0.56093496,-0.025473563,-0.43583223,-0.3874877,-0.2589361,-0.6809345,0.21962711,-0.76710993,-0.12870583,-0.66180396,-0.40182975,0.2302676,-0.5131532,-0.038458318,0.037391454,0.76444906,0.0784737,0.44908738,0.49340877,0.421611,0.780789,0.4829994,-0.22260268,-0.13409239,-0.6329173,0.035851844,0.3497038,0.4849879,-0.6272172,-0.25280622,-0.25669459,0.093686685,-1.0883999,-0.4520565,0.14614786,-0.1758189,0.34709936,-0.2867187,-0.3187118,-0.31107712,0.0070724646,-0.22189528,0.2023882,-0.5987536,0.6263842,0.47641376,-0.7858277,0.9418384,-0.62219906,-1.2218412,0.6636049,-0.26492056,-0.23958811,-0.96305263,-0.41786158,-0.2192546
dna_damage,0.9149701,0.35329676,-0.2925737,-0.18137856,0.54719603,0.36625096,0.37940207,-0.726148,-0.6072202,-0.24621557,-1.0043757,0.46911898,0.4035862,0.23330739,-0.46588588,-0.44074273,0.4071479,-0.8191446,-0.2578102,-0.14145802,0.096406244,0.7736466,-0.30801064,0.54350615,0.095492385,-0.3493346,-0.4212167,-0.6437459,-0.45401376,0.031965848,0.45102516,-0.020485912,0.082200624,0.10105239,-0.19685376,0.21694994,0.47277775,-0.00067877717,0.59684265,-0.2545926,-0.40777692,-0.23745283,0.91958606,-0.035865538,0.3035798,1.0500395,-0.15143135,0.3797976,-0.23654167,-0.44641152,-0.25489992,-0.7352494,-0.105255395,-0.3876889,0.27199966,0.09461098,-0.2884013,-0.782695,-0.14157628,0.5370886,-0.07082156,-0.2129995,-0.22190392,-0.16051781,0.61658794,-0.42330846,-0.40222877,-0.6565655,-0.9420299,-0.2422451,-0.00760425,0.6727962,0.0139743835,-0.61595845,0.13157374,-0.31298214,0.23263669,0.13562642,-0.18484357,-0.39053863,0.3320012,-0.39018747,-0.5727276,-0.81170917,-0.2891024,0.15017733,0.27687156,-0.10392256,0.7224488,0.15159786,-0.7956149,0.8039061,-0.08146826,-0.8122329,0.086164445,-0.4025486,0.4398913,-0.22753863,-0.6064242,-0.16101243
alcohol_consumption,0.71283406,-0.09312691,0.06990054,-0.7006678,0.12662771,0.30144468,0.24426888,-0.21742854,-0.14216621,-0.18912259,-0.9500762,-0.17309722,0.6929033,0.27217427,-1.1629992,0.5147342,0.17799355,-0.62607926,0.050674845,-0.06174513,0.24782136,0.49222693,-0.09918257,0.604723,0.2445367,-0.24888559,-0.24803337,0.34770736,-0.34317967,-0.3996417,-0.09854987,-0.5027641,0.47863457,-0.102591224,0.31974626,-0.5381925,0.23783071,-0.47296625,0.32819256,-0.12666698,-0.0426212,-0.099334255,0.33038184,-0.14986539,0.34503838,0.57575357,-0.18156223,-0.101512276,0.18026192,-0.3416055,0.74970037,-0.81676054,-0.23070265,-0.9018193,-0.33189258,0.4630015,-0.61682165,-0.50915164,0.32569623,1.2450695,-0.12903516,0.099394046,-0.08094483,0.026418347,0.49135906,0.0359375,-0.42319244,-0.24336782,-0.89162326,0.31436792,-0.45737022,0.4578222,0.038814764,-0.68300784,0.3316677,-0.5858371,0.39225614,-0.26607713,-0.038529415,0.23341821,0.4582705,-0.5807347,0.019497072,-0.8304541,-0.29080546,-0.20341605,0.00394795,-0.8646964,0.17362808,0.2099774,-0.44585645,1.1388177,-0.29598883,-0.7434185,-0.13848922,0.05461373,0.12535287,-0.2488597,-0.37163243,-0.054570816
superoxide_dismutase,-0.24196388,-0.9188339,-0.17608143,0.28042963,0.33263507,0.56925666,-0.7349485,-0.5985149,0.53145117,-0.51985526,-0.65998036,-0.29500917,0.5809089,-0.2863795,-0.3322997,-0.90279394,0.21071227,-0.93813545,-0.35805136,-0.2753268,0.27454388,-0.38845518,-0.23566525,0.12426255,-0.24896066,0.57350844,-0.5211053,-0.61077154,0.5026478,0.64629936,0.7370075,-0.3718832,0.755129,-0.5147658,0.6929679,-0.19806302,0.03802201,0.016161272,-0.061387945,0.10802009,0.21960387,0.77939713,0.25522318,-0.3074193,0.9425602,-0.19210097,0.4054593,0.42244178,0.49248224,-1.152921,-0.59312904,-0.8672625,-1.0102444,-0.42036405,0.37601218,-1.0151225,-0.5470444,0.13503295,0.07662747,0.95144355,0.54688114,-0.23857048,-0.118026145,-0.15637526,0.8199145,0.27647835,0.24810843,0.5930949,-0.76920366,0.3682456,-0.516934,0.58682674,0.4587585,-9.969794e-05,0.20370874,-0.33677098,0.63595515,-0.5686562,0.03082745,-0.1575914,0.61787057,-0.16079226,-0.32908627,0.6585727,-0.7484945,-1.0428656,-0.4413735,-0.510613,0.27887502,0.59471244,-0.84697694,0.5334045,0.17474172,-0.697173,0.48596722,0.66801095,0.21316181,-1.1682719,-0.13606116,0.4878883
carbonyl_derivative,0.29002264,-0.49742794,-0.20634884,0.6888505,-0.4459316,0.697268,-0.03803964,-0.35671315,-0.009005776,-0.22753617,-0.95353574,-0.5357649,0.56838065,-0.7827768,-0.5996157,-0.6105008,0.890651,-0.11228235,-0.21393563,-0.007906015,0.15214467,0.37369308,-0.34917253,-0.07925165,0.48423916,-0.26545945,-0.6780402,-0.88161993,0.77821356,-0.02990746,0.48667863,-0.13941494,0.19436978,-0.21000546,-0.46869764,0.21432987,0.223273,0.26658052,-0.22707106,0.23339659,0.21727535,-0.04259123,0.6953224,-0.7793615,0.26818812,0.28553218,0.5261132,-0.3311404,0.3928106,-0.32275826,-0.32910278,0.25704703,-0.7564259,0.12599973,0.29015923,0.4179671,-0.81300056,-0.6512029,-0.33156082,0.4209622,0.32225788,-0.03133785,-0.7134229,0.19863728,0.6279528,0.37348586,0.6210517,-0.24538152,-0.73398554,-0.27322015,-0.13111737,0.91217136,0.040815134,0.4410096,0.56575996,-0.29329887,0.3833265,-0.058615465,0.20632026,0.22680584,0.20862113,-0.2520348,-0.59190315,0.6744335,-0.7123376,-0.6354265,0.7546951,0.15725794,-0.13922414,0.49544448,-0.96839374,0.3486846,-0.33891577,-0.09428909,0.12658381,0.20679234,0.042566292,-0.44045174,-0.71423334,0.512054
alpha_glucosidase,0.02411694,-1.2219137,-0.70281833,0.28525427,-0.045271985,0.74125594,-0.227776,-0.7872619,0.19773863,-0.067913264,-0.45782137,-0.17126746,0.042374708,-0.028928723,-0.254164,-0.58101207,0.107431665,-0.46068025,-1.1404283,0.05707542,0.028959379,-0.042391915,-0.44845435,0.20557994,0.27062613,0.47362328,-0.30031696,-0.6259989,0.24988538,-0.10686986,0.7932466,0.23658964,0.8767813,-0.16808768,0.084034346,0.29138884,-0.2254582,-0.065467305,0.11105026,0.095538564,0.33404213,0.31711254,0.029393587,0.019056153,0.029531186,0.11876689,0.27323928,0.32972163,0.46568573,-0.8921898,-0.11298153,-0.4052437,0.05862703,0.4549953,0.43755195,0.1542705,-0.9640911,-0.15677437,-1.0563653,0.68714756,-0.19811293,-0.31210604,-0.5634406,-0.11330628,0.618764,0.3374754,0.57244366,0.6793402,-0.5387963,-0.22157644,-0.007903386,0.71171874,0.2394835,-0.06932631,0.17624253,-0.12129653,0.47650644,-0.09196616,-0.46709776,0.073229074,0.053061873,-0.4842222,-0.09134299,0.054027196,-0.6527996,-0.42952833,0.581258,0.18970226,-0.24383028,0.7026343,-0.95829743,0.2578853,-0.19791138,-0.39175934,-0.026384799,0.22811371,0.5174114,0.08598077,-0.06003413,0.14235814
maximum_concentration,0.31365135,-0.69033676,-0.18008561,0.17463592,-0.58521473,0.1806754,0.009642673,0.09633729,0.018763991,0.40697038,0.43503872,-0.79467213,-0.7216324,0.007585027,-0.41352743,-0.65070647,0.38949397,-0.43040097,-0.796064,0.21266285,0.07364708,0.16468066,-0.3236243,0.9525309,0.07477542,0.4627359,-0.6037923,0.47475088,-0.339451,-0.4363791,0.047837466,-0.6383388,-0.044311542,-0.23020227,-0.24018778,-0.16966234,0.44750097,-0.8571106,0.39932445,0.8486782,0.41224894,0.003122185,-0.031184271,0.07876383,0.27161467,0.20335639,0.34498343,-0.24579418,0.7159127,-0.24573573,0.039526578,-0.59504783,-0.2662414,0.079726845,0.074746914,0.748219,-0.9595583,0.19715579,-0.17078024,0.3213087,-0.21920337,0.15703772,-0.1597402,0.36883572,0.22317058,0.19863546,0.47658655,0.88937634,-0.4036454,0.24276146,0.44261613,-0.049447525,-0.305794,0.27195713,0.23595066,-0.22993013,-0.10701147,-0.43117797,-0.11044898,0.4372895,0.32474464,-0.20860365,0.1815119,0.1255798,-0.39606738,-0.9805937,1.0132614,-0.51771724,-1.0095044,-0.12529035,-0.021531142,0.07395889,-0.73159146,-0.39903256,0.024654614,-0.08508068,-0.40816015,0.1650818,-0.39368987,0.688871
zinc_compound,-0.19945998,-0.06531987,-0.48286137,0.38407746,-0.7763815,-0.21149288,0.337184,0.10536402,0.15626018,-0.021172563,-0.6230416,0.21648104,0.14703313,0.10834864,-0.8337261,-0.6915848,0.91087013,-0.31568053,0.45655334,0.07393662,0.2515389,0.08779433,-0.37096584,0.4036557,-0.0022886666,-0.060518734,-0.66132504,0.26305634,0.49824902,-0.17947449,-0.11304786,0.0032572015,0.3769006,-0.58852595,0.060417946,0.19303681,-0.32383254,-0.21976797,-0.28102216,0.35515937,-0.5552956,0.048382357,0.02378816,-0.232879,0.15312485,-0.20579332,-0.3084336,-0.25739175,-0.058630925,-0.25686792,-0.5081154,-0.5174422,-0.26853812,0.17107928,0.5964223,0.62860876,0.07568811,-0.6616639,0.08195142,0.9098761,-0.0980586,-0.55066097,-0.043899126,0.6215269,1.1547809,0.25899103,0.57470185,-0.455945,-0.27802944,-0.014817061,0.19509205,0.06043356,-0.02039105,0.1845486,-0.06957478,-0.4251812,0.07297019,-0.105643205,0.07367635,0.26051858,-0.072485626,-0.09147895,0.077275746,0.32778704,-0.15759972,0.21838729,0.6815854,0.058421217,-0.003589031,0.61691225,-0.46757337,0.2731441,-0.2891558,-0.73973197,0.19276115,0.35789225,0.06591797,0.16679224,-0.52688605,0.13186917
domestic_animal,0.4097461,0.7875132,-0.13630125,0.011884749,-0.08218372,0.3325397,0.28608537,0.010653556,0.61525404,0.74908346,-0.70520216,0.17546606,-0.6884684,0.18522719,0.3718011,-0.59497964,0.4000008,-1.0468477,-0.5590276,-0.25245455,-0.057817355,-0.2557213,-0.62124014,0.15721631,-0.33763525,-0.43411422,-0.77096087,-0.17853214,-0.30691746,-0.48517877,-0.3745777,-0.85622084,0.15596949,0.042257078,-0.03824114,-0.37225512,0.09852895,-0.41491136,-0.14438339,0.21948253,0.117721364,0.26068997,0.2031937,0.19795644,0.110378854,0.2751265,-0.030961912,0.65961665,-0.35572633,-0.31607705,-0.6162639,-0.9400443,0.2537443,-0.29540306,-0.007512205,-0.40598235,-0.42861843,0.26487365,0.06509019,0.16053165,-0.056605928,-0.19789818,-0.6997249,0.66323984,0.4418159,-0.24665402,0.12535214,0.37999502,-0.21587098,0.665522,0.21163781,0.40292254,-0.02394182,0.66084343,0.5724325,-0.4287417,-0.24402463,-0.28172,-0.56209433,-0.10552995,-0.22494447,0.5213007,-0.05043293,0.13807715,-0.67812485,-0.23434032,0.9159689,0.06416646,-0.7387265,0.34801653,-0.072055794,0.40523317,-0.4723207,0.19433114,-0.2826242,-0.17765221,-0.39209116,-0.081424944,0.04149628,0.25835356
cattle,0.37161365,0.09768034,-0.43386295,-0.10876964,-0.5640269,0.50563765,0.289208,0.10690972,-0.2386525,0.76753485,-1.0331188,0.25722057,-0.07577877,0.3501454,0.79840463,-0.42102838,0.3547333,-1.2571867,-0.6167857,-0.30988082,-0.18247807,0.25987616,-0.19312721,0.25238928,-0.42804417,-0.17815675,-0.6062708,-0.53846484,0.020665295,-0.5018277,0.1297038,-0.59371656,0.08819368,0.11520568,-0.39675885,-0.0134391505,0.38813984,-0.6784276,-0.016734736,0.20826457,-0.14575198,-0.22661175,0.4160503,-0.29357538,0.20092164,1.1115447,-0.066070825,0.35142863,-0.36123833,-0.5661356,0.038096026,-1.0108422,-0.052358773,-0.47222558,0.48637488,-0.057397384,-0.2988513,0.04833501,-0.12731948,0.2969479,-0.21811874,-0.7242498,-0.32554147,0.56124675,0.3512612,-0.49293858,0.2949681,0.20469925,0.16178697,-0.07784852,-0.42350525,0.3200955,-0.28710938,0.17602567,0.86210704,-0.25891382,-0.3759922,0.041867968,-0.4980428,-0.25852725,0.029790154,0.32125896,-0.25200987,0.12713216,-0.06784525,0.26133853,0.36407804,-0.30349544,-0.28899312,0.430536,-0.021789955,0.35539782,0.0019198698,0.3064692,0.27084535,-0.30915844,-0.46763015,0.632312,-0.08055934,0.3049077
bovine,0.38077855,0.09641177,-0.48239148,-0.13251351,-0.5216718,0.52487695,0.31530625,0.11340291,-0.26298353,0.7171966,-1.0035601,0.27713946,-0.096528344,0.348458,0.829993,-0.45866713,0.3071803,-1.2551404,-0.6150335,-0.32770926,-0.13036968,0.32343563,-0.165013,0.26539752,-0.426184,-0.22505496,-0.58720255,-0.61028004,0.042792108,-0.48771158,0.12708884,-0.5882009,0.059037257,0.09626209,-0.3708035,0.018357504,0.4045094,-0.60405177,-0.028499102,0.16840364,-0.16787454,-0.20236385,0.41972414,-0.2925042,0.12583338,1.1172038,-0.120441586,0.4593306,-0.30554593,-0.5589745,0.028928,-1.0178419,-0.033088334,-0.47109938,0.52978736,-0.0662227,-0.30212018,0.014011932,-0.117414065,0.27809328,-0.21579643,-0.7006032,-0.33540627,0.55637133,0.32604992,-0.49874446,0.33150095,0.19254085,0.14959659,-0.08581784,-0.3949363,0.3695137,-0.28710648,0.13977116,0.8811805,-0.2568797,-0.34425744,0.0403752,-0.52533555,-0.2568414,0.05813556,0.34283784,-0.2547628,0.11042703,-0.038353644,0.2543537,0.3790484,-0.29955503,-0.3376344,0.42575493,-0.0971476,0.3588434,0.0068162405,0.34333688,0.28849924,-0.34505364,-0.4200039,0.60612947,-0.09286284,0.33939227
kinetic_theory,0.337758,-0.05327119,-0.24331261,0.4807312,-0.33223274,-0.17210007,0.24288914,0.45079166,0.6141865,0.247993,-0.40983334,-0.070108615,-0.51049924,-0.15548164,0.22449787,-0.52814686,0.2433703,-0.14790367,-0.18617353,0.23437734,0.1329686,0.064296894,-0.64169675,0.3214195,0.3132235,-0.11752072,-0.38886732,-0.12385091,0.23774256,-0.9899749,-0.28588527,-0.39369592,0.07370454,-0.01666139,-0.37481624,-0.19014801,0.17352022,-0.93267715,-0.2671371,0.35210764,0.2885766,-0.04704955,-0.04213561,-0.19592994,-0.19940925,0.4667319,-0.14223151,0.22187386,0.2939854,-0.51539826,0.013500458,0.009094745,0.5692229,-0.11554496,0.57841736,0.10806476,-0.27977276,0.24050635,-0.19982034,0.64574164,-0.06819473,-0.04015984,0.22995232,-0.07300948,0.50957525,0.8692419,0.16515084,0.6401915,-0.06372033,-0.032636676,-0.0051697777,0.2569127,-0.30537507,0.21483631,0.04282371,-0.014955664,0.38429704,0.3568103,0.5225212,0.07694423,-0.29306805,-0.11318453,0.076440506,-0.045124665,-0.6392245,-0.30259666,-0.095935225,-0.027045282,-0.2850955,0.43540227,-0.4673092,0.58969134,-0.4677237,-0.41152206,-0.048657525,0.12386822,-0.070709735,0.5998047,-0.16200547,-0.2271487
trunk,0.06860143,-0.1393403,-0.012406977,-0.595829,-0.21207331,-0.522337,0.00453255,-0.060426436,-0.09671885,-0.09736665,-0.60996914,-0.088111006,-0.46913788,0.77374923,-0.17099509,-0.783772,0.85345227,-0.02998706,-0.14684522,0.012329968,0.29427454,-0.6783361,-0.097334325,0.7051275,0.23390895,0.13683234,-0.7813108,0.44785362,-0.6323321,-0.06126621,-0.47478357,0.28413144,0.28036755,0.06868966,-0.09307685,-0.12645106,0.19163351,-0.8084822,-0.48544428,0.18612225,0.74806,0.6877094,-0.33987015,-0.15898567,0.12761506,-0.13650781,0.41443682,0.66050845,-0.23899968,-0.48715898,-0.24008863,-0.99896944,0.40089422,0.19684276,0.35610774,-1.0827866,-0.66226465,-0.24050404,-0.20526859,0.33168045,-0.34015545,0.08327673,0.1364544,0.27424818,1.0477868,0.30102548,0.024085822,0.53684926,0.20850496,0.6014316,0.65838015,-0.009512116,-0.058432996,0.13600183,-0.19949935,0.51843554,-0.3397505,0.33024266,0.057111625,-0.65801215,-0.35999513,0.23452877,0.40261936,0.84597284,-0.116336316,-0.0050832923,-0.22296074,-0.49552348,-0.46242195,-0.02463129,-0.38109884,-0.06358328,-0.1924738,-0.437392,0.005015662,-0.07353893,-0.45215064,0.15487632,-0.4769036,0.45992514
headache,-0.4163587,-0.5494654,-0.7818947,-0.28849012,-0.14984587,0.10065818,0.52167004,-0.044818234,-0.5225444,-0.3854117,-1.2709152,-0.41142985,0.018595593,0.7469414,-0.5331774,-0.28703395,0.993371,-0.53355974,-0.12848796,-0.12765579,0.44235086,0.2600594,0.313865,0.34458458,0.32288817,-0.39127886,-0.91354537,-0.07073112,-0.5390851,-0.1253185,0.34927112,-0.0781067,0.40805098,-0.14382881,0.15485555,-0.11399778,0.11032616,0.0364734,-0.39253718,-0.13048196,0.46189463,0.4130872,-0.18806534,-0.39264956,-0.1996699,0.006068964,0.10843696,0.43478456,0.22660597,-0.5295591,0.16576697,-0.9725125,-0.32877982,0.24649356,-0.01155583,-0.790854,-0.522466,-0.24287538,0.009142303,0.46372983,-0.0013365116,-0.9045091,-0.039848298,0.17778793,0.626804,0.26228434,-0.4567713,0.4283724,0.18653734,0.86195034,0.6280981,0.1759428,-0.23893313,0.20655859,-0.1849628,0.05284447,-0.17545974,0.41753083,-0.15397838,-0.41484192,0.16783771,0.107327975,0.14640065,1.132484,-0.17472039,-0.035843883,-0.06991808,-1.1140096,-0.7850516,0.3920739,-0.79050535,-0.46919206,-0.082019664,-0.103375584,0.06436952,-0.14061086,-0.6314219,0.37184143,-0.36436903,0.604185
epithelium_cell,-0.1247618,-0.5047283,-0.65007794,-0.5390636,0.40983522,0.11893635,0.13583967,-0.09764371,-0.14103633,-0.29343265,-1.0499564,0.10356769,-0.23247738,1.072261,0.54511607,-0.4281613,0.73866564,-0.070271865,0.334353,-0.06574646,0.3530711,0.04974783,0.2846347,0.83498526,-0.2240137,0.016047286,-0.16910759,-0.41866434,-0.83384836,0.10233655,-0.06925459,0.1613777,0.657771,-0.19083475,-0.38853815,0.3898444,0.1787299,-1.1636921,0.0050310665,0.049467985,-0.459273,0.9289735,0.3689641,-0.2419895,-0.22652626,-0.08347984,0.57242525,0.29143625,0.14370684,-0.7162671,-0.076491475,-0.67103463,0.19636895,0.10157705,-0.13651483,-0.5783054,-0.95806473,0.22572856,-0.32722127,0.35602063,-0.13088194,-0.021820856,0.30493507,-0.112769604,0.73257756,-0.11959292,0.11368184,0.32687008,-0.04608885,0.5863408,0.28622675,-0.12577565,-0.34709874,-0.61983985,-0.27352905,0.53910184,-0.115349196,-0.37047097,0.53753036,-0.86853814,-0.18745609,0.17754255,0.14665098,0.79612684,0.2700994,0.8800801,-0.9544701,-0.8052238,-0.06805824,0.24428068,-0.8514655,0.40364534,0.13996108,0.13669439,0.46194202,-0.08794304,0.23414072,0.36240047,-0.59799486,-0.03465143
complication,0.20410898,-0.3550808,0.122703545,-0.7162506,-0.00901169,-0.12208435,0.7230141,0.17579053,0.11635644,0.10525307,-1.5307419,-0.15775418,0.28544292,1.0953498,-0.16247325,-0.65438104,0.78961843,-0.19782774,0.24324337,0.055480935,0.05926782,-0.37448245,-0.3824447,0.37671655,0.75739706,0.11211095,-0.5877023,0.07767878,-0.46534392,0.05010169,0.12445193,0.09438711,0.22994165,-0.020783445,0.08901799,-0.7316857,-0.100156546,-0.5960805,-0.38576385,-0.065620594,-0.14197089,0.41323507,0.38346687,-0.5377866,-0.38649598,0.08517176,-0.07417082,0.66593665,0.060987204,-0.22964336,0.25763267,-0.85089177,0.13792564,0.15335792,0.22586347,-0.90228677,-0.2228821,0.18744048,-0.07264387,0.6727415,-0.19675715,-0.41307953,-0.09717509,-0.62404555,0.5234941,-0.09680209,-0.4152169,0.2548566,0.24504654,0.9742902,0.5704987,-0.17973335,0.10709387,-0.22551131,-0.4391311,0.37542853,0.19115861,0.62617797,0.06260252,-0.43040392,0.17232518,0.00999621,0.080591455,0.8242831,-0.077010594,0.31847835,-0.67652184,-0.48459545,0.12929493,0.61155564,-0.6050862,0.13632344,-0.21630135,-0.53045875,0.084939264,0.18375565,-0.49439314,0.19590694,-0.25359863,0.48807836
surface_charge,0.06455093,0.01990783,-0.7681613,-0.21880762,-0.09365713,0.2576714,-0.1729059,-0.074058354,0.65729994,0.098802745,-0.17483239,0.04985438,-0.46970847,0.21148872,-0.045958385,0.1204748,0.013623203,0.069218874,-0.435772,0.12600125,0.06486583,0.5051586,-0.2038775,0.4575867,-0.38701907,-0.1859252,-0.74614584,-0.25778455,-0.114016525,-0.9510412,-0.8922149,-0.3926756,0.411451,0.46274108,-0.24750912,0.46909216,0.53733355,-0.7212107,-0.5720521,0.93620634,0.46934956,0.055913523,0.9889135,0.15629865,0.33754537,0.27435935,-0.3088696,0.6121445,0.3290498,-1.1944383,-0.42350608,-0.32770267,0.62402105,-0.001838641,0.2578877,0.068220526,0.23614918,0.36794707,0.16824321,0.72115535,0.09451378,0.0028823006,0.56395537,0.82247204,0.7664193,0.8379074,0.33935878,-0.3416064,-0.33836025,-0.36450908,-0.2577212,0.1275177,-1.3660486,0.41512156,0.27964914,0.49722138,-0.21624906,-0.047787644,0.70041156,0.4417682,-0.45661715,-0.049529836,-0.22800316,0.074610345,-0.35282436,-0.108025774,0.035216488,-0.94440585,-0.17040327,0.19894789,-0.592105,0.85870224,-0.44765735,-0.5426198,0.32254297,-0.14867017,0.05411872,-0.55341065,-0.7132971,-0.20650569
mortality,0.34719577,-0.318967,0.4911691,0.2960673,0.2650028,0.04643187,0.6651878,-0.59697044,0.036242384,0.4638716,-0.5561795,-0.00882502,-0.49748293,0.9836665,0.36760676,-0.98799497,1.1203125,-0.4454112,-0.3971832,0.4065204,0.17333348,0.17785408,-0.33087647,1.2161186,-0.27082428,0.5096544,-0.3544166,0.044557665,0.0006313882,0.32982436,-0.24001521,-0.14701594,0.65789133,-0.23021,-0.19975291,0.053291727,-0.2554561,-0.25297225,-0.64383364,-0.07866825,-0.63482726,1.0265222,0.48339298,-0.09805812,0.30532256,-0.42051092,0.6901346,1.1476557,0.36746913,-0.014716807,-0.060818244,-0.92400277,-0.30150637,0.4951399,0.44454226,-0.75415844,-0.88968337,0.30756333,-0.2841542,-0.36213028,-0.24833398,-0.4304852,-1.0919166,0.1627282,0.21864441,-0.18479954,0.2512282,-0.5559244,0.04494252,0.09878911,0.64754355,0.18984415,0.06126748,-0.19346632,0.15887342,0.42864832,-0.08812641,-0.53027165,0.19643326,-0.04933839,0.30336803,-0.57405514,-1.0209059,0.25683787,-0.17508826,-0.49430603,0.29099572,0.55002207,0.3236345,-0.029050833,-0.0340576,-0.106556594,0.4140514,-0.846664,0.0015482522,0.023910087,-0.869643,-0.027998557,-0.7829583,0.6462235
blood_analysis,0.028412072,-0.055446707,0.16878793,0.1521444,0.044241995,-0.14935926,0.14577451,-0.96846044,0.27364978,0.015046487,-0.46332347,-0.23296216,-0.4423,0.4244791,-0.4481379,-0.528782,0.3152198,-0.8969407,0.0014528561,0.30818427,-0.16143183,-0.08782795,-0.6504317,0.36261165,-0.55875146,0.66871613,-0.1467214,-0.36154032,0.26643968,0.11872797,-0.35566357,-0.49376622,0.571916,-0.2659074,0.4296592,0.25502828,0.09076089,-0.6946907,-0.11782335,-0.068512745,-0.13624527,0.86647993,-0.041791815,-0.13959299,0.2541186,-0.49295396,0.45778966,0.37386137,0.070711106,-0.5896795,-0.3139208,-0.8716481,-0.08908387,0.16386546,-0.101471156,-0.44781044,-0.62694216,0.3259601,0.315893,-0.22376643,0.10115201,0.1761771,-0.56413424,0.6391234,0.5989212,0.52614355,0.3059961,0.14030509,-0.71901345,0.17137785,-0.3041994,0.32901424,0.42524827,-0.4201527,0.25964,-0.26195282,-0.17219672,-0.9039699,0.0712969,0.20783047,0.8663444,-0.7439802,-0.40729272,0.29915655,-0.12666358,-0.32823044,0.49700692,0.17506844,-0.07611889,-0.35207468,0.24447949,0.6723484,-0.17710298,-0.83608246,-0.08266528,0.165827,-0.3878069,-0.3003785,-0.30122837,-0.37451196
birth_weight,0.1379773,0.25784034,0.3243809,-0.2977644,-0.36331514,0.034548044,-0.013062243,-0.28238508,0.2753575,0.20935129,0.073364235,-0.022768658,-1.0553561,0.6610711,0.009670605,-1.0458012,0.94921345,-0.65464425,-0.50442636,0.07292428,-0.03356216,-0.43728995,-0.49006748,0.48940435,0.014097892,0.40755054,-0.73909384,0.034618143,-0.10509393,0.010488777,-0.74855745,-0.09979684,0.32761502,-0.0095168445,-0.041140012,-0.19984977,0.07419157,-0.59545636,-0.19585255,0.1580814,0.16718236,0.6788805,0.23998998,0.16765773,0.353252,-0.28744867,0.6695375,0.6500696,0.11215086,-0.16277309,-0.6433626,-1.2614304,0.009226767,0.4657558,0.20405088,-0.38448533,-1.0464603,-0.072010994,0.109975226,-0.11796996,-0.26031345,0.19795193,-0.6966003,0.5491987,0.7575706,0.027615,0.29436255,-0.030029442,-0.39633068,0.47318533,0.4744944,0.022292193,0.26694933,0.22359903,0.07972869,-0.045714334,-0.6146448,-0.3442353,-0.3001775,-0.055918016,0.062361542,-0.16231363,-0.28068656,0.25987875,-0.33099198,-0.43984064,0.45640185,0.2877419,-0.2993185,-0.12179592,0.05727813,0.34587562,-0.1844618,-0.7905214,-0.06858551,-0.05608852,-0.3631826,-0.17713833,-0.115197614,0.31406432
spatiotemporal_analysis,0.1769732,-0.18221451,-0.60014564,-0.28889894,-0.057004396,-0.48517415,0.63641775,0.7223621,-0.4417526,0.04686915,-0.59385645,-0.12467494,0.26729593,0.936305,0.1558505,-0.63034487,0.16962974,-0.46500564,0.41175178,-0.030234568,0.2334399,0.010657829,0.04247008,0.75958306,0.29312906,-0.25856668,-0.13552406,0.1364844,-0.6032699,-0.63709617,-0.46451318,-0.18003821,-0.35103956,0.33927444,-0.27625614,-0.24736184,-0.028187655,-0.2551773,0.06575061,0.23538388,0.13977145,0.06393295,0.08494085,-0.33491677,-0.2118084,0.05235373,0.18793406,0.21511655,0.039587457,-0.06944814,-0.38337225,-1.3287834,-0.22301915,-0.41103575,0.36273038,-0.09981318,-0.013724216,0.35667345,-0.4975988,0.5421739,-0.21947716,0.50441754,-0.4801877,0.2290549,0.82349026,-0.36783093,1.1318551,-0.0395313,-0.6984481,0.45519665,0.24594021,-0.92243934,-0.13301994,-0.23675333,0.14200062,-0.2711059,-0.590524,-0.37075868,-0.32899332,-0.57068276,-0.20161748,0.27716663,-0.27761462,-0.65126234,0.31119308,0.72951156,-0.2783237,-0.14614172,-0.28874737,0.05064344,-0.4913207,0.44498077,-0.5746156,-0.92689925,-0.079304695,-0.19261675,-0.22832792,-0.3986916,-0.5419067,0.4950575
pacific_coast_[north_america],0.26444888,-0.3601859,-0.017755033,-0.5373972,0.03493673,-0.35509932,0.7115193,0.521162,-0.038118247,0.055416632,-0.5540801,0.035334054,-0.25181442,0.6512669,0.06220145,-0.43259928,0.06800876,-0.23261751,0.06595828,-0.17547181,0.35042095,0.08174689,-0.16599706,0.46112263,0.19661827,-0.1756886,-0.3813398,0.3456048,-0.84671926,-0.64784586,-0.20630041,-0.7217313,-0.30417418,0.33921286,0.18811385,-0.33489493,0.048304405,-0.36693206,0.0561089,-0.07840435,0.24538767,-0.1428716,0.2361581,0.034974806,-0.0100008445,0.13936655,0.32525378,0.02942091,0.0012102781,-0.42330402,-0.110397235,-1.0940787,-0.30488476,-0.869002,0.426724,-0.23967233,0.14595506,0.22910035,-0.283335,0.65366226,0.22764975,0.3137589,0.11970962,0.3053593,0.7108825,-0.4212152,0.86897403,-0.17648551,-0.8537057,0.5792818,0.23490138,-0.65224475,-0.24822195,-0.17508915,0.010544067,-0.03504165,-0.4214741,-0.28296566,-0.13445422,-0.30392623,-0.33594367,-0.07954745,-0.24783531,-1.0834026,0.2599332,0.33015117,-0.13958442,-0.57368034,-0.62377864,0.19141358,-0.4128288,0.57620615,-0.4047774,-1.0119251,-0.099057674,-0.46591365,-0.4004085,-0.54695463,-0.6079478,0.3380939
pacific_coast_[mexico],0.26172978,-0.3786602,-0.09063944,-0.46527523,0.048989132,-0.31586444,0.6945334,0.5185382,-0.023088269,0.07781565,-0.512735,0.033756837,-0.2323759,0.63699317,0.051195234,-0.44451797,0.09331235,-0.22987823,0.094837524,-0.1625066,0.32997364,0.08675097,-0.18239173,0.45102006,0.20033579,-0.17351848,-0.3823004,0.3238161,-0.8290373,-0.6648252,-0.23907024,-0.6899717,-0.27954316,0.35752243,0.19121768,-0.34606156,0.05035836,-0.3473806,0.056660388,-0.08297634,0.20412038,-0.10319446,0.24723758,0.02372064,0.006716954,0.12054832,0.32255575,0.024310632,0.009991958,-0.42640492,-0.13035762,-1.0951756,-0.31514898,-0.8989764,0.45078054,-0.18192792,0.14752834,0.21193333,-0.2679108,0.67291313,0.25807878,0.32531032,0.11417489,0.29062253,0.73329526,-0.38869032,0.8544788,-0.15896146,-0.84000045,0.56014806,0.23421128,-0.66070974,-0.2602967,-0.19648832,0.033833705,-0.012298214,-0.39427835,-0.30456838,-0.112686716,-0.2939582,-0.28417298,-0.089729555,-0.2766368,-1.1066059,0.22851017,0.32632342,-0.14100613,-0.57548773,-0.63920665,0.20505561,-0.4145993,0.5730808,-0.40706033,-1.0329124,-0.116392,-0.4311965,-0.38600937,-0.5156292,-0.5807,0.3444966
coral,0.12480474,-0.3942994,-0.070663825,-0.51638514,0.012305612,-0.28172663,0.73576945,0.54656553,0.016898463,-0.02093355,-0.5410241,0.0408195,-0.25075352,0.6357377,0.14532045,-0.48726428,0.05808272,-0.15329252,0.06343571,-0.015854793,0.3205161,0.10432512,-0.16301216,0.37809837,0.27290326,-0.18861188,-0.40083757,0.2363469,-0.7226317,-0.73686033,-0.25753433,-0.6527849,-0.16703375,0.30907017,0.1870486,-0.16478565,0.031843107,-0.3504132,0.048846256,-0.021313628,0.2704891,-0.15291938,0.16385335,0.0386641,-0.08489139,0.06457292,0.41640985,0.045288038,-0.028110038,-0.37125376,-0.15528123,-1.0338936,-0.2918461,-0.7090938,0.4396098,-0.2249964,-0.0021741583,0.09394351,-0.2970562,0.5133749,0.106868856,0.31611422,0.004060521,0.43243405,0.7270357,-0.34468207,1.0237384,-0.07891384,-0.6694561,0.61870104,0.18797347,-0.54598165,-0.10993336,-0.015427192,0.060293663,-0.0017263043,-0.4017278,-0.18008846,-0.23902932,-0.35275492,-0.4209228,-0.01872142,-0.15324193,-0.97918373,0.16969372,0.41250083,-0.019637238,-0.504651,-0.763997,0.16421545,-0.4599872,0.5191578,-0.3902596,-0.92829067,-0.0665379,-0.48802218,-0.4439732,-0.43936005,-0.51491815,0.30860963
biogeography,0.05519971,-0.26276413,-0.067987405,-1.1711894,-0.38214457,0.18445452,0.29926065,0.20414473,-0.16780491,-0.027091734,-0.56536585,0.36854276,-0.26012737,0.8146579,-0.03256848,-0.57969797,0.10587565,-0.14802806,-0.37673202,-0.001049501,0.071794234,-0.59529674,-0.0088740755,0.2204688,0.30598664,-0.28676715,-0.47013116,0.37212586,-0.5895023,-0.31218112,-0.35730648,-0.16469489,0.055371553,0.34280506,0.09994399,-0.096131764,-0.07507652,-0.5237344,0.18077502,0.047790777,0.43151397,0.042399965,0.35253447,-0.11319842,0.02247819,0.08705217,0.7317192,-0.18304631,-0.31238467,-0.12891869,-0.3874245,-1.3889612,-0.30023977,-0.3725376,0.62797683,-0.30575916,-0.39900628,-0.31415612,-0.6093619,0.3309162,-0.17006868,0.3442813,-0.31011963,0.5421343,0.9861609,-0.5119806,1.1000234,-0.032048006,-0.4638027,0.3057647,0.2428864,-0.33808607,0.15287842,0.028486604,0.15664314,0.049114175,-0.5276774,0.039171312,-0.84709024,-0.70203614,-0.49287477,0.004995514,-0.19666357,-1.1380947,0.21956563,0.46572024,0.32150182,0.1861587,-0.274903,0.13010174,-0.1862489,0.643033,-0.72741115,-0.9311507,0.0764569,-0.61028296,-0.3923877,-0.5227503,-0.45074728,0.29484814
impeller,0.04528571,-0.17760864,-0.46569327,-0.3506486,-0.355271,0.53184235,0.4275399,-0.0047708075,0.119571924,-0.34694526,0.046040572,0.1883216,-0.46821544,0.7920327,0.10271947,-0.8375319,0.006224336,-0.11239635,-0.26797938,0.36882603,0.24464722,0.44344053,-0.08178872,0.52671504,0.2601537,0.040167116,-0.2768812,-0.35493413,0.23351176,-0.5242121,-0.27990484,0.12654607,0.03949515,0.19658609,-0.4712447,0.45743236,0.07836809,-0.12510644,-0.023032697,0.3036365,0.26734307,0.034862373,0.56675845,-0.51422894,-0.4634579,0.08165202,-0.021338837,0.71740854,0.07741502,-0.10292468,-0.38441703,-0.40706518,0.5083267,0.2222552,0.78526103,0.06152486,-0.60867697,0.20940691,-0.304714,-0.2949609,-0.52245843,0.4898272,-0.4943295,0.35184526,0.4529195,0.2929788,0.47576365,-0.06662244,-0.17827088,-0.15918532,-0.012455134,-0.049581576,-0.31048012,0.027159467,0.055028096,0.42499453,-0.65692717,0.37448728,0.01574581,-0.33763164,0.23379664,-0.28625888,-0.1489809,-0.373668,0.077330254,0.22025637,0.06800431,0.2501944,0.42188567,0.4741319,-0.9116139,0.42152444,-0.94649845,-0.36293858,0.34877303,-0.23747824,-0.23151828,0.21240757,-0.6879708,0.094533905
estrus_cycle,-0.19846104,0.2962849,-0.020098768,-0.6572237,-0.7475244,0.7416745,0.54813176,-0.1802076,0.14271954,0.13403325,-0.42784044,0.230005,-0.46170375,0.20152411,-0.4616675,-0.18014085,0.44182137,-1.0737896,-0.75556636,0.0628468,-0.36565432,0.43558654,-0.24605334,0.228888,-0.3464676,0.2383587,-1.0897183,0.45318824,-0.5215806,-0.1468137,-0.062112764,-0.31977388,0.15237387,-0.32310456,0.26017684,0.071060985,0.49276292,-0.40238804,0.5213273,0.36108693,-0.15044624,0.1225526,0.5359626,0.059108824,0.5304122,0.1026519,-0.0197184,-0.10673094,0.34152782,-0.43313316,-0.077521026,-1.1374314,-0.5807103,-0.12584206,0.21645312,0.4843283,-0.2390307,-0.25019363,0.15851054,0.65823,-0.34423453,0.019232392,0.13012308,0.8622986,0.43246463,-0.5451049,-0.08908703,0.4544241,-0.8268292,0.25491688,0.5003615,0.3542912,-0.19282496,0.06304533,0.34540382,-0.5810814,-0.5294836,-0.084690094,-0.9034243,-0.2977475,0.23045132,-0.28482527,-0.0024440412,-0.18841138,0.2854158,0.30704322,0.5933499,-0.33480322,0.14754957,0.08026146,-0.45864922,1.0210191,-0.19951622,-0.15776162,0.12986545,-0.67072934,-0.04428004,0.22842705,0.15147349,0.44033042
cell_communication,0.4052271,0.1621016,0.37939793,-0.18147491,0.04428447,0.5937834,0.78623337,-0.6135378,0.11984595,0.42408043,-0.62182444,0.9117971,-0.055167463,0.44288126,-0.44506982,-0.3791707,0.41228896,-0.9994092,-0.115656614,0.10551801,-0.16902456,0.3927497,-0.49669683,0.7041238,-0.31574273,0.058798987,-0.70473605,0.51083106,-0.53354806,-0.02889837,0.45224303,-0.40638345,0.17975144,0.16631314,-0.01474921,-0.096337534,0.29753464,0.023523524,0.21782985,0.39768225,-0.5495161,0.06713097,0.8794043,0.15130273,0.6693015,0.4411802,-0.13592015,0.28696504,-0.23170835,-0.18279748,0.2920162,-1.2172387,-0.014499529,-0.04129218,0.14313348,-0.34680802,0.34595138,-0.25383723,-0.31662136,0.81556183,-0.09746445,-0.37455884,0.095441215,0.3600625,0.5571752,-0.64594835,-0.48424754,-0.08859074,-0.2720993,-0.32282084,0.41508526,-0.10416924,-0.25507784,-0.33353588,0.4333653,-0.10536958,0.35257733,0.19852972,-0.5487355,-0.60901195,0.47545442,-0.27638304,-0.06869267,-0.35626888,0.28220677,0.29486322,0.25705072,0.16550304,0.998888,0.4665139,-0.44901773,0.6169097,-0.008136733,-0.6307372,0.3501821,-0.4705187,-0.37824112,0.032786977,-0.26287505,0.43014476
exposed_to,-0.12038584,-0.021857612,-0.3949725,-0.14051458,-0.5886827,-0.27264506,0.60925764,0.3353455,0.2614336,-0.00274382,-0.0022204209,-0.0034347728,-0.20511289,0.47469068,-0.52077514,-0.44576472,0.5436805,-0.81559753,0.2876333,-0.30051798,0.67601025,0.40372857,-0.45762798,0.48084855,0.1554467,-0.020992706,-0.7428213,-0.24891476,-0.11328993,-1.0965062,-0.48766467,-0.36160645,-0.07831725,0.1486694,-0.067484476,-0.046745267,0.14331181,-0.4639148,-0.17893502,-0.06573233,-0.40501356,-0.30106285,-0.048911054,-0.33613634,-0.7698134,0.34762624,-0.21761496,0.476217,0.037473552,-0.17953336,-0.16267064,-0.4124594,0.62172794,-0.12144231,0.30526358,0.39505914,-0.78618574,-0.33025137,0.49748898,0.01994085,-0.18889864,-0.18842797,-0.58350873,0.41441214,0.52303934,0.5659019,0.29323837,-0.30183527,-0.31218103,0.38775903,-0.16626388,-0.37553108,-0.15652862,0.06258361,0.34105474,-0.0314458,-0.85570765,0.008647938,0.27422446,0.27563754,-0.07647552,-0.37513226,-0.13365743,-0.22145022,-0.28292766,-0.15425366,0.09319855,0.045323923,-0.2688896,0.28497824,-0.2277163,0.18675123,-0.49696735,-0.7242569,0.08326582,0.031184586,-0.08072284,0.6192829,-0.28575635,-0.42323264
palmitic_acid,-0.7455892,-0.6549086,0.13340393,0.5370805,-0.6321376,-0.14160751,0.2286039,0.11592208,-0.23606011,1.1168827,-0.83807224,0.2862244,-0.2766418,0.012334454,0.6954273,-0.8579893,0.34430236,-1.0144744,-0.2139032,-0.7621143,-0.11964982,0.49477708,-0.36726826,0.20626415,-0.13519804,0.22103515,-0.5647111,-0.8544431,-0.59663194,0.14083129,0.77022344,-0.012855144,-0.14732817,0.043942146,-0.083033666,-0.66793436,0.83995104,-0.5222694,0.8871559,-0.30114692,-0.14550966,-0.4656005,0.8414805,-0.19081111,0.47084346,0.9764483,0.04063283,-0.44426656,0.37928182,-0.520047,0.28548798,-0.295801,-0.26943427,-0.35031077,0.41372234,-0.0035027203,0.57405144,0.346555,-1.0906959,0.8735361,0.022028692,-0.52631915,0.109037586,0.24622768,0.48203093,0.0049535474,0.22067352,0.30866715,-0.23308809,-0.6762252,0.33581492,-0.1983275,-0.8258502,-0.62848157,-0.054965425,0.13197853,-0.09964582,-0.121446185,0.50150913,-0.7347603,0.5796872,-0.27835116,-0.58065325,0.038461003,-0.30431437,-0.29386666,-0.44635007,-1.0301322,-0.32145232,0.42022243,0.03938104,0.3105551,0.16152236,-0.46377963,0.29759207,-0.507893,-0.052569687,0.22839741,-0.18964426,0.39128715
diet,-0.37415493,-0.47042936,0.11169963,0.20229822,-0.38911304,-0.24066505,0.40006658,-0.08243993,-0.4497408,0.5969305,-0.50228,0.37117007,-0.111329906,0.2104316,0.7366874,-0.7880129,0.24513131,-1.218671,-0.3525659,-0.59308946,0.13531241,0.38448566,-0.33464068,0.4317463,-0.5131011,0.37079972,-0.14018,-0.31912935,-0.4165574,-0.3852278,0.35795265,-0.99597293,-0.11499382,-0.163815,0.15394787,-0.4336398,0.2550788,-0.41723922,0.32112005,-0.57224107,-0.10763923,-0.115086816,0.028381223,-0.10649143,0.34416494,1.0343741,0.37728995,0.2886501,-0.22219229,-0.43054032,-0.013979805,-0.6469192,-0.20342481,-0.81920046,0.7785324,-0.19713941,0.38000488,0.28177553,-0.3488232,0.48334855,-0.020323575,-0.4869697,-0.1299572,0.48880583,0.36158612,-0.39842153,0.5680091,0.24411726,-0.33362117,-0.18776834,-0.28400084,-0.19634546,-0.066030264,-0.5251705,0.17264657,-0.12342749,-0.61804116,-0.30772778,-0.30699,-0.024277145,0.18237267,-0.28796104,-0.48958614,-0.584974,-0.014968631,-0.013319238,-0.11229505,-0.71535826,-0.7956577,0.41100532,-0.06861094,0.14189312,-0.023082497,-0.5455309,0.15618654,-0.18249366,-0.1833362,0.45531633,-0.1586823,0.0049211206
phase_transition,0.7991332,-0.05785774,-0.123565614,0.24873783,-0.13370611,0.5605867,0.7557714,-0.45907992,-0.21750894,-0.28456473,-1.1800295,0.38524568,-0.029412976,0.41324514,-0.52494246,-1.1870968,0.6142692,0.04968322,0.035980828,0.07941101,-0.38360533,0.19405845,-0.11642332,1.0895941,-0.13066874,0.30468553,-0.36243886,-0.77007943,0.2944876,-0.024963943,0.22222984,0.28851792,-0.18287978,0.17915928,-0.90395707,0.24303073,0.23043811,0.33363974,0.17545734,0.28156286,-0.33641204,-0.0056552812,0.43658558,-0.23790577,-0.4350478,0.9045828,-0.2742879,0.27817395,-0.15496916,-0.035771035,-1.0648638,-0.12746263,-0.3704531,0.50243765,0.531544,-0.19648652,-0.012307731,-0.08954935,-0.26971343,0.027103491,0.48411646,-0.73860323,-0.12429027,-0.68286324,0.28431177,-0.52487624,-0.3402955,-0.95742035,-0.53936636,-0.025079194,-0.5108947,-0.34506398,0.039620664,-0.104681775,0.1301263,-0.09958751,0.15334296,0.50810647,0.6797444,-0.2662682,0.5606186,-0.029058121,-0.4343238,0.08376289,-0.31062275,0.28466472,0.53097504,0.3668905,0.54058784,0.2503181,-0.85091496,-0.033235416,-0.481099,-0.75872284,0.17451288,0.1857647,0.039010726,-0.044742938,-1.507535,0.40743747
first_order,0.10220515,0.1375647,-0.6415002,0.44372362,-0.21594283,0.40526056,0.46275035,0.30691725,0.3787226,0.3782928,-0.45767587,0.3776197,-0.47576973,0.5374602,0.2630573,-0.83126223,0.19999865,-0.19389081,0.20781657,0.19040035,0.11831261,-0.28112888,-0.38805318,0.48455945,0.032247275,0.08739482,-0.18031558,-0.7886475,0.17928924,-0.2750041,-0.15304461,-0.49277037,-0.029312847,-0.1428402,-0.42286482,-0.12297055,-0.24650292,-0.4538251,0.09923207,0.49510986,0.106119916,0.023404572,0.39933753,-0.21845853,-0.83890396,0.5438743,-0.12829548,0.6911948,0.066220276,-0.39403483,-0.5818053,0.0021425355,0.09688724,0.44172442,0.43281123,-0.26735532,-0.41270596,0.70442355,-0.29140458,-0.24221528,0.06756707,-0.5273506,-0.2530862,-0.31104228,0.2092484,-0.01768558,0.07353306,-0.14908257,-0.21648884,0.2549433,-0.28250554,0.13414428,0.16863993,0.29166347,-0.022466224,0.017419925,0.17063804,-0.15107512,0.31833968,0.20051332,0.3195208,0.0770101,-0.10695947,0.10363185,-0.34378088,-0.32761547,0.75213945,0.40079948,-0.27171963,0.40436086,-0.24450147,0.0030184921,-0.7576798,-0.17295279,0.16640845,-0.018843267,-0.123621956,-0.1717372,-0.56878924,0.51548374
synergistic_effect,0.36908737,-0.4503384,-0.74861246,-0.1461832,-0.30656713,0.43910143,0.4547443,-0.16778,0.18883507,-0.48283157,-0.4331095,0.12177201,0.053324923,0.74531907,0.5467597,-0.85044634,0.1916196,-0.55520624,-0.25698885,0.124474525,0.017726583,0.750613,-0.2910201,0.13926204,-0.0059208195,0.018415784,-0.5582368,-0.72299224,0.23884554,-0.18849564,0.32222328,0.39624718,-0.114709914,0.10191606,-0.5035445,0.4730589,0.011716195,0.2165273,0.10806963,0.5137157,-0.18438916,0.18853666,0.7865155,-0.77031714,-0.096191235,0.6438021,-0.22038089,0.73577845,-0.05492789,0.01595175,-0.50956076,-0.531764,0.42106748,0.60267425,0.36803895,0.17850222,-0.5582346,-0.12170965,-0.52441716,0.09942224,-0.95687395,-0.063275486,-0.70195025,0.4432689,0.3043304,-0.17530864,0.61885256,0.35021985,0.036266524,-0.6356133,0.033382267,0.1854293,-0.23489673,-0.10253147,0.18066618,0.1535117,-0.4606381,0.5125517,-0.1112192,-0.57659775,0.49707407,-0.36899674,-0.077627026,-0.02997504,0.116748706,0.55434406,0.017705187,0.45045432,0.7243711,0.6771829,-1.1778313,0.4601882,-0.39876765,-0.2444282,0.3744198,-0.15128398,-0.0043579647,0.31562477,-0.4221646,-0.29100206
mtt_assay,0.65379757,-0.61797124,-0.25501132,-0.9769686,-0.15798423,0.59931517,0.27175742,-0.103626914,0.019090468,-0.42730606,-1.0762897,-0.20871475,0.77530706,0.3801232,0.5242793,-0.6373393,0.37294865,-0.88335717,-0.94231814,-0.06541102,-0.13234793,0.37643504,-0.035833947,0.039992504,0.0067138034,0.61921,-0.7573225,-0.8437893,0.05729521,0.24495335,0.61954004,0.15290016,0.16845722,-0.25498393,-0.3019199,-0.055687837,0.15183096,-0.5050469,0.2970796,0.58673227,-0.017075328,0.29615828,1.052121,-1.0293047,0.04002653,0.40165442,-0.036720786,-0.17582838,0.41076937,-0.20363872,0.042187233,-0.8985538,-0.12425324,0.44022715,0.025296947,-0.1209099,-0.7800104,-0.06943593,-0.11429549,0.64454764,-0.8345226,-0.19485253,-0.4764718,0.20157827,0.5527728,-0.48632663,0.8388507,0.56190985,-0.0840886,0.09234871,0.014753371,0.5083107,0.26025307,0.109069176,0.09883428,0.03363918,-0.17252561,0.337239,-0.53688157,-0.65101767,0.27487576,-0.24280095,-0.1092635,0.4965299,0.21118878,0.6407037,0.012240007,-0.15440911,0.7719103,0.72062,-0.91430575,0.7869406,-0.054813337,-0.18911785,0.55690444,-0.27288762,0.13175012,-0.03420919,-0.27305302,0.19736663
nitric_oxide,-0.14478846,-0.6429878,0.07993429,0.7230029,-0.5643938,0.5257846,-0.012300159,-0.50112796,0.07271751,-0.36338037,-0.89020276,-0.073966645,-0.45541015,0.028612304,0.26074037,-1.3828963,0.6352313,-0.0039585847,-0.2545868,-0.029913684,-0.6979352,-0.038062435,-0.19913463,0.39821893,-0.5029552,1.2619559,-0.67304736,-1.2621413,0.8308367,-0.06362395,0.14024015,-0.40142322,0.7679526,-0.59405935,-0.5089394,0.2653752,0.5574745,-0.32892397,0.29085234,0.50742054,-0.40470535,0.01469572,0.39841852,-0.36958596,0.2648621,0.24584724,0.6327336,-0.38150325,-0.31012642,-0.51999193,-1.3975407,-0.10448499,-0.66109604,0.5638275,-0.2786969,0.29839903,-0.8123702,0.096040875,-0.078656636,0.00025197054,0.30214137,-0.4639704,-0.38898748,0.14558068,0.4004451,-0.3400225,0.6534643,0.11356058,-0.6545607,0.1644879,-1.021864,-0.16092478,-0.24654083,-0.22023946,0.122096024,-0.30885196,-0.16793023,-0.36842334,0.45913395,0.14195897,0.7006816,-0.6009689,-0.026972216,0.707552,-0.18390837,-0.042456996,0.9949954,0.07138177,-0.24776295,0.4772261,-0.5395984,0.31760824,-0.1847339,-0.026644524,0.3083407,0.19769119,0.12068599,0.30495957,-1.1756853,0.13944682
natural_product,-0.42786637,-0.5131777,-0.44749567,0.63048685,-0.275094,0.35725072,-0.11676088,-0.56494004,0.13015814,0.32146043,-0.49858943,0.30134633,-0.39926812,-0.012494132,-0.19575714,-0.82845455,0.1766376,-0.18481316,0.20257731,0.19806294,-0.23832333,-0.32485607,-0.29941514,0.70029634,-0.1506916,0.08777543,-0.41093695,-0.7356408,-0.040095508,-0.029039333,0.24889827,0.07533443,0.97481245,-0.17691141,-0.43276277,-0.5213236,0.6593543,-0.34232083,0.40368107,0.7879388,0.059210803,-0.0778414,0.49648577,-0.21192586,0.62625986,0.13657588,0.446342,-0.65957844,-0.2661906,-0.46210515,-0.34359965,-0.45958748,0.17814212,0.07737414,-0.28560138,0.07213102,-0.6477641,0.5729177,-0.452952,0.15487194,0.03376123,-0.05599492,-0.6039027,0.7871611,0.4897427,0.13498507,0.068677716,0.6431543,-0.1269703,-0.34053636,-0.23954871,0.34264353,-0.5474863,-0.3604336,0.5500851,0.31156215,0.37684533,-0.5595609,0.060606632,-0.30898732,0.8481895,-0.030953206,-0.034403387,0.9733739,-0.3118583,-0.67817885,1.0043925,-0.39854118,-0.97118884,0.18837321,-0.14367266,0.37398827,-0.8292382,0.47865215,0.6384596,0.11384361,-0.31554356,-0.24072768,-0.9840462,0.39813128
liquid_chromatography_mass_spectrometry,-0.8209247,-1.0567143,-0.7134278,0.10757423,-0.1711755,0.5470855,-0.17756975,-0.3883184,0.077701576,0.04869343,-0.90910935,0.20510787,0.1391458,0.18150054,0.03724799,-0.77494454,-0.30192026,-0.614428,-0.5684858,-0.32655346,-0.013178872,-0.93760973,-0.066888586,0.24468595,-0.28032303,1.01722,-0.5770236,-0.44969553,0.18026806,0.47323504,0.49340677,-0.15332407,1.0705364,-0.3648488,0.30628094,-0.15675066,0.31127152,-0.08667493,0.10547782,0.085474186,0.51487744,0.31509826,0.2354351,-0.42534703,0.5387741,-0.14734049,0.53078884,-0.10397278,-0.008618168,-0.97022706,-0.48912337,-0.4909426,-0.5022241,-0.111461446,0.22830233,-0.30864277,-0.47407198,0.5659297,-1.1895984,0.58020663,0.08756751,-0.45642444,-0.3001478,0.29140362,0.48669502,-0.26843855,0.2623786,0.774159,-0.20816824,-0.29621953,-0.20584917,0.26882952,-0.24615437,-0.16004327,0.13550296,-0.059060827,0.29251382,-0.49449188,-0.46109208,-0.536364,0.44764298,0.10854523,-0.22207156,0.63142717,0.17256065,-0.19932812,0.5063139,-0.41690928,-0.30663085,1.1648364,-0.53190196,0.17368995,-0.046934366,0.1925375,0.7479574,0.47835892,0.018447796,-0.08788432,-0.5113445,0.47739378
bradford_assay,-0.35973668,-0.1615359,-0.10243615,0.13393213,0.27020115,0.049712673,-0.3870045,-0.61324334,0.48372638,-0.14803731,-0.88497096,0.16587804,-0.1130698,0.3987838,0.30399534,-0.67458755,0.6828375,-0.67803675,-0.09222857,0.039163146,-0.030995155,-0.22037527,-0.47689736,0.1884393,-0.5915578,0.6390295,-0.4775039,-0.8375263,-0.0386729,0.27932152,0.118241556,-0.5503495,0.8834677,-0.2520689,-0.069865845,-0.058837656,0.53940475,-0.8256848,0.22652817,0.34226796,-0.06174231,0.47903594,0.52734506,0.07869552,0.59225374,-0.059613854,0.9553038,-0.17927177,-0.034008693,-0.6673379,-0.52481,-0.32386416,0.10907297,0.30381644,-0.39196995,-0.34407923,-0.7359089,0.362532,0.017636698,0.020953657,0.024646241,0.04143024,-0.2596263,0.51038164,0.3739196,0.21303318,-0.022945214,0.5451062,-0.36470652,0.28530276,-0.34796113,0.42957902,-0.073083945,-0.48799714,-0.14854307,-0.103094,0.22526473,-0.69628793,0.12723047,-0.3893372,0.23721564,-0.17493658,-0.16535026,1.1924729,-0.032141052,-0.17395738,-0.09698947,-0.54683214,-0.20985422,0.21531123,-0.52726185,0.86650556,-0.18439671,-0.18267356,0.19677188,0.25330862,0.5294863,-0.0980708,-0.47741327,-0.25592694
antihypertensive_agent,0.07404615,-0.18156397,-0.64228934,0.15801936,-0.15907528,0.8224616,0.15037657,-0.32599604,0.9995889,0.41393128,-0.80764145,-0.051902592,-0.62697655,0.4110113,0.7331104,-0.56505245,0.6644223,-0.7209014,-0.40001518,0.12007946,-0.144528,-0.37889963,-0.3261369,-0.19890891,-0.14573076,0.22040772,-0.6230977,-0.9512287,0.08999568,-0.29393637,0.084728904,-0.8778033,0.926864,-0.18580978,-0.4734903,-0.13159785,0.25490808,-0.6273468,0.109228,0.29903287,0.077447325,0.11257002,0.18495932,-0.0555487,0.56591564,0.6786255,0.8858172,-0.032624733,-0.10951016,-0.5410409,-0.46007052,-0.59543186,-0.14048702,-0.2160512,-0.23704606,-0.18149148,-0.663725,0.15385099,-0.039359033,0.05009242,0.45994192,-0.56365407,-0.52137226,0.578782,0.25801465,-0.46782222,0.12112641,0.6245877,0.12123436,0.05791287,-0.48299262,0.46183276,-0.103405066,0.54156834,0.8902629,-0.014098229,0.2236942,-0.17339171,-0.099914104,-0.20606668,0.05468424,-0.049677,-0.33277863,0.26140383,-0.19249348,-0.26900163,0.8884119,-0.18175706,-1.0156281,0.8030577,0.006991447,0.48931348,-0.08381319,0.5481242,0.42625907,0.35452428,0.24411242,0.1630792,-0.44313648,-0.12881815
seismic_response,0.044019282,-0.53993416,-0.49676815,-0.10756795,-0.30354905,-0.6629332,0.55225575,0.27034122,-0.10628536,0.06918944,-0.06581053,-0.38918036,0.21225423,0.44918028,-0.54729325,-0.6440297,0.26411998,-0.50442475,0.37917686,-0.07223277,0.5252237,0.043153655,-0.11895677,0.8849945,0.27545574,-0.27595833,-0.5673767,0.25935254,-0.35302076,-0.66123843,-0.34307778,-0.21994336,-0.22294337,0.14849018,-0.08290394,-0.17587079,-0.103809595,-0.23893361,-0.08141189,0.14936908,-0.4530971,-0.03062927,-0.17545338,-0.30769786,-0.56641763,0.3071643,-0.25034335,0.6764965,-0.11390051,-0.015427165,-0.11443316,-0.695019,0.483005,-0.3596771,0.55543053,0.21395227,-0.10737401,-0.0062533864,0.10571014,0.36993876,0.17298466,-0.09354301,-0.6590127,0.14372166,0.563177,0.41638514,0.55909985,-0.078043476,-0.42594588,0.408551,0.403277,-0.3837759,-0.15538724,0.07955386,0.011541438,0.17020041,-0.59525955,-0.101929374,-0.24110357,-0.011401467,-0.053119786,-0.1448348,-0.23748095,-0.44288275,-0.091473274,0.051764682,0.32678872,-0.19991323,-0.5871746,0.06782886,-0.25806612,-0.22077742,-0.6787732,-0.82005876,0.12232213,0.08515954,0.036270346,-0.0508119,-0.8392113,0.13447724
reinforced_concrete,0.24040782,-0.35944763,-0.4353719,0.010653485,-0.37829906,-0.57564837,0.61473423,0.17218423,0.06222495,0.16464674,0.1473651,-0.4372295,0.030109623,0.3820224,-0.60997534,-0.52573824,0.4039275,-0.5568803,0.4239263,-0.249177,0.6292355,0.0074411384,-0.14731085,0.9122499,0.19480807,-0.06911924,-0.7088432,0.1683465,-0.3779214,-0.75934213,-0.48552856,-0.28668335,-0.2153145,0.16939223,-0.17736894,-0.27125058,-0.016145872,-0.37250802,-0.076312006,0.10646893,-0.6088653,-0.08865553,-0.14291444,-0.32640296,-0.5701262,0.40733185,-0.21416466,0.61745495,0.0107436525,0.010827514,-0.19947995,-0.6447189,0.5759085,-0.427434,0.45240927,0.2796818,-0.33305827,-0.24270782,0.3076696,0.30710194,0.1622692,-0.27756125,-0.6307077,0.23997225,0.47926134,0.4711882,0.30884534,-0.16316263,-0.3493558,0.4487481,0.36837956,-0.43423545,-0.19770558,0.09597108,0.20434415,0.17377743,-0.63620305,-0.16044685,-0.029576153,0.13443264,-0.040792648,-0.19168125,-0.32451168,-0.39150465,-0.22022326,-0.13749357,0.45741534,-0.08693291,-0.48178864,0.19332314,-0.176404,-0.13779664,-0.5573569,-0.8839776,0.019975726,0.20672853,0.014344051,0.2219673,-0.82325935,-0.014455203
organometallics,0.06894372,-0.25816372,0.18864687,0.39612508,-0.6974229,0.07846035,0.3776001,0.2490459,-0.09849324,-0.10037828,-1.0040702,0.11152117,0.17488733,-0.074141435,-0.67924106,-1.3111807,0.48889238,-0.11653163,-0.14308584,-0.33040848,-0.12500897,0.1289728,-0.05283613,0.72271794,-0.13572788,0.50757694,-0.84768456,-0.14668597,0.85973144,-0.21369915,-0.16048554,-0.08993366,-0.11735634,-0.25164774,-0.40597817,0.153059,0.6042495,-0.32500812,-0.21664555,0.49738762,-0.039774504,-0.043083426,0.39202616,-0.65167296,-0.24244548,0.2819107,-0.12237041,-0.18352737,-0.051240716,-0.23083434,-0.98314184,-0.11255576,-0.8464686,0.23353404,0.7329896,0.47440282,-0.19405341,-0.17506438,-0.1942582,0.49725953,0.6046799,-0.17637901,-0.18796967,0.0384276,0.7451374,0.28473875,0.9140719,-0.49636295,-0.6201925,-0.28614965,-0.06997317,-0.39665353,-0.20031977,0.36680114,-0.034780543,-0.5957329,-0.48217946,0.15498973,0.41884062,0.019703405,0.3296153,0.1465063,-0.1726743,0.6397721,-0.3337561,0.12437971,0.8188078,-0.1864375,0.009117565,0.5435134,-0.74519324,0.33109885,-0.50525427,-0.8189111,0.13807248,0.3283266,-0.13608804,-0.05043497,-1.293312,0.7874999
metalorganic_framework,-0.09569331,-0.12819132,0.272642,0.11911637,-0.9074112,0.14267719,0.46025562,0.21617353,-0.13736264,-0.070262216,-0.8156154,0.21798891,0.040005732,0.18220681,-0.8080417,-1.3113885,0.48368326,-0.14711787,0.058735907,-0.3213246,-0.34021246,-0.12621276,0.023901315,0.6586897,-0.16013104,0.6572476,-0.94300914,-0.023917984,0.7485329,-0.14789715,-0.29554588,0.032698933,0.030850204,-0.19323792,-0.2949567,-0.042226303,0.63009906,-0.32595223,0.029712327,0.40270728,-0.31283242,-0.10113527,0.38463253,-0.61621475,-0.17747948,0.15729289,-0.11512078,-0.39357978,-0.1729011,-0.1484607,-0.97902095,-0.23949479,-0.7743687,0.2974712,0.48556384,0.49165675,-0.3356988,-0.23205887,-0.04547792,0.39703614,0.48631495,-0.20268154,-0.2477386,0.10834261,0.6793091,0.24960358,0.64736325,-0.6216917,-0.62957317,-0.17478597,-0.12735677,-0.5888221,-0.18845457,0.11379495,-0.061363522,-0.42339188,-0.6782666,0.13014612,0.40870816,0.030381346,0.47984886,0.060528416,-0.094930686,0.5219459,-0.20228599,0.19721027,0.9027997,0.00989916,0.121937536,0.4275357,-0.45976466,0.35269734,-0.58737576,-0.89287406,0.15561862,0.32250196,-0.23688471,0.0118045155,-1.3085564,0.6509488
cycloaddition,0.048402987,-0.59495074,0.29599,0.050465476,-0.8154395,-0.0608715,-0.30092305,-0.20984092,-0.101798385,0.24285048,-0.5889345,0.35580355,0.26846164,-0.030830795,-0.80446243,-1.0048318,0.108718544,-0.18591756,-0.3047562,-0.2592017,-0.21363355,-0.15128198,-0.08464109,0.7009909,0.23585139,0.009355988,-0.9094406,0.117741935,0.79739034,0.14220682,0.2204981,0.91779524,0.6645549,0.053377543,-0.18475498,-0.10926024,0.70043504,-0.70770526,0.013155495,0.342794,-0.43457016,-0.14139245,0.60558426,-0.5132571,0.009587049,-0.18910012,-0.32015583,-0.6342482,-0.24794765,-0.576318,-0.2762462,-0.8128793,-0.050156783,0.022794988,0.532245,-0.20017357,-0.6716397,-0.16850145,-0.19890887,0.40692633,1.1076199,-0.19965173,-0.25152197,0.15155102,1.2446526,1.1452415,0.6327297,-0.24489899,0.028765958,-0.81997615,0.39043388,-0.07451715,-0.39666724,0.06872678,0.067369334,-0.20782328,0.19035463,0.3431077,0.17139922,-0.658261,0.17265798,0.29513982,0.02116731,0.3444904,-0.7260554,0.14512134,0.4571955,-0.122601934,0.07524507,0.15188853,-0.63528186,0.41820243,-0.25705686,-0.571995,0.065817215,0.15010178,-0.18984336,0.04093215,-0.8668941,0.5522846
metronidazole,0.36218536,-0.9904063,0.0044504516,0.17280202,-0.43409586,0.29994127,0.16228727,0.14389335,0.22196424,0.07055003,-0.23707506,-0.43506452,-0.75301784,-0.37016207,-0.2616957,-0.5537099,0.8818027,0.25639477,-0.92056656,0.050985612,-0.0023682804,-0.44448093,0.08170717,1.1236409,-0.29770765,0.4132993,-0.46786395,0.40843025,-0.37414503,-0.42862892,0.032504823,-0.7492848,-0.036423534,-0.12117223,-0.42704085,-0.4339773,-0.21171743,-1.0158588,0.068926126,0.6251631,0.6642191,0.49405408,-0.015982179,-0.23929761,0.13127872,0.19686826,0.60062426,-0.665821,0.7158597,-0.048139747,-0.25694877,-0.11798935,-0.3052492,0.15048184,0.053922113,0.3923219,-0.5542389,0.049802955,-0.43205816,0.37256837,-0.1490797,-0.32368305,0.011849971,0.121669956,0.3890823,-0.25447738,0.48018435,0.45722055,0.05353888,0.4063856,0.08633717,0.103249766,-0.43004125,0.774708,0.04919415,0.22563656,-0.09819872,-0.21151483,0.32740253,0.47361684,0.34226745,-0.37313905,0.09456328,0.43100855,-0.6138738,-0.81988245,0.8232863,-0.7285111,-1.124047,0.19312271,-0.41111583,-0.19512519,-0.7169723,-0.398783,-0.080801085,0.05256741,-0.57516,0.23533684,-0.7266953,0.32644916
area_under_the_curve,0.3121631,-0.63698864,-0.071097925,0.123498075,-0.5274802,0.07572276,0.03268164,0.12772132,0.15458374,0.2939005,0.62382007,-0.6234489,-0.5787269,0.100821495,-0.5598159,-0.59872854,0.36663648,-0.3937118,-0.58722806,0.33078697,0.18177319,0.30703115,-0.39932826,0.83360976,0.07830202,0.40631124,-0.53220165,0.5768598,-0.3278104,-0.442863,0.02943954,-0.6791953,-0.07816981,-0.26566023,-0.25846648,-0.21322793,0.3814195,-0.8018664,0.49769774,0.72150975,0.50152594,0.023042824,-0.11987369,0.0097364765,0.20568223,0.18675534,0.29362702,-0.30897015,0.6781818,-0.38976872,0.08415954,-0.6195504,-0.20736729,-0.14211603,0.14030725,0.64382046,-0.800802,0.1773895,-0.034489498,0.28384387,-0.093009405,0.10917121,-0.035000134,0.49972984,0.33167976,0.2635287,0.4875047,0.8478507,-0.31797668,0.37965542,0.33487892,-0.0026420788,-0.35793716,0.47441602,0.16802222,-0.29949337,-0.06972794,-0.3784397,-0.06021056,0.36029994,0.3893164,-0.26413363,0.34415635,0.16225214,-0.2698713,-0.81095666,0.917399,-0.7496468,-1.1876436,-0.021213157,-0.13333683,0.14324436,-0.70999426,-0.4224644,0.1320757,-0.1105171,-0.43416405,0.13077939,-0.3986912,0.7064296
gold,-0.18901798,0.1596836,-0.29998198,-0.58587766,-0.5805824,0.09134746,0.45061567,0.5966185,0.6873187,-0.37026757,-0.062768,0.3318878,-0.15002051,0.23506407,-0.11652139,0.02886088,0.40092134,-0.18587482,-0.06888588,-0.04163184,0.3688165,-0.23748668,-0.23295441,-0.16200404,-0.66737145,0.11757847,-0.76508546,0.4377648,-0.18293245,-0.4203786,-0.627906,-0.84232754,-0.08860217,-0.36260426,-0.33586213,0.047068495,-0.14366724,-0.40704206,0.06993106,0.1636146,0.41600344,0.26074213,0.16174908,-0.6882311,0.2895369,0.2631404,0.13220933,-0.26991194,0.5056877,-0.66220057,-0.84097,-0.24288113,-0.109752506,-0.4627274,0.58208686,-0.11215498,0.007330044,-0.12966159,-0.34016213,0.5159823,-0.3865594,-0.08909693,0.4891504,0.6843158,0.7080389,-0.067480676,0.40124017,0.017952513,-0.3025326,0.4128948,-0.24353907,0.7012321,-0.259109,0.8261486,-0.021840751,-0.043391284,-0.43951946,-0.046067227,0.49563414,0.29883868,-0.5568467,-0.09389237,0.060717545,-0.012725061,0.095770955,0.09639119,0.29005995,-0.4617493,-0.12661909,1.0224549,-0.63297594,0.4817101,-0.6465285,-0.5645208,0.47706047,0.25980115,-0.19107968,-0.009599768,-0.29485574,-0.0395865
t_lymphocyte,0.106370315,-0.8469334,-0.070709206,0.5493349,0.33272594,-0.14030741,0.63540465,-0.350592,0.6678591,-0.3848484,-0.79361176,-0.40198556,-0.08993504,0.31526783,0.15560032,-0.90563256,0.5061985,-0.68145424,-0.30856535,0.20731573,0.4374335,0.41288584,-0.69304067,1.112719,0.035210606,0.7425438,-0.36693293,-0.70893085,-0.42660886,-0.35591847,1.378727,-0.29506442,0.789104,-0.62429315,0.26049435,-0.5645791,-0.19978312,-0.43154073,-0.005234467,-0.19144668,-0.06604658,0.19517928,0.330434,-0.22410129,0.29186505,-0.0456388,0.7453027,0.06031235,0.77150935,0.008531878,0.3578107,-0.562124,0.11872272,-0.10530185,-0.34647635,0.0882409,-1.0787606,0.5073874,-0.13229586,0.7682727,-0.86036295,-0.56037384,-1.550468,0.21004358,-0.19608007,-0.25334623,0.3775198,0.516756,-0.021188831,0.49224442,0.2995356,-0.011300155,0.13787985,-0.76399726,-0.16466187,0.39887714,0.3755631,-0.56436986,0.26093906,-0.3570919,0.5154675,-0.92490923,-0.13849011,0.48813337,-0.82845026,-0.34264877,-0.68500113,-0.4450782,-0.8340413,0.51053166,-0.9310129,0.19597714,0.3819745,-0.16747223,-0.031065315,0.30168593,0.09230887,0.39149308,-0.21611644,-0.17699888
pilot_study,-0.020387733,-0.8223148,-0.38047913,0.75946665,0.3683588,-0.48071334,0.21111923,-0.08662953,0.42815596,-0.27305278,-0.15792853,-0.4545269,-0.2502446,0.7026696,-0.36185673,-0.70327735,0.39703187,-0.14262874,0.07805204,0.3202009,0.4634985,-0.175013,-0.5247497,1.1707399,0.34762725,0.91241807,-0.41132575,0.121440515,-0.13641068,-0.22727978,0.84772736,0.16311415,0.58976245,0.289303,-0.33996066,-0.46820605,-0.15018648,-0.193548,0.2623028,0.76663905,0.62858546,-0.18513,0.12971205,0.16235448,0.56461734,0.071709774,1.3090156,-0.16888161,0.47088775,0.4504755,0.099466704,-1.063156,0.26872927,0.3650641,-0.09108792,-0.24035433,-1.1345445,0.44054702,-0.030267425,0.23581211,-0.61725247,-0.069991924,-0.8718231,0.10348065,-0.1753261,-0.11911218,0.11539422,-0.1369674,0.17587855,-0.14566119,0.20321101,-0.49188387,0.44514105,-0.53712803,0.3479075,0.76143414,0.49015868,-0.31755105,0.020394139,-0.49445736,0.5902319,0.07885213,-0.18754339,0.5448155,-0.06427944,-0.83236694,-0.40729085,0.07351907,-0.7795445,-0.13073164,-0.42540506,0.116699055,-0.39878607,-0.8238114,0.5430418,1.098047,-0.6639732,-0.19625428,-0.7231733,0.5069239
stochastics,-0.017507203,-0.19875707,0.007689181,-0.12219177,-0.74534994,-0.28347743,0.542721,-0.092344336,0.20249628,0.0032010283,0.26044074,0.44950423,-0.9638545,0.56355935,-0.10486868,-0.7070627,0.13226937,-0.42787844,-0.026456341,0.342489,0.1044227,0.08848212,-0.35496178,0.20129132,0.6840461,0.26236203,-0.41651848,-0.20000891,0.0791677,-0.80862105,-0.47963277,-0.04784226,-0.18815939,-0.12850957,0.042027958,-0.3676122,0.36502546,-0.2643229,-0.038000822,0.19564691,0.58412325,-0.3854312,-0.0906446,-0.13794315,-0.0014827779,0.033066265,-0.3181954,0.6932049,0.4301857,-0.013169055,-0.47249874,-0.7170649,0.3953627,-0.14905569,1.0650678,-0.05399003,-0.04853192,-0.09359723,0.10759131,0.20318252,-0.2072167,0.6796785,0.089024566,0.5785777,0.98710746,0.32208326,0.14463215,0.65773875,-0.5327148,-0.06680887,0.11472345,0.1973389,-0.11583614,0.15585779,0.33764705,-0.24090819,-0.5182698,0.66894346,-0.26817998,-0.27961412,0.038384363,-0.2877514,0.17405696,-0.33377966,-0.057203908,-0.24937657,0.16304566,-0.15059558,-0.40381706,0.47847387,-0.6409756,0.8493034,-0.6859565,-0.42489794,-0.034228962,-0.32337445,-0.16877858,0.3371237,0.11518481,0.24199173
sulfur_compound,0.48704037,-0.19244124,0.53616285,0.1685793,-0.08662496,-0.89047015,0.6689225,0.41475898,0.41100094,0.44640315,-0.5364493,0.21794641,-0.3064592,-0.040942706,0.047471937,-0.51219976,-0.09485118,-0.6870762,-0.29806283,0.14070918,0.5398719,1.0465212,-1.2524295,0.28090477,0.44653898,0.34004435,-0.89355904,-0.752403,0.42822498,-0.40255633,0.76267457,-0.5798763,-0.58798844,0.16473402,-0.15878901,-0.29815373,0.4280518,-0.7031062,0.42826957,0.5304457,0.57459253,-0.6609521,0.3168799,-0.03402336,0.35464698,-0.30878723,-0.251804,0.072722234,-0.18659616,-0.19491093,-0.39965197,-0.0891529,0.65228397,-0.05951028,0.21991245,-0.06403029,-0.10132365,0.34632015,0.6810282,0.030386448,-0.08980054,0.4043362,0.08599112,-0.16344114,0.52552575,0.4109595,0.6343095,0.274122,-0.38020122,-0.22896034,-0.22254281,-0.14800973,0.17254934,0.29449707,0.44937187,-0.33151534,-0.30394518,0.28843537,0.39099956,0.1128886,-0.04299103,-0.03967231,0.30111584,0.46564204,-0.3915908,-0.67694443,-0.056741014,0.12148427,-0.68468475,0.5369614,-0.74498576,0.75548303,-0.39493603,-1.236722,0.36406362,0.35810333,-0.57997394,-0.9336739,-0.2796604,-0.21951468
antibiotic,0.23477933,-0.3579157,-0.14474931,0.18549179,-0.102048606,-0.2453527,0.8506606,0.090881795,0.23902841,-0.38167056,0.004526217,0.28749594,-0.26016513,-0.2653654,-0.41925573,-0.9589291,0.59427,-0.05303108,0.13647005,0.4053084,0.8958935,0.6933696,-0.7835717,0.70807356,0.6272387,-0.0072683305,-0.18159826,-0.29414606,0.23738097,0.0687626,0.52082324,-0.41186517,-0.49333927,-0.7194387,-0.0445672,-0.16738044,-0.22034624,-0.0038666253,0.21208733,0.8174093,0.033388622,-0.56045496,0.4082914,-0.07402538,0.44531888,-0.25703526,0.028289746,0.30903545,-0.043555457,0.16473839,-0.38862082,0.3459999,0.5029673,0.0353781,0.6616388,0.44712207,0.4524288,0.123610064,-0.3408316,0.4719843,-0.3444964,0.3287855,-0.4608519,0.035994302,0.37173426,-0.1548563,0.95486087,0.43755898,-0.66035795,-0.14081714,0.32928103,0.6999535,0.04306494,0.37984276,0.071870044,-0.22499938,0.21669178,0.13859798,-0.060109895,0.067952484,-0.14324115,0.13599423,0.21318921,0.027040366,-0.43114337,-0.9323514,0.43776426,-0.061663516,-0.925314,0.81538373,-0.922338,0.31918114,-1.1616492,-0.36243957,0.66244334,0.3166084,-0.29660803,-1.3627988,-0.5824334,0.24414052
amide,0.19236752,-0.34227684,-0.57642853,0.44707623,0.1837312,-0.35309198,0.88590544,-0.07495853,0.23942712,-0.22880004,-0.07527523,0.22384922,-0.2122689,-0.08251065,-0.2604743,-0.80333704,0.4510893,-0.3506365,0.16626316,0.26566985,0.7793788,0.70750105,-0.8457659,0.6502172,0.49093154,-0.1064454,0.0066053267,-0.62166494,0.10400393,-0.07988508,0.49807963,-0.3417978,-0.30502632,-0.44900876,-0.009095772,-0.009446539,-0.42733675,-0.020080825,0.26019552,0.6050008,0.23307157,-0.30995336,0.38192403,-0.19532028,0.2687841,-0.29971474,-0.012813185,0.5324496,0.06951553,-0.14432375,-0.3347341,0.14040908,0.8268532,-0.020538153,0.80081564,0.15844803,0.42497212,0.46473244,-0.2968912,0.43104386,-0.22050476,0.31041148,-0.23469028,-0.118416026,0.4851318,0.14909148,0.78438467,0.46304286,-0.70924735,-0.3663712,0.24777701,0.35234445,0.094420865,0.21768102,0.025509723,0.046183083,0.1726077,0.012309593,0.20051937,0.03968842,-0.36208186,0.061460134,0.11148986,-0.04972293,-0.39670342,-0.8080291,-0.030711595,0.05240427,-0.87777334,0.8054459,-0.7936502,0.31644517,-1.1198242,-0.48595402,0.58840775,0.5366696,-0.13248402,-1.4348212,-0.5335183,0.18122391
agriculture,0.32659066,0.0353474,0.17104898,0.28822514,-0.034996983,-0.23411843,0.5322378,-0.05274506,0.949402,0.5341806,-0.8507431,-0.058613908,-0.16824779,-0.17914765,-0.01826593,-0.6452644,-0.078057,-0.5356799,-0.16866355,0.52657527,0.6985319,-0.18763965,-0.96857893,0.45628455,0.74833524,0.0056950743,-0.44535458,-0.2621131,0.043383088,-0.38649246,-0.29735205,-0.66748303,0.26961854,-0.31390277,0.06957663,-0.6984003,-0.0043019303,0.11644609,-0.022817919,0.16069797,0.6759183,-0.079127684,-0.020699365,0.19323525,0.1463716,-0.40660524,-0.021119803,0.6453103,-0.11093851,0.045564972,-0.24631791,0.17485328,0.47909474,-0.4071445,0.4807149,-0.48420775,0.25564307,0.316757,0.06810589,0.34997955,-0.16815943,0.5856344,-0.5496942,0.42106053,0.461395,0.15253565,0.47931492,0.5078028,0.017778596,0.5208094,0.5967421,0.38086337,-0.10131814,0.48052302,0.42999703,-0.14237478,0.34653816,-0.16004941,-0.026045604,-0.3500127,-0.76320535,0.69667774,-0.18952848,0.15079448,-0.69688886,-0.6154077,0.6065621,-0.05218043,-1.1178137,0.62747306,-0.7332738,0.70325255,-0.5592236,-0.5383534,-0.20689155,0.38377264,-0.24995804,-0.80005324,-0.050993595,0.4632093
quantum_theory,0.53946686,-0.24691671,0.16627005,0.02572498,-0.6836441,0.59621406,0.2821285,0.16010246,0.19427179,0.6253894,-0.4393716,0.31202176,-0.41714934,0.27069148,-0.14780903,-1.3883656,0.2814758,-0.20418797,-0.3268971,-0.27112055,0.40293902,-0.00631376,-0.5132173,0.74528813,0.11968976,-0.13589759,-0.93403924,-0.24960187,0.36475766,-0.34177616,-0.2941799,-0.93500954,0.4252338,-0.02093261,-0.26344156,-0.23013273,0.6040489,-0.65975565,-0.034208428,0.54217046,0.10913883,-0.18673894,0.66356957,-0.39665818,-0.14667337,-0.083116665,-0.78406876,0.03719716,0.026737284,-0.27191278,-0.81460065,0.25643575,-0.011462034,-0.2106117,0.55212593,0.56646085,0.15913486,0.5632075,0.047438547,-0.07146858,0.18965033,0.33615425,-0.07594624,0.032010376,0.5569661,0.5517656,0.13116921,-0.3623879,-0.123895496,-0.22660817,-0.43307444,-0.36231238,-0.72348124,-0.21098535,-0.13427323,-0.122616045,-0.008547752,0.0814111,1.0692935,0.6767783,-0.3003985,-0.09320881,-0.106701694,-0.43644908,-0.057596114,-0.26544106,0.88270915,0.34628665,0.063513756,0.24931984,-0.555364,0.21036007,-1.0181966,-0.6338539,-0.29596248,0.19196232,-0.183888,0.18366678,-0.78545105,0.55943507
drug_delivery_system,0.48121724,-0.5309611,0.3606467,0.08028403,-0.10549932,0.39222455,0.22646621,0.20666425,-0.16395573,0.23879294,-0.37644315,0.044101607,-0.34012344,-0.067565575,0.013214023,-1.0609053,0.16777097,0.20145418,-0.5501698,-0.180097,-0.07069652,0.3270124,-0.33451325,0.9612588,-0.06035005,0.07098569,-1.145869,-0.09233,0.121204026,-0.542506,0.09728172,-0.75641143,-0.043631878,0.019746104,-0.1826228,0.124840245,0.64572906,-0.80369234,-0.15599725,0.50030744,0.19593188,-0.13056456,0.53340024,0.0636917,0.1222653,0.41485718,-0.22179843,-0.32867372,0.053569365,-0.52456546,-0.27932724,-0.13430606,-0.55346817,-0.21483916,0.2324133,0.4211082,-0.2420556,0.08184977,0.20016646,0.37191695,0.34846625,-0.085396305,0.4858091,-0.1065386,0.4531964,0.030632721,0.30262834,-0.12081174,0.011207642,0.11883213,-0.32656375,-0.46932384,-0.6692883,0.22417903,-0.047097884,0.32505414,-0.0420862,-0.070689894,1.072734,0.71928424,0.107388854,-0.2651614,0.30187896,0.037568796,-0.2455399,-0.34880748,0.6216454,-0.65890455,-0.21698648,0.24259783,-0.39019176,0.052985325,-0.34811395,-0.7044212,0.17813261,-0.042198684,-0.57676476,0.29484817,-0.99472314,0.5961548
euthanasia,-0.19934498,-0.4458128,0.16456778,-0.59510016,-0.6113002,-0.117007025,-0.34500983,-0.097300775,0.47097257,-0.21753335,-0.53249973,0.42059812,0.15062638,0.72678405,-0.2139987,-0.77699876,0.9480204,-0.56702286,-0.2136782,0.20586897,0.06362603,-0.68117166,0.12455728,0.8456802,0.1633974,0.742807,-0.37082723,0.32391217,0.15614788,-0.08599838,-0.14267406,0.2599327,0.51333815,0.2004164,-0.6231865,-0.4748078,-0.04425021,-0.5025603,0.02096993,-0.25561485,0.8975456,0.34600565,-0.60387695,0.04501273,0.2216581,0.23365332,1.3106325,-0.3779554,0.18286198,0.25399065,-0.22126547,-1.1427016,0.21726455,0.17734456,0.6417686,-0.39560375,-0.9419709,-0.42396376,-0.28516054,0.403851,-0.7472443,0.39258826,-0.7210082,0.5635991,0.6313886,-0.39235723,-0.05004384,0.0042123925,0.0609947,-0.14125282,-0.26037723,-0.16047771,0.526106,-0.36627358,0.4505621,0.29184976,-0.04377546,-0.041120205,-0.445404,-0.76983935,0.24646866,-0.21398601,-0.51455605,0.7169936,-0.13606718,-0.22283307,-0.3478747,0.14256552,-0.4705343,0.051804,-0.9979176,0.18407531,-0.18323356,-1.0289302,-0.025932115,0.54042846,0.15999655,0.51233625,-0.3617296,0.15310661
peptide,0.5452461,0.104898006,-0.14714679,0.011491484,0.13324574,0.9289059,0.34529665,-0.32521024,0.9545897,0.7463966,-0.6129352,0.2828021,-0.11707727,-0.082826495,0.39443782,-0.33262482,-0.07011753,-1.2818727,-0.9499277,-0.11988836,-0.44903493,0.08957085,-0.39677262,0.23863901,-0.43608272,-0.36727548,-0.31723624,-0.70096093,0.035172764,-0.27524427,0.20400898,-0.35750216,0.2070198,0.16282517,-0.7101166,-0.33788398,0.42857715,-0.4688752,0.5105499,0.25357178,0.61402476,0.008381088,0.31677535,-0.31142426,0.33864886,0.5905769,-0.35873657,-0.077408165,-0.17561656,-0.7616201,0.19430226,-0.77719843,0.6069929,-0.5360571,0.594463,-0.6522365,0.1784296,0.7983295,-0.26336056,0.4677441,0.5227763,-0.027222432,0.03132356,0.3945606,0.46329284,0.2797343,-0.011646975,0.9264687,0.04316907,-0.19094558,-0.4768451,0.78343517,-0.50329745,0.8016674,0.7490704,-0.069897965,0.2494261,0.4475797,-0.15109481,-0.6012504,-0.14784464,0.2630977,0.115781,-0.12784304,-0.73392206,0.09482989,0.67154574,-0.4205433,-0.30369937,0.64309365,-0.89889795,0.620967,-0.92824024,0.3005855,0.043844838,0.08325295,-0.22076014,-0.22458708,-0.33146846,0.45814186
glycoprotein,0.511293,-0.5042332,0.003736779,-0.19461855,-0.27928862,0.27949107,0.38917926,0.25739908,0.6544379,0.25386325,-0.8741917,0.45407492,-0.01706222,-0.31330955,0.29762942,-0.1396169,0.50184375,-0.23311105,-0.5711624,-0.23993644,-0.23507255,0.027601266,-0.25466248,0.9705325,-0.12724525,-0.52831775,-0.26220417,-0.16462244,-0.31925023,0.0641656,0.00047840056,-0.18208352,-0.037167627,-0.107082345,-0.7878043,-0.33602813,-0.0644963,-0.31185412,0.18186848,0.075042404,0.112272024,0.3700897,0.31330663,-0.7122144,0.47792616,0.47329643,-0.5532291,-0.20566711,0.21071081,-0.3997676,0.19873694,-0.3831902,0.043057475,-0.59888124,0.513552,0.28958145,-0.10150452,0.52080876,-0.42462432,0.34992173,0.32671496,0.12797378,0.03451815,0.025124114,0.2849171,-0.50737685,0.25559255,0.59382904,0.25649545,-0.2771815,-0.036905408,0.42030582,-1.3443716,0.28686672,0.08433476,0.63241905,-0.110646725,0.04236648,1.1845362,-0.58080655,-0.27723426,-0.3143182,0.098168954,-0.10062722,-0.030663135,0.45354372,0.04463302,-0.3127676,-0.22636797,0.42554837,-0.7328257,0.16691111,-0.4136896,0.137389,0.15122929,0.3137917,-0.20026445,0.043235745,-0.9547789,0.25264788
fracture,0.2871528,-0.6662526,0.43624443,-0.0034122881,0.15336536,0.16302572,1.0275517,-0.64173037,0.26956618,0.082524456,-0.10577824,-0.016728977,-0.28175023,0.67582196,0.17635491,-0.76835454,0.3361608,-0.14612621,-0.56976557,0.5836301,0.5889732,0.95189023,-0.69386697,0.6541801,0.6176042,0.604254,0.21119846,-0.16818298,0.743104,-0.30307913,-0.30534038,-0.25154302,0.532263,0.079404026,-0.4499873,0.20559844,0.1663406,-0.3999967,-0.35744122,-0.1575804,-0.13942294,0.17647402,-0.19775616,-0.3046297,0.5000478,0.011683163,0.6460184,1.1013031,0.4117736,-0.36021784,0.10676374,-0.38079125,0.1562966,0.014875713,1.0653428,-0.307439,-0.574765,0.47240067,0.005106518,-0.4158361,0.1338874,0.20815435,-0.42522144,0.09704652,0.039880943,0.31713217,0.2612675,-0.08086125,0.23287897,-0.07876195,0.036369305,0.17467052,-0.11456894,-0.27351195,0.6343909,0.5599578,0.65860295,0.479596,0.3639421,-0.1609918,-0.395528,-0.1868809,-0.8349742,-0.7038391,-0.06263812,0.2327677,-0.26651844,0.12436056,0.22981149,0.3745569,-0.6667674,0.68047804,-0.0063644894,-0.7460557,0.3503006,0.56288755,-0.34709188,0.7296683,-0.7514276,0.39897433
sedation,-0.28627655,-1.0082464,-0.3095882,0.03053491,-0.6660178,-0.32314634,-0.33355397,-0.17968795,-0.12845983,0.03830787,-0.24110295,-0.70273584,-0.002786148,0.50667715,-0.8063117,-1.0424799,0.252307,-1.1129483,0.070032194,0.22154763,0.56965876,-0.5031958,-0.27179015,1.2865387,0.025483355,0.78587013,-0.71779805,0.5907993,-0.003782678,-0.18895845,0.19490936,-0.66967475,0.61716825,-0.11766225,-0.050038688,0.26232037,0.11480621,-0.41680422,0.21119934,0.2018692,0.27761802,0.097606495,-0.61989564,0.29408917,0.39972964,0.46556517,1.0253326,0.033717208,0.021977505,-0.07908141,0.13753311,-0.81202507,-0.26952398,-0.10404497,0.44327727,0.09457616,-1.4076812,-0.6623815,-0.13701646,0.038947765,-0.26499608,0.17024486,-0.7324984,0.4264593,0.608256,0.18310237,0.06070948,0.3925985,0.08429709,0.22285378,0.16531417,-0.4758331,0.5112492,-0.48284662,0.4705052,0.14448692,-0.009538849,-0.5060675,-0.17871618,-0.004686132,0.3563903,-0.16720507,-0.26034257,0.41213393,0.4076779,-0.70297855,0.4965867,0.16948952,-0.1088305,0.016195243,-0.21784753,-0.05238394,-0.27923515,-1.2152153,0.18325314,0.5196464,0.23453328,0.7880764,-0.794817,0.42423967
pharmacodynamics,0.10845319,-0.9729504,-0.35219398,0.090442255,-0.88003504,-0.17933986,0.2241476,-0.18387397,-0.27747363,0.26967752,0.16301613,-0.8522261,-0.13080512,0.13535386,-0.89750016,-0.69419295,0.20726858,-0.9867164,-0.21029401,0.41218156,0.44592956,-0.0045169056,-0.33224046,1.1530563,-0.034466766,0.4598254,-0.47864434,0.6674766,-0.36888042,-0.23435394,0.46895358,-0.827133,0.39473224,-0.2338235,-0.004533852,-0.06078057,0.16918765,-0.38080412,0.63036764,0.47394654,-0.1416417,-0.11985404,-0.10744375,-0.031836,0.23787005,0.34647882,0.3208118,-0.25579473,0.33057386,-0.1887334,0.3287853,-0.68965745,-0.1883187,-0.29506296,0.17468049,0.6339246,-0.92538697,-0.025390038,-0.117182374,0.17828386,-0.08084859,0.007214282,-0.5317415,0.54034734,0.32526255,0.13134034,0.15311053,0.86141443,-0.088236906,0.46454206,0.31028226,-0.26837283,-0.08247223,-0.23632199,0.34301913,-0.18210432,-0.04493566,-0.53138673,-0.34625313,0.22051445,0.6518942,-0.38104862,0.02677665,0.038913667,0.33987358,-0.60949844,1.028277,-0.25965253,-0.69936574,0.14263685,0.121571116,-0.05284212,-0.74380755,-0.6060195,0.3306946,0.0241822,-0.2037628,0.6021312,-0.7218877,0.5944453
light_absorption,-0.2082957,-0.060836114,-0.8426072,-0.5181352,-0.15251057,0.58720356,-0.09667251,-0.0065627377,-0.010437579,0.23632972,0.043424893,-0.12498063,-0.6498095,0.04176103,-0.22381994,-0.9442008,0.39926034,-0.43863255,-0.67076963,-0.40828276,0.35102886,-0.13242777,-0.19806996,0.28827956,-0.20587245,0.5491527,-0.76512194,0.30007514,-0.32468107,-0.25047767,-0.013734034,-0.15862833,-0.005948086,-0.7330186,0.019503167,0.75987697,-0.15865573,-0.04716414,-0.44845012,0.18378553,-0.16967456,0.8047232,0.41950032,0.21890712,0.03895938,-0.035317373,-0.10117846,-0.016449893,0.029400691,-0.4210929,-0.28640944,-0.55629396,0.02365489,0.07120348,0.6438028,0.21293972,0.09219116,0.066805504,-0.43952835,0.78925145,-0.2180858,-0.2682048,0.314312,-0.0831075,0.9621059,-0.075216435,0.43012303,-0.11942483,-0.8413645,-0.117239416,0.341402,0.024352752,0.28933567,0.284383,0.28885996,0.3595494,-0.80131435,-0.3375323,-0.02914291,0.82752115,-0.6760865,-0.34330925,-0.6900298,-0.5646178,-0.14432877,-0.42139387,0.83197796,-0.17044063,0.049955398,0.5376456,-0.51473075,-0.52160376,-0.8127353,-1.0309834,0.43747285,0.45919916,0.12412467,0.09002702,-0.6334246,-0.011324986
organic_solvent,0.33080557,0.33712772,-0.08038239,-0.421236,-0.13970566,0.30499583,0.5415419,-0.18400036,0.3266635,-0.1197759,-0.130797,0.65639293,-0.7370118,0.35857287,-0.28303084,-1.0147215,0.7094853,-0.3857462,0.10411964,-0.09507562,0.7552337,-0.28000814,-0.2518985,0.5826512,-0.029520418,0.012490484,-0.86438125,0.13997841,-0.119874746,-0.23972318,-0.72981614,-0.7771852,0.6828423,-0.5399872,-0.13863376,-0.18115102,-0.18541412,-0.16906011,0.1404048,-0.28319106,0.1679476,0.19054729,0.7479333,-0.5083353,0.12474688,-0.47868186,0.09288861,-0.14747398,-0.36233458,0.27637228,-0.68770033,0.11619387,0.6129398,-0.31424928,0.5677663,0.038780544,0.049839124,0.06726825,-0.089737564,0.1029795,-0.74994093,0.039396297,-0.40130648,0.59641945,0.45041823,-0.053174578,0.02007794,-0.6686234,-0.052837644,0.17063837,0.35437307,0.03663297,-0.057359256,0.026088547,-0.43952462,0.16406548,-0.3810304,-0.2540423,0.5782921,0.06353693,-0.8441496,-0.19289356,-0.3292791,-0.3418756,-0.3753545,-0.04145412,0.63048494,0.49215692,-0.15373527,0.6061981,-0.73453736,-0.033543687,-0.564712,-0.9121658,-0.025181461,0.1732291,-0.5657975,0.06168344,-0.5707126,-0.024690032
high_resolution_transmission_electron_microscopy,0.2011745,0.55497575,-0.2988658,-0.19508955,0.5106236,0.35920334,0.4447588,-0.19819963,0.30122238,0.2969659,0.06819105,0.02515477,-0.16631539,0.31497666,-0.19217958,-0.78886735,0.84286916,-0.8645879,0.48542568,-0.6403125,0.45502248,0.014309457,-0.10589462,0.09642638,-0.19458659,-0.016856516,-1.0078056,0.03264184,-0.66450185,-0.3710663,-0.55985785,-0.57367504,0.33631212,-0.5541776,0.087251775,-0.19043452,0.42703137,-0.4142199,-0.04969184,-0.5170008,-0.9875549,0.49830627,1.034637,-0.6241083,0.021235824,0.4449388,-0.06678157,0.13030784,-0.18771979,0.09674331,-0.21725793,-0.33612868,0.4115825,-0.3924175,0.2502857,0.16095819,0.07693613,-0.0028848122,0.065019205,0.7497479,-0.47505215,-0.33717895,-0.31016368,0.12964019,0.26757848,0.1313689,-0.45586497,-0.33535615,-0.23693538,0.016929349,0.5614952,0.043792203,0.16333672,-0.028314743,-0.17384185,0.01814016,-0.8269652,-0.27194753,0.6219742,0.6945157,-0.40272442,-0.18188258,-0.7682474,0.02605864,-0.7756124,-0.33732286,0.2525753,-0.35654986,-0.30533272,0.6377623,-0.71454996,-0.16194437,-0.2428591,-0.91480255,-0.11525751,0.483008,-0.087948255,0.31389433,-0.34130508,-0.22339469
electronic_structure,0.35986057,0.40040892,-0.5691627,0.0485997,-0.16031896,0.064749695,0.66980886,0.14801796,0.25104856,0.38067088,0.21528594,0.33506623,-0.53357697,0.31263062,-0.32978657,-0.45891124,0.5835941,-0.501086,0.4591333,0.04426414,0.707839,-0.24535783,-0.49860126,0.51282007,0.0717495,-0.34828782,-0.57681435,0.18966736,-0.31683198,-0.40185338,-0.67859274,-0.6325279,0.47209862,-0.22159924,-0.13409236,-0.34016308,-0.0490424,-0.2841128,0.14797772,-0.05757209,-0.4120574,-0.046154086,0.6892,-0.44564235,0.16595216,-0.004550887,-0.24145769,0.03905921,0.050702926,0.33500105,-0.21040128,-0.1992252,0.750002,-0.25166833,0.38544267,0.41328877,-0.081762955,0.19927397,-0.05761594,0.21076807,-0.5223225,-0.044761196,-0.32724056,0.6251109,0.2957895,0.23382051,-0.34076056,-0.40764117,0.09261801,0.043209095,0.5285406,-0.009997182,-0.39860466,-0.23140784,-0.15799612,0.18150882,-0.19202363,-0.32307607,0.6374928,0.3912342,-0.61196434,-0.27443558,-0.34770072,-0.45338583,-0.4430888,-0.15243381,0.70381343,0.32657662,-0.32452884,0.4517725,-0.4339282,-0.0033978382,-0.715247,-0.76412046,0.10483326,0.33118424,-0.4055616,0.3624823,-0.47761986,0.068626575
spinal_cord_injury,0.584215,-0.32782942,-0.40772843,-0.7646657,0.30453914,0.46511692,-0.048993204,-0.26771,-0.16798545,-0.2256609,-0.26089916,0.012712318,0.08388082,0.8126615,0.5325265,-0.89539266,0.57686925,-0.5869801,-1.1357182,0.20118742,-0.010102702,0.46548602,-0.510004,0.3995241,0.5553312,0.23140301,-0.68861127,-0.264827,0.21540944,-0.4124521,0.18700084,0.09073782,0.6762697,0.5492206,0.042514596,0.28502905,0.027785514,-0.3364644,-0.510018,0.20455307,-0.10021536,0.24381796,0.77103686,0.25615445,0.2997846,0.40745378,-0.40034696,1.2975743,-0.06488459,-0.90604055,-0.042407688,-0.895627,0.18378663,0.35009927,0.5856589,-0.724252,-0.13923697,0.32230133,0.43906933,0.43023756,0.025690163,-0.75281686,0.119692095,-0.543914,0.43492278,0.045005735,-0.5602733,-0.33547533,0.062760346,0.5214604,0.1742611,0.7626774,0.0953088,0.21305633,0.14406928,0.46666637,-0.048124623,0.8418343,0.06418422,0.63005865,-0.64404637,0.19503854,-0.65386695,-0.33183643,-0.50277793,0.22773942,-0.13780227,-0.2677766,0.1550513,0.0047749854,-0.6294921,0.11317005,-0.24852657,-0.87178487,0.37920737,0.4896976,0.0341127,0.07089709,-0.062273704,0.2897459
molecular_docking_simulation,0.57019454,-0.9972945,-0.68466276,0.06795663,0.24755591,0.6173777,-0.50126225,-0.56437373,0.1470905,-0.39420864,-0.017007105,-0.2971215,-0.2917769,0.17928322,0.1306457,-0.8645834,0.042509146,-0.15543844,-1.203112,0.17823671,-0.40838867,0.5072107,-0.43413997,0.39615083,0.1613462,-0.11766664,-0.49620685,-0.3387959,0.351272,-0.68125844,0.8104197,0.23464915,0.50212014,0.30177087,-0.04399748,0.2987868,-0.056294337,-0.73097384,-0.24769053,0.7067463,0.458475,0.15970333,0.41696522,0.14839143,0.0064985766,0.620524,-0.07014078,0.35242453,0.15178485,-1.1364859,-0.011366785,-0.7746792,0.49091646,0.34012377,0.35147282,-0.19245954,-1.0032899,0.13096777,-0.11664898,0.7310544,0.09009418,-0.8372788,-0.1463652,-0.09783204,0.594434,0.4025271,0.2634827,0.46315664,-0.14656378,0.17704876,-0.219878,0.77359915,-0.16878435,0.23156399,0.24378859,0.43286583,0.4386296,0.400502,-0.2636967,0.75814986,0.051247384,-0.3497683,0.21101993,-0.31031692,-0.7677744,-0.29255387,0.4022841,-0.6109932,-0.7288743,0.26596695,-0.9442698,0.32444975,-0.5188029,-0.19798456,0.32435432,0.22388318,0.1798788,0.24956034,-0.49085507,-0.04576318
cerium_oxide,-0.3081865,0.25308618,-0.30781832,-0.67994547,0.17921841,0.77239394,0.1944216,0.17214355,0.13308421,-0.10018319,0.5353193,-0.02740725,-0.38535607,0.11379689,-0.007607684,-0.62304276,0.10863543,-0.29926655,-0.11681588,-0.5447552,0.37263566,-0.13746169,0.05976153,-0.023555461,0.13277732,0.3297855,-0.6214739,0.3052093,-0.15266095,-0.16805585,-0.3008581,-0.4644721,0.16401207,-0.57739604,0.32384187,-0.00056449784,0.7014953,-0.31994912,-0.14302276,-0.042034417,-0.47344214,0.55185837,0.83567,-0.3098086,0.051891297,0.1244544,-0.16559233,0.30691066,0.36421463,0.16327251,-0.46855807,-0.52372867,-0.06899523,-0.15561783,0.35812208,0.28697565,0.037781537,0.71111995,-0.52928203,0.8599355,-0.4065106,-0.07799362,0.03398846,0.03207689,0.25173488,0.07931233,0.10520524,-0.060899194,-0.80499655,-0.21466991,0.23591624,0.08784567,0.34394473,0.072670795,-0.103865534,-0.17390399,-0.79565233,-0.117117465,-0.11286613,1.0224198,-0.21002987,-0.1080656,-0.68236804,-0.30930933,-0.67671835,-0.768438,0.5495165,-0.21925639,-0.38639823,0.40927652,-0.848776,-0.1694104,-0.5417732,-0.90821403,0.06554933,0.4525006,-0.4167202,-0.27562284,-0.3046729,0.11963796
cell_cycle,0.7318268,-0.07714955,0.1445662,0.20809251,0.40807524,0.64647275,0.7064368,-0.8912709,0.086238794,0.30678287,-0.85109293,0.29760504,0.087267995,0.37360212,-0.35729733,-0.38636523,0.1851197,-0.8137573,-0.24793865,0.4149568,0.024369165,0.38049626,-0.45179334,0.5080824,0.005419774,-0.33262655,-0.3306578,-0.05470506,-0.15365447,0.17545392,0.8442952,-0.13709606,0.071530625,0.54447925,-0.26579288,-0.0031730856,-0.11261947,0.246443,0.0773704,0.10354046,-0.5490421,0.2679576,0.6927235,-0.26838848,0.38556704,0.6133019,-0.23441002,0.41521388,-0.18142971,-0.010025608,-0.08803649,-0.7089447,-0.027345823,0.26759905,0.54311734,-0.53586984,0.112652555,-0.05624721,-0.26038367,0.7399907,0.033403,-0.53286356,-0.24369615,-0.10421624,0.2558026,-0.20173554,-0.52475464,-0.44890162,0.1583264,-0.197497,0.27594236,0.19347525,-0.26522622,-0.14304076,0.13612661,0.03653232,0.30084208,0.5439126,0.019683236,-0.20397924,0.59292257,-0.274678,-0.47802305,-0.02545351,-0.32213548,-0.045255937,0.15134375,-0.022547405,0.42276487,0.80611974,-0.7316203,0.28485215,-0.19738176,-0.83564675,0.010343059,0.035850618,-0.2812286,0.07794099,-0.7265286,0.08490698
cellulose,-0.28681374,-0.5048461,0.14922103,0.06672904,-0.21888006,0.06027746,0.22017519,-0.05241258,-0.16403104,0.19317096,-0.06954236,0.3558156,-0.18594739,-0.17591135,-0.20522296,-1.0499957,0.4855195,-0.039987724,0.4113129,-0.10757456,0.16811673,-0.105291024,0.0017257157,0.36784628,0.13356821,-0.28465027,-0.6072706,0.027092917,-0.15558791,-0.24626122,-0.3931322,-0.22489461,0.413076,-0.7230669,0.3290696,-0.44780296,-0.013888677,-0.5284983,0.27908882,0.044166964,-0.18432714,0.38693038,0.6852733,-0.5116229,-0.31017557,0.30179128,-0.39941365,-0.29977638,-0.24716093,-0.20234478,-0.18986751,-0.0376962,0.21312271,-0.5413906,0.49859494,-0.13351013,0.56404394,-0.13666144,-0.19698477,0.7295223,-0.05701854,-0.29619762,0.32902172,0.52621776,0.96747375,0.3960481,0.6173248,-0.1474231,-0.20899346,0.09923914,0.28400317,0.22642395,-0.101398155,0.3216863,-0.63936174,0.085972026,0.22778529,-0.059810326,0.32050282,0.6201822,-0.30698177,-0.21952875,0.18419187,-0.28259957,-0.67067695,-0.063449904,0.47682184,-0.41078615,-0.31648344,0.39838812,-0.586357,0.119636744,-0.439685,-0.64864695,-0.14613436,0.015376367,-0.28785723,-0.07351172,-0.40980676,0.3186651
neural_network,-0.20069696,0.19074227,-0.19699776,0.40019476,-0.4306182,-0.529074,0.39384052,0.3534249,0.26787278,0.3332105,-0.6078025,0.48406962,-1.0885235,0.30785564,-0.6109829,-0.79438466,0.39351135,-0.10384849,0.30329257,0.06772889,0.44207665,-0.08770313,-0.3483981,0.29849976,-0.36086705,-0.2355035,0.04841929,-0.11084929,0.17661718,-0.00140473,-0.076960534,-0.59168935,0.22961293,-0.17653924,0.012005062,0.1549371,-0.24237616,-0.55863774,0.24003011,-0.04421124,0.33764005,0.036723543,0.35772702,-0.053809945,-0.48373207,0.02579857,0.022688745,0.00039513613,0.42075974,0.25016564,-0.63849014,-0.039873537,0.3833439,0.031738024,0.599521,0.56091344,-0.13527893,0.35092875,-0.6003684,-0.06728145,-0.2395877,0.12190594,-0.34953362,0.24434374,0.38627535,0.7067499,-0.04102309,-0.23436792,-0.68270487,-0.13128333,0.22185135,-0.0352016,-0.2088672,-0.7731201,-0.7481204,-0.3083743,0.22656615,-0.03020999,0.3868644,-0.26668477,0.20777738,-0.5390485,-0.04254787,0.07474286,-0.36637175,-0.13469264,0.49152207,0.56155396,-0.26648846,0.27609044,-0.28081745,0.0941331,-1.1031256,-0.55593127,0.17052712,-0.05927091,0.2681807,0.327163,-0.70507824,0.2092615
bandwidth,-0.33736625,0.14259668,-0.6263672,0.31898388,-0.49877328,-0.16517986,0.39925343,0.0033665425,0.38561198,0.30423936,-0.46672368,0.5389324,-0.45636827,0.2807267,-0.7162232,-0.6590729,0.92073816,-0.4006148,0.3698679,0.2454819,0.4021608,0.36644918,-0.5716052,0.5095508,-0.14646274,-0.36973953,-0.2811213,0.09749429,0.12071573,-0.3296142,-0.20134638,-0.16531707,0.43951648,-0.41495255,0.037994683,0.50415665,-0.73659045,-0.3751409,-0.16624786,0.12365355,-0.3977581,0.097010575,0.08081056,0.255996,0.08447845,-0.2153946,-0.1106537,-0.06873816,0.020949788,-0.13381384,-0.265252,-0.50629956,0.3183704,0.24257672,0.6488198,0.60095024,0.08556848,-0.3053521,-0.07369668,0.5703674,-0.29486766,-0.26381525,-0.041122403,0.4958235,0.8658227,0.23926271,0.15230787,-0.42737818,-0.32838985,-0.018518941,0.15775798,0.01528824,-0.23263948,-0.22022268,-0.25391763,0.027411059,0.11066139,-0.09761263,0.19150765,0.2734824,-0.15447293,-0.56401074,0.006772737,-0.1043702,-0.09690956,0.14406638,0.38180807,0.24196953,-0.13768557,0.41864395,-0.32036966,0.16867052,-0.691365,-0.74445957,0.32134062,0.15778576,0.17517984,0.4289373,-0.3765863,-0.11361965
transforming_growth_factor_beta,-0.061952926,-0.5558753,-0.20250115,-1.0415471,0.12522252,0.9352496,-0.25829953,-0.20616207,1.0242783,0.04666176,-0.47593963,-0.6200788,-0.7804763,1.3844914,0.29521915,-0.36033118,1.2885317,-0.4474529,-1.2113444,0.16181752,0.40331674,0.15634939,-0.30848673,0.11321074,0.47006148,0.9459786,0.00046352786,-0.7189347,-0.4966499,0.17593159,0.32662115,-0.5136903,0.6512374,-0.335742,-0.5149848,-0.21380368,0.41234437,-0.7431506,0.25479364,0.02995212,0.13891552,0.7500125,0.40572459,0.038450975,0.24753858,-0.11334198,1.6061968,0.05883697,1.4408243,-0.2930963,0.041819364,-0.61535543,-0.29187286,0.25414848,-0.37709457,-0.31315985,-1.1554979,0.12088827,-0.20652321,0.57827574,-0.287876,0.12043189,-0.92533195,0.3148373,0.13143058,-0.4482905,0.32127738,0.8403348,-0.34273493,0.38242546,0.4492387,0.3859189,-0.34781262,-0.15704325,0.18422778,0.050546497,0.3298674,-0.31410834,0.2377219,-0.4858104,-0.071936645,-0.51356196,-0.4623753,0.79523826,-0.025626864,-0.3247997,-0.7269346,-0.7990639,-0.6897989,0.86534756,-0.6897547,0.58602685,0.55496687,0.056770444,-0.10330201,0.34692293,0.83807695,0.015573694,-0.16657855,-0.14511387
nervous_system_inflammation,-0.1839025,-0.8079294,-0.052173726,-0.6833635,-0.07506472,0.37100148,-0.05267818,-0.17149132,0.2720359,-0.56027055,-0.27455014,-0.8831679,-0.22387084,0.53324807,-0.6341404,0.04550934,0.5041704,-0.024975898,-0.7204417,-0.13639611,0.08557704,0.789962,-0.05735926,0.032117747,0.5243479,1.1843731,-0.11692195,0.32094502,0.2631885,0.38009387,0.05054541,0.082661144,0.48012346,-0.20462887,-0.101181895,0.009080035,0.7306225,-0.13989513,0.16236666,0.2555121,-0.1452246,-0.026715849,0.11300917,-0.36977467,0.5557792,-0.09659799,0.8148221,-0.04663807,1.158653,-0.18479355,0.057301305,-1.0637884,-0.11800924,0.58520013,0.02414753,0.4148693,-0.9681953,0.008986023,-0.40522003,1.0573138,-0.7134468,0.17400144,-0.26728776,0.12679504,-0.07493215,0.022402612,0.28980115,0.101921074,-0.7195737,0.18008873,0.44399267,0.21590677,-0.22867797,-0.5533354,0.09979553,-0.0527116,0.28066602,0.0163232,0.04834884,-0.20311484,-0.038747784,-0.07561209,-0.3492802,0.4787109,-0.36440235,-0.18743674,0.03880608,-0.50144905,0.16241944,0.2529114,-0.6390578,0.43663678,0.33612242,-0.73064065,0.28414172,0.4217846,-0.19256279,0.004565264,-0.04224285,0.08036396
mitochondrion,0.24053538,-0.7046892,0.5283465,-1.7174587,0.12288379,0.57673025,-0.33854392,0.49745575,0.17945531,-0.6126029,-0.7287001,-0.42537704,0.03707184,0.9415791,0.13535663,-0.5990757,0.49111977,-0.22071624,-0.97754306,-0.0017138347,-0.028298352,0.31654942,-0.015418707,0.33014336,0.59616494,1.3255655,-0.7745467,-0.27543333,0.09884726,0.11212449,0.109736964,0.12437731,0.55900574,-0.6313159,-0.09198274,-0.37124163,0.53142995,-0.44452563,-0.23696485,0.08929806,0.36499947,0.4293345,0.37183458,-0.4671152,-0.29811332,0.06764982,0.0030757012,-0.20720133,0.3391737,-0.35664594,0.34983224,-0.82230437,-0.44536343,-0.17633976,-0.1589436,-0.09145759,-0.9637462,0.46844584,0.42257723,0.53913605,-0.84217924,-0.11167564,-0.30663252,0.31064734,0.43813977,-0.8307196,0.30831906,0.29210478,0.03149775,0.65749794,0.13798186,0.4452943,0.09007452,-0.1476887,0.27021998,0.3918975,-0.16992353,-0.03781572,-0.18867473,0.1784362,0.021945843,-0.3047927,-0.19766752,0.5583439,0.42594823,-0.016554657,0.27321365,-0.41501263,0.43908888,0.2452716,-0.6996226,0.6012694,0.4265193,-0.54286516,0.58800375,0.31129763,-0.22013533,-0.24327725,-0.5118595,0.19880135
copy_number_variation,0.37026757,-0.62859106,0.31445742,-0.97071195,0.18050137,0.18979181,0.38067248,-0.23484614,0.6503882,-0.3518369,-0.7510139,-0.6286127,-0.010639373,0.5959833,-0.9048383,0.3736526,0.3603336,-0.20375094,-0.3224436,0.18514188,0.7118616,0.09354287,0.12904897,0.20974325,0.5829227,0.94899327,-0.10327892,0.37442493,-0.19028161,-0.03044466,-0.28069156,-0.34925064,0.52601886,-0.345098,-0.03037727,-0.7437167,0.22191511,-0.2197031,-0.029638536,-0.15500847,0.3410575,0.507688,0.013818758,-0.2758426,-0.16549456,-0.4713805,0.31836665,-0.4493867,1.3108909,-0.19612685,0.67061466,-0.38829857,-0.07917466,-0.5647561,-0.022408891,0.07437544,-0.2121989,0.01581431,0.20868994,1.1709677,-0.19151892,0.17542247,-0.1453106,0.44713214,0.23574054,0.1667347,0.060379427,-0.26650816,-0.6593523,0.8919577,0.2701089,0.15552227,0.014226835,-0.17922531,0.4239842,-0.37744495,0.49837175,-0.24368326,0.21530694,-0.050665952,-0.2782206,-0.2414377,-0.54426974,0.20303565,0.06540103,-0.071122944,-0.13567318,-1.2110163,-0.25996065,0.4788926,-0.68366855,0.8138586,0.48338452,-0.96395355,-0.12341043,0.43638954,0.015094555,-0.10672154,-0.4579237,0.119248055
blood_cell_count,0.14235549,-0.47588897,-0.082026064,-1.7014498,-0.8923936,0.078891255,-0.013807424,0.43760386,0.57400274,-0.3039329,0.040464055,-0.21796757,0.3282638,1.091837,-0.21890184,-0.37573838,0.7672594,-0.55186486,-0.60934454,0.07793833,0.29089996,0.13634272,0.306862,0.56915665,0.2765889,1.004485,0.056118723,0.6158412,0.0068948553,0.2755678,-0.6445318,0.027815126,0.25778145,-0.1957405,-0.420398,-0.64693934,0.31697866,-0.6946531,0.3667156,-0.11313461,0.06762835,0.36609587,-0.07681934,-0.34372807,-0.19621919,0.11862691,0.398079,0.003831585,1.1682979,0.21182223,0.32811028,-1.072819,0.15687057,0.039874136,0.44852522,0.6492655,-0.24833511,0.3144005,-0.20551835,0.6554845,-0.68253887,0.42603123,-0.7140416,0.25835237,0.06832459,-0.5722472,0.045799065,0.18167157,-0.027656334,0.4680308,0.22786191,-0.14146712,0.13229597,-0.5291072,0.17888182,-0.39282116,-0.09322536,-0.36356783,-0.2562304,-0.56289566,0.08955204,-0.27802056,-0.6470204,0.16382919,0.24468157,0.4610808,-0.31379604,-0.46857098,-0.22443087,0.34169793,-0.8308597,0.533103,0.009687467,-0.7203548,0.21591981,0.3299805,0.6899828,0.3986088,-0.1011999,0.26256496
computer_simulation,0.7156197,-0.39993244,0.116237685,-0.60452616,-0.29122725,0.06526809,0.67955154,-0.14967398,0.18735746,0.12592833,0.05224441,0.07837721,-0.44159615,0.7326797,0.23716564,-0.71336746,0.06112006,0.050868146,-0.43931133,0.4623763,0.18598357,0.25064507,-0.2852087,0.4032378,0.53833336,0.4503381,0.043735787,-0.049554095,0.2523423,-0.027138067,-0.2505367,-0.1412968,-0.14565758,0.2506674,-0.14422008,-0.14847003,-0.13105841,-0.36714038,-0.24371058,0.3575024,0.09881,-0.08872531,0.527351,-0.3230865,0.03789058,0.040548198,-0.24691601,1.0602944,0.36991557,-0.37646276,-0.26794606,-0.40812927,0.21979879,-0.007991191,0.8064098,-0.30937263,0.107724085,0.57758796,0.08958173,-0.16152593,0.24421872,0.3232428,0.07857087,-0.12490502,0.14658962,-0.12015689,-0.018352568,0.18921986,0.07207714,0.3863072,0.22788435,0.22519802,-0.41771516,0.159331,-0.11493102,0.3281974,0.07484995,0.5505387,0.231033,-0.022999857,0.08656103,-0.27041432,-0.35076392,-0.77812916,0.2579412,0.14772828,-0.14711463,-0.0022011003,0.279408,0.53524584,-0.34248456,0.5615245,-0.30505648,-0.41871282,0.10881114,-0.22725706,-0.11173925,0.10443112,-0.42609084,0.29895893
silicon,-0.39309332,-0.18131608,-0.53892404,-0.093482785,-0.66161793,-0.008044419,-0.13107163,0.22425388,0.43130705,0.08973299,-0.44820267,0.047010407,0.106716216,0.10200952,-0.029080395,-0.5145038,0.1423531,-0.20759715,-0.32105255,-0.24688543,0.02089453,-0.32244432,-0.3051008,0.17696743,-0.047276292,-0.28806698,-0.63643163,-0.10136424,0.041529886,-0.8275673,-0.47625536,-0.33908767,0.5472505,0.22383374,0.019281397,0.19975072,0.18122484,-0.10513505,-0.4734695,0.3018616,-0.22291118,0.11522567,0.28531218,0.08525354,-0.04706591,0.079802945,-0.16823775,0.3227075,-0.008451516,-0.6762151,-0.6299302,-0.20065713,-0.062474947,0.091712266,0.6283422,0.3827365,0.30637833,-0.04197189,-0.3199628,1.0354446,0.09759213,-0.07384668,0.0011122081,0.37718612,1.0372518,0.7068456,0.9242966,-0.3668914,-0.6310361,-0.29767546,-0.04961265,-0.04114975,-0.426627,0.30029416,0.043700524,0.0034023505,-0.4526618,0.018049616,0.23953457,0.4396121,-0.86555076,0.23124866,-0.23061937,-0.17750864,-0.50741833,0.12719008,0.43795514,-0.078749724,-0.2772224,0.31589872,-0.4582236,0.29557127,-0.7842904,-0.73145187,0.018276423,0.17434122,0.5022388,-0.446053,-0.5944661,-0.16579737
heterogeneous_catalyst,-0.24063167,-0.23607177,-0.18453425,0.012518957,-0.8893916,-0.11200132,0.058156263,0.34914085,0.07946584,-0.015591036,-0.54855496,0.06810328,0.22820237,0.21206973,-0.6209795,-0.7674648,0.20198165,-0.2946653,-0.038823433,-0.34937692,0.0500656,-0.31585777,-0.05243625,0.2861273,0.05730522,0.36017683,-0.90796816,0.22845261,0.6745539,-0.20535131,-0.19453679,0.08137587,0.2508888,-0.15789348,0.06274452,0.011437901,0.3254439,-0.196644,-0.44859493,0.3914907,-0.19123206,0.0016684388,0.026422136,-0.3787999,-0.038634278,-0.17328082,-0.20093355,-0.10037136,-0.14824039,-0.30225256,-0.81441885,-0.49588525,-0.50203806,0.17342037,0.6215706,0.40794948,-0.18463704,-0.24611028,-0.13497646,0.769463,0.3031381,-0.26084518,-0.13988644,0.36366105,1.0255667,0.52085364,0.7925532,-0.3785994,-0.4357075,-0.32899576,0.20541698,-0.2180442,0.023275115,0.1683581,0.093211226,-0.42738873,-0.36277202,0.08691116,-0.05652263,0.11622074,-0.12360072,0.33465436,-0.049963385,0.3526201,-0.24400511,0.15535426,0.84338164,0.05587255,0.017307753,0.4337887,-0.41316694,0.2663447,-0.37887725,-0.9306392,0.05999062,0.46264705,-0.039685592,-0.1682589,-0.70549434,0.30967525
cross_coupling_reaction,0.18428165,-0.17599785,-0.9349382,-0.12915555,-0.5041088,0.30056188,0.07140581,0.3955308,-0.039643027,-0.074615695,-0.17149378,-0.4634638,-0.023170078,0.06494465,0.037895877,-0.40240315,0.04295824,-0.6489913,-0.56461495,-0.49157256,0.2582414,-0.3522534,-0.03497167,0.10421409,0.22939329,0.51748043,-0.6048899,0.090544,-0.0069887284,-0.39514658,-0.08707178,-0.4676328,-0.18933651,-0.2385568,-0.121650934,-0.07561556,0.40625614,0.10979176,-0.4912936,0.31023255,-0.024157412,0.47452492,0.12421148,-0.5984809,0.063031055,-0.09943951,-0.3591739,0.2735147,0.27052563,-0.24900346,-0.32447922,-0.23852453,-0.032604102,0.018598922,0.47095272,0.4710105,-0.10579001,0.27263093,-0.2904032,0.87982506,-0.26766926,-0.22819069,-0.005291751,-0.03383761,0.9549943,0.42856294,0.5999882,-0.016650358,-0.56018764,-0.5500741,0.30947974,-0.1814975,0.07391076,0.2223076,0.637966,-0.09263352,-0.94293714,-0.2613238,0.123499416,0.37863097,-0.3329289,0.24746509,-0.7033998,0.031769276,-0.21816853,-0.5018606,0.6198519,0.03100172,-0.03343982,0.567399,-0.48302412,-0.15526253,-0.6431888,-1.0161643,0.1286337,0.5281344,0.0077086,-0.20992477,-0.56056136,0.07078026
clay_mineral,0.7331319,-0.7442858,-0.052630424,0.22281764,0.17072596,0.04696788,0.47601232,-0.15250127,0.25179222,-0.2997916,-0.12666687,0.026999423,-0.18060248,-0.38867128,0.15411423,-1.1369324,0.10343242,-0.28566134,-0.25637695,0.14891295,0.5077059,0.47599107,-0.76393604,0.65681475,0.5038155,-0.0038947877,-0.47058314,-0.6758697,0.17686272,-0.39531872,0.4564117,-0.5360378,0.03810018,-0.4724868,0.057164043,-0.21512124,-0.14734365,-0.041344658,0.09768769,0.13732608,0.0971577,0.103783295,0.15013635,-0.40226007,0.07323681,0.0037020138,-0.32268855,0.14693424,-0.24769832,-0.19754155,-0.19369802,0.4361959,0.565829,-0.41615608,0.5912867,0.025805876,0.115395315,0.12721193,0.29958144,0.28721595,-0.035572384,-0.1738959,-0.058888894,0.07967549,0.6197824,0.18545124,0.67358625,0.2297782,-0.05037451,0.14344874,-0.029909445,0.2904922,0.000952429,0.43100032,0.251325,0.31799585,-0.11958365,0.09082872,0.57961076,0.66441256,-0.5532614,-0.1466987,-0.011484753,-0.27234113,-0.7005208,-0.5948599,0.6011043,-0.10648836,-0.88018185,0.5752527,-1.1762263,0.09081317,-0.48615074,-0.84544235,0.03954916,0.37007582,-0.42824453,-0.5663694,-0.769933,-0.010614854
bentonite,0.558374,-0.8055268,-0.14224209,0.06300133,0.015309359,0.14588194,0.13925962,-0.388031,0.00018341673,-0.13735583,0.044395503,-0.09735545,0.07251457,-0.30415884,0.20457707,-1.1293333,-0.07040916,-0.20229265,0.16248225,0.08589849,-0.027708521,0.58813834,-0.22522774,0.4522895,0.5636308,-0.43980622,-0.60895115,-0.5436546,0.12925433,-0.4450992,-0.01691958,-0.11537242,0.09914887,-0.4303979,0.20104879,-0.31810075,0.33766636,-0.30327153,-0.1968047,0.22800224,-0.38061202,0.526104,0.5576326,-0.79239535,-0.17062661,0.4476178,-0.89471734,0.42990893,-0.17076352,-0.47882068,-0.2622242,-0.12972859,0.48981744,-0.54959077,0.62207747,-0.15662944,0.10378673,0.088141836,0.33922666,0.7138272,0.4480321,-0.04586311,0.12315563,0.37552387,0.88561285,0.53923637,0.4258442,0.39657235,-0.076646484,-0.082807764,0.22398794,0.5932365,-0.37702245,0.3391505,0.04299382,0.2569896,-0.03931777,0.2889958,0.40949908,0.8563957,-0.14104754,-0.08149503,-0.031897485,-0.36168787,-0.83757603,-0.27419373,0.58691454,-0.5951917,-0.7944175,0.3676272,-1.0817696,0.2816723,-0.2648487,-0.52359384,-0.23214169,0.084939495,-0.1432814,-0.24477157,-0.68451667,0.087917574
sol_gel_process,0.5491046,0.10842958,-1.061451,0.34832555,-0.12752655,0.021506676,0.41551065,0.34770417,0.17988396,0.06151985,-0.34779468,-0.55820996,0.028900715,-0.12494999,0.035672463,-0.5176667,0.43450013,-1.1067353,0.2183888,-0.68793875,0.42495307,-0.14829248,-0.041489955,0.05794273,-0.17532851,0.3072714,-1.0664594,-0.27795708,-0.36020872,-0.5689049,-0.42258075,-0.6909499,-0.04042173,-0.45648494,-0.16417636,-0.36257777,0.56519353,-0.24114785,-0.05653276,-0.2705053,-0.36583614,0.4066184,0.47021276,-1.2500451,-0.074011095,0.51219743,-0.33557576,-0.1393603,0.1512315,-0.35885864,-0.660124,-0.3416944,0.1708445,-0.86977863,0.42549023,0.3754657,-0.30447957,-0.071227424,0.1256396,0.91139764,-0.22894336,-0.45986128,0.18363301,0.35859773,0.7881566,0.45979208,0.13221557,0.102528356,-0.3606033,-0.34209102,0.27951333,-0.15013823,0.0008303244,0.15713558,0.44551983,-0.23786789,-1.0547335,-0.3947603,0.7374429,0.4945868,-0.32004666,0.1053935,-0.782852,0.28548563,-0.49741733,-0.41371456,0.5608583,-0.39135447,-0.391028,0.9905672,-0.77810997,0.057307974,-0.29045793,-1.1338564,-0.045567837,0.85753745,-0.17394723,0.1527364,-0.6342143,-0.15376255
sol__gel_method,0.52760565,0.1077895,-0.97491866,0.30663085,-0.12097789,0.032616936,0.40989524,0.29530376,0.20286897,0.055390112,-0.31854653,-0.53737825,0.06338014,-0.123995975,0.049283996,-0.5092194,0.36610758,-1.045216,0.16563891,-0.66903657,0.36412323,-0.1507298,-0.059754677,0.052083727,-0.17436896,0.33710817,-1.0312814,-0.3031168,-0.38054898,-0.5404394,-0.39767736,-0.6715565,-0.04869735,-0.40129134,-0.17700598,-0.36121973,0.574773,-0.22744262,-0.0012866881,-0.22893322,-0.39203468,0.41308075,0.48945436,-1.2408485,-0.041311122,0.5275847,-0.33883637,-0.118398294,0.12369535,-0.40155113,-0.62252444,-0.32713068,0.13303016,-0.8046957,0.42279086,0.33250555,-0.2319971,-0.021171799,0.09292362,0.9134922,-0.24445023,-0.42383155,0.1749457,0.3320672,0.7838629,0.43251082,0.16912797,0.1247825,-0.3521027,-0.36736974,0.26037326,-0.127971,-0.029288907,0.19536169,0.42345718,-0.19803801,-1.028741,-0.37719867,0.7311243,0.45729876,-0.30135158,0.10516991,-0.7382084,0.26758018,-0.48880705,-0.35924947,0.5459717,-0.4216253,-0.34375313,0.9736849,-0.7583026,0.059914947,-0.30933443,-1.0586095,-0.03264199,0.83137184,-0.16279753,0.11161944,-0.6258019,-0.17058316
heterojunctions,0.7525425,0.16125831,-1.0102282,0.124771714,-0.12282578,0.116570905,0.50847924,-0.008038817,-0.04174459,0.15701096,-0.5826901,-0.22733217,0.22541162,0.07737583,-0.035615705,-0.25488958,0.53824806,-0.8343778,-0.132767,-0.43808743,0.74436563,-0.28354773,-0.1093579,0.25252223,0.014331862,0.11795535,-0.9434217,-0.00736412,-0.21778333,-0.57925737,-0.53616476,-0.79684204,0.34349754,-0.3120679,-0.27737373,-0.266609,0.054558523,0.09481081,-0.18175554,-0.05435714,-0.32008088,0.46457633,0.65258956,-1.1848756,0.04873626,-0.03552492,-0.50182116,-0.04140797,0.014210097,0.08527815,-0.43590665,-0.14259294,0.36468333,-0.46112245,0.37717557,0.2464668,0.08169064,0.06126537,-0.054593064,0.8332803,-0.66429603,-0.26723626,0.007699353,0.43278566,0.78741866,0.13374746,0.17749669,-0.40929577,-0.1556189,-0.2854573,0.49478066,-0.03868254,-0.21519995,0.09174614,0.4079976,-0.19185849,-0.42555907,-0.40362734,0.5667659,0.27243733,-0.73174864,0.23141699,-0.8214034,-0.16728154,-0.09800887,0.069360346,0.5680175,0.16029772,0.15184371,0.8795176,-0.6472889,-0.17092164,-0.3419089,-1.0806658,-0.10096458,0.56703484,-0.3536269,0.29076612,-0.4619969,-0.029946895
biodegradation,0.21881594,-0.011174682,-0.40640825,-0.0013101645,-0.35972637,-0.17979126,0.3006565,0.56208616,0.036956035,0.16348346,-0.7967906,-0.006112618,-0.019763589,-0.20946175,0.2234443,-0.6107791,0.16834985,-0.6990745,0.2018877,-0.35033992,0.4707606,-0.71764284,0.048663225,-0.023143629,-0.16867936,0.080571525,-0.7032915,-0.25920692,-0.18789968,-0.4243363,-0.52009934,-0.8530089,0.274042,-0.8150261,0.050423406,-0.7692987,-0.1044768,-0.367573,0.4024776,-0.035550464,0.19080688,0.18227315,0.53968364,-1.0424923,-0.6488275,0.39067665,-0.36312583,-0.13463512,-0.25629237,-0.059095636,-0.49879342,0.18900487,0.2957435,-0.98730814,0.37393805,-0.32027608,0.12811846,0.17455952,-0.083784305,0.57697606,-0.3735217,-0.36722273,0.0836238,0.4981247,0.7994202,0.1637269,0.52879703,-0.06762363,-0.23779182,0.42409942,0.012912104,0.302851,0.40032995,0.2075938,-0.102454424,-0.29797903,-0.20604242,-0.29280037,0.0760825,0.22606729,-0.65334356,0.29791087,-0.15028001,-0.18000683,-0.59621125,-0.036003456,0.70088047,-0.025219701,-0.24409208,0.795933,-0.5546542,0.25397706,-0.6059374,-0.6986481,-0.124758884,0.20661521,-0.10160195,-0.09824605,-0.3430809,0.23860496
electrochemical_impedance_spectroscopy,-0.44159085,-0.12459084,-0.9387489,-0.6464539,-0.13841227,0.747773,0.11912059,0.17633013,0.35569727,0.23706815,0.3781803,0.07118028,-0.26330057,0.24136968,0.24028824,-0.5636925,0.15247247,-0.5186973,-0.7050611,-0.43762836,0.28863648,-0.25794634,-0.06208179,0.37775564,0.0006302532,0.44286442,-0.3615893,0.09582491,-0.14957325,-0.47322103,-0.43652946,-0.42991588,0.08707483,-0.30528846,-0.008486644,0.35624254,0.103984855,-0.24851973,-0.23610143,0.14209288,-0.010474064,0.57514006,0.43429112,-0.29563856,-0.22664389,0.2273998,0.11359747,0.27393922,0.36058792,-0.1383862,-0.2162741,-0.35899264,0.16795176,0.34312716,0.85804397,0.44013438,-0.015924662,0.5788121,-0.5871085,0.74719965,-0.59746796,0.1106943,0.20271112,-0.16515112,0.4972901,0.027561838,0.48748112,0.29441023,-0.47715387,-0.49052256,0.23934671,0.0017916076,0.24883243,0.44039333,0.2577266,0.21222714,-1.0297066,-0.24931474,0.10988984,0.661096,-0.35262093,-0.19738124,-0.78151757,-0.21162987,-0.23338819,-0.54676944,0.3374411,-0.082787946,-0.13067426,0.61394876,-0.6019714,-0.13204022,-1.1059496,-0.97492015,0.29747608,0.44663584,-0.006108902,-0.1930422,-0.2682243,0.1023478
photoluminescence,0.025236316,-0.097677685,0.27134,-0.45190063,-0.040748417,0.56211716,0.6492354,0.21541844,0.19046755,-0.0014483151,-0.18995784,0.040962398,0.2803667,0.32016814,0.19103622,-0.6143433,0.6958714,-0.5619078,0.3547559,-0.24948326,0.2840415,0.28927767,-0.18652424,0.102709584,0.29114506,0.19611056,-0.89329386,0.13074066,-0.22740456,-0.2313667,-0.1575684,-0.5758444,-0.014454249,-0.64662,0.27020153,-0.3517679,0.5614872,-0.45983315,-0.3157162,0.16232464,-1.057652,0.35316804,0.9325674,-0.65426713,0.09037752,0.27532086,-0.30487296,0.22942199,0.061246388,-0.005338691,-0.0019445489,-0.22839995,-0.16160636,-0.2216006,0.46978322,0.025626304,0.3213003,0.08109535,0.056252312,1.1458695,-0.42514855,-0.44193783,0.2335188,0.12536186,0.56832206,0.111464776,0.22910655,-0.25364172,-0.5039168,-0.2909604,0.28351414,0.29735765,0.30869827,0.28568473,0.122001186,-0.051293112,-0.86356366,0.1241787,0.26288053,1.2143087,-0.24940479,-0.14289828,-0.71947634,-0.04582925,-0.47136566,-0.5903788,0.24355042,-0.27576375,-0.12702876,0.5916022,-0.8735993,0.35378098,-0.08734002,-1.2150478,0.026525034,0.32800335,-0.7008242,-0.3581743,-0.26144364,-0.020056184
nanocomposites,0.8154657,-0.6467399,-0.54724145,0.10989132,-0.22973701,0.31793663,0.45828283,-0.09929569,0.03372559,-0.29122543,-0.1908304,-0.24333537,0.24510987,-0.3927274,0.2899905,-0.6277423,0.31950125,-0.6660351,-0.24706894,-0.18688872,0.3677844,0.57744217,-0.13953012,0.15784901,0.12838943,0.19968402,-0.86259454,-0.3775991,-0.09112057,-0.4669781,0.3629928,-0.47069922,0.018657083,-0.38498554,-0.08038284,-0.21083957,0.2587934,-0.0022817575,-0.070938386,0.09526422,-0.8025718,0.6625455,0.40986627,-1.081744,0.09891528,0.14991127,-0.75361013,-0.17901136,0.040200762,-0.42559063,-0.33095446,-0.02020285,0.36136237,-0.42117855,0.2084845,0.17543755,0.025222022,-0.16221838,0.10244207,0.93745565,-0.4028082,-0.48225912,0.25951368,0.49381366,1.0423245,0.27941144,0.62950516,0.1297991,-0.31345332,-0.55794615,-0.03811195,0.5366849,-0.21953605,0.16404317,0.5709405,0.08713523,-0.6581974,0.20641854,0.3279609,0.98077923,-0.26329654,-0.004383917,-0.58222824,-0.31612298,-0.34560016,-0.2692057,0.6525219,-0.23964165,-0.27374116,0.69350505,-1.2344135,0.032176252,-0.21607172,-0.9749003,-0.090934835,0.55486554,-0.46709,0.034663465,-0.5726153,-0.51789016
optical_tweezer,-0.014625229,-0.12706128,-0.24234445,-0.06924399,-0.60008776,0.044541303,0.518428,0.042382356,0.21803306,0.15344767,0.26356745,0.3811298,-0.6740299,0.4403437,-0.4270303,-0.7117053,0.2428251,-0.07508544,0.20264594,0.41708225,0.20444696,0.011266395,-0.26396963,0.47561154,0.5760949,-0.016196912,-0.5564084,-0.2961769,-0.14225367,-0.71319693,-0.39500833,0.015145348,0.042235598,-0.112006664,-0.20833169,-0.07868544,-0.059543382,-0.13022512,0.12342213,0.36625192,-0.06473388,-0.31406268,0.15137613,0.009007379,-0.42830005,0.10638434,-0.5046099,0.36754844,0.018686661,0.0023422055,-0.28013852,-0.27876446,0.57355326,0.16805534,0.45556203,0.39280328,0.052255698,-0.0874596,0.079046555,-0.0681434,-0.29951432,0.2672993,-0.09403644,0.2539858,0.7228012,0.09058229,0.07170094,0.110499464,-0.14164397,0.25922513,-0.018140335,-0.070790224,-0.31861514,0.23150386,0.09915506,0.26182804,-0.29317033,0.3215382,0.016535705,0.027785618,0.1418912,-0.41122085,0.19897999,-0.16787285,0.04782747,-0.030856263,0.53400207,0.11192451,-0.1559518,0.37610134,-0.3436723,0.19041976,-0.9059523,-0.28053012,0.16855738,-0.25723287,-0.25272137,0.3927177,-0.25734445,0.094891675
monte_carlo_method,0.16590005,-0.30199078,-0.70936954,0.20536709,-0.4520265,0.21081898,0.4865137,0.28327453,0.5155237,-0.18297683,-0.38452774,0.08900485,-0.075720824,0.56497693,-0.49123374,-1.0247884,0.27474448,-0.028237956,0.5696731,0.2611578,0.34780604,0.013120588,-0.5191032,0.68262255,0.54523194,-0.061741915,-0.37959763,-0.6108536,0.19146603,-0.5170094,0.0838422,-0.25191316,0.09603992,0.00362197,-0.09659715,-0.29064786,-0.3207019,-0.11071892,-0.19903362,0.24469881,-0.09694203,-0.17903005,0.096663505,-0.34218606,-1.1431845,0.403988,-0.74429387,0.5951073,-0.065970376,-0.19008392,-0.5471958,-0.066962875,0.35702175,0.18710157,0.35320228,0.15681888,-0.13203487,0.47497094,0.17349671,-0.048638128,0.3545269,-0.5295449,-0.23873359,-0.34230283,0.53134775,0.09201877,-0.20460288,-0.03353291,0.13923505,0.73318493,-0.25753123,-0.37698898,-0.18621108,0.1159205,-0.160709,0.29932475,0.2580675,0.21143049,0.46525156,-0.0029100096,0.55885524,-0.15756959,0.17691559,0.30266762,-0.004012893,0.05580296,0.3143246,0.0486655,-0.2574324,0.64498883,-0.56882966,-0.30312607,-0.7679037,-0.29354605,0.24717659,-0.057371173,-0.16014867,0.16868933,-0.7851111,0.26939434
free_energy,-0.2005233,-0.26000068,-0.09892735,-0.45005557,-0.11381526,0.8630165,-0.107038386,-0.1322358,0.42861181,-0.24966078,0.16804914,0.10206698,-0.22747771,0.24256858,0.48499343,-0.8209488,0.22498718,-0.10155035,-0.70593363,0.21473289,-0.593034,0.43461382,-0.27487364,0.31163874,0.23337935,-0.07841887,-0.4763724,-0.28651294,0.5920429,-0.5880835,-0.11298759,0.143106,0.2629151,0.18571474,-0.09988621,0.4145061,0.37647486,-0.5769234,-0.06406106,0.65039,0.15967923,0.05427686,0.21135308,0.08971176,0.2794004,0.72788054,0.11195851,0.44416717,-0.05048751,-0.87869763,-0.19304067,-0.46466818,-0.0014549426,0.2313176,0.6983085,-0.33806363,-0.15180022,0.012577391,0.07357476,0.72285664,0.19938645,-0.2877199,0.16142926,-0.094095185,0.43497932,0.35269117,0.2715214,0.36882573,-0.28971982,-0.18158573,-0.37365636,0.4556853,-0.033431765,0.4514871,0.2437156,0.24640521,-0.22646818,0.76172453,0.021081066,0.68954915,-0.30710188,-0.27419794,-0.17950222,-0.50898445,-0.6237801,-0.10396417,0.123250745,-0.4525587,-0.45471403,0.04648586,-0.85840917,0.49491292,-0.5926223,-0.1161264,0.37695563,0.43771353,0.2334011,-0.21641399,-0.70848227,0.2962507
echography,-0.10801218,0.23257406,-0.07546559,-0.5077733,-0.7181252,0.7235512,0.50201815,-0.4583426,-0.017963113,0.050994895,0.03523579,0.20090899,-0.7280147,0.68397814,-0.74100727,-0.7137206,0.6771951,-0.8507769,-0.5267945,-0.017551104,-0.3415124,0.46309915,-0.15739639,0.0959039,0.027782533,0.19348635,-0.52104485,-0.27559605,-0.20503457,-0.07441553,-0.24482816,0.29331526,0.21417716,0.28889248,0.22205044,-0.6879761,0.23497769,-0.0021601836,0.22949614,0.38320324,-0.2062469,0.029808942,0.33170366,-0.24977499,0.08703001,-0.28190088,-0.21014912,0.2518195,0.58680445,-0.24361937,-0.26972082,-1.7645062,-0.053022627,0.67525357,0.110833295,-0.083154395,-0.52969664,0.044870168,0.55078095,0.4284515,-0.15019424,-0.041250326,-0.4804092,0.6714609,0.7021409,-0.030172244,-0.33598387,0.40493587,-0.34169638,0.6909742,0.25270614,0.29734093,-0.18786779,0.12074169,0.26454064,-0.19425611,-0.31269845,0.43830344,-0.90351754,-0.32687256,0.6112089,-0.071047194,0.021068703,0.25887713,-0.33104718,0.15087855,0.2934654,-0.10225648,0.08695393,-0.071636006,-0.22423135,0.7450518,-0.51606333,-0.21519536,0.07312524,-0.46207297,-0.12477885,-0.025512727,0.46654215,0.48139298
disease_activity,-0.53887975,-0.37404048,-0.14829051,-0.13160013,-0.6386459,0.08693851,0.46411613,-0.31873825,0.58297384,0.092709854,-0.1550116,-0.43237182,-0.6026944,0.74802214,-0.5703413,-0.5426036,0.45161352,-0.57859653,-0.15382376,0.23622294,0.13849628,0.20478188,-0.33739796,0.055409245,0.6530977,0.51325464,-0.48015672,0.010527235,0.0080908695,0.07799732,-0.25465888,0.1603894,0.50796175,0.22379278,0.033595894,-0.7646507,0.21005818,-0.079108365,0.59412414,0.37912798,-0.1532669,-0.34241554,0.4013153,-0.070162,0.35644358,-0.26948774,0.270443,-0.0005833286,0.8829347,0.17513636,0.012826323,-1.1556197,0.08374837,0.68710124,-0.031628884,0.24712363,-0.4576571,0.26302287,-0.12264603,0.3735997,-0.25942943,0.1198831,-0.8948001,0.28002313,0.20467198,0.1947927,-0.17842549,0.08031349,0.20164749,0.79314035,0.78598505,-0.1524232,-0.33741122,-0.22940613,-0.038195528,0.083118945,0.44248068,0.026761204,-0.05391864,-0.7445806,0.40203428,0.046506025,-0.18763691,0.23382644,-0.19039246,0.2577756,-0.2811865,-0.43626395,-0.1901279,0.08311238,0.22401363,0.71946144,-0.20204584,-0.49746978,0.28584608,0.022663318,0.14134946,0.23857196,0.3003646,0.4212008
van_der_waals_force,0.3024159,0.03537535,-0.07522958,-0.29499924,-0.15529884,0.53867215,0.41290545,0.39315167,0.60194427,-0.5758727,0.1117333,0.14228183,-0.90529734,0.30378196,0.17451008,-0.48018396,0.024306867,0.67370796,-0.119786404,0.47738802,-0.0040301695,0.874234,-0.15952176,0.724719,-0.32758498,0.030699858,-0.4713293,-0.18613811,0.6065426,-0.82353306,-0.7292277,-0.32880756,-0.04556217,0.3434713,-0.57204133,0.19305408,0.5263154,-0.6374204,-0.84997445,0.7304125,0.56342554,0.33355713,0.5607759,-0.21757568,0.00045627303,0.2925916,0.030568479,0.5261043,0.077711925,-0.762209,-0.7313392,-0.3858796,0.07030937,-0.31522033,0.3053347,-0.13943653,-0.47090673,0.5534528,-0.010743858,0.22884181,0.17420757,-0.3511466,0.13831846,0.48767778,0.38458562,0.3417559,0.24214675,-0.5323214,-0.31676918,-0.035861146,-0.38140887,0.15837236,-0.7245759,0.32729545,0.2259645,0.41364208,-0.033039957,0.20412298,0.5616992,0.10333215,0.121167116,-0.16992413,-0.26805687,-0.024386667,-0.4792056,-0.21853694,0.25850952,-0.40937892,0.079204775,0.39504483,-1.07936,0.53106236,0.01999821,-0.48871267,0.34981483,-0.20474802,-0.63288903,-0.14012843,-1.4151294,0.029161388
smoothed_particle_hydrodynamics,-0.045570727,-0.063110076,-0.008101701,-0.15968657,-0.52239466,0.24940929,0.7353866,0.5360248,0.56860566,-0.2751405,0.14023374,0.20393093,-1.0338284,0.53619295,-0.22555535,-0.8266942,0.24264543,0.4711096,0.008937637,0.39784968,0.22369425,0.44282278,-0.35006636,0.5846654,-0.15153672,0.1395684,-0.1769202,0.05857465,0.6350805,-0.69515353,-0.8177302,-0.2703974,-0.081237935,0.36229497,-0.5605716,0.00037505067,0.1813803,-0.5544734,-0.5177414,0.39726377,0.7176306,0.128534,0.06700716,-0.5500019,-0.28970757,0.17024687,0.19444786,0.38989133,0.22731046,-0.36095577,-0.94101524,-0.33420584,0.19075029,-0.25916472,0.792607,-0.07100745,-0.5012247,0.46485114,-0.33040398,-0.15313432,0.10667829,0.012796925,-0.014633879,0.4602225,0.39370623,0.69354886,0.3242165,-0.29347143,-0.31335643,0.016891986,-0.26017618,-0.02950807,-0.40156743,0.31467462,0.023562845,0.30229533,-0.11660721,0.43364522,0.5548779,-0.07804229,0.0034398744,-0.2822633,-0.255256,-0.35473925,-0.37728974,-0.15580747,0.24207209,0.297956,0.18664925,0.59797657,-0.88767934,0.47895384,-0.56140286,-0.80389225,0.21478985,0.033960737,-0.5570941,0.17744024,-1.2339008,0.13315988
nucleation,0.11017862,0.39985907,-0.2952208,-0.49808234,-0.2218316,0.21790308,0.52137536,0.40871322,0.79385346,-0.46759954,-0.030938836,0.32423764,-0.89087045,0.21084534,0.08992536,-0.6373561,0.34041554,0.28398985,0.033010617,0.07740665,0.18766126,0.15657063,-0.37189543,0.20845193,-0.45846483,0.26709515,-0.814555,0.2627174,0.05609372,-0.6955353,-0.70594096,-0.5637603,-0.07356058,-0.35775012,-0.37450624,0.3390288,-0.04372877,-0.65006554,-0.5733766,0.015026954,0.47682193,0.24610949,0.04856241,-0.1025498,0.03881544,0.33747193,0.37485826,-0.16520226,-0.060932767,-0.72924966,-0.91523683,-0.28002164,0.2781603,-0.34944633,0.6828561,-0.25707653,-0.19563816,-0.033737537,-0.24751726,0.34132397,-0.047585785,-0.5274546,0.7366769,0.20127757,0.47531173,0.14818652,-0.015321586,0.08974968,-0.29600677,0.345108,-0.22699343,0.20381773,0.025252098,0.64127547,-0.15941732,0.57912755,-0.40385896,0.1418575,0.5841676,0.39142144,-0.653168,-0.34157827,-0.22878134,-0.23064178,-0.31959334,-0.12513188,0.2909848,-0.094573036,-0.23250942,0.8311328,-0.77941626,0.24047856,-0.29586884,-0.8468517,0.37111738,0.080738746,-0.5634351,0.3444393,-0.72506773,-0.52204937
drop,0.32122058,0.10248965,-0.15094835,-0.05189416,-0.38983294,0.48255697,0.6885326,0.37060356,0.65312564,-0.43449163,-0.24266204,0.36154488,-0.7029693,0.54661566,-0.1228768,-0.94338286,0.37461662,0.5568246,0.21599537,0.4419057,0.13641553,0.3162846,-0.23979661,0.71986824,-0.027511615,0.13631038,-0.28516588,-0.37448907,0.54368407,-0.58760774,-0.63502115,-0.37617484,0.024466237,0.059069313,-0.6187166,0.039591435,-0.036336802,-0.33087236,-0.5377156,0.46940178,0.3196665,0.11468169,0.23232695,-0.2659176,-0.6455377,0.45325395,0.005489009,0.66171956,0.061838977,-0.41603893,-0.93625844,-0.15246229,-0.038510997,0.0378251,0.5963931,-0.1756228,-0.37484547,0.3733182,-0.2653521,-0.061932206,0.18223585,-0.45690808,-0.11623135,0.0007932781,0.30044574,0.15372871,0.12659544,-0.45755666,-0.24950226,0.4564917,-0.4107072,0.042265814,-0.16705246,0.42113286,-0.20330447,0.30905566,0.14167747,0.34403262,0.45809212,-0.047587458,0.17108324,-0.11503154,-0.1531832,0.06927855,-0.34625968,-0.11269351,0.3776799,0.18652084,0.090080775,0.54775876,-0.8759458,0.13532133,-0.34959126,-0.496921,0.1749324,-0.19859387,-0.35887355,0.088928714,-1.2098787,0.22289069
pore_size,0.431007,-0.16611058,-0.6291969,0.16077094,-0.5224642,-0.11645443,0.20442757,0.15681419,0.14947043,-0.08613099,0.006717466,-0.42458868,-0.19817741,-0.29927066,0.009580409,-0.5141518,0.2978374,-0.451124,-0.2969822,-0.3424294,0.46992856,0.43108082,-0.19440207,0.07693826,0.2942634,0.5683568,-0.94268256,-0.09061253,0.033025295,-0.27869648,-0.07997233,-0.23782805,-0.13016148,-0.09518381,-0.3409808,-0.10418354,0.9472198,-0.16629052,-0.15499301,0.44920164,-0.25748006,0.14637691,0.111013725,-0.8131211,0.78854614,0.09598444,-0.2973911,-0.22782868,0.16314021,-0.31381696,-0.6668856,-0.1008591,0.26237074,-0.14397547,0.18163328,0.63482606,-0.22357568,-0.2090773,-0.13753065,0.79182124,-0.41547132,0.12211709,-0.0012883048,0.62834173,0.6931502,0.46388343,0.39898765,0.072403096,-0.27635765,-0.89121205,0.24432991,0.18021202,-0.5727622,-0.003834603,0.8920996,0.14085497,-0.65532595,-0.09299936,0.554893,0.3837147,-0.33394647,0.3916357,-0.7407296,-0.031599574,-0.13961615,-0.2349096,0.5142148,-0.21838282,-0.26967558,0.3355481,-0.6520822,0.28245038,-0.18789406,-0.96118134,0.08830431,0.8474295,-0.28176746,0.030143451,-0.6342755,-0.28502807
solvent,-0.59791744,-0.08038254,-0.42980987,-0.31247842,-0.6345164,0.5193265,0.5868381,0.37329403,0.904213,0.08381241,0.22527552,0.35616502,-0.46416098,0.6204052,0.242039,-0.35252625,0.41431677,-0.33328956,-0.06564004,-0.050712243,-0.016274132,-0.02635931,-0.3614935,-0.13927034,-0.52029806,0.29320163,-0.3689672,0.007348373,-0.025938155,-0.35941598,-0.58127034,-0.63236547,-0.503827,-0.119403295,-0.24872045,0.0295317,-0.121597,-0.5511826,0.07718395,0.071177416,0.5090598,0.28892636,-0.16667247,-0.4998629,0.45271504,0.70727026,0.5554384,0.02272845,0.5764982,-0.76083624,-0.92753214,-0.60375506,-0.38398054,-0.24889801,1.0223787,-0.35834667,0.122284085,-0.13574375,-0.28072682,0.6022734,-0.0027094863,-0.18631166,0.6971447,0.30378857,0.6711888,-0.04264414,0.3408465,0.5135835,-0.45640638,-0.2889711,-0.46020785,0.26745522,-0.016054206,0.8272184,0.22172834,0.07005243,-0.8047754,0.33946005,0.50176173,0.6842472,-0.22480662,-0.37512022,-0.31938788,-0.41370037,0.019992903,-0.37310237,-0.019357173,-0.40054494,-0.5481525,0.97943854,-0.48887053,0.459266,-0.6573829,-0.7940615,0.32218,0.63770545,-0.19348228,-0.19021073,-0.27258486,0.068898164
sodium_chloride,-0.3383967,-0.15987025,-0.17198883,0.5209702,0.08419745,-0.17780596,0.6684429,-0.03797222,0.4551084,0.53751916,0.2867877,0.102127455,-0.5748782,0.280904,0.6486087,-0.51743656,0.26637897,-0.8917243,0.29286695,-0.6772858,-0.072514884,0.07098361,0.057016976,0.12925816,-0.78020793,0.3752144,-0.28883982,-0.3309439,-0.27557153,-0.31504878,-0.20785819,-0.61667675,-0.30731192,-0.041681852,-0.03514266,-0.3643464,0.5019175,-0.5042005,0.28018096,-0.7122921,-0.097551994,0.38191628,0.14496937,-0.7346914,0.11223884,1.3256878,0.5764402,0.092611246,0.015162007,-0.57962716,-0.42100537,-0.38916945,-0.20013073,-0.76196253,1.0840428,-0.3369511,0.27234975,0.24205007,-0.26528594,0.6176585,0.2715734,-0.6177495,0.5589994,0.1559795,0.26432577,0.5418208,-0.042023867,0.43982127,-0.434607,-0.80434483,0.19696665,-0.23080043,0.1966257,-0.08622152,0.018273596,-0.024581447,-1.1536069,-0.15716003,0.999818,0.43195844,0.091440275,-0.5070554,-1.0271558,-0.16742153,-0.6048442,-0.4554032,-0.42474025,-0.79863816,-0.7050518,0.7564004,-0.38281795,0.20282765,-0.26187667,-1.0992043,0.021888124,0.59066415,0.18348293,0.2524537,-0.81992525,0.04839326
salt,-0.7587905,-0.86242783,-0.17839932,0.0530872,-0.3482908,0.43045267,0.45048067,0.25946015,0.81992733,0.17775257,-0.33274162,0.7582832,-0.16400775,0.110531315,0.5404335,-0.05477006,0.93016165,0.05821507,-0.06497803,-0.07014024,-0.25338852,-0.13892698,0.21370818,0.58058465,-0.27653804,-0.48616076,-0.058107734,-0.31977215,-0.16696288,-0.50413114,-0.5860159,-0.23646195,0.10150801,0.030694883,-0.5665612,-0.22102773,-0.3199291,-0.5853301,0.06274486,0.026042469,0.15890995,0.72258097,0.1059665,-0.8860315,0.3508565,0.6157212,0.12407178,-0.11010952,0.6791312,-0.57874644,0.08037838,-0.55240446,-0.17344409,-0.24043532,1.2264721,-0.41796637,0.101981,0.11983093,-0.47483787,0.75486606,0.061102636,0.0041290484,0.6083173,0.08188456,0.8199001,0.16385487,0.48912194,0.45580652,0.14726761,-0.7914806,-0.5260809,0.3426915,-0.61484635,0.67456377,0.025890406,0.77299416,-0.62663186,0.6139119,1.1712477,0.3407042,-0.20498325,-0.5423312,-0.2633969,0.13243175,-0.3044101,-0.13643712,-0.82258403,-0.43494448,-0.66315126,0.4968529,-0.7452709,0.20822318,-0.5555914,-0.48745498,0.2634766,0.55172455,-0.48509446,0.17138071,-0.7456086,0.35503718
normal_human,-1.1254122,-0.61978567,-0.38686076,0.1242215,-0.42633834,0.85785455,0.31482512,-0.0040730033,0.121774465,0.35482782,0.34971768,0.5771719,-0.5824528,1.0187026,0.1363122,-0.5196962,0.8479264,-0.4663737,0.06423783,-0.27900225,-0.031158565,-0.2397962,-0.17730805,0.11322161,0.088779375,-0.029339911,0.17768584,-0.40266258,-0.09570476,-0.1519625,-0.2929148,-0.17396383,0.0027001519,0.40125212,0.005469743,-0.29664615,-0.113979265,-0.49135584,0.24276185,-0.25889346,0.096500956,0.029860768,-0.1365044,-0.3534532,0.6461153,0.7924098,0.9734746,0.28638476,0.42037246,-0.3947948,-0.42379478,-1.0783739,-0.8179114,0.21447651,1.0317143,-0.29309183,-0.49708802,-0.36846483,-0.5745835,0.48180813,-0.04289238,-0.3597661,0.19014692,0.07088808,0.45548216,0.08029979,0.14409147,0.36336517,-0.038685128,-0.4099972,-0.13388142,-0.24186717,-0.1064036,0.07167575,0.10526814,0.22957562,-0.47365698,0.50551873,0.3748924,0.38294443,0.11341822,-0.23150754,-0.17960835,-0.40439725,-0.23496626,-0.5412634,-0.47139242,-0.12502116,-0.37184924,0.55391324,-0.09640797,0.138637,-0.24322225,-0.5759056,0.028688699,0.37518048,-0.36478332,0.2706381,0.044088054,0.51497656
forcefields,-0.621353,-0.30530936,-0.2434719,0.24081017,-0.50504196,0.45854285,0.25940782,0.14385395,1.0038774,0.29053098,0.2905703,0.4698999,-0.42392474,0.09642933,0.3096364,-0.5558552,0.76769155,-0.24929716,0.04683465,0.044035353,-0.092128344,-0.14680184,-0.2532002,0.19546191,-0.1637413,-0.26258034,0.107869714,-0.53927916,0.19254176,-0.45445937,-0.7806944,-0.49101633,0.015868299,0.025194652,-0.16017322,-0.18452227,-0.10279221,-0.50855845,-0.2092524,0.012864341,-0.041682627,0.49987063,-0.008656507,-0.31663096,0.3188697,0.50440323,0.29067466,0.42675167,0.83548284,-0.33603358,-0.6701604,-0.50592875,-0.30343866,-0.055793494,0.96217304,-0.004152273,-0.066867866,-0.09090735,-0.34007582,0.6897977,-0.005795839,0.20605348,-0.06484241,0.21344736,0.7979244,0.39609122,0.5624937,0.2699247,-0.36777177,-0.7891605,-0.6399954,-0.014475684,-0.03489064,0.4550574,0.05561652,-0.006915327,-0.47369912,0.22986466,0.59435934,0.6265842,0.03503505,-0.7065002,-0.4858067,-0.21856073,-0.7371225,-0.6850972,-0.22503464,0.1795229,-0.5768791,0.3958248,-0.51444566,0.2791465,-0.43059954,-0.7156767,-0.18648227,0.39730307,0.1062622,-0.066798806,-0.24147265,0.18234335
chemical_compound,-0.36249733,-0.2375032,0.26962247,-0.31220943,-0.5942955,0.9922783,0.9605734,0.2486217,0.78358996,0.57548887,-0.24768963,0.2934462,0.2469105,1.09014,0.4577079,-0.10095201,0.6729733,-0.5516202,0.31864178,0.36519375,-0.32793805,0.13917425,-0.3957415,0.23557651,0.090954855,0.054032717,-0.026844764,0.14859015,0.34857237,0.30728835,-0.50760305,-0.10858532,-0.4277338,-0.13319251,-0.17096816,-0.5109475,0.27532172,-0.5098837,-0.5100735,0.2486735,-0.7875068,0.35690987,0.7992262,-0.5468696,0.62241524,0.6213692,0.13088962,0.4891309,0.41304177,-0.16134585,0.30143565,-0.3131625,-0.5854555,0.27365384,1.085171,-0.5532589,0.69951177,0.48002344,-0.24583273,0.9364366,0.109052114,-0.6047799,0.29674563,-0.25444907,0.07453227,-0.010407185,-0.14855714,-0.0043443143,-0.18349764,-1.1479979,0.13790561,-0.14285898,-0.18925437,0.19988665,0.44179899,-0.08342386,-0.40043995,0.47055456,0.68905187,1.1147408,0.10795373,-0.3274355,-1.2205534,-0.23075962,-0.12908073,-0.65709287,-0.47942394,-0.1306374,0.25053823,0.756494,-0.3717057,0.59945464,-0.020942422,-0.9824785,-0.0030917742,0.5126777,-0.7561373,-0.30492663,-0.24618879,0.49854332
biological_process,-0.90749913,0.04174134,-0.47225857,0.31474,-0.0009356498,0.62212586,0.6739248,0.47247386,0.77289736,0.36785474,0.006920688,0.5934549,-0.665707,0.96090597,0.8009699,-0.37801957,0.36355454,-0.4754308,0.17986995,0.09197386,-0.1515135,-0.31999755,-0.029446868,-0.14259811,-0.3892243,0.29870754,0.14590466,-0.6933623,0.068319306,-0.1900224,-0.3948406,-0.75117177,-0.20048147,-0.05746486,-0.3268365,-0.07219466,-0.25523522,-0.81819814,0.54174674,0.27633724,0.42415157,0.18094246,0.3297163,-0.385383,-0.12605849,0.7106016,0.9432483,0.55845875,0.6058821,-0.50840336,-0.391268,-0.4450482,-0.30401734,0.508181,0.97181803,-0.6620803,-0.37139648,0.65195537,-0.6998519,0.33673188,-0.46945485,-0.16615348,0.026960807,-0.092383265,0.26545295,0.13269454,0.5449833,0.2577272,-0.6599534,-0.40449154,-0.53883606,0.1893253,0.5573319,0.38094273,0.037901036,0.06368989,-0.5257787,0.101274036,0.29086268,0.60087144,0.33260265,-0.2633082,-0.33991113,-0.014299705,-0.5127472,-0.6782603,-0.0755698,0.072288565,-0.47555944,0.6857549,-0.3111968,0.31830308,-0.8671849,-0.5523768,0.34119132,0.34104726,-0.19737887,-0.2786534,-0.16194871,0.5474388
prognosis,0.4279632,-0.74505967,-0.75700116,-0.85371387,-0.28318134,0.29552355,0.20385556,-0.3440873,-0.064097606,-0.23312634,-1.0864078,-0.22894804,-0.6484495,0.96688795,-0.49367318,-0.74987274,1.0888373,-0.67306036,0.18976578,0.10827318,0.45194906,-0.23443043,-0.2267087,0.86498463,0.51685727,0.5377977,-0.43698385,-0.56306654,-0.49161714,0.28143486,0.8863109,-0.03240068,0.2159833,0.1771284,0.15636706,-0.8109015,-0.14184664,-0.21255799,-0.551873,0.25413465,-0.13300852,-0.16750428,1.0935756,-0.08881212,-0.3554032,0.2597248,0.5822417,0.18043627,0.45842445,0.27862534,0.31945637,-0.8067351,0.4064283,0.29038632,-0.041221984,-0.030093346,-0.68130136,0.042595286,-0.08268874,0.35472766,0.50248873,-0.8100995,-0.67874825,-0.42923272,0.32207394,-1.0187651,-1.5084407,0.41629913,-0.09843519,0.7146411,0.49502987,0.17993931,-0.09062456,-0.28083873,0.50812083,0.28535587,0.22002761,-0.014194108,-0.59152085,-0.29476717,1.052373,-0.40591288,-1.0469345,0.74026954,0.38516822,-1.0274158,-0.029400097,-0.04163588,-0.16124807,0.96308345,-0.22017919,0.19277664,-0.13819121,-0.097037435,0.6873352,-0.41655052,0.24245618,-0.41770244,-0.5618516,-0.45790115
leukocyte_count,0.03868254,-0.7601415,-0.7694292,-0.709833,-0.3926556,-0.018428126,0.14581555,-0.28117496,0.7326398,-0.8018759,-0.33178782,0.3645254,-0.02439609,1.1336414,-0.33758554,-0.36487383,1.1911106,-0.90090436,0.5121691,0.70511925,0.6592665,-0.6684183,0.4553395,0.407653,0.20750251,0.12503965,0.2941083,0.05636775,-0.10299324,0.26925862,0.17967649,-0.2632682,0.6660988,0.09698257,0.09024546,-0.9500459,-0.93153906,0.0014005766,0.27689472,-0.42124063,0.32955772,0.2546435,0.09766654,-0.3599611,-0.38656664,0.19553056,1.1261572,-0.26622376,0.33542728,0.47573864,-0.21947432,-1.1871642,0.15921484,-0.12939058,0.52535635,-0.04828241,-0.41327655,-0.13781184,-0.06767123,0.80251724,-0.14281806,-0.007545937,-0.8207776,0.6847415,0.4349173,-0.8418382,-0.33025184,0.4523924,-0.21221282,0.7318608,0.044641286,0.40923053,0.6365051,-0.3627267,0.31025043,-0.42893258,0.33384886,-0.3190234,-1.0686735,-0.64834005,0.65076625,-0.31328925,-0.8686673,0.23982517,0.010123832,-0.41763225,-0.37866357,-0.061358575,-1.0717142,1.013587,-1.0289594,0.4555452,-0.47330013,-0.5632178,0.1904496,0.089521356,0.6676483,-0.02206419,-0.3347569,0.022240875
hypertension,0.2853616,-0.9394876,-0.6717407,-0.20002387,-0.32669735,0.65721387,0.03794208,-0.6712494,0.80946046,-0.6319166,-0.33505842,-0.7101839,-0.7723725,0.6848973,0.15066858,-0.7708906,0.9867425,-0.46737775,-0.14545543,0.33248806,0.46857545,-0.0011642491,-0.43366432,0.059879534,0.32666335,0.21972768,0.23759212,-0.12960577,0.4784188,0.2872514,-0.13537236,-0.3007582,0.7904429,-0.28555793,0.16621108,-0.45012838,-0.35688725,-0.505712,-0.17988627,-0.064909235,-0.40623266,0.3580743,0.5178076,-0.39958638,0.29775757,0.39417568,0.96225005,0.13694279,0.38784695,0.12622437,-0.7404218,-0.7636764,0.06605966,0.35808393,-0.04709101,-0.098282754,-0.93096715,0.37043044,0.024330165,0.29339606,0.81846637,-0.6933437,-0.6715581,0.022770505,-0.23994671,-0.4844906,-0.28157488,0.47256547,-0.10973978,0.3134256,0.49971762,0.31145108,0.10424691,-0.009192172,0.14025196,-0.2504057,0.66899997,-0.07473308,0.19678238,0.2134677,0.5570678,-0.34665275,-0.8110007,-0.20983055,-0.26601812,-0.5471702,0.08611678,-0.029840255,-1.2739527,0.58584833,-0.48673773,0.43416423,-0.15625331,0.011763603,0.33555976,0.19428141,-0.012130004,0.04958061,-0.21255217,-0.20967157
hydroxymethylglutaryl_coenzyme_a_reductase_inhibitor,0.2636714,-0.94641626,-0.61200464,-0.011648427,-0.06021484,-0.026291516,0.31696263,-0.29373822,0.5256782,-0.9053749,-0.6356097,-0.52262104,-0.21342736,0.61025655,-0.004709113,-0.7800311,0.85819983,-0.4461726,0.18912539,0.26586005,0.72148234,0.32959148,-0.45999393,0.74252695,0.38050807,0.3748121,-0.190504,-0.050373785,0.44171253,-0.0780866,0.40695545,-0.06534544,0.7861775,-0.33029845,0.27429175,-0.6139872,-0.36094394,-0.3437371,-0.24252489,0.36143202,-0.12988937,-0.08195432,0.6108902,-0.32670513,0.06803162,-0.0069960523,0.6142019,0.081744246,0.34667858,0.3905318,-0.4279856,-0.8174091,0.36331776,0.4489042,-0.12537228,-0.060741298,-0.7202295,0.8365065,0.020647712,0.43269762,0.051316384,-0.8867935,-1.0154059,0.166869,-0.20672454,-0.42993537,-0.29604647,0.16682689,0.11656838,0.5117269,0.46392837,0.25190115,0.3126095,-0.43890104,0.11323344,-0.281316,0.9232395,-0.17552958,-0.14289762,0.040018782,0.58197486,-0.10839374,-0.5037413,0.26911825,-0.20572044,-0.50401795,-0.34329793,0.0018425144,-0.975756,0.3860195,-0.7709447,0.5129775,-0.12298438,-0.20596483,0.5352473,0.24886452,-0.53521067,-0.059624434,-0.30174926,0.08621609
hospitalization,-0.008147865,-1.1840003,-1.0527973,-0.15137586,-0.42289925,-0.11319546,0.031130254,-0.28691822,-0.18365978,-0.59162116,-0.41874743,-0.887273,-0.24016517,0.44715372,-0.6627366,-0.84714526,0.7301483,-1.0234216,0.31445423,-0.08174938,0.95964926,-0.36241,-0.2741159,0.8757479,0.14593779,0.54823166,-0.2735054,0.093381315,-0.25174627,0.003932803,0.49258238,-0.80396074,0.7476869,-0.51299787,0.49668783,-0.4284749,-0.33434778,-0.30090588,0.029119702,-0.14755033,0.014082164,0.16302666,-0.22387648,-0.5344922,-0.3475182,0.2881681,0.5124788,-0.01861757,0.20732969,0.08957013,-0.07573293,-0.7442312,-0.075875856,-0.14328578,-0.01065662,0.08541828,-0.9544556,0.037205204,0.11653253,0.3671838,0.27114388,-0.8437739,-0.3147937,0.26153722,0.50313115,-0.25033352,-0.54005116,0.9973215,0.20004585,1.3885959,0.39920044,0.00706315,0.4074534,-0.2513694,0.13107,-0.20702095,0.21324159,-0.32021445,-0.27831823,0.21232587,0.5770074,-0.05829765,-0.19514175,0.5430667,0.22493237,-0.5700172,0.5359979,-0.39294007,-0.9752121,0.5526207,-0.4626217,-0.16976653,-0.47619963,-0.3550898,0.48178834,0.24622412,-0.2561229,0.37052578,-0.45815164,0.1432555
hemoglobin,0.29142344,-0.9150624,-0.48021063,0.1193723,-0.2116322,-0.1701041,0.21954848,-0.71297395,0.45938194,-0.79502296,-0.57534933,-0.122152105,-0.78229105,0.22515514,-0.35914013,-0.8491403,0.637666,-0.6235231,-0.2905196,0.09220409,0.61472523,0.3069914,-0.57256323,0.8447909,0.124935575,0.42883754,0.26841208,-0.7720486,0.19398484,-0.26669022,0.53040856,-0.2782477,0.2761779,-0.21681423,0.21919273,-0.47160888,-0.4703235,-0.17394713,-0.3459579,-0.22073172,0.11447636,0.23215474,0.020912163,-0.32251397,-0.38582242,-0.10735984,0.3371941,0.4076268,0.6830885,0.41878068,-0.50531375,-0.4951293,0.5589781,0.21261212,0.16865121,-0.15940534,-0.9041196,-0.06378845,0.08453789,-0.082086496,-0.14610992,-0.6127278,-1.0479759,0.44789255,0.21021965,-0.23971331,-0.18838827,0.4737713,0.017916558,0.45253405,-0.15443206,0.45209002,0.20415431,-0.34869528,0.11467833,-0.12051531,0.030425316,0.13620676,-0.19875309,-0.21674609,0.8755435,-0.65677994,-0.3799346,0.011582185,-0.23826087,-0.6551654,-0.013927024,0.17024602,-0.8993398,0.44408822,-0.91599804,0.21918923,-0.23686178,-0.42701283,-0.14359663,-0.15633242,-0.22565503,0.05090582,-0.3403764,-0.6237666
dipeptidyl_carboxypeptidase_inhibitor,-0.13647641,-0.4515596,-0.9611386,0.28058928,0.41771144,-0.43475237,0.8302514,0.0029708205,0.13846974,-0.8637993,-0.17321357,-0.19954957,-0.75445807,0.59739494,-0.1906883,-0.7425289,1.0163897,-0.39816102,0.57813096,0.054162536,1.0174185,0.60359997,-0.5895043,0.37951803,0.48899436,0.2728938,0.04405688,-0.79462266,0.06378636,0.08359417,0.8730829,-0.40227216,0.041388404,-0.47576377,0.3765874,-0.20997678,-0.35605216,-0.0055758995,0.2570152,0.36417213,-0.034701623,-0.4215986,0.4940142,-0.1856334,0.049635496,-0.23065928,0.75209063,0.36411244,0.29594702,0.32202297,-0.29740387,-0.5352202,0.41432852,0.24837537,-0.19291717,0.26593915,-0.44952765,0.7379736,-0.3101075,0.059456613,-0.12417285,-0.44311908,-0.8980038,0.12659392,-0.049181268,-0.45183286,0.15516752,0.40744022,-0.32367963,0.30434644,0.49907598,0.36309758,0.25227612,-0.46597543,-0.06058885,0.014677803,0.36955044,-0.23995619,-0.19941352,-0.25378355,0.4717958,-0.024670372,-0.18488917,0.35350397,-0.15637308,-0.8393692,-0.3906755,-0.18430942,-1.1121013,0.9135313,-0.48195618,0.21686776,-0.70830107,0.14403053,0.97464144,0.5429735,-0.29561603,-0.9048768,-0.45977825,-0.07564722
acetylsalicylic_acid,-0.13432482,-0.6762202,-0.99673676,0.3077924,0.08014147,-0.058540527,0.30492938,0.32417518,0.73080146,-0.74361444,-0.43086126,-0.45898712,-0.12089814,0.7066619,-0.10298314,-0.8896032,0.6208805,-0.33940548,0.57449603,0.11979906,0.85831296,0.39112958,-0.48867682,0.3796814,0.5662008,0.44635615,-0.57694274,-0.50559634,0.17189527,-0.5644559,0.49423695,-0.26523405,0.5320494,-0.21534643,0.43619612,-0.56848854,-0.30839407,-0.13600494,-0.11341119,-0.007933914,0.126125,-0.13784966,0.3247644,-0.39097568,-0.8157167,0.035436567,0.28383815,0.08741734,0.25574067,0.3829169,-0.3524918,-0.44213963,0.22280093,0.11150795,-0.20109242,0.15350659,-0.57657653,0.6071926,0.37124193,0.07966701,0.17315674,-0.8645438,-0.6038918,0.15970404,0.18220478,-0.09579645,-0.21778755,0.03966187,0.3344663,0.5916169,-0.014026242,-0.34007767,0.28180394,-0.13209954,0.06775223,0.16735448,0.18234862,-0.06532157,0.12774453,-0.18489471,0.5458443,-0.052113194,-0.25100365,0.31650633,0.098239824,-0.3280831,-0.4363194,-0.21831821,-1.012841,0.6368193,-0.66576016,0.1232118,-0.20542984,-0.38549417,0.5080724,0.35437676,-0.4434027,-0.15540962,-0.34895772,-0.10063105
polysaccharide,-0.63644785,0.36944765,0.6539666,0.044580206,0.16593525,-0.51783365,0.15781614,-0.12900734,0.23355578,0.063387565,-0.17581484,0.53105325,-0.32281727,-0.02883768,-0.18339637,-0.6163328,0.4581672,-0.5180167,0.54197025,0.056194734,-0.4957361,0.19331558,-0.09583643,0.09336562,-0.3143722,-0.090008296,-0.86081874,0.29363015,-0.30483472,-0.0834943,0.12412723,0.12717146,-0.03883763,-0.44728425,0.046199564,-0.42998245,0.33592597,-0.39689934,0.5478129,0.08920415,-0.41431627,0.38995653,0.16752826,0.11899085,0.42464253,-0.5610748,-0.0999088,-0.53611094,-0.21283226,-0.2575114,-0.19305502,-0.47314882,-0.047806863,-0.07325771,-0.069051735,-0.4990881,0.4512865,0.16028135,-0.51582617,0.5265738,0.2076778,0.32020715,-0.037711404,0.43239284,1.0523645,0.36691764,0.42477745,0.08071065,-0.3975414,0.2862981,0.4753514,0.12487467,-0.4573648,0.20101427,-0.3304362,-0.07592808,-0.537851,-0.13590461,0.0110848555,-0.36929408,0.38810882,-0.33305696,0.11413811,0.30449733,-0.4635978,0.08760493,0.063053496,-0.65843344,-0.19727845,0.14977261,-0.6147717,0.5284154,-0.40300396,-0.7122896,0.05382345,-0.24683231,-0.25879502,-0.49170262,-0.35118362,-0.13137108
chihuahuan_desert,0.09221992,0.027033452,-0.12387949,-0.1097398,0.013735846,-0.2115275,0.7480705,0.31667432,0.30083796,0.4310815,-0.6923696,0.1228641,-0.3824498,0.38682395,-0.21952493,-0.6201029,0.20233457,-0.28989306,0.08180525,0.124738306,0.7576804,-0.47326452,-0.74586934,0.45731166,0.45230067,0.18248278,0.0037786374,-0.124487706,-0.61104983,-0.20658539,-0.09224945,-0.5451955,0.07640505,0.1825765,-0.128379,-0.41435274,-0.22563994,-0.016770042,0.33378398,-0.15871568,0.07017211,-0.13332644,-0.004220471,0.018035548,-0.028714795,0.039377492,0.47434732,0.107449524,0.16086555,0.22870871,0.22024387,-0.36515725,0.007526255,-0.19674456,0.019294247,-0.0036796941,-0.3632543,0.42169654,-0.60831094,0.0013129002,-0.22627722,0.1759901,-0.98033184,-0.005073689,0.014609035,-0.45316842,0.2783822,0.051548865,0.07546423,0.76205385,0.21251743,-0.49485826,-0.1669895,-0.39424485,0.2661433,0.22252665,0.10965876,-0.37182316,-0.06543237,-0.63437104,0.05073319,-0.05971802,-0.33980605,-0.33095267,-0.08345246,-0.11456981,0.2540231,0.031090226,-0.58539844,0.5586627,-0.19741869,0.0598372,-0.6196751,-0.32493156,0.32082644,0.16255923,-0.36534193,-0.0073185796,-0.6835053,0.23120962
zirconia,-0.20276605,0.2541926,-0.28893793,-0.42576224,-0.51400983,0.31184363,0.58138126,0.22530234,0.5143947,-0.14957878,-0.15046893,0.3487329,-0.44044095,0.40659508,-0.20816898,-0.14233467,0.59845746,-0.11464793,-0.20380281,-0.2976118,0.34692675,-0.14714997,0.009234857,0.23510666,-0.584528,-0.065531455,-0.44472894,0.07776733,-0.17915542,-0.8939702,-1.0688316,-0.75766146,0.41404775,0.16730429,-0.43927324,0.15167703,0.21032248,-0.14090466,-0.33022487,0.25630018,0.060356885,0.0924823,0.68273705,-0.38601106,-0.035689797,0.18314697,0.06567513,0.25518423,0.5458244,-0.4532493,-0.78705233,0.055667564,0.17342596,-0.0011721635,0.39655545,0.24688232,0.09656603,0.06943082,-0.38959947,0.6795729,-0.45523754,0.047607027,-0.035837095,0.66831064,0.5258582,0.26068962,0.44815487,-0.7804513,-0.5383489,0.0898232,-0.31143135,0.19321826,-0.6476641,0.3541465,0.027208945,0.13434082,-0.45356357,-0.045938898,0.67694545,0.57112604,-0.73625034,-0.015548711,-0.454828,-0.23035045,-0.40676755,0.22631906,0.22584333,-0.28419334,0.040897097,0.726532,-0.5730018,0.37602472,-0.8147496,-0.5173689,0.23453464,0.16012248,0.18503428,0.108752206,-0.62141067,-0.15276106
computation_theory,0.19594294,-0.43858796,0.113459185,0.420785,-0.08528204,-0.15650554,0.8266151,-0.020437198,0.552707,0.072946526,0.007479388,0.1286811,-0.43325573,0.07947231,-0.10466277,-1.0063864,0.3954095,0.013425079,-0.09947617,0.41977364,0.8105742,0.69591355,-1.3007761,0.7099907,0.75941485,-0.08030367,0.12632051,-0.53417885,0.6160301,-0.3929855,-0.031136923,-0.29895565,0.028981693,0.1772112,-0.19048311,-0.24168012,-0.13902271,-0.32294032,-0.25694835,0.22375025,0.36995664,-0.25410956,0.022257943,-0.3037222,0.26739866,-0.12028934,0.20183633,0.7191617,0.19636686,-0.06652586,-0.4376956,0.25086066,0.59090656,-0.1450422,0.7908988,0.20522243,-0.13531056,0.3013408,0.123351455,-0.050239254,0.022735862,0.24939983,-0.3731285,0.11170763,0.2330903,0.438853,0.5126311,0.073689006,0.013094541,-0.23402175,-0.037030492,0.10518839,-0.24810384,0.29469448,0.42729977,0.23278226,0.57778734,0.26019135,0.6986039,0.36390507,-0.47758085,-0.038697988,-0.15296157,-0.28111744,-0.6333776,-0.70672464,0.15497607,0.45928544,-0.62773037,0.67693305,-0.8936574,0.5281606,-0.4173925,-0.75628185,0.10239836,0.6022968,-0.4340522,-0.53069836,-0.5911896,0.15513104
swine,-0.33710554,0.39258215,-0.40582484,-0.6193942,-0.0585149,0.6909348,0.19372748,-0.44147587,-0.32951477,0.14591263,-0.7070466,0.6116028,-0.40254223,0.3343644,0.3426339,-0.31066868,0.13359924,-1.3291965,-0.6613139,-0.06982114,0.18795852,0.35531062,-0.18341294,0.2126015,0.045270935,-0.39483657,0.37107036,-0.87221134,-0.5118674,0.41618016,0.3468816,0.05058192,-0.26211846,-0.13069272,-0.3394235,-0.3536625,0.07445944,0.2024145,0.41876447,-0.39000952,0.3377988,0.047967557,0.6217276,-0.34572285,1.2307655,0.61641836,0.7842752,0.30062315,-0.12800431,-0.08709656,0.21411605,-1.6512027,-0.2530447,-0.703179,0.71616435,-0.7025692,-0.63791645,0.9060252,-0.029258627,0.10152555,-0.13928618,0.60900486,-0.36208126,0.38822007,0.24742274,-1.015137,0.012986296,0.56995124,-0.8867199,-0.0044300477,-0.11939481,0.5335358,-0.092638396,-0.69810194,0.98040503,0.52625304,-0.44222283,-0.52869,-0.715056,-0.8510163,0.46105835,-0.28793883,-1.0537338,-0.54704934,-0.16059993,-0.7099175,-0.19805868,-0.24782646,-0.3308033,0.39987695,-0.8202584,0.8936505,-0.8332615,-0.2191236,1.0521718,0.017191073,-0.52523416,-0.6699965,-0.46537772,0.4976285
protein_protein_interaction,0.5539708,0.08262253,0.23872757,-0.7730688,-0.13839348,0.9966119,0.35133576,-0.48985958,0.15526776,0.46609464,-1.1130949,0.44346985,-0.115709215,0.9636542,0.029012317,-0.38612828,0.63530934,-0.8057456,-0.6983302,0.75934035,-0.59994066,-0.13393487,-0.51924115,0.23999491,0.13146356,-0.5983055,-0.2438344,-0.15234233,-0.421634,0.2635948,0.763565,-0.123133674,0.36364642,0.03907143,-0.11571772,-0.36613956,-0.2070051,-0.6037058,0.34567755,0.4502055,-0.26787645,0.041714285,1.4218869,-0.32622024,1.1418641,0.633954,0.3501782,0.22575337,-0.5986519,-0.30937678,0.44807103,-1.4989389,-0.3532425,-0.41054997,0.3120367,-1.0434275,-0.37505627,0.37657276,0.14940387,0.65850854,0.059738405,-0.35021445,-0.18097726,0.18765849,0.6350387,-0.74457633,-0.27606836,0.4840103,0.119205095,0.19690073,0.058329657,0.59652376,-0.38070625,-0.03943455,0.34635898,0.6010981,0.2970306,0.42071375,-0.5312339,-0.47015113,0.5105028,-0.4997995,-0.3706583,-0.62064475,-0.12444925,-0.2908665,0.07351909,0.16528003,0.7493864,0.7018884,-0.6646371,1.163012,-0.63520116,-0.38568172,0.57124037,-0.115635864,-0.5173243,-0.44489694,-0.4752567,0.4840516
protein_phosphorylation,0.17983226,-0.08534035,-0.6247979,-0.54212457,-0.4017893,1.242986,0.20577845,-0.6235047,0.26798734,0.17519511,-0.6472454,-0.12196416,-0.33250186,0.80293167,0.43701145,-0.1544062,1.3582114,-0.70170903,-0.53131413,0.5613332,-0.07526973,0.077149615,-0.294622,-0.10734375,0.30806628,-0.44644308,0.19781259,-1.1412817,-0.250989,0.16547893,0.037776414,0.015923172,0.39906693,0.091813855,-0.44323045,-0.32641897,-0.26408696,-0.818407,0.12619129,0.15895672,-0.39619607,0.38978037,0.61366034,-0.43353236,1.2782189,0.54329574,1.002845,-0.18350911,0.23773207,0.1264068,-0.18533269,-1.1298116,-0.6362448,0.15000218,-0.2462703,-0.17138904,-0.842722,-0.019655738,0.13449661,0.3402069,0.13110042,-0.12841003,-0.5634098,0.32335454,0.37397724,-0.7782319,-0.095594615,0.28496146,-0.03225037,-0.034555744,-0.18252048,0.38612485,-0.39516574,0.18343276,0.7245335,0.31240767,0.124354735,-0.10696272,0.11003824,-0.09718374,0.5445233,-0.7253329,-0.9325407,-0.16735159,-0.2426973,-0.423252,-0.075536124,0.17060623,-0.25876254,0.5475489,-0.26982057,1.0939741,0.03843902,-0.13352717,0.23783238,-0.08477255,-0.20826504,-0.29231265,-0.2598829,-0.055046625
pig,-0.31172937,0.3302934,-0.34314263,-0.5746668,-0.16262846,0.6317313,0.08336945,-0.3467542,-0.28169408,0.18101707,-0.6129925,0.59060764,-0.3608745,0.25984192,0.24672665,-0.26720685,0.15993302,-1.1506567,-0.5859469,-0.09486781,0.23215595,0.28699175,-0.11009483,0.14029981,0.06624916,-0.39846098,0.35711125,-0.7179731,-0.45111918,0.43179077,0.27562645,0.01384284,-0.27012625,-0.17277777,-0.33746898,-0.3298751,0.08093433,0.18437096,0.3700156,-0.37260565,0.31350368,0.054621942,0.53389883,-0.33178923,1.2180088,0.55603397,0.67387414,0.19674048,-0.10181378,-0.082459055,0.24158446,-1.5224726,-0.24878481,-0.7167273,0.6358497,-0.69925284,-0.56759787,0.791274,0.0064806,0.04197856,-0.10667363,0.59073526,-0.20153515,0.37416944,0.30229726,-0.90339744,-0.0006035069,0.5090411,-0.8158311,-0.018373044,-0.17595631,0.55706143,-0.12536205,-0.6156106,0.9049443,0.539037,-0.3836976,-0.4675973,-0.5461418,-0.75611895,0.42747217,-0.25738525,-0.97477007,-0.52317584,-0.1081099,-0.76400054,-0.19352737,-0.2611339,-0.3505606,0.3366142,-0.76099193,0.786717,-0.78468317,-0.26232997,1.0077839,0.08814607,-0.5411528,-0.59723103,-0.43314824,0.44840783
spatial_analysis,-0.836992,-0.24009591,-0.26114205,-0.13309349,-0.115414314,-0.44382006,0.46825066,0.41112658,-0.2850776,0.00022819574,-0.51345015,0.048835255,0.2000036,0.7755918,-0.105208345,-1.1321146,0.17180192,-0.6379634,0.54408324,-0.16965914,0.20532113,0.45855558,-0.29483438,0.3634273,0.45281735,-0.12473627,-0.38689908,0.050726973,-0.2347018,-0.3862413,-0.3139061,-0.14297679,-0.11218556,-0.39271298,0.34536293,-0.5121508,0.1907882,-0.39525682,0.07411365,-0.2624398,0.022936493,0.18138772,0.31971407,-0.56194925,-0.65249354,0.28944582,-0.39037248,0.7650359,-0.0890596,-0.2500626,-0.23851243,-0.57219934,0.26095343,-0.37289396,0.72284734,-0.38473803,0.40299395,0.74668705,-0.3000729,0.4501781,0.07786293,0.14278537,-0.37214315,-0.15697777,0.48811018,0.46880108,0.42859718,0.1619651,-0.5907212,0.3191219,0.2530578,-0.5082255,-0.03979524,-0.37843722,-0.5840093,-0.073794335,-0.5003433,-0.043382373,-0.020121248,-0.11433518,0.24378829,-0.34745023,-0.06462423,-0.45145094,-0.08859829,0.18744,-0.45467472,-0.5533764,-0.3559026,0.28563622,-0.48701826,0.056914616,-0.6661281,-0.6701061,0.12326131,-0.08565788,-0.16679849,-0.1958382,-0.3079175,0.22871463
protected_area,-0.41419035,-0.24806012,-0.27231416,-0.18244684,-0.1517431,-0.56384915,0.5172642,0.5162252,-0.2667182,0.03501848,-0.284086,-0.022021685,-0.08577261,0.74746853,-0.34256732,-0.93346685,0.20602804,-0.24119285,0.4291113,0.032624114,0.24242094,0.19020276,-0.28323522,0.5383369,0.41348273,-0.037682883,-0.14516176,0.22102174,-0.25653774,-0.49785605,-0.32957444,0.067432344,-0.17456411,0.19681247,0.057732783,-0.3064675,-0.08874178,-0.3579561,-0.05070868,-0.06495453,0.32769328,0.06669031,-0.11886486,-0.29617912,-0.45713317,0.0699801,0.0765823,0.3138748,-0.07948197,0.025769226,-0.38862172,-0.7183525,0.23087409,-0.16532087,0.41882855,-0.06473739,0.074982755,0.35501757,-0.21896054,0.254369,-0.050561585,0.37794873,-0.42775834,0.115169466,0.45067498,0.12237276,0.5183109,0.050591394,-0.35696334,0.39160147,0.16059695,-0.79704255,-0.13541648,-0.29287758,-0.14971244,0.11109113,-0.4090547,0.026930135,-0.10510603,-0.3083641,0.098254405,-0.16386014,0.008314424,-0.4368732,0.089883715,0.3356753,-0.28864726,-0.19135688,-0.40091228,0.19638868,-0.30339268,0.16029108,-0.6088884,-0.79739314,0.09631986,-0.0020903505,-0.16663538,-0.10793855,-0.5479281,0.12553467
educational_status,-0.40195054,-0.34304336,-0.31327885,-0.42184418,-0.5562358,-0.30096057,0.033573486,0.21463326,-0.38163656,-0.4152122,-0.70617956,-0.54690677,0.381074,0.8603204,-1.1054424,-0.70665896,0.6325718,-0.6791365,0.18387832,-0.14676677,0.15250228,0.11715531,-0.26276362,1.1593492,0.42671794,0.00035156508,-0.13311948,0.21780981,-0.12338032,-0.40188184,-0.34584624,-0.04745815,0.28746876,-0.19346824,0.15311766,-0.5805679,-0.0059029865,-0.8010677,0.022285083,-0.00983365,0.20146343,-0.15506412,0.12769637,-0.039292235,-0.23697312,0.28299132,0.016672188,0.48397714,0.469481,-0.14002496,0.018040711,-0.954146,0.31978828,-0.06399786,-0.09393739,0.27346352,-0.6927005,0.0077672945,-0.16989416,0.630523,-0.36765638,0.1424029,-0.93449444,-0.06175478,0.55034375,0.35191292,-0.15801792,0.11141973,-0.6261681,0.68792385,0.037348967,-0.29892516,-0.10627905,-0.79424906,-0.4652512,-0.1640962,0.09711025,-0.3843569,0.11080611,0.021922821,0.4657667,-0.5886685,0.33150095,-0.11770321,-0.27451834,0.05284833,-0.48967636,-0.6027607,-0.015645003,-0.1515585,-0.08033751,0.42687598,-0.68478364,-0.541828,-0.43184254,0.04042408,0.3551992,0.15849094,-0.1461618,0.05175887
caribbean_region,0.63593173,-0.5806507,-0.37656522,-0.35635346,0.2416801,0.13743955,0.52403617,0.083500095,0.14061116,0.09375407,-0.2048659,-0.16144885,-0.3353182,0.14913216,-0.8972374,-0.25747955,0.38866615,-0.34427524,-0.18528268,-0.2522863,0.51341605,-0.6133153,-0.044197407,0.33868256,0.15193708,-0.0032252483,-0.06588062,0.5631579,-0.47414193,-0.01978848,-0.036690976,-0.5196473,-0.2499754,0.13401683,0.18045712,-0.3276744,-0.08643304,0.13990147,-0.09717684,-0.076107845,0.2648651,0.11159229,0.41205654,-0.117855325,-0.5634788,-0.49158195,0.16510889,-0.00830117,0.73490506,-0.24307476,-0.27001542,-0.67605436,-0.03819556,-0.5906803,0.43109974,-0.45032784,-0.24160331,0.13526356,-0.57916504,0.35778958,0.2751392,0.58937913,-0.2143179,-0.1267692,0.55330694,-0.16216367,0.33726656,-0.17981566,-1.1451576,0.35492408,0.36961198,0.18659656,0.148792,-0.0013765031,0.034628008,-0.45198375,0.09309178,-0.35997176,-0.13777526,-0.34000835,0.0468601,0.02264138,-0.02680083,-0.49318436,-0.15772922,-0.5575359,0.47090966,0.1718408,-0.29860184,0.5564098,-0.40409485,0.06064727,-0.9102696,-0.59521335,-0.55222255,-0.14566107,-0.14158483,-1.043831,-0.15941605,0.5295163
caribbean,0.6291921,-0.52891517,-0.3807097,-0.38299578,0.24603795,0.13626549,0.51113695,0.08317818,0.15624958,0.055763297,-0.17564598,-0.17796397,-0.35192177,0.1588019,-0.88075155,-0.28246605,0.41320318,-0.3204741,-0.176557,-0.27298948,0.50792783,-0.608934,-0.04465308,0.33376878,0.1320585,-0.014150184,-0.058539815,0.59101564,-0.48814687,-0.056786403,-0.09679143,-0.5503261,-0.26011148,0.10864847,0.12534788,-0.3326682,-0.058328573,0.087205425,-0.10904777,-0.061342463,0.26428097,0.11297103,0.43756133,-0.14541136,-0.5950397,-0.49554732,0.17031743,-0.010506025,0.7500792,-0.23520687,-0.2384155,-0.63894206,0.031716056,-0.5806699,0.39872524,-0.47196442,-0.24448633,0.14707617,-0.61500794,0.3894207,0.28647465,0.57284856,-0.2075121,-0.13062924,0.51170206,-0.14845964,0.28567737,-0.1579452,-1.1510179,0.35801265,0.38085636,0.20201233,0.14249398,0.026128767,0.031897716,-0.43388763,0.07093639,-0.31553334,-0.11997246,-0.3231682,0.01192752,0.0054015056,-0.030954566,-0.51296705,-0.20637296,-0.53186053,0.4500463,0.1362616,-0.33622378,0.5563293,-0.41806415,0.07730292,-0.9413092,-0.56755656,-0.5389257,-0.1223264,-0.15191434,-1.0446464,-0.16181561,0.49643254
anthozoa,0.32294896,-0.41827893,-0.4783261,-0.5119334,0.02483317,-0.08072923,0.6103094,0.4333067,0.046110537,-0.0022721763,-0.2829051,-0.06550957,-0.415986,0.50327545,-0.22365747,-0.5514403,0.16452621,-0.3734023,0.000631157,-0.25357968,0.5470607,-0.506546,-0.12771365,0.2666251,0.16443193,-0.113573514,-0.37287816,0.49081588,-0.7658907,-0.4177976,-0.37785897,-0.6272282,-0.22547197,0.20384634,0.25722104,-0.24254227,-0.1277481,-0.03908161,-0.08887909,-0.014137572,0.23541357,0.103081845,0.1815387,-0.05592398,-0.2549247,-0.3603025,0.28184935,0.0704574,0.23968884,-0.30936527,-0.39114308,-1.0081261,-0.31267792,-0.59065574,0.39087388,-0.28683612,-0.25279954,0.15969025,-0.57841486,0.32620445,0.2447276,0.4695268,-0.17795889,0.23223689,0.8068523,-0.3504517,0.88445336,-0.19597235,-0.9030028,0.5973686,0.40454203,-0.37529576,0.046464335,0.14738661,0.17860664,-0.21094874,-0.43050689,-0.5198567,-0.24665953,-0.357218,-0.31453773,0.17881048,-0.14112651,-0.8358062,0.21164957,0.038189378,0.43359375,-0.043130342,-0.6103138,0.3245353,-0.31530145,0.2894979,-0.7287103,-0.84028286,-0.289217,-0.36638725,-0.43233466,-0.9125749,-0.36653194,0.5976849
stiffness,0.26464438,-0.35802928,-0.3465226,0.06106194,-0.7407544,-0.38700047,0.6648751,0.26343054,0.3042128,0.32314175,0.019879129,-0.0327535,-0.12072896,0.3094457,-0.5955587,-0.64963335,0.24134175,-0.27524167,0.3222723,0.010265065,0.51241773,-0.039582912,-0.32253823,1.0432975,0.33508673,-0.19122212,-0.7462764,-0.08205947,-0.13491274,-0.87347543,-0.2908917,-0.22885527,-0.121561475,0.18143104,-0.28287077,-0.28299677,-0.07106648,-0.45214477,-0.04458485,0.53191143,-0.58951575,-0.3567086,-0.17732137,-0.09436469,-0.7181295,0.23347959,-0.67192835,0.5601036,-0.05023524,-0.12495748,-0.24006946,-0.36974308,0.58976763,-0.13742764,0.46990302,0.4252572,-0.21455432,0.08239532,0.31687775,0.10932358,0.3688226,-0.2854646,-0.50321484,0.056181647,0.7086179,0.4943637,0.34896478,-0.08907121,-0.22938047,0.48727426,0.07620186,-0.403838,-0.42168486,0.24105461,0.1993884,0.25832003,-0.36507058,0.02362631,0.1033565,0.1191969,0.122244805,-0.2902224,-0.11390417,-0.23350744,-0.12051527,-0.089223154,0.57792115,0.042324673,-0.46871632,0.1722617,-0.15213531,-0.09668826,-0.88125044,-0.6459207,0.17410499,0.021867521,-0.12590626,0.2443085,-0.9051341,0.082371615
seismic_design,0.2982261,-0.33886728,-0.289925,0.028103214,-0.5533813,-0.65657043,0.60926634,0.23995706,0.13704939,0.17466901,0.12959833,-0.35678837,-0.03299689,0.34837884,-0.5763806,-0.59501487,0.3876924,-0.6207136,0.3838989,-0.27979714,0.67615896,0.026797205,-0.24453717,0.9552836,0.19927512,-0.04730638,-0.83565664,0.09020147,-0.1861971,-0.79607874,-0.38304168,-0.26137686,-0.26594964,0.23781887,-0.20669664,-0.32991475,0.075713515,-0.43394098,-0.13449892,0.23159783,-0.6958553,-0.22500716,-0.2583339,-0.18899526,-0.5292591,0.38121077,-0.28170156,0.6466499,-0.0032766287,-0.05106564,-0.30523142,-0.6822257,0.50127965,-0.37193924,0.47192764,0.2797025,-0.47827655,-0.22090973,0.44166932,0.27569374,0.31689367,-0.44335568,-0.6452194,0.29062858,0.6311446,0.49192196,0.37814695,-0.24408911,-0.3690769,0.45494515,0.3320818,-0.42371666,-0.24224237,0.17643684,0.261898,0.083771735,-0.6538645,-0.10883818,-0.06333512,0.11860553,-0.058601193,-0.17021294,-0.3132432,-0.22942063,-0.31398863,-0.16181567,0.49489573,-0.06610028,-0.53331083,0.14794736,-0.16891317,-0.06153967,-0.44036603,-0.92402893,0.039546337,0.18806392,-0.012250177,0.22959955,-0.8298905,-0.031232836
seasonal_variation,0.056995206,-0.22207463,-0.104971044,-0.21005693,0.06516323,-0.25588152,0.6809883,0.4156985,0.32004902,0.24763,-0.18415537,0.021853818,-0.3742752,0.50846773,-0.42132196,-0.3439171,0.3433277,-0.15783313,0.18326725,-0.65319407,0.32787228,0.0597878,-0.26555195,0.6398813,-0.08276469,0.44671527,-0.147079,0.31726876,-0.8598376,-0.3251138,-0.18164724,-0.5411736,-0.33392176,0.14096454,0.068741545,-0.69195145,0.14916211,-0.24646343,0.11677754,-0.024295012,-0.07785482,0.06267951,0.1504846,-0.055335358,0.17168784,-0.13364345,0.20269993,-0.17320801,0.555614,-0.038432285,-0.33284876,-0.9272225,-0.3221531,-0.836684,0.03939738,0.09190707,0.35511175,0.79157627,-0.27714503,0.890545,0.053107195,0.29174122,0.14116496,-0.0048291343,0.24261166,-0.77440345,0.14234318,-0.16981564,-1.0388103,0.25298375,0.18970522,-0.9260187,-0.45831543,-0.5598992,-0.073530674,-0.073688865,-0.24069573,-0.49305934,0.34223297,-0.22512071,0.3192873,-0.08783727,-0.28769222,-0.730801,0.31545976,0.05683808,-0.39447436,-0.44034427,-0.39397198,0.32895508,-0.1738429,0.41147247,-0.3678066,-0.9956271,-0.13743837,0.35071436,-0.43144408,-0.6149574,-0.45083025,0.28567484
homeostasis,-0.15443653,0.38979372,0.06894102,-0.5440464,-0.0031017046,0.8066702,0.5210158,-0.36121354,0.78301,-0.08534613,-0.08328264,0.5472077,-0.8676353,0.2527962,-0.12298242,-0.049847666,0.79159147,-0.6648167,-0.44768476,-0.72871083,0.23123755,0.48300636,-0.8617208,0.84405005,-0.62287605,0.49771512,-0.4320115,0.54901725,-0.7542746,0.057128318,-0.16850576,-0.52162755,-0.22722606,-0.36728585,-0.19753864,-0.30036816,0.6515208,-0.33793294,0.10775488,0.38155898,-0.4369173,0.7296045,0.13095757,0.28477284,0.73206675,-0.36362,0.08891242,-0.084012926,0.736325,-0.20523322,-0.22170272,-0.95357656,0.1950177,-0.32229707,-0.24745454,0.016283391,0.33688286,1.0865793,-0.38353366,0.92734957,-0.36990237,-0.24546658,0.10326774,0.46739537,-0.107944675,-1.2145582,-0.24968326,0.29168132,-1.1839668,0.029893758,0.5962893,-0.5770575,-0.74814725,-0.6646297,0.26501766,-0.41430402,-0.101542994,-0.53488475,-0.24469203,-0.6640699,0.30521184,-0.29178998,-0.20491815,-0.36115727,0.34766823,0.36380658,-0.26195806,-0.5318699,0.0082639735,-0.020246392,-0.4038522,0.4464351,0.05143973,-0.067779176,0.21006313,-0.03247272,-0.7644473,-0.118388556,-0.12881939,-0.047419626
environmental_protection,-0.31879935,-0.05683587,-0.59231997,0.092100754,0.045980737,-0.10339592,0.14881703,0.35278967,0.37192258,0.4618466,-0.28941962,0.03269064,-0.32940277,0.59101474,-0.37812516,-0.43683434,0.48796195,-0.2008184,0.35003662,-0.686079,0.15904829,-0.25367063,-0.36777344,0.6551342,0.1713616,0.25642854,-0.042748824,0.14952748,-0.6613078,-0.26507187,-0.15634188,0.06676787,-0.17181334,0.43645054,-0.097145244,-0.46131718,0.097009994,-0.1810324,0.08561383,0.34968036,-0.06810796,0.40267307,-0.1695799,0.035241406,0.07635515,-0.31450352,0.20881549,-0.2449029,0.5467182,-0.007310426,-0.56235033,-1.2823344,-0.23228528,-0.3776273,-0.30634636,-0.10408154,0.3199283,0.82521534,-0.50165635,0.8250929,-0.08938328,0.39963666,-0.19093771,0.11727975,0.39854693,-0.55438817,0.197631,0.08974109,-1.0607717,0.38959438,0.20505272,-1.071958,-0.5464597,-0.71005553,0.23626757,-0.15406734,-0.065199345,-0.4364627,-0.067096114,-0.60265964,0.26409844,0.3565099,-0.27052838,-0.27741593,0.24965097,0.2820732,-0.5393609,-0.10411584,-0.12396697,-0.06718175,-0.24235688,0.3380655,-0.38060078,-0.7421318,-0.2648267,0.5137955,-0.46399495,-0.555846,-0.35509363,0.11108218
aluminum_alloy,0.052035756,0.15573142,-0.042167343,-0.10089856,-0.09135609,-0.19572136,0.42171007,0.25324148,-0.118731804,-0.16346893,-0.49706438,0.11203703,-0.33072248,0.011948663,-0.4883786,-0.64593405,0.6386574,-0.6164777,0.28852555,-0.36537796,0.42115137,-0.35090005,-0.003166857,0.1079983,-0.49065617,0.555349,-1.0732646,0.35872248,-0.21739244,-0.26215708,-0.41716954,-0.3215992,0.1485093,-0.4695464,-0.18761326,0.14635752,0.4214785,-0.20485154,-0.1357504,-0.25149265,-0.17216209,0.26457867,0.65847427,-0.49631485,0.060624655,0.12321018,0.38611886,-0.720861,-0.1925099,-0.058332354,-0.5694707,-0.2490633,-0.029085562,-0.19335142,0.32851624,-0.16880472,-0.31130177,-0.50949943,-0.23959288,0.51368,-0.104027525,-0.19066845,0.10052589,0.43487152,0.608871,0.21264285,0.21744888,-0.66467357,-0.4209631,-0.19040042,0.27247185,-0.12839817,0.184629,0.14151904,0.16184178,0.025663406,-0.9318967,-0.26184133,0.64996547,0.26513827,-0.4949961,0.06427999,-0.60501754,0.26128253,-0.27964035,-0.18577488,0.40173033,-0.098697096,-0.027616765,0.6583592,-0.50019616,0.0032577524,-0.25213856,-1.1708195,0.28847155,0.43930286,-0.3713982,0.19417194,-0.7344023,-0.14162849
genome,0.6463543,-0.4086748,0.5983796,-0.40237468,-0.02731805,-0.15818606,1.09702,-0.36180958,0.43039694,0.44303018,-0.807053,0.290131,-0.10167199,0.26008865,-0.6012207,-0.6536456,0.8293165,0.09627388,0.0064606704,-0.18911943,0.35350662,0.09520443,-0.75128406,0.70231706,0.6852631,0.50216883,0.21951933,-0.36264876,-0.6072055,-0.28377795,0.04047937,-0.29369566,-0.35039955,0.31539732,0.24333683,-0.75817937,-0.16219127,-0.49905252,-0.28469175,0.0758948,-0.2040301,-0.16427428,0.24287625,0.16769093,-0.14885342,0.30541095,0.30982044,0.66015714,0.8595307,-0.20932071,-0.14027508,-0.5469832,-0.039519705,-0.30030903,0.21763258,-0.6145568,0.3027853,-0.36865065,-0.1655169,0.5293168,0.60980856,-0.29756942,-0.43242493,-0.2103942,0.51827955,-0.59008425,0.21087083,-0.08395265,-0.595305,0.20492937,-0.26443204,-0.1076731,0.14337176,-0.020735111,0.30558068,-0.2579846,0.4874572,0.4305041,-0.03349822,-0.150864,0.3975823,-0.7151412,-0.2566557,-1.0033411,-0.0668279,-0.3043885,-0.31485665,-0.53649646,-0.717639,0.48481315,0.22965659,0.64827025,-0.03763076,-0.3899615,-0.14062701,-0.22126584,-0.0033471002,-0.7444272,-0.29298928,-0.11087049
gene_interaction,0.6293645,-0.73702085,0.13525435,-0.47164813,-0.060621686,-0.33012408,0.954734,-0.5309388,0.1555194,-0.2723713,-1.0262744,0.12353048,-0.005569177,0.3918964,-0.8377068,0.20857915,0.86654526,0.11425646,-0.03691596,0.053267147,0.58313406,0.3021613,0.21937054,0.43345764,0.4087893,0.30924946,0.0060488493,0.40126586,-0.6412276,-0.1404384,0.084225595,-0.5384192,-0.03599507,0.061521813,0.063046314,-0.45068416,0.0014839337,-0.19905129,-0.20736888,-0.02142572,0.074170806,0.27945343,0.4266091,-0.13622902,-0.050918393,0.032936975,0.2844281,0.20140891,0.94914734,-0.27207267,-0.029956333,-0.55666035,0.105719484,-0.43587065,0.5322142,-0.62500656,0.68945587,-0.24493895,-0.2177215,0.8592274,0.6263147,-0.27061638,-0.026794255,0.11505504,0.43008128,-0.13461258,0.08253676,-0.23060954,-0.5658597,-0.0077926414,0.4841146,0.16215643,-0.21284728,-0.19123396,0.21357746,-0.27367264,0.4235031,0.37704825,-0.03851896,-0.42001778,0.11776183,-0.32264066,-0.5587935,-0.574371,-0.051702384,-0.026392354,-0.37621963,-1.108915,-0.8481822,0.53002745,-0.24373715,0.30459642,0.014080085,-0.75824445,0.08901164,-0.30849406,0.068239704,-0.0050032656,-0.5371054,-0.013432079
computational_biology,0.56833774,-0.48930308,0.2841985,-0.8141475,0.072132505,-0.026129024,0.8825907,-0.46005622,0.29255342,0.13292697,-0.47945312,0.020162564,-0.20182177,0.44014066,-0.22165714,-0.1498169,0.4206052,-0.15842754,-0.5538227,-0.16154936,0.32237893,0.40193653,-0.5364169,0.72417545,0.57413036,0.38834357,-0.22903465,0.4509543,-0.27284977,0.016816894,0.5533771,0.029241318,-0.29745203,-0.023489725,0.05490111,-0.47408342,0.045142394,-0.39189872,-0.4098159,0.02882003,0.053674564,-0.24720056,0.82505137,0.18357067,0.39011478,0.22665457,0.3054156,0.47163105,0.5408498,-0.17781413,0.1638059,-0.5096642,0.3325908,-0.41888374,0.9272498,-0.55300325,0.38095504,0.27659646,-0.20424815,0.801903,0.51916647,-0.7141636,-0.047451925,-0.31494612,0.044143558,-0.6474582,-0.30048555,-0.0506364,-0.12808609,-0.16082558,0.61300325,0.3199808,-0.27963436,-0.051306892,0.48108864,0.07882414,0.42236966,0.41960663,0.33041292,-0.17003079,-0.19697656,-0.22316395,-0.45598003,-0.8506993,0.08556189,-0.17056382,-0.6086702,-0.7624026,-0.8113078,0.69491315,-0.2382762,0.52833873,0.0745972,-0.29870725,0.36794987,-0.022632949,-0.21862642,-0.28952995,-0.28860056,0.1496087
waste_water_treatment_plant,-0.47787872,-0.76006657,-0.8484106,0.19750692,0.659257,-0.12502381,0.64195794,-0.029860906,-0.024512192,-0.5049268,-0.7869484,-0.21094124,0.17179167,0.20638956,-0.2779712,-0.6260686,-0.15551995,-0.50348824,0.09348634,-0.07362383,0.3874311,-0.35222924,-0.052906387,0.3081451,0.070079595,0.7502503,-0.2727214,0.050661333,-0.17486927,0.43652055,0.5663231,-0.018444693,0.045315478,-0.5684317,0.2006985,-0.17797744,-0.37198552,0.21288158,0.43978906,0.09445131,0.7925539,0.29180223,0.7935072,-0.8666297,-0.06435181,0.29783267,0.32424974,0.24358384,0.10702422,-0.19822608,-0.63106054,-0.3159497,-0.070697896,-0.26544982,0.92599857,-0.3755447,0.47949928,0.9948422,-0.88125086,0.7901228,-0.12455123,0.25810006,-0.09949875,-0.23900692,0.26785725,-0.22916083,0.7805448,0.45975396,-0.8298741,0.16666836,0.6918021,0.17522945,0.37273496,-0.039647397,-0.31928146,0.07038677,-0.194043,-0.40808398,-0.16807468,-0.60677004,0.26632032,-0.013601675,-0.09616625,0.22019699,0.256333,-0.16770807,0.104666814,-0.47197276,-0.31542295,1.1961057,-0.8811078,0.5151609,-1.1017668,-0.48397487,0.9567608,0.76712435,-0.030062402,-1.4934293,-0.84276193,0.5245486
"waste_disposal,_fluid",-0.29665798,-0.32615292,-0.6097213,-0.345702,0.45997056,-0.26087523,0.6593458,0.06450923,-0.11619074,-0.067566305,-0.8182747,0.16052769,-0.6323172,0.34974948,-0.19135858,-0.82786965,-0.5896196,-0.40857428,-0.9207503,0.0084778005,0.4102827,-0.031749073,-0.18416066,0.850124,-0.068717934,0.29242045,0.06764252,0.017254274,-0.38909948,-0.16301177,0.25432962,-0.26657635,-0.064642765,0.27296403,-0.32839596,-0.08393683,-0.07441254,0.1906711,0.17290455,-0.17218474,1.0189185,0.1691728,0.5946517,-0.67471427,0.13341518,0.19088279,0.6508285,0.5962333,0.122836836,0.11647538,-0.3434754,-0.48469132,0.4915251,-0.4801547,1.2071515,-0.2563646,-0.13006018,1.2257704,-0.8261262,0.3015533,-0.42629385,0.74405175,-0.5303744,-0.28620207,-0.20105587,-0.48855308,0.2878692,0.19912618,-0.70249224,-0.0682333,0.20289013,0.08653178,-0.2556312,-0.03594286,0.14768742,0.5162524,-0.64831364,0.018422369,-0.054486033,-0.93709385,0.30429748,-0.11527402,-0.5972826,-0.29465154,-0.03781722,-0.20401408,0.0030954122,-0.31129545,-0.31254452,1.0752814,-0.97185796,0.11297886,-1.206769,-0.7330523,0.9500808,0.37978846,-0.4051154,-0.6381673,-1.0884564,0.3121684
randomized_controlled_trial,0.22778505,-0.2660483,0.07796357,0.03901262,-0.259074,-0.088394076,-0.08116009,-0.20715716,0.15045519,-0.22061792,-0.2696427,-0.17109203,-0.29357895,0.7176551,-1.0532267,-0.88785356,0.7419471,-0.68990797,-0.08798342,0.3348876,0.33409798,0.7511884,-0.7651986,0.7864308,0.43356594,-0.18351103,-0.11652354,0.30294314,0.45317942,-0.7601602,-0.29624507,-0.45277092,0.56867707,-0.030472716,0.19071557,0.039412938,0.75547487,-0.6081503,-0.2072121,-0.2461174,-0.26133716,0.23644963,0.15717503,-0.20987529,-0.8380065,0.12351892,-0.11779685,0.48477834,0.6781504,-0.52300763,0.35900527,-0.92353946,0.10665843,-0.24991195,0.3766949,0.4872511,-1.0197406,0.13053839,0.12712076,0.17757589,-0.055128273,-0.03129896,-1.15663,0.18877642,0.08361893,0.7012892,-0.044488955,0.12642796,-0.6893976,0.26028103,0.45582172,-0.07958722,-0.4098195,-0.973346,-0.11241552,-0.79298455,0.3592638,0.18939921,-0.22262889,0.116338365,0.70747125,-0.62287915,-0.16857104,0.07926132,-0.6247032,-0.1396763,0.044938702,-0.4096752,-0.45489782,-0.2049238,-0.51968646,-0.061180126,-0.3804986,-0.45505828,-0.3817882,-0.33687562,0.0671824,0.98264307,-0.39009592,0.28378862
caloric_intake,0.11613273,0.35921758,0.41737303,-0.11262277,-0.1099772,0.29658586,-0.01887774,-0.15190977,0.84408504,-0.002153422,-0.43696737,-0.29891607,-1.0620493,0.69904304,0.105633646,-0.90323514,0.72084796,-0.7478452,-0.5846204,0.50227183,0.01455523,0.6308974,-1.008981,0.8773052,-0.25395024,0.23169677,-0.67744875,0.2754948,0.096975744,-0.33904955,-0.4919723,-0.24646182,0.4093809,-0.37841102,0.08497056,0.23747161,0.6124198,-0.4710439,-0.26833543,-0.042758826,-0.21775803,0.8745958,0.26897776,0.4124009,-0.29065746,-0.3156736,0.2620235,0.8996237,0.096708275,-0.18150896,-0.018931724,-0.20202333,-0.05664043,0.2626699,-0.10509731,0.014820603,-0.92543083,0.7296474,-0.08775497,-0.17965207,-0.39264968,-0.06977377,-1.0536919,0.16114329,-0.3428459,-0.2846721,0.03640334,0.19644435,-0.8583659,0.16665049,0.5521498,-0.057729308,-0.20647193,-0.43714488,0.10781575,-0.4699525,-0.48048702,-0.40419546,-0.15051368,-0.11910178,0.6617691,-0.7065531,-0.49868158,0.11540353,-0.25255224,-0.33511305,0.16514818,0.07352546,-0.39534077,-0.38706255,-0.272982,-0.005179714,0.036861766,-0.1999833,-0.1208598,-0.3071778,-0.63664067,0.069993,-0.15672049,-0.11306863
gas_chromatography,-0.360795,0.32923356,-0.41550657,0.47738215,-0.3395359,-0.054776147,0.6529054,0.35945052,-0.13204397,0.6430131,-0.89470786,0.13535526,-0.53809404,0.1351716,0.26254362,-1.285171,0.29020256,-0.9907753,0.04731638,-0.6563798,-0.2019639,-0.15519616,-0.22932588,0.5102392,-0.3638856,0.048161447,-1.1719967,-0.3345172,-0.075077124,0.31634703,0.32056332,0.13148794,0.025286753,-0.4404021,-0.5610546,-0.18700685,0.37946194,-0.33278868,0.61141485,0.10951879,-0.40003473,-0.5286429,0.97999483,-0.23937592,0.1787324,0.45352173,-0.12809487,-0.46879244,-0.2861699,-0.21153753,-0.1298587,0.21509932,0.03736168,0.19480863,0.30741152,0.38291118,0.3268295,0.24776575,-1.3312198,0.8141756,-0.3535436,-0.48560485,-0.491556,-0.050206278,-0.11537269,-0.19106683,0.011380605,-0.13167708,-0.20708998,-0.10589767,0.6458296,-0.32582617,-0.77129906,-0.44248375,-0.25848803,-0.017030822,0.1390355,-0.23095492,0.562195,-0.47072494,-0.026040658,0.104224235,-0.35765702,0.43011788,-0.4883392,-0.0010156702,0.61006016,-0.33296284,0.23983982,0.97949255,-0.21998888,-0.09337668,-0.46269348,0.08552198,0.44645673,0.019342754,0.035148993,0.38003442,-0.8117756,0.36133432
bacterium_culture,0.09002634,0.31888762,-0.671747,0.79969794,-0.04236389,0.14942938,0.7398881,0.17675981,0.005025196,0.67731667,-1.0283146,0.0057316674,-0.8531782,-0.10857134,-0.0058795656,-0.37901333,0.33486497,-0.876346,-0.6592184,-0.92243093,-0.4323873,-0.2871437,-0.02212395,0.36470583,-0.89291453,0.1377022,-0.17298226,-0.68404937,-0.35537493,-0.3974288,0.27255684,-0.4799996,-0.4297091,0.105631076,-0.6191352,-0.29747614,0.17133039,-0.4793006,0.34508738,0.0740343,0.37901047,0.058718037,-0.043238927,-0.4791302,0.038102847,0.39604533,0.046586,-0.13909128,0.059123136,-0.6128071,-0.48089236,-0.30285537,-0.16093895,0.17655435,0.22998361,0.07270858,-0.18525554,0.8903633,-0.81613904,0.93623596,-0.21735378,-0.21672347,0.10616657,-0.6725665,0.15974624,-0.051334634,0.18207264,0.5832401,-0.6460702,-0.11940847,-0.35947484,-0.6644541,-0.4603971,-0.3123723,0.018104214,-0.17296778,-0.32606316,-0.15884735,0.43128547,-0.15513913,0.4707114,-0.0071103675,-0.053300444,0.3986901,-0.8094286,-0.1630191,-0.05819254,-0.45024905,0.0689961,0.95282567,-0.13055553,-0.09743808,-0.9535967,-0.29621568,-0.018489031,0.27148476,-0.12644732,0.827671,-0.3681662,0.23759827
acetic_acid,0.21613105,-0.13536955,-0.58122516,0.49654764,-0.3255637,-0.15328918,-0.057546053,0.59786,0.060373604,0.8363204,-0.55375516,-0.5826203,-0.8869401,-0.382447,0.097067565,-1.0996921,0.6690156,-0.6081682,-0.8255196,-0.5685549,-0.016004398,-0.498951,-0.3718299,0.5480267,-0.2643606,0.46714154,-0.75786495,-0.081729054,-0.5189525,-0.031173164,0.5675675,-0.794843,-0.60330844,-0.34335104,-0.45656237,-0.19503187,-0.06128326,-1.0903698,0.44141212,0.28142238,0.17143492,0.023782616,0.017079609,-0.2953291,0.14379996,0.56299126,0.55572706,-0.39010307,0.055938847,-0.14412472,-0.46855035,-0.13474406,-0.30955094,0.09453812,0.0823534,0.54763454,-0.6353603,0.19993547,-0.7805986,0.39653057,-0.40604067,-0.27643335,-0.15168977,-0.6061009,0.2478926,-0.39646447,0.3642395,0.8365051,-0.20690829,0.32786062,0.39255401,-0.2978176,-0.25979486,0.13997772,-0.16104518,-0.06135118,-0.25913885,-0.39261973,0.33664674,0.121810615,0.36538005,-0.09715054,-0.05763748,0.50567186,-0.7279547,-0.86678016,0.62416804,-0.28272852,-0.45275837,0.6718695,-0.028073052,-0.452423,-0.8806628,-0.46819022,0.02438505,0.2439647,-0.15354244,0.5351996,-0.27942723,0.11657482
hydrogen_atom,0.06539881,0.29426992,-0.28396466,0.13760176,-0.37290317,-0.025255688,0.3388779,0.40827614,0.37615377,0.59233654,-0.3013642,0.49078518,-0.68400264,0.4844006,-0.2274353,-0.741882,0.45955303,-0.25474715,0.46529648,0.14876719,0.36514008,-0.14400862,-0.4274303,0.38673535,0.055654366,-0.8564747,-0.22090231,-0.005838451,0.054141957,-0.27456927,-0.5976353,-0.5883211,0.54929537,-0.0037454932,-0.043866657,-0.35531673,0.093919,-0.7319283,0.15396042,0.098410584,-0.029637516,-0.16752696,0.703269,-0.29391503,-0.21838903,0.45353028,-0.15989667,0.40806583,0.22779252,0.12079754,-0.5891603,-0.332056,0.49951765,-0.26192638,0.69735813,0.27012706,-0.1476603,0.52321804,-0.4146241,0.2578694,-0.089088544,0.27178124,-0.5256633,0.43110076,0.32060352,0.78547645,-0.18305416,-0.10414308,-0.48451647,-0.09644769,0.19520304,0.28421792,-0.67944527,-0.6220077,-0.5286514,-0.27045387,0.37823635,0.1284361,0.4018849,0.18642262,-0.1509441,-0.2730799,-0.12418071,-0.3939176,-0.67883927,-0.33160087,0.51349354,0.4545963,-0.46087,0.20241512,-0.42392492,0.49580497,-1.1934431,-0.41897053,-0.17511132,0.06671359,0.21883999,0.0061838664,-0.52475065,0.31043872
activation_energy,0.08745915,0.26587492,-0.3919659,-0.3015555,-0.56187636,0.70564985,0.18867227,0.076314114,0.62728006,0.6097673,-0.27049968,0.31349593,-0.26946932,0.50647885,-0.19772953,-0.28385964,0.3264838,-0.26712325,-0.15134865,-0.1879847,0.17226273,-0.22582702,-0.23495919,0.29567868,-0.090549625,-0.27365535,-0.43139988,-0.37807783,-0.21437654,-0.7802824,-0.7748349,-0.86145806,0.670354,0.22814886,-0.21116479,-0.051816262,0.37164706,-0.56453913,0.006374508,0.5799107,-0.24958168,-0.06766459,0.90932465,-0.21817549,-0.35879603,0.2422805,-0.5051362,0.24447668,0.38530806,-0.4902359,-0.52463204,0.10533872,0.35076365,0.1220913,0.15347639,0.54940796,0.091911234,0.43042836,-0.108101204,0.46352503,-0.28872102,0.30497092,-0.20014438,0.17360538,0.6505649,0.8182574,0.09732561,-0.4432051,-0.6510286,-0.18013968,-0.58543843,0.09605717,-0.71593595,-0.21877782,-0.042164117,-0.04734501,-0.2265658,-0.084014215,0.66681856,0.90731525,-0.36512905,-0.5081952,-0.59219104,-0.51753,-0.31167772,-0.18439257,0.45845842,0.16565439,0.17321979,0.20039187,-0.20110326,0.5588906,-1.3446032,-0.5443549,-0.25968817,0.09086374,0.43143862,-0.124414675,-0.4686712,-0.1573345
embryo,0.0014617182,0.14171162,-0.08709636,-1.0588553,-0.60213375,0.58873445,0.53338563,0.058046024,-0.12120626,0.2185758,-0.7498644,0.64427775,-0.20881248,0.23445648,-0.27283055,-0.4436229,0.25402164,-0.89504343,-0.56410664,-0.12682772,0.07733932,0.12744807,0.13756987,0.23634285,-0.013035972,0.22658357,-0.24030979,-0.24260813,-0.30152148,-0.14718129,-0.11673421,-0.27365753,0.07331037,-0.024584467,-0.103638984,-0.42131338,0.46041885,-0.80630773,0.42289764,-0.06429613,0.7012625,-0.33848798,0.50784636,-0.3624087,-0.26547447,0.7138931,0.026475105,-0.4395471,-0.037470426,-0.13048884,-0.07355361,-1.0625588,0.25554854,-0.20749925,0.18292508,-0.033052675,0.026021868,0.105137154,-0.05709491,0.4666281,-0.20012149,-0.0038987775,-0.16791503,0.3814799,0.39256307,-0.6059373,-0.121158674,0.33527568,-0.4986692,0.32688293,-0.33891124,0.16800179,0.012188812,-0.13248375,0.5165402,-0.38728097,-0.107215226,0.36582446,-0.79451,-0.6581631,0.42662746,-0.2849311,0.044240702,-0.38437158,-0.015085246,0.11149637,0.36328915,-0.49733326,-0.26672587,0.3161179,-0.1609275,0.6857141,-0.8377834,-0.06559524,0.27796146,-0.6402744,-0.25711676,-0.030433308,-0.108380444,0.37448028
cryopreservation,0.2696755,0.22639866,0.045672197,-0.7729759,-0.2206239,0.7605401,0.3620177,0.03664714,-0.27404433,0.10929107,-0.87192196,0.4997087,-0.44069552,0.10552884,-0.6715427,-0.037358347,0.6240652,-0.17331967,-0.30911487,0.1968583,-0.14036702,-0.31613272,0.1570078,0.9471641,-0.12067663,-0.30936727,0.40571275,-0.6149288,-0.7023409,-0.17087978,-0.2090246,-0.1117041,-0.09484005,0.07898783,-0.4678974,-1.0728078,0.043046247,-0.908672,0.41079596,0.6661716,0.41202047,-0.15776193,0.9708431,-0.49030054,0.25317103,0.46882722,0.3894428,-1.0094981,0.03224997,0.16018827,0.5302604,-1.0856515,-0.10370289,-0.49589875,-0.5612826,-0.09969731,-0.18397489,0.34078234,0.5239813,0.6053341,0.058758684,0.18895707,-0.2512383,0.4279384,0.43147022,-0.77850527,-0.10551704,0.14706095,-0.45124954,0.4545513,-0.7210869,0.1646733,-0.5276602,0.10829469,0.76784897,0.3615454,0.2229691,-0.08423365,-0.35058138,-0.32821682,0.6620127,-0.44646034,-0.16716717,-0.20696732,-0.04080287,-0.4521796,0.12355834,-0.67160034,-0.012826139,0.24204321,-0.08793259,1.1255766,-0.9434278,0.35304743,0.5885864,-0.20016684,-0.8692201,-0.95229226,-0.91507447,0.26011938
effluent,-0.37150642,-0.9229742,-0.46221903,0.092005946,0.079827175,-0.0787815,0.42619485,-0.19863506,-0.14239119,-0.6333412,-0.61318696,-0.100390874,0.23121239,0.15100254,0.045624822,-0.9129241,-0.6099001,-0.26833126,-0.110002615,0.026954334,0.23666212,-0.39817727,0.13173525,0.34767306,-0.09829268,0.4697428,-0.36421096,0.29815924,-0.214642,0.33094364,0.62443626,0.19266032,0.47983965,-0.09539546,0.294065,-0.25969124,-0.30998716,0.4542571,0.1059778,-0.048974764,0.55497634,0.6220891,0.44707787,-0.555202,-0.027066005,0.2480164,-0.33602527,0.37562346,0.04638854,-0.53636307,-0.5941084,0.055622496,0.11295582,-0.68627626,0.9926303,-0.5590864,0.3951818,0.7795349,-0.2674028,0.66175795,-0.1601878,0.26511145,0.011200541,0.3621417,0.05720992,0.08398161,0.32036218,-0.09520662,-0.8927344,0.37411812,0.09605572,0.40810764,-0.024128148,-0.6040836,-0.31208992,0.5783352,-0.34215274,-0.1333421,0.0017316992,-0.0037597513,-0.07355823,0.20631465,-0.045998022,-0.16877112,0.31076902,0.15474771,0.21737869,-0.5216085,-0.24909776,0.4956832,-0.8599707,0.35979953,-0.87400764,-0.27450168,0.53269786,0.91508377,0.26552448,-0.67298543,-0.91360176,0.08790908
dye,0.44906846,-0.81351244,-0.39405793,0.019904992,-0.03646244,0.20592359,0.24256949,-0.31333655,-0.26708972,-0.54505986,-0.12557033,-0.128147,0.06556079,-0.23358296,0.2062795,-1.3386834,-0.40643984,-0.57715243,-0.18756934,-0.1252387,0.09528047,0.43748558,-0.040966455,0.3304737,-0.049910244,0.06901337,-0.8208262,-0.284238,-0.0299475,-0.2533697,0.4193822,-0.078109086,0.35035455,-0.16370991,0.16945057,0.049068995,0.2301217,0.21004272,0.20260039,-0.0932205,-0.22969493,0.46291512,0.47186905,-0.7694421,-0.003140854,0.27881902,-0.4836367,-0.098151416,-0.4460778,-0.5870718,-0.52291924,0.26001573,0.42818293,-0.5399704,0.49279797,-0.15292977,-0.23240015,-0.17298627,0.14357015,0.41826206,0.11880987,-0.07087003,-0.05696812,0.38043785,0.6366491,0.38997546,0.39692894,-0.06656746,-0.28518948,-0.070450984,-0.36643675,0.28925782,-0.31323278,-0.2147856,0.2700316,0.4155628,-0.7284696,0.15823005,0.5642101,0.47542146,-0.14827025,-0.14427131,-0.15979272,-0.60455555,-0.23146275,0.01597688,0.6201564,-0.29741794,-0.39165068,0.3956328,-0.9461904,0.11025701,-0.6845966,-0.57481426,0.22933848,0.3110893,0.022676291,-0.11376698,-1.064101,-0.24738427
biopolymers,-0.07886139,-0.76346165,-0.0692573,-0.050465293,-0.17773944,-0.0741283,0.19638184,-0.06251714,-0.21821858,-0.25486502,-0.1884747,0.191099,-0.03312591,-0.24857394,0.31192103,-1.4264967,-0.18794556,-0.25714234,0.18753457,-0.33433205,0.17489018,0.003391724,0.07542605,0.3883672,0.067498304,-0.17278475,-0.63540465,-0.15644075,0.032213032,-0.15708908,-0.032747757,-0.117925495,0.3524096,-0.46303868,0.39492962,-0.4383367,0.17646967,-0.31670278,0.0997228,-0.064413704,-0.03902681,0.5532457,0.51345956,-0.8063964,-0.26800466,0.4042826,-0.5969026,0.11901304,-0.3845109,-0.49575922,-0.6158089,0.10939644,0.3205934,-0.81244904,0.8733847,-0.39597076,0.35969764,0.2153564,-0.14391455,0.7594275,0.24254604,-0.15965754,0.18075371,0.41670236,0.826919,0.43655136,0.64199436,0.07645634,-0.33657908,0.020954235,0.028102538,0.3069168,-0.07389401,0.015576788,-0.29866004,0.23894647,-0.10130473,0.16636401,0.3716476,0.47757098,-0.3811729,0.14037767,0.0028542771,-0.48900467,-0.59749097,0.0025493063,0.4193124,-0.4856997,-0.490391,0.4783687,-0.91382366,0.18701133,-0.5128764,-0.4983102,-0.035439394,0.30723146,-0.03345975,-0.20290138,-0.72082394,0.14870857
tensile_strength,0.9065536,-0.11277918,-0.40057066,0.19764555,0.5714067,0.17310598,0.058063406,0.09481225,0.29724705,0.08729039,0.1880031,-0.5550089,0.05434316,-0.15655886,-0.63688666,-0.88539773,0.4465222,-0.6643899,0.045768894,-0.8026828,0.36447167,0.12869468,-0.25956294,0.40133196,-0.46156833,0.46182674,-0.85136086,-0.09753179,-0.6124636,-0.217714,-0.12064178,-0.6837316,-0.37164646,-0.1666,-0.12598078,-0.1367846,0.7023718,-0.5384024,-0.065893866,-0.2295176,0.14078726,0.45523223,0.51743716,-0.6418678,-0.21532746,1.0679619,-0.08008803,-0.07568024,0.25219664,-0.52363884,-0.4242461,-0.22990957,-5.9395417e-05,-0.6065353,0.23718573,0.049299594,0.094644316,-0.10358083,0.10835695,0.7490374,0.55906075,-0.62800574,0.46262553,0.0068950737,0.4611786,0.3869564,-0.32188764,0.1757207,-0.024868675,0.07292755,0.28583303,-0.22981817,-0.1151507,0.64894694,0.035939872,-0.13606097,-0.5592463,-0.13415286,1.0285676,0.5055495,0.025927229,0.041658513,-0.28771695,0.64533824,-0.76969594,-0.50239795,0.49473503,-1.2401553,-0.6121562,0.7504674,-0.76517266,-0.08590563,-0.20857304,-1.0763527,0.07121711,0.6147778,0.10566852,-0.13031615,-0.76983243,0.11276517
stearic_acid,0.20186546,-0.44875786,-0.0005630046,0.06461477,0.0051268907,0.09150721,0.0056520347,0.27236345,-0.18582183,0.60369813,-0.30413803,0.07910134,-0.1644707,-0.28943548,0.10414046,-0.7990348,0.22456077,-0.80648863,-0.6126653,-0.7257333,0.18280002,0.2828337,-0.47746214,0.20767325,-0.28146395,0.5249495,-0.6655609,-0.43249527,-0.7040178,-0.30092537,0.33952022,-0.93706393,-0.5693842,-0.1943208,0.2678328,-0.5943359,0.7890815,-0.754525,0.535038,-0.25927654,0.9413334,-0.082389995,0.533935,-0.38011613,0.4025386,1.079756,0.032003153,-0.21551381,0.0008653275,-0.37904876,-0.23221853,-0.1966394,-0.33325556,-0.9863098,0.43669435,-0.04176473,0.7812206,0.42728218,0.06472131,0.8359704,0.38137698,-0.29209763,0.8433731,0.4222039,0.72204566,-0.30895346,0.21837081,0.49397868,-0.19292364,-0.09027755,-0.11346502,-0.26400134,-0.6234536,0.41416714,0.10370841,-0.017401027,-0.6989341,-0.14700995,0.64341575,-0.2111175,0.20065463,0.07975626,0.12709686,0.14643098,-0.3261764,-0.47863984,-0.00629944,-1.4150198,-0.9991078,0.69318324,-0.19356953,0.26421574,-0.18466663,-0.93882704,0.41282165,-0.10387361,-0.2518332,-0.60146284,-0.17755927,0.52667147
powder,1.0381145,-0.24494322,-0.37674046,-0.31837273,0.21254806,0.034771368,0.22411516,0.73685956,-0.4312578,-0.68419284,-0.16484018,-0.37692735,0.15419427,-0.24728093,-0.4883204,-0.5277162,0.24586518,-0.3134923,-0.3110335,-0.22320913,0.49205014,0.4397382,-0.051633716,0.5558255,-0.3067967,0.39550984,-1.297893,0.30342388,-0.6529414,-0.6495161,0.12180116,-0.90046114,-0.37184292,-0.17713393,-0.14180435,0.09771005,0.545665,-0.69199914,0.3324476,0.3779359,0.5714125,-0.19223575,1.0162559,-0.55113333,0.017319558,0.32881355,-0.22881833,-0.5944675,0.23877184,-0.47987816,0.07471219,-0.14409475,-0.051829476,-0.5786806,-0.23265816,0.2651626,-0.60127735,0.0027500037,0.24740909,0.5476014,-0.036399625,-0.0063436567,0.859852,0.0866092,0.6583849,0.091715254,0.17788027,-0.12350904,-0.035372283,0.33886686,-0.0803243,-0.21817648,-0.49290448,0.5020281,0.007646089,0.4450926,-0.89908123,-0.3495195,0.8414671,0.2139225,-0.011607711,0.08419928,0.46889898,0.34058455,-0.041808594,-0.41165984,0.51860666,-0.9501994,-0.32529214,0.68752027,-0.6371408,0.2670627,-0.6669636,-1.1762463,0.9747653,-0.10529713,-0.92955446,-0.47850326,-0.86159563,0.30514622
excipient,0.9380883,-0.5629301,0.09354771,-0.07554233,0.37246674,0.1343431,0.16257045,0.29191914,0.03235752,-0.10159875,-0.22898638,-0.30216247,0.16595632,-0.112307906,-0.5928635,-0.85383976,0.30679464,-0.18368293,-0.37620312,-0.43197292,0.31450492,0.39451385,-0.3881152,0.7664256,-0.115328796,0.46679062,-1.0328658,0.1849573,-0.33020553,-0.39031214,0.2586938,-0.8773467,-0.468461,-0.0010192784,-0.113758735,0.071246885,0.48028895,-0.7626585,-0.01912909,0.2980741,0.59723514,0.092903465,0.49649134,-0.18743134,-0.11022608,0.7150461,-0.09767214,-0.36058432,0.33754313,-0.5694107,-0.007730623,-0.15005311,-0.27811334,-0.39733952,0.12877241,0.0008598219,0.084626555,-0.17078277,0.1254798,0.624051,0.50938326,-0.49319246,0.747545,-0.23680572,0.6253784,0.0499525,-0.008770035,-0.013974591,0.059970275,0.37476882,-0.09027704,-0.37500006,-0.3188986,0.7550225,0.03319309,0.07326054,-0.03083123,0.008211257,0.9815347,0.42663428,0.17426392,-0.105918184,0.29176182,0.36774898,-0.2558343,-0.36223152,0.38854954,-1.1703621,-0.42742082,0.5648737,-0.6896479,0.0033734147,-0.15143095,-1.1206367,0.41297403,0.13233924,-0.3882647,-0.1390167,-0.9285182,0.43308857
abundance,-0.1552049,-0.08172109,-0.10571256,0.19848695,0.18888287,-0.55366045,0.5120966,0.23984103,0.0043021175,0.33439317,-0.62569994,0.19594559,-0.65897566,0.21558198,-0.15050691,-0.6543828,0.2302585,-0.5647538,-0.03186513,0.16415425,0.3936209,-0.20953538,-0.58118564,0.4170115,0.113178834,-0.042245943,-0.35984048,0.2663197,-0.6396349,-0.16127856,0.10129466,-0.58591324,-0.18821377,0.07458433,-0.18266419,-0.075099304,-0.22617047,-0.06349027,0.17883846,-0.6170405,0.1755012,-0.00048346655,0.09013571,0.36340898,0.24733026,0.21429832,0.6264343,-0.25018674,0.015672067,0.101695575,-0.17079224,-0.3608222,0.1731588,-0.17279537,0.4201722,-0.05423436,-0.053117193,0.07368037,-0.7224252,0.26704186,0.03663366,0.24679062,-0.550659,0.08969422,0.0058441027,-0.2261952,0.21314323,-0.024454867,-0.020189691,0.2651655,0.52981716,-0.5155683,-0.58810574,-0.19142258,-0.25589597,0.5135015,-0.3980843,-0.35424662,0.55725646,-0.3096664,-0.2783896,-0.37321126,-0.25992212,-0.30253303,-0.30179396,-0.15528089,0.004707113,-0.38017744,-0.8590851,0.6527622,-0.20464285,-0.44734335,-0.35328242,-0.70958894,0.04642643,0.15587862,-0.16247568,0.36343122,-0.71476805,-0.3298215
parasitology,0.3478823,-0.20188883,0.10553124,-0.7242597,-0.35133022,-0.57966274,0.4651606,0.41948456,0.012002446,0.116969004,0.016171591,0.03183508,-0.1489589,0.5604308,-0.5067714,-0.34642106,0.27613997,-0.8819407,-0.35138166,-0.15555882,0.37332484,0.6673673,-0.44696796,1.1507852,0.0074878326,0.4023752,0.45396,0.4597493,-0.35513547,-0.058688346,-0.007940033,-0.38107833,-0.49355578,0.21491826,-0.308883,-0.59195316,0.40826282,-0.4383662,0.3821969,-0.0674253,0.37947655,-0.34336388,-0.08094924,0.06878851,0.29361728,0.5286142,0.0737055,0.25102162,0.5963887,0.27635515,0.31713447,-0.8779259,0.50717485,-0.36157194,0.5201483,0.51781696,0.2198626,0.69051766,-0.22700381,0.34434694,-0.118838854,0.6096821,-0.63856506,0.02411862,-0.2968099,-0.5275108,-0.25303012,0.31548584,-0.33225712,0.080353096,0.41247135,-0.39460996,-0.32375532,-0.74957144,0.27789786,-0.29542708,-0.09622675,-0.31309244,0.0065822364,-0.5409329,0.23954691,-0.17833686,-0.23456913,-0.41075057,0.003149386,0.077653244,-0.314948,-0.45465493,-0.39934435,0.3402216,-0.5191988,0.3555073,-0.2912102,-0.4986575,0.3173589,0.12647557,0.5641472,0.06301648,-0.49641964,0.14651965
gene_amplification,0.38891342,-0.32808396,0.16022359,-1.1890681,0.61589533,0.09137078,0.09044557,-0.13123308,0.34100917,-0.32352048,0.39201912,-0.5240036,-0.34566697,1.1015052,-1.0289797,-0.4376953,0.29819423,-0.23842242,-1.046773,-0.0038366977,0.20748445,0.7820605,-0.3283793,0.560646,0.35525265,1.5010306,0.28433847,-0.09339358,-0.5674683,0.09098408,0.06674284,0.17371814,0.16824128,0.23493856,-0.41000894,-0.5925322,0.9184939,-0.40074182,0.52125645,0.25580093,0.6550884,0.20210652,0.037421558,-0.21277083,0.21117678,-0.2998073,0.19830081,0.038272593,1.1421565,-0.28262216,0.6058498,-0.8518051,0.5003174,0.12729234,-0.2799657,0.17845865,0.008673602,1.0358633,-0.16487166,0.6298181,-0.46318588,0.6428168,-0.5111217,0.02608018,-0.08162885,-0.049425673,-0.21796148,0.2961312,-0.32545844,0.33346874,0.33661258,-0.23220974,-0.469278,-0.3562118,0.25966942,0.25755227,0.32288143,-0.13246755,0.2944525,-0.6506421,0.29999465,-0.14569901,-0.067079104,0.3357752,-0.04789274,0.066381514,-0.18303013,-0.92976964,0.1491253,0.111797936,-0.9167242,0.38881078,-0.013734359,-0.7671948,0.56497544,0.5859727,0.31353578,-0.63394135,-0.5913887,0.3258265
bacterium_identification,0.7732749,-0.38838315,0.12813282,-0.24275385,0.3265428,-0.20754708,0.30054602,-0.31444034,0.011384538,0.29331028,0.042361215,-0.08670086,-0.28830823,0.13730522,-0.76628786,-0.469607,0.18930653,-0.55443305,-0.78102416,-0.08165054,-0.06868838,0.45456687,-0.6197269,1.220716,-0.33452797,0.6269877,0.36519435,0.0644595,-0.87428904,-0.22808702,0.51412225,-0.23249178,-0.19415586,0.6600541,-0.6221592,-0.53678024,0.55174255,-0.5866764,0.6055872,0.44838977,0.6439277,0.13884044,0.027865611,-0.053162877,0.44412324,0.44997704,-0.01002046,-0.19528487,0.47922227,-0.30608448,0.42540652,-0.6544913,0.7746317,-0.1119264,-0.0815834,0.16674028,0.29552987,1.0630722,-0.46136734,0.7098561,-0.23281942,0.41373706,0.021750217,-0.060899712,0.06562419,-0.21209057,-0.3448868,0.44795865,-0.5134705,-0.007069287,0.043187924,-0.06414735,-0.4779938,-0.29957896,0.22564769,0.3027336,0.25654358,-0.25480932,0.33952588,-0.2338295,0.59759647,-0.32403594,0.15841755,-0.021301989,-0.23116207,-0.14108627,0.12956521,-0.72619605,-0.42768902,0.0945356,-0.63607824,0.34973824,-0.80758214,-0.66317564,0.44696948,0.4854531,0.19268396,-0.44209102,-0.8272943,0.07227117
cognitive_behavioral_therapy,0.045425244,-0.5795914,-0.33658186,0.2204261,-0.24722645,-0.2916439,0.069922,-0.016055929,-0.1211859,-0.58425,-0.65590733,-0.10797722,-0.011578661,0.62973064,-1.3174225,-0.36550707,0.67312056,-0.26226386,0.4018209,0.4280982,0.42273673,0.47452083,-0.046200212,0.2007147,0.4617385,-0.33609498,-0.18657772,0.06897262,0.42791232,-0.9137825,-0.3436573,-0.39501235,0.5897321,0.09761135,0.4444326,0.019284345,0.5518238,-0.35153568,-0.13848263,0.06925878,0.18816626,-0.051772308,0.50166523,-0.5024663,-0.87493616,0.09553507,-0.22603554,0.16536148,0.70633525,-0.5062591,-0.01469398,-0.9542771,-0.06648332,-0.26730573,0.26597124,0.18488716,-0.543194,-0.28753904,0.13328128,0.7073162,-0.067225054,0.050122246,-0.50732034,0.5046621,0.5997722,1.0219231,0.31097263,-0.231341,-0.9077378,0.25572005,0.28380847,0.117454804,-0.20738089,-0.63258564,-0.2002088,-0.8748541,0.53685963,0.43842798,-0.1680172,0.09718068,0.5446298,-0.20817462,0.022094093,0.12645212,-0.59632057,-0.019442126,-0.1733392,-0.5818916,-0.237993,0.098059185,-0.6039778,0.18123749,-0.3705433,-0.62091774,-0.3794546,-0.32396957,0.12682205,0.526766,-0.25739446,0.38654867
cognition,0.005106412,-0.7587145,-0.023461543,0.27823287,0.15348594,-0.18788204,0.7885352,-0.5095331,-0.14831202,-0.74482834,-0.8925005,-0.20692542,0.026049227,0.30245054,-0.49422592,0.46786085,0.23382312,-0.14743301,0.2107895,0.38811883,0.3767337,0.25185323,0.43272984,0.2075485,-0.03094876,0.35629568,-0.07835145,0.099100806,0.2829033,-0.6841258,-0.2596544,-0.752538,0.31491935,0.028171504,-0.050682932,0.12841685,0.10605925,-0.21310379,0.010268468,0.3893084,0.6944508,0.08630435,0.5729049,-0.19707666,-0.0043490054,-0.116886385,0.46856192,-0.29805717,0.73546994,-0.059438713,-0.14571443,-0.7085436,-0.032557778,-0.2452549,0.043674245,-0.34033674,0.15331928,-0.45851716,-0.15584335,0.93575674,-0.31412753,-0.20021194,-0.030669423,1.0107367,0.66805565,0.14824054,0.87348,-0.31598717,-0.8954147,-0.00093937723,0.14902309,0.25422388,0.069988355,-0.07063494,0.2519679,-0.6394202,0.49811745,-0.017951794,-0.2955391,-0.14782831,0.0054689883,-0.22626492,-0.0393389,-0.12932837,0.11770894,0.3515282,-0.10510384,-0.97146994,-0.6539197,0.34238473,-0.4134315,0.6700007,0.19360055,-0.22254263,-0.095541246,-0.07720304,0.09061836,0.14192107,-0.49082997,0.21380688
urban_area,0.012241552,-0.3391055,0.2379173,0.053572804,-0.3329886,-0.43570086,0.3570063,0.23390123,0.12310486,-0.078602225,-0.12361285,-0.2402267,-0.5697862,0.69870585,-0.6439314,-1.0022509,0.42525953,0.07002454,0.31378692,-0.24101327,0.024241982,-0.14439169,-0.055911276,0.7771443,0.24623486,0.9099609,-0.1356485,-0.053037353,0.13546051,0.059182767,-0.24865136,-0.007325927,-0.35458323,-0.060533978,-0.2868554,-0.50631446,0.018183272,-0.20896043,-0.08804721,0.0028170028,-0.04923081,-0.21256988,0.056915976,-0.14643112,-0.046873093,-0.21734184,0.33149567,-0.11302739,0.43225974,0.4230371,-0.60562027,-0.5132741,-0.32154125,0.036501728,-0.09551316,0.31711262,-0.29401994,0.26883617,-0.046131507,0.25503418,0.29458433,0.2620328,-0.48760372,-0.17454143,0.21963131,-0.40294006,0.08087143,-0.35147908,-0.28815612,0.45912728,0.3211551,-1.0888516,-0.39048517,-0.5004231,-0.18441252,0.027907161,-0.085360266,-0.33733067,0.80850244,-0.32678637,0.51520145,-0.08915214,-0.11509011,0.120419554,0.12697054,0.034249812,-0.113285966,-0.06911013,-0.12569122,0.3017282,-0.08136167,0.1455311,-0.15200457,-0.77131367,-0.09401386,0.5531319,-0.096946955,-0.029824303,-0.70896167,0.46919453
greenhouse_gas,-0.05632006,-0.23376454,0.018335328,0.3704991,-0.6331369,-0.059036106,0.4109272,0.1545102,-0.065712065,0.065223396,-0.42630687,0.020394169,-0.3749816,0.21123913,-0.66264945,-1.2451779,0.5822641,0.06671296,0.18718018,-0.17296946,-0.32883093,-0.3123951,0.06704209,0.8373928,-0.12660654,0.5836657,-0.5373701,-0.20962356,0.48555785,-0.2671844,-0.5044965,-0.03379312,-0.10223726,-0.050078172,-0.5462085,-0.06538856,0.25144452,-0.20049962,0.2100861,0.24126743,-0.07138607,0.03069012,0.07816304,-0.42757067,-0.1937943,0.18443242,0.2157604,-0.37900764,0.12771523,0.19125669,-1.0043304,-0.25975415,-0.4945625,0.1635109,0.2833134,0.4724771,-0.27479097,-0.11394142,-0.29533395,0.07070506,0.32854503,0.1469032,-0.52168477,0.07008101,0.48007232,0.08402284,0.41156653,-0.5339481,-0.5636265,0.10754911,-0.22674659,-0.80386084,-0.38047558,-0.13370335,-0.029840687,-0.11168096,-0.4390078,-0.043394428,0.7967739,-0.06587244,0.3853927,-0.10522491,-0.15754792,0.15980777,-0.20956223,0.14544697,0.5728034,0.12575053,-0.10059558,0.16771397,-0.31759495,0.16201489,-0.7291719,-0.80947477,-0.025685882,0.4458532,-0.020615155,0.122682445,-1.3669766,0.6448417
flow_rate,0.22226772,-0.72645485,-0.22540261,-0.34451014,-0.59526485,0.112747476,0.12283122,0.23108871,0.085045256,0.1428093,0.84898317,-0.76185346,-0.54696995,0.41961497,-0.45365906,-0.7178442,-0.092554376,-0.51566124,-0.40151688,0.59668547,0.29339585,0.06418173,0.02340223,0.8384735,0.12785067,0.47338974,-0.11251472,0.80094707,0.024025265,-0.2813679,-0.2448132,-0.8745066,-0.2991716,-0.13148594,-0.010264211,0.30880746,0.1605653,-0.45336944,0.037392,0.49573386,0.4276561,0.16395725,-0.2715633,0.093190074,0.017852783,0.35919487,0.2774931,0.7329867,0.48894358,-0.29383996,0.30232698,-0.60788673,-0.3265335,-0.2355498,0.95203125,0.37632117,-0.6386605,0.09983841,-0.014916439,-0.02046392,0.24232218,0.4108703,0.06701268,0.20381096,0.30812293,0.33274347,0.23292322,0.909171,-0.13324584,0.35531974,0.33169883,-0.12672842,0.16606475,0.38727528,0.22765864,-0.032340355,-0.49612218,-0.07621281,-0.2646971,0.48605782,0.33467564,-0.3408856,-0.09304025,-0.2638917,0.24940243,-0.84051496,0.7288301,-0.26523295,-0.2212355,0.24658869,-0.1156368,0.052917033,-0.7826009,-0.8470878,0.23284692,-0.065149695,-0.050318733,0.281099,-0.74759007,0.7402564
pandemic,-0.11294629,-0.123139486,-0.0014905408,-0.2732076,-0.5897826,-0.13409972,0.21923739,0.079896934,-0.06359647,-0.077824146,-0.011748128,-0.10252417,-0.08375562,0.5586763,-0.38144335,-0.20458208,0.4704755,-0.5105098,0.092730306,-0.22435682,0.020830397,0.09267393,-0.14113642,0.77187556,0.09843348,-0.21537843,-0.095609516,0.48213252,0.11582155,-0.22515446,-0.6847403,0.06506145,0.15469898,-0.11632096,0.044149797,-0.40179637,-0.018562011,-0.52053785,-0.22350943,0.02103531,0.06420185,0.07563337,-0.18975487,0.053730085,0.33394092,-0.0052761096,-0.04531425,0.4623085,0.37237725,0.04723645,-0.26293162,-0.94635826,0.2232097,-0.12928337,0.3512952,0.0917571,-0.30209774,-0.07571604,-0.092220135,0.44651225,-0.09700505,0.21566936,-0.27149516,0.4259051,0.58598363,0.24068521,-0.08991268,0.022629952,-0.44245747,0.064092726,0.20046823,-0.057217263,-0.08707694,-0.30749226,0.040357925,-0.3609668,-0.097547255,-0.24799272,0.02756867,0.09484332,-0.12725788,-0.11088065,0.16041061,-0.4170428,-0.2623594,0.0056428495,-0.03571459,-0.13520585,-0.093951866,-0.12688766,-0.1561065,0.5552883,-0.2937555,-0.35785145,-0.51384455,-0.0017165134,0.08832323,0.11682108,0.019906877,0.17271551
reproducibility,-0.3610855,-0.72222596,-0.7031931,-0.24045011,-0.727066,0.27958196,0.3905471,0.030331997,-0.093404755,0.42372742,-0.49763033,-0.43879956,0.20028621,0.38385698,-0.57000077,-0.7734691,0.3170885,-1.0661495,0.1470207,-0.29302362,0.6176266,-0.86197823,-0.5366467,0.7755234,0.14846355,0.29748547,-0.29777676,0.28993937,-0.6124845,-0.1314385,0.05192285,-0.97000974,0.6614821,-0.13697521,0.2912407,-0.2184664,-0.09686409,-0.3427163,0.3894221,-0.03661618,-0.46056938,0.046581153,-0.41315562,-0.14728637,0.11789855,0.23251931,0.34358186,-0.23045531,0.083157256,-0.2473444,0.026757376,-0.7048004,-0.55366015,-0.24137199,0.03287671,0.124210775,-0.65666604,0.07215251,-0.53124374,0.39218792,-0.10852477,-0.2486047,-0.53118306,0.07300796,0.41684893,-0.27270484,0.08785505,0.7066546,0.0030212994,1.0634432,0.2204014,-0.60845226,0.093439594,-0.50816983,0.10564319,-0.1422674,0.103150316,-0.4822185,-0.19525474,-0.032847982,0.10687125,0.0341398,-0.14447361,-0.31245562,0.39955142,0.10583926,0.6876299,0.081977785,-0.27199522,0.37497374,0.09870843,-0.10492967,-0.5875725,-0.5120905,0.08632843,0.1752473,-0.24176985,0.5775353,-0.22932544,0.4556273
extraction,-0.5479464,0.19681914,0.19562522,-0.37744787,-0.21723261,0.22195998,0.08918436,0.5808738,0.6690371,-0.14221762,0.21811761,0.3752413,0.23357764,0.29557943,-0.3213185,-0.15987681,0.104313396,-0.47567672,0.25463393,0.32246473,-0.13047801,0.1931435,-0.30214134,-0.036207434,-0.43165004,0.07268646,-0.9271733,0.4764256,-0.006421494,-0.015035059,-0.06376187,-0.30219102,-0.027958129,-0.35979435,-0.114100866,-0.068958506,0.29392865,-0.5708142,0.61044365,0.30544052,0.029776912,0.29624003,0.24899678,-0.2509463,0.4525219,-0.14339305,-0.10200102,-0.6393301,0.23533426,-0.5716814,-0.15653603,-0.39495435,-0.25538757,-0.17044656,0.118978836,-0.034652676,0.05929927,0.10008108,-0.37249708,0.59416234,-0.21362698,0.2755088,0.44179413,0.66773057,0.7323675,0.31120503,0.30681345,0.32893616,-0.17045814,0.37953168,0.005282587,0.31255865,-0.47801584,0.6186266,-0.25355884,-0.02921805,-0.23270525,-0.12573417,0.41772524,-0.060701415,0.21772172,-0.25257123,0.3806436,0.5390875,0.035765957,-0.023908744,0.14431064,-0.5928773,0.45545122,0.5625912,-0.82628316,0.66250575,-0.49353132,-0.7904471,0.5491837,0.10917686,-0.27798873,-0.45932192,-0.31290254,0.20505074
symmetrics,-0.08258741,0.06027805,-0.078192756,0.011825782,-0.51519245,-0.060468964,0.5377458,0.3870039,0.29331368,0.2285712,-0.04698915,0.19155933,-0.9099638,0.68455446,-0.2569701,-0.8825057,0.5321134,0.17471123,0.19830322,0.21818715,0.6059812,0.069107056,-0.47292426,0.4506851,0.1564412,-0.5059026,0.1477529,0.114496775,0.38458407,-0.20892502,-0.7188193,-0.21004537,0.48858523,0.21405347,-0.23335357,-0.14775753,0.037255753,-0.5313601,-0.20574908,0.025250023,0.19250873,-0.001230669,0.4211383,-0.42545763,-0.28470168,0.20671728,0.20817782,0.5775848,0.4400271,0.1733064,-0.66704416,-0.46548477,0.41538486,-0.22193496,0.6318419,0.23429984,-0.48543993,0.53443354,-0.44450527,-0.10975843,-0.064955086,0.048110265,-0.5308948,0.5623337,0.10942864,0.7094042,-0.17104055,-0.33625218,-0.26466307,-0.01823544,0.31219608,0.17903724,-0.6239281,-0.45324618,-0.2750816,0.0064990707,0.598873,0.20690049,0.40887338,-0.018065866,-0.17517343,-0.06536402,-0.22070773,-0.3929819,-0.53060097,-0.09712419,0.43874633,0.55065966,-0.1648193,0.32236147,-0.6179458,0.40136006,-0.7519874,-0.38511705,-0.04032091,0.09276942,-0.1831194,0.30963352,-0.63681936,0.31632942
conservation,-0.18240839,-0.14200544,-0.23496291,-0.1913855,-0.15364082,-0.4278747,0.55562,0.51014423,-0.0794609,0.17448428,-0.2306146,0.03848881,-0.26768997,0.7242137,-0.28662357,-0.81448925,0.2401192,-0.15630838,0.38408944,-0.0813666,0.28973678,-0.06363814,-0.3329887,0.5820353,0.35863447,0.10613303,-0.17386511,0.21732788,-0.33400083,-0.53138876,-0.32287386,0.006436192,-0.22235827,0.40886554,-0.109426536,-0.29622298,-0.059901897,-0.35645008,0.040452905,0.13381767,0.20167412,0.043960504,-0.21208373,-0.046545256,-0.25991642,-0.09754168,0.26408347,0.022563476,0.047530998,0.025613954,-0.45853177,-0.86190116,0.02591581,-0.16075528,0.21009195,-0.033754688,-0.040450674,0.2482608,-0.3030212,0.29954448,-0.023574788,0.42363235,-0.4232263,0.17421047,0.5359064,-0.14165047,0.56552196,-0.07032652,-0.4393446,0.5312221,0.1551422,-1.0375837,-0.1917054,-0.3273628,0.126326,0.047230884,-0.28324294,-0.1268897,-0.06679581,-0.4348498,-0.016155574,-0.0039899577,-0.026174795,-0.48735347,0.1632991,0.38186303,-0.15916176,-0.024714805,-0.26515293,0.19219306,-0.22914214,0.2698062,-0.46852654,-0.85715896,0.059966404,0.07725892,-0.27679163,-0.11748329,-0.61967224,0.13895696
rural_area,0.08750342,-0.695176,0.021603059,-0.2627786,-0.42551944,-0.35798582,0.41551417,0.042595405,0.1742104,-0.09076719,-0.27151087,-0.49642155,-0.18811184,0.8431704,-0.7969096,-0.470816,0.8053395,-0.2978663,0.30045187,-0.2655347,0.32472762,0.18830651,-0.20957126,1.3539861,0.32541314,0.5807581,0.11512181,0.08244025,-0.09988943,0.047889464,-0.31329462,-0.0051738992,0.1313168,-0.30643338,-0.17265213,-0.8514667,-0.16907169,-0.5171022,-0.1825605,-0.071720675,-0.24949613,-0.12772945,0.10403453,-0.101857714,0.17253809,-0.061347734,0.24911676,0.2194806,0.9138668,0.37364382,-0.09700182,-0.8818137,0.08653899,-0.250966,-0.15960383,0.24442786,-0.37820756,0.34262076,0.041113436,0.60068196,0.12646906,0.052383818,-0.58704466,0.06960971,0.32024255,-0.35344285,-0.41035572,-0.037066728,-0.38082328,0.55898196,0.36803973,-0.4001555,-0.37009808,-0.7563593,-0.079742335,-0.116113685,0.3937808,-0.6266698,0.7613305,-0.11172218,0.4421789,-0.2741964,-0.12932278,-0.13196065,-0.06603113,-0.15873489,-0.4273029,-0.41215792,-0.21339943,0.3240687,-0.09622284,0.6401332,-0.04557826,-0.5990901,-0.3753665,0.4661365,0.18874758,-0.06303086,-0.35894957,0.12166024
sleep_disorder,-0.7146092,-0.10311607,-0.7391878,0.12563352,-0.63103205,-0.011747733,-0.49739608,-0.043162987,-0.8330889,-0.4696688,-0.64003634,-0.40164027,0.21398583,0.52134407,-1.1396114,-0.8876019,0.79347277,-0.45564494,0.02220783,0.018016681,-0.1869399,0.4676914,-0.15154657,0.62676185,0.03459728,0.01909182,-0.25621864,-0.13874824,-0.064394034,-0.5982674,-0.36026376,0.142445,0.18853855,0.13391082,-0.13466664,0.1730046,0.46070355,-0.6541931,0.11283606,0.53373945,0.16932096,-0.2243826,0.667771,-0.13673013,-0.1017974,0.62337965,0.17859623,0.25147894,0.24187934,-0.3258025,-0.21994792,-0.9121093,0.11218875,0.7357039,-0.29465684,0.6207207,-0.9097769,-0.20884779,-0.29869786,0.4336182,-0.71485984,0.12251888,-0.988861,0.1038586,0.42117706,0.3413034,0.12353143,-0.10561815,-0.73621476,0.23105417,-0.084031455,-0.20458087,-0.3749575,-0.5806878,-0.3934588,-0.015302848,-0.1853229,-0.16735072,-0.11285494,0.18850435,0.6990019,-0.3299601,0.13836999,0.46296462,-0.36293977,0.14603502,-0.19819853,-0.29171357,0.14070998,-0.48642036,-0.06337374,0.26725355,-0.7752795,-0.30342314,-0.008953783,-0.0362575,0.4213093,0.48164424,-0.04365098,0.08412752
nonlinear_equation,0.04916438,-0.115512185,0.20376986,-0.028221145,-0.44283423,-0.14911407,0.42826155,0.10079809,0.18351932,-0.09428249,0.13981302,0.18005842,-0.5949132,0.3468383,-0.060295306,-0.5206154,0.23707955,0.10079329,0.036728,0.31529707,0.1074208,0.22099164,-0.26716888,0.2711884,0.36757982,0.040221557,-0.13771853,-0.042221185,0.28164878,-0.45176336,-0.43248543,-0.032255754,-0.03908138,0.09198249,-0.15606621,-0.18624575,0.17894629,-0.24976398,-0.19924994,0.20191205,0.2702945,-0.1515999,-0.07956095,-0.13981585,-0.011555422,0.0740197,0.014404897,0.45510137,0.2113225,-0.060633674,-0.36015117,-0.36439207,0.117104106,-0.15024139,0.4905595,0.017181816,-0.17352544,-0.01730673,0.09971084,-0.0225125,0.05307574,0.20292236,-0.06236902,0.38769743,0.45822054,0.2919086,0.14346212,0.105774604,-0.20966378,0.08364824,0.0016950945,0.036195163,-0.18329324,0.12516561,0.1487852,-0.07447364,-0.017444924,0.40164968,0.010210502,-0.11890326,-0.061881922,-0.10388088,0.06552459,-0.21217996,-0.18512127,-0.053967945,0.15664805,0.053549204,-0.13093749,0.22537062,-0.40501398,0.49995658,-0.24276352,-0.2369806,-0.060502827,-0.124216884,-0.1919547,0.26549956,-0.24158376,0.11423545
computer_assisted_tomography,0.27879396,0.1372482,-0.39835137,-0.3330478,0.18617158,0.39812002,0.11537947,-0.22375442,-0.14453056,0.08895835,-0.75430876,0.08093652,0.30314633,0.45745862,-0.31421492,-0.1173269,0.15087882,-0.77700734,0.19500238,-0.054078493,-0.10242251,0.53194857,-0.2263407,-0.058726918,0.20086837,-0.6081705,-0.6672819,-0.014173871,-0.3386289,-0.035388164,0.15449707,-0.259804,0.17544535,-0.052245878,0.5754934,-0.28899208,0.289348,-0.4220123,0.1803208,-0.18636793,-0.39193854,-0.07557528,1.0428631,-0.30654645,0.32493958,0.78012896,-0.29777744,0.37597775,-0.24800007,-0.6454642,0.115415,-0.93549365,-0.25453654,-0.7168896,0.17018783,0.028302832,-0.4038879,-0.11707025,0.2166906,0.7687819,0.2942492,-0.053530924,0.06902898,-0.07820477,0.35906607,0.09185622,-0.38623577,-0.062600054,-0.78310466,0.06543738,0.17016932,0.45763907,-0.3498236,-0.56744254,-0.21441275,-0.17336372,-0.09465251,-0.06016224,0.00882722,0.13810109,0.41152322,-0.41991204,-0.32746428,-0.6564861,-0.14535798,-0.18133867,-0.083188534,-0.49380204,0.20850055,0.34824145,-0.447758,0.86991084,-0.29284054,-0.5896317,0.048409093,-0.24110599,0.043969315,-0.43349913,-0.18998706,0.08570317
real_world,0.12795535,-0.25781846,0.2036953,-0.31406942,-0.73345023,0.0013437576,0.44880974,-0.052487507,0.24912865,0.09835344,0.1894768,0.28831136,-0.6250217,0.67644644,-0.10635519,-0.7781082,0.24777156,-0.4283744,-0.06774262,0.13541153,0.042316113,0.41685557,-0.44337395,0.05522898,0.58670986,0.1901684,-0.4121275,-0.22838652,0.22939567,-0.6746295,-0.32669112,-0.02881272,-0.24987097,0.03954384,0.06295931,-0.35811222,0.42380422,-0.46520633,-0.16671592,0.21827343,0.26276577,-0.22599982,0.10022371,-0.4035047,-0.19647813,0.11707675,-0.4209964,0.6493781,0.25309053,-0.27671772,-0.30749696,-0.6447759,0.33205748,-0.14397593,0.7538641,-0.2311292,-0.10774109,-0.053983018,0.344459,-0.057332564,0.22247072,0.4091297,0.072611295,0.44713658,0.89067507,0.46765757,0.053257715,0.5194197,-0.2894474,0.032821663,-0.049671493,0.10289648,-0.2433976,0.18823016,0.28723505,-0.27083084,-0.38632062,0.7434827,-0.018963858,0.0147757605,0.20447983,-0.3243195,0.08527689,-0.42182806,-0.045406103,-0.13571078,-0.0017602067,-0.073882714,-0.07128641,0.37456986,-0.4893524,0.7911235,-0.47987542,-0.3331418,-0.17021768,-0.34778035,-0.12848143,0.3979805,0.057241637,0.012240878
arousal,-0.23493089,-0.18005113,-0.302702,0.23918588,-0.3118942,0.036935583,-0.020960487,-0.30487013,-0.45176762,-0.49551824,-0.6280301,-0.0012274106,-0.0042251972,0.36015543,-0.8856979,0.010889814,0.71516275,-0.0039202943,0.06322523,0.14529558,-0.08317138,0.49571693,0.17582479,0.17902575,0.019269621,-0.045985874,-0.23134477,-0.015928857,0.10921606,-0.54691297,-0.32860947,-0.043485045,0.2659385,0.357436,-0.13696697,0.42703205,0.4579684,-0.36245796,-0.05359321,0.6562174,0.17336835,-0.11834925,0.6317747,-0.1598693,0.14766273,0.20806299,0.2946413,-0.031730592,0.4928784,-0.4189643,-0.24101646,-0.97345716,-0.22636111,0.48251012,-0.04776656,0.20283705,-0.54061705,-0.47293866,-0.23656604,0.6687902,-0.43932334,0.01692975,-0.29592624,0.5899528,0.5456585,0.34411958,0.3974967,-0.49864,-0.89394194,-0.10846634,0.029171374,0.07484317,-0.2929433,-0.2965961,0.08928269,-0.35495284,0.17963009,0.12654895,-0.26618764,0.0979688,0.31586897,0.0024214203,-0.056842156,0.26972735,-0.44598383,0.233032,-0.13654736,-0.3645893,0.08605097,-0.2326078,-0.2931355,0.5198593,-0.17499478,-0.41132414,-0.038112063,-0.19600472,0.012614615,0.4095295,-0.17084536,0.2764613
