topic_id,year,cluster,selected_k,tamano_cluster,topic_label,topic_description,interpretation_confidence,keywords_representativas,similitudes_centro
2015_T01,2015,1,14,49,Neurotoxicidad y estrés oxidativo,"Función mitocondrial, especies reactivas, metabolismo energético, daño celular y neuroprotección.",alta,"synaptosome; synaptosomes; disorder_of_mitochondrial_function; quinolinic_acid; n_methyl_dextro_aspartic_acid_receptor; reactive_oxygen_specie; reactive_oxygen_metabolite; corpus_striatum; cells,_cultured; energy_metabolism; glutathione; cell_count; neuroprotective_agent; cell_damage; rats,_wistar",0.940898; 0.939125; 0.922627; 0.891868; 0.874112; 0.868954; 0.824452; 0.816504; 0.797359; 0.777354; 0.762786; 0.761223; 0.757303; 0.752299; 0.747602
2015_T02,2015,2,14,78,Carga de enfermedad y salud global,"Enfermedades, lesiones, mortalidad, esperanza de vida y factores socioeconómicos asociados con salud poblacional.",alta,musculoskeletal_disease; sex_distribution; wound_and_injury; malaria; newborn_disease; traffic_accident; life_expectancy; substance_abuse; ischemic_heart_disease; global_health; hepatitis_c; liver_cirrhosis; substance_related_disorder; sex_factor; socioeconomic_factor,0.924189; 0.921525; 0.917718; 0.916408; 0.910919; 0.906393; 0.903273; 0.900670; 0.896401; 0.885622; 0.879182; 0.876955; 0.871124; 0.865255; 0.859249
2015_T03,2015,3,14,45,Procesos electroquímicos y tratamiento de agua,"Reactores y electrodos electroquímicos, oxidación, materiales metálicos y aplicaciones en tratamiento de agua.",alta,electrochemical_reactor; energy_utilization; electrochemical_electrode; ruthenium_compound; rare_earth; cylinder; electric_reactor; water_treatment; crystal_structure; recovery; nickel_compound; electrochemical_oxidation; zirconia; extraction; experimental_value,0.825596; 0.807507; 0.806205; 0.802542; 0.794934; 0.792617; 0.780044; 0.767213; 0.767113; 0.756817; 0.753416; 0.749531; 0.742956; 0.736266; 0.728682
2015_T04,2015,4,14,84,Fotocatálisis y materiales semiconductores,"Síntesis y caracterización de fotocatalizadores, dopaje, óxidos, nanotubos y degradación fotocatalítica.",alta,photocatalysts; synthesis_and_characterization; catalyst_deactivation; photo_catalytic_degradation; doping; ultraviolet_visible_spectroscopy; cobalt; nanotube; coprecipitation_method; transmission_electron_microscopy; textural_property; semiconductor_doping; chromaticity_coordinate; mixed_oxide; sol_gel_process,0.825843; 0.816691; 0.809036; 0.808121; 0.789761; 0.789019; 0.773775; 0.766262; 0.763634; 0.763348; 0.762237; 0.758825; 0.755257; 0.755190; 0.753836
2015_T05,2015,5,14,57,Contaminación ambiental y sistemas agropecuarios,"Ganado, leche, agricultura y exposición ambiental a contaminantes, particularmente hidrocarburos aromáticos.",media,"bos; cattle; milk; bovine; federal_district_[mexico]; pollutant; health_risk; polycyclic_hydrocarbons,_aromatic; polycyclic_aromatic_hydrocarbon; mexico_city; chiroptera; bat; economics; abundance; agriculture",0.888103; 0.885832; 0.878417; 0.868734; 0.868480; 0.854756; 0.847759; 0.836135; 0.834593; 0.833400; 0.830466; 0.823790; 0.792835; 0.787337; 0.778217
2015_T06,2015,6,14,56,Digestión anaerobia y tratamiento de aguas,"Metanogénesis, biogás, comunidades microbianas, lodos y reactores anaerobios para depuración de agua.",alta,"electrophoresis; methanogenesis; microbial_diversity; volatile_fatty_acid; anaerobic_growth; anaerobiosis; biogas; up_flow_anaerobic_sludge_blanket_reactor; total_organic_carbon; water_purification; sludge; steady_state; sewage; microbial_community; water_pollutants,_chemical",0.920111; 0.906842; 0.904009; 0.877405; 0.855407; 0.843964; 0.838804; 0.838652; 0.836751; 0.834251; 0.822898; 0.819068; 0.817433; 0.813035; 0.790220
2015_T07,2015,7,14,50,Fisicoquímica y modelado molecular,"Electrones, protones, termodinámica, modelos químicos, radicales libres y propiedades de soluciones.",media,"electron; proton; chelating_agent; molecular_physic; finite_temperature; traditional_approach; order_of_magnitude; chemical_model; models,_chemical; free_radical_scavenger; copper_compound; intelligent_system; amine; solution_and_solubility; thermodynamics",0.864550; 0.861008; 0.844308; 0.842639; 0.826654; 0.817064; 0.808621; 0.799673; 0.797579; 0.783511; 0.772199; 0.768110; 0.763074; 0.756834; 0.751666
2015_T08,2015,8,14,46,Remoción de nitrógeno en aguas residuales,"Nitrificación, nitritos, amoníaco, biofilms y dinámica de fluidos aplicada al tratamiento de aguas.",alta,wastewater_treatment; nitrogen_removal; nitrite; nitrification; nitrogen_compound; fluid_dynamic; diffusion_in_liquid; ammonia; biofilms; navier_stokes_equation; computational_fluid_dynamic; feasibility_study; waste_water_management; enzyme; conceptual_framework,0.882832; 0.864322; 0.856629; 0.825774; 0.808123; 0.785992; 0.773200; 0.763164; 0.753837; 0.751011; 0.746961; 0.743556; 0.728802; 0.725264; 0.710349
2015_T09,2015,9,14,48,Inflamación y actividad antiinflamatoria,"Inflamación crónica, edema, neutrófilos, macrófagos, plantas medicinales y agentes antiinflamatorios.",alta,"chronic_inflammation; edema; nonsteroid_antiinflammatory_agent; medicinal_plant; indometacin; ear_edema; antiinflammatory_activity; cell_infiltration; neutrophil; ether_derivative; macrophage; anti_inflammatory_agents,_non_steroidal; naproxen; oral_drug_administration; anti_inflammatory_agent",0.901882; 0.884023; 0.870280; 0.860283; 0.842146; 0.815903; 0.810902; 0.803236; 0.798852; 0.798161; 0.792130; 0.791636; 0.783038; 0.776014; 0.769165
2015_T10,2015,10,14,55,Reología y propiedades de almidones,"Viscoelasticidad, almidón, emulsiones, gelatinización, gelificación y propiedades estructurales.",alta,viscoelastic_property; rheology; starch; resistant_starch; emulsion; viscoelasticity; emulsification; gelatinized_starch; particle_size_analysis; voltammetry; gelation; shear_flow; structural_characteristic; maize; cyclodextrins,0.898302; 0.893786; 0.868934; 0.851519; 0.847974; 0.812083; 0.810005; 0.809711; 0.795524; 0.795403; 0.792676; 0.779372; 0.753448; 0.708164; 0.702245
2015_T11,2015,11,14,66,Cáncer de mama y regulación génica,"Células tumorales mamarias, regulación de expresión génica, siRNA, proliferación y actividad antineoplásica.",alta,"small_interfering_rna; breast_tumor; breast_cancer_cell_line; gene_expression_regulation,_neoplastic; protein_phosphorylation; drug_cytotoxicity; tumor_cell_line; antineoplastic_activity; drug_synthesis; cell_line,_tumor; cell_division; antiproliferative_activity; western_blotting; cancer_inhibition; down_regulation",0.877651; 0.870591; 0.868344; 0.851922; 0.833698; 0.826584; 0.821375; 0.810437; 0.787303; 0.785085; 0.783104; 0.780134; 0.773582; 0.770381; 0.766187
2015_T12,2015,12,14,35,Actividad antidepresiva y neurofarmacología,"Pruebas conductuales, antidepresivos, diazepam, locomoción y compuestos vegetales bioactivos.",alta,"open_field_test; diazepam; antidepressant_activity; antidepressive_agent; antidepressant_agent; polyphenol; locomotion; swimming; triterpene; mu; quercetin; plant_structure; psychomotor_performance; neurotoxicity; plant_components,_aerial",0.918850; 0.910788; 0.908020; 0.907468; 0.896824; 0.893882; 0.855994; 0.851129; 0.821538; 0.813722; 0.813387; 0.811356; 0.810870; 0.808793; 0.808503
2015_T13,2015,13,14,79,Física matemática y sistemas cuánticos,"Ecuaciones de onda, estados fundamentales, eigenvalores, osciladores, campos magnéticos y métodos numéricos.",alta,dinger_equation; harmonic_oscillator; hydrogen_atom; eigenvalue_and_eigenfunctions; ground_state; magnetic_field; wave_function; lagrange_multiplier; hydrostatic_pressure; integral_equation; numerical_method; equation_of_motion; stability; brownian_dynamic_simulation; stratified_medium,0.888321; 0.876049; 0.869627; 0.868275; 0.867694; 0.863339; 0.858951; 0.848583; 0.829365; 0.824029; 0.820634; 0.818920; 0.814392; 0.807459; 0.805279
2015_T14,2015,14,14,65,"Metabolismo, estrés y factores cardiometabólicos","Glucosa, insulina, colesterol, triglicéridos, IMC, antropometría, estrés y asociaciones genéticas.",alta,"cholesterol_blood_level; waist_circumference; heart_rate; body_mass_index; sleep; pregnancy; stress,_psychological; anthropometry; blood_glucose; gene_frequency; genetic_association; mental_stress; insulin; triacylglycerol; glucose",0.896162; 0.884233; 0.869031; 0.851419; 0.820588; 0.806267; 0.793149; 0.790574; 0.788062; 0.785023; 0.784410; 0.782961; 0.781972; 0.777239; 0.777040
2016_T01,2016,1,18,63,Dolor neuropático y analgesia farmacológica,"Dolor neuropático, nocicepción y evaluación de agentes con actividad analgésica.",alta,prasterone; neuropathic_pain; analgesic; analgesic_agent; dehydroepiandrosterone; structure_activity_relation; drug_synergism; neuralgia; drug_potency; drug_synthesis; drug_structure; structure_activity_relationship; antinociception; hyperalgesia; drug_potentiation,0.866048; 0.863984; 0.850409; 0.850369; 0.841622; 0.841565; 0.836024; 0.833094; 0.833037; 0.832387; 0.823586; 0.819834; 0.808006; 0.803690; 0.770638
2016_T02,2016,2,18,59,Conducta sexual y sistema serotoninérgico,Conducta sexual y mecanismos neurofarmacológicos asociados con la neurotransmisión serotoninérgica.,alta,sexual_maturation; serotoninergic_system; sexual_behavior; prepuberty; ejaculation; behavior_change; n_methylaspartic_acid; serotonin; neuronal_plasticity; nerve_cell_plasticity; n_methylaspartate; transgenic_mouse; reproduction; serotonin_antagonist; motor_activity,0.856242; 0.829968; 0.829006; 0.819192; 0.814202; 0.807390; 0.803979; 0.802355; 0.801046; 0.795540; 0.793811; 0.790679; 0.789793; 0.781735; 0.770158
2016_T03,2016,3,18,57,Modelado químico y procesos microbianos,Agrupa modelado químico junto con procesos enzimáticos y microbianos; su interpretación es heterogénea.,baja,"models,_chemical; chemical_model; model; laccase; microbial_diversity; water_absorption; calcium_sulfate; fractal_analysis; specie_diversity; efficiency; device; nitrate; reproducibility_of_result; heat; fungus_growth",0.816202; 0.796631; 0.781930; 0.763354; 0.746864; 0.734538; 0.723602; 0.717677; 0.711319; 0.699973; 0.699817; 0.698676; 0.698312; 0.692410; 0.678022
2016_T04,2016,4,18,53,"Cáncer, ciclo celular y agentes antineoplásicos","Procesos tumorales, regulación del ciclo celular y evaluación de agentes antineoplásicos.",media,"tumor_cell_line; cytoskeleton; cell_line,_tumor; cell_cycle_arrest; antineoplastic_agent; antineoplastic_activity; platinum; surface_treatment; protein_phosphorylation; cell_death; genotoxicity; fibroblast; single_crystal_x_ray_diffraction; single_crystal; nanomagnetics",0.767610; 0.765089; 0.756382; 0.753275; 0.737475; 0.734761; 0.714394; 0.699623; 0.691524; 0.687025; 0.679419; 0.672445; 0.672207; 0.670955; 0.666355
2016_T05,2016,5,18,50,"Genética molecular, filogenia y biodiversidad","Diversidad genética, relaciones filogenéticas y caracterización molecular de organismos.",alta,"molecular_genetics; molecular_sequence_data; sequence_analysis,_dna; dna_sequence; biodiversity; brazil; phylogeny; mitochondrial_dna; phylogenetics; phylogeography; experimental_study; evolution; population_density; cell_surface; sodium_chloride",0.929070; 0.927737; 0.889680; 0.872921; 0.828866; 0.808174; 0.792844; 0.757524; 0.752158; 0.729433; 0.716549; 0.708886; 0.708717; 0.708080; 0.702862
2016_T06,2016,6,18,52,Estrés oxidativo y metabolismo hepático,"Daño oxidativo, metabolismo y procesos fisiológicos relacionados con función hepática.",alta,glutathione_peroxidase; superoxide_dismutase; hepatocytes; cholesterol_diet; glutathione_transferase; liver_cell; triacylglycerol_blood_level; glutathione; triacylglycerol; liver_toxicity; oxidation_reduction_state; reactive_oxygen_specie; reactive_oxygen_metabolite; lipid_peroxidation; surgery,0.851346; 0.840704; 0.832861; 0.821055; 0.816959; 0.815235; 0.805793; 0.802726; 0.799699; 0.763730; 0.744529; 0.742287; 0.739388; 0.712714; 0.704371
2016_T07,2016,7,18,48,"Nutrición animal, lactancia y fisiología bovina","Nutrición y fisiología de bovinos, con énfasis en lactancia y producción animal.",alta,"oral_drug_administration; administration,_oral; immunoglobulin_a; mice,_inbred_balb_c; dietary_supplement; bagg_albino_mouse; dairying; lactation; cattle; animal_feed; animal_food; bovine; stress,_physiological; physiological_stress; milk",0.870909; 0.858698; 0.857878; 0.854181; 0.844265; 0.833507; 0.826636; 0.789579; 0.778284; 0.777329; 0.770865; 0.756779; 0.734114; 0.723013; 0.720820
2016_T08,2016,8,18,68,Carga de enfermedad y salud global,"Mortalidad, discapacidad y patrones poblacionales de enfermedad en estudios de salud global.",alta,non_communicable_disease; neglected_disease; tropical_disease; urogenital_tract_disease; lower_respiratory_tract_infection; injury; maternal_disease; newborn_disease; nutritional_deficiency; malaria; hematologic_disease; pacific_island; health; gastrointestinal_disease; endocrine_disease,0.991997; 0.991969; 0.989270; 0.988672; 0.986333; 0.981550; 0.979968; 0.978487; 0.978065; 0.971111; 0.966942; 0.944590; 0.943495; 0.940322; 0.937061
2016_T09,2016,9,18,76,"Reología, polímeros y materiales compuestos",Propiedades reológicas y estructurales de polímeros y materiales compuestos.,media,polyelectrolyte; gelation; crystallinities; viscoelasticity; nanocomposites; corn_starch; particle_size_analysis; lithium; rheology; granulation; sponge_cake; x_ray_diffraction_analysis; poly_methacrylate; texture; lithium_ion_battery,0.831136; 0.810865; 0.809398; 0.804013; 0.798025; 0.784188; 0.783996; 0.779264; 0.777855; 0.767733; 0.764636; 0.764293; 0.762836; 0.756132; 0.754933
2016_T10,2016,10,18,42,Entamoeba histolytica y mecanismos de adhesión celular,Procesos celulares y moleculares asociados con Entamoeba histolytica y adhesión celular.,alta,entamoeba_histolytica; molecular_dynamic_simulation; cell_adhesion; cellular_distribution; binding_site; parasitology; cell_interaction; cell_nucleus; adhesion; actin; phagocytosis; fluorescent_antibody_technique; pathogenicity; protein_interaction; structure_analysis,0.878950; 0.803514; 0.785898; 0.781101; 0.775138; 0.774275; 0.756222; 0.750403; 0.727117; 0.714646; 0.714204; 0.710280; 0.708090; 0.700121; 0.695582
2016_T11,2016,11,18,79,Fotocatálisis y materiales semiconductores,"Materiales semiconductores, propiedades fotocatalíticas y procesos de degradación inducidos por luz.",alta,raman_spectroscopy; energy_gap; photocatalytic_activity; titanium_oxide; photoluminescence_spectrum; zinc_compound; quadrupole_interaction; semiconductor; nanorod; nonradiative_energy_transfer; photocatalysis; structural_characterization; sol; photocatalysts; chromaticity_coordinate,0.863633; 0.832426; 0.830150; 0.817250; 0.808244; 0.807066; 0.805258; 0.803074; 0.801437; 0.799741; 0.790274; 0.790210; 0.787115; 0.781116; 0.780756
2016_T12,2016,12,18,47,Catálisis y materiales para reacciones electroquímicas,Materiales catalíticos y procesos asociados con reacciones y sistemas electroquímicos.,media,dibenzothiophenes; temperature_programmed_reduction; nanotube; electrolytic_reduction; oxygen_reduction_reaction; catalytic_oxidation; catalyst_support; carbon_nanotube; surface_chemistry; desulfurization; catalyst_activity; cadmium_sulfide; nickel; yarn; enzyme_kinetics,0.835273; 0.806854; 0.804638; 0.804075; 0.800161; 0.798430; 0.788730; 0.766615; 0.756148; 0.748631; 0.739435; 0.738794; 0.724443; 0.723720; 0.712551
2016_T13,2016,13,18,52,Tratamiento electroquímico de aguas residuales,Aplicaciones de procesos electroquímicos para degradación de contaminantes y tratamiento de aguas.,alta,"effluent; sewage; waste_water; waste_disposal,_fluid; electrochemical_oxidation; wastewater_treatment; dechlorination; organic_compound; waste_component_removal; chemical_removal; water_treatment; waste_treatment; sulfamethoxazole; free_energy; aromatic_compound",0.889035; 0.871386; 0.852593; 0.847323; 0.841044; 0.820439; 0.814809; 0.771518; 0.769597; 0.757479; 0.755054; 0.752139; 0.744811; 0.737470; 0.733049
2016_T14,2016,14,18,52,Nutrición infantil y factores de riesgo socioeconómicos,Nutrición y salud infantil relacionadas con condiciones y factores socioeconómicos.,media,"child,_preschool; risk_assessment; nutritional_status; body_height; substance_related_disorder; socioeconomics; nutrition; drinking_behavior; regression_analysis; anthozoa; normal_human; feeding_behavior; food_intake; health_risk; health_survey",0.791826; 0.776361; 0.757442; 0.747418; 0.745262; 0.738428; 0.732653; 0.724371; 0.723991; 0.722213; 0.721830; 0.721570; 0.718688; 0.718106; 0.717620
2016_T15,2016,15,18,49,Dinámica cardiovascular y análisis de señales fisiológicas,Dinámica cardiovascular y análisis cuantitativo de señales y variables fisiológicas.,alta,time_series; orthostatic_stress; autonomic_nervous_system; frequency_domain_analysis; hemodynamics; stochastic_system; heart_rate_variability; detrended_fluctuation_analysis; dynamical_system; magnetic_field; heart_rate; charged_particle; signal_processing; forecasting; electroencephalogram,0.903800; 0.895186; 0.883418; 0.867275; 0.858969; 0.849387; 0.830976; 0.829798; 0.814959; 0.806176; 0.804925; 0.804814; 0.789351; 0.787064; 0.774708
2016_T16,2016,16,18,56,Modelado numérico y procesos fisicoquímicos,Combina métodos numéricos y dinámica de fluidos con procesos fisicoquímicos y biotecnológicos.,baja,numerical_experiment; star; anomalous_diffusion; mean_square_error; yarrowia_lipolytica; numerical_method; three_phase_partitioning; nootkatone; tank; computational_fluid_dynamic; reynolds_number; physic; fluid_dynamic; partition_coefficient; closed_loop_system,0.885385; 0.850145; 0.844359; 0.828694; 0.827639; 0.826128; 0.824031; 0.815854; 0.798255; 0.793628; 0.783567; 0.782140; 0.781888; 0.781252; 0.752096
2016_T17,2016,17,18,45,Genética poblacional y susceptibilidad a enfermedades,"Variantes genéticas, haplotipos y susceptibilidad genética a enfermedades.",alta,"mestizo; genetic_association_study; genetic_predisposition_to_disease; polymorphism,_single_nucleotide; single_nucleotide_polymorphism; genetic_predisposition; haplotype; genetic_susceptibility; gene_frequency; genome_wide_association_study; gene_linkage_disequilibrium; genetics,_population; genotype; allele; population_genetics",0.921113; 0.914439; 0.905242; 0.903512; 0.901694; 0.899554; 0.895139; 0.891577; 0.885083; 0.884128; 0.884062; 0.854623; 0.852337; 0.846146; 0.832340
2016_T18,2016,18,18,49,Biotecnología microbiana y producción de bioetanol,Procesos microbianos y enzimáticos orientados a bioconversión y producción de bioetanol.,alta,engineered_escherichia_coli; batch_cell_culture; saccharification; dna; bioethanol; stirred_reactor; bacterium_culture; biotechnology; cysteine; escherichia_coli; bioconversion; enzymatic_hydrolysis; ion_exchange; reduced_nicotinamide_adenine_dinucleotide_dehydrogenase; alkalinity,0.914996; 0.867635; 0.810201; 0.806638; 0.793405; 0.775706; 0.756224; 0.753876; 0.728468; 0.727552; 0.724644; 0.720878; 0.703488; 0.695691; 0.691268
2017_T01,2017,1,15,74,Thiobarbituric acid reactive substance / glutathione,"Tópico representado principalmente por: thiobarbituric acid reactive substance, glutathione, insecticide.",media,"thiobarbituric_acid_reactive_substance; glutathione; insecticide; catalase; superoxide_dismutase; toxicity; estradiol; copper_zinc_superoxide_dismutase; peptide; lipid_peroxidation; neurotoxicity; water_pollutants,_chemical; reproduction; water_pollutant; metal_nanoparticles",0.828470; 0.813595; 0.757940; 0.725890; 0.715907; 0.711050; 0.687718; 0.685312; 0.684935; 0.673354; 0.665364; 0.662095; 0.650196; 0.647842; 0.646458
2017_T02,2017,2,15,70,Chemical oxygen demand / thermogravimetry,"Tópico representado principalmente por: chemical oxygen demand, thermogravimetry, surfactant.",media,chemical_oxygen_demand; thermogravimetry; surfactant; boolean_function; electrooxidation; sludge; sewage; waste_water; wastewater_treatment; anode; reaction_kinetics; hydrogen_peroxide_concentration; kinetic_parameter; effectiveness_factor; ruthenium,0.810098; 0.775646; 0.773065; 0.762059; 0.753232; 0.749255; 0.739577; 0.733780; 0.730056; 0.710723; 0.709373; 0.708543; 0.705581; 0.699835; 0.688265
2017_T03,2017,3,15,54,Anthozoa / echinoderm,"Tópico representado principalmente por: anthozoa, echinoderm, echinodermata.",media,anthozoa; echinoderm; echinodermata; desert; specie_diversity; pacific_ocean; geographical_distribution; seasonal_variation; specie_richness; coral_reef; cactaceae; specie_difference; specie_specificity; atmospheric_pollution; anthropogenic_effect,0.876135; 0.866604; 0.865423; 0.856775; 0.852876; 0.845995; 0.839694; 0.830094; 0.817176; 0.779634; 0.775357; 0.763438; 0.761332; 0.755505; 0.739524
2017_T04,2017,4,15,82,Peptic ulcer / pertussis,"Tópico representado principalmente por: peptic ulcer, pertussis, newborn disease.",media,peptic_ulcer; pertussis; newborn_disease; rectum_cancer; rheumatic_heart_disease; testis_cancer; measles; tetanus; uterus_cancer; uterine_cervix_cancer; ischemic_heart_disease; terrorism; inguinal_hernia; abdominal_wall_hernia; appendicitis,0.982463; 0.980970; 0.980554; 0.979394; 0.978916; 0.974861; 0.974162; 0.973716; 0.972622; 0.972529; 0.964627; 0.952172; 0.944599; 0.942438; 0.940903
2017_T05,2017,5,15,56,Solid electrolyte / polyelectrolyte,"Tópico representado principalmente por: solid electrolyte, polyelectrolyte, lithium.",media,solid_electrolyte; polyelectrolyte; lithium; lithium_ion_battery; lithium_compound; thermodynamic_property; elongation_at_break; corn_starch; polyols; tensile_strength; electrolyte; gelation; starch; ion; ethylene_glycol,0.898131; 0.873217; 0.853561; 0.848508; 0.848447; 0.829609; 0.806176; 0.786279; 0.786167; 0.771157; 0.770678; 0.769882; 0.765822; 0.759976; 0.757731
2017_T06,2017,6,15,51,Single nucleotide polymorphism / polymorphism single nucleotide,"Tópico representado principalmente por: single nucleotide polymorphism, polymorphism single nucleotide, genetic risk.",media,"single_nucleotide_polymorphism; polymorphism,_single_nucleotide; genetic_risk; inheritance; gene_frequency; allele; genetic_predisposition_to_disease; genetic_association; genetic_predisposition; gene_mutation; nuclear_protein; treatment_response; sequence_analysis; genetic_variability; genomic_dna",0.900833; 0.900136; 0.895666; 0.887956; 0.855041; 0.836142; 0.825119; 0.821527; 0.814769; 0.795428; 0.787774; 0.786525; 0.771623; 0.771004; 0.762731
2017_T07,2017,7,15,57,Red meat / somatomedin c,"Tópico representado principalmente por: red meat, somatomedin c, insulin like growth factor i.",media,"red_meat; somatomedin_c; insulin_like_growth_factor_i; veterinary; estrus; sexual_behavior; progesterone; stress,_physiological; corticosterone; physiological_stress; motor_activity; randomization; behavior,_animal; drug_compounding; random_allocation",0.824815; 0.816062; 0.795645; 0.783633; 0.769418; 0.766650; 0.750114; 0.750041; 0.747545; 0.742614; 0.737673; 0.730234; 0.728212; 0.726478; 0.718212
2017_T08,2017,8,15,65,Stability / feedback,"Tópico representado principalmente por: stability, feedback, finite element method.",media,stability; feedback; finite_element_method; point_kinetics; hamiltonians; neutron; boiling_water_reactor; magnetic_field; nuclear_reactor; analytical_expression; magnetism; differential_equation; system_stability; power_transformer; numerical_result,0.912005; 0.906125; 0.892382; 0.888931; 0.887361; 0.886345; 0.884665; 0.881889; 0.880283; 0.876325; 0.872136; 0.869055; 0.868063; 0.862302; 0.861858
2017_T09,2017,9,15,70,Phenanthrene / pah,"Tópico representado principalmente por: phenanthrene, pah, soil microbiology.",media,phenanthrene; pah; soil_microbiology; soil_pollutant; microbial_degradation; soil_pollution; microbial_consortium; streptomyces; fungus_growth; terminos_lagoon; soil; campeche; polycyclic_aromatic_hydrocarbon; microbial_community; pyrene,0.884517; 0.848760; 0.843103; 0.824558; 0.818898; 0.808398; 0.788150; 0.779262; 0.775520; 0.768987; 0.763280; 0.758120; 0.755572; 0.743774; 0.737320
2017_T10,2017,10,15,46,"Percepción, salud y gestión socioambiental","Cluster interdisciplinario que combina percepción, salud pública, eventos sísmicos y bienestar animal.",baja,"me_xico; consumer_behavior; health_knowledge,_attitudes,_practice; consumer_attitude; consumer; attitude_to_health; perception; survey_and_questionnaire; questionnaire; oral_health; earthquake; animal_welfare; quality_of_life; public_health; environmental_management",0.907837; 0.881868; 0.881119; 0.879923; 0.878606; 0.878429; 0.871057; 0.798571; 0.797532; 0.794186; 0.793385; 0.788557; 0.765551; 0.754113; 0.752918
2017_T11,2017,11,15,97,White light emission / photocatalysts,"Tópico representado principalmente por: white light emission, photocatalysts, irradiation.",media,white_light_emission; photocatalysts; irradiation; quenching; zinc_phosphate_glass; x_ray_spectroscopy; photodegradation; photogenerated_charge_carrier; light_emission; zinc_oxide; phosphor; zirconia; nonradiative_energy_transfer; zinc_sulfide; spectroscopic_analysis,0.850505; 0.825418; 0.825235; 0.825203; 0.824139; 0.816714; 0.816555; 0.812935; 0.811472; 0.811422; 0.796131; 0.788832; 0.783606; 0.778505; 0.776155
2017_T12,2017,12,15,84,Plant medicinal product / hypoglycemic agent,"Tópico representado principalmente por: plant medicinal product, hypoglycemic agent, plants medicinal.",media,"plant_medicinal_product; hypoglycemic_agent; plants,_medicinal; phytotherapy; drug_structure; mass_fragmentography; indometacin; glibenclamide; neoplasm; diabetes_mellitus,_experimental; anti_inflammatory_agent; molecular_docking_simulation; nf_kappa_b; pioglitazone; ppar_gamma",0.860796; 0.844405; 0.837895; 0.834147; 0.825994; 0.825150; 0.822124; 0.813987; 0.811284; 0.798292; 0.795910; 0.795339; 0.790157; 0.778552; 0.771633
2017_T13,2017,13,15,56,Chemical activation / molecular structure,"Tópico representado principalmente por: chemical activation, molecular structure, models chemical.",media,"chemical_activation; molecular_structure; models,_chemical; chemical_model; electrochemical_nucleation; atom; glass_membrane_electrode; glassy_carbon_electrode; positive_ion; structure_activity_relation; exchange_current_density; chain; deposition; chemical_structure; quantum_theory",0.802524; 0.786629; 0.777043; 0.753513; 0.738694; 0.716980; 0.714392; 0.713390; 0.711217; 0.709325; 0.707736; 0.700127; 0.698653; 0.694083; 0.693902
2017_T14,2017,14,15,61,Skin / ameloblastoma,"Tópico representado principalmente por: skin, ameloblastoma, cell engineering.",media,"skin; ameloblastoma; cell_engineering; scaffold; jaw_tumor; jaw_neoplasm; mandible; tissue; gene_expression_regulation,_bacterial; cell_growth; chitin; membrane_protein; immunohistochemistry; wound_healing; phenotype",0.782428; 0.772353; 0.762701; 0.761787; 0.747551; 0.742659; 0.738115; 0.727207; 0.718984; 0.716360; 0.714767; 0.708020; 0.700953; 0.697583; 0.692221
2017_T15,2017,15,15,55,Metabolic syndrome x / triacylglycerol blood level,"Tópico representado principalmente por: metabolic syndrome x, triacylglycerol blood level, low density lipoprotein cholesterol.",media,metabolic_syndrome_x; triacylglycerol_blood_level; low_density_lipoprotein_cholesterol; high_density_lipoprotein_cholesterol; prognosis; systolic_blood_pressure; cholesterol_blood_level; c_reactive_protein; dual_energy_x_ray_absorptiometry; sex_factor; triacylglycerol; obesity; cohort_analysis; protein_blood_level; sex_difference,0.923728; 0.903351; 0.887108; 0.882846; 0.865955; 0.857110; 0.851212; 0.820917; 0.800724; 0.800391; 0.761500; 0.735871; 0.733104; 0.732057; 0.728319
2018_T01,2018,1,18,59,Genetic predisposition to disease / genetic predisposition,"Tópico representado principalmente por: genetic predisposition to disease, genetic predisposition, polymorphism single nucleotide.",media,"genetic_predisposition_to_disease; genetic_predisposition; polymorphism,_single_nucleotide; self_report; amino_acid_substitution; social_status; school_child; allele; cohort_study; prospective_study; body_height; anthropometric_parameter; dna_polymorphism; body_mass_index; gene_frequency",0.908668; 0.907247; 0.857371; 0.826881; 0.821483; 0.786646; 0.775691; 0.771932; 0.769920; 0.765529; 0.764527; 0.761448; 0.759105; 0.759004; 0.749435
2018_T02,2018,2,18,39,Métodos analíticos y reproducción asistida,Cluster heterogéneo que combina reproducción asistida con métodos estadísticos y procesamiento de información.,baja,"signal_to_noise_ratio; models,_statistical; fertilization_in_vitro; in_vitro_fertilization; information_processing; questionnaire; survey_and_questionnaire; embryo; embryology; statistical_model; quality_control; analytic_method; rna_isolation; diagnostic_imaging; rna_extraction",0.835527; 0.790602; 0.786856; 0.784693; 0.763573; 0.745603; 0.744022; 0.742923; 0.732050; 0.721543; 0.717716; 0.703914; 0.699792; 0.688414; 0.680525
2018_T03,2018,3,18,55,Solid state fermentation / metabolite,"Tópico representado principalmente por: solid state fermentation, metabolite, aspergillus.",media,solid_state_fermentation; metabolite; aspergillus; enzyme_synthesis; polyurethan_foam; biotransformation; respirometry; ester; biotechnological_production; fungus_growth; aspergillus_niger; culture_medium; gas_chromatography; esterification; energy_resource,0.842242; 0.826187; 0.820931; 0.811423; 0.804438; 0.802639; 0.792184; 0.787153; 0.770468; 0.768724; 0.766259; 0.755541; 0.752191; 0.749644; 0.744942
2018_T04,2018,4,18,50,Socioeconomic factor / socioeconomics,"Tópico representado principalmente por: socioeconomic factor, socioeconomics, sex distribution.",media,"socioeconomic_factor; socioeconomics; sex_distribution; sex_ratio; singapore; life_expectancy; global_disease_burden; global_burden_of_disease; newborn_disease; non_communicable_disease; age_distribution; trend_study; cause_of_death; international_cooperation; infant,_newborn",0.980028; 0.979101; 0.976852; 0.976567; 0.969118; 0.964260; 0.951432; 0.951318; 0.947745; 0.945322; 0.943502; 0.930597; 0.928679; 0.918723; 0.917344
2018_T05,2018,5,18,46,Finite element method / diastolic blood pressure,"Tópico representado principalmente por: finite element method, diastolic blood pressure, orthostatic stress.",media,"finite_element_method; diastolic_blood_pressure; orthostatic_stress; tilt_table_test; blood_pressure_variability; heart_rate; time_domain_analysis; signal_processing,_computer_assisted; algebra; signal_processing; neural_network; parameter_estimation; nonlinear_system; dc_motor; uncertainty",0.940024; 0.930106; 0.927617; 0.926881; 0.926328; 0.922274; 0.911345; 0.904778; 0.903999; 0.902171; 0.884467; 0.881463; 0.879452; 0.875353; 0.871114
2018_T06,2018,6,18,61,Latin america / innovation,"Tópico representado principalmente por: latin america, innovation, conservation management.",media,latin_america; innovation; conservation_management; local_participation; land_use_change; bos; stakeholder; sustainability; spain; food_availability; cactaceae; flower; floral_trait; satellite_imagery; federal_district_[mexico],0.899678; 0.894225; 0.887624; 0.876088; 0.861625; 0.841143; 0.840340; 0.830562; 0.800750; 0.793467; 0.789329; 0.774044; 0.770060; 0.764993; 0.761963
2018_T07,2018,7,18,51,Caracterización fisicoquímica y biomateriales,Cluster heterogéneo que combina reología y materiales con conceptos biológicos y de calidad de vida.,baja,"viscoelasticity; surface_chemistry; plasma; suspension; mammal; flow_kinetics; polypyrroles; spectroscopy,_fourier_transform_infrared; powder; rheology; quality_of_life; silicon; chemical_interaction; characterization; neuroprotection",0.793112; 0.790092; 0.789199; 0.788911; 0.766425; 0.759682; 0.751684; 0.749522; 0.742444; 0.739328; 0.717314; 0.703979; 0.694839; 0.689960; 0.687910
2018_T08,2018,8,18,64,Reaction mechanism / atom,"Tópico representado principalmente por: reaction mechanism, atom, scavenger.",media,reaction_mechanism; atom; scavenger; free_radical_scavenger; glutathione_peroxidase; stomach_mucosa; gastric_mucosa; lipid_peroxidation; superoxide; histopathology; quantum_theory; electrophilicity; computation_theory; metal_ion; density_functional_theory,0.823981; 0.747638; 0.743345; 0.726667; 0.714905; 0.710686; 0.706112; 0.697270; 0.691216; 0.683053; 0.678691; 0.665384; 0.662169; 0.660799; 0.657226
2018_T09,2018,9,18,51,Spherical aggregate / sphere,"Tópico representado principalmente por: spherical aggregate, sphere, microstructure.",media,spherical_aggregate; sphere; microstructure; adhesive; isotherm; theoretical_framework; gelation; granulation; microencapsulation; particle_size_analysis; resistant_starch; spray_drying; phase_interface; analytical_expression; moisture,0.910546; 0.866812; 0.847959; 0.822607; 0.808485; 0.784993; 0.783573; 0.776182; 0.772239; 0.770005; 0.747475; 0.735454; 0.734800; 0.732475; 0.714189
2018_T10,2018,10,18,74,Photoluminescence spectrum / phosphor,"Tópico representado principalmente por: photoluminescence spectrum, phosphor, light emitting diode.",media,photoluminescence_spectrum; phosphor; light_emitting_diode; spray_pyrolysis; optical_spectroscopy; optical_property; spectroscopic_analysis; nonradiative_energy_transfer; citrus_fruit; zirconium_compound; thin_film; luminescence; doping; zinc_compound; light_emission,0.874829; 0.867014; 0.858382; 0.847707; 0.847620; 0.841144; 0.834936; 0.829627; 0.826098; 0.824307; 0.823790; 0.821070; 0.817333; 0.814514; 0.814005
2018_T11,2018,11,18,53,Bioaccumulation / perciform,"Tópico representado principalmente por: bioaccumulation, perciform, pollution effect.",media,"bioaccumulation; perciform; pollution_effect; soil_pollutant; marine_environment; pyrite; fish; water_pollutants,_chemical; water_pollutant; heavy_metal; tilapia; aquatic_environment; pisces; oreochromis_niloticus; arsenic",0.826020; 0.819354; 0.798048; 0.782875; 0.778625; 0.774440; 0.760038; 0.759719; 0.759493; 0.750418; 0.746899; 0.738035; 0.734664; 0.732039; 0.718652
2018_T12,2018,12,18,51,Staphylococcus aureus / antibiotic resistance,"Tópico representado principalmente por: staphylococcus aureus, antibiotic resistance, gentamicin.",media,staphylococcus_aureus; antibiotic_resistance; gentamicin; lactic_acid_bacterium; erythromycin; probiotic; pathogen; minimum_inhibitory_concentration; bacterium_isolation; colony_forming_unit; anti_bacterial_agent; microbial_sensitivity_test; antibiotic_agent; antiinfective_agent; antibacterial_activity,0.861874; 0.834260; 0.830311; 0.817316; 0.816251; 0.800450; 0.778911; 0.777651; 0.749350; 0.743834; 0.738421; 0.738395; 0.733210; 0.731571; 0.727409
2018_T13,2018,13,18,53,Pain measurement / analgesic,"Tópico representado principalmente por: pain measurement, analgesic, analgesic agent.",media,"pain_measurement; analgesic; analgesic_agent; antinociception; pain; drug_therapy,_combination; nitric_oxide; inflammation; combination_drug_therapy; drug_potentiation; sexual_behavior; sexual_behavior,_animal; anti_inflammatory_agent; sprague_dawley_rat; tumor_necrosis_factor_alpha",0.919775; 0.900900; 0.899734; 0.871308; 0.864195; 0.836345; 0.826509; 0.824484; 0.823751; 0.776799; 0.776063; 0.774716; 0.771183; 0.767822; 0.764321
2018_T14,2018,14,18,72,Xenograft model antitumor assay / protein kinase b,"Tópico representado principalmente por: xenograft model antitumor assay, protein kinase b, tumor volume.",media,"xenograft_model_antitumor_assay; protein_kinase_b; tumor_volume; signal_transduction; tumor_marker; liver_tumor; liver_neoplasm; liver_cell_carcinoma; biomarkers,_tumor; gene_expression_regulation,_neoplastic; protein_protein_interaction; protein_phosphorylation; western_blotting; carcinoma,_hepatocellular; tumor_cell_line",0.898464; 0.876680; 0.854334; 0.851587; 0.828453; 0.822341; 0.815993; 0.808783; 0.804580; 0.802088; 0.777513; 0.772904; 0.765607; 0.763891; 0.759518
2018_T15,2018,15,18,64,Nucleation / eutectic,"Tópico representado principalmente por: nucleation, eutectic, electrodeposition.",media,nucleation; eutectic; electrodeposition; diffusion_controlled_growth; glassy_carbon_electrode; glass_membrane_electrode; deep_eutectic_solvent; surface_reaction; cognitive_radio; ion; lithium_ion_battery; electrochemical_electrode; cathode; layered_double_hydroxide; electrochemical_impedance,0.877609; 0.861821; 0.858974; 0.858427; 0.858192; 0.857902; 0.855507; 0.776712; 0.775031; 0.757659; 0.745958; 0.743054; 0.741709; 0.736153; 0.732226
2018_T16,2018,16,18,59,Anaerobic growth / anaerobiosis,"Tópico representado principalmente por: anaerobic growth, anaerobiosis, pollutant removal.",media,"anaerobic_growth; anaerobiosis; pollutant_removal; rigid_foamed_plastic; polyurethane_foam; waste_disposal,_fluid; sewage; organic_matter; nitrate; bioconversion; chemical_oxygen_demand; oxygenation; algae; sulfate; petroleum",0.863739; 0.854032; 0.844549; 0.842858; 0.840051; 0.834277; 0.830333; 0.827727; 0.798765; 0.778462; 0.777692; 0.760874; 0.759411; 0.749186; 0.743591
2018_T17,2018,17,18,52,Polyester / fibroblast,"Tópico representado principalmente por: polyester, fibroblast, tissue engineering.",media,polyester; fibroblast; tissue_engineering; poly_lactic_acid; osteoblast; biocompatibility; polymerization; chitosan; glass_transition_temperature; chitin; x_ray_photoemission_spectroscopy; poly; nanoparticle; thermogravimetry; degradation_mechanism,0.881033; 0.872311; 0.802093; 0.800760; 0.792325; 0.778581; 0.775513; 0.763372; 0.752069; 0.741992; 0.741380; 0.736818; 0.736681; 0.727862; 0.727818
2018_T18,2018,18,18,43,Experimental diabetes mellitus / diabetes mellitus experimental,"Tópico representado principalmente por: experimental diabetes mellitus, diabetes mellitus experimental, peroxisome proliferator activated receptor gamma.",media,"experimental_diabetes_mellitus; diabetes_mellitus,_experimental; peroxisome_proliferator_activated_receptor_gamma; hypoglycemic_agent; ppar_gamma; antidiabetic_activity; insulin_release; antidiabetic_agent; triacylglycerol; glibenclamide; rna,_messenger; adipocyte; adipocytes; blood_glucose; insulin",0.921023; 0.906116; 0.905823; 0.896980; 0.893387; 0.872059; 0.865771; 0.864339; 0.813776; 0.808977; 0.805232; 0.798973; 0.766358; 0.762562; 0.760696
2019_T01,2019,1,18,60,Nucleation / cobalt alloy,"Tópico representado principalmente por: nucleation, cobalt alloy, palladium alloy.",media,nucleation; cobalt_alloy; palladium_alloy; catalyst_selectivity; zirconia; temperature_programmed_reduction; eutectic; diffusion_controlled_growth; x_ray_powder_diffraction; deep_eutectic_solvent; catalyst_support; electrodeposition; formic_acid; agglomeration; glass_membrane_electrode,0.835616; 0.830668; 0.830132; 0.827825; 0.822488; 0.819483; 0.816314; 0.815073; 0.807262; 0.804939; 0.804441; 0.789749; 0.776468; 0.765742; 0.762125
2019_T02,2019,2,18,35,Nonradiative energy transfer / emission spectroscopy,"Tópico representado principalmente por: nonradiative energy transfer, emission spectroscopy, excitation and emission spectrum.",media,nonradiative_energy_transfer; emission_spectroscopy; excitation_and_emission_spectrum; light_absorption; electric_dipole_dipole_interaction; inokuti_hirayama_model; tellurium_compound; bandwidth; luminescence; pumping; optical_property; iii_v_semiconductor; energy_transfer; fiber_laser; phosphor,0.962306; 0.935185; 0.934615; 0.933737; 0.924626; 0.914259; 0.897470; 0.892036; 0.889477; 0.884795; 0.872473; 0.856081; 0.855432; 0.845254; 0.830823
2019_T03,2019,3,18,62,Reverse transcription polymerase chain reaction / smoking,"Tópico representado principalmente por: reverse transcription polymerase chain reaction, smoking, upregulation.",media,"reverse_transcription_polymerase_chain_reaction; smoking; upregulation; micrornas; microrna; dna_methylation; gene_expression_regulation,_neoplastic; rna_extraction; enzyme_linked_immunosorbent_assay; cohort_study; epigenetics; colony_forming_unit; western_blotting; breast_tumor; feces",0.784219; 0.784002; 0.771314; 0.770633; 0.767163; 0.765963; 0.765907; 0.759722; 0.753727; 0.739302; 0.735069; 0.727907; 0.723978; 0.718486; 0.715812
2019_T04,2019,4,18,58,Hippocampus / kainic acid,"Tópico representado principalmente por: hippocampus, kainic acid, neuroprotective agent.",media,"hippocampus; kainic_acid; neuroprotective_agent; amygdala; estrogen; testosterone; neuroprotection; anticonvulsant; anticonvulsive_agent; immunoreactivity; estrogen_receptor_alpha; sexual_behavior; cell_count; electroencephalogram; behavior,_animal",0.883718; 0.865620; 0.824195; 0.822164; 0.809141; 0.793843; 0.791157; 0.784327; 0.777175; 0.776695; 0.774104; 0.762743; 0.759069; 0.757926; 0.757413
2019_T05,2019,5,18,39,Electrochemical technique / electrochemical impedance spectroscopy,"Tópico representado principalmente por: electrochemical technique, electrochemical impedance spectroscopy, sulfur.",media,electrochemical_technique; electrochemical_impedance_spectroscopy; sulfur; computational_chemistry; phase_transition; lithium_ion_battery; raman_spectrometry; biofilms; cyclic_voltammetry; steel_corrosion; electrochemical_corrosion; specific_capacity; corrosion_inhibitor; graphite; molecular_interaction,0.873284; 0.795846; 0.792924; 0.763675; 0.746054; 0.735755; 0.732459; 0.724409; 0.719173; 0.709608; 0.705085; 0.704971; 0.684537; 0.683841; 0.683751
2019_T06,2019,6,18,51,Adomian decomposition method / soliton,"Tópico representado principalmente por: adomian decomposition method, soliton, iterative method.",media,adomian_decomposition_method; soliton; iterative_method; numerical_result; heat_transfer; time_domain_analysis; many_objective_optimization; multiobjective_optimization; fractal_dimension; electric_machine_control; human_activity_recognition; volume_averaging_method; time_series; wavelet_transforms; dynamic,0.877974; 0.876702; 0.874803; 0.871524; 0.848829; 0.840805; 0.822127; 0.813312; 0.810085; 0.808998; 0.808689; 0.807024; 0.803072; 0.801537; 0.795229
2019_T07,2019,7,18,53,Code / rheology,"Tópico representado principalmente por: code, rheology, viscoelasticity.",media,code; rheology; viscoelasticity; polynomial; flow_kinetics; thermal_processing; viscosity; shear_flow; gel; drug_solubility; zeta_potential; elasticity; drug_formulation; mean_dissolution_time; food_product,0.834062; 0.831140; 0.811289; 0.810835; 0.810307; 0.788810; 0.776898; 0.738649; 0.730840; 0.723016; 0.720106; 0.716409; 0.715976; 0.715576; 0.713776
2019_T08,2019,8,18,41,Electron transport / imidazole,"Tópico representado principalmente por: electron transport, imidazole, imidazole derivative.",media,"electron_transport; imidazole; imidazole_derivative; dopamine; models,_chemical; molecular_docking_simulation; static_electricity; protein_conformation; chemical_model; polarization; binding_site; molecular_docking; molecular_conformation; receptors,_n_methyl_d_aspartate; n_methyl_dextro_aspartic_acid_receptor",0.812762; 0.784348; 0.781577; 0.771559; 0.770256; 0.769966; 0.769962; 0.767073; 0.762312; 0.748236; 0.746058; 0.741252; 0.739429; 0.736502; 0.722584
2019_T09,2019,9,18,31,Variabilidad genética y procesos celulares,"Cluster heterogéneo que combina variabilidad genética, señalización celular y propiedades de materiales.",baja,"genetic_variability; gene_frequency; polymorphism,_single_nucleotide; haplotype; vasculotropin_a; heterozygote; ultrastructure; homeostasis; ethylene; endothelial_nitric_oxide_synthase; tensile_strength; genotype; cytology; calcium; normal_human",0.760804; 0.758788; 0.753203; 0.750717; 0.749615; 0.706206; 0.698418; 0.677925; 0.669635; 0.667867; 0.660117; 0.655187; 0.648630; 0.638138; 0.626481
2019_T10,2019,10,18,57,Nucleotide sequence / antibiotic resistance,"Tópico representado principalmente por: nucleotide sequence, antibiotic resistance, geographic distribution.",media,"nucleotide_sequence; antibiotic_resistance; geographic_distribution; bacterium_detection; parasitology; dna,_bacterial; spores,_fungal; bacterial_dna; gene_amplification; fungus_spore; plasmid; plasmid_dna; bacterial_gene; microbial_viability; conidium",0.867991; 0.854513; 0.832264; 0.830095; 0.791662; 0.784533; 0.782763; 0.773853; 0.773447; 0.771643; 0.763600; 0.753448; 0.751743; 0.748593; 0.745394
2019_T11,2019,11,18,47,Chemical oxygen demand / sewage,"Tópico representado principalmente por: chemical oxygen demand, sewage, sludge.",media,chemical_oxygen_demand; sewage; sludge; effluent; bioreactor; denitrification; pollutant_removal; wastewater_treatment; waste_water_management; ammonia; nitrite; biogas; bioreactors; bioconversion; inhibition,0.890389; 0.886170; 0.875610; 0.835001; 0.779654; 0.774311; 0.756358; 0.748286; 0.732973; 0.728252; 0.725938; 0.717960; 0.715350; 0.715176; 0.712015
2019_T12,2019,12,18,51,Recovery / thermoanalysis,"Tópico representado principalmente por: recovery, thermoanalysis, dissolution.",media,recovery; thermoanalysis; dissolution; leaching; electric_conductivity; aluminum; room_temperature; zinc; redox_reaction; encapsulation; energy_dispersive_x_ray_spectroscopy; physicochemical_property; iron_oxide; electrical_conductivity; iron,0.834801; 0.791171; 0.777461; 0.775486; 0.765684; 0.755622; 0.743893; 0.738034; 0.728978; 0.720429; 0.720224; 0.715694; 0.711497; 0.706171; 0.701970
2019_T13,2019,13,18,49,Waist circumference / body mass index,"Tópico representado principalmente por: waist circumference, body mass index, adiposity.",media,waist_circumference; body_mass_index; adiposity; insulin_resistance; leptin; obesity; adipocytokine; adipokines; anthropometry; student; body_composition; sex_factor; reproducibility_of_result; feeding_behavior; physical_activity,0.923630; 0.908215; 0.897737; 0.889443; 0.884812; 0.868027; 0.851941; 0.851804; 0.847206; 0.840489; 0.840167; 0.823754; 0.817090; 0.795949; 0.788977
2019_T14,2019,14,18,62,Structure activity relation / structure activity relationship,"Tópico representado principalmente por: structure activity relation, structure activity relationship, edema.",media,"structure_activity_relation; structure_activity_relationship; edema; plant_medicinal_product; antiinflammatory_activity; asteraceae; antiproliferative_activity; toxicity_testing; cytokine_production; drug_synthesis; antiinflammatory_agent; antineoplastic_agents,_phytogenic; medicinal_plant; palmitic_acid; antineoplastic_activity",0.862251; 0.858673; 0.857808; 0.855117; 0.850949; 0.843926; 0.813001; 0.794805; 0.788155; 0.782509; 0.776527; 0.761687; 0.752053; 0.746194; 0.743274
2019_T15,2019,15,18,46,Substrate concentration / saccharomyces cerevisiae,"Tópico representado principalmente por: substrate concentration, saccharomyces cerevisiae, bio ethanol production.",media,substrate_concentration; saccharomyces_cerevisiae; bio_ethanol_production; bioethanol; bacterial_growth; culture_medium; solid_state_fermentation; yeast; star; solid_state_culture; vitreoscilla_hemoglobin; ethanol; lignin; microbial_activity; carbon_source,0.843949; 0.828851; 0.823886; 0.802475; 0.798963; 0.794794; 0.786650; 0.755837; 0.731628; 0.728349; 0.723469; 0.712801; 0.706355; 0.703195; 0.693714
2019_T16,2019,16,18,50,Heterojunctions / water splitting reaction,"Tópico representado principalmente por: heterojunctions, water splitting reaction, photocatalytic activity.",media,heterojunctions; water_splitting_reaction; photocatalytic_activity; photocatalysis; diffuse_reflectance_spectroscopy; ultraviolet_radiation; photocatalytic_hydrogen_production; photodegradation; photoluminescence_analysis; photoluminescence; photocatalysts; hydrogen_production; potential_energy; x_ray_photoemission_spectroscopy; molybdenum_compound,0.882437; 0.878079; 0.874197; 0.872873; 0.865534; 0.861031; 0.848314; 0.841120; 0.834388; 0.825802; 0.808394; 0.794809; 0.774560; 0.770370; 0.768883
2019_T17,2019,17,18,52,Developing world / climate change,"Tópico representado principalmente por: developing world, climate change, pacific ocean.",media,developing_world; climate_change; pacific_ocean; spatiotemporal_analysis; latin_america; conceptual_framework; south_and_central_america; social_structure; sustainability; sustainable_development; specie_richness; mortality_rate; sampling; survival; socioeconomics,0.865466; 0.856996; 0.846831; 0.823324; 0.822701; 0.820215; 0.818818; 0.796275; 0.793504; 0.789466; 0.787974; 0.783807; 0.772880; 0.769855; 0.767987
2019_T18,2019,18,18,52,Squamous cell carcinoma / mouth tumor,"Tópico representado principalmente por: squamous cell carcinoma, mouth tumor, mouth neoplasm.",media,squamous_cell_carcinoma; mouth_tumor; mouth_neoplasm; hospitalization; rheumatoid_arthritis; comorbidity; treatment_outcome; tertiary_care_center; computer_assisted_tomography; cerebrovascular_accident; real_time_polymerase_chain_reaction; diagnostic_imaging; tumor_recurrence; b_raf_kinase; odontogenic_tumor,0.867749; 0.835740; 0.835598; 0.819041; 0.813783; 0.807909; 0.796754; 0.794997; 0.794192; 0.786264; 0.773044; 0.772300; 0.770444; 0.767461; 0.760507
2020_T01,2020,1,20,41,Macrophage / monocyte,"Tópico representado principalmente por: macrophage, monocyte, gamma interferon.",media,"macrophage; monocyte; gamma_interferon; cytokine; phagocytosis; nervous_system_inflammation; immunology; antibacterial_activity; tumor_necrosis_factor; flow_cytometry; cytokine_production; dichloromethane; mice,_inbred_icr; protein_localization; institute_for_cancer_research_mouse",0.816251; 0.812485; 0.789103; 0.777769; 0.752271; 0.748350; 0.734536; 0.730400; 0.723035; 0.719596; 0.716159; 0.711775; 0.709561; 0.705336; 0.704510
2020_T02,2020,2,20,49,Tumor marker / odontogenic tumor,"Tópico representado principalmente por: tumor marker, odontogenic tumor, human immunodeficiency virus infection.",media,"tumor_marker; odontogenic_tumor; human_immunodeficiency_virus_infection; mutation; hiv_infection; biomarkers,_tumor; human_immunodeficiency_virus_infected_patient; cancer_staging; genetic_predisposition_to_disease; gene_expression_regulation,_neoplastic; sanger_sequencing; genetic_predisposition; tumor_recurrence; breast_tumor; neoplasm_recurrence,_local",0.839861; 0.836762; 0.820307; 0.812806; 0.812005; 0.809211; 0.795467; 0.790705; 0.790310; 0.789126; 0.785672; 0.785107; 0.768403; 0.768369; 0.767172
2020_T03,2020,3,20,41,Dispersity / poly,"Tópico representado principalmente por: dispersity, poly, drug delivery.",media,"dispersity; poly; drug_delivery; hydrogel; synthesis_and_characterization; polymerization; amide; drug_delivery_system; proton_nuclear_magnetic_resonance; cells,_cultured; epithelial_cell; cell_culture; cytotoxicity; differential_scanning_calorimetry; epithelium_cell",0.912046; 0.810760; 0.798945; 0.775332; 0.774024; 0.772274; 0.770492; 0.750387; 0.747592; 0.747179; 0.744116; 0.731914; 0.726548; 0.721045; 0.719365
2020_T04,2020,4,20,52,Health care disparity / middle income country,"Tópico representado principalmente por: health care disparity, middle income country, infant newborn.",media,"health_care_disparity; middle_income_country; infant,_newborn; socioeconomic_factor; low_income_country; global_health; global_burden_of_disease; global_disease_burden; socioeconomics; geographic_mapping; bayes_theorem; life_expectancy; wound_and_injury; quality_adjusted_life_year; survey_and_questionnaire",0.934851; 0.920645; 0.904230; 0.895356; 0.886234; 0.883472; 0.882237; 0.871737; 0.868352; 0.853706; 0.831110; 0.825585; 0.824986; 0.822078; 0.821720
2020_T05,2020,5,20,41,Eutectic / deep eutectic solvent,"Tópico representado principalmente por: eutectic, deep eutectic solvent, electrodeposition.",media,eutectic; deep_eutectic_solvent; electrodeposition; glass_membrane_electrode; glassy_carbon_electrode; reduction; urea; palladium_compound; cathode; glass; ternary_alloy; group_theory; computational_fluid_dynamic; electric_discharge; chlorine_compound,0.931043; 0.917239; 0.913235; 0.895410; 0.894451; 0.885015; 0.815511; 0.800083; 0.781782; 0.776629; 0.760999; 0.759862; 0.754502; 0.742585; 0.739291
2020_T06,2020,6,20,58,Social status / physical activity,"Tópico representado principalmente por: social status, physical activity, ethnic group.",media,"social_status; physical_activity; ethnic_group; virus_pneumonia; fluorosis,_dental; viral_disease; latin_america; multicenter_study; clinical_trial; pneumonia,_viral; student; pandemic; health_knowledge,_attitudes,_practice; virus; social_class",0.839062; 0.818615; 0.802496; 0.786061; 0.785895; 0.782677; 0.778231; 0.771706; 0.770584; 0.769929; 0.766432; 0.765800; 0.765247; 0.763436; 0.763330
2020_T07,2020,7,20,46,Temperature programmed desorption / reaction temperature,"Tópico representado principalmente por: temperature programmed desorption, reaction temperature, methanol conversion.",media,temperature_programmed_desorption; reaction_temperature; methanol_conversion; zinc_oxide; silicon; ii_vi_semiconductor; silicon_compound; statistical_optimization; boxbehnken_design; oil_and_fat; aromatization; catalyst_selectivity; nanocatalysts; morphological_property; thermogravimetric_analysis,0.927777; 0.905034; 0.884213; 0.844705; 0.834121; 0.825266; 0.818562; 0.815964; 0.797829; 0.797714; 0.797101; 0.795453; 0.780670; 0.770627; 0.769663
2020_T08,2020,8,20,66,Sol gel process / diffuse reflectance spectroscopy,"Tópico representado principalmente por: sol gel process, diffuse reflectance spectroscopy, ultraviolet irradiation.",media,sol_gel_process; diffuse_reflectance_spectroscopy; ultraviolet_irradiation; photodegradation; uv_light_irradiation; photo_catalytic_degradation; sol_gels; zirconia; x_ray_photoelectron; zinc_alloy; crystallite_size; photocatalysis; titanium_dioxide; x_ray_photoelectron_spectroscopy; doping,0.861652; 0.840795; 0.839241; 0.827204; 0.815012; 0.804307; 0.802113; 0.798274; 0.794972; 0.793563; 0.792303; 0.780959; 0.777420; 0.768782; 0.763529
2020_T09,2020,9,20,58,Water purification / bioreactor,"Tópico representado principalmente por: water purification, bioreactor, water management.",media,"water_purification; bioreactor; water_management; biodegradation,_environmental; bioconversion; effluent; waste_water; bioremediation; microalga; wastewater_treatment; pollutant_removal; phenolic_compound; bioreactors; bacteria; microflora",0.866035; 0.852370; 0.818294; 0.792574; 0.778881; 0.772260; 0.767663; 0.764130; 0.755162; 0.753841; 0.733450; 0.732913; 0.732864; 0.728323; 0.725526
2020_T10,2020,10,20,49,Quantum theory / potential energy,"Tópico representado principalmente por: quantum theory, potential energy, non covalent interaction.",media,quantum_theory; potential_energy; non_covalent_interaction; ground_state; atom; hydrogen_atom; van_der_waals_force; organometallics; long_range_correlation; atmospheric_pressure; adsorption_process; binding_energy; chemisorption; velocity; heavy_ion,0.885366; 0.846493; 0.826203; 0.825660; 0.821877; 0.812469; 0.807346; 0.789943; 0.788723; 0.785011; 0.784693; 0.773845; 0.773362; 0.752604; 0.747229
2020_T11,2020,11,20,61,Sexual behavior / pathophysiology,"Tópico representado principalmente por: sexual behavior, pathophysiology, sleep initiation and maintenance disorder.",media,"sexual_behavior; pathophysiology; sleep_initiation_and_maintenance_disorder; stress,_psychological; insomnia; mental_stress; nuclear_magnetic_resonance_imaging; blood_brain_barrier; hippocampus; task_performance; neurosecretory_system; cognitive_defect; neuroendocrine_system; magnetic_resonance_imaging; attention_deficit_disorder",0.912535; 0.875788; 0.866697; 0.858135; 0.846458; 0.827979; 0.812218; 0.806829; 0.804120; 0.794924; 0.794050; 0.791563; 0.778154; 0.770559; 0.766437
2020_T12,2020,12,20,33,Peroxisome proliferator activated receptor alpha / glibenclamide,"Tópico representado principalmente por: peroxisome proliferator activated receptor alpha, glibenclamide, hypoglycemic agent.",media,"peroxisome_proliferator_activated_receptor_alpha; glibenclamide; hypoglycemic_agent; antidiabetic_agent; antidiabetic_activity; drug_mechanism; peroxisome_proliferator_activated_receptor_gamma; single_drug_dose; rats,_sprague_dawley; glucose_blood_level; sprague_dawley_rat; insulin; aspartate_aminotransferase; liver_protection; blood_glucose",0.956494; 0.887806; 0.886683; 0.878453; 0.869815; 0.858548; 0.855310; 0.834067; 0.815090; 0.797259; 0.788547; 0.787678; 0.768354; 0.767088; 0.765825
2020_T13,2020,13,20,28,Modelado matemático y sistemas dinámicos,"Cluster interdisciplinario que reúne ecuaciones, control, óptica, reactores y otros sistemas dinámicos.",baja,trajectory; differential_equation; multi_input_multi_output; motion_tracking; quantum_optic; wave_function; numerical_method; mimo_system; brownian_movement; dinger_equation; neutron_diffusion_equation; nonlinear_equation; antenna_array; microwave_antenna; numerical_result,0.887271; 0.874948; 0.864638; 0.863237; 0.857617; 0.853590; 0.844086; 0.837573; 0.835221; 0.813308; 0.807889; 0.794534; 0.786633; 0.783129; 0.781119
2020_T14,2020,14,20,48,Protein phosphorylation / antiproliferative activity,"Tópico representado principalmente por: protein phosphorylation, antiproliferative activity, gelatinase b.",media,protein_phosphorylation; antiproliferative_activity; gelatinase_b; drug_cytotoxicity; catalase; dna_damage; genotoxicity; curcumin; quercetin; flavonoid; alkaloid; cell_survival; arginine; apoptosis; heart_failure,0.827479; 0.783472; 0.751975; 0.742367; 0.739260; 0.735228; 0.734376; 0.728742; 0.728457; 0.727637; 0.726850; 0.722008; 0.720891; 0.717799; 0.702616
2020_T15,2020,15,20,49,Thiobarbituric acid reactive substance / liver,"Tópico representado principalmente por: thiobarbituric acid reactive substance, liver, aspergillus.",media,thiobarbituric_acid_reactive_substance; liver; aspergillus; reactive_oxygen_specie; lipid_peroxidation; metabolic_syndrome_x; glutathione; enzymology; protein_content; lipid_metabolism; saturated_fatty_acid; oxidative_stress; treatment_duration; reactive_oxygen_metabolite; messenger_rna,0.880494; 0.807256; 0.791741; 0.778737; 0.775524; 0.769023; 0.761355; 0.744262; 0.734938; 0.732708; 0.730326; 0.715501; 0.703032; 0.701537; 0.698809
2020_T16,2020,16,20,53,Damage detection / predictive analytics,"Tópico representado principalmente por: damage detection, predictive analytics, earthquake damage.",media,damage_detection; predictive_analytics; earthquake_damage; seismic_response; structural_system; mexico_earthquake; seismic_design; seismology; structural_damage; building; stiffness; building_code; earthquake; puebla_[mexico]; random_forest,0.953551; 0.947933; 0.942004; 0.941394; 0.934358; 0.930369; 0.919664; 0.916564; 0.912415; 0.902327; 0.893975; 0.891929; 0.878747; 0.873698; 0.866155
2020_T17,2020,17,20,51,Isothermal titration calorimetry / binding site,"Tópico representado principalmente por: isothermal titration calorimetry, binding site, stoichiometry.",media,isothermal_titration_calorimetry; binding_site; stoichiometry; zinc_compound; metal; enthalpy; chemical_interaction; hydrophobicity; ultraviolet_visible_spectroscopy; fluorine_compound; thermodynamics; nonradiative_energy_transfer; infrared_device; aqueous_solution; lithium_ion_battery,0.861219; 0.858159; 0.845666; 0.843167; 0.839633; 0.824595; 0.823093; 0.803063; 0.779675; 0.759590; 0.735664; 0.732716; 0.731365; 0.728753; 0.726454
2020_T18,2020,18,20,41,Organic loading rate / system stability,"Tópico representado principalmente por: organic loading rate, system stability, biogas.",media,organic_loading_rate; system_stability; biogas; anaerobic_digestion; model_predictive_control; operational_condition; controller; biofuel; chemical_oxygen_demand; sequencing_batch_reactor; kinetic_parameter; energy_efficiency; methane; optimization; climate_change,0.918583; 0.892198; 0.890485; 0.887778; 0.873647; 0.842310; 0.842207; 0.796704; 0.793123; 0.785285; 0.779883; 0.771021; 0.747334; 0.736660; 0.734819
2020_T19,2020,19,20,33,Anthozoa / coral reef,"Tópico representado principalmente por: anthozoa, coral reef, specie diversity.",media,anthozoa; coral_reef; specie_diversity; specie_richness; genetic_structure; gulf_of_california; morphometry; atlantic_ocean; conservation_management; ecosystem_service; pacific_ocean; oaxaca; genetic_marker; marine_environment; guerrero,0.941811; 0.938722; 0.931209; 0.925327; 0.907281; 0.891592; 0.881410; 0.877842; 0.863697; 0.863366; 0.858364; 0.848110; 0.847133; 0.843776; 0.832287
2020_T20,2020,20,20,43,Phylogenetic tree / antibiotic resistance,"Tópico representado principalmente por: phylogenetic tree, antibiotic resistance, actinobacteria.",media,phylogenetic_tree; antibiotic_resistance; actinobacteria; proteobacteria; plant_growth; genomic_dna; gene_identification; nucleotide_sequence; bacterium_isolate; colony_forming_unit; microbial_diversity; staphylococcus_epidermidis; microbial_community; bacterial_strain; phylogeny,0.864179; 0.847357; 0.835418; 0.826547; 0.825631; 0.818290; 0.804276; 0.791161; 0.783236; 0.779810; 0.778457; 0.760129; 0.726651; 0.720324; 0.711773
2021_T01,2021,1,19,78,Nitrite / nitrification,"Tópico representado principalmente por: nitrite, nitrification, waste water management.",media,nitrite; nitrification; waste_water_management; hydraulic_retention_time; sewage; sulfur; bioreactor; manganese; inoculation; microbial_activity; chemical_oxygen_demand; ammonium_compound; ammonium_derivative; fertilizer; bioreactors,0.867296; 0.857871; 0.832480; 0.821129; 0.800870; 0.800067; 0.796316; 0.794139; 0.784000; 0.782029; 0.763586; 0.759380; 0.755033; 0.752116; 0.749587
2021_T02,2021,2,19,57,River / flow of gas,"Tópico representado principalmente por: river, flow of gas, porous medium.",media,river; flow_of_gas; porous_medium; pressure_gradient; interpolation; experimental_study; neural_network; porous_material; physic; harmonic_analysis; reynolds_number; flow_pattern; navier_stokes_equation; superficial_liquid_velocity; shear_flow,0.883718; 0.883174; 0.873539; 0.866934; 0.865207; 0.860392; 0.858832; 0.851193; 0.850509; 0.843231; 0.838863; 0.837024; 0.835219; 0.829471; 0.823884
2021_T03,2021,3,19,49,High density lipoprotein / physical conditioning animal,"Tópico representado principalmente por: high density lipoprotein, physical conditioning animal, nutrition.",media,"high_density_lipoprotein; physical_conditioning,_animal; nutrition; body_composition; oxidation_reduction_state; exercise; cholesterol_blood_level; grip_strength; food_intake; aspartate_aminotransferase; triacylglycerol_blood_level; glutathione_disulfide; physical_activity; aging; creatinine_blood_level",0.927104; 0.910153; 0.890662; 0.866103; 0.806445; 0.791869; 0.775963; 0.761187; 0.757885; 0.751153; 0.744410; 0.738347; 0.736484; 0.720658; 0.711395
2021_T04,2021,4,19,54,Lung embolism / ruxolitinib,"Tópico representado principalmente por: lung embolism, ruxolitinib, heparin.",media,lung_embolism; ruxolitinib; heparin; oxygen_saturation; breathing_rate; hypertension; comorbidity; machine_learning; proportional_hazard_model; protein_blood_level; forecasting; prediction; database; electrophysiology; electromyography,0.896784; 0.895679; 0.887555; 0.853664; 0.836969; 0.828128; 0.825393; 0.801858; 0.795657; 0.771923; 0.768599; 0.754114; 0.749953; 0.735454; 0.732954
2021_T05,2021,5,19,44,Indazole derivative / molecular dynamic simulation,"Tópico representado principalmente por: indazole derivative, molecular dynamic simulation, protein binding.",media,"indazole_derivative; molecular_dynamic_simulation; protein_binding; structure_activity_relation; molecular_model; molecular_docking_simulation; proton_nuclear_magnetic_resonance; models,_molecular; testis; binding_affinity; drug_potency; sprague_dawley_rat; rats,_sprague_dawley; mass_spectrometry; structure_activity_relationship",0.806741; 0.787959; 0.777416; 0.776771; 0.771513; 0.770332; 0.768656; 0.766528; 0.758191; 0.746116; 0.744746; 0.734708; 0.732749; 0.729879; 0.729793
2021_T06,2021,6,19,52,Information theory / hartree fock equation,"Tópico representado principalmente por: information theory, hartree fock equation, helium.",media,information_theory; hartree_fock_equation; helium; shannon_entropy; fisher_information_matrix; fisher_information; ground_state; equation_of_motion; many_electron_atom; optical_fiber; nonlinear_optic; nonlinear_fiber_optics; oscillator; wave_function; quantum_system,0.923665; 0.911761; 0.907579; 0.906182; 0.905768; 0.899634; 0.897651; 0.896569; 0.887180; 0.885638; 0.885511; 0.883085; 0.880175; 0.865127; 0.861664
2021_T07,2021,7,19,57,Tpa induced ear edema / edema,"Tópico representado principalmente por: tpa induced ear edema, edema, indometacin.",media,"tpa_induced_ear_edema; edema; indometacin; carrageenan_induced_paw_edema; anti_inflammatory_agent; carrageenan; antiinflammatory_agent; antiinflammatory_activity; plant_stem; mice,_inbred_balb_c; aerial_plant_part; phytochemical; macrophage; salvia; bagg_albino_mouse",0.942574; 0.917316; 0.915728; 0.907424; 0.882347; 0.881367; 0.858681; 0.852134; 0.851110; 0.847244; 0.836584; 0.836291; 0.823259; 0.812938; 0.799467
2021_T08,2021,8,19,52,Polarization curve / electrochemical corrosion,"Tópico representado principalmente por: polarization curve, electrochemical corrosion, steel corrosion.",media,polarization_curve; electrochemical_corrosion; steel_corrosion; corrosion_inhibitor; electrochemical_impedance_spectroscopy; eutectic; thermo_dynamic_analysis; deep_eutectic_solvent; physisorption; dynamic_simulation; thermoanalysis; isotherm; chemical_bond; ethylene; adsorption_isotherm,0.913836; 0.888603; 0.883631; 0.869590; 0.795930; 0.787673; 0.785781; 0.774584; 0.765766; 0.761597; 0.754163; 0.750959; 0.738908; 0.736459; 0.733304
2021_T09,2021,9,19,41,Thulium compound / thermogravimetry,"Tópico representado principalmente por: thulium compound, thermogravimetry, thermogravimetric analysis.",media,thulium_compound; thermogravimetry; thermogravimetric_analysis; nanocrystals; photoluminescence; metal_organic_framework; organometallics; biocompatibility; crystal_atomic_structure; x_ray_powder_diffraction; coordination_compound; light_absorption; single_crystal; light; silicon,0.878866; 0.845901; 0.823667; 0.814911; 0.811056; 0.801389; 0.799876; 0.786255; 0.761714; 0.758800; 0.742014; 0.739340; 0.720591; 0.711866; 0.709432
2021_T10,2021,10,19,73,Photocatalytic hydrogen production / zinc alloy,"Tópico representado principalmente por: photocatalytic hydrogen production, zinc alloy, heterojunctions.",media,photocatalytic_hydrogen_production; zinc_alloy; heterojunctions; oxide_mineral; zinc_oxide; hydrogen_production; titanium_compound; ii_vi_semiconductor; photocatalytic_activity; kinetic_theory; coprecipitation_method; zirconia; europium; high_resolution_transmission_electron_microscopy; catalyst_support,0.837352; 0.833958; 0.822790; 0.811124; 0.805375; 0.801001; 0.781887; 0.778622; 0.777352; 0.774544; 0.772300; 0.770264; 0.767850; 0.766533; 0.761772
2021_T11,2021,11,19,41,Cattle disease / slaughterhouse,"Tópico representado principalmente por: cattle disease, slaughterhouse, animal husbandry.",media,cattle_disease; slaughterhouse; animal_husbandry; cattle; winter; bovine; tumor_necrosis_factor_alpha; animal_welfare; skin; spring; logistic_regression; contusion; injury; season; veterinary_medicine,0.853424; 0.850698; 0.808794; 0.801002; 0.794878; 0.792442; 0.786716; 0.766654; 0.754617; 0.754237; 0.728528; 0.726251; 0.725252; 0.715502; 0.681513
2021_T12,2021,12,19,55,Bacterial virulence / virulence,"Tópico representado principalmente por: bacterial virulence, virulence, bacterial gene.",media,bacterial_virulence; virulence; bacterial_gene; microflora; bacterium_identification; bacterium_isolate; staphylococcus_aureus; antibiotic_resistance; anti_bacterial_agent; antiinfective_agent; epithelial_cell; tetracycline; mouth; bacterium_isolation; ampicillin,0.916527; 0.889628; 0.884426; 0.864865; 0.824025; 0.817789; 0.817167; 0.815053; 0.812984; 0.808209; 0.801636; 0.790295; 0.788592; 0.785280; 0.775879
2021_T13,2021,13,19,53,Watershed / land cover,"Tópico representado principalmente por: watershed, land cover, specie diversity.",media,watershed; land_cover; specie_diversity; vertebrata; anthropogenic_effect; trans_mexican_volcanic_belt; population_distribution; mammalia; endemic_specie; pacific_ocean; livelihood; oaxaca; vegetation; climate_change; atlantic_ocean,0.907449; 0.894754; 0.886908; 0.883291; 0.880290; 0.878629; 0.867615; 0.864937; 0.858227; 0.847886; 0.833189; 0.828928; 0.823168; 0.806449; 0.793964
2021_T14,2021,14,19,46,Memory / latent period,"Tópico representado principalmente por: memory, latent period, glutamic acid.",media,memory; latent_period; glutamic_acid; insula; memory_disorder; superoxide_dismutase; mesencephalon; hippocampus; long_term_memory; morris_water_maze_test; brain_cortex; hypothalamus; corpus_striatum; catalase; novel_object_recognition_test,0.864188; 0.841277; 0.834627; 0.820141; 0.814005; 0.811756; 0.809168; 0.805490; 0.798330; 0.792462; 0.791224; 0.788630; 0.782218; 0.764325; 0.756046
2021_T15,2021,15,19,51,Mestizo / genetic risk,"Tópico representado principalmente por: mestizo, genetic risk, genomic dna.",media,"mestizo; genetic_risk; genomic_dna; single_nucleotide_polymorphism; genetic_susceptibility; genetic_association; polymorphism,_single_nucleotide; haplotype; follow_up_study; gene_frequency; genetic_variation; gene_amplification; clinical_assessment; follow_up; gender",0.921187; 0.886448; 0.880920; 0.861845; 0.860947; 0.850634; 0.845004; 0.827768; 0.786646; 0.783486; 0.773477; 0.748797; 0.735318; 0.731368; 0.727448
2021_T16,2021,16,19,49,Cumulus cell / swine,"Tópico representado principalmente por: cumulus cell, swine, dna damage.",media,cumulus_cell; swine; dna_damage; pig; oocyte; plasma_polymerization; embryo_development; oocyte_maturation; polypyrroles; cell_structure; cell_differentiation; protein_kinase_b; fertilization; in_vitro_fertilization; phosphorylation,0.894664; 0.842604; 0.840006; 0.833529; 0.824364; 0.784031; 0.780568; 0.770312; 0.748119; 0.730319; 0.724691; 0.706637; 0.706506; 0.703178; 0.699604
2021_T17,2021,17,19,55,All cause mortality / mortality rate,"Tópico representado principalmente por: all cause mortality, mortality rate, global health.",media,all_cause_mortality; mortality_rate; global_health; socioeconomic_factor; pandemic; sex_ratio; uncertainty; vaccination; education; sustainable_development; trend_study; mental_health; human_immunodeficiency_virus_infection; dental_caries; educational_status,0.927600; 0.905321; 0.879210; 0.871681; 0.869975; 0.867143; 0.858838; 0.844457; 0.843644; 0.842831; 0.836042; 0.833217; 0.832833; 0.824616; 0.807052
2021_T18,2021,18,19,54,Protein expression level / small interfering rna,"Tópico representado principalmente por: protein expression level, small interfering rna, immunoglobulin g.",media,protein_expression_level; small_interfering_rna; immunoglobulin_g; upregulation; immunoglobulin_blood_level; microarray_analysis; rna_extraction; genetic_transfection; mrna_expression_level; ameloblastoma; gene_overexpression; gelatinase_a; microrna; micrornas; western_blotting,0.871937; 0.836591; 0.829207; 0.828592; 0.825453; 0.771821; 0.771311; 0.770658; 0.766242; 0.759217; 0.754084; 0.746986; 0.746843; 0.742574; 0.727275
2021_T19,2021,19,19,58,Starch / spectroscopy fourier transform infrared,"Tópico representado principalmente por: starch, spectroscopy fourier transform infrared, in vitro.",media,"starch; spectroscopy,_fourier_transform_infrared; in_vitro; moisture; hysteresis; solubility; enzymatic_hydrolysis; differential_scanning_calorimetry; gelation; oil_and_fat; digestion; emulsification; texture; hydrophobicity; protein_structure",0.789663; 0.783611; 0.780569; 0.778667; 0.777818; 0.775883; 0.763791; 0.760144; 0.759309; 0.744218; 0.732459; 0.729198; 0.727189; 0.721439; 0.711858
2022_T01,2022,1,20,39,Global burden of disease / global disease burden,"Tópico representado principalmente por: global burden of disease, global disease burden, global health.",media,"global_burden_of_disease; global_disease_burden; global_health; infant,_newborn; bacterium; preschool_child; child,_preschool; pregnant_woman; pseudomonas_aeruginosa; mortality_rate; high_throughput_sequencing; lower_respiratory_tract_infection; microflora; microbiota; bacterium_isolate",0.874515; 0.866713; 0.863097; 0.838994; 0.827901; 0.814444; 0.814249; 0.793605; 0.792969; 0.790387; 0.789425; 0.783756; 0.783229; 0.779789; 0.776908
2022_T02,2022,2,20,56,Drug excretion / peroxisome proliferator activated receptor gamma,"Tópico representado principalmente por: drug excretion, peroxisome proliferator activated receptor gamma, pioglitazone.",media,drug_excretion; peroxisome_proliferator_activated_receptor_gamma; pioglitazone; drug_distribution; glibenclamide; drug_mechanism; angiogenesis; binding_site; hypoglycemic_agent; drug_protein_binding; pharmacophore; protein_kinase_b; antihypertensive_activity; drug_metabolism; hydrophilicity,0.854861; 0.853276; 0.846412; 0.842905; 0.823096; 0.798161; 0.790639; 0.785501; 0.776487; 0.763430; 0.748250; 0.744860; 0.744734; 0.740489; 0.737764
2022_T03,2022,3,20,84,Wistar rat / spermatozoon motility,"Tópico representado principalmente por: wistar rat, spermatozoon motility, rats wistar.",media,"wistar_rat; spermatozoon_motility; rats,_wistar; testis; disorder_of_mitochondrial_function; skeletal_muscle; homeostasis; kinematics; mitochondrion; cell_damage; pathophysiology; sperm_viability; functional_magnetic_resonance_imaging; estradiol; brain_mapping",0.794074; 0.783376; 0.783129; 0.764973; 0.758582; 0.752379; 0.751856; 0.743199; 0.741011; 0.730027; 0.729927; 0.728227; 0.723433; 0.721563; 0.720872
2022_T04,2022,4,20,34,Gelatinisation / emulsion,"Tópico representado principalmente por: gelatinisation, emulsion, ftir analysis.",media,gelatinisation; emulsion; ftir_analysis; gelation; canola_oil; texture; food_product; sensory_analysis; emulsification; viscoelasticity; gel; oil_and_fat; phase_separation; crystallinity; biopolymers,0.928479; 0.906845; 0.900580; 0.892136; 0.884540; 0.856050; 0.837539; 0.833930; 0.827914; 0.798623; 0.778765; 0.770697; 0.767657; 0.765360; 0.754509
2022_T05,2022,5,20,40,Tunables / zinc oxide,"Tópico representado principalmente por: tunables, zinc oxide, white light emission.",media,tunables; zinc_oxide; white_light_emission; zinc_phosphate_glass; emission_spectroscopy; ii_vi_semiconductor; photoluminescence; zno_nanoparticles; infrared_device; bandwidth; glass; rare_earth; transesterification; glass_transition; charge_transfer,0.907317; 0.896459; 0.891951; 0.889630; 0.859592; 0.822883; 0.804686; 0.797535; 0.792345; 0.791591; 0.791066; 0.775631; 0.775063; 0.767671; 0.743085
2022_T06,2022,6,20,36,Procesos fisicoquímicos y modelado,"Cluster heterogéneo que combina electrolitos, materiales y modelado de procesos.",baja,chloride; nitrate; anisotropy; electrolyte; epoxy_resin; limit_of_detection; computational_fluid_dynamic; hydroxyl_group; colorimetry; simple++; chlorine; silver_nanoparticles; aqueous_solution; fluoride; bifurcation,0.866229; 0.792695; 0.784255; 0.778053; 0.771661; 0.770584; 0.768393; 0.755638; 0.707603; 0.694977; 0.694669; 0.693848; 0.688114; 0.664651; 0.663092
2022_T07,2022,7,20,46,Nanomateriales y sistemas biológicos,Cluster heterogéneo que relaciona nanomateriales y nanocatálisis con distintos sistemas biológicos.,baja,bionanocatalyst; cytology; silicon; titanium_dioxide_nanoparticle; cell; disease; sol_gel_process; nanoparticle; high_resolution_transmission_electron_microscopy; swine; pig; sars; virus; cell_culture; sol_gels,0.789068; 0.788189; 0.765327; 0.725750; 0.692907; 0.687803; 0.686916; 0.685414; 0.683517; 0.681153; 0.680157; 0.676634; 0.672324; 0.668786; 0.649430
2022_T08,2022,8,20,33,One dimensional / differential equation,"Tópico representado principalmente por: one dimensional, differential equation, porous medium.",media,one_dimensional; differential_equation; porous_medium; stochastic_model; potential_energy; time_domain_analysis; porous_material; energy; electron_transition; chemical_bond; stochastic_system; state_estimation; dynamic; electrochemical_impedance_spectroscopy; dft,0.857019; 0.813171; 0.813137; 0.806520; 0.784309; 0.773082; 0.770828; 0.753307; 0.750336; 0.744208; 0.733293; 0.730593; 0.730075; 0.725378; 0.717094
2022_T09,2022,9,20,52,Household / poverty,"Tópico representado principalmente por: household, poverty, population growth.",media,household; poverty; population_growth; public_health; child_health; hiv_infection; human_immunodeficiency_virus_infection; developing_world; perception; spatial_analysis; drinking_water; interview; survey_and_questionnaire; socioeconomics; gender,0.857711; 0.847215; 0.844798; 0.836422; 0.824500; 0.823676; 0.821048; 0.811152; 0.796526; 0.794508; 0.787562; 0.783080; 0.781055; 0.775575; 0.774124
2022_T10,2022,10,20,51,Oxygen saturation / pneumonia,"Tópico representado principalmente por: oxygen saturation, pneumonia, artificial ventilation.",media,oxygen_saturation; pneumonia; artificial_ventilation; hospitalization; area_under_the_curve; fever; thrombosis; chronic_kidney_failure; receiver_operating_characteristic; heart_rate; dyspnea; ferritin; diagnostic_test_accuracy_study; nutritional_status; clinical_outcome,0.913240; 0.910676; 0.891468; 0.889165; 0.880655; 0.864156; 0.862374; 0.851490; 0.832313; 0.825359; 0.822637; 0.822148; 0.804575; 0.787798; 0.781776
2022_T11,2022,11,20,66,Protected area / decision making,"Tópico representado principalmente por: protected area, decision making, oaxaca.",media,protected_area; decision_making; oaxaca; geographical_distribution; conservation_management; fitness; sustainability; spatiotemporal_analysis; land_use; conservation; brazil; specie_richness; structural_analysis; mexico_[mexico_]; arsenic,0.892945; 0.867138; 0.862595; 0.860320; 0.840772; 0.839549; 0.830973; 0.824908; 0.822305; 0.819197; 0.797405; 0.796865; 0.795763; 0.793398; 0.789530
2022_T12,2022,12,20,45,Genetic transcription / protein purification,"Tópico representado principalmente por: genetic transcription, protein purification, fermentation.",media,genetic_transcription; protein_purification; fermentation; proteinase; gene_expression_profiling; correlation_analysis; tandem_mass_spectrometry; biomass_production; antimicrobial_activity; protein_function; solid_state_fermentation; microbiology; protein_analysis; bacterial_growth; tomato,0.862361; 0.820623; 0.809746; 0.806216; 0.781732; 0.779875; 0.778255; 0.769159; 0.769056; 0.763077; 0.758488; 0.752758; 0.750577; 0.742181; 0.742079
2022_T13,2022,13,20,34,Optical soliton / soliton,"Tópico representado principalmente por: optical soliton, soliton, iterative method.",media,optical_soliton; soliton; iterative_method; refractive_index; decomposition_scheme; adomian_decomposition_method; nonlinear_schrödinge_equation; bright_soliton; adomian_decomposition; laplace_transforms; nonlinear_optic; polynomial; numerical_method; optimal_system; volume_averaging_method,0.927951; 0.926399; 0.925570; 0.923915; 0.903900; 0.901403; 0.900368; 0.898110; 0.897241; 0.892308; 0.874461; 0.860657; 0.844656; 0.807091; 0.782333
2022_T14,2022,14,20,37,Food intake / diet supplementation,"Tópico representado principalmente por: food intake, diet supplementation, feed conversion ratio.",media,food_intake; diet_supplementation; feed_conversion_ratio; cardiovascular_disease; memory_disorder; learning; degenerative_disease; body_weight_change; body_weight; caloric_intake; icosapentaenoic_acid; docosahexaenoic_acid; metabolite; chicken; sex_hormone,0.873601; 0.844948; 0.811174; 0.790814; 0.784147; 0.782646; 0.772312; 0.771186; 0.746949; 0.741950; 0.739474; 0.738606; 0.735937; 0.732505; 0.722465
2022_T15,2022,15,20,48,Ultraviolet irradiation / photocatalysis,"Tópico representado principalmente por: ultraviolet irradiation, photocatalysis, desorption.",media,ultraviolet_irradiation; photocatalysis; desorption; photo_degradation; photodegradation; physisorption; isotherm; rhodamine_b; crystallite_size; photo_catalytic; photocatalytic_activity; irradiation; ultraviolet_radiation; composite_material; catalyst_activity,0.916509; 0.886367; 0.858202; 0.848245; 0.838615; 0.834365; 0.810623; 0.807475; 0.798684; 0.793196; 0.785683; 0.783169; 0.767228; 0.766955; 0.755482
2022_T16,2022,16,20,51,Bioreactor / sewage,"Tópico representado principalmente por: bioreactor, sewage, pollutant removal.",media,bioreactor; sewage; pollutant_removal; kinetics_parameter; wastewater_treatment; bioreactors; sludge; waste_water_management; chemical_oxygen_demand; kinetic_parameter; performance_assessment; ammonium; anaerobic_growth; heating; zeolite,0.897826; 0.886971; 0.878119; 0.867292; 0.843548; 0.839603; 0.817775; 0.792487; 0.779608; 0.758166; 0.742405; 0.740270; 0.732691; 0.732136; 0.718805
2022_T17,2022,17,20,49,Glass membrane electrode / nucleation,"Tópico representado principalmente por: glass membrane electrode, nucleation, glassy carbon electrode.",media,glass_membrane_electrode; nucleation; glassy_carbon_electrode; electrodeposition; electrochemical_growth; polyols; electrochemical_nucleation; nucleation_and_growth; eutectic; leaching; ethylene_glycol; deep_eutectic_solvent; ethylene; hydrogenation; nickel_oxide,0.902414; 0.897479; 0.889147; 0.866289; 0.859990; 0.855005; 0.853405; 0.852999; 0.845825; 0.838250; 0.837185; 0.835190; 0.815358; 0.766086; 0.765133
2022_T18,2022,18,20,37,Estructura molecular y caracterización de materiales,"Cluster heterogéneo de estructura molecular, difracción, orbitales y caracterización de materiales.",baja,polymorphism; x_ray_powder_diffraction; poly; zinc_compound; geometry; positive_ion; molecular_orbitals; thin_film; thin_films; molecular_model; perturbation_theory; van_der_waals_force; single_crystal; chitosan; binding_energy,0.874183; 0.868113; 0.810474; 0.765064; 0.739149; 0.737752; 0.736756; 0.736551; 0.736059; 0.735623; 0.714397; 0.707042; 0.704502; 0.700192; 0.700026
2022_T19,2022,19,20,32,Polymorphism single nucleotide / genetic predisposition,"Tópico representado principalmente por: polymorphism single nucleotide, genetic predisposition, genetic predisposition to disease.",media,"polymorphism,_single_nucleotide; genetic_predisposition; genetic_predisposition_to_disease; genetic_association; gene_frequency; genetic_polymorphism; single_nucleotide_polymorphism; allele; major_depression; south_and_central_america; catechol_o_methyltransferase; genotype; genomic_dna; attention_deficit_hyperactivity_disorder; catechol_methyltransferase",0.940196; 0.923348; 0.922848; 0.916310; 0.915827; 0.905469; 0.878388; 0.855351; 0.800547; 0.777649; 0.768154; 0.767067; 0.766611; 0.761237; 0.757962
2022_T20,2022,20,20,40,Anti inflammatory agent / drug isolation,"Tópico representado principalmente por: anti inflammatory agent, drug isolation, dichloromethane.",media,anti_inflammatory_agent; drug_isolation; dichloromethane; membrane_stabilization; analgesic; analgesic_agent; antiinflammatory_agent; edema; macrophage; drug_efficacy; immunoglobulin_enhancer_binding_protein; mass_fragmentography; sitosterol; toxicity_testing; tumor_necrosis_factor,0.890272; 0.852714; 0.840431; 0.818334; 0.809768; 0.808635; 0.788098; 0.778770; 0.766699; 0.750671; 0.746077; 0.745610; 0.745000; 0.741995; 0.728570
2023_T01,2023,1,19,43,Sol  gel method / sol gel process,"Tópico representado principalmente por: sol  gel method, sol gel process, titanium.",media,sol__gel_method; sol_gel_process; titanium; photodegradation; light; cross_coupling_reaction; x__ray_diffraction; x_ray_photoelectron_spectroscopy; titanium_dioxide; heterojunctions; oxygen_vacancy; nanocomposites; pore_size; photoluminescence; electrochemical_impedance_spectroscopy,0.931624; 0.927766; 0.919031; 0.899017; 0.893860; 0.884675; 0.872294; 0.842046; 0.841023; 0.840622; 0.838430; 0.826010; 0.819683; 0.803389; 0.798444
2023_T02,2023,2,19,42,Thermography / birth weight,"Tópico representado principalmente por: thermography, birth weight, animal welfare.",media,thermography; birth_weight; animal_welfare; water_buffalo; thermoregulation; body_temperature; hypothalamus; ketamine; buffalo; autonomic_nervous_system; gestational_age; breathing_rate; xylazine; preeclampsia; pre_eclampsia,0.862702; 0.850407; 0.844536; 0.829805; 0.812235; 0.810212; 0.802861; 0.798399; 0.793693; 0.780090; 0.768796; 0.763883; 0.754701; 0.749917; 0.746251
2023_T03,2023,3,19,36,Spermatozoon motility / epididymis,"Tópico representado principalmente por: spermatozoon motility, epididymis, semen.",media,spermatozoon_motility; epididymis; semen; spermatozoon; sperm; embryo; fertility; oocyte; reproduction; estrus_cycle; testosterone; protein_carbonylation; mtt_assay; chiroptera; progesterone,0.905886; 0.870302; 0.868584; 0.868245; 0.867283; 0.866813; 0.832431; 0.829290; 0.826603; 0.825153; 0.818802; 0.809972; 0.791105; 0.781740; 0.757063
2023_T04,2023,4,19,29,Nitrite / nitrate,"Tópico representado principalmente por: nitrite, nitrate, diet.",media,nitrite; nitrate; diet; fern; bioremediation; stearic_acid; sodium_chloride; nitrification; palmitic_acid; microalgae; micro_algae; seasonal_variation; microorganism; steady_state; ammonia,0.886451; 0.843199; 0.808774; 0.805741; 0.776549; 0.755309; 0.751600; 0.743394; 0.741150; 0.728552; 0.727795; 0.723437; 0.712561; 0.706320; 0.706250
2023_T05,2023,5,19,49,Smoothed particle hydrodynamics / nonlinear equation,"Tópico representado principalmente por: smoothed particle hydrodynamics, nonlinear equation, porous material.",media,smoothed_particle_hydrodynamics; nonlinear_equation; porous_material; porous_medium; tensor; flow_in_porous_medium; homogeneous_porous_medium; impeller; real_world; packed_bed; stochastic_system; drop; computational_fluid_dynamic; stochastics; mass_transfer,0.914241; 0.910813; 0.893720; 0.891313; 0.879096; 0.834654; 0.833383; 0.818213; 0.817307; 0.798431; 0.795056; 0.789959; 0.787896; 0.787266; 0.785572
2023_T06,2023,6,19,53,Chemical structure / structure activity relation,"Tópico representado principalmente por: chemical structure, structure activity relation, mass spectrometry.",media,chemical_structure; structure_activity_relation; mass_spectrometry; proton_nuclear_magnetic_resonance; hydrogen_bond; molecular_dynamic_simulation; thin_layer_chromatography; column_chromatography; drug_structure; heteronuclear_multiple_bond_correlation; molecular_structure; carbon_nuclear_magnetic_resonance; binding_site; spectroscopy; lipid_composition,0.920043; 0.859751; 0.847576; 0.846689; 0.843419; 0.841437; 0.837539; 0.837238; 0.815330; 0.806836; 0.798028; 0.790408; 0.783916; 0.781706; 0.777195
2023_T07,2023,7,19,33,Organometallics / metal organic framework,"Tópico representado principalmente por: organometallics, metal organic framework, metalorganic framework.",media,organometallics; metal_organic_framework; metalorganic_framework; ]+_catalyst; chemical_interaction; metal_site; greenhouse_gas; phase_interface; crystalline_structure; heterogeneous_catalyst; chemical_stability; bismuth_compound; quantum_theory; oxidative_dehydrogenation_of_ethane; dehydrogenation,0.951009; 0.941772; 0.933256; 0.908536; 0.894603; 0.889185; 0.882745; 0.830870; 0.829521; 0.805720; 0.799969; 0.781232; 0.769903; 0.765238; 0.759099
2023_T08,2023,8,19,41,Antimicrobial activity / microbial sensitivity test,"Tópico representado principalmente por: antimicrobial activity, microbial sensitivity test, antibiotic sensitivity.",media,antimicrobial_activity; microbial_sensitivity_test; antibiotic_sensitivity; minimum_inhibitory_concentration; area_under_the_curve; metronidazole; maximum_concentration; staphylococcus_aureus; anti_bacterial_agent; bacterial_virulence; bacterial_strain; bacterium_identification; virulence_factor; drug_solubility; bacterial_growth,0.872195; 0.857852; 0.851247; 0.850683; 0.842759; 0.831854; 0.826673; 0.825034; 0.800247; 0.799515; 0.796903; 0.795199; 0.793920; 0.789922; 0.783598
2023_T09,2023,9,19,18,Seismology / seismic design,"Tópico representado principalmente por: seismology, seismic design, reinforced concrete.",media,seismology; seismic_design; reinforced_concrete; stiffness; seismic_response; structural_analysis; exposed_to; hysteresis; optical_tweezer; dye; perovskite; clay_mineral; bentonite; monte_carlo_method; irradiation,0.925839; 0.919096; 0.916413; 0.914978; 0.892762; 0.887898; 0.842676; 0.812721; 0.738358; 0.706139; 0.697433; 0.693569; 0.691726; 0.674479; 0.597988
2023_T10,2023,10,19,51,Tumor suppressor gene / tumor cell line,"Tópico representado principalmente por: tumor suppressor gene, tumor cell line, transcriptome.",media,"tumor_suppressor_gene; tumor_cell_line; transcriptome; cancer_prognosis; micrornas; microrna; gene_ontology; cell_line,_tumor; cell_cycle; differential_gene_expression; overall_survival; cell_migration; protein_protein_interaction; vasculotropin; microarray_analysis",0.938566; 0.883896; 0.874961; 0.871895; 0.858148; 0.855582; 0.851483; 0.843019; 0.841315; 0.829117; 0.820132; 0.817174; 0.810338; 0.807165; 0.804615
2023_T11,2023,11,19,39,Anxiety disorder / student,"Tópico representado principalmente por: anxiety disorder, student, university student.",media,anxiety_disorder; student; university_student; internet; anxiety; educational_status; demographic; prospective_study; randomized_controlled_trial; psychology; cognitive_behavioral_therapy; education; colombia; questionnaire; rural_population,0.940682; 0.931147; 0.927932; 0.922509; 0.916835; 0.912947; 0.851900; 0.848886; 0.845304; 0.839540; 0.826088; 0.824747; 0.815009; 0.800632; 0.796960
2023_T12,2023,12,19,28,Genetic polymorphism / genotyping,"Tópico representado principalmente por: genetic polymorphism, genotyping, allele.",media,genetic_polymorphism; genotyping; allele; genetic_susceptibility; single_nucleotide_polymorphism; gene_linkage_disequilibrium; gene_frequency; gene_interaction; genome_wide_association_study; mental_disease; haplotype; genetic_analysis; genotype; genetic_variation; genetic_association,0.946561; 0.930805; 0.925216; 0.924937; 0.922157; 0.916060; 0.910144; 0.898732; 0.898441; 0.896312; 0.891264; 0.878766; 0.862592; 0.847746; 0.842797
2023_T13,2023,13,19,37,Bagg albino mouse / gamma interferon,"Tópico representado principalmente por: bagg albino mouse, gamma interferon, rna messenger.",media,"bagg_albino_mouse; gamma_interferon; rna,_messenger; transforming_growth_factor_beta; tumor_necrosis_factor; real_time_reverse_transcription_polymerase_chain_reaction; nervous_system_inflammation; reverse_transcription_polymerase_chain_reaction; gelatinase_b; mrna_expression_level; peripheral_blood_mononuclear_cell; cytokine; protein_blood_level; messenger_rna; spectrophotometry",0.864910; 0.822133; 0.793630; 0.767413; 0.764787; 0.757027; 0.752663; 0.749954; 0.744054; 0.736820; 0.733193; 0.725399; 0.717176; 0.687290; 0.687278
2023_T14,2023,14,19,33,Superoxide dismutase / secondary metabolite,"Tópico representado principalmente por: superoxide dismutase, secondary metabolite, solid state fermentation.",media,superoxide_dismutase; secondary_metabolite; solid_state_fermentation; lipid_peroxidation; liquid_chromatography_mass_spectrometry; leaching; bradford_assay; oxidative_stress; zinc; bacterial_spore; cell_death; toxicity; fasting_blood_glucose_level; biosynthesis; antioxidant,0.751630; 0.750296; 0.737100; 0.730073; 0.708577; 0.673118; 0.671550; 0.671148; 0.658729; 0.652633; 0.650577; 0.648945; 0.641592; 0.636452; 0.625495
2023_T15,2023,15,19,40,Hemoglobin / hypertension,"Tópico representado principalmente por: hemoglobin, hypertension, hydroxymethylglutaryl coenzyme a reductase inhibitor.",media,hemoglobin; hypertension; hydroxymethylglutaryl_coenzyme_a_reductase_inhibitor; triacylglycerol; triacylglycerol_blood_level; low_density_lipoprotein_cholesterol; t_lymphocyte; high_density_lipoprotein_cholesterol; diastolic_blood_pressure; systolic_blood_pressure; blood_pressure; creatinine; obesity; diabetes_mellitus; insulin,0.840113; 0.822499; 0.820820; 0.809100; 0.805249; 0.801004; 0.782616; 0.777093; 0.775561; 0.770906; 0.769665; 0.761544; 0.744709; 0.732914; 0.728905
2023_T16,2023,16,19,38,Anaerobic growth / anaerobiosis,"Tópico representado principalmente por: anaerobic growth, anaerobiosis, waste disposal fluid.",media,"anaerobic_growth; anaerobiosis; waste_disposal,_fluid; anaerobic_digestion; waste_water_treatment_plant; wetland; waste_water_management; sewage; relative_abundance; bioreactors; water_management; bacteria; high_throughput_sequencing; microbiology; wastewater_treatment",0.929651; 0.928995; 0.927565; 0.832728; 0.832209; 0.824486; 0.821322; 0.816895; 0.809922; 0.806679; 0.802743; 0.796243; 0.788115; 0.770923; 0.763332
2023_T17,2023,17,19,36,Protected area / conservation,"Tópico representado principalmente por: protected area, conservation, sustainability.",media,protected_area; conservation; sustainability; spatiotemporal_analysis; environmental_management; pacific_coast_[mexico]; spatial_analysis; coral; numerical_model; pacific_coast_[north_america]; theoretical_framework; water_quality; decision_making; pacific_ocean; conservation_status,0.936045; 0.905028; 0.884412; 0.868509; 0.856200; 0.842918; 0.842236; 0.841797; 0.841045; 0.835739; 0.829764; 0.825774; 0.824634; 0.824541; 0.821950
2023_T18,2023,18,19,43,Infrared device / tellurium compound,"Tópico representado principalmente por: infrared device, tellurium compound, co doping.",media,infrared_device; tellurium_compound; co_doping; glass; citrus_fruit; sodium_compound; poly; lithium_ion_battery; zinc_oxide; energy_transfer; ii_vi_semiconductor; iron_compound; lithium_compound; bandwidth; zinc_compound,0.905490; 0.898740; 0.883954; 0.868048; 0.850862; 0.841373; 0.832021; 0.829276; 0.827587; 0.823249; 0.822649; 0.816990; 0.814387; 0.797338; 0.784719
2023_T19,2023,19,19,37,Eigenvalue and eigenfunctions / lagrange multiplier,"Tópico representado principalmente por: eigenvalue and eigenfunctions, lagrange multiplier, hydrogen atom.",media,eigenvalue_and_eigenfunctions; lagrange_multiplier; hydrogen_atom; hydrogen; ground_state; organic_solvent; electronic_structure; symmetrics; forecasting; ecology; energy; neural_network; chemical_reactor; chlorine_compound; biodegradation,0.888414; 0.887435; 0.861419; 0.836848; 0.826315; 0.795347; 0.786206; 0.784742; 0.778272; 0.770880; 0.766640; 0.758695; 0.753040; 0.737829; 0.734008
2024_T01,2024,1,19,44,Pacific ocean / forest,"Tópico representado principalmente por: pacific ocean, forest, vegetation type.",media,pacific_ocean; forest; vegetation_type; specie_richness; vegetation; sexual_reproduction; community_structure; disease_vector; conservation_status; environmental_impact; gulf_of_mexico; human_activity; atlantic_ocean; deforestation; environmental_factor,0.900026; 0.893276; 0.876414; 0.857823; 0.854197; 0.844090; 0.842530; 0.836645; 0.826248; 0.825650; 0.820472; 0.819383; 0.818463; 0.817021; 0.816648
2024_T02,2024,2,19,61,Promoter regions genetic / transcription regulation,"Tópico representado principalmente por: promoter regions genetic, transcription regulation, timing circuit.",media,"promoter_regions,_genetic; transcription_regulation; timing_circuit; gene_regulatory_network; triple_negative_breast_cancer; gene_expression_level; senescence; genomic_dna; cellular_senescence; gene_expression_regulation; genetic_transfection; cell_aging; transcriptome; polyacrylamide_gel_electrophoresis; cycline",0.831788; 0.802131; 0.792480; 0.781730; 0.778563; 0.777123; 0.765953; 0.754166; 0.751606; 0.748148; 0.738422; 0.733660; 0.724299; 0.721679; 0.718320
2024_T03,2024,3,19,50,Micro algae / biodegradation environmental,"Tópico representado principalmente por: micro algae, biodegradation environmental, pre treatments.",media,"micro_algae; biodegradation,_environmental; pre_treatments; rhizosphere; microalgae; biodegradation; solid_state_fermentation; microbial_degradation; sustainable_development; microorganism; cost_benefit_analysis; microalga; greenhouse_gas; carbon_sequestration; bioreactor",0.811815; 0.771354; 0.744590; 0.739589; 0.727475; 0.725941; 0.723141; 0.710523; 0.705458; 0.700992; 0.692828; 0.690802; 0.680775; 0.672817; 0.668177
2024_T04,2024,4,19,65,Dipole / graphene,"Tópico representado principalmente por: dipole, graphene, transition element.",media,dipole; graphene; transition_element; liquid; adsorption_performance; electron; pressure; current; water_molecule; molecule; crystalline_material; kinetic_model; adsorbent; reynolds_number; graphene_oxide,0.845968; 0.812139; 0.794147; 0.778076; 0.774975; 0.771869; 0.770167; 0.769894; 0.760011; 0.733007; 0.729909; 0.729516; 0.729142; 0.718062; 0.716546
2024_T05,2024,5,19,51,Electrodeposition / glass membrane electrode,"Tópico representado principalmente por: electrodeposition, glass membrane electrode, ethylene glycol.",media,electrodeposition; glass_membrane_electrode; ethylene_glycol; nucleation; chronoamperometry; ethylene; cyclic_voltammetry; energy_dispersive_spectroscopy; glass; urea; lithium_ion_battery; chlorine_compound; cobalt; ionic_liquid; reduction,0.896610; 0.875310; 0.844579; 0.844011; 0.838553; 0.832705; 0.830610; 0.826351; 0.813677; 0.813613; 0.806306; 0.799395; 0.788591; 0.786951; 0.784195
2024_T06,2024,6,19,47,Cerebrovascular accident / forecasting,"Tópico representado principalmente por: cerebrovascular accident, forecasting, global disease burden.",media,cerebrovascular_accident; forecasting; global_disease_burden; quality_adjusted_life_year; global_burden_of_disease; global_health; disability_adjusted_life_year; age_distribution; health_education; socioeconomic_factor; population; life_expectancy; health_care_policy; very_elderly; health_care,0.910988; 0.886205; 0.883102; 0.881019; 0.874332; 0.872553; 0.870521; 0.826689; 0.815370; 0.807706; 0.801388; 0.794806; 0.794018; 0.781192; 0.778496
2024_T07,2024,7,19,30,Drug delivery system / drug release,"Tópico representado principalmente por: drug delivery system, drug release, tablet friability.",media,drug_delivery_system; drug_release; tablet_friability; tablet_hardness; drug_formulation; polymer; polymerization; differential_scanning_calorimetry; swelling; photon_correlation_spectroscopy; structure_analysis; zeta_potential; static_electricity; metastasis; pharmacokinetics,0.893498; 0.867175; 0.853281; 0.845165; 0.828489; 0.766119; 0.760936; 0.750294; 0.743317; 0.731425; 0.719133; 0.713890; 0.708193; 0.697134; 0.694020
2024_T08,2024,8,19,56,Waist circumference / physical activity,"Tópico representado principalmente por: waist circumference, physical activity, low density lipoprotein cholesterol.",media,waist_circumference; physical_activity; low_density_lipoprotein_cholesterol; high_density_lipoprotein_cholesterol; heart_rate; sensitivity_and_specificity; sociodemographics; c_reactive_protein; logistic_regression_analysis; systolic_blood_pressure; surgical_technique; electrocardiogram; diastolic_blood_pressure; cholesterol_blood_level; anthropometry,0.920108; 0.877045; 0.865539; 0.858073; 0.856114; 0.849139; 0.848229; 0.840965; 0.834468; 0.825549; 0.824099; 0.802361; 0.787060; 0.785934; 0.770647
2024_T09,2024,9,19,46,Neutron / point kinetics,"Tópico representado principalmente por: neutron, point kinetics, neutron point kinetic.",media,neutron; point_kinetics; neutron_point_kinetic; diffusion; fractional_derivative; matlab; boiling_water_reactor; fractional_neutron_point_kinetic; fractional_order; point_kinetics_equation; analytical_solution; degree_of_freedom; stability; kinetic_theory; adomian_decomposition,0.929006; 0.910700; 0.908731; 0.906042; 0.901802; 0.896408; 0.895939; 0.894234; 0.892845; 0.891074; 0.886729; 0.884605; 0.876254; 0.872985; 0.860908
2024_T10,2024,10,19,53,T lymphocyte / virus load,"Tópico representado principalmente por: t lymphocyte, virus load, cells cultured.",media,"t_lymphocyte; virus_load; cells,_cultured; human_immunodeficiency_virus_infected_patient; human_immunodeficiency_virus_infection; human_immunodeficiency_virus; granulosa_cell; hiv_infection; swine; immunoglobulin_m; mitochondrion; immunoglobulin_g; reactive_oxygen_specie; follicle_stimulating_hormone; pathogenesis",0.816816; 0.811138; 0.809053; 0.802907; 0.782722; 0.779279; 0.773716; 0.770919; 0.757567; 0.734848; 0.707546; 0.700679; 0.700147; 0.687264; 0.683083
2024_T11,2024,11,19,41,Digestión anaerobia y gestión de residuos,"Cluster dominado por digestión anaerobia y residuos, con términos secundarios de percepción y encuestas.",baja,survey_and_questionnaire; effluent; anaerobic_growth; anaerobiosis; perception; north_american_people; sewage; north_american; mexican_people; aquatic_environment; ammonia; methanogenesis; anaerobic_digestion; biogas; municipal_solid_waste,0.929757; 0.893355; 0.880504; 0.877379; 0.864034; 0.846951; 0.838454; 0.838091; 0.833675; 0.829516; 0.828286; 0.812143; 0.805072; 0.800103; 0.795776
2024_T12,2024,12,19,47,Microbiome / firmicutes,"Tópico representado principalmente por: microbiome, firmicutes, proteobacteria.",media,microbiome; firmicutes; proteobacteria; prevotella; intestine_flora; bacteroides; lamb; actinobacteria; ruminant; microflora; rumen; phylogeny; microbial_diversity; bacillus; taxonomy,0.911412; 0.908769; 0.887737; 0.866281; 0.864348; 0.851148; 0.842488; 0.840979; 0.831403; 0.825950; 0.816785; 0.792701; 0.776069; 0.771419; 0.761203
2024_T13,2024,13,19,44,Quantum optic / schrodinger equation,"Tópico representado principalmente por: quantum optic, schrodinger equation, perturbation technique.",media,quantum_optic; schrodinger_equation; perturbation_technique; oscillator; shannon_entropy; eigenvalue_and_eigenfunctions; perturbation_theory; fisher_information_matrix; polynomial; hamiltonians; wave_function; lyapunov_method; thermodynamics_property; two_dimensional; hexatic_phase,0.894536; 0.887653; 0.881156; 0.874606; 0.874473; 0.873628; 0.870768; 0.867275; 0.832674; 0.828816; 0.804848; 0.797353; 0.794991; 0.791976; 0.791690
2024_T14,2024,14,19,40,Earthquake event / ground motion,"Tópico representado principalmente por: earthquake event, ground motion, seismic response.",media,earthquake_event; ground_motion; seismic_response; mexico_[mexico_]; federal_district_[mexico]; vibration; structural_frame; steel_structure; steel_construction; metropolitan_area; risk_perception; architectural_design; ecosystem_service; health_risk; particulate_matter,0.905280; 0.882452; 0.870517; 0.861953; 0.853236; 0.852774; 0.849898; 0.841503; 0.838393; 0.837748; 0.832956; 0.823487; 0.800011; 0.794879; 0.732118
2024_T15,2024,15,19,51,Brain / mental performance,"Tópico representado principalmente por: brain, mental performance, anxiety.",media,"brain; mental_performance; anxiety; memory; depression; behavior,_animal; animal_behavior; brain_function; antidepressant_agent; hippocampus; magnetic_resonance_imaging; nuclear_magnetic_resonance_imaging; emotion; pilot_study; locomotion",0.825249; 0.821429; 0.820859; 0.812963; 0.782417; 0.775114; 0.772547; 0.764086; 0.755604; 0.750761; 0.733252; 0.727741; 0.722748; 0.718249; 0.714401
2024_T16,2024,16,19,50,Drug screening / dose response relationship drug,"Tópico representado principalmente por: drug screening, dose response relationship drug, structure activity relation.",media,"drug_screening; dose_response_relationship,_drug; structure_activity_relation; dose_response; structure_activity_relationship; molecular_structure; hypoglycemic_agent; spermatozoon_motility; molecular_docking_simulation; molecular_interaction; lipid_peroxidation; antineoplastic_agent; drug_bioavailability; nickel; coordination_compound",0.842763; 0.823560; 0.807681; 0.805529; 0.804449; 0.763096; 0.759839; 0.739072; 0.734477; 0.732154; 0.730070; 0.723857; 0.717019; 0.713660; 0.712537
2024_T17,2024,17,19,39,Peroxisome proliferator activated receptor alpha / oral glucose tolerance test,"Tópico representado principalmente por: peroxisome proliferator activated receptor alpha, oral glucose tolerance test, insulin sensitivity.",media,peroxisome_proliferator_activated_receptor_alpha; oral_glucose_tolerance_test; insulin_sensitivity; fenofibrate; pioglitazone; peroxisome_proliferator_activated_receptor_gamma; genetic_algorithm; dyslipidemia; insulin_resistance; protein_phosphorylation; lipid_storage; flavonoid; thin_layer_chromatography; carbon_nuclear_magnetic_resonance; triacylglycerol,0.907415; 0.898552; 0.885017; 0.884212; 0.850959; 0.810194; 0.809078; 0.808938; 0.780338; 0.777452; 0.773782; 0.763548; 0.761851; 0.751761; 0.751090
2024_T18,2024,18,19,70,Raman spectrometry / zinc alloy,"Tópico representado principalmente por: raman spectrometry, zinc alloy, solgel.",media,raman_spectrometry; zinc_alloy; solgel; photobiological_hydrogen_production; uv_irradiation; photocatalysts; x_ray_photoemission_spectroscopy; x__ray_diffraction; sol_gel_process; xrd; photocatalysis; irradiation; ultraviolet_radiation; oxide; co_catalyst,0.825252; 0.811832; 0.808302; 0.805627; 0.800011; 0.796140; 0.788812; 0.786793; 0.783156; 0.782817; 0.782581; 0.780080; 0.779852; 0.777678; 0.777166
2024_T19,2024,19,19,55,Multidrug resistance / bacterium isolation,"Tópico representado principalmente por: multidrug resistance, bacterium isolation, salmonella enterica serovar typhimurium.",media,multidrug_resistance; bacterium_isolation; salmonella_enterica_serovar_typhimurium; candida_albicans; antibiotic_resistance; methicillin_resistant_staphylococcus_aureus; minimum_inhibitory_concentration; bacterium_identification; microbial_sensitivity_test; protein_purification; pseudomonas_aeruginosa; gene_sequence; gentamicin; fungal_strain; antimicrobial_activity,0.888806; 0.874421; 0.814555; 0.808683; 0.797324; 0.796224; 0.791024; 0.789457; 0.787587; 0.777964; 0.751506; 0.746630; 0.734063; 0.725856; 0.719201
